{"type":"FeatureCollection","features":[{"type":"Feature","properties":{"id":"cn:11","name":"北京市","level":0},"geometry":{"type":"Polygon","coordinates":[[[115.416848,39.968446],[115.421962,39.982959],[115.426622,39.987399],[115.437361,39.993284],[115.443792,39.991697],[115.442673,40.000638],[115.435547,40.009188],[115.445555,40.019449],[115.448012,40.028363],[115.461935,40.03059],[115.477413,40.038177],[115.483628,40.046289],[115.499106,40.054431],[115.503247,40.064223],[115.521076,40.074922],[115.537735,40.07477],[115.546007,40.078164],[115.549722,40.084227],[115.54757,40.090586],[115.55145,40.09402],[115.56947,40.099934],[115.575816,40.094197],[115.584618,40.095364],[115.58631,40.109154],[115.58835,40.107951],[115.588376,40.114605],[115.59303,40.118989],[115.635677,40.114822],[115.638472,40.125577],[115.648385,40.130225],[115.651597,40.127018],[115.686076,40.131089],[115.690625,40.125634],[115.705816,40.125716],[115.69355,40.130989],[115.704375,40.133411],[115.71796,40.127609],[115.728559,40.128298],[115.747457,40.142261],[115.748021,40.14694],[115.743264,40.151771],[115.748038,40.162027],[115.761936,40.164337],[115.766763,40.174975],[115.772105,40.176656],[115.780765,40.177509],[115.780695,40.169215],[115.800365,40.152084],[115.815469,40.151655],[115.829636,40.144311],[115.828117,40.149115],[115.845842,40.14695],[115.847501,40.153073],[115.842232,40.160105],[115.844784,40.16195],[115.840669,40.162071],[115.838204,40.166494],[115.848144,40.178841],[115.841997,40.182878],[115.849089,40.187779],[115.857866,40.184792],[115.866069,40.186125],[115.871199,40.199701],[115.879203,40.205294],[115.877302,40.216017],[115.892102,40.235371],[115.905991,40.233434],[115.909905,40.244897],[115.918491,40.250665],[115.927684,40.254272],[115.936711,40.252484],[115.953977,40.255544],[115.962884,40.262809],[115.949056,40.276017],[115.944064,40.288122],[115.940107,40.287949],[115.939871,40.295101],[115.933587,40.30251],[115.937806,40.309859],[115.930583,40.312284],[115.926565,40.318539],[115.920401,40.31852],[115.916764,40.323669],[115.921226,40.328526],[115.916894,40.331829],[115.915436,40.337584],[115.918267,40.340674],[115.91232,40.352815],[115.903553,40.356543],[115.88699,40.354472],[115.870185,40.361048],[115.858388,40.358218],[115.85851,40.362801],[115.853214,40.361278],[115.852007,40.363643],[115.855897,40.364303],[115.853014,40.366638],[115.855984,40.367267],[115.852173,40.367315],[115.856209,40.368157],[115.854343,40.374546],[115.840758,40.373938],[115.835306,40.376707],[115.788623,40.426114],[115.791783,40.427612],[115.79062,40.43127],[115.783659,40.431213],[115.772963,40.441352],[115.764119,40.442876],[115.76799,40.446223],[115.765539,40.451389],[115.769147,40.456855],[115.772646,40.455335],[115.771291,40.45889],[115.774112,40.462134],[115.766144,40.460171],[115.763641,40.467846],[115.775916,40.490771],[115.758008,40.497928],[115.738397,40.497385],[115.736757,40.493657],[115.729717,40.50252],[115.742374,40.524755],[115.749309,40.529695],[115.746878,40.53742],[115.757565,40.539239],[115.763858,40.546665],[115.784361,40.559612],[115.792817,40.556383],[115.813589,40.558068],[115.821549,40.586063],[115.84004,40.591801],[115.848772,40.588927],[115.861966,40.594739],[115.879354,40.594036],[115.901776,40.616102],[115.960725,40.605021],[115.959606,40.599809],[115.965881,40.601088],[115.969588,40.587829],[115.977305,40.577473],[115.989068,40.578541],[115.990882,40.58292],[115.998781,40.582556],[116.010569,40.595886],[116.009424,40.599075],[116.019276,40.605286],[116.023747,40.603945],[116.023747,40.595924],[116.056334,40.608789],[116.066134,40.609718],[116.070283,40.618333],[116.092454,40.629002],[116.097975,40.625412],[116.115318,40.627578],[116.104181,40.645343],[116.118825,40.652509],[116.128469,40.665503],[116.158322,40.661836],[116.167402,40.687501],[116.165041,40.69444],[116.169929,40.69901],[116.17163,40.706354],[116.186039,40.723247],[116.199486,40.731524],[116.198496,40.738421],[116.211977,40.740821],[116.217142,40.752297],[116.227654,40.757596],[116.223809,40.760908],[116.225171,40.769359],[116.229469,40.773629],[116.22887,40.781615],[116.241492,40.790291],[116.252125,40.786233],[116.263436,40.77566],[116.267308,40.761394],[116.284052,40.762783],[116.288488,40.757344],[116.302715,40.750387],[116.304929,40.753569],[116.30176,40.762201],[116.306978,40.768647],[116.323262,40.772167],[116.36137,40.769224],[116.401492,40.778725],[116.407942,40.776225],[116.410138,40.767693],[116.418505,40.76577],[116.438097,40.767554],[116.447664,40.764242],[116.455416,40.768131],[116.459582,40.772905],[116.454417,40.780639],[116.455146,40.786911],[116.450945,40.79665],[116.445849,40.796404],[116.444027,40.800965],[116.434539,40.806238],[116.431066,40.818682],[116.415788,40.821177],[116.400363,40.831281],[116.395494,40.845053],[116.385416,40.853096],[116.383341,40.860062],[116.37538,40.86172],[116.360277,40.874906],[116.357837,40.880435],[116.328176,40.902931],[116.327942,40.919537],[116.335641,40.929598],[116.343827,40.934294],[116.353341,40.934511],[116.358741,40.941447],[116.363992,40.941868],[116.373575,40.933977],[116.378524,40.921056],[116.39216,40.904234],[116.398385,40.903943],[116.407351,40.897975],[116.424357,40.901668],[116.430259,40.897619],[116.444418,40.899589],[116.467933,40.894364],[116.471371,40.9007],[116.467343,40.918022],[116.460937,40.929586],[116.455347,40.930675],[116.448507,40.947745],[116.441119,40.952037],[116.44697,40.962784],[116.445347,40.967923],[116.449679,40.979333],[116.457838,40.982701],[116.469279,40.976646],[116.479383,40.980722],[116.487266,40.976208],[116.510182,40.973565],[116.513481,40.979933],[116.522144,40.980801],[116.529592,40.987086],[116.536493,40.988713],[116.549627,40.985953],[116.557361,40.992107],[116.58256,40.97551],[116.595874,40.974262],[116.608591,40.98181],[116.611291,40.996576],[116.608765,41.001341],[116.617029,41.019341],[116.616082,41.028689],[116.607688,41.035665],[116.611942,41.047487],[116.609728,41.051423],[116.618869,41.053185],[116.624902,41.059223],[116.641447,41.057804],[116.658956,41.045139],[116.667211,41.044744],[116.674962,41.040135],[116.683252,41.042922],[116.686143,41.039153],[116.692697,41.019163],[116.684007,41.010234],[116.68485,41.005616],[116.676994,40.998876],[116.676481,40.984418],[116.679225,40.98105],[116.671863,40.974396],[116.67162,40.969878],[116.680839,40.961627],[116.683286,40.949227],[116.695856,40.939605],[116.696662,40.934921],[116.706125,40.933216],[116.70774,40.927812],[116.716255,40.925672],[116.710951,40.920095],[116.707271,40.908724],[116.717505,40.904709],[116.724258,40.896167],[116.753052,40.888645],[116.753338,40.879864],[116.763112,40.881392],[116.766141,40.876939],[116.773355,40.875533],[116.790334,40.86081],[116.790378,40.854053],[116.796228,40.849656],[116.795421,40.843679],[116.798477,40.839404],[116.807096,40.846796],[116.814587,40.84677],[116.819874,40.839721],[116.842096,40.837872],[116.851809,40.832299],[116.855116,40.824104],[116.870125,40.819812],[116.876124,40.812806],[116.874161,40.802994],[116.890655,40.795086],[116.889265,40.781014],[116.885316,40.782446],[116.886418,40.778987],[116.892564,40.775406],[116.919039,40.771561],[116.916514,40.767425],[116.922008,40.755202],[116.916991,40.750757],[116.920497,40.743575],[116.934621,40.738457],[116.936617,40.728539],[116.956964,40.71719],[116.960836,40.713166],[116.958961,40.708236],[116.963448,40.705002],[116.981929,40.701747],[116.999708,40.693123],[117.012555,40.694563],[117.024611,40.69061],[117.037989,40.698791],[117.070202,40.698404],[117.104012,40.706586],[117.110341,40.698526],[117.122154,40.699277],[117.131599,40.695535],[117.142137,40.697375],[117.152553,40.694671],[117.157909,40.698074],[117.17067,40.691793],[117.176946,40.696073],[117.200617,40.693499],[117.226399,40.682315],[117.235158,40.67521],[117.254923,40.679697],[117.271468,40.66698],[117.27211,40.663017],[117.279741,40.659476],[117.311364,40.656259],[117.330088,40.661741],[117.336008,40.672079],[117.353056,40.672336],[117.364758,40.678338],[117.372032,40.67731],[117.380244,40.682543],[117.402458,40.685643],[117.419672,40.683661],[117.425948,40.679997],[117.430583,40.681968],[117.435479,40.674997],[117.447094,40.676134],[117.460679,40.671685],[117.475757,40.677497],[117.489238,40.672722],[117.508074,40.659098],[117.506677,40.653912],[117.496261,40.651629],[117.498552,40.645175],[117.494385,40.640796],[117.493864,40.634758],[117.471833,40.633591],[117.469038,40.642813],[117.460982,40.648685],[117.457354,40.647127],[117.455306,40.651512],[117.44218,40.649893],[117.449758,40.647588],[117.444724,40.644992],[117.447301,40.640964],[117.441512,40.626238],[117.424801,40.624002],[117.421455,40.636356],[117.413163,40.635196],[117.413566,40.627894],[117.417947,40.621672],[117.405973,40.603532],[117.415018,40.591974],[117.416449,40.579869],[117.423048,40.577726],[117.42323,40.574562],[117.415,40.56779],[117.396831,40.572678],[117.380911,40.559222],[117.371154,40.562065],[117.35921,40.574423],[117.346345,40.577313],[117.343534,40.580677],[117.323256,40.574162],[117.305278,40.57658],[117.29303,40.565386],[117.279662,40.563949],[117.272769,40.55895],[117.262995,40.559063],[117.24309,40.546814],[117.244349,40.540876],[117.240964,40.538872],[117.257656,40.515907],[117.256441,40.511615],[117.249114,40.513572],[117.240685,40.510426],[117.232829,40.515378],[117.223793,40.50974],[117.212258,40.51296],[117.207048,40.510833],[117.207986,40.505542],[117.202014,40.499548],[117.202483,40.495586],[117.21099,40.493603],[117.221849,40.480265],[117.219236,40.475004],[117.221728,40.47151],[117.230712,40.467808],[117.226762,40.461862],[117.228915,40.456124],[117.236858,40.454093],[117.245833,40.449028],[117.246423,40.444535],[117.257603,40.440142],[117.227638,40.415832],[117.231173,40.405891],[117.229958,40.399945],[117.234263,40.393109],[117.221407,40.384346],[117.217857,40.369611],[117.236321,40.368499],[117.243422,40.35741],[117.24777,40.356268],[117.250435,40.340678],[117.254834,40.337782],[117.253516,40.33474],[117.26843,40.331312],[117.264845,40.323994],[117.267909,40.307262],[117.286841,40.295439],[117.286077,40.282852],[117.288994,40.276936],[117.307492,40.278712],[117.31027,40.283773],[117.317179,40.283199],[117.325175,40.288299],[117.330912,40.262283],[117.335608,40.255126],[117.333282,40.244822],[117.338864,40.233564],[117.344992,40.22806],[117.363117,40.232127],[117.386511,40.223855],[117.385321,40.219205],[117.370851,40.217084],[117.371875,40.208637],[117.386588,40.202435],[117.376064,40.200338],[117.37566,40.203133],[117.372891,40.197496],[117.37487,40.193373],[117.37889,40.193035],[117.37717,40.186536],[117.384132,40.189289],[117.386355,40.187491],[117.391007,40.191472],[117.40099,40.186051],[117.398039,40.181793],[117.384723,40.176702],[117.386493,40.173464],[117.373716,40.175499],[117.375061,40.171011],[117.369627,40.17523],[117.359974,40.170864],[117.357578,40.175434],[117.355243,40.170261],[117.345078,40.171801],[117.353993,40.155569],[117.343768,40.147235],[117.348664,40.147205],[117.343915,40.143441],[117.350269,40.143654],[117.349731,40.139522],[117.340747,40.134223],[117.324106,40.132274],[117.316745,40.139383],[117.305217,40.138142],[117.291363,40.117856],[117.276858,40.119253],[117.26901,40.112209],[117.267943,40.104553],[117.260417,40.110925],[117.246876,40.114515],[117.23323,40.111506],[117.218004,40.097348],[117.218091,40.09339],[117.204757,40.095295],[117.204644,40.089379],[117.208968,40.084006],[117.197474,40.077964],[117.201198,40.073277],[117.192751,40.065963],[117.185226,40.071888],[117.183942,40.08108],[117.179054,40.083685],[117.17507,40.078763],[117.179896,40.074128],[117.173776,40.068168],[117.14987,40.077291],[117.153663,40.074418],[117.14974,40.06796],[117.132683,40.062648],[117.121919,40.064166],[117.11296,40.071003],[117.0956,40.07142],[117.09737,40.074154],[117.094688,40.074853],[117.079081,40.073707],[117.076363,40.063763],[117.074532,40.067401],[117.063151,40.066164],[117.064141,40.062777],[117.045585,40.058015],[117.047127,40.051663],[117.032249,40.048039],[117.020703,40.037526],[117.022171,40.032656],[117.017483,40.032427],[117.01862,40.028893],[117.015452,40.028351],[117.014583,40.031167],[117.011267,40.029223],[117.007795,40.031623],[116.994453,40.028694],[116.980035,40.0376],[116.965061,40.034883],[116.962752,40.037544],[116.966311,40.043381],[116.955869,40.050248],[116.939262,40.040334],[116.939002,40.047556],[116.938481,40.043238],[116.937179,40.047483],[116.932856,40.044918],[116.930243,40.048229],[116.93283,40.049809],[116.92572,40.050959],[116.924444,40.054267],[116.922136,40.053867],[116.922917,40.050126],[116.920599,40.051932],[116.918203,40.04641],[116.912022,40.043655],[116.90829,40.051541],[116.902544,40.051788],[116.895634,40.046385],[116.885955,40.043572],[116.874801,40.045104],[116.864723,40.039974],[116.84421,40.053862],[116.843498,40.05082],[116.825469,40.050057],[116.825704,40.04734],[116.816702,40.045308],[116.81395,40.027183],[116.805669,40.031133],[116.7973,40.030963],[116.794184,40.027652],[116.780165,40.033811],[116.77171,40.031223],[116.764366,40.010403],[116.769661,40.001715],[116.769271,39.991532],[116.751111,39.962057],[116.753425,39.957357],[116.762449,39.953579],[116.767094,39.953657],[116.767291,39.959667],[116.781163,39.93665],[116.777239,39.934822],[116.776084,39.909205],[116.781004,39.885624],[116.798089,39.876749],[116.798203,39.883689],[116.802196,39.883732],[116.802256,39.88845],[116.806258,39.888537],[116.807083,39.880129],[116.819114,39.877534],[116.830902,39.863611],[116.83342,39.864656],[116.841266,39.857516],[116.84658,39.857956],[116.851224,39.847794],[116.86598,39.840877],[116.877717,39.844461],[116.894331,39.830554],[116.901527,39.831631],[116.896901,39.847209],[116.904453,39.849557],[116.91151,39.845867],[116.919956,39.834353],[116.922534,39.812031],[116.936397,39.802395],[116.928853,39.80009],[116.930329,39.79404],[116.944842,39.790446],[116.947594,39.786484],[116.942022,39.784292],[116.943749,39.777473],[116.941148,39.776398],[116.933315,39.780294],[116.915798,39.779583],[116.910581,39.77489],[116.91499,39.768129],[116.908098,39.764495],[116.909522,39.76184],[116.904695,39.76124],[116.902377,39.765676],[116.895911,39.762586],[116.896501,39.758089],[116.893628,39.75769],[116.895642,39.754174],[116.901344,39.754917],[116.90854,39.740725],[116.904765,39.739913],[116.905164,39.736948],[116.910441,39.734843],[116.910806,39.730368],[116.881683,39.724473],[116.876853,39.717568],[116.881442,39.713038],[116.880737,39.700789],[116.887608,39.694753],[116.882082,39.689626],[116.884009,39.686627],[116.898813,39.688761],[116.903122,39.681834],[116.899304,39.680633],[116.900757,39.676399],[116.889824,39.672466],[116.877328,39.674323],[116.867261,39.670337],[116.868827,39.667338],[116.865308,39.669975],[116.844003,39.666469],[116.84531,39.651268],[116.834927,39.647951],[116.834799,39.643149],[116.828905,39.644073],[116.828583,39.640741],[116.820911,39.637092],[116.823202,39.634395],[116.82038,39.632008],[116.832482,39.621129],[116.828158,39.620384],[116.829433,39.615906],[116.819061,39.612763],[116.81354,39.617867],[116.783982,39.609364],[116.786812,39.600992],[116.78334,39.601418],[116.784676,39.594873],[116.779425,39.595033],[116.779025,39.59232],[116.77216,39.592199],[116.768149,39.60426],[116.748505,39.616839],[116.738783,39.618141],[116.731838,39.614191],[116.719399,39.622971],[116.704078,39.616908],[116.694634,39.619877],[116.696612,39.609283],[116.707984,39.601721],[116.712003,39.602108],[116.718704,39.594038],[116.72031,39.596639],[116.721048,39.591877],[116.717532,39.593883],[116.717906,39.590918],[116.704598,39.586808],[116.696734,39.58791],[116.687662,39.600337],[116.676898,39.597298],[116.659234,39.604321],[116.648548,39.59854],[116.644486,39.598891],[116.643791,39.602755],[116.643713,39.598809],[116.640727,39.598084],[116.636526,39.603648],[116.632576,39.603904],[116.629806,39.6038],[116.629624,39.598909],[116.614755,39.600662],[116.610901,39.61308],[116.607428,39.612789],[116.606004,39.617871],[116.602038,39.618692],[116.602141,39.623696],[116.596421,39.623531],[116.594373,39.618648],[116.589564,39.617042],[116.586917,39.620558],[116.583763,39.618425],[116.577132,39.622101],[116.579831,39.622662],[116.573442,39.622467],[116.573624,39.618639],[116.560143,39.618742],[116.563859,39.610726],[116.560318,39.610097],[116.561246,39.604298],[116.556425,39.600779],[116.539961,39.594671],[116.537097,39.602302],[116.535968,39.592397],[116.524735,39.597653],[116.518546,39.595414],[116.515352,39.589098],[116.516819,39.581998],[116.513789,39.580592],[116.514479,39.576016],[116.520251,39.576158],[116.521467,39.572079],[116.51447,39.570776],[116.513472,39.565352],[116.505616,39.56434],[116.5021,39.559083],[116.5025,39.549891],[116.487587,39.548415],[116.483741,39.549041],[116.483446,39.552248],[116.464853,39.553328],[116.471685,39.541892],[116.471387,39.53347],[116.462861,39.533104],[116.458481,39.530343],[116.458446,39.52635],[116.431341,39.525184],[116.437673,39.508568],[116.426839,39.506102],[116.42552,39.509205],[116.418446,39.508398],[116.418906,39.51684],[116.415277,39.523767],[116.395512,39.526327],[116.396623,39.513047],[116.402378,39.506671],[116.412544,39.505052],[116.416718,39.495269],[116.411736,39.494644],[116.406177,39.480738],[116.421139,39.486452],[116.423785,39.480004],[116.419228,39.478963],[116.422161,39.474904],[116.430087,39.481601],[116.437994,39.480894],[116.437647,39.476641],[116.440842,39.477986],[116.442622,39.474991],[116.442508,39.463832],[116.447856,39.456237],[116.449967,39.457662],[116.444218,39.447243],[116.431076,39.444652],[116.428229,39.441454],[116.418567,39.445828],[116.385715,39.451584],[116.381599,39.449214],[116.361649,39.450347],[116.356831,39.454375],[116.345017,39.454271],[116.344054,39.451645],[116.330582,39.454852],[116.314502,39.466734],[116.313891,39.472218],[116.308133,39.475474],[116.299609,39.488311],[116.277208,39.492784],[116.274044,39.489947],[116.269641,39.494036],[116.251959,39.499373],[116.249245,39.507278],[116.238645,39.516376],[116.240787,39.518825],[116.237535,39.523069],[116.242363,39.528548],[116.23962,39.528975],[116.23757,39.547951],[116.239722,39.549293],[116.236501,39.551801],[116.240191,39.555994],[116.234652,39.562917],[116.228672,39.56276],[116.23046,39.567213],[116.221854,39.564877],[116.215147,39.577734],[116.202058,39.57651],[116.200178,39.582007],[116.197123,39.58255],[116.197982,39.587584],[116.193252,39.585122],[116.192826,39.587957],[116.190317,39.584854],[116.190778,39.587749],[116.184475,39.586134],[116.184675,39.588183],[116.174562,39.589381],[116.170263,39.588716],[116.170233,39.584627],[116.154432,39.581837],[116.147922,39.584711],[116.143402,39.571766],[116.140494,39.570617],[116.139577,39.574112],[116.137303,39.569533],[116.124123,39.566406],[116.11526,39.56921],[116.115191,39.573576],[116.10751,39.569317],[116.099763,39.569637],[116.09975,39.574798],[116.095085,39.578701],[116.095729,39.574782],[116.092786,39.573819],[116.029097,39.570568],[116.018619,39.574384],[116.020066,39.586178],[116.010265,39.586933],[116.001518,39.576037],[115.989141,39.575937],[115.990891,39.582068],[115.984675,39.585349],[115.984959,39.592661],[115.972445,39.594598],[115.970382,39.574896],[115.973263,39.571337],[115.96967,39.571783],[115.968741,39.56852],[115.962942,39.56993],[115.961624,39.563546],[115.957456,39.564449],[115.951606,39.559887],[115.949053,39.565069],[115.944488,39.565343],[115.943229,39.572274],[115.93204,39.576471],[115.924311,39.592384],[115.904293,39.599846],[115.900899,39.589034],[115.903765,39.587306],[115.902844,39.583044],[115.909737,39.582076],[115.905764,39.568516],[115.900347,39.567517],[115.901962,39.565898],[115.896215,39.566415],[115.895139,39.569319],[115.884531,39.567621],[115.887153,39.555243],[115.88125,39.555212],[115.881771,39.549683],[115.86039,39.545351],[115.860078,39.548841],[115.85605,39.547534],[115.849505,39.553963],[115.845373,39.549418],[115.840867,39.550212],[115.840026,39.542252],[115.822639,39.540238],[115.822335,39.534393],[115.813142,39.529674],[115.813638,39.522091],[115.818038,39.521328],[115.818367,39.517695],[115.81368,39.517452],[115.817491,39.511063],[115.823429,39.511818],[115.82263,39.505989],[115.798793,39.510365],[115.802335,39.508646],[115.801692,39.506719],[115.799913,39.508967],[115.780338,39.508902],[115.761232,39.514726],[115.764644,39.509826],[115.762882,39.50776],[115.759132,39.513711],[115.748915,39.514257],[115.745876,39.510581],[115.735694,39.535169],[115.731009,39.538333],[115.732326,39.545177],[115.720581,39.547],[115.720754,39.542764],[115.715329,39.542365],[115.716519,39.551188],[115.712326,39.552677],[115.712169,39.559912],[115.685937,39.564696],[115.688333,39.569123],[115.69309,39.568698],[115.692977,39.576701],[115.687289,39.57923],[115.688557,39.585172],[115.683131,39.591855],[115.683157,39.59795],[115.664911,39.609104],[115.661073,39.614516],[115.659477,39.604642],[115.651204,39.599047],[115.638165,39.597767],[115.635778,39.602207],[115.631204,39.603231],[115.628122,39.602524],[115.626525,39.596699],[115.612419,39.603079],[115.602012,39.599151],[115.594442,39.600158],[115.580579,39.588587],[115.573843,39.588504],[115.565804,39.590571],[115.568053,39.595393],[115.539112,39.617588],[115.527836,39.612124],[115.524415,39.601777],[115.512081,39.596026],[115.512602,39.591951],[115.508748,39.590367],[115.506186,39.608679],[115.517194,39.619265],[115.514182,39.627337],[115.51623,39.638843],[115.505241,39.643232],[115.500423,39.650957],[115.49045,39.651348],[115.487264,39.64768],[115.471795,39.651057],[115.476221,39.661786],[115.485172,39.667872],[115.480275,39.672355],[115.482425,39.680396],[115.4935,39.689179],[115.491187,39.691887],[115.49284,39.695195],[115.483705,39.700558],[115.487055,39.70706],[115.481812,39.7288],[115.486084,39.737481],[115.475563,39.741253],[115.460883,39.73891],[115.446188,39.747425],[115.433375,39.750746],[115.427889,39.762495],[115.428887,39.768575],[115.424391,39.770715],[115.42071,39.768237],[115.418669,39.772315],[115.424642,39.774395],[115.42729,39.780784],[115.436978,39.784348],[115.452064,39.781118],[115.476847,39.797421],[115.486014,39.79483],[115.500815,39.782478],[115.508462,39.787855],[115.537854,39.794599],[115.546084,39.793636],[115.560685,39.803736],[115.56321,39.812755],[115.529478,39.82953],[115.524278,39.828796],[115.520285,39.834105],[115.508037,39.836548],[115.504573,39.843775],[115.510181,39.847013],[115.516232,39.857829],[115.515572,39.866865],[115.521405,39.86897],[115.522977,39.874821],[115.504409,39.879808],[115.502725,39.882981],[115.515703,39.899574],[115.500589,39.912682],[115.480694,39.922699],[115.47427,39.93457],[115.457013,39.939135],[115.436666,39.950542],[115.419601,39.948976],[115.417177,39.954323],[115.420355,39.963928],[115.416848,39.968446]]]}},{"type":"Feature","properties":{"id":"cn:1101","name":"北京市","level":1},"geometry":{"type":"Polygon","coordinates":[[[115.416848,39.968446],[115.421962,39.982959],[115.426622,39.987399],[115.437361,39.993284],[115.443792,39.991697],[115.442673,40.000638],[115.435547,40.009188],[115.445555,40.019449],[115.448012,40.028363],[115.461935,40.03059],[115.477413,40.038177],[115.483628,40.046289],[115.499106,40.054431],[115.503247,40.064223],[115.521076,40.074922],[115.537735,40.07477],[115.546007,40.078164],[115.549722,40.084227],[115.54757,40.090586],[115.55145,40.09402],[115.56947,40.099934],[115.575816,40.094197],[115.584618,40.095364],[115.58631,40.109154],[115.58835,40.107951],[115.588376,40.114605],[115.59303,40.118989],[115.635677,40.114822],[115.638472,40.125577],[115.648385,40.130225],[115.651597,40.127018],[115.686076,40.131089],[115.690625,40.125634],[115.705816,40.125716],[115.69355,40.130989],[115.704375,40.133411],[115.71796,40.127609],[115.728559,40.128298],[115.747457,40.142261],[115.748021,40.14694],[115.743264,40.151771],[115.748038,40.162027],[115.761936,40.164337],[115.766763,40.174975],[115.772105,40.176656],[115.780765,40.177509],[115.780695,40.169215],[115.800365,40.152084],[115.815469,40.151655],[115.829636,40.144311],[115.828117,40.149115],[115.845842,40.14695],[115.847501,40.153073],[115.842232,40.160105],[115.844784,40.16195],[115.840669,40.162071],[115.838204,40.166494],[115.848144,40.178841],[115.841997,40.182878],[115.849089,40.187779],[115.857866,40.184792],[115.866069,40.186125],[115.871199,40.199701],[115.879203,40.205294],[115.877302,40.216017],[115.892102,40.235371],[115.905991,40.233434],[115.909905,40.244897],[115.918491,40.250665],[115.927684,40.254272],[115.936711,40.252484],[115.953977,40.255544],[115.962884,40.262809],[115.949056,40.276017],[115.944064,40.288122],[115.940107,40.287949],[115.939871,40.295101],[115.933587,40.30251],[115.937806,40.309859],[115.930583,40.312284],[115.926565,40.318539],[115.920401,40.31852],[115.916764,40.323669],[115.921226,40.328526],[115.916894,40.331829],[115.915436,40.337584],[115.918267,40.340674],[115.91232,40.352815],[115.903553,40.356543],[115.88699,40.354472],[115.870185,40.361048],[115.858388,40.358218],[115.85851,40.362801],[115.853214,40.361278],[115.852007,40.363643],[115.855897,40.364303],[115.853014,40.366638],[115.855984,40.367267],[115.852173,40.367315],[115.856209,40.368157],[115.854343,40.374546],[115.840758,40.373938],[115.835306,40.376707],[115.788623,40.426114],[115.791783,40.427612],[115.79062,40.43127],[115.783659,40.431213],[115.772963,40.441352],[115.764119,40.442876],[115.76799,40.446223],[115.765539,40.451389],[115.769147,40.456855],[115.772646,40.455335],[115.771291,40.45889],[115.774112,40.462134],[115.766144,40.460171],[115.763641,40.467846],[115.775916,40.490771],[115.758008,40.497928],[115.738397,40.497385],[115.736757,40.493657],[115.729717,40.50252],[115.742374,40.524755],[115.749309,40.529695],[115.746878,40.53742],[115.757565,40.539239],[115.763858,40.546665],[115.784361,40.559612],[115.792817,40.556383],[115.813589,40.558068],[115.821549,40.586063],[115.84004,40.591801],[115.848772,40.588927],[115.861966,40.594739],[115.879354,40.594036],[115.901776,40.616102],[115.960725,40.605021],[115.959606,40.599809],[115.965881,40.601088],[115.969588,40.587829],[115.977305,40.577473],[115.989068,40.578541],[115.990882,40.58292],[115.998781,40.582556],[116.010569,40.595886],[116.009424,40.599075],[116.019276,40.605286],[116.023747,40.603945],[116.023747,40.595924],[116.056334,40.608789],[116.066134,40.609718],[116.070283,40.618333],[116.092454,40.629002],[116.097975,40.625412],[116.115318,40.627578],[116.104181,40.645343],[116.118825,40.652509],[116.128469,40.665503],[116.158322,40.661836],[116.167402,40.687501],[116.165041,40.69444],[116.169929,40.69901],[116.17163,40.706354],[116.186039,40.723247],[116.199486,40.731524],[116.198496,40.738421],[116.211977,40.740821],[116.217142,40.752297],[116.227654,40.757596],[116.223809,40.760908],[116.225171,40.769359],[116.229469,40.773629],[116.22887,40.781615],[116.241492,40.790291],[116.252125,40.786233],[116.263436,40.77566],[116.267308,40.761394],[116.284052,40.762783],[116.288488,40.757344],[116.302715,40.750387],[116.304929,40.753569],[116.30176,40.762201],[116.306978,40.768647],[116.323262,40.772167],[116.36137,40.769224],[116.401492,40.778725],[116.407942,40.776225],[116.410138,40.767693],[116.418505,40.76577],[116.438097,40.767554],[116.447664,40.764242],[116.455416,40.768131],[116.459582,40.772905],[116.454417,40.780639],[116.455146,40.786911],[116.450945,40.79665],[116.445849,40.796404],[116.444027,40.800965],[116.434539,40.806238],[116.431066,40.818682],[116.415788,40.821177],[116.400363,40.831281],[116.395494,40.845053],[116.385416,40.853096],[116.383341,40.860062],[116.37538,40.86172],[116.360277,40.874906],[116.357837,40.880435],[116.328176,40.902931],[116.327942,40.919537],[116.335641,40.929598],[116.343827,40.934294],[116.353341,40.934511],[116.358741,40.941447],[116.363992,40.941868],[116.373575,40.933977],[116.378524,40.921056],[116.39216,40.904234],[116.398385,40.903943],[116.407351,40.897975],[116.424357,40.901668],[116.430259,40.897619],[116.444418,40.899589],[116.467933,40.894364],[116.471371,40.9007],[116.467343,40.918022],[116.460937,40.929586],[116.455347,40.930675],[116.448507,40.947745],[116.441119,40.952037],[116.44697,40.962784],[116.445347,40.967923],[116.449679,40.979333],[116.457838,40.982701],[116.469279,40.976646],[116.479383,40.980722],[116.487266,40.976208],[116.510182,40.973565],[116.513481,40.979933],[116.522144,40.980801],[116.529592,40.987086],[116.536493,40.988713],[116.549627,40.985953],[116.557361,40.992107],[116.58256,40.97551],[116.595874,40.974262],[116.608591,40.98181],[116.611291,40.996576],[116.608765,41.001341],[116.617029,41.019341],[116.616082,41.028689],[116.607688,41.035665],[116.611942,41.047487],[116.609728,41.051423],[116.618869,41.053185],[116.624902,41.059223],[116.641447,41.057804],[116.658956,41.045139],[116.667211,41.044744],[116.674962,41.040135],[116.683252,41.042922],[116.686143,41.039153],[116.692697,41.019163],[116.684007,41.010234],[116.68485,41.005616],[116.676994,40.998876],[116.676481,40.984418],[116.679225,40.98105],[116.671863,40.974396],[116.67162,40.969878],[116.680839,40.961627],[116.683286,40.949227],[116.695856,40.939605],[116.696662,40.934921],[116.706125,40.933216],[116.70774,40.927812],[116.716255,40.925672],[116.710951,40.920095],[116.707271,40.908724],[116.717505,40.904709],[116.724258,40.896167],[116.753052,40.888645],[116.753338,40.879864],[116.763112,40.881392],[116.766141,40.876939],[116.773355,40.875533],[116.790334,40.86081],[116.790378,40.854053],[116.796228,40.849656],[116.795421,40.843679],[116.798477,40.839404],[116.807096,40.846796],[116.814587,40.84677],[116.819874,40.839721],[116.842096,40.837872],[116.851809,40.832299],[116.855116,40.824104],[116.870125,40.819812],[116.876124,40.812806],[116.874161,40.802994],[116.890655,40.795086],[116.889265,40.781014],[116.885316,40.782446],[116.886418,40.778987],[116.892564,40.775406],[116.919039,40.771561],[116.916514,40.767425],[116.922008,40.755202],[116.916991,40.750757],[116.920497,40.743575],[116.934621,40.738457],[116.936617,40.728539],[116.956964,40.71719],[116.960836,40.713166],[116.958961,40.708236],[116.963448,40.705002],[116.981929,40.701747],[116.999708,40.693123],[117.012555,40.694563],[117.024611,40.69061],[117.037989,40.698791],[117.070202,40.698404],[117.104012,40.706586],[117.110341,40.698526],[117.122154,40.699277],[117.131599,40.695535],[117.142137,40.697375],[117.152553,40.694671],[117.157909,40.698074],[117.17067,40.691793],[117.176946,40.696073],[117.200617,40.693499],[117.226399,40.682315],[117.235158,40.67521],[117.254923,40.679697],[117.271468,40.66698],[117.27211,40.663017],[117.279741,40.659476],[117.311364,40.656259],[117.330088,40.661741],[117.336008,40.672079],[117.353056,40.672336],[117.364758,40.678338],[117.372032,40.67731],[117.380244,40.682543],[117.402458,40.685643],[117.419672,40.683661],[117.425948,40.679997],[117.430583,40.681968],[117.435479,40.674997],[117.447094,40.676134],[117.460679,40.671685],[117.475757,40.677497],[117.489238,40.672722],[117.508074,40.659098],[117.506677,40.653912],[117.496261,40.651629],[117.498552,40.645175],[117.494385,40.640796],[117.493864,40.634758],[117.471833,40.633591],[117.469038,40.642813],[117.460982,40.648685],[117.457354,40.647127],[117.455306,40.651512],[117.44218,40.649893],[117.449758,40.647588],[117.444724,40.644992],[117.447301,40.640964],[117.441512,40.626238],[117.424801,40.624002],[117.421455,40.636356],[117.413163,40.635196],[117.413566,40.627894],[117.417947,40.621672],[117.405973,40.603532],[117.415018,40.591974],[117.416449,40.579869],[117.423048,40.577726],[117.42323,40.574562],[117.415,40.56779],[117.396831,40.572678],[117.380911,40.559222],[117.371154,40.562065],[117.35921,40.574423],[117.346345,40.577313],[117.343534,40.580677],[117.323256,40.574162],[117.305278,40.57658],[117.29303,40.565386],[117.279662,40.563949],[117.272769,40.55895],[117.262995,40.559063],[117.24309,40.546814],[117.244349,40.540876],[117.240964,40.538872],[117.257656,40.515907],[117.256441,40.511615],[117.249114,40.513572],[117.240685,40.510426],[117.232829,40.515378],[117.223793,40.50974],[117.212258,40.51296],[117.207048,40.510833],[117.207986,40.505542],[117.202014,40.499548],[117.202483,40.495586],[117.21099,40.493603],[117.221849,40.480265],[117.219236,40.475004],[117.221728,40.47151],[117.230712,40.467808],[117.226762,40.461862],[117.228915,40.456124],[117.236858,40.454093],[117.245833,40.449028],[117.246423,40.444535],[117.257603,40.440142],[117.227638,40.415832],[117.231173,40.405891],[117.229958,40.399945],[117.234263,40.393109],[117.221407,40.384346],[117.217857,40.369611],[117.236321,40.368499],[117.243422,40.35741],[117.24777,40.356268],[117.250435,40.340678],[117.254834,40.337782],[117.253516,40.33474],[117.26843,40.331312],[117.264845,40.323994],[117.267909,40.307262],[117.286841,40.295439],[117.286077,40.282852],[117.288994,40.276936],[117.307492,40.278712],[117.31027,40.283773],[117.317179,40.283199],[117.325175,40.288299],[117.330912,40.262283],[117.335608,40.255126],[117.333282,40.244822],[117.338864,40.233564],[117.344992,40.22806],[117.363117,40.232127],[117.386511,40.223855],[117.385321,40.219205],[117.370851,40.217084],[117.371875,40.208637],[117.386588,40.202435],[117.376064,40.200338],[117.37566,40.203133],[117.372891,40.197496],[117.37487,40.193373],[117.37889,40.193035],[117.37717,40.186536],[117.384132,40.189289],[117.386355,40.187491],[117.391007,40.191472],[117.40099,40.186051],[117.398039,40.181793],[117.384723,40.176702],[117.386493,40.173464],[117.373716,40.175499],[117.375061,40.171011],[117.369627,40.17523],[117.359974,40.170864],[117.357578,40.175434],[117.355243,40.170261],[117.345078,40.171801],[117.353993,40.155569],[117.343768,40.147235],[117.348664,40.147205],[117.343915,40.143441],[117.350269,40.143654],[117.349731,40.139522],[117.340747,40.134223],[117.324106,40.132274],[117.316745,40.139383],[117.305217,40.138142],[117.291363,40.117856],[117.276858,40.119253],[117.26901,40.112209],[117.267943,40.104553],[117.260417,40.110925],[117.246876,40.114515],[117.23323,40.111506],[117.218004,40.097348],[117.218091,40.09339],[117.204757,40.095295],[117.204644,40.089379],[117.208968,40.084006],[117.197474,40.077964],[117.201198,40.073277],[117.192751,40.065963],[117.185226,40.071888],[117.183942,40.08108],[117.179054,40.083685],[117.17507,40.078763],[117.179896,40.074128],[117.173776,40.068168],[117.14987,40.077291],[117.153663,40.074418],[117.14974,40.06796],[117.132683,40.062648],[117.121919,40.064166],[117.11296,40.071003],[117.0956,40.07142],[117.09737,40.074154],[117.094688,40.074853],[117.079081,40.073707],[117.076363,40.063763],[117.074532,40.067401],[117.063151,40.066164],[117.064141,40.062777],[117.045585,40.058015],[117.047127,40.051663],[117.032249,40.048039],[117.020703,40.037526],[117.022171,40.032656],[117.017483,40.032427],[117.01862,40.028893],[117.015452,40.028351],[117.014583,40.031167],[117.011267,40.029223],[117.007795,40.031623],[116.994453,40.028694],[116.980035,40.0376],[116.965061,40.034883],[116.962752,40.037544],[116.966311,40.043381],[116.955869,40.050248],[116.939262,40.040334],[116.939002,40.047556],[116.938481,40.043238],[116.937179,40.047483],[116.932856,40.044918],[116.930243,40.048229],[116.93283,40.049809],[116.92572,40.050959],[116.924444,40.054267],[116.922136,40.053867],[116.922917,40.050126],[116.920599,40.051932],[116.918203,40.04641],[116.912022,40.043655],[116.90829,40.051541],[116.902544,40.051788],[116.895634,40.046385],[116.885955,40.043572],[116.874801,40.045104],[116.864723,40.039974],[116.84421,40.053862],[116.843498,40.05082],[116.825469,40.050057],[116.825704,40.04734],[116.816702,40.045308],[116.81395,40.027183],[116.805669,40.031133],[116.7973,40.030963],[116.794184,40.027652],[116.780165,40.033811],[116.77171,40.031223],[116.764366,40.010403],[116.769661,40.001715],[116.769271,39.991532],[116.751111,39.962057],[116.753425,39.957357],[116.762449,39.953579],[116.767094,39.953657],[116.767291,39.959667],[116.781163,39.93665],[116.777239,39.934822],[116.776084,39.909205],[116.781004,39.885624],[116.798089,39.876749],[116.798203,39.883689],[116.802196,39.883732],[116.802256,39.88845],[116.806258,39.888537],[116.807083,39.880129],[116.819114,39.877534],[116.830902,39.863611],[116.83342,39.864656],[116.841266,39.857516],[116.84658,39.857956],[116.851224,39.847794],[116.86598,39.840877],[116.877717,39.844461],[116.894331,39.830554],[116.901527,39.831631],[116.896901,39.847209],[116.904453,39.849557],[116.91151,39.845867],[116.919956,39.834353],[116.922534,39.812031],[116.936397,39.802395],[116.928853,39.80009],[116.930329,39.79404],[116.944842,39.790446],[116.947594,39.786484],[116.942022,39.784292],[116.943749,39.777473],[116.941148,39.776398],[116.933315,39.780294],[116.915798,39.779583],[116.910581,39.77489],[116.91499,39.768129],[116.908098,39.764495],[116.909522,39.76184],[116.904695,39.76124],[116.902377,39.765676],[116.895911,39.762586],[116.896501,39.758089],[116.893628,39.75769],[116.895642,39.754174],[116.901344,39.754917],[116.90854,39.740725],[116.904765,39.739913],[116.905164,39.736948],[116.910441,39.734843],[116.910806,39.730368],[116.881683,39.724473],[116.876853,39.717568],[116.881442,39.713038],[116.880737,39.700789],[116.887608,39.694753],[116.882082,39.689626],[116.884009,39.686627],[116.898813,39.688761],[116.903122,39.681834],[116.899304,39.680633],[116.900757,39.676399],[116.889824,39.672466],[116.877328,39.674323],[116.867261,39.670337],[116.868827,39.667338],[116.865308,39.669975],[116.844003,39.666469],[116.84531,39.651268],[116.834927,39.647951],[116.834799,39.643149],[116.828905,39.644073],[116.828583,39.640741],[116.820911,39.637092],[116.823202,39.634395],[116.82038,39.632008],[116.832482,39.621129],[116.828158,39.620384],[116.829433,39.615906],[116.819061,39.612763],[116.81354,39.617867],[116.783982,39.609364],[116.786812,39.600992],[116.78334,39.601418],[116.784676,39.594873],[116.779425,39.595033],[116.779025,39.59232],[116.77216,39.592199],[116.768149,39.60426],[116.748505,39.616839],[116.738783,39.618141],[116.731838,39.614191],[116.719399,39.622971],[116.704078,39.616908],[116.694634,39.619877],[116.696612,39.609283],[116.707984,39.601721],[116.712003,39.602108],[116.718704,39.594038],[116.72031,39.596639],[116.721048,39.591877],[116.717532,39.593883],[116.717906,39.590918],[116.704598,39.586808],[116.696734,39.58791],[116.687662,39.600337],[116.676898,39.597298],[116.659234,39.604321],[116.648548,39.59854],[116.644486,39.598891],[116.643791,39.602755],[116.643713,39.598809],[116.640727,39.598084],[116.636526,39.603648],[116.632576,39.603904],[116.629806,39.6038],[116.629624,39.598909],[116.614755,39.600662],[116.610901,39.61308],[116.607428,39.612789],[116.606004,39.617871],[116.602038,39.618692],[116.602141,39.623696],[116.596421,39.623531],[116.594373,39.618648],[116.589564,39.617042],[116.586917,39.620558],[116.583763,39.618425],[116.577132,39.622101],[116.579831,39.622662],[116.573442,39.622467],[116.573624,39.618639],[116.560143,39.618742],[116.563859,39.610726],[116.560318,39.610097],[116.561246,39.604298],[116.556425,39.600779],[116.539961,39.594671],[116.537097,39.602302],[116.535968,39.592397],[116.524735,39.597653],[116.518546,39.595414],[116.515352,39.589098],[116.516819,39.581998],[116.513789,39.580592],[116.514479,39.576016],[116.520251,39.576158],[116.521467,39.572079],[116.51447,39.570776],[116.513472,39.565352],[116.505616,39.56434],[116.5021,39.559083],[116.5025,39.549891],[116.487587,39.548415],[116.483741,39.549041],[116.483446,39.552248],[116.464853,39.553328],[116.471685,39.541892],[116.471387,39.53347],[116.462861,39.533104],[116.458481,39.530343],[116.458446,39.52635],[116.431341,39.525184],[116.437673,39.508568],[116.426839,39.506102],[116.42552,39.509205],[116.418446,39.508398],[116.418906,39.51684],[116.415277,39.523767],[116.395512,39.526327],[116.396623,39.513047],[116.402378,39.506671],[116.412544,39.505052],[116.416718,39.495269],[116.411736,39.494644],[116.406177,39.480738],[116.421139,39.486452],[116.423785,39.480004],[116.419228,39.478963],[116.422161,39.474904],[116.430087,39.481601],[116.437994,39.480894],[116.437647,39.476641],[116.440842,39.477986],[116.442622,39.474991],[116.442508,39.463832],[116.447856,39.456237],[116.449967,39.457662],[116.444218,39.447243],[116.431076,39.444652],[116.428229,39.441454],[116.418567,39.445828],[116.385715,39.451584],[116.381599,39.449214],[116.361649,39.450347],[116.356831,39.454375],[116.345017,39.454271],[116.344054,39.451645],[116.330582,39.454852],[116.314502,39.466734],[116.313891,39.472218],[116.308133,39.475474],[116.299609,39.488311],[116.277208,39.492784],[116.274044,39.489947],[116.269641,39.494036],[116.251959,39.499373],[116.249245,39.507278],[116.238645,39.516376],[116.240787,39.518825],[116.237535,39.523069],[116.242363,39.528548],[116.23962,39.528975],[116.23757,39.547951],[116.239722,39.549293],[116.236501,39.551801],[116.240191,39.555994],[116.234652,39.562917],[116.228672,39.56276],[116.23046,39.567213],[116.221854,39.564877],[116.215147,39.577734],[116.202058,39.57651],[116.200178,39.582007],[116.197123,39.58255],[116.197982,39.587584],[116.193252,39.585122],[116.192826,39.587957],[116.190317,39.584854],[116.190778,39.587749],[116.184475,39.586134],[116.184675,39.588183],[116.174562,39.589381],[116.170263,39.588716],[116.170233,39.584627],[116.154432,39.581837],[116.147922,39.584711],[116.143402,39.571766],[116.140494,39.570617],[116.139577,39.574112],[116.137303,39.569533],[116.124123,39.566406],[116.11526,39.56921],[116.115191,39.573576],[116.10751,39.569317],[116.099763,39.569637],[116.09975,39.574798],[116.095085,39.578701],[116.095729,39.574782],[116.092786,39.573819],[116.029097,39.570568],[116.018619,39.574384],[116.020066,39.586178],[116.010265,39.586933],[116.001518,39.576037],[115.989141,39.575937],[115.990891,39.582068],[115.984675,39.585349],[115.984959,39.592661],[115.972445,39.594598],[115.970382,39.574896],[115.973263,39.571337],[115.96967,39.571783],[115.968741,39.56852],[115.962942,39.56993],[115.961624,39.563546],[115.957456,39.564449],[115.951606,39.559887],[115.949053,39.565069],[115.944488,39.565343],[115.943229,39.572274],[115.93204,39.576471],[115.924311,39.592384],[115.904293,39.599846],[115.900899,39.589034],[115.903765,39.587306],[115.902844,39.583044],[115.909737,39.582076],[115.905764,39.568516],[115.900347,39.567517],[115.901962,39.565898],[115.896215,39.566415],[115.895139,39.569319],[115.884531,39.567621],[115.887153,39.555243],[115.88125,39.555212],[115.881771,39.549683],[115.86039,39.545351],[115.860078,39.548841],[115.85605,39.547534],[115.849505,39.553963],[115.845373,39.549418],[115.840867,39.550212],[115.840026,39.542252],[115.822639,39.540238],[115.822335,39.534393],[115.813142,39.529674],[115.813638,39.522091],[115.818038,39.521328],[115.818367,39.517695],[115.81368,39.517452],[115.817491,39.511063],[115.823429,39.511818],[115.82263,39.505989],[115.798793,39.510365],[115.802335,39.508646],[115.801692,39.506719],[115.799913,39.508967],[115.780338,39.508902],[115.761232,39.514726],[115.764644,39.509826],[115.762882,39.50776],[115.759132,39.513711],[115.748915,39.514257],[115.745876,39.510581],[115.735694,39.535169],[115.731009,39.538333],[115.732326,39.545177],[115.720581,39.547],[115.720754,39.542764],[115.715329,39.542365],[115.716519,39.551188],[115.712326,39.552677],[115.712169,39.559912],[115.685937,39.564696],[115.688333,39.569123],[115.69309,39.568698],[115.692977,39.576701],[115.687289,39.57923],[115.688557,39.585172],[115.683131,39.591855],[115.683157,39.59795],[115.664911,39.609104],[115.661073,39.614516],[115.659477,39.604642],[115.651204,39.599047],[115.638165,39.597767],[115.635778,39.602207],[115.631204,39.603231],[115.628122,39.602524],[115.626525,39.596699],[115.612419,39.603079],[115.602012,39.599151],[115.594442,39.600158],[115.580579,39.588587],[115.573843,39.588504],[115.565804,39.590571],[115.568053,39.595393],[115.539112,39.617588],[115.527836,39.612124],[115.524415,39.601777],[115.512081,39.596026],[115.512602,39.591951],[115.508748,39.590367],[115.506186,39.608679],[115.517194,39.619265],[115.514182,39.627337],[115.51623,39.638843],[115.505241,39.643232],[115.500423,39.650957],[115.49045,39.651348],[115.487264,39.64768],[115.471795,39.651057],[115.476221,39.661786],[115.485172,39.667872],[115.480275,39.672355],[115.482425,39.680396],[115.4935,39.689179],[115.491187,39.691887],[115.49284,39.695195],[115.483705,39.700558],[115.487055,39.70706],[115.481812,39.7288],[115.486084,39.737481],[115.475563,39.741253],[115.460883,39.73891],[115.446188,39.747425],[115.433375,39.750746],[115.427889,39.762495],[115.428887,39.768575],[115.424391,39.770715],[115.42071,39.768237],[115.418669,39.772315],[115.424642,39.774395],[115.42729,39.780784],[115.436978,39.784348],[115.452064,39.781118],[115.476847,39.797421],[115.486014,39.79483],[115.500815,39.782478],[115.508462,39.787855],[115.537854,39.794599],[115.546084,39.793636],[115.560685,39.803736],[115.56321,39.812755],[115.529478,39.82953],[115.524278,39.828796],[115.520285,39.834105],[115.508037,39.836548],[115.504573,39.843775],[115.510181,39.847013],[115.516232,39.857829],[115.515572,39.866865],[115.521405,39.86897],[115.522977,39.874821],[115.504409,39.879808],[115.502725,39.882981],[115.515703,39.899574],[115.500589,39.912682],[115.480694,39.922699],[115.47427,39.93457],[115.457013,39.939135],[115.436666,39.950542],[115.419601,39.948976],[115.417177,39.954323],[115.420355,39.963928],[115.416848,39.968446]]]}},{"type":"Feature","properties":{"id":"cn:110101","name":"东城区","level":2},"geometry":{"type":"Polygon","coordinates":[[[116.370919,39.865311],[116.374365,39.86976],[116.392863,39.870802],[116.391603,39.896963],[116.389322,39.906592],[116.386014,39.906484],[116.385598,39.909834],[116.385946,39.921028],[116.39322,39.922165],[116.392986,39.926726],[116.390459,39.926909],[116.388029,39.939231],[116.387292,39.955951],[116.380537,39.95562],[116.383264,39.961749],[116.401622,39.960772],[116.401258,39.972595],[116.403107,39.972629],[116.407959,39.960657],[116.419097,39.960685],[116.419192,39.957764],[116.424279,39.957851],[116.423977,39.948772],[116.430476,39.94786],[116.429192,39.950728],[116.432853,39.950781],[116.435612,39.946915],[116.432573,39.945077],[116.441006,39.943909],[116.437473,39.927291],[116.428083,39.927296],[116.428766,39.912569],[116.430259,39.900659],[116.442525,39.901874],[116.439764,39.898688],[116.44471,39.888879],[116.437864,39.888662],[116.439443,39.877529],[116.43716,39.870728],[116.40742,39.869738],[116.410441,39.864339],[116.404881,39.85749],[116.389269,39.857281],[116.388722,39.861335],[116.381665,39.865984],[116.370919,39.865311]]]}},{"type":"Feature","properties":{"id":"cn:110102","name":"西城区","level":2},"geometry":{"type":"Polygon","coordinates":[[[116.314657,39.880226],[116.320572,39.888437],[116.319696,39.895776],[116.331162,39.896067],[116.326926,39.937247],[116.321831,39.941071],[116.345479,39.941802],[116.345599,39.949403],[116.348029,39.949975],[116.350011,39.942737],[116.365671,39.947934],[116.364165,39.966531],[116.374175,39.966783],[116.374678,39.971327],[116.387846,39.971664],[116.387916,39.96799],[116.382011,39.964387],[116.380537,39.95562],[116.387292,39.955951],[116.388029,39.939231],[116.390459,39.926909],[116.392986,39.926726],[116.39322,39.922165],[116.385946,39.921028],[116.385598,39.909834],[116.386014,39.906484],[116.389322,39.906592],[116.391603,39.896963],[116.392863,39.870802],[116.344408,39.867356],[116.343315,39.872255],[116.336396,39.874738],[116.315227,39.873917],[116.314657,39.880226]]]}},{"type":"Feature","properties":{"id":"cn:110105","name":"朝阳区","level":2},"geometry":{"type":"MultiPolygon","coordinates":[[[[116.344695,40.02536],[116.388837,40.031454],[116.384002,40.035187],[116.384393,40.039869],[116.389071,40.03536],[116.399488,40.037891],[116.40263,40.041875],[116.39987,40.048351],[116.402187,40.048208],[116.403325,40.054211],[116.427032,40.060886],[116.44329,40.0574],[116.447943,40.060586],[116.453499,40.058737],[116.455964,40.066059],[116.452449,40.069019],[116.452622,40.074436],[116.46007,40.081008],[116.460669,40.088845],[116.480565,40.079753],[116.493281,40.079146],[116.506693,40.069449],[116.522284,40.069662],[116.537641,40.057974],[116.542162,40.061098],[116.546042,40.052646],[116.53972,40.048858],[116.54283,40.045716],[116.558403,40.038576],[116.564645,40.031363],[116.571875,40.028473],[116.56822,40.032044],[116.572995,40.032045],[116.571996,40.02645],[116.595512,40.012834],[116.615868,40.009978],[116.622308,40.006596],[116.61994,40.002066],[116.62691,39.998759],[116.631753,40.001285],[116.637413,39.994305],[116.637908,39.988542],[116.627083,39.984179],[116.628203,39.980642],[116.635182,39.979362],[116.639427,39.944908],[116.626406,39.949487],[116.624669,39.945099],[116.62776,39.938276],[116.624001,39.938011],[116.623489,39.93026],[116.618342,39.928927],[116.624757,39.92062],[116.614574,39.921175],[116.617213,39.912777],[116.614288,39.907287],[116.617578,39.902807],[116.612007,39.898655],[116.61416,39.8969],[116.608211,39.895772],[116.609817,39.88875],[116.622335,39.889231],[116.623176,39.880542],[116.618514,39.880112],[116.614201,39.867911],[116.621162,39.859635],[116.607672,39.84914],[116.598411,39.849035],[116.598897,39.845098],[116.602577,39.845498],[116.596127,39.839695],[116.596474,39.830645],[116.593194,39.830624],[116.592342,39.823649],[116.577958,39.823878],[116.581274,39.827142],[116.571691,39.826496],[116.566535,39.833987],[116.539191,39.834934],[116.53518,39.828431],[116.527298,39.831596],[116.532272,39.827086],[116.529043,39.823692],[116.519573,39.825858],[116.519434,39.828592],[116.508662,39.829226],[116.504633,39.82644],[116.504166,39.820241],[116.496786,39.817772],[116.499807,39.816647],[116.489191,39.814921],[116.487408,39.819267],[116.479555,39.815606],[116.479173,39.811448],[116.46814,39.808461],[116.462628,39.813136],[116.457176,39.81301],[116.44782,39.821283],[116.437715,39.819581],[116.43972,39.825324],[116.43531,39.82775],[116.430467,39.826049],[116.430771,39.829274],[116.418991,39.830502],[116.425007,39.831296],[116.430519,39.839951],[116.434382,39.838271],[116.436118,39.842303],[116.440511,39.842893],[116.439782,39.846965],[116.444304,39.847334],[116.444955,39.850654],[116.454147,39.847273],[116.461578,39.851266],[116.460954,39.855176],[116.442679,39.862113],[116.438994,39.859996],[116.436763,39.864634],[116.439443,39.877529],[116.437864,39.888662],[116.44471,39.888879],[116.444471,39.89273],[116.440963,39.892815],[116.439678,39.899661],[116.442525,39.901874],[116.430259,39.900659],[116.428083,39.927296],[116.437473,39.927291],[116.441067,39.943784],[116.432573,39.945077],[116.435612,39.946915],[116.432853,39.950781],[116.429192,39.950728],[116.430476,39.94786],[116.423977,39.948772],[116.424279,39.957851],[116.419192,39.957764],[116.419097,39.960685],[116.407959,39.960657],[116.403107,39.972629],[116.401622,39.960772],[116.383264,39.961749],[116.381423,39.959526],[116.387846,39.971664],[116.374678,39.971327],[116.370581,39.991189],[116.344695,40.02536]]],[[[116.567657,40.104111],[116.569706,40.106867],[116.572492,40.101672],[116.574549,40.087297],[116.590087,40.089171],[116.5929,40.092466],[116.592578,40.102821],[116.594844,40.098425],[116.602596,40.053863],[116.592717,40.051494],[116.595842,40.046619],[116.594035,40.0406],[116.584286,40.042551],[116.585956,40.047713],[116.5854,40.050743],[116.582153,40.049488],[116.584323,40.055113],[116.580781,40.073277],[116.575574,40.072765],[116.574914,40.06675],[116.567657,40.104111]]]]}},{"type":"Feature","properties":{"id":"cn:110106","name":"丰台区","level":2},"geometry":{"type":"Polygon","coordinates":[[[116.048375,39.844617],[116.054035,39.851965],[116.064686,39.852343],[116.061058,39.8644],[116.067889,39.868333],[116.080858,39.864769],[116.095451,39.866297],[116.099114,39.871145],[116.134469,39.882872],[116.144729,39.882699],[116.149895,39.887677],[116.163584,39.886978],[116.174686,39.881075],[116.193315,39.882013],[116.202031,39.872877],[116.206006,39.873424],[116.204817,39.876831],[116.212152,39.875514],[116.212989,39.880151],[116.221674,39.882607],[116.221736,39.887844],[116.228595,39.888319],[116.227498,39.890894],[116.253152,39.895367],[116.288922,39.895247],[116.288963,39.885586],[116.297442,39.887843],[116.296723,39.890671],[116.300455,39.889716],[116.307142,39.895349],[116.319696,39.895498],[116.320572,39.888437],[116.314657,39.880226],[116.315227,39.873917],[116.336396,39.874738],[116.343315,39.872255],[116.344408,39.867356],[116.374365,39.86976],[116.370919,39.865311],[116.381665,39.865984],[116.388722,39.861335],[116.389269,39.857281],[116.407232,39.858685],[116.410519,39.865485],[116.40742,39.869738],[116.437846,39.871452],[116.438994,39.859996],[116.442679,39.862113],[116.461657,39.854682],[116.461578,39.851266],[116.454147,39.847273],[116.444955,39.850654],[116.444304,39.847334],[116.439782,39.846965],[116.440511,39.842893],[116.436118,39.842303],[116.434382,39.838271],[116.430519,39.839951],[116.425007,39.831296],[116.418957,39.831327],[116.414911,39.825572],[116.409546,39.828032],[116.408201,39.82288],[116.412203,39.821514],[116.413522,39.813974],[116.40393,39.815658],[116.403774,39.809938],[116.416222,39.809039],[116.419495,39.805267],[116.417881,39.802164],[116.423175,39.802199],[116.423062,39.792706],[116.414816,39.792741],[116.414025,39.786044],[116.389798,39.78535],[116.392671,39.764464],[116.385675,39.763883],[116.384434,39.779069],[116.37301,39.778019],[116.372281,39.784264],[116.361387,39.783605],[116.36084,39.798458],[116.350657,39.799122],[116.349538,39.804317],[116.335614,39.80627],[116.33445,39.800592],[116.316786,39.797108],[116.315692,39.782351],[116.31189,39.782168],[116.304807,39.768714],[116.300996,39.768826],[116.294138,39.776114],[116.289668,39.790567],[116.28512,39.792047],[116.288783,39.795888],[116.283149,39.794664],[116.281213,39.79788],[116.256179,39.791566],[116.253279,39.796418],[116.24551,39.791852],[116.246526,39.811006],[116.238279,39.817351],[116.236561,39.824587],[116.222863,39.826136],[116.208053,39.823457],[116.210693,39.815672],[116.201378,39.809799],[116.200476,39.801904],[116.195632,39.798132],[116.194287,39.776891],[116.181873,39.780502],[116.177211,39.778909],[116.176716,39.78259],[116.163531,39.782958],[116.153057,39.766478],[116.140863,39.768675],[116.141809,39.765126],[116.128693,39.765834],[116.118054,39.76035],[116.115961,39.764022],[116.115172,39.760242],[116.111604,39.768597],[116.114199,39.76831],[116.114165,39.771839],[116.110987,39.771335],[116.114495,39.776978],[116.118071,39.775367],[116.12821,39.779052],[116.121603,39.783432],[116.11446,39.783471],[116.113349,39.78854],[116.108236,39.789308],[116.107272,39.786661],[116.10005,39.787229],[116.100702,39.783935],[116.095059,39.784378],[116.095146,39.781483],[116.093436,39.784291],[116.09137,39.780832],[116.085539,39.781019],[116.085291,39.787252],[116.079501,39.792526],[116.081448,39.796562],[116.078439,39.810629],[116.079867,39.815018],[116.083273,39.814959],[116.078714,39.818805],[116.082668,39.818087],[116.083427,39.828336],[116.079434,39.830784],[116.07716,39.82686],[116.069894,39.835637],[116.048375,39.844617]]]}},{"type":"Feature","properties":{"id":"cn:110107","name":"石景山区","level":2},"geometry":{"type":"Polygon","coordinates":[[[116.105624,39.941532],[116.107126,39.946974],[116.113723,39.949392],[116.108949,39.956939],[116.1144,39.959791],[116.116666,39.966175],[116.110269,39.970542],[116.107118,39.980126],[116.112613,39.984726],[116.138412,39.987817],[116.145313,39.992078],[116.151875,39.982791],[116.161623,39.985425],[116.165278,39.975681],[116.171823,39.980898],[116.172725,39.986983],[116.180417,39.982613],[116.179644,39.96898],[116.195,39.959844],[116.209383,39.942499],[116.212586,39.942356],[116.209609,39.940026],[116.209805,39.932881],[116.207137,39.933147],[116.209609,39.925859],[116.201605,39.924648],[116.200695,39.915411],[116.224849,39.918304],[116.23101,39.91564],[116.245928,39.91975],[116.246974,39.91647],[116.24322,39.915051],[116.246953,39.914335],[116.246965,39.896005],[116.253689,39.89604],[116.227498,39.890894],[116.228595,39.888319],[116.221736,39.887844],[116.221674,39.882607],[116.212989,39.880151],[116.212152,39.875514],[116.204817,39.876831],[116.206006,39.873424],[116.202031,39.872877],[116.193315,39.882013],[116.172924,39.881383],[116.164418,39.884378],[116.154877,39.895472],[116.148297,39.898172],[116.146544,39.905281],[116.140598,39.90871],[116.134704,39.919148],[116.121909,39.924015],[116.118463,39.933515],[116.113558,39.931367],[116.105624,39.941532]]]}},{"type":"Feature","properties":{"id":"cn:110108","name":"海淀区","level":2},"geometry":{"type":"Polygon","coordinates":[[[116.042553,40.084007],[116.049593,40.095078],[116.063135,40.103538],[116.067518,40.11405],[116.071745,40.113733],[116.078091,40.118855],[116.089705,40.119849],[116.093872,40.114879],[116.099506,40.116606],[116.123091,40.113347],[116.125886,40.113694],[116.126598,40.11997],[116.163343,40.123226],[116.161164,40.127109],[116.165556,40.126611],[116.161451,40.140496],[116.174219,40.145973],[116.176494,40.15678],[116.184489,40.154046],[116.188117,40.15879],[116.196017,40.159705],[116.19974,40.142665],[116.203421,40.139367],[116.210183,40.141842],[116.227718,40.135344],[116.240991,40.134979],[116.234436,40.10678],[116.249818,40.103256],[116.253517,40.105673],[116.251963,40.110717],[116.257284,40.109354],[116.257839,40.102795],[116.252224,40.100295],[116.259185,40.093469],[116.267463,40.09059],[116.273829,40.07852],[116.28428,40.081897],[116.296839,40.058781],[116.312331,40.060324],[116.319817,40.053494],[116.329054,40.058581],[116.334106,40.053755],[116.337188,40.054119],[116.336511,40.058299],[116.341023,40.0592],[116.340752,40.062404],[116.356814,40.064566],[116.356928,40.067596],[116.375686,40.065005],[116.376597,40.060187],[116.361163,40.052066],[116.363368,40.045582],[116.37066,40.041363],[116.384393,40.039869],[116.384002,40.035187],[116.388837,40.031454],[116.344695,40.02536],[116.370755,39.990868],[116.375026,39.976293],[116.374175,39.966783],[116.364165,39.966531],[116.365671,39.947934],[116.350011,39.942737],[116.348029,39.949975],[116.345599,39.949403],[116.345479,39.941802],[116.321831,39.941071],[116.326926,39.937247],[116.331162,39.896067],[116.307142,39.895349],[116.300455,39.889716],[116.296723,39.890671],[116.297442,39.887843],[116.288963,39.885586],[116.288922,39.895247],[116.246965,39.896005],[116.246953,39.914335],[116.24322,39.915051],[116.246974,39.91647],[116.245928,39.91975],[116.23101,39.91564],[116.224849,39.918304],[116.200695,39.915411],[116.201605,39.924648],[116.209609,39.925859],[116.207137,39.933147],[116.209805,39.932881],[116.209609,39.940026],[116.212586,39.942356],[116.209383,39.942499],[116.195,39.959844],[116.179644,39.96898],[116.178914,39.984314],[116.172725,39.986983],[116.171823,39.980898],[116.165278,39.975681],[116.160633,39.986237],[116.150833,39.983859],[116.145313,39.992078],[116.149713,39.99661],[116.166579,39.999674],[116.169227,40.004991],[116.166866,40.007596],[116.151111,40.019666],[116.142361,40.02082],[116.128446,40.029223],[116.07184,40.031363],[116.061728,40.05056],[116.065036,40.060382],[116.0598,40.064284],[116.0577,40.071658],[116.051693,40.07356],[116.042553,40.084007]]]}},{"type":"Feature","properties":{"id":"cn:110109","name":"门头沟区","level":2},"geometry":{"type":"Polygon","coordinates":[[[115.416848,39.968446],[115.421962,39.982959],[115.426622,39.987399],[115.437361,39.993284],[115.443792,39.991697],[115.442673,40.000638],[115.435547,40.009188],[115.445555,40.019449],[115.448012,40.028363],[115.461935,40.03059],[115.477413,40.038177],[115.483628,40.046289],[115.499106,40.054431],[115.503247,40.064223],[115.521076,40.074922],[115.537735,40.07477],[115.546007,40.078164],[115.549722,40.084227],[115.54757,40.090586],[115.55145,40.09402],[115.56947,40.099934],[115.575816,40.094197],[115.584618,40.095364],[115.58631,40.109154],[115.58835,40.107951],[115.588376,40.114605],[115.59303,40.118989],[115.635677,40.114822],[115.638472,40.125577],[115.648385,40.130225],[115.651597,40.127018],[115.686076,40.131089],[115.690625,40.125634],[115.705816,40.125716],[115.69355,40.130989],[115.704375,40.133411],[115.71796,40.127609],[115.728559,40.128298],[115.747457,40.142261],[115.748021,40.14694],[115.743264,40.151771],[115.748368,40.162344],[115.755947,40.161394],[115.761936,40.164337],[115.766763,40.174975],[115.780765,40.177509],[115.780695,40.169215],[115.800365,40.152084],[115.815469,40.151655],[115.829636,40.144311],[115.828117,40.149115],[115.840305,40.145986],[115.859159,40.14757],[115.8756,40.138026],[115.894471,40.137678],[115.897892,40.134952],[115.907406,40.137453],[115.916077,40.133177],[115.940521,40.109332],[115.941954,40.10625],[115.937813,40.101715],[115.946676,40.099949],[115.950599,40.094957],[115.951259,40.099522],[115.956971,40.101025],[115.954454,40.091359],[115.960556,40.083455],[115.962544,40.074379],[115.981433,40.082365],[116.001632,40.079396],[116.014662,40.073311],[116.024679,40.080899],[116.027691,40.078364],[116.031641,40.083208],[116.045026,40.082995],[116.065036,40.060382],[116.061728,40.05056],[116.07184,40.031363],[116.128446,40.029223],[116.142361,40.02082],[116.151111,40.019666],[116.169227,40.004991],[116.166579,39.999674],[116.149713,39.99661],[116.138412,39.987817],[116.112613,39.984726],[116.107118,39.980126],[116.110269,39.970542],[116.116666,39.966175],[116.1144,39.959791],[116.108949,39.956939],[116.113723,39.949392],[116.107126,39.946974],[116.105624,39.941532],[116.113558,39.931367],[116.118463,39.933515],[116.121909,39.924015],[116.134704,39.919148],[116.140598,39.90871],[116.146544,39.905281],[116.148297,39.898172],[116.154877,39.895472],[116.160823,39.887429],[116.147403,39.887417],[116.144729,39.882699],[116.134469,39.882872],[116.113428,39.876088],[116.099114,39.871145],[116.095451,39.866297],[116.080858,39.864769],[116.072012,39.868931],[116.064148,39.867078],[116.061058,39.8644],[116.064686,39.852343],[116.054035,39.851965],[116.048375,39.844617],[116.026882,39.844621],[116.012907,39.839374],[116.011361,39.847469],[116.0042,39.848927],[115.982941,39.839391],[115.978228,39.847972],[115.982108,39.858688],[115.980728,39.863558],[115.986796,39.866193],[115.991145,39.873987],[115.984104,39.875185],[115.970242,39.869375],[115.970537,39.867126],[115.962742,39.866614],[115.964148,39.870584],[115.961813,39.870962],[115.948168,39.865724],[115.941136,39.87157],[115.919392,39.876453],[115.916831,39.884496],[115.92986,39.8972],[115.939009,39.900785],[115.939747,39.909917],[115.935207,39.916462],[115.91216,39.912916],[115.872856,39.914921],[115.854877,39.900294],[115.8392,39.895963],[115.829027,39.89848],[115.820798,39.909448],[115.804921,39.912638],[115.795546,39.92052],[115.768028,39.919396],[115.76315,39.924036],[115.725025,39.90667],[115.693315,39.901566],[115.676396,39.891935],[115.672004,39.885441],[115.648758,39.881436],[115.642768,39.874357],[115.638627,39.874916],[115.633948,39.870511],[115.62492,39.870949],[115.610311,39.856518],[115.607047,39.842733],[115.599451,39.838072],[115.590607,39.820481],[115.582186,39.81302],[115.571292,39.811513],[115.563184,39.812229],[115.541587,39.821765],[115.539686,39.825203],[115.524278,39.828796],[115.520285,39.834105],[115.508037,39.836548],[115.504573,39.843775],[115.510181,39.847013],[115.516232,39.857829],[115.515572,39.866865],[115.521405,39.86897],[115.522977,39.874821],[115.504409,39.879808],[115.502725,39.882981],[115.515841,39.899375],[115.500589,39.912682],[115.480694,39.922699],[115.47427,39.93457],[115.457013,39.939135],[115.436666,39.950542],[115.419601,39.948976],[115.417177,39.954323],[115.420355,39.963928],[115.416848,39.968446]]]}},{"type":"Feature","properties":{"id":"cn:110111","name":"房山区","level":2},"geometry":{"type":"Polygon","coordinates":[[[115.418669,39.772315],[115.424642,39.774395],[115.42729,39.780784],[115.436978,39.784348],[115.452064,39.781118],[115.476847,39.797421],[115.486014,39.79483],[115.500815,39.782478],[115.508462,39.787855],[115.548748,39.794543],[115.560685,39.803736],[115.563184,39.812229],[115.582186,39.81302],[115.590607,39.820481],[115.599451,39.838072],[115.607047,39.842733],[115.610311,39.856518],[115.62492,39.870949],[115.633948,39.870511],[115.638627,39.874916],[115.642768,39.874357],[115.648758,39.881436],[115.672004,39.885441],[115.676396,39.891935],[115.693315,39.901566],[115.725025,39.90667],[115.76315,39.924036],[115.768028,39.919396],[115.795546,39.92052],[115.804921,39.912638],[115.820798,39.909448],[115.829027,39.89848],[115.8392,39.895963],[115.854877,39.900294],[115.872856,39.914921],[115.91216,39.912916],[115.935207,39.916462],[115.939747,39.909917],[115.939009,39.900785],[115.92986,39.8972],[115.916831,39.884496],[115.919392,39.876453],[115.941136,39.87157],[115.948168,39.865724],[115.961813,39.870962],[115.964148,39.870584],[115.962742,39.866614],[115.970537,39.867126],[115.970242,39.869375],[115.984104,39.875185],[115.991145,39.873987],[115.986796,39.866193],[115.980728,39.863558],[115.982108,39.858688],[115.978228,39.847972],[115.982941,39.839391],[116.0042,39.848927],[116.011361,39.847469],[116.012907,39.839374],[116.039582,39.846001],[116.067828,39.836879],[116.07716,39.82686],[116.078584,39.830485],[116.082073,39.829725],[116.082668,39.818087],[116.078714,39.818805],[116.083433,39.816227],[116.078489,39.810985],[116.081448,39.796562],[116.079348,39.793176],[116.085291,39.787252],[116.085539,39.781019],[116.09137,39.780832],[116.093436,39.784291],[116.095146,39.781483],[116.095059,39.784378],[116.100702,39.783935],[116.10005,39.787229],[116.107272,39.786661],[116.108236,39.789308],[116.113349,39.78854],[116.11446,39.783471],[116.121603,39.783432],[116.12821,39.779052],[116.118071,39.775367],[116.114495,39.776978],[116.110987,39.771335],[116.114165,39.771839],[116.114199,39.76831],[116.111604,39.768597],[116.115172,39.760242],[116.115961,39.764022],[116.118054,39.76035],[116.128693,39.765834],[116.141809,39.765126],[116.140863,39.768675],[116.153057,39.766478],[116.163531,39.782958],[116.176716,39.78259],[116.177211,39.778909],[116.181873,39.780502],[116.194287,39.776891],[116.195632,39.798132],[116.200476,39.801904],[116.201378,39.809799],[116.210693,39.815672],[116.208053,39.823457],[116.235311,39.825298],[116.238279,39.817351],[116.247411,39.808102],[116.24492,39.800215],[116.248409,39.762038],[116.246222,39.748409],[116.237923,39.740458],[116.242515,39.727563],[116.239251,39.717767],[116.226325,39.706196],[116.228417,39.703192],[116.224911,39.691148],[116.215188,39.677237],[116.219616,39.672372],[116.215518,39.667211],[116.217124,39.661851],[116.209441,39.641838],[116.21359,39.618447],[116.212037,39.606903],[116.216576,39.592736],[116.220344,39.590496],[116.215147,39.577734],[116.202231,39.576432],[116.197123,39.58255],[116.197982,39.587584],[116.193252,39.585122],[116.192826,39.587957],[116.190317,39.584854],[116.190778,39.587749],[116.184475,39.586134],[116.178312,39.589652],[116.170263,39.588716],[116.170233,39.584627],[116.159354,39.582271],[116.148989,39.582358],[116.147922,39.584711],[116.143402,39.571766],[116.140494,39.570617],[116.139577,39.574112],[116.138131,39.570147],[116.130807,39.567239],[116.11526,39.56921],[116.115191,39.573576],[116.10751,39.569317],[116.099763,39.569637],[116.09975,39.574798],[116.095085,39.578701],[116.095729,39.574782],[116.092786,39.573819],[116.029991,39.570417],[116.018619,39.574384],[116.020066,39.586178],[116.00807,39.586933],[116.007583,39.581841],[116.004476,39.581838],[116.001518,39.576037],[115.989141,39.575937],[115.990891,39.582068],[115.984675,39.585349],[115.984959,39.592661],[115.973886,39.594724],[115.970364,39.575773],[115.973263,39.571337],[115.96967,39.571783],[115.968741,39.56852],[115.962942,39.56993],[115.961624,39.563546],[115.957456,39.564449],[115.951606,39.559887],[115.949053,39.565069],[115.944488,39.565343],[115.943229,39.572274],[115.93204,39.576471],[115.924311,39.592384],[115.904293,39.599846],[115.900899,39.589034],[115.903765,39.587306],[115.902844,39.583044],[115.909737,39.582076],[115.905764,39.568516],[115.900347,39.567517],[115.901962,39.565898],[115.896215,39.566415],[115.895139,39.569319],[115.884531,39.567621],[115.887153,39.555243],[115.88125,39.555212],[115.881771,39.549683],[115.86039,39.545351],[115.860078,39.548841],[115.85605,39.547534],[115.849505,39.553963],[115.845373,39.549418],[115.840867,39.550212],[115.840026,39.542252],[115.822639,39.540238],[115.822335,39.534393],[115.813142,39.529674],[115.813638,39.522091],[115.818038,39.521328],[115.818367,39.517695],[115.81368,39.517452],[115.817491,39.511063],[115.823429,39.511818],[115.82263,39.505989],[115.798793,39.510365],[115.802335,39.508646],[115.801692,39.506719],[115.799913,39.508967],[115.780338,39.508902],[115.761232,39.514726],[115.764644,39.509826],[115.762882,39.50776],[115.759132,39.513711],[115.748915,39.514257],[115.745876,39.510581],[115.735694,39.535169],[115.731009,39.538333],[115.732326,39.545177],[115.720581,39.547],[115.720754,39.542764],[115.715329,39.542365],[115.716519,39.551188],[115.712326,39.552677],[115.712169,39.559912],[115.685937,39.564696],[115.688333,39.569123],[115.69309,39.568698],[115.692977,39.576701],[115.687289,39.57923],[115.688557,39.585172],[115.683131,39.591855],[115.683157,39.59795],[115.664911,39.609104],[115.661073,39.614516],[115.659477,39.604642],[115.651204,39.599047],[115.638165,39.597767],[115.635778,39.602207],[115.631204,39.603231],[115.628122,39.602524],[115.626525,39.596699],[115.612419,39.603079],[115.602012,39.599151],[115.594442,39.600158],[115.580579,39.588587],[115.573843,39.588504],[115.565804,39.590571],[115.568053,39.595393],[115.539112,39.617588],[115.527836,39.612124],[115.524415,39.601777],[115.512081,39.596026],[115.512602,39.591951],[115.508252,39.590658],[115.506186,39.608679],[115.517194,39.619265],[115.514182,39.627337],[115.51623,39.638843],[115.505241,39.643232],[115.500423,39.650957],[115.49045,39.651348],[115.487264,39.64768],[115.471795,39.651057],[115.476221,39.661786],[115.485172,39.667872],[115.480275,39.672355],[115.482425,39.680396],[115.4935,39.689179],[115.491187,39.691887],[115.49284,39.695195],[115.483705,39.700558],[115.487055,39.70706],[115.481812,39.7288],[115.486084,39.737481],[115.475563,39.741253],[115.460883,39.73891],[115.446188,39.747425],[115.433375,39.750746],[115.427889,39.762495],[115.428887,39.768575],[115.424391,39.770715],[115.42071,39.768237],[115.418669,39.772315]]]}},{"type":"Feature","properties":{"id":"cn:110112","name":"通州区","level":2},"geometry":{"type":"Polygon","coordinates":[[[116.514137,39.764609],[116.517705,39.768766],[116.522398,39.760323],[116.53455,39.759954],[116.53062,39.767284],[116.539938,39.767624],[116.538793,39.771192],[116.530246,39.768745],[116.524194,39.777697],[116.53221,39.780156],[116.525025,39.790604],[116.531658,39.795548],[116.529224,39.799011],[116.53582,39.80205],[116.530678,39.808943],[116.534661,39.810746],[116.528258,39.817458],[116.533861,39.822594],[116.529469,39.822881],[116.529061,39.825971],[116.532272,39.827086],[116.527298,39.831596],[116.53518,39.828431],[116.539191,39.834934],[116.566535,39.833987],[116.571691,39.826496],[116.581274,39.827142],[116.577958,39.823878],[116.592342,39.823649],[116.593194,39.830624],[116.596474,39.830645],[116.596127,39.839695],[116.602577,39.845498],[116.598897,39.845098],[116.598411,39.849035],[116.607672,39.84914],[116.621162,39.859635],[116.614201,39.867911],[116.618514,39.880112],[116.623176,39.880542],[116.622335,39.889231],[116.609817,39.88875],[116.608211,39.895772],[116.61416,39.8969],[116.612007,39.898655],[116.617578,39.902807],[116.614288,39.907287],[116.617213,39.912777],[116.614574,39.921175],[116.624757,39.92062],[116.618342,39.928927],[116.623489,39.93026],[116.624001,39.938011],[116.62776,39.938276],[116.624669,39.945099],[116.626406,39.949487],[116.639427,39.944908],[116.635182,39.979362],[116.628203,39.980642],[116.627083,39.984179],[116.637908,39.988542],[116.638003,39.9919],[116.631753,40.001285],[116.62691,39.998759],[116.61994,40.002066],[116.622308,40.006596],[116.615868,40.009978],[116.597396,40.012279],[116.589749,40.016471],[116.595044,40.017817],[116.59697,40.027465],[116.608256,40.030703],[116.614297,40.021463],[116.627682,40.022609],[116.63033,40.018637],[116.645321,40.024666],[116.649757,40.017465],[116.654228,40.020551],[116.661797,40.011971],[116.677821,40.013311],[116.68033,40.007118],[116.682404,40.008021],[116.679618,40.015417],[116.69125,40.01493],[116.703316,40.025495],[116.710287,40.02256],[116.711328,40.018394],[116.713672,40.021298],[116.718168,40.020065],[116.718777,40.023051],[116.725972,40.020994],[116.727517,40.024605],[116.736146,40.026281],[116.740964,40.024163],[116.747187,40.014688],[116.765651,40.013247],[116.764948,40.008494],[116.769661,40.001715],[116.769271,39.991532],[116.76066,39.98105],[116.760338,39.975126],[116.752031,39.966906],[116.751241,39.960247],[116.764011,39.953481],[116.767094,39.953657],[116.767291,39.959667],[116.781163,39.93665],[116.777239,39.934822],[116.776084,39.909205],[116.781004,39.885624],[116.798089,39.876749],[116.798203,39.883689],[116.802196,39.883732],[116.802256,39.88845],[116.806258,39.888537],[116.807083,39.880129],[116.819114,39.877534],[116.830902,39.863611],[116.83342,39.864656],[116.841266,39.857516],[116.84658,39.857956],[116.851224,39.847794],[116.86598,39.840877],[116.877717,39.844461],[116.894331,39.830554],[116.901527,39.831631],[116.896901,39.847209],[116.904453,39.849557],[116.91151,39.845867],[116.919956,39.834353],[116.922534,39.812031],[116.936397,39.802395],[116.928853,39.80009],[116.930329,39.79404],[116.944842,39.790446],[116.947838,39.785559],[116.942022,39.784292],[116.943749,39.777473],[116.941148,39.776398],[116.933315,39.780294],[116.915798,39.779583],[116.910581,39.77489],[116.91499,39.768129],[116.908098,39.764495],[116.909522,39.76184],[116.904695,39.76124],[116.902377,39.765676],[116.895911,39.762586],[116.896501,39.758089],[116.893628,39.75769],[116.895642,39.754174],[116.901344,39.754917],[116.90854,39.740725],[116.904765,39.739913],[116.905164,39.736948],[116.910441,39.734843],[116.910806,39.730368],[116.881683,39.724473],[116.876853,39.717568],[116.881442,39.713038],[116.880737,39.700789],[116.887608,39.694753],[116.882082,39.689626],[116.884009,39.686627],[116.898813,39.688761],[116.903122,39.681834],[116.899304,39.680633],[116.900757,39.676399],[116.889824,39.672466],[116.877328,39.674323],[116.867261,39.670337],[116.868827,39.667338],[116.865308,39.669975],[116.844003,39.666469],[116.84531,39.651268],[116.834927,39.647951],[116.834799,39.643149],[116.828905,39.644073],[116.828583,39.640741],[116.820911,39.637092],[116.823202,39.634395],[116.82038,39.632008],[116.832482,39.621129],[116.828158,39.620384],[116.829433,39.615906],[116.819061,39.612763],[116.81354,39.617867],[116.783982,39.609364],[116.786812,39.600992],[116.78334,39.601418],[116.784676,39.594873],[116.775346,39.59193],[116.77216,39.592199],[116.768149,39.60426],[116.764303,39.604526],[116.756569,39.61262],[116.742637,39.618744],[116.734885,39.614712],[116.727359,39.616027],[116.715388,39.628245],[116.717489,39.637854],[116.706656,39.639082],[116.704547,39.636774],[116.700701,39.640618],[116.696813,39.649321],[116.697802,39.672993],[116.68676,39.675658],[116.662698,39.673505],[116.660154,39.678597],[116.663696,39.682547],[116.660693,39.686014],[116.645502,39.686805],[116.645684,39.693401],[116.641274,39.693726],[116.640432,39.699391],[116.642099,39.702516],[116.647159,39.702757],[116.64716,39.707546],[116.638775,39.708584],[116.632698,39.716115],[116.63183,39.722889],[116.625406,39.721934],[116.622333,39.726708],[116.615866,39.727039],[116.616092,39.724795],[116.610476,39.724548],[116.609964,39.720937],[116.607221,39.722833],[116.598791,39.717702],[116.596049,39.71183],[116.575431,39.711486],[116.567688,39.708079],[116.567488,39.713457],[116.524659,39.712137],[116.526673,39.714155],[116.521161,39.716734],[116.528729,39.716951],[116.531863,39.725297],[116.525951,39.728883],[116.526525,39.738487],[116.532124,39.736955],[116.534086,39.740467],[116.521505,39.742106],[116.525319,39.746448],[116.517073,39.748511],[116.519263,39.761238],[116.514137,39.764609]]]}},{"type":"Feature","properties":{"id":"cn:110113","name":"顺义区","level":2},"geometry":{"type":"Polygon","coordinates":[[[116.608256,40.030703],[116.59697,40.027465],[116.595044,40.017817],[116.589749,40.016471],[116.571996,40.02645],[116.572995,40.032045],[116.56822,40.032044],[116.571875,40.028473],[116.564645,40.031363],[116.558403,40.038576],[116.541721,40.046514],[116.53972,40.048858],[116.546042,40.052646],[116.542162,40.061098],[116.537641,40.057974],[116.522284,40.069662],[116.505392,40.06987],[116.493281,40.079146],[116.468933,40.083646],[116.458577,40.091502],[116.479758,40.097978],[116.48625,40.106602],[116.478638,40.138781],[116.473105,40.145262],[116.477104,40.14953],[116.480885,40.148729],[116.481879,40.15656],[116.470604,40.157702],[116.474235,40.162326],[116.47205,40.162563],[116.474018,40.168595],[116.482106,40.176637],[116.481989,40.190201],[116.464653,40.208083],[116.467679,40.219695],[116.472576,40.223235],[116.478821,40.222053],[116.476624,40.238233],[116.479601,40.238861],[116.476341,40.245277],[116.49052,40.251],[116.494109,40.248211],[116.497271,40.250486],[116.495462,40.257738],[116.49857,40.259811],[116.515124,40.256265],[116.51903,40.260006],[116.529768,40.260201],[116.53416,40.266013],[116.531001,40.276005],[116.546279,40.272706],[116.560315,40.27692],[116.5595,40.27228],[116.564664,40.272003],[116.564351,40.267775],[116.579317,40.265115],[116.582572,40.268383],[116.585011,40.263066],[116.590826,40.265678],[116.60008,40.249667],[116.616199,40.249385],[116.617814,40.259506],[116.629394,40.26037],[116.637197,40.256051],[116.661208,40.261545],[116.667371,40.245631],[116.662536,40.236347],[116.66823,40.234354],[116.66922,40.238361],[116.67185,40.232532],[116.67803,40.233109],[116.691234,40.24202],[116.690522,40.246885],[116.696929,40.248513],[116.698621,40.255895],[116.704784,40.25501],[116.732302,40.28313],[116.734976,40.281738],[116.732224,40.277501],[116.749654,40.273678],[116.756555,40.270053],[116.757476,40.265934],[116.762475,40.268846],[116.765513,40.265244],[116.776833,40.272002],[116.777944,40.278192],[116.781677,40.280201],[116.782771,40.290183],[116.787528,40.285665],[116.795045,40.287953],[116.803517,40.284801],[116.804888,40.287931],[116.805731,40.281182],[116.815496,40.280092],[116.811876,40.282935],[116.819055,40.284163],[116.821104,40.297028],[116.824038,40.298018],[116.822935,40.303226],[116.83132,40.308781],[116.842953,40.310053],[116.851867,40.291134],[116.865626,40.289706],[116.865748,40.28037],[116.870357,40.273243],[116.868274,40.267184],[116.873908,40.263052],[116.888386,40.23895],[116.895331,40.236945],[116.888213,40.231237],[116.900626,40.227613],[116.901485,40.222683],[116.907857,40.219058],[116.909862,40.221229],[116.916998,40.219258],[116.925061,40.229545],[116.934957,40.222831],[116.932023,40.209458],[116.923473,40.21007],[116.930122,40.195092],[116.934375,40.190738],[116.93816,40.192518],[116.942882,40.189688],[116.943933,40.185247],[116.939775,40.185122],[116.939315,40.180204],[116.941703,40.176441],[116.945339,40.176589],[116.945339,40.173689],[116.955964,40.174415],[116.955175,40.170816],[116.971624,40.150217],[116.959697,40.126684],[116.965486,40.123073],[116.963221,40.117274],[116.969948,40.11004],[116.967214,40.102569],[116.961884,40.100074],[116.975755,40.090846],[116.97204,40.088087],[116.975643,40.080786],[116.968915,40.080265],[116.980122,40.077171],[116.972475,40.063741],[116.956233,40.062409],[116.955869,40.050248],[116.939262,40.040334],[116.939002,40.047556],[116.938481,40.043238],[116.937179,40.047483],[116.932856,40.044918],[116.930243,40.048229],[116.93283,40.049809],[116.92572,40.050959],[116.924444,40.054267],[116.922136,40.053867],[116.922917,40.050126],[116.920599,40.051932],[116.918203,40.04641],[116.912022,40.043655],[116.90829,40.051541],[116.902544,40.051788],[116.895634,40.046385],[116.885955,40.043572],[116.874801,40.045104],[116.864723,40.039974],[116.84421,40.053862],[116.843498,40.05082],[116.825469,40.050057],[116.825704,40.04734],[116.816702,40.045308],[116.81395,40.027183],[116.805669,40.031133],[116.7973,40.030963],[116.794184,40.027652],[116.783498,40.031275],[116.784132,40.033268],[116.775052,40.03342],[116.77171,40.031223],[116.765651,40.013247],[116.747187,40.014688],[116.740964,40.024163],[116.736146,40.026281],[116.727517,40.024605],[116.725972,40.020994],[116.718777,40.023051],[116.718168,40.020065],[116.713672,40.021298],[116.711328,40.018394],[116.710287,40.02256],[116.703316,40.025495],[116.69125,40.01493],[116.679618,40.015417],[116.682404,40.008021],[116.68033,40.007118],[116.677821,40.013311],[116.661797,40.011971],[116.654228,40.020551],[116.649757,40.017465],[116.645321,40.024666],[116.63033,40.018637],[116.627682,40.022609],[116.614297,40.021463],[116.608256,40.030703]],[[116.568247,40.106741],[116.574914,40.06675],[116.575574,40.072765],[116.580781,40.073277],[116.584323,40.055113],[116.582153,40.049488],[116.5854,40.050743],[116.585956,40.047713],[116.584286,40.042551],[116.594035,40.0406],[116.595842,40.046619],[116.592717,40.051494],[116.601216,40.051506],[116.602587,40.054318],[116.598794,40.08694],[116.592578,40.102821],[116.5929,40.092466],[116.590087,40.089171],[116.574549,40.087297],[116.572492,40.101672],[116.568247,40.106741]]]}},{"type":"Feature","properties":{"id":"cn:110114","name":"昌平区","level":2},"geometry":{"type":"Polygon","coordinates":[[[115.838204,40.166494],[115.848144,40.178841],[115.841997,40.182878],[115.849089,40.187779],[115.858752,40.184715],[115.866372,40.186446],[115.871199,40.199701],[115.879203,40.205294],[115.877302,40.216017],[115.892102,40.235371],[115.905991,40.233434],[115.909905,40.244897],[115.918491,40.250665],[115.927684,40.254272],[115.936711,40.252484],[115.957346,40.256594],[115.962884,40.262809],[115.960957,40.264481],[115.97271,40.271117],[115.975713,40.275726],[115.973257,40.283422],[115.97587,40.28339],[115.972076,40.291959],[115.977328,40.297319],[115.984204,40.2983],[115.978257,40.304837],[115.969464,40.307532],[115.967198,40.318131],[115.987268,40.327771],[115.99291,40.324225],[116.0014,40.331877],[116.01068,40.333383],[116.019742,40.324047],[116.024881,40.31103],[116.032589,40.31083],[116.036183,40.315488],[116.047745,40.316303],[116.050636,40.320783],[116.047034,40.325462],[116.055306,40.33534],[116.070523,40.338391],[116.080263,40.32919],[116.104004,40.329377],[116.116035,40.311374],[116.127025,40.310666],[116.135923,40.316647],[116.13173,40.329429],[116.137641,40.334798],[116.130159,40.337072],[116.134481,40.341204],[116.132711,40.344859],[116.139751,40.345826],[116.140132,40.33452],[116.14423,40.334772],[116.149021,40.340375],[116.147555,40.345366],[116.139195,40.349637],[116.14206,40.360523],[116.166652,40.368843],[116.170628,40.369668],[116.174126,40.366325],[116.185055,40.37215],[116.202077,40.374407],[116.207928,40.38137],[116.220619,40.379981],[116.225741,40.373708],[116.237425,40.37854],[116.242928,40.372502],[116.25186,40.382055],[116.255168,40.379286],[116.264769,40.381404],[116.276739,40.373982],[116.283622,40.378618],[116.284318,40.391556],[116.289127,40.389507],[116.289465,40.383136],[116.306843,40.388119],[116.317807,40.38594],[116.353788,40.365401],[116.351296,40.362662],[116.345324,40.363787],[116.342633,40.355041],[116.354144,40.358197],[116.363371,40.35505],[116.358258,40.347694],[116.363639,40.340982],[116.358926,40.329538],[116.36963,40.332407],[116.36917,40.336417],[116.378285,40.337611],[116.390203,40.33337],[116.40173,40.333774],[116.410767,40.328391],[116.427946,40.327684],[116.432156,40.331751],[116.437416,40.321296],[116.449516,40.313092],[116.437503,40.301044],[116.443301,40.295857],[116.443319,40.284216],[116.45409,40.285722],[116.46535,40.278951],[116.472649,40.27869],[116.477875,40.274585],[116.478144,40.266312],[116.481842,40.26337],[116.499958,40.260427],[116.49555,40.257944],[116.497271,40.250486],[116.494109,40.248211],[116.49052,40.251],[116.476341,40.245277],[116.479601,40.238861],[116.476624,40.238233],[116.478821,40.222053],[116.47129,40.222916],[116.464615,40.211078],[116.466078,40.203747],[116.481989,40.190201],[116.482106,40.176637],[116.474018,40.168595],[116.47205,40.162563],[116.474235,40.162326],[116.470604,40.157702],[116.481879,40.15656],[116.480885,40.148729],[116.477104,40.14953],[116.473074,40.145908],[116.478638,40.138781],[116.48612,40.110283],[116.484029,40.101446],[116.475244,40.095768],[116.467197,40.09619],[116.458742,40.092188],[116.46112,40.084376],[116.455677,40.07948],[116.456372,40.075325],[116.452622,40.074436],[116.452449,40.069019],[116.455964,40.066059],[116.453499,40.058737],[116.447943,40.060586],[116.44329,40.0574],[116.427032,40.060886],[116.403325,40.054211],[116.402187,40.048208],[116.39987,40.048351],[116.401206,40.039253],[116.389071,40.03536],[116.38671,40.040335],[116.37066,40.041363],[116.363368,40.045582],[116.361163,40.052066],[116.376597,40.060187],[116.375686,40.065005],[116.356928,40.067596],[116.356814,40.064566],[116.340752,40.062404],[116.341023,40.0592],[116.336511,40.058299],[116.337188,40.054119],[116.334106,40.053755],[116.329054,40.058581],[116.319817,40.053494],[116.312331,40.060324],[116.296839,40.058781],[116.28428,40.081897],[116.273829,40.07852],[116.267463,40.09059],[116.259185,40.093469],[116.252224,40.100295],[116.257839,40.102795],[116.257284,40.109354],[116.251963,40.110717],[116.253517,40.105673],[116.249818,40.103256],[116.234436,40.10678],[116.240991,40.134979],[116.227718,40.135344],[116.210183,40.141842],[116.203421,40.139367],[116.19974,40.142665],[116.196017,40.159705],[116.188117,40.15879],[116.184489,40.154046],[116.176494,40.15678],[116.174219,40.145973],[116.161451,40.140496],[116.165556,40.126611],[116.161164,40.127109],[116.163343,40.123226],[116.126598,40.11997],[116.125886,40.113694],[116.123091,40.113347],[116.099506,40.116606],[116.093872,40.114879],[116.089705,40.119849],[116.078091,40.118855],[116.071745,40.113733],[116.067518,40.11405],[116.063135,40.103538],[116.049593,40.095078],[116.042588,40.083963],[116.031641,40.083208],[116.027691,40.078364],[116.024679,40.080899],[116.014662,40.073311],[116.001632,40.079396],[115.981433,40.082365],[115.962544,40.074379],[115.960556,40.083455],[115.954454,40.091359],[115.956971,40.101025],[115.951259,40.099522],[115.950599,40.094957],[115.946676,40.099949],[115.937813,40.101715],[115.941954,40.10625],[115.940521,40.109332],[115.921085,40.129701],[115.907406,40.137453],[115.897892,40.134952],[115.894471,40.137678],[115.8756,40.138026],[115.859159,40.14757],[115.85027,40.146394],[115.842284,40.159927],[115.844506,40.162496],[115.840669,40.162071],[115.838204,40.166494]]]}},{"type":"Feature","properties":{"id":"cn:110115","name":"大兴区","level":2},"geometry":{"type":"Polygon","coordinates":[[[116.209441,39.641838],[116.217124,39.661851],[116.215518,39.667211],[116.219616,39.672372],[116.215188,39.677237],[116.224911,39.691148],[116.228417,39.703192],[116.225978,39.70548],[116.239016,39.717211],[116.242454,39.726829],[116.237923,39.740458],[116.246222,39.748409],[116.248409,39.762038],[116.245206,39.791114],[116.25038,39.792919],[116.250789,39.796123],[116.25439,39.795741],[116.256179,39.791566],[116.281213,39.79788],[116.283149,39.794664],[116.288783,39.795888],[116.28512,39.792047],[116.289668,39.790567],[116.295502,39.773691],[116.304807,39.768714],[116.31189,39.782168],[116.315692,39.782351],[116.316786,39.797108],[116.33445,39.800592],[116.335614,39.80627],[116.349538,39.804317],[116.350657,39.799122],[116.36084,39.798458],[116.361387,39.783605],[116.372281,39.784264],[116.37301,39.778019],[116.384434,39.779069],[116.385675,39.763883],[116.392671,39.764464],[116.389798,39.78535],[116.414025,39.786044],[116.414816,39.792741],[116.423062,39.792706],[116.423175,39.802199],[116.417881,39.802164],[116.419495,39.805267],[116.416222,39.809039],[116.403774,39.809938],[116.40393,39.815658],[116.413522,39.813974],[116.412203,39.821514],[116.408201,39.82288],[116.409546,39.828032],[116.413852,39.82522],[116.418991,39.830502],[116.430771,39.829274],[116.430467,39.826049],[116.43531,39.82775],[116.43972,39.825324],[116.437715,39.819581],[116.44782,39.821283],[116.457176,39.81301],[116.462628,39.813136],[116.46814,39.808461],[116.479173,39.811448],[116.479555,39.815606],[116.487408,39.819267],[116.489191,39.814921],[116.499807,39.816647],[116.496786,39.817772],[116.504166,39.820241],[116.504633,39.82644],[116.508662,39.829226],[116.519434,39.828592],[116.519573,39.825858],[116.533861,39.822594],[116.528258,39.817458],[116.534661,39.810746],[116.530678,39.808943],[116.53582,39.80205],[116.529224,39.799011],[116.531658,39.795548],[116.525025,39.790604],[116.53221,39.780156],[116.524194,39.777697],[116.530246,39.768745],[116.538793,39.771192],[116.539938,39.767624],[116.53062,39.767284],[116.53455,39.759954],[116.522398,39.760323],[116.517705,39.768766],[116.514137,39.764609],[116.519263,39.761238],[116.517073,39.748511],[116.525319,39.746448],[116.521505,39.742106],[116.534086,39.740467],[116.532124,39.736955],[116.526256,39.737576],[116.525951,39.728883],[116.53195,39.726934],[116.5311,39.720405],[116.528729,39.716951],[116.523461,39.71867],[116.520868,39.716051],[116.529797,39.710761],[116.540058,39.714029],[116.567488,39.713457],[116.567688,39.708079],[116.575431,39.711486],[116.596049,39.71183],[116.598791,39.717702],[116.607221,39.722833],[116.609964,39.720937],[116.610476,39.724548],[116.616092,39.724795],[116.615866,39.727039],[116.622333,39.726708],[116.625406,39.721934],[116.63183,39.722889],[116.632698,39.716115],[116.638775,39.708584],[116.64716,39.707546],[116.647159,39.702757],[116.642099,39.702516],[116.640432,39.699391],[116.641274,39.693726],[116.645684,39.693401],[116.645502,39.686805],[116.660693,39.686014],[116.663696,39.682547],[116.660154,39.678597],[116.662698,39.673505],[116.68676,39.675658],[116.697802,39.672993],[116.696916,39.64877],[116.704547,39.636774],[116.706656,39.639082],[116.717489,39.637854],[116.715388,39.628245],[116.719512,39.622893],[116.704078,39.616908],[116.694634,39.619877],[116.696612,39.609283],[116.707984,39.601721],[116.712003,39.602108],[116.718704,39.594038],[116.72031,39.596639],[116.721048,39.591877],[116.717532,39.593883],[116.717906,39.590918],[116.714034,39.589182],[116.699138,39.586835],[116.688155,39.600221],[116.676898,39.597298],[116.659234,39.604321],[116.651864,39.602381],[116.649434,39.598631],[116.644486,39.598891],[116.643791,39.602755],[116.643713,39.598809],[116.640727,39.598084],[116.636526,39.603648],[116.632576,39.603904],[116.629806,39.6038],[116.629624,39.598909],[116.622567,39.59854],[116.614755,39.600662],[116.610901,39.61308],[116.607428,39.612789],[116.606004,39.617871],[116.602038,39.618692],[116.602141,39.623696],[116.596421,39.623531],[116.594373,39.618648],[116.589564,39.617042],[116.586917,39.620558],[116.583763,39.618425],[116.577132,39.622101],[116.579831,39.622662],[116.573442,39.622467],[116.573624,39.618639],[116.560143,39.618742],[116.563859,39.610726],[116.560318,39.610097],[116.561246,39.604298],[116.556425,39.600779],[116.539961,39.594671],[116.537097,39.602302],[116.535968,39.592397],[116.524735,39.597653],[116.518546,39.595414],[116.515352,39.589098],[116.516819,39.581998],[116.513789,39.580592],[116.514479,39.576016],[116.520251,39.576158],[116.521467,39.572079],[116.51447,39.570776],[116.513472,39.565352],[116.505616,39.56434],[116.5021,39.559083],[116.5025,39.549891],[116.487587,39.548415],[116.483741,39.549041],[116.483446,39.552248],[116.464853,39.553328],[116.471685,39.541892],[116.471387,39.53347],[116.462861,39.533104],[116.458481,39.530343],[116.458446,39.52635],[116.431341,39.525184],[116.437673,39.508568],[116.426839,39.506102],[116.42552,39.509205],[116.418446,39.508398],[116.418906,39.51684],[116.415277,39.523767],[116.395512,39.526327],[116.396623,39.513047],[116.402378,39.506671],[116.412544,39.505052],[116.416718,39.495269],[116.411736,39.494644],[116.406177,39.480738],[116.421139,39.486452],[116.423785,39.480004],[116.419228,39.478963],[116.422161,39.474904],[116.430087,39.481601],[116.437994,39.480894],[116.437647,39.476641],[116.440842,39.477986],[116.442622,39.474991],[116.442508,39.463832],[116.447856,39.456237],[116.449967,39.457662],[116.444218,39.447243],[116.431076,39.444652],[116.428229,39.441454],[116.418567,39.445828],[116.385715,39.451584],[116.381599,39.449214],[116.361649,39.450347],[116.356831,39.454375],[116.345017,39.454271],[116.344054,39.451645],[116.330582,39.454852],[116.314502,39.466734],[116.313891,39.472218],[116.308133,39.475474],[116.299609,39.488311],[116.277208,39.492784],[116.274044,39.489947],[116.269641,39.494036],[116.251959,39.499373],[116.249245,39.507278],[116.238645,39.516376],[116.240787,39.518825],[116.237535,39.523069],[116.242363,39.528548],[116.23962,39.528975],[116.23757,39.547951],[116.239722,39.549293],[116.236501,39.551801],[116.240191,39.555994],[116.234652,39.562917],[116.228672,39.56276],[116.23046,39.567213],[116.221854,39.564877],[116.21514,39.577619],[116.220344,39.590496],[116.216576,39.592736],[116.212037,39.606903],[116.21359,39.618447],[116.209441,39.641838]]]}},{"type":"Feature","properties":{"id":"cn:110116","name":"怀柔区","level":2},"geometry":{"type":"Polygon","coordinates":[[[116.27772,40.394112],[116.285498,40.407142],[116.28385,40.414348],[116.280899,40.414977],[116.287409,40.415611],[116.290534,40.419387],[116.284571,40.434314],[116.284919,40.443415],[116.287705,40.451506],[116.291715,40.455716],[116.294892,40.454939],[116.300708,40.464744],[116.288339,40.474349],[116.285578,40.48397],[116.297628,40.484462],[116.317037,40.49875],[116.339815,40.497344],[116.350778,40.500477],[116.368782,40.496918],[116.372653,40.489219],[116.370067,40.488802],[116.372402,40.487175],[116.370535,40.484253],[116.377809,40.481007],[116.382427,40.482635],[116.379442,40.481102],[116.382037,40.476992],[116.379094,40.475829],[116.387385,40.471063],[116.401038,40.480672],[116.410344,40.481506],[116.422167,40.476632],[116.436925,40.48033],[116.445639,40.478737],[116.449684,40.479454],[116.451656,40.486984],[116.461994,40.483502],[116.477367,40.483598],[116.486021,40.479658],[116.502246,40.481854],[116.512714,40.489731],[116.513114,40.495318],[116.494355,40.509558],[116.491656,40.516728],[116.470396,40.512662],[116.457836,40.518365],[116.454712,40.522899],[116.473322,40.539788],[116.478349,40.551406],[116.490241,40.553785],[116.493818,40.55948],[116.49906,40.561215],[116.503367,40.571394],[116.507081,40.571451],[116.515779,40.579841],[116.513635,40.583599],[116.517004,40.580318],[116.525579,40.590001],[116.524928,40.59458],[116.529972,40.598134],[116.526717,40.607166],[116.533315,40.624307],[116.545736,40.623941],[116.555311,40.627306],[116.563081,40.624237],[116.568193,40.630431],[116.568019,40.635045],[116.557976,40.635656],[116.545207,40.641541],[116.544382,40.646311],[116.534061,40.655361],[116.529408,40.65527],[116.528714,40.651667],[116.512324,40.65954],[116.514043,40.662722],[116.509764,40.669815],[116.499521,40.673382],[116.495597,40.66971],[116.480172,40.673295],[116.477177,40.677896],[116.482542,40.690327],[116.496562,40.695847],[116.494756,40.703509],[116.499981,40.709363],[116.496622,40.716794],[116.504617,40.724706],[116.503419,40.73412],[116.507611,40.740002],[116.495511,40.745188],[116.49677,40.755132],[116.494122,40.759303],[116.489322,40.758217],[116.479417,40.763317],[116.474191,40.770001],[116.459182,40.771125],[116.454417,40.780639],[116.45276,40.794294],[116.445849,40.796404],[116.444027,40.800965],[116.434539,40.806238],[116.431066,40.818682],[116.415788,40.821177],[116.400363,40.831281],[116.395494,40.845053],[116.385416,40.853096],[116.383341,40.860062],[116.37538,40.86172],[116.360277,40.874906],[116.357837,40.880435],[116.328176,40.902931],[116.327942,40.919537],[116.335641,40.929598],[116.343827,40.934294],[116.353341,40.934511],[116.358741,40.941447],[116.363992,40.941868],[116.373575,40.933977],[116.378524,40.921056],[116.39216,40.904234],[116.398385,40.903943],[116.407351,40.897975],[116.424357,40.901668],[116.430259,40.897619],[116.444418,40.899589],[116.467933,40.894364],[116.471371,40.9007],[116.467343,40.918022],[116.460937,40.929586],[116.455347,40.930675],[116.448507,40.947745],[116.441119,40.952037],[116.44697,40.962784],[116.445347,40.967923],[116.449869,40.979512],[116.457838,40.982701],[116.469279,40.976646],[116.479383,40.980722],[116.487266,40.976208],[116.510182,40.973565],[116.513481,40.979933],[116.522144,40.980801],[116.529592,40.987086],[116.536493,40.988713],[116.549627,40.985953],[116.557361,40.992107],[116.582118,40.975732],[116.592862,40.973246],[116.60814,40.981155],[116.609936,40.985516],[116.611291,40.996576],[116.608765,41.001341],[116.617029,41.019341],[116.616082,41.028689],[116.607688,41.035665],[116.611942,41.047487],[116.609763,41.051523],[116.618869,41.053185],[116.624902,41.059223],[116.631594,41.059115],[116.645145,41.056181],[116.654468,41.047595],[116.667211,41.044744],[116.670917,41.041103],[116.68353,41.042847],[116.692697,41.019163],[116.684007,41.010234],[116.68485,41.005616],[116.676994,40.998876],[116.676481,40.984418],[116.679225,40.98105],[116.671863,40.974396],[116.67162,40.969878],[116.680839,40.961627],[116.683286,40.949227],[116.695856,40.939605],[116.696662,40.934921],[116.706125,40.933216],[116.70774,40.927812],[116.716255,40.925672],[116.710951,40.920095],[116.707271,40.908724],[116.717505,40.904709],[116.724258,40.896167],[116.753052,40.888645],[116.753338,40.879864],[116.763112,40.881392],[116.766141,40.876939],[116.773355,40.875533],[116.790334,40.86081],[116.790378,40.854053],[116.796228,40.849656],[116.795421,40.843679],[116.798477,40.839404],[116.807096,40.846796],[116.814587,40.84677],[116.819874,40.839721],[116.830759,40.840555],[116.850247,40.833696],[116.855958,40.826991],[116.855116,40.824104],[116.86983,40.819977],[116.874613,40.815081],[116.874092,40.803149],[116.880906,40.800002],[116.859292,40.79324],[116.856505,40.79081],[116.86141,40.783184],[116.851965,40.781673],[116.842868,40.772889],[116.830021,40.770593],[116.828893,40.767411],[116.83398,40.759291],[116.823346,40.74851],[116.80812,40.748935],[116.794136,40.744725],[116.786098,40.747598],[116.777573,40.756148],[116.774544,40.750029],[116.784292,40.727803],[116.779118,40.700085],[116.749977,40.70423],[116.741531,40.695679],[116.71944,40.687676],[116.719258,40.683237],[116.707122,40.676213],[116.708241,40.664777],[116.703406,40.659981],[116.706774,40.650875],[116.706079,40.639886],[116.695403,40.63156],[116.699005,40.619143],[116.691878,40.617055],[116.70167,40.60772],[116.69963,40.601383],[116.705125,40.598861],[116.702356,40.593918],[116.705515,40.59054],[116.702859,40.588709],[116.708241,40.578939],[116.70877,40.569767],[116.701323,40.562936],[116.690559,40.564569],[116.674569,40.561513],[116.676349,40.555419],[116.662746,40.556253],[116.663709,40.553617],[116.659829,40.551509],[116.66173,40.54932],[116.672859,40.555319],[116.674074,40.548617],[116.693684,40.54544],[116.697529,40.542003],[116.696331,40.536833],[116.711088,40.523738],[116.706139,40.520739],[116.705315,40.515158],[116.694933,40.509091],[116.693779,40.494933],[116.68666,40.486569],[116.698457,40.477797],[116.687433,40.48044],[116.688848,40.467107],[116.703639,40.456746],[116.710714,40.455749],[116.713231,40.459112],[116.717485,40.457241],[116.7164,40.453252],[116.713526,40.454632],[116.713162,40.447348],[116.717363,40.446069],[116.719733,40.44185],[116.716434,40.43959],[116.719889,40.438504],[116.710332,40.440431],[116.717432,40.433778],[116.716243,40.422558],[116.719446,40.416777],[116.729403,40.419307],[116.727102,40.417016],[116.735427,40.414945],[116.718284,40.407918],[116.711869,40.400513],[116.703865,40.401616],[116.707155,40.400305],[116.707146,40.39626],[116.701808,40.39363],[116.700627,40.392484],[116.704247,40.390518],[116.704143,40.39459],[116.707763,40.39455],[116.705645,40.385661],[116.710159,40.382862],[116.700445,40.372563],[116.707997,40.367363],[116.713778,40.367779],[116.711999,40.360084],[116.720661,40.359919],[116.721382,40.345258],[116.716877,40.337905],[116.72508,40.337753],[116.725175,40.333764],[116.737927,40.33787],[116.738517,40.332436],[116.752414,40.332602],[116.753552,40.325588],[116.762042,40.323668],[116.759047,40.32303],[116.762189,40.314545],[116.76718,40.314714],[116.767458,40.312449],[116.756746,40.309159],[116.750705,40.301321],[116.748317,40.302414],[116.736677,40.286295],[116.704784,40.25501],[116.698621,40.255895],[116.696929,40.248513],[116.690522,40.246885],[116.691234,40.24202],[116.67803,40.233109],[116.67185,40.232532],[116.66922,40.238361],[116.66823,40.234354],[116.662536,40.236347],[116.667371,40.245631],[116.661208,40.261545],[116.637197,40.256051],[116.629394,40.26037],[116.617814,40.259506],[116.616199,40.249385],[116.60008,40.249667],[116.593821,40.26432],[116.585011,40.263066],[116.582572,40.268383],[116.579317,40.265115],[116.564351,40.267775],[116.564664,40.272003],[116.5595,40.27228],[116.560315,40.27692],[116.546279,40.272706],[116.531001,40.276005],[116.53416,40.266013],[116.529768,40.260201],[116.51903,40.260006],[116.517988,40.256321],[116.503162,40.25682],[116.503223,40.259854],[116.481842,40.26337],[116.478144,40.266312],[116.477875,40.274585],[116.472649,40.27869],[116.46535,40.278951],[116.45409,40.285722],[116.443319,40.284216],[116.443301,40.295857],[116.437503,40.301044],[116.449516,40.313092],[116.437416,40.321296],[116.432156,40.331751],[116.427946,40.327684],[116.410767,40.328391],[116.40173,40.333774],[116.390203,40.33337],[116.378285,40.337611],[116.36917,40.336417],[116.36963,40.332407],[116.358926,40.329538],[116.363639,40.340982],[116.358258,40.347694],[116.363414,40.354929],[116.354144,40.358197],[116.342633,40.355041],[116.345324,40.363787],[116.351296,40.362662],[116.353788,40.365401],[116.349126,40.369963],[116.338848,40.371773],[116.317807,40.38594],[116.306843,40.388119],[116.289465,40.383136],[116.28765,40.391114],[116.27772,40.394112]]]}},{"type":"Feature","properties":{"id":"cn:110117","name":"平谷区","level":2},"geometry":{"type":"Polygon","coordinates":[[[116.923464,40.209845],[116.933473,40.211637],[116.934957,40.222831],[116.929445,40.22816],[116.930834,40.231164],[116.945201,40.235243],[116.953846,40.231546],[116.967952,40.243399],[116.967709,40.250478],[116.955574,40.251546],[116.944897,40.259957],[116.955912,40.272293],[116.964402,40.275361],[116.969081,40.283239],[116.997814,40.292657],[116.995731,40.298525],[117.005184,40.306255],[117.000809,40.318412],[117.015877,40.335669],[117.041807,40.340127],[117.047797,40.335461],[117.053552,40.335934],[117.090279,40.358126],[117.094333,40.359063],[117.110869,40.352271],[117.135713,40.36129],[117.140739,40.368413],[117.148995,40.369927],[117.150097,40.37349],[117.160479,40.369953],[117.178977,40.376425],[117.199515,40.371754],[117.211894,40.376411],[117.217449,40.374224],[117.21975,40.36773],[117.236321,40.368499],[117.243422,40.35741],[117.24777,40.356268],[117.250435,40.340678],[117.254834,40.337782],[117.253516,40.33474],[117.26843,40.331312],[117.264845,40.323994],[117.267909,40.307262],[117.286841,40.295439],[117.286077,40.282852],[117.288855,40.277044],[117.307492,40.278712],[117.31027,40.283773],[117.317179,40.283199],[117.325175,40.288299],[117.330912,40.262283],[117.335608,40.255126],[117.333282,40.244822],[117.338864,40.233564],[117.344992,40.22806],[117.363117,40.232127],[117.383325,40.226524],[117.387022,40.220217],[117.370851,40.217084],[117.371875,40.208637],[117.386588,40.202435],[117.376064,40.200338],[117.37566,40.203133],[117.373195,40.200556],[117.374783,40.193473],[117.37889,40.193035],[117.37717,40.186536],[117.384132,40.189289],[117.386355,40.187491],[117.391007,40.191472],[117.40099,40.186051],[117.398039,40.181793],[117.384723,40.176702],[117.386493,40.173464],[117.373716,40.175499],[117.37454,40.171033],[117.365365,40.175118],[117.359974,40.170864],[117.357578,40.175434],[117.355243,40.170261],[117.344766,40.171537],[117.353993,40.155569],[117.343768,40.147235],[117.348664,40.147205],[117.343915,40.143441],[117.350269,40.143654],[117.349731,40.139522],[117.340747,40.134223],[117.324106,40.132274],[117.316745,40.139383],[117.305217,40.138142],[117.291363,40.117856],[117.276858,40.119253],[117.26901,40.112209],[117.267943,40.104553],[117.260417,40.110925],[117.242865,40.11523],[117.231824,40.110494],[117.218004,40.097348],[117.218091,40.09339],[117.204757,40.095295],[117.204644,40.089379],[117.208968,40.084006],[117.197474,40.077964],[117.201198,40.073277],[117.192751,40.065963],[117.185226,40.071888],[117.183942,40.08108],[117.179054,40.083685],[117.17507,40.078763],[117.179896,40.074128],[117.173776,40.068168],[117.14987,40.077291],[117.153663,40.074418],[117.14974,40.06796],[117.132683,40.062648],[117.121919,40.064166],[117.11296,40.071003],[117.0956,40.07142],[117.09737,40.074154],[117.094688,40.074853],[117.079081,40.073707],[117.076363,40.063763],[117.074532,40.067401],[117.063151,40.066164],[117.064141,40.062777],[117.045585,40.058015],[117.047127,40.051663],[117.032249,40.048039],[117.020703,40.037526],[117.022171,40.032656],[117.017483,40.032427],[117.018586,40.028833],[117.007795,40.031623],[116.994453,40.028694],[116.980521,40.037517],[116.965061,40.034883],[116.962752,40.037544],[116.966311,40.043381],[116.955921,40.049671],[116.956233,40.062409],[116.972475,40.063741],[116.980122,40.077171],[116.968915,40.080265],[116.975643,40.080786],[116.97204,40.088087],[116.975755,40.090846],[116.961884,40.100074],[116.967214,40.102569],[116.969948,40.11004],[116.963221,40.117274],[116.965486,40.123073],[116.959697,40.126684],[116.971624,40.150217],[116.955175,40.170816],[116.955964,40.174415],[116.945339,40.173689],[116.945339,40.176589],[116.941703,40.176441],[116.939775,40.185122],[116.943933,40.185247],[116.943369,40.189063],[116.93816,40.192518],[116.933533,40.19126],[116.923464,40.209845]]]}},{"type":"Feature","properties":{"id":"cn:110118","name":"密云区","level":2},"geometry":{"type":"Polygon","coordinates":[[[116.659794,40.551191],[116.663709,40.553617],[116.662746,40.556253],[116.676349,40.555419],[116.674569,40.561513],[116.690559,40.564569],[116.701323,40.562936],[116.70877,40.569767],[116.708241,40.578939],[116.702859,40.588709],[116.705515,40.59054],[116.702356,40.593918],[116.705125,40.598861],[116.69963,40.601383],[116.70167,40.60772],[116.691878,40.617055],[116.699005,40.619143],[116.695403,40.63156],[116.706079,40.639886],[116.706774,40.650875],[116.703406,40.659981],[116.708241,40.664777],[116.708658,40.678509],[116.719258,40.683237],[116.720854,40.688444],[116.741705,40.695775],[116.749977,40.70423],[116.779118,40.700085],[116.784292,40.727803],[116.774544,40.750029],[116.777625,40.756205],[116.786098,40.747598],[116.794136,40.744725],[116.80812,40.748935],[116.823346,40.74851],[116.83398,40.759291],[116.828893,40.767411],[116.830021,40.770593],[116.842868,40.772889],[116.851965,40.781673],[116.86141,40.783184],[116.856523,40.791469],[116.864761,40.793089],[116.868042,40.797945],[116.87404,40.795975],[116.879978,40.799669],[116.890655,40.795086],[116.889265,40.781014],[116.885316,40.782446],[116.886418,40.778987],[116.892564,40.775406],[116.919083,40.771518],[116.916514,40.767425],[116.922008,40.755202],[116.916991,40.750757],[116.920497,40.743575],[116.934621,40.738457],[116.936617,40.728539],[116.956964,40.71719],[116.960836,40.713166],[116.959352,40.707832],[116.973726,40.701447],[116.981929,40.701747],[116.999708,40.693123],[117.012555,40.694563],[117.024898,40.690609],[117.037989,40.698791],[117.070202,40.698404],[117.104012,40.706586],[117.110341,40.698526],[117.122154,40.699277],[117.131599,40.695535],[117.142137,40.697375],[117.152553,40.694671],[117.157909,40.698074],[117.17067,40.691793],[117.176946,40.696073],[117.200617,40.693499],[117.226399,40.682315],[117.235158,40.67521],[117.254923,40.679697],[117.271468,40.66698],[117.27211,40.663017],[117.283898,40.658729],[117.314575,40.656779],[117.330088,40.661741],[117.336008,40.672079],[117.353056,40.672336],[117.364758,40.678338],[117.372032,40.67731],[117.380244,40.682543],[117.402458,40.685643],[117.419672,40.683661],[117.425948,40.679997],[117.430583,40.681968],[117.435479,40.674997],[117.447094,40.676134],[117.460679,40.671685],[117.475757,40.677497],[117.489238,40.672722],[117.508074,40.659098],[117.506677,40.653912],[117.496261,40.651629],[117.498552,40.645175],[117.494385,40.640796],[117.493864,40.634758],[117.471833,40.633591],[117.469038,40.642813],[117.460982,40.648685],[117.457354,40.647127],[117.455306,40.651512],[117.44218,40.649893],[117.449758,40.647588],[117.444724,40.644992],[117.447301,40.640964],[117.441512,40.626238],[117.424801,40.624002],[117.421455,40.636356],[117.413163,40.635196],[117.413566,40.627894],[117.417947,40.621672],[117.405973,40.603532],[117.415018,40.591974],[117.416449,40.579869],[117.423048,40.577726],[117.42323,40.574562],[117.41447,40.567543],[117.396831,40.572678],[117.380911,40.559222],[117.371154,40.562065],[117.35921,40.574423],[117.346345,40.577313],[117.343534,40.580677],[117.323256,40.574162],[117.305278,40.57658],[117.29303,40.565386],[117.279662,40.563949],[117.272769,40.55895],[117.262995,40.559063],[117.24309,40.546814],[117.244349,40.540876],[117.240964,40.538872],[117.257656,40.515907],[117.256667,40.511797],[117.249114,40.513572],[117.240685,40.510426],[117.232829,40.515378],[117.223793,40.50974],[117.212258,40.51296],[117.207048,40.510833],[117.207986,40.505542],[117.202014,40.499548],[117.202483,40.495586],[117.21099,40.493603],[117.221849,40.480265],[117.219236,40.475004],[117.221728,40.47151],[117.230712,40.467808],[117.226762,40.461862],[117.228915,40.456124],[117.236858,40.454093],[117.245833,40.449028],[117.246423,40.444535],[117.257603,40.440142],[117.227638,40.415832],[117.231173,40.405891],[117.229958,40.399945],[117.234263,40.393109],[117.22205,40.385092],[117.217449,40.374224],[117.211894,40.376411],[117.198213,40.371737],[117.178664,40.376407],[117.160479,40.369953],[117.150097,40.37349],[117.148995,40.369927],[117.140739,40.368413],[117.135713,40.36129],[117.110869,40.352271],[117.094333,40.359063],[117.090279,40.358126],[117.053552,40.335934],[117.047797,40.335461],[117.041807,40.340127],[117.015877,40.335669],[117.000809,40.318412],[117.005184,40.306255],[116.995731,40.298525],[116.997814,40.292657],[116.969081,40.283239],[116.964402,40.275361],[116.955912,40.272293],[116.944897,40.259957],[116.955574,40.251546],[116.967709,40.250478],[116.967952,40.243399],[116.953846,40.231546],[116.940861,40.234992],[116.939619,40.23234],[116.925061,40.229545],[116.916043,40.219054],[116.903056,40.221068],[116.900626,40.227613],[116.888213,40.231237],[116.895331,40.236945],[116.888386,40.23895],[116.873908,40.263052],[116.868274,40.267184],[116.870357,40.273243],[116.865748,40.28037],[116.865626,40.289706],[116.851867,40.291134],[116.842953,40.310053],[116.83132,40.308781],[116.822935,40.303226],[116.824038,40.298018],[116.821104,40.297028],[116.819055,40.284163],[116.811876,40.282935],[116.815496,40.280092],[116.805731,40.281182],[116.804888,40.287931],[116.803517,40.284801],[116.795045,40.287953],[116.787528,40.285665],[116.782771,40.290183],[116.781677,40.280201],[116.777944,40.278192],[116.776833,40.272002],[116.765513,40.265244],[116.762475,40.268846],[116.757476,40.265934],[116.756555,40.270053],[116.749654,40.273678],[116.732224,40.277501],[116.734976,40.281738],[116.73284,40.28284],[116.748317,40.302414],[116.750705,40.301321],[116.756746,40.309159],[116.767918,40.314211],[116.762189,40.314545],[116.759047,40.32303],[116.762042,40.323668],[116.753552,40.325588],[116.752414,40.332602],[116.738517,40.332436],[116.737927,40.33787],[116.725175,40.333764],[116.72508,40.337753],[116.716877,40.337905],[116.721382,40.345258],[116.720661,40.359919],[116.711999,40.360084],[116.713778,40.367779],[116.707997,40.367363],[116.700445,40.372563],[116.710159,40.382862],[116.705645,40.385661],[116.707763,40.39455],[116.704143,40.39459],[116.704247,40.390518],[116.700627,40.392484],[116.701808,40.39363],[116.707146,40.39626],[116.707155,40.400305],[116.703865,40.401616],[116.711869,40.400513],[116.718284,40.407918],[116.734672,40.413148],[116.735427,40.414945],[116.727102,40.417016],[116.729403,40.419307],[116.719446,40.416777],[116.716243,40.422558],[116.717432,40.433778],[116.710332,40.440431],[116.718708,40.437054],[116.719889,40.438504],[116.716434,40.43959],[116.719733,40.44185],[116.717363,40.446069],[116.713162,40.447348],[116.713526,40.454632],[116.7164,40.453252],[116.717485,40.457241],[116.713231,40.459112],[116.710714,40.455749],[116.703639,40.456746],[116.688848,40.467107],[116.687433,40.48044],[116.698457,40.477797],[116.68666,40.486569],[116.693779,40.494933],[116.694933,40.509091],[116.705315,40.515158],[116.706139,40.520739],[116.711088,40.523738],[116.696331,40.536833],[116.697529,40.542003],[116.693684,40.54544],[116.674074,40.548617],[116.672859,40.555319],[116.66173,40.54932],[116.659794,40.551191]]]}},{"type":"Feature","properties":{"id":"cn:110119","name":"延庆区","level":2},"geometry":{"type":"Polygon","coordinates":[[[115.729717,40.50252],[115.742374,40.524755],[115.749309,40.529695],[115.746549,40.535467],[115.748727,40.538705],[115.757565,40.539239],[115.763858,40.546665],[115.784361,40.559612],[115.792817,40.556383],[115.813589,40.558068],[115.821549,40.586063],[115.84004,40.591801],[115.848772,40.588927],[115.861966,40.594739],[115.879354,40.594036],[115.901776,40.616102],[115.960725,40.605021],[115.959606,40.599809],[115.965881,40.601088],[115.969588,40.587829],[115.977305,40.577473],[115.989068,40.578541],[115.990882,40.58292],[115.998781,40.582556],[116.010569,40.595886],[116.009424,40.599075],[116.019276,40.605286],[116.023747,40.603945],[116.023747,40.595924],[116.056334,40.608789],[116.066134,40.609718],[116.070283,40.618333],[116.092454,40.629002],[116.097975,40.625412],[116.115318,40.627578],[116.104181,40.645343],[116.118825,40.652509],[116.128469,40.665503],[116.158322,40.661836],[116.167402,40.687501],[116.165041,40.69444],[116.169929,40.69901],[116.17163,40.706354],[116.186039,40.723247],[116.199486,40.731524],[116.198496,40.738421],[116.211977,40.740821],[116.217142,40.752297],[116.227654,40.757596],[116.223809,40.760908],[116.225171,40.769359],[116.229469,40.773629],[116.22887,40.781615],[116.241492,40.790291],[116.252125,40.786233],[116.263436,40.77566],[116.267308,40.761394],[116.284052,40.762783],[116.288488,40.757344],[116.302715,40.750387],[116.304929,40.753569],[116.30176,40.762201],[116.306978,40.768647],[116.323262,40.772167],[116.36137,40.769224],[116.401492,40.778725],[116.407942,40.776225],[116.410138,40.767693],[116.418505,40.76577],[116.438097,40.767554],[116.447664,40.764242],[116.459182,40.771125],[116.474348,40.769941],[116.479417,40.763317],[116.489322,40.758217],[116.494122,40.759303],[116.49677,40.755132],[116.495511,40.745188],[116.507637,40.739941],[116.503419,40.73412],[116.504617,40.724706],[116.496622,40.716794],[116.499981,40.709363],[116.494756,40.703509],[116.496562,40.695847],[116.482637,40.690457],[116.478089,40.675895],[116.495597,40.66971],[116.499425,40.67339],[116.50742,40.670939],[116.514043,40.662722],[116.512324,40.65954],[116.520961,40.657175],[116.521188,40.654015],[116.529069,40.65162],[116.529408,40.65527],[116.534061,40.655361],[116.544382,40.646311],[116.545207,40.641541],[116.557976,40.635656],[116.568019,40.635045],[116.567898,40.629701],[116.563081,40.624237],[116.555311,40.627306],[116.545736,40.623941],[116.533315,40.624307],[116.526717,40.607166],[116.529972,40.598134],[116.524928,40.59458],[116.525579,40.590001],[116.517004,40.580318],[116.513635,40.583599],[116.515779,40.579841],[116.507081,40.571451],[116.503367,40.571394],[116.49906,40.561215],[116.493818,40.55948],[116.490241,40.553785],[116.478349,40.551406],[116.473322,40.539788],[116.454712,40.522899],[116.457836,40.518365],[116.470396,40.512662],[116.491812,40.516619],[116.494355,40.509558],[116.513157,40.495191],[116.512714,40.489731],[116.502333,40.481888],[116.482958,40.479731],[116.477367,40.483598],[116.461994,40.483502],[116.451656,40.486984],[116.449121,40.479185],[116.436925,40.48033],[116.422167,40.476632],[116.410344,40.481506],[116.401038,40.480672],[116.387385,40.471063],[116.379094,40.475829],[116.382037,40.476992],[116.379442,40.481102],[116.382427,40.482635],[116.377809,40.481007],[116.370535,40.484253],[116.372402,40.487175],[116.370067,40.488802],[116.372653,40.489219],[116.368782,40.496918],[116.350778,40.500477],[116.339815,40.497344],[116.317037,40.49875],[116.297628,40.484462],[116.285578,40.48397],[116.288339,40.474349],[116.300708,40.464744],[116.294892,40.454939],[116.291715,40.455716],[116.287705,40.451506],[116.283677,40.439592],[116.290534,40.419387],[116.287409,40.415611],[116.280899,40.414977],[116.28385,40.414348],[116.285498,40.407142],[116.27772,40.394112],[116.28377,40.390376],[116.284629,40.381872],[116.278041,40.374646],[116.264769,40.381404],[116.255168,40.379286],[116.252094,40.382064],[116.24733,40.380078],[116.242928,40.372502],[116.237425,40.37854],[116.225741,40.373708],[116.220619,40.379981],[116.207928,40.38137],[116.202077,40.374407],[116.185055,40.37215],[116.174126,40.366325],[116.170628,40.369668],[116.166652,40.368843],[116.162529,40.365341],[116.143275,40.361048],[116.139195,40.349637],[116.147555,40.345366],[116.149021,40.340375],[116.14423,40.334772],[116.140132,40.33452],[116.139751,40.345826],[116.132711,40.344859],[116.134481,40.341204],[116.130159,40.337072],[116.137641,40.334798],[116.13173,40.329429],[116.135923,40.316647],[116.126599,40.310571],[116.115827,40.311547],[116.104004,40.329377],[116.080263,40.32919],[116.070601,40.338387],[116.055306,40.33534],[116.047034,40.325462],[116.050636,40.320783],[116.047745,40.316303],[116.036183,40.315488],[116.032589,40.31083],[116.024881,40.31103],[116.019742,40.324047],[116.01068,40.333383],[116.0014,40.331877],[115.99291,40.324225],[115.984811,40.327115],[115.967094,40.318018],[115.969464,40.307532],[115.978257,40.304837],[115.984204,40.2983],[115.973353,40.294238],[115.972589,40.288464],[115.97587,40.28339],[115.972736,40.28047],[115.975713,40.275726],[115.960957,40.264481],[115.949056,40.276017],[115.944064,40.288122],[115.940107,40.287949],[115.939871,40.295101],[115.933587,40.30251],[115.937806,40.309859],[115.930583,40.312284],[115.926565,40.318539],[115.920401,40.31852],[115.916764,40.323669],[115.921226,40.328526],[115.916894,40.331829],[115.915436,40.337584],[115.918267,40.340674],[115.91232,40.352815],[115.903553,40.356543],[115.879238,40.355935],[115.870185,40.361048],[115.858388,40.358218],[115.85851,40.362801],[115.851947,40.362241],[115.855844,40.363691],[115.853014,40.366638],[115.855984,40.367267],[115.852173,40.367315],[115.856209,40.368157],[115.854343,40.374546],[115.840758,40.373938],[115.835306,40.376707],[115.788623,40.426114],[115.791783,40.427612],[115.79062,40.43127],[115.783659,40.431213],[115.772963,40.441352],[115.764119,40.442876],[115.76799,40.446223],[115.765539,40.451389],[115.769147,40.456855],[115.772646,40.455335],[115.771291,40.45889],[115.774112,40.462134],[115.766144,40.460171],[115.763641,40.467846],[115.770377,40.476218],[115.769891,40.481405],[115.775473,40.491466],[115.758008,40.497928],[115.738397,40.497385],[115.736757,40.493657],[115.729717,40.50252]]]}}]}