{"type":"FeatureCollection","features":[{"type":"Feature","properties":{"id":"cn:14","name":"山西省","level":0},"geometry":{"type":"Polygon","coordinates":[[[110.224324,34.693752],[110.237916,34.726886],[110.24161,34.789887],[110.235106,34.801346],[110.228429,34.838365],[110.233561,34.853005],[110.225684,34.881644],[110.249069,34.920055],[110.250667,34.933212],[110.256894,34.945202],[110.26937,34.948123],[110.281739,34.967877],[110.294228,34.979834],[110.296182,34.989395],[110.315487,35.005876],[110.315195,35.039169],[110.327711,35.045737],[110.340989,35.084923],[110.368182,35.134712],[110.359226,35.140747],[110.358829,35.198449],[110.37281,35.211271],[110.369291,35.252305],[110.388002,35.270651],[110.398399,35.286799],[110.406791,35.291614],[110.415528,35.302965],[110.444462,35.328062],[110.472111,35.414142],[110.480437,35.423172],[110.507686,35.483502],[110.526339,35.511848],[110.54022,35.520764],[110.550575,35.533385],[110.562222,35.539933],[110.575677,35.563565],[110.583818,35.602559],[110.604065,35.632571],[110.598718,35.659253],[110.587097,35.663697],[110.587037,35.682685],[110.577412,35.691689],[110.57234,35.701833],[110.574462,35.715546],[110.569959,35.767038],[110.558678,35.785254],[110.565974,35.801038],[110.558707,35.818642],[110.558897,35.826226],[110.545429,35.838349],[110.545894,35.875661],[110.537097,35.879491],[110.521158,35.875558],[110.505425,35.881457],[110.510083,35.897396],[110.507547,35.908626],[110.511273,35.921874],[110.500775,35.936288],[110.497249,35.947594],[110.498867,35.95182],[110.50961,35.958276],[110.511316,35.972107],[110.493367,35.983457],[110.487674,35.992357],[110.494194,36.008193],[110.487881,36.023097],[110.486691,36.034741],[110.47377,36.060343],[110.462382,36.074636],[110.464848,36.094605],[110.452949,36.107605],[110.444834,36.132209],[110.441431,36.164262],[110.454207,36.199678],[110.447252,36.219246],[110.468349,36.248108],[110.471422,36.257649],[110.469893,36.281622],[110.461674,36.293714],[110.468427,36.308704],[110.454361,36.327756],[110.454038,36.335356],[110.463921,36.352142],[110.463661,36.369884],[110.48145,36.393819],[110.486383,36.42026],[110.484183,36.42998],[110.468336,36.445792],[110.467577,36.453116],[110.472236,36.460282],[110.490236,36.472949],[110.497882,36.488134],[110.495747,36.536069],[110.483406,36.553568],[110.492739,36.577916],[110.489176,36.583753],[110.465872,36.595555],[110.448073,36.613372],[110.416648,36.661461],[110.393101,36.673002],[110.38596,36.680972],[110.387513,36.69215],[110.397242,36.696911],[110.405833,36.694634],[110.417838,36.680661],[110.430052,36.681179],[110.432432,36.685629],[110.429379,36.707313],[110.446146,36.726253],[110.446767,36.73236],[110.441282,36.737431],[110.434243,36.736811],[110.420167,36.72201],[110.410024,36.723251],[110.410956,36.731531],[110.42555,36.743642],[110.424939,36.752057],[110.414423,36.760419],[110.382794,36.76456],[110.377163,36.769859],[110.378406,36.77491],[110.395322,36.772136],[110.400356,36.774123],[110.413836,36.797923],[110.41719,36.818776],[110.403243,36.823185],[110.400785,36.827212],[110.413786,36.834574],[110.41879,36.855119],[110.41393,36.862105],[110.40178,36.867876],[110.377176,36.870003],[110.369734,36.875167],[110.368975,36.879268],[110.373531,36.88352],[110.392972,36.884583],[110.402995,36.891873],[110.409906,36.933717],[110.420007,36.956727],[110.406945,36.983457],[110.399806,36.990899],[110.376266,37.001986],[110.371102,37.014592],[110.377481,37.021275],[110.390846,37.022187],[110.407097,37.018693],[110.426689,37.005935],[110.44218,37.008821],[110.444611,37.015959],[110.44127,37.02006],[110.418336,37.023363],[110.411708,37.026931],[110.411529,37.03412],[110.424411,37.041399],[110.454786,37.044246],[110.493038,37.089333],[110.524363,37.106419],[110.530059,37.114773],[110.528546,37.131062],[110.531195,37.140308],[110.571352,37.172772],[110.609132,37.216058],[110.625947,37.230907],[110.633528,37.2452],[110.64468,37.253961],[110.652513,37.278803],[110.65637,37.28157],[110.674915,37.280512],[110.684408,37.286587],[110.684028,37.294751],[110.673681,37.306996],[110.671784,37.3144],[110.693236,37.331677],[110.694063,37.345717],[110.676201,37.352917],[110.635998,37.35968],[110.625176,37.372589],[110.624797,37.391955],[110.633911,37.413407],[110.636948,37.429544],[110.638847,37.434481],[110.64796,37.439417],[110.74241,37.451852],[110.753519,37.473972],[110.753708,37.502829],[110.765479,37.519536],[110.76453,37.536053],[110.779433,37.546589],[110.789875,37.561587],[110.766441,37.592033],[110.76548,37.617877],[110.757126,37.633635],[110.762632,37.644836],[110.779149,37.645405],[110.787503,37.650151],[110.791869,37.657745],[110.790336,37.662434],[110.769562,37.680242],[110.727034,37.691059],[110.706754,37.700075],[110.697693,37.711436],[110.701408,37.723339],[110.7109,37.728085],[110.744883,37.73549],[110.752855,37.743652],[110.749863,37.754413],[110.71935,37.774123],[110.674735,37.789502],[110.659819,37.801075],[110.65518,37.807538],[110.653757,37.820922],[110.645025,37.839527],[110.630056,37.855416],[110.624577,37.868591],[110.601778,37.895785],[110.594863,37.908065],[110.595771,37.911964],[110.588557,37.921457],[110.568904,37.933455],[110.542081,37.939818],[110.523059,37.949743],[110.513091,37.959899],[110.512521,37.975846],[110.522773,37.992743],[110.514989,38.006602],[110.502459,38.012297],[110.499041,38.017043],[110.495449,38.033585],[110.503123,38.061372],[110.494674,38.092222],[110.515557,38.123927],[110.502917,38.1533],[110.502185,38.184369],[110.507689,38.199108],[110.518311,38.210031],[110.547023,38.209109],[110.556694,38.212016],[110.561726,38.217164],[110.568439,38.288856],[110.578605,38.303356],[110.595789,38.307839],[110.633256,38.304373],[110.655456,38.308307],[110.662922,38.31324],[110.678789,38.335774],[110.70075,38.356197],[110.740882,38.365587],[110.746482,38.372973],[110.749293,38.393139],[110.76271,38.411004],[110.771726,38.440339],[110.780589,38.449333],[110.790943,38.452956],[110.807936,38.451964],[110.839455,38.43943],[110.871241,38.456496],[110.866868,38.474843],[110.868954,38.492991],[110.864361,38.508496],[110.874579,38.516077],[110.891145,38.514625],[110.901854,38.520709],[110.9058,38.540975],[110.902974,38.560441],[110.914814,38.577615],[110.914067,38.581669],[110.890814,38.587855],[110.888201,38.599961],[110.875509,38.614788],[110.874975,38.626521],[110.890602,38.6574],[110.909641,38.670894],[110.904628,38.689028],[110.907081,38.700334],[110.915203,38.709411],[110.931775,38.718307],[110.959034,38.755165],[110.958394,38.760071],[110.950517,38.76884],[110.950334,38.776206],[110.973067,38.787138],[110.99035,38.824464],[111.003899,38.840902],[111.002979,38.84711],[110.988782,38.865552],[111.006104,38.877584],[111.009688,38.883727],[111.005059,38.907923],[111.005118,38.927228],[110.990539,38.957619],[110.974553,38.969334],[110.97597,38.977465],[110.992228,38.997752],[111.021791,39.01528],[111.031877,39.019244],[111.082418,39.026125],[111.131784,39.063314],[111.139231,39.078867],[111.138995,39.097201],[111.155962,39.107475],[111.167604,39.134198],[111.165341,39.14174],[111.156754,39.149078],[111.15714,39.153051],[111.168195,39.173711],[111.181125,39.189087],[111.189513,39.208833],[111.198861,39.218705],[111.197522,39.223708],[111.210823,39.236426],[111.212519,39.244721],[111.206957,39.253582],[111.211152,39.268428],[111.220674,39.283416],[111.234529,39.291334],[111.241448,39.299734],[111.207311,39.300288],[111.191452,39.306275],[111.181444,39.313275],[111.172892,39.325709],[111.174533,39.330724],[111.187692,39.339466],[111.188517,39.343944],[111.184864,39.348303],[111.177118,39.349837],[111.164191,39.34361],[111.158706,39.334871],[111.151637,39.335577],[111.147513,39.340644],[111.152579,39.356668],[111.148455,39.367155],[111.11898,39.365289],[111.113485,39.368832],[111.11299,39.376075],[111.136546,39.40663],[111.154793,39.413867],[111.167794,39.422991],[111.186844,39.419347],[111.208446,39.425004],[111.216454,39.421654],[111.255534,39.423218],[111.282714,39.416184],[111.302157,39.42112],[111.330516,39.419826],[111.345707,39.425589],[111.354952,39.438124],[111.357365,39.466115],[111.36529,39.477751],[111.38181,39.49095],[111.404301,39.499218],[111.416428,39.50045],[111.424648,39.507556],[111.427139,39.522165],[111.415299,39.537933],[111.426331,39.560628],[111.428081,39.578667],[111.433992,39.595369],[111.422221,39.615264],[111.426991,39.619864],[111.432841,39.620161],[111.438897,39.617229],[111.448332,39.604965],[111.453723,39.605655],[111.455875,39.609361],[111.455094,39.62509],[111.435875,39.628923],[111.431223,39.641766],[111.44015,39.63932],[111.490571,39.660724],[111.515441,39.66217],[111.539903,39.652473],[111.551067,39.653276],[111.5621,39.642651],[111.589311,39.642533],[111.616643,39.628986],[111.630676,39.641721],[111.640291,39.643435],[111.6553,39.640054],[111.697141,39.622988],[111.715977,39.604966],[111.732678,39.601972],[111.755499,39.592684],[111.768798,39.592831],[111.776853,39.587848],[111.796975,39.596494],[111.829058,39.619069],[111.863164,39.611399],[111.872382,39.604971],[111.87885,39.611642],[111.885568,39.611168],[111.895507,39.616286],[111.906219,39.612475],[111.912512,39.614858],[111.920099,39.609402],[111.925438,39.611281],[111.931783,39.623893],[111.930619,39.627496],[111.923536,39.630839],[111.931357,39.643738],[111.919882,39.655491],[111.916956,39.663052],[111.935021,39.680092],[111.949777,39.686799],[111.96338,39.710999],[111.957894,39.724271],[111.964248,39.764983],[111.960863,39.781637],[111.963902,39.7954],[111.999109,39.819679],[112.027417,39.851975],[112.034882,39.871142],[112.035637,39.884918],[112.043814,39.897569],[112.058111,39.904996],[112.066566,39.913815],[112.085471,39.951285],[112.108084,39.974549],[112.113154,39.986129],[112.124613,39.99688],[112.135428,40.026046],[112.155533,40.04152],[112.159587,40.05013],[112.169257,40.051354],[112.169196,40.056333],[112.175411,40.061094],[112.173405,40.072978],[112.177051,40.083564],[112.194326,40.095056],[112.193388,40.099184],[112.203093,40.106567],[112.216496,40.12767],[112.225506,40.132248],[112.221478,40.139271],[112.223423,40.141567],[112.219864,40.143225],[112.221965,40.148139],[112.219039,40.154744],[112.222763,40.155755],[112.226339,40.169145],[112.254204,40.185131],[112.264829,40.187856],[112.293171,40.210342],[112.283709,40.222052],[112.29509,40.232153],[112.303597,40.246853],[112.303484,40.255213],[112.341956,40.256098],[112.361226,40.268581],[112.37923,40.274657],[112.405445,40.2919],[112.455492,40.297806],[112.471186,40.284911],[112.492046,40.277016],[112.504789,40.268023],[112.557584,40.256947],[112.588808,40.243934],[112.623357,40.234777],[112.705571,40.177699],[112.714027,40.177453],[112.723539,40.166941],[112.737655,40.166236],[112.758045,40.171327],[112.841986,40.206019],[112.883826,40.304157],[112.885898,40.324695],[112.964605,40.350057],[112.99117,40.354192],[113.024214,40.364317],[113.119535,40.375431],[113.150735,40.388299],[113.226965,40.401686],[113.245386,40.411763],[113.250655,40.408369],[113.251877,40.399556],[113.256973,40.3934],[113.269008,40.387254],[113.278049,40.375322],[113.295712,40.333448],[113.30957,40.318673],[113.337382,40.320874],[113.355855,40.317197],[113.380412,40.317774],[113.530446,40.340274],[113.553094,40.347553],[113.56582,40.356528],[113.577433,40.370182],[113.630393,40.407751],[113.661207,40.422645],[113.673732,40.442806],[113.762066,40.475809],[113.783881,40.501261],[113.787987,40.516735],[113.803394,40.500914],[113.826024,40.485879],[113.844358,40.459477],[113.856832,40.455363],[113.883568,40.465384],[113.924392,40.492281],[113.936912,40.504578],[113.942153,40.516205],[113.946108,40.514879],[113.971971,40.522233],[113.995305,40.519491],[114.004722,40.514568],[114.055104,40.527399],[114.073334,40.546284],[114.075105,40.563961],[114.070035,40.57433],[114.052604,40.585445],[114.043737,40.602602],[114.035216,40.607452],[114.049862,40.626839],[114.063621,40.658766],[114.065878,40.677599],[114.057441,40.708315],[114.065401,40.719951],[114.07804,40.727812],[114.120876,40.733616],[114.132719,40.738358],[114.140494,40.731888],[114.144455,40.721536],[114.155609,40.712036],[114.159089,40.697968],[114.169069,40.687678],[114.173165,40.673581],[114.189358,40.656739],[114.200118,40.651041],[114.201591,40.643936],[114.207878,40.638731],[114.209586,40.632999],[114.202405,40.627742],[114.204479,40.622479],[114.212122,40.618917],[114.217931,40.610575],[114.229623,40.605676],[114.251758,40.609322],[114.276471,40.58946],[114.269991,40.572049],[114.272716,40.565519],[114.26968,40.564351],[114.26686,40.55277],[114.273502,40.549721],[114.286953,40.550075],[114.290517,40.536159],[114.279518,40.525811],[114.279623,40.509789],[114.27319,40.500355],[114.276119,40.493883],[114.267024,40.488701],[114.267981,40.480358],[114.260743,40.472944],[114.265624,40.458743],[114.277795,40.458711],[114.280091,40.449081],[114.29225,40.444317],[114.292786,40.43774],[114.281857,40.430046],[114.279791,40.42363],[114.287982,40.414082],[114.30793,40.368311],[114.315855,40.364118],[114.346383,40.367186],[114.361544,40.35942],[114.374612,40.36148],[114.376688,40.35287],[114.383788,40.349879],[114.397122,40.352403],[114.407356,40.360823],[114.439996,40.371488],[114.464352,40.348379],[114.479969,40.34706],[114.492981,40.352776],[114.519517,40.346847],[114.524395,40.343956],[114.522997,40.329989],[114.504647,40.301777],[114.463476,40.266751],[114.444587,40.258175],[114.393867,40.243752],[114.349162,40.248167],[114.317965,40.241392],[114.296776,40.230694],[114.286663,40.228897],[114.248781,40.235],[114.243165,40.233289],[114.233703,40.220755],[114.227097,40.194557],[114.217922,40.191862],[114.186777,40.193737],[114.129197,40.174048],[114.115571,40.177546],[114.116629,40.187333],[114.110073,40.187383],[114.103675,40.192319],[114.091183,40.192322],[114.085299,40.187712],[114.072023,40.184685],[114.061256,40.178435],[114.071739,40.154053],[114.079038,40.12565],[114.094422,40.107386],[114.094944,40.098471],[114.084993,40.085405],[114.084194,40.073751],[114.077851,40.069656],[114.054496,40.064741],[114.0371,40.0556],[114.028446,40.063762],[114.028459,40.078337],[114.01664,40.092109],[114.013264,40.101245],[113.989738,40.109725],[113.973297,40.111185],[113.967197,40.096811],[113.972058,40.089849],[113.974498,40.070027],[113.971083,40.065302],[113.969046,40.049964],[113.964012,40.04252],[113.940505,40.026287],[113.909697,40.023445],[113.904211,40.010749],[113.908187,40.00496],[113.917379,40.002346],[113.930035,40.008636],[113.949041,40.001168],[113.994341,39.990562],[114.001369,39.992189],[114.018055,39.988594],[114.022758,39.984142],[114.021598,39.958062],[114.026235,39.952708],[114.028203,39.941816],[114.04066,39.914851],[114.047213,39.920214],[114.061024,39.920983],[114.08006,39.909377],[114.096108,39.911497],[114.167566,39.896349],[114.1994,39.909836],[114.205312,39.917771],[114.205823,39.914018],[114.209631,39.916482],[114.215527,39.911522],[114.215061,39.906908],[114.220298,39.906432],[114.217397,39.904225],[114.220984,39.902622],[114.222722,39.896624],[114.198018,39.883962],[114.192932,39.877555],[114.196514,39.870277],[114.209304,39.860854],[114.214749,39.860473],[114.219049,39.850237],[114.222007,39.859182],[114.239116,39.860724],[114.27059,39.873319],[114.280423,39.869856],[114.27869,39.857801],[114.282254,39.856744],[114.295803,39.861204],[114.309405,39.858675],[114.32102,39.864323],[114.341335,39.86143],[114.375423,39.868242],[114.388888,39.865872],[114.393132,39.855327],[114.391392,39.843576],[114.400386,39.831265],[114.395773,39.824177],[114.386738,39.822154],[114.383781,39.817949],[114.39087,39.810027],[114.39572,39.791649],[114.403062,39.789261],[114.402299,39.781009],[114.40852,39.782621],[114.410473,39.775637],[114.404134,39.765088],[114.407996,39.748378],[114.402378,39.74533],[114.401182,39.734385],[114.399697,39.658381],[114.408369,39.639033],[114.42518,39.612737],[114.431442,39.610013],[114.468412,39.612509],[114.48954,39.607026],[114.498858,39.594201],[114.498722,39.58794],[114.509175,39.563897],[114.52374,39.562718],[114.528888,39.571356],[114.550975,39.580412],[114.560393,39.57786],[114.562927,39.57298],[114.557177,39.554013],[114.551307,39.549673],[114.551306,39.531024],[114.541697,39.524981],[114.530119,39.511352],[114.532976,39.499812],[114.530503,39.491142],[114.526072,39.484877],[114.49572,39.475638],[114.498418,39.459147],[114.490582,39.437431],[114.464549,39.407605],[114.461971,39.387891],[114.465278,39.368242],[114.463144,39.354028],[114.474159,39.349403],[114.472844,39.345111],[114.461059,39.336178],[114.460282,39.32853],[114.445991,39.327698],[114.442399,39.324932],[114.442296,39.319366],[114.428475,39.315321],[114.423934,39.305341],[114.427194,39.293249],[114.418449,39.283616],[114.419023,39.276279],[114.424704,39.264367],[114.431225,39.259238],[114.420773,39.247602],[114.409489,39.241682],[114.428808,39.228821],[114.440314,39.229413],[114.450946,39.224091],[114.461041,39.224779],[114.467945,39.218862],[114.469702,39.214801],[114.465316,39.206665],[114.467099,39.20081],[114.45928,39.187462],[114.446789,39.191531],[114.441224,39.190386],[114.436852,39.172945],[114.427564,39.174276],[114.411562,39.170504],[114.381728,39.175859],[114.372918,39.165644],[114.371561,39.147968],[114.353799,39.138231],[114.354367,39.132898],[114.360412,39.128085],[114.363318,39.120333],[114.363531,39.107699],[114.350828,39.085986],[114.339483,39.074261],[114.326232,39.075723],[114.314174,39.06956],[114.293817,39.078288],[114.261965,39.070757],[114.245964,39.072618],[114.236306,39.065811],[114.220023,39.065613],[114.183272,39.04733],[114.174435,39.048121],[114.160981,39.058463],[114.15065,39.060147],[114.120034,39.049861],[114.102074,39.051206],[114.090165,39.082621],[114.078275,39.087936],[114.078618,39.092205],[114.073585,39.094372],[114.068743,39.090493],[114.057793,39.093104],[114.04637,39.130507],[114.0442,39.134825],[114.036813,39.136314],[113.999978,39.121961],[113.993983,39.099856],[113.988644,39.094617],[113.95539,39.100065],[113.942707,39.093479],[113.923948,39.06276],[113.891682,39.066935],[113.881657,39.063779],[113.878054,39.050958],[113.872064,39.043462],[113.824,39.011045],[113.800198,38.988913],[113.770084,38.986135],[113.762307,38.96933],[113.760884,38.958835],[113.768495,38.918297],[113.769563,38.884889],[113.794744,38.854156],[113.810483,38.84541],[113.829155,38.841915],[113.849128,38.828348],[113.85122,38.817723],[113.847227,38.809571],[113.834127,38.801863],[113.830099,38.79533],[113.829561,38.773277],[113.824186,38.765141],[113.824064,38.757814],[113.815347,38.757191],[113.796358,38.762631],[113.790195,38.757466],[113.77381,38.727652],[113.769028,38.709167],[113.756432,38.700716],[113.738733,38.700864],[113.722396,38.71128],[113.714045,38.712574],[113.70691,38.708659],[113.70336,38.697678],[113.70711,38.682509],[113.707205,38.663069],[113.703194,38.654679],[113.684515,38.648672],[113.660547,38.646429],[113.62612,38.652614],[113.60639,38.645547],[113.597761,38.615643],[113.602362,38.600157],[113.599931,38.592305],[113.583117,38.575691],[113.560652,38.566112],[113.555504,38.557835],[113.554559,38.533417],[113.548976,38.520557],[113.550678,38.503508],[113.539668,38.494152],[113.554845,38.485287],[113.577014,38.465526],[113.572189,38.453746],[113.546043,38.433665],[113.531416,38.417531],[113.518794,38.382466],[113.527735,38.364706],[113.545687,38.351837],[113.550747,38.343013],[113.54836,38.318733],[113.539506,38.292553],[113.538274,38.270014],[113.559766,38.251932],[113.563855,38.236958],[113.576311,38.228555],[113.592449,38.226723],[113.619714,38.23211],[113.636615,38.231354],[113.650582,38.225104],[113.661962,38.210091],[113.672578,38.20487],[113.693808,38.206792],[113.706405,38.21242],[113.71099,38.205099],[113.70848,38.193151],[113.714866,38.18996],[113.725372,38.19295],[113.731902,38.188898],[113.722929,38.182082],[113.721854,38.17727],[113.714034,38.174055],[113.724555,38.167733],[113.730132,38.171106],[113.750005,38.171058],[113.790364,38.16227],[113.819031,38.168582],[113.827516,38.16635],[113.820931,38.155026],[113.827165,38.146914],[113.81606,38.149903],[113.813927,38.131633],[113.803597,38.111958],[113.809464,38.106927],[113.817788,38.106142],[113.846475,38.079223],[113.852052,38.063219],[113.869997,38.054595],[113.865297,38.047216],[113.866389,38.038237],[113.872103,38.031892],[113.866983,38.016154],[113.870174,38.009006],[113.866333,38.001596],[113.855908,38.000295],[113.866106,37.98987],[113.880763,37.990836],[113.895051,37.98436],[113.916621,37.951613],[113.923002,37.931522],[113.930328,37.922672],[113.938549,37.921131],[113.950615,37.910867],[113.965259,37.868176],[113.963948,37.833367],[113.970789,37.816231],[113.976257,37.8122],[114.000324,37.812804],[114.008878,37.809881],[114.012777,37.804218],[114.012438,37.79413],[114.03742,37.776656],[114.039278,37.771413],[114.034738,37.756001],[114.02367,37.748037],[114.009634,37.743697],[113.990155,37.729539],[113.987508,37.706205],[113.999716,37.703294],[114.00868,37.711614],[114.040806,37.719444],[114.06156,37.72068],[114.081769,37.707928],[114.121832,37.697309],[114.129939,37.689995],[114.133298,37.67503],[114.124696,37.647413],[114.109089,37.624514],[114.11684,37.600573],[114.111901,37.589735],[114.074963,37.543142],[114.065865,37.514031],[114.061008,37.510031],[114.048965,37.510441],[114.030389,37.493432],[114.021943,37.473831],[114.019,37.440572],[114.008193,37.423909],[113.989083,37.420483],[113.968723,37.408488],[113.958263,37.378545],[113.953671,37.348471],[113.945641,37.341896],[113.936891,37.339795],[113.922329,37.346951],[113.913604,37.33989],[113.915043,37.330251],[113.903836,37.321918],[113.896041,37.30953],[113.895398,37.287616],[113.880728,37.259513],[113.880277,37.238736],[113.846865,37.214639],[113.830312,37.189036],[113.829835,37.175204],[113.825642,37.167075],[113.813507,37.167165],[113.797031,37.158211],[113.766727,37.151362],[113.760929,37.144093],[113.767092,37.106446],[113.75171,37.075169],[113.762335,37.062053],[113.781841,37.059362],[113.783785,37.042504],[113.769227,37.025486],[113.765469,37.016389],[113.772336,37.006893],[113.78506,36.999805],[113.788568,36.994588],[113.785374,36.987283],[113.776163,36.98013],[113.771076,36.968155],[113.757178,36.960556],[113.755252,36.955664],[113.767486,36.931332],[113.778468,36.933041],[113.778424,36.926642],[113.772427,36.918346],[113.786467,36.894397],[113.787639,36.881784],[113.784774,36.874675],[113.777631,36.868413],[113.765927,36.870803],[113.763908,36.865256],[113.768253,36.86052],[113.766542,36.854815],[113.764027,36.854622],[113.759876,36.862982],[113.752188,36.862771],[113.747011,36.852298],[113.737421,36.850267],[113.731827,36.857188],[113.725504,36.858783],[113.726266,36.871421],[113.722718,36.88198],[113.712136,36.880358],[113.70412,36.88704],[113.69619,36.8849],[113.690547,36.882005],[113.683611,36.869063],[113.669939,36.855422],[113.668325,36.845174],[113.677752,36.824553],[113.667561,36.807318],[113.674609,36.789943],[113.649462,36.785564],[113.593699,36.75283],[113.569237,36.758307],[113.542969,36.752171],[113.536528,36.738481],[113.52981,36.732218],[113.492821,36.74033],[113.483768,36.73754],[113.471068,36.726094],[113.458699,36.707448],[113.460279,36.698967],[113.470886,36.696975],[113.491607,36.704614],[113.50053,36.70464],[113.501302,36.696697],[113.495478,36.681329],[113.470434,36.65494],[113.46889,36.646767],[113.472501,36.640391],[113.480278,36.634987],[113.529054,36.629158],[113.537926,36.623407],[113.533369,36.594033],[113.53737,36.590161],[113.557006,36.589102],[113.563403,36.585912],[113.581893,36.562765],[113.583421,36.550584],[113.5777,36.542394],[113.560677,36.544189],[113.547323,36.537327],[113.543319,36.541407],[113.539526,36.540958],[113.540964,36.534326],[113.548655,36.534641],[113.557489,36.529841],[113.557314,36.527375],[113.552377,36.527229],[113.553674,36.518729],[113.548095,36.494717],[113.540911,36.492602],[113.540347,36.487752],[113.557376,36.491318],[113.574801,36.483726],[113.580999,36.461099],[113.588195,36.457596],[113.61118,36.45803],[113.622995,36.454749],[113.663915,36.425131],[113.702015,36.423307],[113.72526,36.372583],[113.722371,36.341424],[113.730044,36.324672],[113.718481,36.30574],[113.707678,36.30443],[113.702071,36.298303],[113.711218,36.265549],[113.709906,36.262584],[113.702771,36.261533],[113.70304,36.257958],[113.696005,36.255963],[113.694145,36.249627],[113.697585,36.237865],[113.69502,36.233745],[113.685518,36.227034],[113.671029,36.222632],[113.665945,36.212063],[113.668829,36.21061],[113.6779,36.21699],[113.692156,36.214342],[113.699054,36.200208],[113.692456,36.201818],[113.688159,36.198866],[113.685218,36.201981],[113.679884,36.196893],[113.69213,36.182932],[113.666075,36.175733],[113.658256,36.177572],[113.657072,36.173808],[113.644698,36.173631],[113.65376,36.164283],[113.673005,36.16005],[113.675084,36.150807],[113.687168,36.153535],[113.699597,36.148996],[113.696294,36.143276],[113.698694,36.134428],[113.707436,36.133021],[113.699668,36.126595],[113.696642,36.129864],[113.686917,36.124287],[113.672799,36.124679],[113.671529,36.128436],[113.667236,36.125458],[113.662289,36.129825],[113.649136,36.12659],[113.667388,36.112154],[113.667858,36.10438],[113.663037,36.103226],[113.673159,36.09592],[113.67271,36.085399],[113.678705,36.073599],[113.676119,36.066928],[113.681431,36.061543],[113.679508,36.056119],[113.662431,36.049247],[113.6552,36.043054],[113.654201,36.034829],[113.663941,36.029664],[113.688863,36.026871],[113.692752,36.022541],[113.68895,36.018303],[113.674471,36.01494],[113.689645,36.0],[113.687283,35.992474],[113.680183,35.98657],[113.672544,35.985925],[113.642691,35.994332],[113.63164,35.988675],[113.630678,35.976094],[113.633741,35.969898],[113.641615,35.967339],[113.648247,35.91742],[113.642543,35.908757],[113.631216,35.870152],[113.637871,35.855108],[113.647358,35.857157],[113.652033,35.854121],[113.652103,35.840561],[113.654853,35.837459],[113.644097,35.826827],[113.635053,35.822762],[113.617657,35.831784],[113.600756,35.824211],[113.579101,35.826059],[113.576652,35.822229],[113.576725,35.818595],[113.582781,35.813714],[113.580733,35.805271],[113.588152,35.806168],[113.598842,35.800385],[113.598155,35.797391],[113.584002,35.796912],[113.575145,35.791435],[113.577868,35.78688],[113.586795,35.78995],[113.592978,35.77539],[113.589749,35.759388],[113.580642,35.744331],[113.595849,35.706623],[113.586376,35.692921],[113.608782,35.683324],[113.616372,35.675007],[113.617316,35.672012],[113.612919,35.66754],[113.618726,35.653422],[113.618718,35.632363],[113.572376,35.633905],[113.567638,35.646804],[113.557575,35.646866],[113.553241,35.661268],[113.542491,35.658322],[113.541179,35.648918],[113.547092,35.639009],[113.551479,35.621499],[113.541331,35.617848],[113.535114,35.603203],[113.535701,35.596478],[113.526735,35.594316],[113.520929,35.586821],[113.515964,35.58666],[113.500348,35.566209],[113.497761,35.558666],[113.500217,35.548817],[113.492102,35.532592],[113.502326,35.523662],[113.500222,35.516752],[113.48557,35.516668],[113.478942,35.5209],[113.429887,35.507639],[113.422005,35.513763],[113.414714,35.512001],[113.409175,35.516235],[113.395877,35.507244],[113.382917,35.50582],[113.364896,35.480846],[113.351163,35.479545],[113.341643,35.468508],[113.319426,35.469477],[113.312192,35.479122],[113.305882,35.481483],[113.289122,35.471794],[113.288246,35.467523],[113.31571,35.461783],[113.317458,35.453558],[113.30868,35.452103],[113.305967,35.45795],[113.299963,35.46104],[113.299516,35.455331],[113.290473,35.444452],[113.290921,35.438814],[113.298637,35.429436],[113.29684,35.426964],[113.27204,35.43543],[113.259002,35.434904],[113.255747,35.441085],[113.247086,35.440594],[113.23845,35.448761],[113.227392,35.45326],[113.202114,35.447522],[113.183557,35.449289],[113.184523,35.434356],[113.181209,35.427442],[113.184118,35.424675],[113.177686,35.424515],[113.181763,35.412213],[113.178751,35.409312],[113.169218,35.414775],[113.163004,35.411109],[113.158741,35.415159],[113.160198,35.410698],[113.157553,35.408847],[113.161953,35.406841],[113.162975,35.401938],[113.160311,35.400755],[113.165324,35.396578],[113.169013,35.400686],[113.170902,35.396778],[113.162355,35.38979],[113.163636,35.386964],[113.153917,35.38482],[113.153576,35.378436],[113.148105,35.381096],[113.147924,35.369879],[113.142431,35.370586],[113.140528,35.36599],[113.142255,35.350634],[113.130131,35.347559],[113.133026,35.340332],[113.130372,35.335856],[113.116327,35.332373],[113.10104,35.341008],[113.085519,35.338423],[113.075146,35.341907],[113.060606,35.353799],[113.054087,35.352525],[113.031821,35.36086],[113.013841,35.356368],[112.990208,35.362578],[112.984612,35.356155],[112.987804,35.345857],[112.979095,35.338597],[112.978789,35.312261],[112.985303,35.302801],[112.982717,35.290477],[112.976571,35.287779],[112.959922,35.293849],[112.929974,35.285008],[112.928108,35.278941],[112.930346,35.271543],[112.921139,35.250987],[112.902743,35.246671],[112.888906,35.249405],[112.878168,35.244668],[112.863004,35.244462],[112.851017,35.247982],[112.847761,35.254725],[112.843672,35.253021],[112.809853,35.258171],[112.806459,35.25066],[112.792058,35.2392],[112.778595,35.235742],[112.779775,35.225346],[112.766346,35.208059],[112.759567,35.204124],[112.744923,35.204543],[112.729159,35.210961],[112.720293,35.210276],[112.714151,35.207001],[112.706493,35.187593],[112.702925,35.18803],[112.696958,35.202142],[112.697025,35.209909],[112.70128,35.2175],[112.689215,35.219293],[112.678183,35.227832],[112.676573,35.234307],[112.666819,35.234864],[112.655071,35.243771],[112.649489,35.244328],[112.645436,35.259852],[112.63903,35.261203],[112.631512,35.24834],[112.628813,35.266109],[112.612364,35.254713],[112.61133,35.24753],[112.61304,35.243596],[112.629134,35.23957],[112.632832,35.229172],[112.631244,35.226353],[112.61304,35.220742],[112.596591,35.223563],[112.569039,35.22183],[112.563223,35.218893],[112.561869,35.21243],[112.553058,35.213429],[112.531912,35.224091],[112.507355,35.219097],[112.484795,35.230172],[112.477564,35.224944],[112.462235,35.231435],[112.451427,35.226734],[112.417595,35.23837],[112.395034,35.24219],[112.38434,35.239135],[112.370363,35.224449],[112.360963,35.220571],[112.305268,35.221686],[112.283767,35.217575],[112.28295,35.22345],[112.296457,35.245655],[112.298219,35.252352],[112.294574,35.254232],[112.288237,35.253291],[112.276605,35.242513],[112.255103,35.241691],[112.236536,35.235344],[112.210806,35.239869],[112.214565,35.247506],[112.208107,35.254555],[112.184843,35.256787],[112.167212,35.26419],[112.128974,35.271768],[112.110842,35.264061],[112.104087,35.268878],[112.109017,35.273515],[112.087498,35.279493],[112.069399,35.277436],[112.052429,35.280228],[112.04861,35.271827],[112.064174,35.262222],[112.073219,35.242718],[112.075102,35.224094],[112.052541,35.206707],[112.035744,35.200713],[112.03374,35.194721],[112.060059,35.152717],[112.053947,35.142201],[112.060822,35.13668],[112.04919,35.093353],[112.05636,35.079137],[112.056472,35.060221],[112.047194,35.044829],[112.032627,35.046123],[112.03094,35.052037],[112.018908,35.059893],[112.014924,35.068629],[111.999777,35.066083],[111.983896,35.070053],[111.971816,35.067932],[111.960374,35.078206],[111.946084,35.082935],[111.924574,35.083885],[111.911603,35.072014],[111.895464,35.080855],[111.878219,35.0706],[111.85847,35.077597],[111.812269,35.069217],[111.80425,35.064036],[111.804167,35.040146],[111.794397,35.028961],[111.787341,35.027432],[111.773706,35.030408],[111.768805,35.020343],[111.76239,35.016132],[111.742904,35.017164],[111.735338,35.01242],[111.73314,35.005025],[111.705569,35.00445],[111.698017,34.999181],[111.689129,34.999102],[111.681,34.989366],[111.659011,34.986703],[111.65862,34.982977],[111.66965,34.972315],[111.675132,34.950688],[111.657534,34.940343],[111.639067,34.938822],[111.626089,34.926589],[111.621832,34.91789],[111.615597,34.917332],[111.611681,34.895883],[111.599835,34.893435],[111.588063,34.886429],[111.581665,34.859069],[111.564814,34.844427],[111.555014,34.846346],[111.548457,34.853282],[111.53588,34.853994],[111.521704,34.851159],[111.509244,34.841171],[111.502526,34.840153],[111.496496,34.830897],[111.473878,34.826936],[111.459374,34.827448],[111.446647,34.836473],[111.433067,34.838969],[111.424695,34.83008],[111.40906,34.828252],[111.388991,34.815701],[111.351199,34.822708],[111.342218,34.831885],[111.336692,34.832675],[111.31656,34.820636],[111.283549,34.807559],[111.252316,34.821523],[111.243138,34.81501],[111.233861,34.794582],[111.222118,34.790141],[111.214421,34.791523],[111.203418,34.801934],[111.176673,34.802922],[111.162068,34.814073],[111.154666,34.815455],[111.142429,34.808349],[111.130337,34.792564],[111.116707,34.760033],[111.044372,34.747835],[110.985227,34.718958],[110.969171,34.702891],[110.960808,34.706218],[110.955332,34.717442],[110.940352,34.72703],[110.919347,34.732548],[110.90978,34.717503],[110.898306,34.670135],[110.888073,34.652969],[110.878273,34.645459],[110.847744,34.636593],[110.829054,34.618809],[110.818834,34.61709],[110.81055,34.623873],[110.802739,34.638314],[110.786346,34.650946],[110.749166,34.654617],[110.743625,34.653412],[110.735674,34.640401],[110.716884,34.621275],[110.690729,34.608745],[110.682357,34.600143],[110.669458,34.593704],[110.634261,34.607825],[110.61002,34.610684],[110.534935,34.58325],[110.51666,34.59077],[110.483099,34.611906],[110.470426,34.611563],[110.443605,34.603572],[110.419297,34.589499],[110.411281,34.588567],[110.357691,34.606266],[110.300874,34.60965],[110.283047,34.615563],[110.263809,34.630646],[110.231352,34.671548],[110.224324,34.693752]]]}},{"type":"Feature","properties":{"id":"cn:1401","name":"太原市","level":1},"geometry":{"type":"Polygon","coordinates":[[[111.509453,38.049857],[111.516719,38.058247],[111.516962,38.065087],[111.537301,38.071311],[111.541164,38.084887],[111.561337,38.095065],[111.618685,38.101443],[111.636845,38.115669],[111.667687,38.130015],[111.683035,38.133522],[111.710075,38.157936],[111.709789,38.17439],[111.737575,38.183027],[111.747506,38.178956],[111.759762,38.178727],[111.766795,38.187204],[111.770561,38.186053],[111.778574,38.190619],[111.784615,38.18897],[111.787377,38.190147],[111.7861,38.194413],[111.799902,38.194907],[111.799372,38.203046],[111.811126,38.213788],[111.843193,38.214535],[111.841482,38.219171],[111.834876,38.221978],[111.838548,38.229535],[111.859929,38.223867],[111.862759,38.219617],[111.858236,38.201527],[111.866491,38.192981],[111.872802,38.192976],[111.880927,38.199214],[111.891804,38.19763],[111.908792,38.18029],[111.929313,38.178754],[111.944946,38.167504],[111.953784,38.168403],[111.964904,38.177774],[111.990876,38.182305],[112.003654,38.188693],[112.009496,38.181121],[112.039748,38.171146],[112.052604,38.175283],[112.072065,38.166072],[112.085269,38.168781],[112.094609,38.166576],[112.12803,38.140244],[112.134445,38.146694],[112.153655,38.14932],[112.189177,38.140201],[112.195852,38.141773],[112.208179,38.131764],[112.207103,38.144807],[112.215444,38.146781],[112.229699,38.142159],[112.235931,38.147776],[112.244958,38.149477],[112.259698,38.175931],[112.259308,38.193231],[112.248318,38.19798],[112.244975,38.219012],[112.225131,38.234958],[112.21435,38.249954],[112.214897,38.255613],[112.227492,38.261026],[112.263465,38.26728],[112.263213,38.272445],[112.244081,38.281047],[112.241077,38.287016],[112.241468,38.291134],[112.26211,38.305591],[112.267466,38.313299],[112.296442,38.305683],[112.313135,38.310353],[112.32172,38.304619],[112.333976,38.302328],[112.357068,38.277298],[112.378318,38.275063],[112.391678,38.267429],[112.399733,38.266009],[112.411842,38.274421],[112.431712,38.280308],[112.440228,38.275338],[112.442381,38.265295],[112.452024,38.249257],[112.462007,38.246449],[112.468048,38.241033],[112.476486,38.243442],[112.498265,38.237507],[112.504576,38.245233],[112.518309,38.249422],[112.52014,38.269013],[112.535365,38.25986],[112.537006,38.251782],[112.547145,38.248788],[112.548074,38.241461],[112.556208,38.238688],[112.556424,38.230619],[112.55119,38.22295],[112.560097,38.211951],[112.57948,38.207316],[112.590443,38.210923],[112.614453,38.206152],[112.630398,38.215601],[112.642022,38.227168],[112.639304,38.237888],[112.633888,38.244755],[112.635442,38.24712],[112.657777,38.243752],[112.675259,38.235353],[112.683098,38.235323],[112.687004,38.236104],[112.688149,38.241725],[112.703566,38.243712],[112.722307,38.238004],[112.729407,38.24346],[112.742429,38.241412],[112.789598,38.250447],[112.802627,38.262761],[112.803669,38.27112],[112.813999,38.284483],[112.837185,38.302778],[112.898555,38.318355],[112.917348,38.330416],[112.938667,38.333445],[112.965681,38.356999],[112.971696,38.341721],[112.980143,38.339729],[112.996818,38.342771],[113.012208,38.356157],[113.015967,38.364083],[113.024361,38.366943],[113.029812,38.379399],[113.052928,38.389151],[113.062485,38.387376],[113.074638,38.393335],[113.07699,38.398461],[113.071626,38.410136],[113.078631,38.414985],[113.114429,38.42054],[113.132502,38.416998],[113.138769,38.410947],[113.132979,38.399785],[113.144767,38.375035],[113.135496,38.359828],[113.136842,38.354785],[113.149732,38.344498],[113.143422,38.327484],[113.128014,38.31527],[113.112493,38.313856],[113.10205,38.306234],[113.090826,38.309533],[113.084404,38.30646],[113.069803,38.306295],[113.066322,38.299008],[113.058509,38.296495],[113.054455,38.28337],[113.045871,38.278674],[113.045037,38.27495],[113.028623,38.270142],[113.024543,38.257989],[112.996457,38.24912],[112.980038,38.237047],[112.967616,38.232437],[112.96339,38.222047],[112.951439,38.216884],[112.949674,38.210993],[112.9522,38.206102],[112.939856,38.192733],[112.941792,38.18716],[112.936497,38.187104],[112.93056,38.179617],[112.932782,38.169978],[112.930429,38.160064],[112.918616,38.162847],[112.913494,38.156709],[112.916324,38.145116],[112.928329,38.137239],[112.953771,38.140915],[112.954622,38.124838],[112.964431,38.111596],[112.98634,38.098635],[112.989647,38.092858],[113.006618,38.081526],[113.016158,38.084538],[113.034673,38.080901],[113.036722,38.072568],[113.044847,38.065592],[113.059204,38.062953],[113.060237,38.054324],[113.044473,38.046534],[113.016436,38.049482],[113.004214,38.042121],[113.002,38.039352],[113.01081,38.034499],[113.016158,38.02574],[113.011731,38.024933],[113.008874,38.019417],[112.99917,38.017225],[112.998164,38.006148],[112.994725,38.00282],[112.982642,38.001739],[112.961349,38.017807],[112.954483,38.013731],[112.951028,38.004743],[112.93246,37.99006],[112.914371,37.996184],[112.892045,37.991123],[112.877514,37.996337],[112.847818,37.988772],[112.841611,37.994679],[112.827211,37.997977],[112.821221,38.004067],[112.809025,37.996272],[112.811161,37.982752],[112.788201,37.968825],[112.761309,37.937332],[112.771734,37.926229],[112.771586,37.923035],[112.764755,37.920335],[112.759017,37.912636],[112.777098,37.865929],[112.754242,37.879836],[112.744476,37.881033],[112.731135,37.87454],[112.728183,37.86043],[112.718799,37.85083],[112.699216,37.850565],[112.700379,37.841989],[112.686621,37.8405],[112.683566,37.831247],[112.675536,37.826051],[112.669025,37.815205],[112.677771,37.795121],[112.671378,37.78926],[112.658674,37.784645],[112.654219,37.775193],[112.647545,37.776863],[112.649471,37.774793],[112.645909,37.773595],[112.646074,37.7702],[112.657527,37.762218],[112.656013,37.746164],[112.661086,37.744309],[112.661292,37.739618],[112.647576,37.73021],[112.644191,37.709476],[112.624174,37.708017],[112.61687,37.704452],[112.614616,37.697175],[112.620919,37.691386],[112.62117,37.683678],[112.60671,37.676056],[112.605207,37.668308],[112.598288,37.665301],[112.60044,37.656295],[112.613023,37.653717],[112.61532,37.64341],[112.606068,37.634572],[112.59514,37.633599],[112.589847,37.639725],[112.581765,37.638816],[112.57242,37.628109],[112.576882,37.622817],[112.574122,37.603561],[112.591926,37.59876],[112.602394,37.576655],[112.600536,37.551581],[112.606952,37.545878],[112.609599,37.535665],[112.622046,37.533955],[112.618571,37.526601],[112.587759,37.5205],[112.584617,37.516173],[112.584443,37.506347],[112.539678,37.517783],[112.535572,37.514346],[112.505589,37.509997],[112.503367,37.481764],[112.500546,37.477089],[112.473871,37.474456],[112.46723,37.467811],[112.459922,37.467008],[112.450677,37.476287],[112.435451,37.478084],[112.43013,37.469912],[112.426781,37.470149],[112.425554,37.464788],[112.428594,37.464206],[112.426172,37.45804],[112.414344,37.459081],[112.406757,37.463287],[112.388225,37.462067],[112.382079,37.470969],[112.383597,37.483235],[112.366297,37.484684],[112.351862,37.483969],[112.34582,37.462397],[112.323598,37.458213],[112.311584,37.46735],[112.310925,37.475714],[112.294735,37.479277],[112.283919,37.486612],[112.28668,37.491425],[112.308242,37.496152],[112.305325,37.506282],[112.292313,37.507523],[112.291515,37.519989],[112.267296,37.523409],[112.269415,37.531851],[112.287652,37.548075],[112.28582,37.565162],[112.249249,37.56107],[112.230578,37.56511],[112.221039,37.592159],[112.203148,37.599799],[112.197386,37.612318],[112.188945,37.615449],[112.181324,37.626331],[112.167523,37.634703],[112.165813,37.657776],[112.171958,37.668314],[112.167081,37.670736],[112.168747,37.674473],[112.155318,37.678652],[112.150084,37.684811],[112.13043,37.688822],[112.121881,37.698648],[112.111967,37.697716],[112.097263,37.715042],[112.084312,37.712372],[112.068041,37.716995],[112.044642,37.709707],[112.03315,37.709607],[112.02643,37.711427],[112.01676,37.723228],[111.989763,37.721448],[111.968591,37.712611],[111.96116,37.71318],[111.94669,37.734204],[111.92761,37.730854],[111.928738,37.74025],[111.915092,37.757464],[111.911907,37.774004],[111.904416,37.780072],[111.905961,37.792464],[111.903469,37.794986],[111.891777,37.798679],[111.875163,37.791895],[111.813383,37.795528],[111.809624,37.808362],[111.80202,37.816518],[111.781811,37.826561],[111.762167,37.830689],[111.761387,37.840806],[111.740336,37.854838],[111.738617,37.871565],[111.713001,37.874018],[111.699659,37.878405],[111.683947,37.874187],[111.675118,37.862529],[111.659476,37.863115],[111.647159,37.85617],[111.634329,37.86114],[111.62584,37.857781],[111.611959,37.859152],[111.602584,37.855202],[111.585664,37.856078],[111.567418,37.847563],[111.560586,37.8613],[111.55845,37.878218],[111.540768,37.884745],[111.573034,37.900769],[111.568068,37.913195],[111.571437,37.923143],[111.566082,37.931507],[111.551169,37.93823],[111.539216,37.95545],[111.536188,37.972077],[111.531682,37.978801],[111.531665,37.991909],[111.5171,38.003823],[111.511171,38.015551],[111.511953,38.02516],[111.521823,38.038081],[111.509453,38.049857]]]}},{"type":"Feature","properties":{"id":"cn:140105","name":"小店区","level":2},"geometry":{"type":"Polygon","coordinates":[[[112.395092,37.622051],[112.412279,37.642003],[112.432153,37.646244],[112.472769,37.681222],[112.478906,37.682793],[112.490781,37.678375],[112.502813,37.680393],[112.525936,37.702728],[112.54144,37.723821],[112.541883,37.745275],[112.529271,37.776834],[112.536883,37.821921],[112.532616,37.837962],[112.580207,37.838808],[112.580453,37.833574],[112.595315,37.833852],[112.596788,37.8282],[112.584685,37.826885],[112.584278,37.823072],[112.580971,37.825086],[112.581743,37.814404],[112.587283,37.804232],[112.590226,37.805258],[112.588597,37.81047],[112.602108,37.810731],[112.602059,37.814645],[112.620472,37.812506],[112.627585,37.81733],[112.635459,37.815153],[112.642707,37.82283],[112.654859,37.8282],[112.661856,37.841811],[112.672307,37.850504],[112.677906,37.850738],[112.680953,37.845274],[112.687038,37.842592],[112.683566,37.831247],[112.675536,37.826051],[112.669025,37.815205],[112.677771,37.795121],[112.671378,37.78926],[112.658674,37.784645],[112.654219,37.775193],[112.647545,37.776863],[112.649471,37.774793],[112.645909,37.773595],[112.646074,37.7702],[112.657527,37.762218],[112.656013,37.746164],[112.661086,37.744309],[112.661292,37.739618],[112.647576,37.73021],[112.644191,37.709476],[112.624174,37.708017],[112.61687,37.704452],[112.614616,37.697175],[112.620919,37.691386],[112.62117,37.683678],[112.60671,37.676056],[112.605207,37.668308],[112.598288,37.665301],[112.60044,37.656295],[112.613023,37.653717],[112.61532,37.64341],[112.606068,37.634572],[112.59514,37.633599],[112.589847,37.639725],[112.581765,37.638816],[112.57242,37.628109],[112.576882,37.622817],[112.574122,37.603561],[112.569278,37.603786],[112.566405,37.597697],[112.562125,37.597099],[112.555122,37.602202],[112.527857,37.605023],[112.521864,37.619626],[112.50389,37.626487],[112.491866,37.619251],[112.48934,37.614168],[112.483672,37.612754],[112.477656,37.613827],[112.475998,37.618844],[112.456919,37.620957],[112.451875,37.601461],[112.434505,37.595268],[112.407669,37.6082],[112.395092,37.622051]]]}},{"type":"Feature","properties":{"id":"cn:140106","name":"迎泽区","level":2},"geometry":{"type":"Polygon","coordinates":[[[112.532616,37.837962],[112.53073,37.868511],[112.554253,37.867637],[112.554573,37.870739],[112.578714,37.871616],[112.579079,37.86403],[112.606856,37.862141],[112.607229,37.864716],[112.61445,37.86471],[112.613902,37.861908],[112.621606,37.860898],[112.667611,37.868291],[112.666353,37.881624],[112.674304,37.886911],[112.670606,37.894024],[112.67874,37.907223],[112.696119,37.915948],[112.710441,37.915314],[112.718367,37.919325],[112.73512,37.919333],[112.739182,37.916213],[112.754885,37.91938],[112.762922,37.906632],[112.763704,37.895529],[112.777366,37.869931],[112.775075,37.865634],[112.754242,37.879836],[112.744476,37.881033],[112.731135,37.87454],[112.728183,37.86043],[112.718799,37.85083],[112.699216,37.850565],[112.700379,37.841989],[112.687906,37.840712],[112.677906,37.850738],[112.672307,37.850504],[112.661856,37.841811],[112.654859,37.8282],[112.642707,37.82283],[112.635459,37.815153],[112.627585,37.81733],[112.620472,37.812506],[112.602059,37.814645],[112.602108,37.810731],[112.588597,37.81047],[112.590226,37.805258],[112.587283,37.804232],[112.581743,37.814404],[112.580971,37.825086],[112.584278,37.823072],[112.584685,37.826885],[112.596788,37.8282],[112.595315,37.833852],[112.580453,37.833574],[112.580207,37.838808],[112.532616,37.837962]]]}},{"type":"Feature","properties":{"id":"cn:140107","name":"杏花岭区","level":2},"geometry":{"type":"Polygon","coordinates":[[[112.53073,37.868511],[112.530877,37.8913],[112.539999,37.898856],[112.554702,37.901284],[112.555949,37.899288],[112.556803,37.90842],[112.562031,37.910905],[112.559238,37.948275],[112.574577,37.945741],[112.577573,37.953939],[112.570226,37.959839],[112.582023,37.967429],[112.589454,37.962858],[112.598073,37.968453],[112.615252,37.965294],[112.613837,37.972238],[112.623342,37.976851],[112.637795,37.976292],[112.645399,37.97265],[112.649079,37.974377],[112.693271,37.943179],[112.721466,37.937336],[112.731005,37.943634],[112.731891,37.951929],[112.737472,37.954728],[112.762264,37.939458],[112.761552,37.936129],[112.771734,37.926229],[112.771586,37.923035],[112.759261,37.914345],[112.752741,37.919841],[112.739182,37.916213],[112.73512,37.919333],[112.718367,37.919325],[112.710441,37.915314],[112.696119,37.915948],[112.690041,37.910847],[112.681907,37.909645],[112.670606,37.894024],[112.674304,37.886911],[112.666353,37.881624],[112.667611,37.868291],[112.621606,37.860898],[112.613902,37.861908],[112.61445,37.86471],[112.607229,37.864716],[112.606856,37.862141],[112.579079,37.86403],[112.578714,37.871616],[112.554573,37.870739],[112.554253,37.867637],[112.53073,37.868511]]]}},{"type":"Feature","properties":{"id":"cn:140108","name":"尖草坪区","level":2},"geometry":{"type":"Polygon","coordinates":[[[112.346307,37.946268],[112.358287,37.95382],[112.357021,37.965743],[112.351213,37.969289],[112.352797,37.973604],[112.359702,37.974796],[112.366406,37.971783],[112.36361,37.976518],[112.370416,37.982408],[112.374727,37.980208],[112.377945,37.98253],[112.377419,37.988187],[112.371471,37.991828],[112.376532,37.994215],[112.372114,37.998876],[112.388408,37.999351],[112.393678,38.0038],[112.401258,37.998931],[112.402365,38.003743],[112.396447,38.005786],[112.403416,38.012374],[112.398298,38.018216],[112.407579,38.016211],[112.413972,38.020393],[112.416473,38.017434],[112.414678,38.014072],[112.423622,38.015373],[112.425237,38.019679],[112.421001,38.026167],[112.427207,38.048325],[112.423344,38.053728],[112.431756,38.059493],[112.436669,38.054914],[112.45923,38.074323],[112.477371,38.060647],[112.477494,38.053146],[112.501226,38.050316],[112.511885,38.041002],[112.519845,38.041158],[112.524142,38.04779],[112.547787,38.046396],[112.563751,38.049612],[112.58303,38.041027],[112.60013,38.051678],[112.603447,38.032394],[112.622752,38.004225],[112.617196,37.994455],[112.643602,37.97449],[112.623342,37.976851],[112.613837,37.972238],[112.615252,37.965294],[112.604696,37.96864],[112.598073,37.968453],[112.591129,37.963002],[112.582023,37.967429],[112.580964,37.964858],[112.575599,37.965172],[112.570122,37.958102],[112.577573,37.953939],[112.574577,37.945741],[112.559238,37.948275],[112.562031,37.910905],[112.556803,37.90842],[112.555949,37.899288],[112.554702,37.901284],[112.539999,37.898856],[112.530877,37.8913],[112.531518,37.879947],[112.516424,37.886361],[112.503517,37.886181],[112.501896,37.897802],[112.481116,37.897881],[112.478178,37.895597],[112.477873,37.900072],[112.474254,37.896626],[112.474176,37.900276],[112.471085,37.898996],[112.46915,37.902542],[112.468239,37.910237],[112.448917,37.915386],[112.437078,37.914809],[112.433857,37.921506],[112.413835,37.929259],[112.409268,37.938031],[112.401499,37.935218],[112.390805,37.92258],[112.386733,37.922332],[112.37583,37.931038],[112.359241,37.934984],[112.346307,37.946268]]]}},{"type":"Feature","properties":{"id":"cn:140109","name":"万柏林区","level":2},"geometry":{"type":"Polygon","coordinates":[[[112.261271,37.921202],[112.273198,37.926559],[112.272474,37.929042],[112.284047,37.930822],[112.273085,37.935181],[112.281235,37.939202],[112.295754,37.93473],[112.290592,37.922342],[112.294379,37.922947],[112.296116,37.927925],[112.30596,37.927929],[112.301879,37.934214],[112.306265,37.945747],[112.31241,37.935169],[112.316748,37.934023],[112.314991,37.939048],[112.322554,37.952382],[112.328302,37.954903],[112.330552,37.963147],[112.316688,37.971563],[112.315073,37.975057],[112.317583,37.977886],[112.328997,37.98055],[112.341332,37.976293],[112.354961,37.977622],[112.357838,37.975017],[112.35106,37.970263],[112.357021,37.965743],[112.358287,37.95382],[112.346307,37.946268],[112.359241,37.934984],[112.37583,37.931038],[112.388808,37.922306],[112.401499,37.935218],[112.409268,37.938031],[112.413835,37.929259],[112.433857,37.921506],[112.437078,37.914809],[112.448917,37.915386],[112.468239,37.910237],[112.46915,37.902542],[112.471085,37.898996],[112.474176,37.900276],[112.474254,37.896626],[112.477873,37.900072],[112.478178,37.895597],[112.481116,37.897881],[112.501896,37.897802],[112.503517,37.886181],[112.516424,37.886361],[112.531518,37.879947],[112.53026,37.852346],[112.536797,37.825718],[112.535968,37.813911],[112.526311,37.812281],[112.524259,37.803461],[112.519945,37.803451],[112.520269,37.799301],[112.510505,37.799428],[112.511627,37.803872],[112.507662,37.804315],[112.507066,37.807849],[112.508091,37.815339],[112.496666,37.816739],[112.496449,37.821182],[112.480471,37.82044],[112.47845,37.818382],[112.484134,37.808516],[112.476989,37.797365],[112.444923,37.810544],[112.435469,37.818454],[112.426034,37.819803],[112.413417,37.813923],[112.409017,37.801119],[112.323956,37.780363],[112.325527,37.785064],[112.321482,37.793896],[112.329381,37.80065],[112.330154,37.809791],[112.336222,37.820017],[112.314225,37.827035],[112.30636,37.832633],[112.298843,37.833128],[112.297289,37.841267],[112.282446,37.857148],[112.277211,37.871614],[112.281734,37.876184],[112.295571,37.875073],[112.298574,37.878428],[112.292315,37.887186],[112.280328,37.885029],[112.261271,37.921202]]]}},{"type":"Feature","properties":{"id":"cn:140110","name":"晋源区","level":2},"geometry":{"type":"Polygon","coordinates":[[[112.320145,37.725967],[112.32609,37.733419],[112.336178,37.737824],[112.34017,37.74805],[112.333695,37.756426],[112.33426,37.767655],[112.323956,37.780363],[112.409017,37.801119],[112.413417,37.813923],[112.426034,37.819803],[112.435469,37.818454],[112.444923,37.810544],[112.476989,37.797365],[112.484134,37.808516],[112.47845,37.818382],[112.480471,37.82044],[112.496449,37.821182],[112.496666,37.816739],[112.508091,37.815339],[112.507066,37.807849],[112.507662,37.804315],[112.511627,37.803872],[112.510505,37.799428],[112.520269,37.799301],[112.519945,37.803451],[112.524259,37.803461],[112.526311,37.812281],[112.535968,37.813911],[112.529271,37.776834],[112.541883,37.745275],[112.543142,37.727317],[112.533557,37.711683],[112.502813,37.680393],[112.490781,37.678375],[112.478906,37.682793],[112.472769,37.681222],[112.432153,37.646244],[112.412279,37.642003],[112.403451,37.634373],[112.383598,37.606173],[112.37346,37.608466],[112.365891,37.619304],[112.362088,37.628453],[112.363338,37.650836],[112.352947,37.662094],[112.350422,37.670041],[112.336133,37.675965],[112.320526,37.698288],[112.325874,37.709182],[112.320145,37.725967]]]}},{"type":"Feature","properties":{"id":"cn:140121","name":"清徐县","level":2},"geometry":{"type":"Polygon","coordinates":[[[112.165378,37.653848],[112.171958,37.668314],[112.17971,37.67614],[112.185682,37.677025],[112.189815,37.683344],[112.202818,37.683136],[112.212289,37.690927],[112.220908,37.689178],[112.225744,37.690593],[112.228547,37.695776],[112.245231,37.696521],[112.251559,37.704069],[112.248078,37.711626],[112.266065,37.735806],[112.279372,37.749343],[112.298861,37.760446],[112.323956,37.780363],[112.33426,37.767655],[112.333695,37.756426],[112.34017,37.74805],[112.336178,37.737824],[112.3203,37.727372],[112.325874,37.709182],[112.320526,37.698288],[112.336133,37.675965],[112.350422,37.670041],[112.352947,37.662094],[112.363338,37.650836],[112.362088,37.628453],[112.37346,37.608466],[112.383598,37.606173],[112.393373,37.62173],[112.396281,37.621877],[112.407669,37.6082],[112.428351,37.596375],[112.438151,37.594925],[112.453533,37.60357],[112.455989,37.620536],[112.475998,37.618844],[112.477656,37.613827],[112.483672,37.612754],[112.48934,37.614168],[112.491866,37.619251],[112.50389,37.626487],[112.521864,37.619626],[112.524979,37.607405],[112.530036,37.604317],[112.555122,37.602202],[112.562125,37.597099],[112.566405,37.597697],[112.569661,37.603878],[112.589724,37.601421],[112.602394,37.576655],[112.600536,37.551581],[112.606952,37.545878],[112.609599,37.535665],[112.621795,37.532775],[112.617551,37.525427],[112.600441,37.524688],[112.587759,37.5205],[112.584617,37.516173],[112.584443,37.506347],[112.539678,37.517783],[112.535572,37.514346],[112.505589,37.509997],[112.501813,37.477975],[112.473871,37.474456],[112.46723,37.467811],[112.457586,37.468066],[112.447994,37.477198],[112.435451,37.478084],[112.43013,37.469912],[112.426781,37.470149],[112.425554,37.464788],[112.428594,37.464206],[112.426172,37.45804],[112.414344,37.459081],[112.406757,37.463287],[112.392825,37.46073],[112.386115,37.464012],[112.382079,37.470969],[112.383597,37.483235],[112.352383,37.484233],[112.34582,37.462397],[112.323598,37.458213],[112.311584,37.46735],[112.310925,37.475714],[112.294735,37.479277],[112.2828,37.48771],[112.293172,37.493739],[112.30694,37.494789],[112.30727,37.504876],[112.292313,37.507523],[112.291515,37.519989],[112.267296,37.523409],[112.269415,37.531851],[112.287652,37.548075],[112.28582,37.565162],[112.249249,37.56107],[112.230578,37.56511],[112.221039,37.592159],[112.203148,37.599799],[112.197386,37.612318],[112.188945,37.615449],[112.181324,37.626331],[112.167523,37.634703],[112.165378,37.653848]]]}},{"type":"Feature","properties":{"id":"cn:140122","name":"阳曲县","level":2},"geometry":{"type":"Polygon","coordinates":[[[112.198909,38.118796],[112.200305,38.123431],[112.208605,38.129759],[112.207103,38.144807],[112.215444,38.146781],[112.229699,38.142159],[112.235931,38.147776],[112.244958,38.149477],[112.259698,38.175931],[112.259308,38.193231],[112.248318,38.19798],[112.244975,38.219012],[112.225131,38.234958],[112.21435,38.249954],[112.214897,38.255613],[112.227492,38.261026],[112.263465,38.26728],[112.263213,38.272445],[112.244081,38.281047],[112.241077,38.287016],[112.241468,38.291134],[112.26211,38.305591],[112.267466,38.313299],[112.296442,38.305683],[112.313135,38.310353],[112.32172,38.304619],[112.333976,38.302328],[112.357068,38.277298],[112.378318,38.275063],[112.391678,38.267429],[112.399733,38.266009],[112.411842,38.274421],[112.431712,38.280308],[112.440228,38.275338],[112.442381,38.265295],[112.452024,38.249257],[112.462007,38.246449],[112.468048,38.241033],[112.476486,38.243442],[112.498265,38.237507],[112.504576,38.245233],[112.518309,38.249422],[112.52014,38.269013],[112.535365,38.25986],[112.537006,38.251782],[112.547145,38.248788],[112.548074,38.241461],[112.556208,38.238688],[112.556424,38.230619],[112.55119,38.22295],[112.560097,38.211951],[112.57948,38.207316],[112.590443,38.210923],[112.614453,38.206152],[112.630398,38.215601],[112.642022,38.227168],[112.639304,38.237888],[112.633888,38.244755],[112.635442,38.24712],[112.657777,38.243752],[112.675259,38.235353],[112.683098,38.235323],[112.687004,38.236104],[112.688149,38.241725],[112.703566,38.243712],[112.722307,38.238004],[112.729407,38.24346],[112.742429,38.241412],[112.789598,38.250447],[112.802627,38.262761],[112.803669,38.27112],[112.813999,38.284483],[112.837185,38.302778],[112.898555,38.318355],[112.917348,38.330416],[112.938667,38.333445],[112.965681,38.356999],[112.971696,38.341721],[112.980143,38.339729],[112.996818,38.342771],[113.012208,38.356157],[113.015967,38.364083],[113.024361,38.366943],[113.029812,38.379399],[113.052928,38.389151],[113.062485,38.387376],[113.074638,38.393335],[113.07699,38.398461],[113.071626,38.410136],[113.078631,38.414985],[113.114429,38.42054],[113.132502,38.416998],[113.138769,38.410947],[113.132979,38.399785],[113.144767,38.375035],[113.135496,38.359828],[113.136842,38.354785],[113.149732,38.344498],[113.143422,38.327484],[113.128014,38.31527],[113.112493,38.313856],[113.10205,38.306234],[113.090826,38.309533],[113.084404,38.30646],[113.069803,38.306295],[113.066322,38.299008],[113.058509,38.296495],[113.054455,38.28337],[113.045871,38.278674],[113.045037,38.27495],[113.028623,38.270142],[113.024543,38.257989],[112.996457,38.24912],[112.980038,38.237047],[112.967616,38.232437],[112.96339,38.222047],[112.951439,38.216884],[112.949674,38.210993],[112.9522,38.206102],[112.939856,38.192733],[112.941792,38.18716],[112.936497,38.187104],[112.93056,38.179617],[112.932782,38.169978],[112.930429,38.160064],[112.92233,38.162916],[112.914813,38.160724],[112.916324,38.145116],[112.928329,38.137239],[112.953771,38.140915],[112.956967,38.119638],[112.972321,38.10542],[112.98634,38.098635],[112.989647,38.092858],[113.006618,38.081526],[113.016158,38.084538],[113.034673,38.080901],[113.036722,38.072568],[113.044847,38.065592],[113.059204,38.062953],[113.060237,38.054324],[113.047529,38.04741],[113.017598,38.049703],[113.002746,38.040823],[113.016158,38.02574],[113.011731,38.024933],[113.008874,38.019417],[112.99917,38.017225],[112.998164,38.006148],[112.994725,38.00282],[112.982642,38.001739],[112.961349,38.017807],[112.954483,38.013731],[112.951028,38.004743],[112.93246,37.99006],[112.914371,37.996184],[112.892045,37.991123],[112.877514,37.996337],[112.847818,37.988772],[112.841611,37.994679],[112.827211,37.997977],[112.821221,38.004067],[112.809025,37.996272],[112.811161,37.982752],[112.788201,37.968825],[112.762264,37.939458],[112.737472,37.954728],[112.731891,37.951929],[112.731005,37.943634],[112.721466,37.937336],[112.693271,37.943179],[112.661762,37.964477],[112.658134,37.969803],[112.649079,37.974377],[112.645399,37.97265],[112.639539,37.979634],[112.617943,37.993227],[112.622752,38.004225],[112.603447,38.032394],[112.60013,38.051678],[112.58303,38.041027],[112.563751,38.049612],[112.547787,38.046396],[112.524142,38.04779],[112.519845,38.041158],[112.511885,38.041002],[112.501226,38.050316],[112.477494,38.053146],[112.477371,38.060647],[112.45923,38.074323],[112.436669,38.054914],[112.431756,38.059493],[112.423344,38.053728],[112.427207,38.048325],[112.421001,38.026167],[112.425237,38.019679],[112.423622,38.015373],[112.414678,38.014072],[112.416473,38.017434],[112.413972,38.020393],[112.407579,38.016211],[112.397802,38.01791],[112.403416,38.012374],[112.396447,38.005786],[112.402365,38.003743],[112.40195,37.999562],[112.393678,38.0038],[112.388408,37.999351],[112.372578,37.999351],[112.376532,37.994215],[112.371471,37.991828],[112.377419,37.988187],[112.378316,37.98342],[112.374727,37.980208],[112.370083,37.982232],[112.363014,37.975877],[112.366406,37.971783],[112.364237,37.971737],[112.354961,37.977622],[112.341332,37.976293],[112.328997,37.98055],[112.323503,37.987382],[112.32418,37.991549],[112.313042,37.996388],[112.315681,38.000321],[112.306644,38.010555],[112.303988,38.019825],[112.287165,38.03394],[112.272738,38.055502],[112.252599,38.050897],[112.248302,38.053246],[112.24535,38.06088],[112.247415,38.062815],[112.239516,38.070371],[112.224586,38.072346],[112.227519,38.082386],[112.237381,38.084021],[112.23785,38.089374],[112.223197,38.096856],[112.222937,38.105466],[112.198909,38.118796]]]}},{"type":"Feature","properties":{"id":"cn:140123","name":"娄烦县","level":2},"geometry":{"type":"Polygon","coordinates":[[[111.509453,38.049857],[111.516719,38.058247],[111.516962,38.065087],[111.537301,38.071311],[111.541164,38.084887],[111.561337,38.095065],[111.618685,38.101443],[111.636845,38.115669],[111.667687,38.130015],[111.683035,38.133522],[111.710075,38.157936],[111.709789,38.17439],[111.737575,38.183027],[111.747506,38.178956],[111.759762,38.178727],[111.766795,38.187204],[111.770561,38.186053],[111.778574,38.190619],[111.784615,38.18897],[111.787377,38.190147],[111.7861,38.194413],[111.799902,38.194907],[111.799372,38.203046],[111.811126,38.213788],[111.843193,38.214535],[111.841482,38.219171],[111.834876,38.221978],[111.837064,38.228046],[111.84124,38.229343],[111.859929,38.223867],[111.862759,38.219617],[111.858236,38.201527],[111.866491,38.192981],[111.872802,38.192976],[111.880927,38.199214],[111.891804,38.19763],[111.908792,38.18029],[111.929313,38.178754],[111.944946,38.167504],[111.953784,38.168403],[111.964904,38.177774],[111.990876,38.182305],[112.000321,38.188703],[112.003654,38.188693],[112.009496,38.181121],[112.039748,38.171146],[112.028108,38.15576],[112.004496,38.137144],[112.001796,38.13125],[112.004661,38.122309],[111.997612,38.11533],[112.00815,38.104549],[112.01552,38.089814],[112.014678,38.078416],[112.018889,38.069636],[112.011527,38.055564],[112.011753,38.04204],[112.006936,38.029263],[112.020468,38.019128],[112.031233,38.005426],[112.030756,37.99303],[112.034731,37.989549],[112.033248,37.980866],[112.036641,37.973703],[112.026043,37.971889],[112.015972,37.975174],[112.014991,37.969077],[112.003515,37.968512],[112.019046,37.958933],[112.039906,37.952823],[112.045375,37.945387],[112.033863,37.935856],[111.99901,37.930418],[111.957966,37.910464],[111.946743,37.908631],[111.941004,37.88864],[111.927402,37.888085],[111.915345,37.893583],[111.905318,37.889447],[111.875918,37.894243],[111.859077,37.890294],[111.843339,37.894299],[111.836091,37.900958],[111.813435,37.897907],[111.775119,37.906561],[111.748695,37.904834],[111.728131,37.883536],[111.731074,37.872473],[111.699659,37.878405],[111.683947,37.874187],[111.675118,37.862529],[111.659476,37.863115],[111.647159,37.85617],[111.634329,37.86114],[111.62584,37.857781],[111.611959,37.859152],[111.602584,37.855202],[111.585664,37.856078],[111.567418,37.847563],[111.560586,37.8613],[111.55845,37.878218],[111.540768,37.884745],[111.573034,37.900769],[111.568068,37.913195],[111.571437,37.923143],[111.566082,37.931507],[111.551169,37.93823],[111.539216,37.95545],[111.536188,37.972077],[111.531682,37.978801],[111.531665,37.991909],[111.5171,38.003823],[111.511171,38.015551],[111.511953,38.02516],[111.521823,38.038081],[111.509453,38.049857]]]}},{"type":"Feature","properties":{"id":"cn:140181","name":"古交市","level":2},"geometry":{"type":"Polygon","coordinates":[[[111.728131,37.883536],[111.743305,37.897255],[111.746795,37.904339],[111.772098,37.906583],[111.813435,37.897907],[111.836091,37.900958],[111.843339,37.894299],[111.859077,37.890294],[111.875918,37.894243],[111.905318,37.889447],[111.915345,37.893583],[111.927402,37.888085],[111.941004,37.88864],[111.946743,37.908631],[111.957966,37.910464],[111.99901,37.930418],[112.033863,37.935856],[112.045375,37.945387],[112.039906,37.952823],[112.019046,37.958933],[112.003515,37.968512],[112.014991,37.969077],[112.015972,37.975174],[112.026043,37.971889],[112.036641,37.973703],[112.033248,37.980866],[112.034731,37.989549],[112.030756,37.99303],[112.031233,38.005426],[112.020468,38.019128],[112.006936,38.029263],[112.011753,38.04204],[112.011527,38.055564],[112.018889,38.069636],[112.014678,38.078416],[112.01552,38.089814],[112.00815,38.104549],[111.997612,38.11533],[112.004661,38.122309],[112.001866,38.1328],[112.005798,38.138685],[112.028108,38.15576],[112.039748,38.171146],[112.052604,38.175283],[112.072065,38.166072],[112.085269,38.168781],[112.094609,38.166576],[112.12803,38.140244],[112.134445,38.146694],[112.153655,38.14932],[112.189177,38.140201],[112.195852,38.141773],[112.208605,38.129759],[112.200305,38.123431],[112.199698,38.117706],[112.222937,38.105466],[112.223197,38.096856],[112.23785,38.089374],[112.237381,38.084021],[112.227519,38.082386],[112.224586,38.072346],[112.239516,38.070371],[112.247415,38.062815],[112.24535,38.06088],[112.248302,38.053246],[112.252599,38.050897],[112.272738,38.055502],[112.287165,38.03394],[112.303988,38.019825],[112.306644,38.010555],[112.315681,38.000321],[112.313042,37.996388],[112.32418,37.991549],[112.323503,37.987382],[112.328997,37.98055],[112.315073,37.975057],[112.329597,37.964805],[112.329215,37.956645],[112.322554,37.952382],[112.315862,37.940775],[112.316748,37.934023],[112.311279,37.936621],[112.308479,37.945212],[112.304007,37.944666],[112.304494,37.936245],[112.301879,37.934214],[112.30596,37.927929],[112.296116,37.927925],[112.294379,37.922947],[112.290592,37.922342],[112.295754,37.93473],[112.281235,37.939202],[112.273085,37.935181],[112.284047,37.930822],[112.272474,37.929042],[112.273198,37.926559],[112.261271,37.921202],[112.280328,37.885029],[112.292315,37.887186],[112.298574,37.878428],[112.295571,37.875073],[112.281734,37.876184],[112.277211,37.871614],[112.282446,37.857148],[112.297289,37.841267],[112.298843,37.833128],[112.30636,37.832633],[112.314225,37.827035],[112.336222,37.820017],[112.330154,37.809791],[112.329381,37.80065],[112.321482,37.793896],[112.325484,37.782364],[112.298861,37.760446],[112.279372,37.749343],[112.266065,37.735806],[112.248078,37.711626],[112.251559,37.704069],[112.245231,37.696521],[112.228547,37.695776],[112.225744,37.690593],[112.220908,37.689178],[112.212289,37.690927],[112.202818,37.683136],[112.189815,37.683344],[112.185682,37.677025],[112.17971,37.67614],[112.171958,37.668314],[112.167081,37.670736],[112.168747,37.674473],[112.155318,37.678652],[112.150084,37.684811],[112.129676,37.689278],[112.121881,37.698648],[112.111967,37.697716],[112.096057,37.715346],[112.086091,37.712264],[112.068041,37.716995],[112.044642,37.709707],[112.03315,37.709607],[112.02643,37.711427],[112.01676,37.723228],[111.989763,37.721448],[111.968591,37.712611],[111.96116,37.71318],[111.94669,37.734204],[111.92761,37.730854],[111.928738,37.74025],[111.915092,37.757464],[111.911907,37.774004],[111.904416,37.780072],[111.905961,37.792464],[111.903469,37.794986],[111.891777,37.798679],[111.875163,37.791895],[111.813383,37.795528],[111.809624,37.808362],[111.80202,37.816518],[111.781811,37.826561],[111.762167,37.830689],[111.761387,37.840806],[111.740336,37.854838],[111.740614,37.869855],[111.731074,37.872473],[111.728131,37.883536]]]}},{"type":"Feature","properties":{"id":"cn:1402","name":"大同市","level":1},"geometry":{"type":"Polygon","coordinates":[[[112.571847,40.141134],[112.579004,40.147303],[112.574715,40.148891],[112.573933,40.15342],[112.583261,40.160484],[112.615545,40.162768],[112.62071,40.169131],[112.61992,40.176445],[112.601031,40.193041],[112.596672,40.201986],[112.597376,40.209521],[112.603165,40.217481],[112.619445,40.221443],[112.617766,40.235864],[112.623357,40.234777],[112.705571,40.177699],[112.714027,40.177453],[112.723539,40.166941],[112.748436,40.168207],[112.838349,40.202856],[112.848462,40.21739],[112.87314,40.275914],[112.883826,40.304157],[112.885898,40.324695],[112.964605,40.350057],[112.99117,40.354192],[113.024214,40.364317],[113.119535,40.375431],[113.150735,40.388299],[113.226965,40.401686],[113.245386,40.411763],[113.250655,40.408369],[113.251877,40.399556],[113.256973,40.3934],[113.269008,40.387254],[113.278049,40.375322],[113.295712,40.333448],[113.308915,40.318865],[113.337382,40.320874],[113.355855,40.317197],[113.380412,40.317774],[113.499726,40.334336],[113.553094,40.347553],[113.56582,40.356528],[113.577433,40.370182],[113.630393,40.407751],[113.661207,40.422645],[113.673732,40.442806],[113.762066,40.475809],[113.783881,40.501261],[113.787987,40.516735],[113.803394,40.500914],[113.826024,40.485879],[113.844358,40.459477],[113.856832,40.455363],[113.883568,40.465384],[113.924392,40.492281],[113.936912,40.504578],[113.942153,40.516205],[113.946108,40.514879],[113.971971,40.522233],[113.995305,40.519491],[114.004722,40.514568],[114.055104,40.527399],[114.073334,40.546284],[114.075105,40.563961],[114.070035,40.57433],[114.052604,40.585445],[114.043737,40.602602],[114.035216,40.607452],[114.049862,40.626839],[114.063621,40.658766],[114.065878,40.677599],[114.057441,40.708315],[114.065401,40.719951],[114.07804,40.727812],[114.120876,40.733616],[114.132719,40.738358],[114.140494,40.731888],[114.144455,40.721536],[114.155609,40.712036],[114.159089,40.697968],[114.169069,40.687678],[114.173165,40.673581],[114.189358,40.656739],[114.200118,40.651041],[114.201591,40.643936],[114.207878,40.638731],[114.209586,40.632999],[114.202405,40.627742],[114.204479,40.622479],[114.212122,40.618917],[114.217931,40.610575],[114.229623,40.605676],[114.251758,40.609322],[114.276471,40.58946],[114.269991,40.572049],[114.272716,40.565519],[114.26968,40.564351],[114.26686,40.55277],[114.273502,40.549721],[114.286953,40.550075],[114.290517,40.536159],[114.279518,40.525811],[114.279623,40.509789],[114.27319,40.500355],[114.276119,40.493883],[114.267024,40.488701],[114.267981,40.480358],[114.260743,40.472944],[114.265624,40.458743],[114.277795,40.458711],[114.280091,40.449081],[114.29225,40.444317],[114.292786,40.43774],[114.281857,40.430046],[114.279791,40.42363],[114.287982,40.414082],[114.30793,40.368311],[114.315855,40.364118],[114.346383,40.367186],[114.361544,40.35942],[114.374612,40.36148],[114.376688,40.35287],[114.383788,40.349879],[114.397122,40.352403],[114.407356,40.360823],[114.439996,40.371488],[114.464352,40.348379],[114.479969,40.34706],[114.492981,40.352776],[114.519517,40.346847],[114.524395,40.343956],[114.522997,40.329989],[114.504647,40.301777],[114.463476,40.266751],[114.444587,40.258175],[114.393867,40.243752],[114.349162,40.248167],[114.317965,40.241392],[114.296776,40.230694],[114.286663,40.228897],[114.248781,40.235],[114.243165,40.233289],[114.233703,40.220755],[114.227097,40.194557],[114.217922,40.191862],[114.186777,40.193737],[114.129197,40.174048],[114.115571,40.177546],[114.116629,40.187333],[114.110073,40.187383],[114.103675,40.192319],[114.091183,40.192322],[114.085299,40.187712],[114.072023,40.184685],[114.061256,40.178435],[114.071739,40.154053],[114.079038,40.12565],[114.094422,40.107386],[114.094944,40.098471],[114.084993,40.085405],[114.084194,40.073751],[114.077851,40.069656],[114.054496,40.064741],[114.0371,40.0556],[114.028446,40.063762],[114.028459,40.078337],[114.01664,40.092109],[114.013264,40.101245],[113.989738,40.109725],[113.973297,40.111185],[113.967197,40.096811],[113.972058,40.089849],[113.974498,40.070027],[113.971083,40.065302],[113.969046,40.049964],[113.964012,40.04252],[113.940505,40.026287],[113.909697,40.023445],[113.904211,40.010749],[113.908187,40.00496],[113.917379,40.002346],[113.930035,40.008636],[113.949041,40.001168],[113.994341,39.990562],[114.001369,39.992189],[114.018055,39.988594],[114.022758,39.984142],[114.021598,39.958062],[114.026235,39.952708],[114.028203,39.941816],[114.04066,39.914851],[114.047213,39.920214],[114.061024,39.920983],[114.08006,39.909377],[114.096108,39.911497],[114.167566,39.896349],[114.1994,39.909836],[114.205312,39.917771],[114.205823,39.914018],[114.209631,39.916482],[114.215527,39.911522],[114.215061,39.906908],[114.220298,39.906432],[114.217397,39.904225],[114.220984,39.902622],[114.222722,39.896624],[114.198018,39.883962],[114.192932,39.877555],[114.196514,39.870277],[114.209304,39.860854],[114.214749,39.860473],[114.219049,39.850237],[114.222007,39.859182],[114.239116,39.860724],[114.27059,39.873319],[114.280423,39.869856],[114.27869,39.857801],[114.282254,39.856744],[114.295803,39.861204],[114.309405,39.858675],[114.32102,39.864323],[114.341335,39.86143],[114.375423,39.868242],[114.388888,39.865872],[114.393132,39.855327],[114.391392,39.843576],[114.400386,39.831265],[114.395773,39.824177],[114.386738,39.822154],[114.383781,39.817949],[114.39087,39.810027],[114.39572,39.791649],[114.403062,39.789261],[114.402299,39.781009],[114.40852,39.782621],[114.410473,39.775637],[114.404134,39.765088],[114.407996,39.748378],[114.402378,39.74533],[114.401182,39.734385],[114.399697,39.658381],[114.408369,39.639033],[114.42518,39.612737],[114.431442,39.610013],[114.468412,39.612509],[114.48954,39.607026],[114.498858,39.594201],[114.498722,39.58794],[114.509175,39.563897],[114.52374,39.562718],[114.528888,39.571356],[114.550975,39.580412],[114.560393,39.57786],[114.562927,39.57298],[114.557177,39.554013],[114.551307,39.549673],[114.551306,39.531024],[114.541697,39.524981],[114.530119,39.511352],[114.532976,39.499812],[114.530503,39.491142],[114.526072,39.484877],[114.49572,39.475638],[114.498418,39.459147],[114.490582,39.437431],[114.464549,39.407605],[114.461971,39.387891],[114.465278,39.368242],[114.463144,39.354028],[114.474159,39.349403],[114.472844,39.345111],[114.461059,39.336178],[114.460282,39.32853],[114.445991,39.327698],[114.442399,39.324932],[114.442296,39.319366],[114.428475,39.315321],[114.423934,39.305341],[114.427194,39.293249],[114.418449,39.283616],[114.419023,39.276279],[114.424704,39.264367],[114.431225,39.259238],[114.420773,39.247602],[114.409489,39.241682],[114.428808,39.228821],[114.440314,39.229413],[114.450946,39.224091],[114.461041,39.224779],[114.467945,39.218862],[114.469702,39.214801],[114.465316,39.206665],[114.467205,39.201478],[114.464115,39.192998],[114.457984,39.186767],[114.446789,39.191531],[114.441224,39.190386],[114.436852,39.172945],[114.427564,39.174276],[114.411562,39.170504],[114.381728,39.175859],[114.372918,39.165644],[114.371561,39.147968],[114.353799,39.138231],[114.354367,39.132898],[114.360412,39.128085],[114.363318,39.120333],[114.36372,39.109335],[114.353364,39.089712],[114.342325,39.075446],[114.335225,39.073479],[114.326232,39.075723],[114.314461,39.069535],[114.293817,39.078288],[114.261965,39.070757],[114.245964,39.072618],[114.236306,39.065811],[114.220023,39.065613],[114.183272,39.04733],[114.174435,39.048121],[114.160981,39.058463],[114.15065,39.060147],[114.120034,39.049861],[114.102074,39.051206],[114.090165,39.082621],[114.078275,39.087936],[114.078618,39.092205],[114.073585,39.094372],[114.068743,39.090493],[114.057793,39.093104],[114.04637,39.130507],[114.0442,39.134825],[114.036813,39.136314],[113.999978,39.121961],[113.993983,39.099856],[113.988644,39.094617],[113.95539,39.100065],[113.946145,39.126675],[113.945442,39.145712],[113.930547,39.199257],[113.933768,39.206102],[113.952196,39.222053],[113.960356,39.260317],[113.960774,39.280634],[113.940513,39.294936],[113.935826,39.307891],[113.924485,39.317444],[113.923835,39.321968],[113.916729,39.322071],[113.89179,39.344228],[113.895011,39.365414],[113.89318,39.372159],[113.834074,39.369976],[113.784621,39.377433],[113.766054,39.389681],[113.759795,39.404174],[113.750924,39.411986],[113.732521,39.419816],[113.710473,39.421765],[113.683962,39.418362],[113.642904,39.433714],[113.598546,39.421409],[113.592565,39.42315],[113.583208,39.439088],[113.570656,39.437217],[113.563608,39.452057],[113.529121,39.468138],[113.511707,39.480066],[113.50169,39.49218],[113.499485,39.501975],[113.504694,39.519302],[113.500163,39.527896],[113.478184,39.548638],[113.466995,39.553386],[113.451683,39.577514],[113.424823,39.580475],[113.422288,39.604468],[113.376056,39.647928],[113.375865,39.652277],[113.387019,39.662198],[113.385517,39.669034],[113.378643,39.676413],[113.379016,39.681234],[113.389198,39.691687],[113.386748,39.695223],[113.397028,39.700545],[113.395292,39.704944],[113.403411,39.713501],[113.403623,39.720445],[113.397976,39.726476],[113.399587,39.729826],[113.386015,39.742352],[113.33952,39.767947],[113.322018,39.797224],[113.32552,39.803537],[113.338223,39.805146],[113.366073,39.833201],[113.389651,39.836296],[113.43247,39.850857],[113.393253,39.888554],[113.380048,39.892254],[113.374033,39.904737],[113.345535,39.905332],[113.318191,39.9314],[113.298064,39.933204],[113.27899,39.947268],[113.228579,39.957126],[113.203127,39.94413],[113.161383,39.915466],[113.134378,39.907824],[113.115645,39.90702],[113.036199,39.915292],[113.016173,39.91113],[112.996132,39.914029],[112.962372,39.908473],[112.937927,39.916173],[112.932822,39.911616],[112.935493,39.889444],[112.949806,39.882811],[112.960129,39.86804],[112.950913,39.852201],[112.932106,39.860171],[112.927697,39.840864],[112.914626,39.838208],[112.905168,39.828237],[112.87521,39.821643],[112.870427,39.816226],[112.872276,39.809177],[112.863456,39.801074],[112.816764,39.793691],[112.810818,39.787774],[112.810618,39.78021],[112.814134,39.775734],[112.746042,39.773109],[112.744836,39.756798],[112.73829,39.751086],[112.727669,39.752214],[112.687041,39.767996],[112.678273,39.764732],[112.673872,39.75267],[112.669592,39.749319],[112.641814,39.739697],[112.633186,39.750413],[112.614523,39.759427],[112.612925,39.771983],[112.616103,39.800512],[112.61388,39.808459],[112.593533,39.815117],[112.58466,39.834991],[112.593419,39.85454],[112.597386,39.879656],[112.590077,39.919523],[112.610892,39.947716],[112.626207,40.000449],[112.637473,40.026167],[112.636084,40.033489],[112.630065,40.038206],[112.6266,40.052577],[112.616406,40.056834],[112.612077,40.069618],[112.604038,40.0784],[112.605253,40.083811],[112.615732,40.08905],[112.60632,40.094912],[112.600817,40.093531],[112.583149,40.100083],[112.578559,40.109803],[112.589096,40.11425],[112.583325,40.122499],[112.576737,40.123889],[112.575249,40.128673],[112.577993,40.133529],[112.571847,40.141134]]]}},{"type":"Feature","properties":{"id":"cn:140212","name":"新荣区","level":2},"geometry":{"type":"Polygon","coordinates":[[[112.867194,40.261566],[112.883826,40.304157],[112.885898,40.324695],[112.964605,40.350057],[112.99117,40.354192],[113.024214,40.364317],[113.119535,40.375431],[113.150735,40.388299],[113.226965,40.401686],[113.245386,40.411763],[113.250655,40.408369],[113.251877,40.399556],[113.256973,40.3934],[113.269008,40.387254],[113.278049,40.375322],[113.295712,40.333448],[113.308915,40.318865],[113.337382,40.320874],[113.355855,40.317197],[113.380412,40.317774],[113.481046,40.332457],[113.480082,40.326329],[113.485299,40.308881],[113.505316,40.285943],[113.51692,40.253564],[113.508099,40.245074],[113.491445,40.236306],[113.490196,40.232091],[113.461671,40.221229],[113.433311,40.199936],[113.419647,40.18348],[113.411847,40.183432],[113.410154,40.164447],[113.383606,40.151003],[113.378085,40.140761],[113.375846,40.145792],[113.372195,40.144236],[113.348412,40.149752],[113.341556,40.141448],[113.335958,40.141332],[113.333108,40.146998],[113.325593,40.149637],[113.324419,40.158958],[113.311227,40.162475],[113.309519,40.144768],[113.297871,40.140983],[113.294785,40.159223],[113.27422,40.165413],[113.272678,40.161611],[113.267876,40.162795],[113.269075,40.165942],[113.243137,40.174519],[113.236761,40.169944],[113.242998,40.162787],[113.215082,40.161666],[113.212398,40.154296],[113.208433,40.15606],[113.202288,40.153494],[113.202675,40.149195],[113.197865,40.147498],[113.185739,40.153273],[113.183482,40.159092],[113.172558,40.157256],[113.171188,40.164711],[113.159432,40.164245],[113.147395,40.173261],[113.140145,40.17078],[113.13877,40.162612],[113.125977,40.156048],[113.122284,40.157691],[113.117855,40.155084],[113.114163,40.163246],[113.103685,40.163855],[113.09428,40.154446],[113.096454,40.144235],[113.091567,40.148682],[113.090222,40.143005],[113.084497,40.13836],[113.077696,40.141592],[113.074336,40.136099],[113.063461,40.140419],[113.056464,40.137181],[113.043172,40.145519],[113.04247,40.1309],[113.044831,40.127349],[113.037544,40.130521],[113.031016,40.121507],[113.019365,40.137357],[113.012771,40.139594],[113.004727,40.130945],[112.997524,40.133563],[112.989303,40.131644],[112.988495,40.136758],[112.995253,40.136787],[112.990579,40.138077],[112.991164,40.141409],[112.986481,40.144313],[112.989444,40.148714],[112.974709,40.150105],[112.968913,40.154208],[112.959898,40.14801],[112.962766,40.144678],[112.954356,40.146784],[112.948335,40.157896],[112.958805,40.164813],[112.961515,40.172679],[112.936838,40.176178],[112.933699,40.203719],[112.905822,40.208639],[112.899912,40.215629],[112.897941,40.238732],[112.891214,40.246795],[112.867194,40.261566]]]}},{"type":"Feature","properties":{"id":"cn:140213","name":"平城区","level":2},"geometry":{"type":"Polygon","coordinates":[[[113.203443,40.117322],[113.202288,40.153494],[113.208433,40.15606],[113.212398,40.154296],[113.215082,40.161666],[113.242998,40.162787],[113.236761,40.169944],[113.243137,40.174519],[113.269075,40.165942],[113.267876,40.162795],[113.272678,40.161611],[113.27422,40.165413],[113.294785,40.159223],[113.297871,40.140983],[113.309519,40.144768],[113.311227,40.162475],[113.324419,40.158958],[113.325593,40.149637],[113.333108,40.146998],[113.335958,40.141332],[113.341556,40.141448],[113.347619,40.149736],[113.376401,40.145422],[113.378471,40.127597],[113.393539,40.116178],[113.396397,40.1093],[113.389201,40.089894],[113.395385,40.077168],[113.385156,40.071499],[113.383583,40.063771],[113.383569,40.047705],[113.395191,40.030896],[113.389908,40.015219],[113.376419,40.005488],[113.367226,39.983407],[113.359201,39.980993],[113.339845,39.998125],[113.329324,39.994685],[113.294557,40.002768],[113.293528,40.007765],[113.271073,40.03185],[113.250375,40.041085],[113.227505,40.057344],[113.212009,40.08212],[113.234498,40.084029],[113.233214,40.093308],[113.24269,40.099026],[113.230427,40.110487],[113.203443,40.117322]]]}},{"type":"Feature","properties":{"id":"cn:140214","name":"云冈区","level":2},"geometry":{"type":"Polygon","coordinates":[[[112.879775,39.930531],[112.896311,39.946337],[112.923004,39.946217],[112.948395,39.953135],[112.960409,39.962887],[112.966919,39.975917],[112.969593,39.98929],[112.960417,40.000014],[112.94612,40.005578],[112.926754,40.002879],[112.911841,40.005013],[112.907778,40.010543],[112.919896,40.021163],[112.920354,40.029182],[112.918508,40.038419],[112.904862,40.050786],[112.902225,40.069789],[112.919574,40.076135],[112.922969,40.080517],[112.923643,40.082905],[112.913122,40.083095],[112.91096,40.08619],[112.951722,40.097015],[112.954229,40.109926],[112.9653,40.123204],[112.972389,40.14073],[112.967462,40.144867],[112.96197,40.144621],[112.959749,40.147475],[112.96165,40.149748],[112.969966,40.154262],[112.974709,40.150105],[112.989703,40.148594],[112.986481,40.144313],[112.991164,40.141409],[112.990579,40.138077],[112.995253,40.136787],[112.987933,40.136177],[112.990683,40.131333],[112.997524,40.133563],[113.004118,40.130773],[113.011997,40.139506],[113.018712,40.137777],[113.031798,40.121539],[113.037544,40.130521],[113.044831,40.127349],[113.04247,40.1309],[113.043172,40.145519],[113.056464,40.137181],[113.063461,40.140419],[113.074336,40.136099],[113.077696,40.141592],[113.084497,40.13836],[113.090222,40.143005],[113.091567,40.148682],[113.096454,40.144235],[113.09428,40.154446],[113.103685,40.163855],[113.114163,40.163246],[113.117855,40.155084],[113.122284,40.157691],[113.125977,40.156048],[113.13999,40.163818],[113.140375,40.171046],[113.148258,40.173276],[113.159432,40.164245],[113.171482,40.164518],[113.172558,40.157256],[113.182917,40.159348],[113.185739,40.153273],[113.201429,40.148144],[113.203443,40.117322],[113.230427,40.110487],[113.24269,40.099026],[113.233214,40.093308],[113.234498,40.084029],[113.212009,40.08212],[113.227505,40.057344],[113.250375,40.041085],[113.271073,40.03185],[113.293528,40.007765],[113.294557,40.002768],[113.329324,39.994685],[113.339845,39.998125],[113.359201,39.980993],[113.367226,39.983407],[113.361864,39.971592],[113.361102,39.955768],[113.380961,39.928243],[113.376176,39.916147],[113.377045,39.910272],[113.389554,39.891064],[113.380048,39.892254],[113.374033,39.904737],[113.345535,39.905332],[113.318191,39.9314],[113.298064,39.933204],[113.27899,39.947268],[113.235576,39.956773],[113.228579,39.957126],[113.203127,39.94413],[113.161383,39.915466],[113.126175,39.907194],[113.036199,39.915292],[113.016173,39.91113],[112.996132,39.914029],[112.962372,39.908473],[112.937927,39.916173],[112.932822,39.911616],[112.936242,39.896955],[112.933465,39.894185],[112.914176,39.908235],[112.905279,39.906972],[112.894055,39.910066],[112.883646,39.920483],[112.879775,39.930531]]]}},{"type":"Feature","properties":{"id":"cn:140215","name":"云州区","level":2},"geometry":{"type":"Polygon","coordinates":[[[113.32198,39.799511],[113.326565,39.803931],[113.338223,39.805146],[113.366073,39.833201],[113.389651,39.836296],[113.43247,39.850857],[113.389554,39.891064],[113.378308,39.906737],[113.376176,39.916147],[113.38143,39.92691],[113.376374,39.937732],[113.364695,39.948176],[113.361102,39.955768],[113.362771,39.975122],[113.373522,40.000357],[113.389908,40.015219],[113.395191,40.030896],[113.383569,40.047705],[113.383583,40.063771],[113.385156,40.071499],[113.395385,40.077168],[113.389238,40.090961],[113.396656,40.107596],[113.393539,40.116178],[113.378471,40.127597],[113.376316,40.136422],[113.380065,40.146612],[113.410154,40.164447],[113.411847,40.183432],[113.419647,40.18348],[113.433311,40.199936],[113.461671,40.221229],[113.490196,40.232091],[113.491445,40.236306],[113.508099,40.245074],[113.51692,40.253564],[113.528163,40.252766],[113.537826,40.234691],[113.550521,40.228285],[113.577076,40.233968],[113.584077,40.230037],[113.585779,40.22426],[113.596866,40.224394],[113.618069,40.216341],[113.620322,40.212636],[113.615274,40.211775],[113.60667,40.203456],[113.608947,40.201032],[113.606567,40.198158],[113.609456,40.196696],[113.604718,40.186339],[113.608377,40.163146],[113.624716,40.148742],[113.649729,40.13899],[113.652779,40.13256],[113.657555,40.132026],[113.661702,40.125338],[113.672033,40.119398],[113.698804,40.120468],[113.713833,40.117217],[113.722063,40.113332],[113.726919,40.106635],[113.739105,40.102557],[113.74481,40.094846],[113.750347,40.097025],[113.778339,40.094169],[113.784711,40.096781],[113.808596,40.086406],[113.814883,40.077045],[113.823088,40.069696],[113.826601,40.070189],[113.837881,40.036133],[113.851755,40.024201],[113.845613,40.006353],[113.824687,40.005245],[113.821476,40.00009],[113.824571,39.992024],[113.847491,39.990284],[113.85991,39.981945],[113.863454,39.975975],[113.854917,39.97188],[113.850426,39.963639],[113.843561,39.959287],[113.842332,39.945009],[113.848726,39.917048],[113.837561,39.898478],[113.838036,39.886017],[113.816702,39.862673],[113.77673,39.873523],[113.763952,39.872308],[113.736218,39.857447],[113.717962,39.85174],[113.696148,39.860156],[113.663033,39.860499],[113.639239,39.866328],[113.60917,39.8649],[113.580672,39.847917],[113.549223,39.837271],[113.524284,39.813956],[113.491853,39.806017],[113.482834,39.800974],[113.4697,39.787801],[113.466767,39.779932],[113.470725,39.771099],[113.468876,39.731637],[113.465352,39.723751],[113.454163,39.720944],[113.440143,39.72209],[113.431611,39.718234],[113.423361,39.720507],[113.416471,39.724865],[113.413061,39.736701],[113.399587,39.729826],[113.386015,39.742352],[113.33952,39.767947],[113.332882,39.775312],[113.32198,39.799511]]]}},{"type":"Feature","properties":{"id":"cn:140221","name":"阳高县","level":2},"geometry":{"type":"Polygon","coordinates":[[[113.485299,40.308881],[113.481046,40.332457],[113.51989,40.337918],[113.553094,40.347553],[113.56582,40.356528],[113.577433,40.370182],[113.630393,40.407751],[113.661207,40.422645],[113.673732,40.442806],[113.762066,40.475809],[113.783881,40.501261],[113.787987,40.516735],[113.803394,40.500914],[113.826024,40.485879],[113.844358,40.459477],[113.856832,40.455363],[113.883568,40.465384],[113.924392,40.492281],[113.936912,40.504578],[113.941502,40.515934],[113.948955,40.513637],[113.953833,40.507205],[113.964207,40.502151],[113.966904,40.476473],[113.976961,40.450119],[113.979132,40.434985],[113.967656,40.424234],[113.953678,40.420112],[113.951103,40.410102],[113.933595,40.409045],[113.919444,40.402197],[113.912279,40.386577],[113.91619,40.379804],[113.912485,40.377521],[113.906993,40.360205],[113.904403,40.340989],[113.917384,40.325627],[113.943277,40.315108],[113.94271,40.291657],[113.930748,40.265594],[113.933872,40.251817],[113.942961,40.237698],[113.938752,40.22841],[113.95332,40.215595],[113.940126,40.206343],[113.967406,40.20104],[113.999897,40.173311],[113.995134,40.155027],[114.001318,40.142911],[113.989662,40.144012],[113.970388,40.129879],[113.960024,40.130171],[113.96837,40.117866],[113.97844,40.118281],[113.9809,40.111272],[113.973073,40.111036],[113.967592,40.098444],[113.972058,40.089849],[113.974498,40.070027],[113.971083,40.065302],[113.969046,40.049964],[113.964012,40.04252],[113.940505,40.026287],[113.909697,40.023445],[113.904211,40.010749],[113.908187,40.00496],[113.917379,40.002346],[113.930035,40.008636],[113.949041,40.001168],[113.994341,39.990562],[114.001369,39.992189],[114.018055,39.988594],[114.022758,39.984142],[114.021598,39.958062],[114.026235,39.952708],[114.028203,39.941816],[114.04066,39.914851],[114.035105,39.913873],[114.014132,39.928145],[113.999882,39.927984],[113.963186,39.90904],[113.948819,39.894291],[113.939055,39.87598],[113.95191,39.853409],[113.947969,39.847498],[113.935357,39.84726],[113.930825,39.840745],[113.920409,39.836995],[113.914844,39.837867],[113.902396,39.84854],[113.880791,39.839621],[113.844168,39.830772],[113.816702,39.862673],[113.838036,39.886017],[113.837561,39.898478],[113.848726,39.917048],[113.842332,39.945009],[113.843561,39.959287],[113.850426,39.963639],[113.854917,39.97188],[113.863454,39.975975],[113.85991,39.981945],[113.847491,39.990284],[113.825501,39.991586],[113.821999,39.996849],[113.824687,40.005245],[113.845613,40.006353],[113.851848,40.023864],[113.837881,40.036133],[113.826601,40.070189],[113.823088,40.069696],[113.808596,40.086406],[113.795565,40.094043],[113.784711,40.096781],[113.778339,40.094169],[113.750347,40.097025],[113.74481,40.094846],[113.739105,40.102557],[113.726919,40.106635],[113.71624,40.116329],[113.698804,40.120468],[113.672515,40.119164],[113.661702,40.125338],[113.657555,40.132026],[113.652779,40.13256],[113.649729,40.13899],[113.622788,40.150024],[113.608377,40.163146],[113.604718,40.186339],[113.609456,40.196696],[113.606567,40.198158],[113.608947,40.201032],[113.607004,40.204366],[113.620322,40.212636],[113.619654,40.214718],[113.596866,40.224394],[113.585779,40.22426],[113.584077,40.230037],[113.577076,40.233968],[113.55324,40.22791],[113.539675,40.233087],[113.528163,40.252766],[113.51692,40.253564],[113.510168,40.277414],[113.485299,40.308881]]]}},{"type":"Feature","properties":{"id":"cn:140222","name":"天镇县","level":2},"geometry":{"type":"Polygon","coordinates":[[[113.904348,40.342035],[113.912067,40.376448],[113.91619,40.379804],[113.912279,40.386577],[113.919444,40.402197],[113.933595,40.409045],[113.951103,40.410102],[113.953678,40.420112],[113.967656,40.424234],[113.979132,40.434985],[113.976961,40.450119],[113.966904,40.476473],[113.964207,40.502151],[113.946108,40.514879],[113.971971,40.522233],[113.995305,40.519491],[114.004722,40.514568],[114.055104,40.527399],[114.073334,40.546284],[114.075105,40.563961],[114.070035,40.57433],[114.052604,40.585445],[114.043737,40.602602],[114.035216,40.607452],[114.049862,40.626839],[114.063621,40.658766],[114.065878,40.677599],[114.05725,40.705563],[114.058804,40.711783],[114.065401,40.719951],[114.07804,40.727812],[114.120876,40.733616],[114.132719,40.738358],[114.140494,40.731888],[114.144455,40.721536],[114.155609,40.712036],[114.159089,40.697968],[114.169069,40.687678],[114.173165,40.673581],[114.189358,40.656739],[114.200118,40.651041],[114.201591,40.643936],[114.207878,40.638731],[114.209586,40.632999],[114.202405,40.627742],[114.204479,40.622479],[114.212122,40.618917],[114.217931,40.610575],[114.229623,40.605676],[114.251758,40.609322],[114.276471,40.58946],[114.269991,40.572049],[114.272716,40.565519],[114.26968,40.564351],[114.26686,40.55277],[114.273502,40.549721],[114.286953,40.550075],[114.290517,40.536159],[114.279518,40.525811],[114.279623,40.509789],[114.27319,40.500355],[114.276119,40.493883],[114.267024,40.488701],[114.267981,40.480358],[114.260743,40.472944],[114.265624,40.458743],[114.277795,40.458711],[114.280091,40.449081],[114.29225,40.444317],[114.292786,40.43774],[114.281857,40.430046],[114.279791,40.42363],[114.287982,40.414082],[114.30793,40.368311],[114.315855,40.364118],[114.346383,40.367186],[114.361544,40.35942],[114.374612,40.36148],[114.376688,40.35287],[114.383788,40.349879],[114.397122,40.352403],[114.407356,40.360823],[114.439996,40.371488],[114.464352,40.348379],[114.479969,40.34706],[114.492981,40.352776],[114.498988,40.352199],[114.514361,40.349038],[114.524447,40.342129],[114.52022,40.322398],[114.504647,40.301777],[114.463476,40.266751],[114.444587,40.258175],[114.393867,40.243752],[114.349162,40.248167],[114.317965,40.241392],[114.296776,40.230694],[114.286663,40.228897],[114.248781,40.235],[114.243165,40.233289],[114.233703,40.220755],[114.229406,40.197122],[114.217922,40.191862],[114.186777,40.193737],[114.129197,40.174048],[114.115571,40.177546],[114.116629,40.187333],[114.110073,40.187383],[114.103675,40.192319],[114.091988,40.192444],[114.061763,40.178983],[114.077891,40.128295],[114.094422,40.107386],[114.094944,40.098471],[114.084993,40.085405],[114.084368,40.073957],[114.080788,40.071036],[114.06039,40.06693],[114.038137,40.055502],[114.028446,40.063762],[114.028459,40.078337],[114.01664,40.092109],[114.013264,40.101245],[113.9809,40.111272],[113.97844,40.118281],[113.96837,40.117866],[113.960254,40.128056],[113.960024,40.130171],[113.970388,40.129879],[113.989662,40.144012],[114.001318,40.142911],[113.995134,40.155027],[113.999897,40.173311],[113.967406,40.20104],[113.940126,40.206343],[113.95332,40.215595],[113.938752,40.22841],[113.942961,40.237698],[113.933872,40.251817],[113.930748,40.265594],[113.94271,40.291657],[113.943277,40.315108],[113.913368,40.328396],[113.904348,40.342035]]]}},{"type":"Feature","properties":{"id":"cn:140223","name":"广灵县","level":2},"geometry":{"type":"Polygon","coordinates":[[[113.844168,39.830772],[113.880791,39.839621],[113.902396,39.84854],[113.914844,39.837867],[113.920409,39.836995],[113.930825,39.840745],[113.935357,39.84726],[113.947969,39.847498],[113.95191,39.853409],[113.939055,39.87598],[113.948819,39.894291],[113.963186,39.90904],[114.004549,39.928566],[114.014132,39.928145],[114.035105,39.913873],[114.047213,39.920214],[114.061024,39.920983],[114.08006,39.909377],[114.096108,39.911497],[114.167566,39.896349],[114.1994,39.909836],[114.205312,39.917771],[114.205823,39.914018],[114.209631,39.916482],[114.215527,39.911522],[114.215061,39.906908],[114.220298,39.906432],[114.217397,39.904225],[114.220984,39.902622],[114.222722,39.896624],[114.198018,39.883962],[114.192932,39.877555],[114.196514,39.870277],[114.209304,39.860854],[114.214749,39.860473],[114.219049,39.850237],[114.222007,39.859182],[114.239116,39.860724],[114.27059,39.873319],[114.280423,39.869856],[114.27869,39.857801],[114.282254,39.856744],[114.295803,39.861204],[114.309405,39.858675],[114.32102,39.864323],[114.341335,39.86143],[114.375423,39.868242],[114.388888,39.865872],[114.393132,39.855327],[114.391392,39.843576],[114.400386,39.831265],[114.395773,39.824177],[114.386738,39.822154],[114.383781,39.817949],[114.39087,39.810027],[114.39572,39.791649],[114.403062,39.789261],[114.402299,39.781009],[114.40852,39.782621],[114.410473,39.775637],[114.404134,39.765088],[114.407996,39.748378],[114.402378,39.74533],[114.401182,39.734385],[114.399697,39.658381],[114.404706,39.645335],[114.38126,39.646946],[114.364229,39.654064],[114.315176,39.647723],[114.301669,39.641599],[114.293883,39.63012],[114.293518,39.618227],[114.279829,39.613899],[114.254951,39.616786],[114.238849,39.615141],[114.225819,39.601687],[114.202078,39.590836],[114.19727,39.593974],[114.192504,39.608554],[114.183945,39.619886],[114.164995,39.632664],[114.121984,39.629396],[114.115492,39.623993],[114.111889,39.608138],[114.08991,39.613546],[114.072611,39.613183],[114.05736,39.624928],[114.043401,39.626321],[114.000219,39.614604],[113.988454,39.61702],[113.981189,39.620987],[113.965971,39.638752],[113.969192,39.656235],[113.951068,39.680354],[113.939245,39.710337],[113.931016,39.715654],[113.925539,39.72676],[113.910426,39.733066],[113.88784,39.763488],[113.888924,39.774282],[113.877561,39.783193],[113.879402,39.797664],[113.874445,39.810611],[113.844168,39.830772]]]}},{"type":"Feature","properties":{"id":"cn:140224","name":"灵丘县","level":2},"geometry":{"type":"Polygon","coordinates":[[[113.891486,39.349581],[113.896686,39.37047],[113.951885,39.383622],[113.960818,39.398487],[113.961304,39.409268],[113.951635,39.454885],[113.95371,39.479225],[113.939604,39.491743],[113.923988,39.488644],[113.91812,39.495163],[113.91576,39.526505],[113.907452,39.550377],[113.906793,39.560216],[113.911307,39.574296],[113.909514,39.582503],[113.895313,39.597082],[113.894089,39.605763],[113.900166,39.626061],[113.907665,39.632186],[113.925747,39.633509],[113.948758,39.621873],[113.965971,39.638752],[113.981189,39.620987],[113.988454,39.61702],[114.000219,39.614604],[114.043401,39.626321],[114.05736,39.624928],[114.072611,39.613183],[114.08991,39.613546],[114.111889,39.608138],[114.115492,39.623993],[114.121984,39.629396],[114.164995,39.632664],[114.183945,39.619886],[114.192504,39.608554],[114.19727,39.593974],[114.202078,39.590836],[114.225819,39.601687],[114.238849,39.615141],[114.254951,39.616786],[114.279829,39.613899],[114.293518,39.618227],[114.293883,39.63012],[114.301669,39.641599],[114.315176,39.647723],[114.364229,39.654064],[114.38126,39.646946],[114.404706,39.645335],[114.42518,39.612737],[114.431442,39.610013],[114.468412,39.612509],[114.48954,39.607026],[114.498858,39.594201],[114.498722,39.58794],[114.509175,39.563897],[114.52374,39.562718],[114.528888,39.571356],[114.550975,39.580412],[114.560393,39.57786],[114.562927,39.57298],[114.557177,39.554013],[114.551307,39.549673],[114.551306,39.531024],[114.541697,39.524981],[114.530119,39.511352],[114.532976,39.499812],[114.530503,39.491142],[114.526072,39.484877],[114.49572,39.475638],[114.498418,39.459147],[114.490582,39.437431],[114.464549,39.407605],[114.461971,39.387891],[114.465278,39.368242],[114.463144,39.354028],[114.474159,39.349403],[114.472844,39.345111],[114.461059,39.336178],[114.460282,39.32853],[114.445991,39.327698],[114.442399,39.324932],[114.442296,39.319366],[114.428475,39.315321],[114.423934,39.305341],[114.427194,39.293249],[114.418449,39.283616],[114.419023,39.276279],[114.424704,39.264367],[114.431225,39.259238],[114.420773,39.247602],[114.409489,39.241682],[114.428808,39.228821],[114.440314,39.229413],[114.450946,39.224091],[114.461041,39.224779],[114.469673,39.21523],[114.465316,39.206665],[114.465946,39.196969],[114.458388,39.186833],[114.446789,39.191531],[114.441224,39.190386],[114.437212,39.173032],[114.427564,39.174276],[114.411562,39.170504],[114.381728,39.175859],[114.374504,39.168864],[114.370297,39.156516],[114.371561,39.147968],[114.353799,39.138231],[114.354367,39.132898],[114.360412,39.128085],[114.363318,39.120333],[114.363245,39.106473],[114.358156,39.102373],[114.350828,39.085986],[114.339483,39.074261],[114.326232,39.075723],[114.314174,39.06956],[114.293817,39.078288],[114.261965,39.070757],[114.245964,39.072618],[114.236306,39.065811],[114.220023,39.065613],[114.183272,39.04733],[114.174435,39.048121],[114.160981,39.058463],[114.15065,39.060147],[114.120034,39.049861],[114.102074,39.051206],[114.090165,39.082621],[114.078275,39.087936],[114.078618,39.092205],[114.073585,39.094372],[114.068743,39.090493],[114.057793,39.093104],[114.04637,39.130507],[114.0442,39.134825],[114.036813,39.136314],[113.999978,39.121961],[113.993983,39.099856],[113.988644,39.094617],[113.95539,39.100065],[113.946145,39.126675],[113.945442,39.145712],[113.930547,39.199257],[113.933768,39.206102],[113.952196,39.222053],[113.960356,39.260317],[113.960774,39.280634],[113.940513,39.294936],[113.935826,39.307891],[113.924485,39.317444],[113.923835,39.321968],[113.916729,39.322071],[113.896755,39.338187],[113.891486,39.349581]]]}},{"type":"Feature","properties":{"id":"cn:140225","name":"浑源县","level":2},"geometry":{"type":"Polygon","coordinates":[[[113.375865,39.652277],[113.387019,39.662198],[113.385517,39.669034],[113.378643,39.676413],[113.379016,39.681234],[113.389198,39.691687],[113.386748,39.695223],[113.397028,39.700545],[113.395292,39.704944],[113.403411,39.713501],[113.403623,39.720445],[113.397976,39.726476],[113.399587,39.729826],[113.413061,39.736701],[113.416471,39.724865],[113.431611,39.718234],[113.440143,39.72209],[113.442627,39.719935],[113.465352,39.723751],[113.470118,39.744042],[113.470725,39.771099],[113.466767,39.779932],[113.4697,39.787801],[113.491853,39.806017],[113.524284,39.813956],[113.549223,39.837271],[113.558259,39.842085],[113.580672,39.847917],[113.60917,39.8649],[113.61746,39.866481],[113.639239,39.866328],[113.671417,39.859783],[113.696148,39.860156],[113.717962,39.85174],[113.736218,39.857447],[113.763952,39.872308],[113.77673,39.873523],[113.816702,39.862673],[113.848543,39.825602],[113.874445,39.810611],[113.879402,39.797664],[113.877561,39.783193],[113.888924,39.774282],[113.889749,39.760324],[113.910426,39.733066],[113.925539,39.72676],[113.931016,39.715654],[113.939245,39.710337],[113.951068,39.680354],[113.969192,39.656235],[113.965971,39.638752],[113.952283,39.623102],[113.944244,39.623384],[113.925747,39.633509],[113.907665,39.632186],[113.900166,39.626061],[113.894089,39.605763],[113.895313,39.597082],[113.909514,39.582503],[113.911307,39.574296],[113.906793,39.560216],[113.907452,39.550377],[113.91576,39.526505],[113.91812,39.495163],[113.923988,39.488644],[113.939604,39.491743],[113.95371,39.479225],[113.951635,39.454885],[113.961304,39.409268],[113.95982,39.393422],[113.951885,39.383622],[113.932432,39.3809],[113.913779,39.372918],[113.895028,39.369112],[113.89318,39.372159],[113.880897,39.373622],[113.834074,39.369976],[113.79147,39.375601],[113.777364,39.380467],[113.766054,39.389681],[113.759795,39.404174],[113.750924,39.411986],[113.732521,39.419816],[113.710473,39.421765],[113.683962,39.418362],[113.642904,39.433714],[113.598546,39.421409],[113.592565,39.42315],[113.583208,39.439088],[113.570656,39.437217],[113.563608,39.452057],[113.529121,39.468138],[113.511707,39.480066],[113.50169,39.49218],[113.499485,39.501975],[113.504694,39.519302],[113.500163,39.527896],[113.478184,39.548638],[113.466995,39.553386],[113.451683,39.577514],[113.424823,39.580475],[113.422288,39.604468],[113.383877,39.6392],[113.376056,39.647928],[113.375865,39.652277]]]}},{"type":"Feature","properties":{"id":"cn:140226","name":"左云县","level":2},"geometry":{"type":"Polygon","coordinates":[[[112.571847,40.141134],[112.579004,40.147303],[112.574715,40.148891],[112.573933,40.15342],[112.583261,40.160484],[112.615545,40.162768],[112.62071,40.169131],[112.61992,40.176445],[112.601031,40.193041],[112.596672,40.201986],[112.597376,40.209521],[112.603165,40.217481],[112.619445,40.221443],[112.617766,40.235864],[112.623357,40.234777],[112.705571,40.177699],[112.714027,40.177453],[112.723539,40.166941],[112.737655,40.166236],[112.758045,40.171327],[112.803488,40.19151],[112.838349,40.202856],[112.848462,40.21739],[112.867194,40.261566],[112.891214,40.246795],[112.897941,40.238732],[112.899912,40.215629],[112.905822,40.208639],[112.933699,40.203719],[112.93825,40.180763],[112.936593,40.176414],[112.961887,40.171613],[112.957987,40.163926],[112.948557,40.1585],[112.949085,40.154884],[112.955102,40.146231],[112.967462,40.144867],[112.972389,40.14073],[112.9653,40.123204],[112.954229,40.109926],[112.95065,40.095751],[112.91096,40.08619],[112.913122,40.083095],[112.923643,40.082905],[112.922969,40.080517],[112.919574,40.076135],[112.902225,40.069789],[112.904862,40.050786],[112.918508,40.038419],[112.920354,40.029182],[112.919896,40.021163],[112.907778,40.010543],[112.911841,40.005013],[112.926754,40.002879],[112.94612,40.005578],[112.960417,40.000014],[112.969593,39.98929],[112.965001,39.971237],[112.955313,39.957123],[112.948395,39.953135],[112.923004,39.946217],[112.896311,39.946337],[112.879775,39.930531],[112.883646,39.920483],[112.894055,39.910066],[112.905279,39.906972],[112.914176,39.908235],[112.93508,39.893036],[112.9375,39.88725],[112.949806,39.882811],[112.960129,39.86804],[112.951729,39.852846],[112.947396,39.852053],[112.932106,39.860171],[112.927697,39.840864],[112.914626,39.838208],[112.905168,39.828237],[112.87521,39.821643],[112.870427,39.816226],[112.872276,39.809177],[112.863456,39.801074],[112.816764,39.793691],[112.810818,39.787774],[112.810618,39.78021],[112.814134,39.775734],[112.746042,39.773109],[112.744836,39.756798],[112.73829,39.751086],[112.727669,39.752214],[112.687041,39.767996],[112.678273,39.764732],[112.673872,39.75267],[112.669592,39.749319],[112.641814,39.739697],[112.633186,39.750413],[112.614523,39.759427],[112.612925,39.771983],[112.616103,39.800512],[112.61388,39.808459],[112.593533,39.815117],[112.584886,39.831107],[112.593419,39.85454],[112.597386,39.879656],[112.590077,39.919523],[112.610892,39.947716],[112.626207,40.000449],[112.637473,40.026167],[112.636084,40.033489],[112.630065,40.038206],[112.6266,40.052577],[112.616406,40.056834],[112.612077,40.069618],[112.604038,40.0784],[112.605253,40.083811],[112.615732,40.08905],[112.60632,40.094912],[112.600817,40.093531],[112.583149,40.100083],[112.578559,40.109803],[112.589096,40.11425],[112.583325,40.122499],[112.576737,40.123889],[112.575249,40.128673],[112.577993,40.133529],[112.571847,40.141134]]]}},{"type":"Feature","properties":{"id":"cn:1403","name":"阳泉市","level":1},"geometry":{"type":"Polygon","coordinates":[[[112.913494,38.156709],[112.918616,38.162847],[112.930429,38.160064],[112.932782,38.169978],[112.93056,38.179617],[112.936497,38.187104],[112.941792,38.18716],[112.939856,38.192733],[112.9522,38.206102],[112.949674,38.210993],[112.951439,38.216884],[112.96339,38.222047],[112.967616,38.232437],[112.980038,38.237047],[112.996457,38.24912],[113.024543,38.257989],[113.028623,38.270142],[113.045037,38.27495],[113.045871,38.278674],[113.054455,38.28337],[113.058509,38.296495],[113.066322,38.299008],[113.069803,38.306295],[113.084404,38.30646],[113.090826,38.309533],[113.10205,38.306234],[113.112493,38.313856],[113.128014,38.31527],[113.143422,38.327484],[113.149732,38.344498],[113.136842,38.354785],[113.135496,38.359828],[113.144802,38.376242],[113.132979,38.399785],[113.141607,38.414597],[113.196225,38.414758],[113.201774,38.419814],[113.27469,38.448058],[113.283909,38.463817],[113.303649,38.475319],[113.361209,38.495189],[113.416504,38.519181],[113.4281,38.519901],[113.461182,38.507427],[113.47804,38.507861],[113.510765,38.51922],[113.548976,38.520557],[113.550678,38.503508],[113.539975,38.492522],[113.554845,38.485287],[113.577014,38.465526],[113.572189,38.453746],[113.546043,38.433665],[113.531416,38.417531],[113.518794,38.382466],[113.527735,38.364706],[113.545687,38.351837],[113.550747,38.343013],[113.54836,38.318733],[113.539506,38.292553],[113.538274,38.270014],[113.559766,38.251932],[113.563855,38.236958],[113.576311,38.228555],[113.592449,38.226723],[113.619714,38.23211],[113.636615,38.231354],[113.650582,38.225104],[113.661962,38.210091],[113.672578,38.20487],[113.693808,38.206792],[113.706405,38.21242],[113.71099,38.205099],[113.70848,38.193151],[113.714866,38.18996],[113.725372,38.19295],[113.731902,38.188898],[113.722929,38.182082],[113.721854,38.17727],[113.714034,38.174055],[113.724555,38.167733],[113.730132,38.171106],[113.750005,38.171058],[113.790364,38.16227],[113.819031,38.168582],[113.827516,38.16635],[113.820931,38.155026],[113.827165,38.146914],[113.81606,38.149903],[113.813927,38.131633],[113.803597,38.111958],[113.809464,38.106927],[113.817788,38.106142],[113.846475,38.079223],[113.852052,38.063219],[113.869997,38.054595],[113.865297,38.047216],[113.866389,38.038237],[113.872103,38.031892],[113.866983,38.016154],[113.870174,38.009006],[113.866333,38.001596],[113.855908,38.000295],[113.866106,37.98987],[113.880763,37.990836],[113.898488,37.980307],[113.916621,37.951613],[113.923002,37.931522],[113.930328,37.922672],[113.945215,37.917212],[113.952993,37.905763],[113.965259,37.868176],[113.963948,37.833367],[113.970789,37.816231],[113.976257,37.8122],[114.000324,37.812804],[114.008878,37.809881],[114.012777,37.804218],[114.012438,37.79413],[114.03742,37.776656],[114.038089,37.761092],[114.02367,37.748037],[114.009634,37.743697],[113.990155,37.729539],[113.987508,37.706205],[113.990615,37.703801],[113.986735,37.68361],[113.981986,37.675997],[113.973592,37.674552],[113.908931,37.703423],[113.880273,37.709083],[113.862885,37.70169],[113.857751,37.689691],[113.830346,37.675138],[113.792448,37.671367],[113.765937,37.662261],[113.760711,37.664179],[113.752758,37.682677],[113.728915,37.686878],[113.695659,37.683549],[113.691593,37.680577],[113.68819,37.670109],[113.672198,37.668534],[113.66451,37.662497],[113.657578,37.662105],[113.639801,37.663889],[113.615235,37.679766],[113.553985,37.675483],[113.526459,37.678221],[113.510713,37.696667],[113.474141,37.699363],[113.46172,37.71863],[113.446998,37.727019],[113.436971,37.743039],[113.434281,37.766889],[113.409984,37.786855],[113.391772,37.810379],[113.386868,37.821958],[113.364012,37.840148],[113.359993,37.853722],[113.362832,37.86639],[113.354619,37.873664],[113.325908,37.888495],[113.322423,37.893536],[113.319442,37.908117],[113.334932,37.961365],[113.334429,37.971351],[113.325046,37.982441],[113.316791,37.985788],[113.294942,37.986291],[113.288345,37.990862],[113.281991,38.023613],[113.278015,38.028157],[113.258553,38.032811],[113.256922,38.044994],[113.248619,38.057582],[113.251137,38.066354],[113.259986,38.072441],[113.251701,38.087104],[113.232005,38.09224],[113.217812,38.089445],[113.205174,38.081416],[113.19126,38.057552],[113.181624,38.053854],[113.152006,38.055304],[113.136876,38.06738],[113.1256,38.081638],[113.10015,38.070192],[113.092953,38.064277],[113.090289,38.05541],[113.059994,38.055679],[113.059204,38.062953],[113.044847,38.065592],[113.036722,38.072568],[113.034673,38.080901],[113.016158,38.084538],[113.006618,38.081526],[112.989647,38.092858],[112.98634,38.098635],[112.964431,38.111596],[112.954622,38.124838],[112.953771,38.140915],[112.928329,38.137239],[112.916324,38.145116],[112.913494,38.156709]]]}},{"type":"Feature","properties":{"id":"cn:140302","name":"城区","level":2},"geometry":{"type":"Polygon","coordinates":[[[113.554053,37.854704],[113.561921,37.859715],[113.564719,37.869783],[113.567359,37.869179],[113.567695,37.870044],[113.562802,37.870323],[113.564334,37.87253],[113.584707,37.867284],[113.616681,37.848313],[113.620625,37.853166],[113.646344,37.848285],[113.641946,37.843579],[113.628888,37.842784],[113.626161,37.838403],[113.615093,37.837335],[113.603478,37.842329],[113.595365,37.838519],[113.598504,37.844519],[113.58642,37.847577],[113.586838,37.841539],[113.59293,37.839275],[113.59212,37.837345],[113.574615,37.838454],[113.567331,37.832766],[113.561265,37.832536],[113.565188,37.836892],[113.566274,37.846794],[113.554053,37.854704]]]}},{"type":"Feature","properties":{"id":"cn:140303","name":"矿区","level":2},"geometry":{"type":"MultiPolygon","coordinates":[[[[113.539678,37.75814],[113.543909,37.761125],[113.54281,37.763455],[113.568508,37.763142],[113.56764,37.765535],[113.572092,37.767282],[113.570139,37.770563],[113.5776,37.771841],[113.578255,37.775979],[113.58391,37.777796],[113.580107,37.784832],[113.571373,37.786657],[113.572835,37.790611],[113.584608,37.78473],[113.590984,37.777894],[113.589998,37.774731],[113.594823,37.774599],[113.589795,37.772619],[113.588112,37.764343],[113.582225,37.765443],[113.584583,37.7646],[113.579077,37.757678],[113.57445,37.760789],[113.571883,37.756192],[113.539678,37.75814]]],[[[113.490827,37.877703],[113.505347,37.878729],[113.501573,37.879073],[113.497399,37.889066],[113.506893,37.892445],[113.51048,37.90882],[113.500966,37.909975],[113.501038,37.912104],[113.51807,37.913326],[113.52477,37.910191],[113.516415,37.905068],[113.513163,37.898566],[113.511295,37.883966],[113.513944,37.881145],[113.537154,37.874301],[113.539378,37.882503],[113.532432,37.883377],[113.532099,37.88701],[113.539278,37.887898],[113.537317,37.897413],[113.539817,37.900259],[113.545504,37.89151],[113.545509,37.879514],[113.556483,37.876172],[113.56278,37.879328],[113.562157,37.882554],[113.563879,37.87949],[113.562583,37.87054],[113.567695,37.870044],[113.564719,37.869783],[113.561921,37.859715],[113.554053,37.854704],[113.543233,37.858217],[113.542829,37.86312],[113.538766,37.864658],[113.490827,37.877703]]]]}},{"type":"Feature","properties":{"id":"cn:140311","name":"郊区","level":2},"geometry":{"type":"Polygon","coordinates":[[[113.589991,37.826089],[113.540391,37.816233],[113.513566,37.825157],[113.510334,37.84107],[113.483355,37.842046],[113.474803,37.836245],[113.479941,37.816642],[113.475482,37.797282],[113.443005,37.784606],[113.434281,37.766889],[113.409984,37.786855],[113.391772,37.810379],[113.386868,37.821958],[113.36567,37.837675],[113.359993,37.853722],[113.362832,37.86639],[113.359377,37.870426],[113.325908,37.888495],[113.322423,37.893536],[113.319442,37.908117],[113.334932,37.961365],[113.334429,37.971351],[113.370644,37.954403],[113.392372,37.955687],[113.4212,37.947528],[113.456851,37.949407],[113.461954,37.952293],[113.459212,37.968733],[113.461225,37.989654],[113.469394,38.009597],[113.475766,38.011367],[113.485616,38.002926],[113.4973,38.001029],[113.493009,37.996812],[113.498799,37.992767],[113.505934,37.992169],[113.510023,37.995239],[113.511879,38.004278],[113.507726,38.009068],[113.509482,38.015431],[113.506292,38.016877],[113.504646,38.025136],[113.49655,38.030248],[113.499021,38.041472],[113.506833,38.042062],[113.527037,38.054743],[113.540418,38.052645],[113.559515,38.070494],[113.565778,38.069532],[113.573923,38.059941],[113.586155,38.066429],[113.586105,38.078573],[113.594595,38.088343],[113.607612,38.078178],[113.614993,38.07657],[113.614476,38.082649],[113.624874,38.090147],[113.644849,38.08846],[113.642653,38.084229],[113.643876,38.06419],[113.63848,38.052087],[113.647696,38.052907],[113.663537,38.04849],[113.673749,38.024148],[113.684353,38.021275],[113.68682,38.015623],[113.679652,38.01794],[113.677918,38.012282],[113.666588,38.013535],[113.649271,38.00754],[113.65149,38.004286],[113.674802,38.000439],[113.683348,37.994956],[113.685792,37.987949],[113.681547,37.9836],[113.667968,37.983196],[113.646785,37.962564],[113.653437,37.951663],[113.669953,37.936983],[113.676995,37.922919],[113.696393,37.914797],[113.699508,37.910685],[113.697007,37.895303],[113.68955,37.883753],[113.677626,37.881195],[113.672024,37.875745],[113.669725,37.871352],[113.67882,37.863466],[113.676536,37.851069],[113.66461,37.84261],[113.655037,37.839997],[113.64597,37.820155],[113.628442,37.819323],[113.606537,37.825595],[113.589991,37.826089]],[[113.52477,37.910191],[113.501038,37.912104],[113.500966,37.909975],[113.51048,37.90882],[113.506893,37.892445],[113.497399,37.889066],[113.501573,37.879073],[113.505347,37.878729],[113.491517,37.876284],[113.501504,37.876833],[113.503663,37.87307],[113.542829,37.86312],[113.543233,37.858217],[113.566274,37.846794],[113.565188,37.836892],[113.561265,37.832536],[113.567331,37.832766],[113.574615,37.838454],[113.59212,37.837345],[113.59293,37.839275],[113.586838,37.841539],[113.58642,37.847577],[113.598504,37.844519],[113.595365,37.838519],[113.603478,37.842329],[113.615093,37.837335],[113.645976,37.845982],[113.644379,37.84928],[113.623538,37.853101],[113.613856,37.849238],[113.609183,37.854507],[113.584707,37.867284],[113.56375,37.872238],[113.563879,37.87949],[113.562157,37.882554],[113.56278,37.879328],[113.551127,37.876629],[113.545509,37.879514],[113.545504,37.89151],[113.539817,37.900259],[113.537317,37.897413],[113.539278,37.887898],[113.531911,37.884839],[113.539378,37.882503],[113.538883,37.876395],[113.534403,37.874134],[113.522997,37.876645],[113.511295,37.883966],[113.511465,37.888993],[113.516415,37.905068],[113.52477,37.910191]]]}},{"type":"Feature","properties":{"id":"cn:140321","name":"平定县","level":2},"geometry":{"type":"Polygon","coordinates":[[[113.596281,37.826043],[113.628442,37.819323],[113.64597,37.820155],[113.655037,37.839997],[113.66461,37.84261],[113.676536,37.851069],[113.67882,37.863466],[113.669761,37.872402],[113.677626,37.881195],[113.68955,37.883753],[113.697007,37.895303],[113.699381,37.907211],[113.696393,37.914797],[113.676995,37.922919],[113.669953,37.936983],[113.653437,37.951663],[113.646785,37.962564],[113.667968,37.983196],[113.681547,37.9836],[113.685792,37.987949],[113.683348,37.994956],[113.674802,38.000439],[113.65149,38.004286],[113.649271,38.00754],[113.666588,38.013535],[113.677918,38.012282],[113.679652,38.01794],[113.68682,38.015623],[113.684353,38.021275],[113.673749,38.024148],[113.663537,38.04849],[113.647696,38.052907],[113.63848,38.052087],[113.643876,38.06419],[113.642653,38.084229],[113.644849,38.08846],[113.6693,38.084376],[113.670576,38.088459],[113.666554,38.09452],[113.675193,38.100623],[113.702193,38.101473],[113.724213,38.094416],[113.72713,38.079594],[113.74234,38.080098],[113.75393,38.075306],[113.762444,38.08386],[113.778046,38.090301],[113.790288,38.104742],[113.805047,38.110248],[113.817788,38.106142],[113.846475,38.079223],[113.852052,38.063219],[113.869204,38.056082],[113.865297,38.047216],[113.866389,38.038237],[113.872103,38.031892],[113.866983,38.016154],[113.870174,38.009006],[113.866333,38.001596],[113.855908,38.000295],[113.866106,37.98987],[113.880763,37.990836],[113.895051,37.98436],[113.916621,37.951613],[113.923002,37.931522],[113.930328,37.922672],[113.938549,37.921131],[113.950615,37.910867],[113.965259,37.868176],[113.963948,37.833367],[113.970789,37.816231],[113.976257,37.8122],[114.000324,37.812804],[114.008878,37.809881],[114.012777,37.804218],[114.012438,37.79413],[114.03742,37.776656],[114.039677,37.766613],[114.034738,37.756001],[114.02367,37.748037],[114.009634,37.743697],[113.990155,37.729539],[113.987508,37.706205],[113.990615,37.703801],[113.986735,37.68361],[113.981986,37.675997],[113.966075,37.676714],[113.908931,37.703423],[113.880273,37.709083],[113.862885,37.70169],[113.857751,37.689691],[113.830346,37.675138],[113.792448,37.671367],[113.765937,37.662261],[113.760711,37.664179],[113.752758,37.682677],[113.728915,37.686878],[113.695659,37.683549],[113.691593,37.680577],[113.68819,37.670109],[113.672198,37.668534],[113.66451,37.662497],[113.657578,37.662105],[113.639801,37.663889],[113.615235,37.679766],[113.553985,37.675483],[113.526459,37.678221],[113.510713,37.696667],[113.474141,37.699363],[113.46172,37.71863],[113.446998,37.727019],[113.436971,37.743039],[113.434281,37.766889],[113.440809,37.781794],[113.457171,37.792097],[113.476218,37.798877],[113.479941,37.816642],[113.475709,37.838974],[113.483355,37.842046],[113.510334,37.84107],[113.513566,37.825157],[113.540391,37.816233],[113.596281,37.826043]],[[113.573374,37.790322],[113.571373,37.786657],[113.580107,37.784832],[113.58391,37.777796],[113.578255,37.775979],[113.5776,37.771841],[113.570139,37.770563],[113.572092,37.767282],[113.56764,37.765535],[113.568508,37.763142],[113.54281,37.763455],[113.540206,37.757402],[113.571883,37.756192],[113.57445,37.760789],[113.579701,37.758191],[113.583665,37.766546],[113.588112,37.764343],[113.589795,37.772619],[113.594823,37.774599],[113.589998,37.774731],[113.590984,37.777894],[113.584608,37.78473],[113.573374,37.790322]]]}},{"type":"Feature","properties":{"id":"cn:140322","name":"盂县","level":2},"geometry":{"type":"Polygon","coordinates":[[[112.913494,38.156709],[112.918616,38.162847],[112.930429,38.160064],[112.932782,38.169978],[112.93056,38.179617],[112.936497,38.187104],[112.941792,38.18716],[112.939856,38.192733],[112.9522,38.206102],[112.949674,38.210993],[112.951439,38.216884],[112.96339,38.222047],[112.967616,38.232437],[112.980038,38.237047],[112.996457,38.24912],[113.024543,38.257989],[113.028623,38.270142],[113.045037,38.27495],[113.045871,38.278674],[113.054455,38.28337],[113.058509,38.296495],[113.066322,38.299008],[113.069803,38.306295],[113.084404,38.30646],[113.090826,38.309533],[113.10205,38.306234],[113.112493,38.313856],[113.128014,38.31527],[113.143422,38.327484],[113.149732,38.344498],[113.136842,38.354785],[113.135496,38.359828],[113.144802,38.376242],[113.132979,38.399785],[113.141607,38.414597],[113.196225,38.414758],[113.201774,38.419814],[113.27469,38.448058],[113.283909,38.463817],[113.303649,38.475319],[113.361209,38.495189],[113.416504,38.519181],[113.4281,38.519901],[113.461182,38.507427],[113.47804,38.507861],[113.510765,38.51922],[113.537336,38.521468],[113.548976,38.520557],[113.550678,38.503508],[113.539975,38.492522],[113.554845,38.485287],[113.577014,38.465526],[113.572189,38.453746],[113.546043,38.433665],[113.531416,38.417531],[113.518794,38.382466],[113.527735,38.364706],[113.545687,38.351837],[113.550747,38.343013],[113.54836,38.318733],[113.539506,38.292553],[113.538274,38.270014],[113.559766,38.251932],[113.563855,38.236958],[113.582188,38.226815],[113.619714,38.23211],[113.636615,38.231354],[113.650582,38.225104],[113.661962,38.210091],[113.672578,38.20487],[113.693808,38.206792],[113.705167,38.213097],[113.71099,38.205099],[113.70848,38.193151],[113.714866,38.18996],[113.725372,38.19295],[113.731902,38.188898],[113.722929,38.182082],[113.721854,38.17727],[113.714034,38.174055],[113.724555,38.167733],[113.730132,38.171106],[113.750005,38.171058],[113.799182,38.162271],[113.819031,38.168582],[113.824975,38.167781],[113.827805,38.163894],[113.820931,38.155026],[113.827165,38.146914],[113.81606,38.149903],[113.816307,38.139358],[113.804995,38.117055],[113.805047,38.110248],[113.790288,38.104742],[113.778046,38.090301],[113.762444,38.08386],[113.75393,38.075306],[113.74234,38.080098],[113.72713,38.079594],[113.725021,38.092362],[113.720664,38.096813],[113.702193,38.101473],[113.692497,38.099516],[113.677368,38.101654],[113.666554,38.09452],[113.670576,38.088459],[113.6693,38.084376],[113.624874,38.090147],[113.614476,38.082649],[113.614993,38.07657],[113.607612,38.078178],[113.594595,38.088343],[113.586105,38.078573],[113.586155,38.066429],[113.573923,38.059941],[113.565778,38.069532],[113.559515,38.070494],[113.540418,38.052645],[113.527037,38.054743],[113.506833,38.042062],[113.499021,38.041472],[113.49655,38.030248],[113.504646,38.025136],[113.506292,38.016877],[113.509482,38.015431],[113.507726,38.009068],[113.511879,38.004278],[113.50916,37.993798],[113.498799,37.992767],[113.493009,37.996812],[113.4973,38.001029],[113.485616,38.002926],[113.475766,38.011367],[113.469394,38.009597],[113.461225,37.989654],[113.459212,37.968733],[113.461954,37.952293],[113.449933,37.948073],[113.431095,37.947111],[113.392372,37.955687],[113.3639,37.955822],[113.334429,37.971351],[113.325046,37.982441],[113.316791,37.985788],[113.294942,37.986291],[113.288345,37.990862],[113.281991,38.023613],[113.278015,38.028157],[113.258553,38.032811],[113.256922,38.044994],[113.248619,38.057582],[113.251137,38.066354],[113.259986,38.072441],[113.254569,38.084751],[113.247118,38.089631],[113.232005,38.09224],[113.217812,38.089445],[113.205174,38.081416],[113.19126,38.057552],[113.181624,38.053854],[113.152006,38.055304],[113.136876,38.06738],[113.1256,38.081638],[113.10015,38.070192],[113.092953,38.064277],[113.090289,38.05541],[113.059994,38.055679],[113.059204,38.062953],[113.044847,38.065592],[113.036722,38.072568],[113.034673,38.080901],[113.016158,38.084538],[113.006618,38.081526],[112.989647,38.092858],[112.98634,38.098635],[112.964431,38.111596],[112.954622,38.124838],[112.953771,38.140915],[112.928329,38.137239],[112.916324,38.145116],[112.913494,38.156709]]]}},{"type":"Feature","properties":{"id":"cn:1404","name":"长治市","level":1},"geometry":{"type":"Polygon","coordinates":[[[111.979215,36.787803],[111.981955,36.810397],[112.001254,36.819045],[112.003484,36.822839],[112.005272,36.838459],[112.002928,36.842357],[112.008666,36.846785],[112.018163,36.867062],[112.012521,36.878616],[112.015854,36.882978],[112.02963,36.886884],[112.044812,36.880018],[112.055672,36.879527],[112.06996,36.883122],[112.076887,36.89175],[112.061809,36.907844],[112.067816,36.918169],[112.078233,36.925591],[112.079509,36.938682],[112.056183,36.961889],[112.054795,36.97494],[112.094204,36.976798],[112.119222,36.984984],[112.131366,36.981511],[112.13568,36.989158],[112.157616,36.998221],[112.169864,37.011915],[112.209422,37.016719],[112.216097,37.014975],[112.220593,37.012032],[112.226965,36.99346],[112.230828,36.990113],[112.242294,36.983552],[112.272677,36.978299],[112.289048,36.963447],[112.312529,36.950026],[112.325412,36.93365],[112.333098,36.935075],[112.344005,36.95274],[112.353683,36.956021],[112.392945,36.95063],[112.415897,36.9377],[112.432168,36.936681],[112.447846,36.94172],[112.475988,36.961559],[112.504113,36.950682],[112.536534,36.959952],[112.544833,36.973746],[112.541117,36.986095],[112.532419,36.991741],[112.506847,36.994314],[112.502663,37.001394],[112.505927,37.014259],[112.498583,37.033638],[112.491431,37.042141],[112.479703,37.048986],[112.482863,37.069255],[112.4792,37.094303],[112.472629,37.098826],[112.445668,37.104043],[112.439227,37.113639],[112.439882,37.116239],[112.453914,37.114339],[112.475801,37.118278],[112.488322,37.124527],[112.513672,37.122154],[112.512078,37.108403],[112.529984,37.105401],[112.53608,37.089089],[112.55008,37.088776],[112.58465,37.079737],[112.591943,37.081882],[112.608261,37.102809],[112.631291,37.106459],[112.631447,37.11753],[112.640396,37.121554],[112.655344,37.115091],[112.676229,37.099757],[112.710456,37.09496],[112.733199,37.070663],[112.732392,37.049252],[112.739214,37.046536],[112.752556,37.048988],[112.756305,37.047017],[112.761271,37.037542],[112.772269,37.029817],[112.77615,37.014894],[112.78121,37.010029],[112.787955,37.006856],[112.814569,37.009438],[112.826748,37.005979],[112.836678,36.993031],[112.847034,36.986972],[112.864811,36.984364],[112.870767,36.977797],[112.873353,36.969924],[112.865749,36.947537],[112.875653,36.936434],[112.876487,36.922493],[112.868535,36.899676],[112.871704,36.893829],[112.884968,36.886104],[112.888709,36.880206],[112.891373,36.874863],[112.885996,36.867828],[112.898861,36.863239],[112.914497,36.864247],[112.952909,36.899745],[113.002344,36.930144],[113.033629,36.925521],[113.061086,36.927968],[113.076598,36.92],[113.091989,36.917943],[113.09769,36.919268],[113.102518,36.926698],[113.119271,36.92454],[113.131955,36.926533],[113.14255,36.923282],[113.146518,36.91848],[113.149403,36.921489],[113.145275,36.932152],[113.147261,36.950073],[113.150307,36.952059],[113.161608,36.945618],[113.167369,36.955063],[113.174129,36.929994],[113.191874,36.925928],[113.204495,36.927469],[113.208071,36.946261],[113.217133,36.944269],[113.219478,36.933171],[113.225596,36.929847],[113.227999,36.93498],[113.246291,36.947372],[113.255127,36.94147],[113.257766,36.948771],[113.264785,36.954835],[113.273894,36.955518],[113.287607,36.976993],[113.297997,36.979346],[113.305288,36.976086],[113.318561,36.953738],[113.314405,36.949882],[113.315781,36.947773],[113.324506,36.947141],[113.352084,36.921993],[113.361459,36.917313],[113.358744,36.911302],[113.366206,36.90559],[113.354396,36.877645],[113.364719,36.875806],[113.371581,36.878402],[113.392232,36.862522],[113.42277,36.853243],[113.455096,36.825738],[113.478421,36.816468],[113.488733,36.806876],[113.503951,36.76951],[113.5154,36.75425],[113.537137,36.744202],[113.536528,36.738481],[113.52981,36.732218],[113.492821,36.74033],[113.483768,36.73754],[113.471068,36.726094],[113.458699,36.707448],[113.460279,36.698967],[113.470886,36.696975],[113.491607,36.704614],[113.50053,36.70464],[113.501302,36.696697],[113.495478,36.681329],[113.470434,36.65494],[113.46889,36.646767],[113.472501,36.640391],[113.480278,36.634987],[113.529054,36.629158],[113.537926,36.623407],[113.533369,36.594033],[113.53737,36.590161],[113.557006,36.589102],[113.563403,36.585912],[113.581893,36.562765],[113.583421,36.550584],[113.5777,36.542394],[113.560677,36.544189],[113.547323,36.537327],[113.543319,36.541407],[113.539526,36.540958],[113.540964,36.534326],[113.548655,36.534641],[113.557489,36.529841],[113.557314,36.527375],[113.552377,36.527229],[113.553674,36.518729],[113.548095,36.494717],[113.540911,36.492602],[113.540347,36.487752],[113.557376,36.491318],[113.574801,36.483726],[113.580999,36.461099],[113.588195,36.457596],[113.61118,36.45803],[113.622995,36.454749],[113.663915,36.425131],[113.702015,36.423307],[113.712561,36.397476],[113.723238,36.381575],[113.725521,36.36515],[113.722371,36.341424],[113.730044,36.324672],[113.718481,36.30574],[113.707678,36.30443],[113.702071,36.298303],[113.711218,36.265549],[113.709906,36.262584],[113.702771,36.261533],[113.70304,36.257958],[113.696005,36.255963],[113.694145,36.249627],[113.697585,36.237865],[113.69502,36.233745],[113.685518,36.227034],[113.671029,36.222632],[113.665945,36.212063],[113.668829,36.21061],[113.6779,36.21699],[113.689902,36.215401],[113.699054,36.200208],[113.692456,36.201818],[113.688159,36.198866],[113.685218,36.201981],[113.679884,36.196893],[113.69126,36.186497],[113.691619,36.181909],[113.644698,36.173631],[113.65376,36.164283],[113.673005,36.16005],[113.675084,36.150807],[113.687168,36.153535],[113.699597,36.148996],[113.696294,36.143276],[113.698694,36.134428],[113.707436,36.133021],[113.699668,36.126595],[113.696642,36.129864],[113.686917,36.124287],[113.672799,36.124679],[113.671529,36.128436],[113.667236,36.125458],[113.662289,36.129825],[113.649136,36.12659],[113.667388,36.112154],[113.667858,36.10438],[113.663037,36.103226],[113.673159,36.09592],[113.67271,36.085399],[113.678705,36.073599],[113.676119,36.066928],[113.681431,36.061543],[113.679508,36.056119],[113.662431,36.049247],[113.6552,36.043054],[113.654201,36.034829],[113.663941,36.029664],[113.688863,36.026871],[113.692752,36.022541],[113.68895,36.018303],[113.674471,36.01494],[113.689645,36.0],[113.687283,35.992474],[113.680183,35.98657],[113.672544,35.985925],[113.642691,35.994332],[113.63164,35.988675],[113.630678,35.976094],[113.633741,35.969898],[113.641615,35.967339],[113.648247,35.91742],[113.642543,35.908757],[113.631216,35.870152],[113.637871,35.855108],[113.647358,35.857157],[113.652033,35.854121],[113.652103,35.840561],[113.654853,35.837459],[113.644097,35.826827],[113.635053,35.822762],[113.617657,35.831784],[113.599887,35.82402],[113.56917,35.825844],[113.519983,35.853511],[113.498264,35.850864],[113.468455,35.862205],[113.447605,35.865265],[113.438585,35.864846],[113.428968,35.858932],[113.41106,35.833603],[113.386251,35.832097],[113.383032,35.832811],[113.383167,35.841107],[113.377816,35.843831],[113.374364,35.842107],[113.370513,35.862932],[113.365023,35.868365],[113.358861,35.867071],[113.354332,35.876137],[113.343933,35.883034],[113.324211,35.887444],[113.315174,35.885641],[113.270252,35.863346],[113.257014,35.867042],[113.23313,35.892262],[113.197592,35.888909],[113.193381,35.89784],[113.151872,35.880303],[113.146204,35.869329],[113.142818,35.868422],[113.134085,35.871408],[113.115509,35.886995],[113.107619,35.889295],[113.05235,35.893247],[113.033184,35.914771],[113.01683,35.920272],[112.965477,35.926243],[112.961258,35.929904],[112.924861,35.923046],[112.874349,35.927151],[112.866155,35.936524],[112.872908,35.957118],[112.867534,35.976335],[112.844384,35.979295],[112.822909,35.987282],[112.79074,35.977642],[112.772649,35.985628],[112.733101,35.99449],[112.715497,36.011885],[112.70818,36.014746],[112.681496,36.005117],[112.674812,36.008559],[112.65693,36.031107],[112.652017,36.043781],[112.623841,36.062526],[112.615889,36.062937],[112.597582,36.055419],[112.525977,36.038441],[112.515933,36.031152],[112.497079,36.032664],[112.494111,36.037788],[112.495143,36.051315],[112.484206,36.068717],[112.487974,36.077373],[112.498902,36.086295],[112.558702,36.114695],[112.564171,36.123195],[112.564301,36.132191],[112.554909,36.162621],[112.559362,36.171909],[112.56115,36.188601],[112.554865,36.224975],[112.556983,36.237947],[112.562547,36.245049],[112.568355,36.263451],[112.567508,36.273807],[112.559444,36.272777],[112.544589,36.258407],[112.536746,36.255767],[112.500646,36.25922],[112.471072,36.268276],[112.465832,36.270718],[112.464172,36.282089],[112.471965,36.296368],[112.461,36.291989],[112.448106,36.304725],[112.454786,36.312993],[112.446369,36.317521],[112.4453,36.335067],[112.439893,36.341336],[112.388188,36.345373],[112.348439,36.342984],[112.341208,36.34641],[112.336191,36.355637],[112.324351,36.365025],[112.307484,36.369088],[112.289199,36.378261],[112.278873,36.378273],[112.26914,36.397523],[112.25087,36.410434],[112.206451,36.409569],[112.196434,36.417851],[112.17455,36.45859],[112.155306,36.512699],[112.12626,36.524284],[112.099507,36.544423],[112.078318,36.582535],[112.049837,36.590121],[112.03508,36.601801],[112.032614,36.636641],[112.016096,36.654475],[112.012962,36.67806],[112.006703,36.684839],[111.990072,36.686983],[111.991142,36.730562],[111.999943,36.739025],[112.001399,36.746376],[111.987801,36.764767],[111.979528,36.765229],[111.984483,36.782194],[111.979215,36.787803]]]}},{"type":"Feature","properties":{"id":"cn:140403","name":"潞州区","level":2},"geometry":{"type":"Polygon","coordinates":[[[112.987465,36.211497],[113.014539,36.226345],[113.019773,36.236388],[113.020928,36.278382],[113.029581,36.282804],[113.032888,36.289428],[113.031137,36.295748],[113.036306,36.299785],[113.041335,36.311662],[113.036779,36.315879],[113.041848,36.318376],[113.0366,36.331857],[113.038211,36.342938],[113.025893,36.356052],[113.023272,36.363915],[113.028506,36.383563],[113.013368,36.39156],[113.010868,36.399887],[113.013655,36.424575],[113.032926,36.424711],[113.044596,36.419592],[113.047153,36.434968],[113.066462,36.440611],[113.073808,36.429348],[113.07312,36.417451],[113.092845,36.405586],[113.080502,36.402931],[113.083802,36.39642],[113.074355,36.398996],[113.063097,36.385723],[113.060677,36.386313],[113.057318,36.381796],[113.061132,36.374431],[113.094086,36.369223],[113.109459,36.370382],[113.121723,36.381239],[113.124816,36.381794],[113.125118,36.37703],[113.131261,36.376171],[113.131297,36.352638],[113.126357,36.346812],[113.126205,36.339259],[113.134988,36.33583],[113.133184,36.330867],[113.129767,36.331106],[113.12762,36.323408],[113.126677,36.305914],[113.141603,36.30611],[113.138467,36.301046],[113.126695,36.297729],[113.128715,36.292958],[113.125228,36.29325],[113.123076,36.270885],[113.117963,36.263477],[113.115043,36.264028],[113.115001,36.260741],[113.12097,36.260781],[113.120154,36.257319],[113.129948,36.262867],[113.130594,36.259372],[113.142487,36.256761],[113.166281,36.260552],[113.167914,36.263911],[113.177677,36.261786],[113.181375,36.265287],[113.189506,36.264095],[113.189861,36.267186],[113.192758,36.267138],[113.190823,36.241604],[113.205973,36.233891],[113.199952,36.224364],[113.201898,36.210793],[113.195901,36.204587],[113.177445,36.198546],[113.173964,36.189783],[113.178165,36.181738],[113.188252,36.180058],[113.188782,36.160919],[113.181429,36.152028],[113.161531,36.146458],[113.147012,36.128896],[113.133919,36.123371],[113.127498,36.123845],[113.104638,36.133494],[113.089227,36.135307],[113.090592,36.138977],[113.095791,36.138252],[113.090773,36.139439],[113.093602,36.156503],[113.081881,36.1644],[113.084617,36.168255],[113.067302,36.160689],[113.041985,36.168972],[113.011887,36.169022],[112.989288,36.164036],[112.993184,36.169078],[112.997213,36.19648],[112.987465,36.211497]]]}},{"type":"Feature","properties":{"id":"cn:140404","name":"上党区","level":2},"geometry":{"type":"Polygon","coordinates":[[[112.958445,35.936771],[112.981309,35.970394],[112.980771,36.00468],[112.9621,36.021041],[112.960512,36.031588],[112.972651,36.045249],[112.976084,36.054348],[112.989322,36.056197],[112.991614,36.060989],[112.985752,36.064065],[112.980485,36.08049],[112.981571,36.089858],[112.976503,36.098002],[112.98259,36.112729],[112.986787,36.112302],[112.996193,36.10289],[113.00348,36.105275],[113.000512,36.117637],[113.006058,36.128422],[112.995812,36.133358],[113.007271,36.138275],[112.996977,36.138933],[112.993059,36.146378],[112.985236,36.151518],[112.989288,36.164036],[113.011887,36.169022],[113.041985,36.168972],[113.067302,36.160689],[113.084617,36.168255],[113.081881,36.1644],[113.093602,36.156503],[113.090773,36.139439],[113.095791,36.138252],[113.090592,36.138977],[113.089227,36.135307],[113.103792,36.133728],[113.133919,36.123371],[113.147012,36.128896],[113.163446,36.147886],[113.184557,36.1543],[113.172862,36.1403],[113.176512,36.132353],[113.175062,36.127725],[113.171603,36.126999],[113.171855,36.102959],[113.168313,36.08297],[113.160188,36.072446],[113.151759,36.067496],[113.147029,36.036051],[113.130485,36.029173],[113.124746,36.017923],[113.132645,36.003976],[113.144255,35.999497],[113.147922,35.993559],[113.166247,35.984147],[113.170465,35.977734],[113.170405,35.954854],[113.176377,35.943888],[113.174557,35.939295],[113.181077,35.94216],[113.18984,35.939489],[113.19208,35.925691],[113.186766,35.925758],[113.183437,35.918243],[113.191374,35.919228],[113.195352,35.899437],[113.151872,35.880303],[113.146204,35.869329],[113.142818,35.868422],[113.134085,35.871408],[113.115509,35.886995],[113.107619,35.889295],[113.05235,35.893247],[113.033184,35.914771],[112.980433,35.926466],[112.965477,35.926243],[112.958445,35.936771]]]}},{"type":"Feature","properties":{"id":"cn:140405","name":"屯留区","level":2},"geometry":{"type":"Polygon","coordinates":[[[112.442774,36.339455],[112.481958,36.383224],[112.479537,36.401488],[112.491585,36.415455],[112.493668,36.439848],[112.531064,36.448515],[112.557808,36.46483],[112.562912,36.465238],[112.568789,36.462],[112.574231,36.440173],[112.588303,36.432637],[112.618693,36.428644],[112.648858,36.434274],[112.665021,36.441023],[112.672008,36.449061],[112.677016,36.462077],[112.67536,36.472111],[112.679292,36.494955],[112.690871,36.507967],[112.701235,36.505797],[112.71022,36.492112],[112.725271,36.481838],[112.751799,36.475618],[112.76219,36.467476],[112.765966,36.460492],[112.776245,36.462465],[112.78814,36.469625],[112.793462,36.468795],[112.79982,36.462601],[112.813839,36.465523],[112.843846,36.452054],[112.873083,36.448417],[112.882101,36.444354],[112.889471,36.439315],[112.906069,36.414393],[112.926328,36.395779],[112.958773,36.393049],[112.969553,36.401279],[113.010867,36.401202],[113.013368,36.39156],[113.028506,36.383563],[113.023272,36.363915],[113.025893,36.356052],[113.036345,36.34774],[113.0366,36.331857],[113.041848,36.318376],[113.036779,36.315879],[113.041335,36.311662],[113.036306,36.299785],[113.031137,36.295748],[113.032001,36.287221],[113.026197,36.279689],[113.020928,36.278382],[113.019773,36.236388],[113.014539,36.226345],[112.987465,36.211497],[112.966249,36.205779],[112.946441,36.210425],[112.933733,36.244191],[112.918308,36.245992],[112.888629,36.231732],[112.88007,36.232372],[112.873985,36.240658],[112.871173,36.257309],[112.867597,36.26086],[112.859064,36.26104],[112.835643,36.257981],[112.825549,36.24389],[112.819195,36.240472],[112.80179,36.248218],[112.755231,36.241431],[112.740304,36.229183],[112.696071,36.210654],[112.67114,36.204299],[112.652963,36.193579],[112.642825,36.192084],[112.622295,36.199401],[112.593225,36.201598],[112.580326,36.198623],[112.56115,36.188601],[112.554865,36.224975],[112.556983,36.237947],[112.562547,36.245049],[112.568355,36.263451],[112.567508,36.273807],[112.559444,36.272777],[112.544589,36.258407],[112.534549,36.255653],[112.500646,36.25922],[112.465832,36.270718],[112.464832,36.287011],[112.471965,36.296368],[112.461,36.291989],[112.448106,36.304725],[112.454786,36.312993],[112.446369,36.317521],[112.446732,36.328935],[112.442774,36.339455]]]}},{"type":"Feature","properties":{"id":"cn:140406","name":"潞城区","level":2},"geometry":{"type":"MultiPolygon","coordinates":[[[[112.989055,36.428852],[112.990252,36.435372],[112.996892,36.436662],[112.998729,36.438866],[112.9955,36.440006],[113.000182,36.445746],[113.015286,36.453073],[113.114157,36.476766],[113.133523,36.476031],[113.13939,36.473145],[113.147709,36.461812],[113.145481,36.459494],[113.150773,36.457834],[113.156079,36.448315],[113.156959,36.441165],[113.162101,36.440201],[113.194411,36.455707],[113.195179,36.460043],[113.208313,36.465921],[113.227272,36.467082],[113.240831,36.479152],[113.266398,36.476467],[113.300409,36.487887],[113.308681,36.464259],[113.314585,36.46383],[113.316885,36.448585],[113.350461,36.451806],[113.372642,36.427728],[113.386733,36.420461],[113.392823,36.404027],[113.388492,36.393496],[113.391108,36.386726],[113.387848,36.384621],[113.400078,36.37708],[113.404974,36.366786],[113.418675,36.361369],[113.420015,36.357237],[113.427404,36.35738],[113.427266,36.325387],[113.410504,36.326962],[113.402744,36.323913],[113.398187,36.312813],[113.395973,36.292687],[113.36599,36.246068],[113.349645,36.243095],[113.322153,36.250584],[113.296259,36.264485],[113.270018,36.26477],[113.229025,36.260035],[113.221056,36.263902],[113.218834,36.27505],[113.211395,36.280996],[113.189861,36.267186],[113.189506,36.264095],[113.181375,36.265287],[113.177677,36.261786],[113.167914,36.263911],[113.166281,36.260552],[113.13832,36.256453],[113.128358,36.263003],[113.126698,36.259144],[113.120154,36.257319],[113.12097,36.260781],[113.115001,36.260741],[113.115043,36.264028],[113.117963,36.263477],[113.123076,36.270885],[113.125228,36.29325],[113.128715,36.292958],[113.126695,36.297729],[113.138467,36.301046],[113.141603,36.30611],[113.126677,36.305914],[113.12762,36.323408],[113.129767,36.331106],[113.133184,36.330867],[113.134988,36.33583],[113.126205,36.339259],[113.126357,36.346812],[113.131297,36.352638],[113.131261,36.376171],[113.125118,36.37703],[113.124816,36.381794],[113.121723,36.381239],[113.109459,36.370382],[113.094086,36.369223],[113.061132,36.374431],[113.057318,36.381796],[113.060677,36.386313],[113.063097,36.385723],[113.074355,36.398996],[113.083802,36.39642],[113.080502,36.402931],[113.092845,36.405586],[113.07312,36.417451],[113.073808,36.429348],[113.066462,36.440611],[113.047153,36.434968],[113.044596,36.419592],[113.032926,36.424711],[113.015268,36.425546],[113.012295,36.428435],[112.989055,36.428852]]],[[[113.441201,36.311664],[113.443027,36.332284],[113.459707,36.323683],[113.457059,36.320537],[113.447465,36.324014],[113.445676,36.320014],[113.44947,36.316809],[113.448826,36.312431],[113.444976,36.308066],[113.441201,36.311664]]]]}},{"type":"Feature","properties":{"id":"cn:140423","name":"襄垣县","level":2},"geometry":{"type":"Polygon","coordinates":[[[112.698458,36.515336],[112.702468,36.526023],[112.725472,36.538726],[112.747017,36.563305],[112.756088,36.586547],[112.755983,36.610858],[112.767329,36.623392],[112.784855,36.632463],[112.788917,36.642232],[112.783484,36.648244],[112.782286,36.654855],[112.785115,36.660913],[112.804386,36.669581],[112.819751,36.67054],[112.82995,36.677988],[112.839021,36.69067],[112.873274,36.685361],[112.878344,36.686898],[112.895219,36.738365],[112.915427,36.740157],[112.924368,36.738612],[112.946164,36.725309],[112.976459,36.725348],[112.997336,36.71316],[113.00079,36.706615],[113.005903,36.707236],[113.017223,36.727539],[113.068977,36.733116],[113.073986,36.73844],[113.084487,36.732965],[113.080616,36.728572],[113.095173,36.716632],[113.103394,36.71563],[113.101913,36.719118],[113.107341,36.721819],[113.121787,36.722026],[113.141318,36.713666],[113.151431,36.698836],[113.166717,36.68943],[113.190424,36.664448],[113.2113,36.657264],[113.22163,36.659759],[113.216057,36.646852],[113.218652,36.627207],[113.204303,36.622659],[113.18492,36.609703],[113.169703,36.586769],[113.166986,36.571557],[113.180727,36.532746],[113.179756,36.512523],[113.193323,36.512711],[113.240831,36.479152],[113.227272,36.467082],[113.208313,36.465921],[113.195179,36.460043],[113.194411,36.455707],[113.162101,36.440201],[113.156959,36.441165],[113.156079,36.448315],[113.150773,36.457834],[113.145481,36.459494],[113.147709,36.461812],[113.13939,36.473145],[113.122576,36.477559],[113.015286,36.453073],[113.000182,36.445746],[112.9955,36.440006],[112.998729,36.438866],[112.990252,36.435372],[112.989183,36.431648],[112.989055,36.428852],[112.993949,36.427578],[113.012295,36.428435],[113.019123,36.424852],[113.013655,36.424575],[113.010867,36.401202],[112.969553,36.401279],[112.958773,36.393049],[112.944671,36.393154],[112.926328,36.395779],[112.906069,36.414393],[112.889471,36.439315],[112.873083,36.448417],[112.843846,36.452054],[112.813839,36.465523],[112.79982,36.462601],[112.793462,36.468795],[112.78814,36.469625],[112.776245,36.462465],[112.765966,36.460492],[112.76219,36.467476],[112.751799,36.475618],[112.725271,36.481838],[112.71022,36.492112],[112.698458,36.515336]]]}},{"type":"Feature","properties":{"id":"cn:140425","name":"平顺县","level":2},"geometry":{"type":"Polygon","coordinates":[[[113.190823,36.241604],[113.192758,36.267138],[113.211395,36.280996],[113.218834,36.27505],[113.221056,36.263902],[113.229025,36.260035],[113.270018,36.26477],[113.296259,36.264485],[113.322153,36.250584],[113.349645,36.243095],[113.36599,36.246068],[113.395973,36.292687],[113.398187,36.312813],[113.402744,36.323913],[113.410504,36.326962],[113.427266,36.325387],[113.427404,36.35738],[113.420015,36.357237],[113.418675,36.361369],[113.404974,36.366786],[113.400078,36.37708],[113.38944,36.381644],[113.389692,36.397812],[113.417362,36.396917],[113.434237,36.401508],[113.444063,36.411406],[113.460721,36.441676],[113.469437,36.444206],[113.514497,36.435339],[113.5262,36.43954],[113.539573,36.451611],[113.547634,36.450129],[113.561907,36.455493],[113.561238,36.44558],[113.575791,36.445274],[113.579782,36.442565],[113.58408,36.446129],[113.588195,36.457596],[113.61118,36.45803],[113.629332,36.451328],[113.663915,36.425131],[113.702015,36.423307],[113.712561,36.397476],[113.723238,36.381575],[113.725521,36.36515],[113.722371,36.341424],[113.730044,36.324672],[113.718481,36.30574],[113.707678,36.30443],[113.702071,36.298303],[113.711218,36.265549],[113.709906,36.262584],[113.702771,36.261533],[113.70304,36.257958],[113.696005,36.255963],[113.694145,36.249627],[113.696638,36.235878],[113.685518,36.227034],[113.671029,36.222632],[113.665945,36.212063],[113.668829,36.21061],[113.6779,36.21699],[113.692156,36.214342],[113.699054,36.200208],[113.692456,36.201818],[113.688159,36.198866],[113.685218,36.201981],[113.679884,36.196893],[113.69126,36.186497],[113.691619,36.181909],[113.644698,36.173631],[113.65376,36.164283],[113.673005,36.16005],[113.675084,36.150807],[113.687168,36.153535],[113.699597,36.148996],[113.696294,36.143276],[113.698694,36.134428],[113.707436,36.133021],[113.699668,36.126595],[113.696642,36.129864],[113.686917,36.124287],[113.672799,36.124679],[113.671529,36.128436],[113.667236,36.125458],[113.662289,36.129825],[113.649136,36.12659],[113.667388,36.112154],[113.667858,36.10438],[113.663037,36.103226],[113.673159,36.09592],[113.67271,36.085399],[113.678705,36.073599],[113.676119,36.066928],[113.681431,36.061543],[113.679508,36.056119],[113.662431,36.049247],[113.6552,36.043054],[113.654201,36.034829],[113.663941,36.029664],[113.688863,36.026871],[113.692752,36.022541],[113.68895,36.018303],[113.674471,36.01494],[113.685078,36.006213],[113.689645,36.0],[113.68901,35.995666],[113.680183,35.98657],[113.672544,35.985925],[113.642691,35.994332],[113.63704,35.992993],[113.63164,35.988675],[113.630678,35.976094],[113.633741,35.969898],[113.62296,35.96556],[113.616927,35.953921],[113.610426,35.952587],[113.598663,35.962945],[113.588803,35.965971],[113.563091,35.9629],[113.549913,35.975087],[113.540869,35.974675],[113.514237,35.961986],[113.503802,35.962036],[113.506233,35.987648],[113.489054,35.994588],[113.4881,36.000001],[113.456684,36.021282],[113.440878,36.026806],[113.4129,36.018922],[113.399107,36.023811],[113.389445,36.031335],[113.385218,36.037637],[113.391328,36.053627],[113.377839,36.071133],[113.374653,36.092823],[113.354784,36.106706],[113.342015,36.133396],[113.323491,36.14204],[113.290313,36.148423],[113.274523,36.159432],[113.289955,36.179883],[113.301769,36.177893],[113.306764,36.18077],[113.283988,36.194915],[113.274798,36.195342],[113.27288,36.191397],[113.264021,36.192471],[113.270284,36.204801],[113.261196,36.219639],[113.256163,36.216384],[113.24205,36.21798],[113.244531,36.206846],[113.232923,36.203232],[113.228368,36.211432],[113.218825,36.217053],[113.202363,36.217625],[113.200098,36.225052],[113.205973,36.233891],[113.190823,36.241604]],[[113.443027,36.332284],[113.441201,36.311664],[113.444976,36.308066],[113.44947,36.316809],[113.446105,36.317802],[113.446177,36.322798],[113.457059,36.320537],[113.459707,36.323683],[113.443027,36.332284]]]}},{"type":"Feature","properties":{"id":"cn:140426","name":"黎城县","level":2},"geometry":{"type":"Polygon","coordinates":[[[113.166986,36.571557],[113.169703,36.586769],[113.18492,36.609703],[113.204303,36.622659],[113.218652,36.627207],[113.216057,36.646852],[113.23327,36.683136],[113.278221,36.706229],[113.297744,36.710462],[113.302276,36.717926],[113.302457,36.726646],[113.29863,36.755205],[113.318074,36.774797],[113.315444,36.782518],[113.316936,36.800674],[113.342875,36.81586],[113.349341,36.824988],[113.345123,36.836333],[113.327936,36.856489],[113.326511,36.86287],[113.337735,36.874423],[113.355087,36.8801],[113.354396,36.877645],[113.364719,36.875806],[113.371581,36.878402],[113.392232,36.862522],[113.42277,36.853243],[113.455096,36.825738],[113.48356,36.812484],[113.488733,36.806876],[113.507214,36.764558],[113.5154,36.75425],[113.537137,36.744202],[113.536528,36.738481],[113.52981,36.732218],[113.492821,36.74033],[113.483768,36.73754],[113.471068,36.726094],[113.458699,36.707448],[113.460279,36.698967],[113.470886,36.696975],[113.491607,36.704614],[113.50053,36.70464],[113.501302,36.696697],[113.495478,36.681329],[113.474523,36.660999],[113.46889,36.646767],[113.480278,36.634987],[113.529054,36.629158],[113.537926,36.623407],[113.533369,36.594033],[113.53737,36.590161],[113.557006,36.589102],[113.563403,36.585912],[113.581893,36.562765],[113.583421,36.550584],[113.5777,36.542394],[113.560677,36.544189],[113.547323,36.537327],[113.543319,36.541407],[113.539526,36.540958],[113.540964,36.534326],[113.548655,36.534641],[113.557489,36.529841],[113.557314,36.527375],[113.552377,36.527229],[113.553674,36.518729],[113.548095,36.494717],[113.53967,36.489958],[113.541329,36.487096],[113.548137,36.491238],[113.557376,36.491318],[113.575841,36.482994],[113.578186,36.466936],[113.588594,36.454276],[113.579782,36.442565],[113.575791,36.445274],[113.561238,36.44558],[113.561907,36.455493],[113.547634,36.450129],[113.539573,36.451611],[113.5262,36.43954],[113.514497,36.435339],[113.469437,36.444206],[113.460721,36.441676],[113.444063,36.411406],[113.434237,36.401508],[113.417362,36.396917],[113.389692,36.397812],[113.392823,36.404027],[113.386733,36.420461],[113.372642,36.427728],[113.350461,36.451806],[113.316885,36.448585],[113.314585,36.46383],[113.308681,36.464259],[113.300409,36.487887],[113.266398,36.476467],[113.240831,36.479152],[113.193323,36.512711],[113.181212,36.511146],[113.180727,36.532746],[113.166986,36.571557]]]}},{"type":"Feature","properties":{"id":"cn:140427","name":"壶关县","level":2},"geometry":{"type":"Polygon","coordinates":[[[113.124746,36.017923],[113.130485,36.029173],[113.147029,36.036051],[113.151759,36.067496],[113.160188,36.072446],[113.168313,36.08297],[113.171855,36.102959],[113.171603,36.126999],[113.175062,36.127725],[113.176512,36.132353],[113.172862,36.1403],[113.183107,36.150193],[113.189372,36.168717],[113.188252,36.180058],[113.178165,36.181738],[113.174207,36.195063],[113.199387,36.206802],[113.204218,36.218163],[113.218825,36.217053],[113.228368,36.211432],[113.232923,36.203232],[113.244531,36.206846],[113.24205,36.21798],[113.256163,36.216384],[113.261196,36.219639],[113.270284,36.204801],[113.264021,36.192471],[113.27288,36.191397],[113.274798,36.195342],[113.283988,36.194915],[113.306764,36.18077],[113.301769,36.177893],[113.289955,36.179883],[113.274523,36.159432],[113.290313,36.148423],[113.323491,36.14204],[113.342015,36.133396],[113.354784,36.106706],[113.374653,36.092823],[113.377839,36.071133],[113.391328,36.053627],[113.385218,36.037637],[113.399107,36.023811],[113.406632,36.019894],[113.419957,36.01935],[113.440878,36.026806],[113.456684,36.021282],[113.4881,36.000001],[113.489054,35.994588],[113.506233,35.987648],[113.503802,35.962036],[113.514237,35.961986],[113.540869,35.974675],[113.549913,35.975087],[113.563091,35.9629],[113.588803,35.965971],[113.598663,35.962945],[113.610426,35.952587],[113.616927,35.953921],[113.62296,35.96556],[113.62862,35.968273],[113.641615,35.967339],[113.648247,35.91742],[113.642543,35.908757],[113.631216,35.870152],[113.637871,35.855108],[113.647358,35.857157],[113.652033,35.854121],[113.652103,35.840561],[113.654853,35.837459],[113.644097,35.826827],[113.635053,35.822762],[113.617657,35.831784],[113.599887,35.82402],[113.56917,35.825844],[113.519983,35.853511],[113.498264,35.850864],[113.468455,35.862205],[113.447605,35.865265],[113.438585,35.864846],[113.428968,35.858932],[113.41106,35.833603],[113.386251,35.832097],[113.383032,35.832811],[113.383167,35.841107],[113.377816,35.843831],[113.374364,35.842107],[113.370513,35.862932],[113.365023,35.868365],[113.358861,35.867071],[113.354332,35.876137],[113.343933,35.883034],[113.324211,35.887444],[113.309245,35.88337],[113.279003,35.865841],[113.270252,35.863346],[113.262362,35.864968],[113.257014,35.867042],[113.23313,35.892262],[113.197592,35.888909],[113.193381,35.89784],[113.195352,35.899437],[113.191623,35.918758],[113.183437,35.918243],[113.186766,35.925758],[113.19208,35.925691],[113.18984,35.939489],[113.181077,35.94216],[113.174557,35.939295],[113.176377,35.943888],[113.170405,35.954854],[113.170465,35.977734],[113.166247,35.984147],[113.147922,35.993559],[113.144255,35.999497],[113.132645,36.003976],[113.124746,36.017923]]]}},{"type":"Feature","properties":{"id":"cn:140428","name":"长子县","level":2},"geometry":{"type":"Polygon","coordinates":[[[112.484206,36.068717],[112.491837,36.082563],[112.546341,36.107763],[112.562409,36.118743],[112.564301,36.132191],[112.554909,36.162621],[112.559362,36.171909],[112.56115,36.188601],[112.585646,36.199958],[112.622295,36.199401],[112.642825,36.192084],[112.652963,36.193579],[112.67114,36.204299],[112.696071,36.210654],[112.740304,36.229183],[112.755231,36.241431],[112.80179,36.248218],[112.819195,36.240472],[112.825549,36.24389],[112.835643,36.257981],[112.859064,36.26104],[112.867597,36.26086],[112.871173,36.257309],[112.873985,36.240658],[112.88007,36.232372],[112.888629,36.231732],[112.918308,36.245992],[112.933733,36.244191],[112.946441,36.210425],[112.966249,36.205779],[112.987465,36.211497],[112.997213,36.19648],[112.993184,36.169078],[112.984803,36.153415],[112.996977,36.138933],[113.007271,36.138275],[112.995812,36.133358],[113.006058,36.128422],[113.000512,36.117637],[113.00348,36.105275],[112.996193,36.10289],[112.986787,36.112302],[112.98259,36.112729],[112.976503,36.098002],[112.981571,36.089858],[112.980485,36.08049],[112.985752,36.064065],[112.991614,36.060989],[112.989322,36.056197],[112.976084,36.054348],[112.972651,36.045249],[112.960512,36.031588],[112.9621,36.021041],[112.980771,36.00468],[112.981309,35.970394],[112.958715,35.940657],[112.961258,35.929904],[112.956744,35.928535],[112.91526,35.922812],[112.874349,35.927151],[112.866155,35.936524],[112.872908,35.957118],[112.867534,35.976335],[112.844384,35.979295],[112.822909,35.987282],[112.79074,35.977642],[112.772649,35.985628],[112.733101,35.99449],[112.715497,36.011885],[112.70818,36.014746],[112.681496,36.005117],[112.674812,36.008559],[112.65693,36.031107],[112.652017,36.043781],[112.623841,36.062526],[112.615889,36.062937],[112.597582,36.055419],[112.525977,36.038441],[112.515933,36.031152],[112.497079,36.032664],[112.494111,36.037788],[112.495143,36.051315],[112.484206,36.068717]]]}},{"type":"Feature","properties":{"id":"cn:140429","name":"武乡县","level":2},"geometry":{"type":"Polygon","coordinates":[[[112.445668,37.104043],[112.439882,37.116239],[112.453914,37.114339],[112.475801,37.118278],[112.488322,37.124527],[112.501029,37.121855],[112.510788,37.123444],[112.515053,37.119867],[112.512078,37.108403],[112.529984,37.105401],[112.53608,37.089089],[112.55008,37.088776],[112.587609,37.079435],[112.608261,37.102809],[112.631291,37.106459],[112.631447,37.11753],[112.640396,37.121554],[112.655344,37.115091],[112.676229,37.099757],[112.710456,37.09496],[112.733199,37.070663],[112.732392,37.049252],[112.739214,37.046536],[112.752556,37.048988],[112.756305,37.047017],[112.761271,37.037542],[112.772269,37.029817],[112.77615,37.014894],[112.78121,37.010029],[112.787955,37.006856],[112.814569,37.009438],[112.826748,37.005979],[112.836678,36.993031],[112.847034,36.986972],[112.864811,36.984364],[112.870767,36.977797],[112.873353,36.969924],[112.865749,36.947537],[112.875653,36.936434],[112.876487,36.922493],[112.868535,36.899676],[112.871704,36.893829],[112.884968,36.886104],[112.888709,36.880206],[112.891373,36.874863],[112.885996,36.867828],[112.898861,36.863239],[112.914497,36.864247],[112.952909,36.899745],[113.002344,36.930144],[113.033629,36.925521],[113.061086,36.927968],[113.076598,36.92],[113.091989,36.917943],[113.09769,36.919268],[113.102518,36.926698],[113.119271,36.92454],[113.131955,36.926533],[113.14255,36.923282],[113.146518,36.91848],[113.149403,36.921489],[113.145275,36.932152],[113.147261,36.950073],[113.150307,36.952059],[113.161608,36.945618],[113.167369,36.955063],[113.174129,36.929994],[113.191874,36.925928],[113.204495,36.927469],[113.208071,36.946261],[113.217133,36.944269],[113.219478,36.933171],[113.225596,36.929847],[113.227999,36.93498],[113.246291,36.947372],[113.255127,36.94147],[113.257766,36.948771],[113.264785,36.954835],[113.273894,36.955518],[113.287607,36.976993],[113.297997,36.979346],[113.305288,36.976086],[113.318561,36.953738],[113.314405,36.949882],[113.315781,36.947773],[113.324506,36.947141],[113.352084,36.921993],[113.361459,36.917313],[113.358744,36.911302],[113.366145,36.906649],[113.363499,36.894103],[113.355087,36.8801],[113.337735,36.874423],[113.326511,36.86287],[113.327936,36.856489],[113.345123,36.836333],[113.349341,36.824988],[113.342875,36.81586],[113.316936,36.800674],[113.315444,36.782518],[113.318074,36.774797],[113.29863,36.755205],[113.302457,36.726646],[113.302276,36.717926],[113.297744,36.710462],[113.278221,36.706229],[113.236812,36.686678],[113.22163,36.659759],[113.2113,36.657264],[113.190424,36.664448],[113.183609,36.669746],[113.166717,36.68943],[113.151431,36.698836],[113.141318,36.713666],[113.121787,36.722026],[113.107341,36.721819],[113.101913,36.719118],[113.103394,36.71563],[113.095173,36.716632],[113.080616,36.728572],[113.084487,36.732965],[113.076085,36.738265],[113.071974,36.73779],[113.068977,36.733116],[113.017223,36.727539],[113.005903,36.707236],[113.00079,36.706615],[112.997336,36.71316],[112.976459,36.725348],[112.946164,36.725309],[112.924368,36.738612],[112.915427,36.740157],[112.895219,36.738365],[112.868509,36.740943],[112.860514,36.746421],[112.857198,36.755718],[112.853378,36.757654],[112.823891,36.7583],[112.810489,36.752129],[112.792251,36.750835],[112.777208,36.765484],[112.771131,36.778123],[112.77831,36.788683],[112.786685,36.813014],[112.798605,36.831373],[112.786566,36.840014],[112.784173,36.85195],[112.769569,36.866648],[112.766445,36.89025],[112.76226,36.898297],[112.749275,36.897571],[112.74591,36.902788],[112.73991,36.903572],[112.734474,36.914998],[112.724065,36.920222],[112.711426,36.932419],[112.698615,36.928439],[112.706279,36.921337],[112.699808,36.913927],[112.695715,36.916004],[112.694934,36.922917],[112.689944,36.928275],[112.675041,36.930496],[112.667074,36.926739],[112.65541,36.928162],[112.654471,36.934835],[112.642267,36.937315],[112.632363,36.932051],[112.619112,36.930972],[112.618603,36.940489],[112.608149,36.946982],[112.607088,36.956305],[112.585725,36.957284],[112.569999,36.967722],[112.556509,36.966169],[112.54438,36.972425],[112.541117,36.986095],[112.532419,36.991741],[112.506847,36.994314],[112.502663,37.001394],[112.505927,37.014259],[112.498583,37.033638],[112.491431,37.042141],[112.479703,37.048986],[112.482863,37.069255],[112.4792,37.094303],[112.472629,37.098826],[112.445668,37.104043]]]}},{"type":"Feature","properties":{"id":"cn:140430","name":"沁县","level":2},"geometry":{"type":"Polygon","coordinates":[[[112.465294,36.955144],[112.475988,36.961559],[112.484417,36.960101],[112.497142,36.95224],[112.512263,36.95132],[112.536534,36.959952],[112.54438,36.972425],[112.556509,36.966169],[112.570784,36.96744],[112.585725,36.957284],[112.607088,36.956305],[112.608149,36.946982],[112.618603,36.940489],[112.619112,36.930972],[112.632363,36.932051],[112.642267,36.937315],[112.654471,36.934835],[112.65541,36.928162],[112.667074,36.926739],[112.675041,36.930496],[112.689944,36.928275],[112.694934,36.922917],[112.695715,36.916004],[112.699808,36.913927],[112.706279,36.921337],[112.698615,36.928439],[112.711426,36.932419],[112.724065,36.920222],[112.734474,36.914998],[112.73991,36.903572],[112.74591,36.902788],[112.749275,36.897571],[112.76226,36.898297],[112.766445,36.89025],[112.769569,36.866648],[112.784173,36.85195],[112.786566,36.840014],[112.798198,36.83312],[112.771131,36.778123],[112.771392,36.773083],[112.785385,36.756573],[112.792251,36.750835],[112.801114,36.750901],[112.823891,36.7583],[112.853378,36.757654],[112.857198,36.755718],[112.860514,36.746421],[112.868509,36.740943],[112.895219,36.738365],[112.878344,36.686898],[112.873274,36.685361],[112.839021,36.69067],[112.82995,36.677988],[112.819751,36.67054],[112.804386,36.669581],[112.785115,36.660913],[112.782286,36.654855],[112.783484,36.648244],[112.788917,36.642232],[112.784855,36.632463],[112.767329,36.623392],[112.755983,36.610858],[112.756088,36.586547],[112.747017,36.563305],[112.725472,36.538726],[112.702468,36.526023],[112.698458,36.515336],[112.701235,36.505797],[112.690871,36.507967],[112.681045,36.499608],[112.675689,36.476713],[112.677016,36.462077],[112.672008,36.449061],[112.665021,36.441023],[112.648858,36.434274],[112.618693,36.428644],[112.588303,36.432637],[112.574231,36.440173],[112.568789,36.462],[112.562912,36.465238],[112.557808,36.46483],[112.531064,36.448515],[112.493668,36.439848],[112.478842,36.476475],[112.487774,36.51625],[112.499996,36.527239],[112.501655,36.533494],[112.499934,36.537615],[112.489406,36.543612],[112.485856,36.551285],[112.484996,36.566854],[112.47112,36.57809],[112.476914,36.58111],[112.478726,36.587333],[112.497002,36.608112],[112.526376,36.634848],[112.531976,36.647434],[112.500978,36.66056],[112.487567,36.670863],[112.480631,36.682548],[112.495328,36.73767],[112.501256,36.744306],[112.516342,36.750941],[112.52993,36.769824],[112.519104,36.787088],[112.533477,36.805225],[112.525932,36.810313],[112.532691,36.835193],[112.527274,36.845138],[112.511596,36.850039],[112.52214,36.854286],[112.539505,36.880018],[112.53531,36.891186],[112.5261,36.902335],[112.499607,36.915161],[112.476977,36.946247],[112.465294,36.955144]]]}},{"type":"Feature","properties":{"id":"cn:140431","name":"沁源县","level":2},"geometry":{"type":"Polygon","coordinates":[[[111.979215,36.787803],[111.981955,36.810397],[112.001254,36.819045],[112.003484,36.822839],[112.005272,36.838459],[112.002928,36.842357],[112.008666,36.846785],[112.018163,36.867062],[112.012521,36.878616],[112.015854,36.882978],[112.02963,36.886884],[112.044812,36.880018],[112.055672,36.879527],[112.06996,36.883122],[112.076887,36.89175],[112.061809,36.907844],[112.067816,36.918169],[112.078233,36.925591],[112.079509,36.938682],[112.056183,36.961889],[112.054795,36.97494],[112.094204,36.976798],[112.119222,36.984984],[112.131366,36.981511],[112.13568,36.989158],[112.157616,36.998221],[112.163484,37.007396],[112.175247,37.013286],[112.209422,37.016719],[112.216097,37.014975],[112.220593,37.012032],[112.226965,36.99346],[112.230828,36.990113],[112.242294,36.983552],[112.272677,36.978299],[112.289048,36.963447],[112.312529,36.950026],[112.325412,36.93365],[112.333098,36.935075],[112.344005,36.95274],[112.353683,36.956021],[112.392945,36.95063],[112.415897,36.9377],[112.432168,36.936681],[112.447846,36.94172],[112.465294,36.955144],[112.476977,36.946247],[112.499607,36.915161],[112.5261,36.902335],[112.53531,36.891186],[112.539505,36.880018],[112.52214,36.854286],[112.511596,36.850039],[112.527274,36.845138],[112.532691,36.835193],[112.525932,36.810313],[112.533477,36.805225],[112.519104,36.787088],[112.52993,36.769824],[112.516342,36.750941],[112.501256,36.744306],[112.495328,36.73767],[112.480631,36.682548],[112.487567,36.670863],[112.500978,36.66056],[112.531976,36.647434],[112.526376,36.634848],[112.497002,36.608112],[112.478726,36.587333],[112.476914,36.58111],[112.47112,36.57809],[112.484996,36.566854],[112.485856,36.551285],[112.489406,36.543612],[112.499934,36.537615],[112.501655,36.533494],[112.499996,36.527239],[112.487774,36.51625],[112.478478,36.483116],[112.493668,36.439848],[112.493295,36.420564],[112.479537,36.401488],[112.481958,36.383224],[112.45879,36.354406],[112.442774,36.339455],[112.437201,36.342507],[112.388188,36.345373],[112.348439,36.342984],[112.341208,36.34641],[112.336191,36.355637],[112.324351,36.365025],[112.307484,36.369088],[112.289199,36.378261],[112.278873,36.378273],[112.26914,36.397523],[112.25087,36.410434],[112.206451,36.409569],[112.196434,36.417851],[112.17455,36.45859],[112.155306,36.512699],[112.12626,36.524284],[112.099507,36.544423],[112.078318,36.582535],[112.049837,36.590121],[112.03508,36.601801],[112.032614,36.636641],[112.016096,36.654475],[112.012962,36.67806],[112.006703,36.684839],[111.990072,36.686983],[111.991142,36.730562],[111.999943,36.739025],[112.001399,36.746376],[111.987801,36.764767],[111.979528,36.765229],[111.984483,36.782194],[111.979215,36.787803]]]}},{"type":"Feature","properties":{"id":"cn:1405","name":"晋城市","level":1},"geometry":{"type":"Polygon","coordinates":[[[111.940574,35.607228],[111.936104,35.627328],[111.951479,35.64045],[111.953352,35.658999],[111.95828,35.665187],[111.983136,35.67072],[111.997102,35.679063],[112.024924,35.707871],[112.030661,35.723017],[112.015905,35.744275],[112.018804,35.752218],[112.042312,35.766347],[112.047294,35.773019],[112.042051,35.790371],[112.02436,35.811068],[112.022302,35.818604],[112.028934,35.83101],[112.02764,35.844727],[112.032546,35.861237],[112.038961,35.86418],[112.059403,35.845547],[112.123084,35.820015],[112.161704,35.816406],[112.19844,35.821493],[112.207233,35.830098],[112.203484,35.848054],[112.173411,35.876203],[112.16693,35.877367],[112.152892,35.869724],[112.146121,35.893505],[112.135318,35.897253],[112.134813,35.905873],[112.137706,35.910352],[112.147494,35.906663],[112.173496,35.909244],[112.182957,35.917466],[112.206289,35.90499],[112.216482,35.904371],[112.234109,35.897068],[112.271852,35.903914],[112.305489,35.895849],[112.321001,35.895009],[112.340984,35.900828],[112.375429,35.895723],[112.389248,35.896928],[112.40555,35.905464],[112.422089,35.921311],[112.440926,35.93237],[112.510752,35.962824],[112.523963,35.973622],[112.526168,35.985068],[112.521272,36.020496],[112.515933,36.031152],[112.525977,36.038441],[112.597582,36.055419],[112.615889,36.062937],[112.623841,36.062526],[112.652017,36.043781],[112.65693,36.031107],[112.674812,36.008559],[112.681496,36.005117],[112.70818,36.014746],[112.715497,36.011885],[112.733101,35.99449],[112.772649,35.985628],[112.79074,35.977642],[112.822909,35.987282],[112.844384,35.979295],[112.867534,35.976335],[112.872908,35.957118],[112.866155,35.936524],[112.874349,35.927151],[112.884219,35.924408],[112.924861,35.923046],[112.961258,35.929904],[112.965477,35.926243],[113.01683,35.920272],[113.033184,35.914771],[113.05235,35.893247],[113.107619,35.889295],[113.115509,35.886995],[113.134085,35.871408],[113.142818,35.868422],[113.146204,35.869329],[113.151872,35.880303],[113.193381,35.89784],[113.197592,35.888909],[113.23313,35.892262],[113.257014,35.867042],[113.270252,35.863346],[113.315174,35.885641],[113.331832,35.886735],[113.34731,35.88142],[113.354332,35.876137],[113.358861,35.867071],[113.365023,35.868365],[113.370513,35.862932],[113.374364,35.842107],[113.377816,35.843831],[113.383167,35.841107],[113.383032,35.832811],[113.386251,35.832097],[113.41106,35.833603],[113.428968,35.858932],[113.438585,35.864846],[113.468455,35.862205],[113.498264,35.850864],[113.519983,35.853511],[113.528134,35.85027],[113.564386,35.826624],[113.579101,35.826059],[113.576725,35.818595],[113.582781,35.813714],[113.580733,35.805271],[113.588152,35.806168],[113.598842,35.800385],[113.598155,35.797391],[113.584002,35.796912],[113.575145,35.791435],[113.577868,35.78688],[113.586795,35.78995],[113.592978,35.77539],[113.589749,35.759388],[113.580642,35.744331],[113.595849,35.706623],[113.586269,35.693629],[113.608782,35.683324],[113.616372,35.675007],[113.613201,35.663827],[113.618832,35.652714],[113.617352,35.631382],[113.585828,35.631887],[113.571652,35.634417],[113.567638,35.646804],[113.558529,35.645649],[113.553241,35.661268],[113.541743,35.657833],[113.541179,35.648918],[113.547092,35.639009],[113.551479,35.621499],[113.541331,35.617848],[113.535114,35.603203],[113.535701,35.596478],[113.526735,35.594316],[113.520929,35.586821],[113.515964,35.58666],[113.500348,35.566209],[113.497761,35.558666],[113.500217,35.548817],[113.492102,35.532592],[113.502326,35.523662],[113.500222,35.516752],[113.48557,35.516668],[113.478942,35.5209],[113.429887,35.507639],[113.422005,35.513763],[113.414714,35.512001],[113.409175,35.516235],[113.395877,35.507244],[113.382917,35.50582],[113.364896,35.480846],[113.351163,35.479545],[113.341643,35.468508],[113.319426,35.469477],[113.312192,35.479122],[113.305882,35.481483],[113.289122,35.471794],[113.288246,35.467523],[113.31571,35.461783],[113.317458,35.453558],[113.30868,35.452103],[113.305967,35.45795],[113.299963,35.46104],[113.299516,35.455331],[113.290473,35.444452],[113.290921,35.438814],[113.298637,35.429436],[113.29684,35.426964],[113.27204,35.43543],[113.259002,35.434904],[113.255747,35.441085],[113.247086,35.440594],[113.23845,35.448761],[113.227392,35.45326],[113.202114,35.447522],[113.183557,35.449289],[113.184523,35.434356],[113.181209,35.427442],[113.184118,35.424675],[113.177686,35.424515],[113.181763,35.412213],[113.178751,35.409312],[113.169218,35.414775],[113.163004,35.411109],[113.158741,35.415159],[113.160198,35.410698],[113.157553,35.408847],[113.161953,35.406841],[113.162975,35.401938],[113.160311,35.400755],[113.165324,35.396578],[113.169013,35.400686],[113.170902,35.396778],[113.162355,35.38979],[113.163636,35.386964],[113.153917,35.38482],[113.153576,35.378436],[113.148105,35.381096],[113.147924,35.369879],[113.142431,35.370586],[113.140528,35.36599],[113.142255,35.350634],[113.130131,35.347559],[113.133026,35.340332],[113.130372,35.335856],[113.116327,35.332373],[113.10104,35.341008],[113.085519,35.338423],[113.075146,35.341907],[113.060606,35.353799],[113.054087,35.352525],[113.031821,35.36086],[113.013841,35.356368],[112.990208,35.362578],[112.984612,35.356155],[112.987804,35.345857],[112.979095,35.338597],[112.978789,35.312261],[112.985303,35.302801],[112.982717,35.290477],[112.976571,35.287779],[112.959922,35.293849],[112.929974,35.285008],[112.928108,35.278941],[112.930346,35.271543],[112.921139,35.250987],[112.902743,35.246671],[112.888906,35.249405],[112.878168,35.244668],[112.863004,35.244462],[112.851017,35.247982],[112.847761,35.254725],[112.843672,35.253021],[112.809853,35.258171],[112.806459,35.25066],[112.792058,35.2392],[112.778595,35.235742],[112.779775,35.225346],[112.766346,35.208059],[112.759567,35.204124],[112.744923,35.204543],[112.729159,35.210961],[112.720293,35.210276],[112.714151,35.207001],[112.706493,35.187593],[112.702925,35.18803],[112.696958,35.202142],[112.697025,35.209909],[112.70128,35.2175],[112.689215,35.219293],[112.678183,35.227832],[112.676573,35.234307],[112.666819,35.234864],[112.655071,35.243771],[112.649489,35.244328],[112.645436,35.259852],[112.63903,35.261203],[112.631512,35.24834],[112.628813,35.266109],[112.612364,35.254713],[112.61133,35.24753],[112.61304,35.243596],[112.629134,35.23957],[112.632832,35.229172],[112.631244,35.226353],[112.61304,35.220742],[112.596591,35.223563],[112.569039,35.22183],[112.563223,35.218893],[112.561869,35.21243],[112.553058,35.213429],[112.531912,35.224091],[112.507355,35.219097],[112.484795,35.230172],[112.477564,35.224944],[112.462235,35.231435],[112.451427,35.226734],[112.417595,35.23837],[112.395034,35.24219],[112.38434,35.239135],[112.370363,35.224449],[112.360963,35.220571],[112.305268,35.221686],[112.283767,35.217575],[112.28295,35.22345],[112.296457,35.245655],[112.298219,35.252352],[112.294574,35.254232],[112.288237,35.253291],[112.276605,35.242513],[112.255103,35.241691],[112.236536,35.235344],[112.210806,35.239869],[112.214565,35.247506],[112.208107,35.254555],[112.184843,35.256787],[112.167212,35.26419],[112.128974,35.271768],[112.110842,35.264061],[112.104087,35.268878],[112.109017,35.273515],[112.087498,35.279493],[112.069399,35.277436],[112.052429,35.280228],[112.050189,35.289598],[112.056301,35.291653],[112.061709,35.300817],[112.062707,35.315973],[112.048314,35.32837],[112.04966,35.337592],[112.046431,35.341706],[112.019348,35.348549],[112.015867,35.354376],[112.026432,35.390456],[112.010624,35.39995],[111.996284,35.402365],[111.978178,35.417106],[111.967909,35.431905],[111.965088,35.457287],[111.943856,35.496711],[111.94093,35.506989],[111.943665,35.512276],[111.95896,35.525898],[111.956043,35.546753],[111.960609,35.567018],[111.954081,35.572904],[111.947449,35.572724],[111.942311,35.576825],[111.940574,35.607228]]]}},{"type":"Feature","properties":{"id":"cn:140502","name":"城区","level":2},"geometry":{"type":"Polygon","coordinates":[[[112.746546,35.520118],[112.747587,35.523501],[112.759202,35.526337],[112.764168,35.553857],[112.817735,35.550119],[112.835252,35.559694],[112.83007,35.580996],[112.83263,35.585414],[112.85914,35.585876],[112.877309,35.593325],[112.882109,35.592395],[112.891709,35.586341],[112.918342,35.557373],[112.915858,35.544115],[112.904582,35.519107],[112.874722,35.522447],[112.875269,35.511632],[112.881855,35.509942],[112.885304,35.504875],[112.886002,35.494381],[112.900371,35.485079],[112.885103,35.460657],[112.889634,35.432319],[112.885948,35.430375],[112.876267,35.430513],[112.874898,35.438269],[112.866201,35.450585],[112.865149,35.444022],[112.860843,35.447698],[112.848486,35.445826],[112.846419,35.442646],[112.851176,35.434235],[112.844656,35.434082],[112.839741,35.426288],[112.833378,35.430886],[112.831547,35.436323],[112.831672,35.44207],[112.837248,35.447279],[112.825609,35.44946],[112.822547,35.447429],[112.807153,35.457547],[112.807752,35.466385],[112.822916,35.472686],[112.822431,35.47705],[112.801806,35.482887],[112.786858,35.502552],[112.754246,35.503453],[112.746546,35.520118]]]}},{"type":"Feature","properties":{"id":"cn:140521","name":"沁水县","level":2},"geometry":{"type":"Polygon","coordinates":[[[111.940574,35.607228],[111.936104,35.627328],[111.951479,35.64045],[111.953352,35.658999],[111.95828,35.665187],[111.983136,35.67072],[111.997102,35.679063],[112.024924,35.707871],[112.030661,35.723017],[112.015905,35.744275],[112.018804,35.752218],[112.042312,35.766347],[112.047294,35.773019],[112.042051,35.790371],[112.02436,35.811068],[112.022302,35.818604],[112.028934,35.83101],[112.02764,35.844727],[112.032546,35.861237],[112.038961,35.86418],[112.059403,35.845547],[112.123084,35.820015],[112.143701,35.816576],[112.180376,35.81732],[112.19844,35.821493],[112.207233,35.830098],[112.203484,35.848054],[112.177059,35.873574],[112.16693,35.877367],[112.152892,35.869724],[112.146121,35.893505],[112.135318,35.897253],[112.134813,35.905873],[112.137706,35.910352],[112.147494,35.906663],[112.173496,35.909244],[112.182957,35.917466],[112.206289,35.90499],[112.216482,35.904371],[112.234109,35.897068],[112.271852,35.903914],[112.305489,35.895849],[112.321001,35.895009],[112.340984,35.900828],[112.375429,35.895723],[112.389248,35.896928],[112.40555,35.905464],[112.422089,35.921311],[112.440926,35.93237],[112.510752,35.962824],[112.523963,35.973622],[112.526168,35.985068],[112.521272,36.020496],[112.515933,36.031152],[112.525977,36.038441],[112.597582,36.055419],[112.615889,36.062937],[112.623841,36.062526],[112.652017,36.043781],[112.65693,36.031107],[112.674812,36.008559],[112.681496,36.005117],[112.70818,36.014746],[112.715497,36.011885],[112.733101,35.99449],[112.772649,35.985628],[112.779776,35.951088],[112.779247,35.936674],[112.770279,35.903947],[112.771911,35.895841],[112.760314,35.89024],[112.738891,35.888623],[112.733673,35.884565],[112.729976,35.873876],[112.745462,35.835175],[112.730922,35.812868],[112.716261,35.809889],[112.698561,35.798921],[112.701556,35.793283],[112.724645,35.775065],[112.714811,35.76246],[112.712025,35.753302],[112.726434,35.733877],[112.725904,35.724038],[112.714941,35.713954],[112.687945,35.710008],[112.671384,35.703626],[112.658946,35.706305],[112.648465,35.702482],[112.646701,35.687871],[112.66144,35.680735],[112.661084,35.667426],[112.647607,35.647468],[112.645203,35.620904],[112.639646,35.602125],[112.603977,35.569515],[112.61004,35.564432],[112.605779,35.562849],[112.606818,35.558643],[112.613372,35.553286],[112.614167,35.531851],[112.593848,35.532439],[112.591261,35.544334],[112.599325,35.560831],[112.592017,35.565161],[112.543155,35.561124],[112.522139,35.552592],[112.514544,35.552794],[112.500429,35.566249],[112.490022,35.568272],[112.474423,35.562428],[112.476573,35.557404],[112.47446,35.553853],[112.468139,35.554487],[112.466258,35.558287],[112.468515,35.562139],[112.454562,35.578214],[112.460604,35.602265],[112.447148,35.612808],[112.440691,35.642235],[112.434137,35.657539],[112.418294,35.673269],[112.365325,35.685168],[112.301766,35.682572],[112.282416,35.674466],[112.271895,35.652902],[112.260976,35.646433],[112.243284,35.644278],[112.203223,35.658464],[112.189222,35.651518],[112.184239,35.641878],[112.188284,35.631147],[112.200506,35.617262],[112.204837,35.602412],[112.20647,35.577475],[112.235133,35.543543],[112.233266,35.531858],[112.22318,35.529282],[112.197043,35.531189],[112.186695,35.527696],[112.172771,35.513425],[112.172372,35.496255],[112.167077,35.491417],[112.158111,35.489764],[112.125784,35.495046],[112.108136,35.491956],[112.098639,35.48686],[112.089716,35.480391],[112.076478,35.458101],[112.066947,35.431027],[112.065182,35.4111],[112.059426,35.398475],[112.051076,35.393149],[112.026171,35.388396],[112.019357,35.396354],[111.996284,35.402365],[111.988098,35.408251],[111.967909,35.431905],[111.965088,35.457287],[111.94093,35.506989],[111.9456,35.515034],[111.95896,35.525898],[111.956043,35.546753],[111.960609,35.567018],[111.954081,35.572904],[111.947449,35.572724],[111.942311,35.576825],[111.940574,35.607228]]]}},{"type":"Feature","properties":{"id":"cn:140522","name":"阳城县","level":2},"geometry":{"type":"Polygon","coordinates":[[[112.015757,35.355481],[112.026171,35.388396],[112.051076,35.393149],[112.059426,35.398475],[112.065182,35.4111],[112.066947,35.431027],[112.076478,35.458101],[112.089716,35.480391],[112.108136,35.491956],[112.125784,35.495046],[112.158111,35.489764],[112.167077,35.491417],[112.172372,35.496255],[112.172771,35.513425],[112.186695,35.527696],[112.197043,35.531189],[112.22318,35.529282],[112.233266,35.531858],[112.235133,35.543543],[112.20647,35.577475],[112.204837,35.602412],[112.200506,35.617262],[112.188284,35.631147],[112.184239,35.641878],[112.189222,35.651518],[112.203223,35.658464],[112.250593,35.644091],[112.271895,35.652902],[112.282416,35.674466],[112.301766,35.682572],[112.365325,35.685168],[112.377147,35.68316],[112.418294,35.673269],[112.434137,35.657539],[112.440691,35.642235],[112.447148,35.612808],[112.460604,35.602265],[112.454562,35.578214],[112.468515,35.562139],[112.466258,35.558287],[112.468139,35.554487],[112.47446,35.553853],[112.476573,35.557404],[112.474423,35.562428],[112.490022,35.568272],[112.500429,35.566249],[112.514544,35.552794],[112.522139,35.552592],[112.543155,35.561124],[112.592017,35.565161],[112.599325,35.560831],[112.591261,35.544334],[112.593848,35.532439],[112.614167,35.531851],[112.610472,35.506394],[112.614387,35.49847],[112.601532,35.465613],[112.605497,35.46455],[112.613668,35.447928],[112.622318,35.443302],[112.621759,35.44045],[112.619115,35.435022],[112.616556,35.438652],[112.604609,35.433431],[112.608877,35.430122],[112.605677,35.427457],[112.613465,35.426599],[112.608024,35.425002],[112.603437,35.418603],[112.602584,35.409749],[112.609946,35.40868],[112.606106,35.407295],[112.605039,35.396774],[112.587158,35.398107],[112.587158,35.402907],[112.58195,35.400504],[112.572866,35.403162],[112.569927,35.396892],[112.571665,35.387827],[112.560571,35.386878],[112.547196,35.392853],[112.543718,35.389379],[112.556535,35.378654],[112.568036,35.376857],[112.575942,35.369032],[112.584189,35.370228],[112.585906,35.367501],[112.579895,35.361064],[112.578952,35.349943],[112.591274,35.349422],[112.592603,35.361539],[112.600586,35.365649],[112.60196,35.363446],[112.595867,35.355018],[112.601874,35.349602],[112.590114,35.340645],[112.591876,35.33547],[112.60258,35.313591],[112.609568,35.309244],[112.60693,35.304719],[112.6091,35.300931],[112.619264,35.293528],[112.629481,35.298641],[112.626903,35.290651],[112.634715,35.285364],[112.629837,35.283895],[112.613092,35.291209],[112.605984,35.28128],[112.595827,35.286098],[112.595471,35.28181],[112.601877,35.275171],[112.597233,35.269355],[112.607988,35.272996],[112.612685,35.271529],[112.613744,35.259632],[112.605983,35.257224],[112.611218,35.25223],[112.61304,35.243596],[112.629134,35.23957],[112.632832,35.229172],[112.61304,35.220742],[112.596591,35.223563],[112.569039,35.22183],[112.564221,35.220008],[112.560106,35.212313],[112.531912,35.224091],[112.507355,35.219097],[112.484795,35.230172],[112.477564,35.224944],[112.462235,35.231435],[112.451427,35.226734],[112.417595,35.23837],[112.395034,35.24219],[112.38434,35.239135],[112.370363,35.224449],[112.360963,35.220571],[112.305268,35.221686],[112.283767,35.217575],[112.28295,35.22345],[112.296457,35.245655],[112.298219,35.252352],[112.294574,35.254232],[112.288237,35.253291],[112.276605,35.242513],[112.255103,35.241691],[112.236536,35.235344],[112.210806,35.239869],[112.214565,35.247506],[112.208107,35.254555],[112.184843,35.256787],[112.167212,35.26419],[112.128974,35.271768],[112.110842,35.264061],[112.104087,35.268878],[112.109017,35.273515],[112.087498,35.279493],[112.069399,35.277436],[112.052429,35.280228],[112.050189,35.289598],[112.056301,35.291653],[112.061709,35.300817],[112.062707,35.315973],[112.048314,35.32837],[112.04966,35.337592],[112.046431,35.341706],[112.019348,35.348549],[112.015757,35.355481]]]}},{"type":"Feature","properties":{"id":"cn:140524","name":"陵川县","level":2},"geometry":{"type":"Polygon","coordinates":[[[113.034564,35.633555],[113.038521,35.641561],[113.03672,35.646088],[113.044702,35.646593],[113.064163,35.661102],[113.069335,35.671081],[113.068938,35.680381],[113.073211,35.682387],[113.078006,35.6799],[113.094109,35.649854],[113.103992,35.650201],[113.107387,35.658201],[113.09715,35.668714],[113.118682,35.680645],[113.134719,35.685558],[113.124327,35.694499],[113.122297,35.704019],[113.117677,35.706919],[113.11853,35.713094],[113.146975,35.724722],[113.155153,35.73203],[113.156298,35.737977],[113.147323,35.749433],[113.11274,35.770993],[113.100413,35.810827],[113.106629,35.814707],[113.107515,35.820881],[113.113955,35.821528],[113.117619,35.816293],[113.127193,35.819249],[113.133139,35.825193],[113.141117,35.863847],[113.151872,35.880303],[113.193381,35.89784],[113.197592,35.888909],[113.23313,35.892262],[113.257014,35.867042],[113.270252,35.863346],[113.315174,35.885641],[113.324211,35.887444],[113.343933,35.883034],[113.354332,35.876137],[113.358861,35.867071],[113.365023,35.868365],[113.370513,35.862932],[113.374364,35.842107],[113.377816,35.843831],[113.383167,35.841107],[113.383032,35.832811],[113.386251,35.832097],[113.41106,35.833603],[113.428968,35.858932],[113.438585,35.864846],[113.468455,35.862205],[113.498264,35.850864],[113.519983,35.853511],[113.564386,35.826624],[113.579101,35.826059],[113.576725,35.818595],[113.582781,35.813714],[113.580733,35.805271],[113.588152,35.806168],[113.598842,35.800385],[113.598155,35.797391],[113.584002,35.796912],[113.575145,35.791435],[113.577868,35.78688],[113.586795,35.78995],[113.592978,35.77539],[113.589749,35.759388],[113.580642,35.744331],[113.595849,35.706623],[113.586269,35.693629],[113.608782,35.683324],[113.616372,35.675007],[113.617316,35.672012],[113.612919,35.66754],[113.618726,35.653422],[113.618718,35.632363],[113.572376,35.633905],[113.567638,35.646804],[113.557575,35.646866],[113.553241,35.661268],[113.542491,35.658322],[113.541179,35.648918],[113.547092,35.639009],[113.551479,35.621499],[113.541331,35.617848],[113.535114,35.603203],[113.535701,35.596478],[113.526735,35.594316],[113.520929,35.586821],[113.515964,35.58666],[113.500348,35.566209],[113.497761,35.558666],[113.500217,35.548817],[113.492102,35.532592],[113.502326,35.523662],[113.500222,35.516752],[113.48557,35.516668],[113.478942,35.5209],[113.429887,35.507639],[113.422005,35.513763],[113.414714,35.512001],[113.409175,35.516235],[113.395877,35.507244],[113.382917,35.50582],[113.364896,35.480846],[113.351163,35.479545],[113.341643,35.468508],[113.319426,35.469477],[113.312192,35.479122],[113.305882,35.481483],[113.289122,35.471794],[113.288246,35.467523],[113.31571,35.461783],[113.317458,35.453558],[113.30868,35.452103],[113.305967,35.45795],[113.299963,35.46104],[113.299516,35.455331],[113.290473,35.444452],[113.290921,35.438814],[113.298637,35.429436],[113.29684,35.426964],[113.27204,35.43543],[113.260312,35.434418],[113.255747,35.441085],[113.247086,35.440594],[113.23845,35.448761],[113.232199,35.450035],[113.217339,35.468052],[113.212347,35.48843],[113.205377,35.498284],[113.188849,35.511594],[113.174024,35.533593],[113.144007,35.543942],[113.131706,35.56891],[113.120769,35.575333],[113.088182,35.582472],[113.079771,35.587517],[113.055075,35.617292],[113.042151,35.622793],[113.034564,35.633555]]]}},{"type":"Feature","properties":{"id":"cn:140525","name":"泽州县","level":2},"geometry":{"type":"Polygon","coordinates":[[[112.547196,35.392853],[112.560571,35.386878],[112.571665,35.387827],[112.571797,35.402894],[112.58195,35.400504],[112.587158,35.402907],[112.587158,35.398107],[112.602226,35.395644],[112.607386,35.400787],[112.606106,35.407295],[112.609946,35.40868],[112.602584,35.409749],[112.603437,35.418603],[112.608024,35.425002],[112.613465,35.426599],[112.605677,35.427457],[112.608877,35.430122],[112.604609,35.433431],[112.616556,35.438652],[112.619115,35.435022],[112.622318,35.443302],[112.613668,35.447928],[112.601162,35.467889],[112.614387,35.49847],[112.610472,35.506394],[112.614904,35.536023],[112.613372,35.553286],[112.606818,35.558643],[112.605779,35.562849],[112.61004,35.564432],[112.603977,35.569515],[112.632642,35.594327],[112.642989,35.609915],[112.647607,35.647468],[112.661903,35.672534],[112.66144,35.680735],[112.646701,35.687871],[112.648465,35.702482],[112.658946,35.706305],[112.671384,35.703626],[112.702293,35.713239],[112.714941,35.713954],[112.730722,35.709172],[112.746816,35.688375],[112.768204,35.681767],[112.804783,35.677236],[112.839662,35.682988],[112.859618,35.703826],[112.867213,35.703826],[112.900425,35.684848],[112.952186,35.671125],[112.963175,35.671808],[112.980615,35.679355],[112.992152,35.693538],[112.999914,35.694732],[113.012091,35.681274],[113.034155,35.67261],[113.04566,35.663668],[113.040839,35.661314],[113.018424,35.663073],[113.014533,35.657707],[113.021079,35.65282],[113.025603,35.652067],[113.03575,35.657565],[113.052947,35.659077],[113.057234,35.656841],[113.044702,35.646593],[113.03672,35.646088],[113.038521,35.641561],[113.034564,35.633555],[113.037376,35.626917],[113.055075,35.617292],[113.079771,35.587517],[113.088182,35.582472],[113.120769,35.575333],[113.131706,35.56891],[113.144007,35.543942],[113.174024,35.533593],[113.188849,35.511594],[113.205377,35.498284],[113.212347,35.48843],[113.217339,35.468052],[113.232199,35.450035],[113.223645,35.453521],[113.205617,35.447883],[113.18202,35.448312],[113.18463,35.447027],[113.184523,35.434356],[113.181209,35.427442],[113.184118,35.424675],[113.178016,35.424975],[113.177507,35.420562],[113.182076,35.416801],[113.181763,35.412213],[113.178751,35.409312],[113.169218,35.414775],[113.163004,35.411109],[113.158741,35.415159],[113.160198,35.410698],[113.157553,35.408847],[113.161953,35.406841],[113.162975,35.401938],[113.160311,35.400755],[113.165324,35.396578],[113.169013,35.400686],[113.170902,35.396778],[113.162355,35.38979],[113.163636,35.386964],[113.153917,35.38482],[113.153576,35.378436],[113.148105,35.381096],[113.147924,35.369879],[113.142431,35.370586],[113.140528,35.36599],[113.142255,35.350634],[113.130131,35.347559],[113.133026,35.340332],[113.130372,35.335856],[113.116327,35.332373],[113.10104,35.341008],[113.085519,35.338423],[113.075146,35.341907],[113.060606,35.353799],[113.054087,35.352525],[113.031821,35.36086],[113.013841,35.356368],[112.990208,35.362578],[112.984612,35.356155],[112.987804,35.345857],[112.979095,35.338597],[112.978789,35.312261],[112.985303,35.302801],[112.982717,35.290477],[112.976571,35.287779],[112.959922,35.293849],[112.929974,35.285008],[112.928108,35.278941],[112.930346,35.271543],[112.921139,35.250987],[112.902743,35.246671],[112.888906,35.249405],[112.878168,35.244668],[112.863004,35.244462],[112.851017,35.247982],[112.847761,35.254725],[112.843672,35.253021],[112.809853,35.258171],[112.806459,35.25066],[112.792058,35.2392],[112.778595,35.235742],[112.779775,35.225346],[112.766346,35.208059],[112.759567,35.204124],[112.744923,35.204543],[112.729159,35.210961],[112.720293,35.210276],[112.714151,35.207001],[112.706493,35.187593],[112.702925,35.18803],[112.696958,35.202142],[112.697025,35.209909],[112.70128,35.2175],[112.689215,35.219293],[112.678183,35.227832],[112.676573,35.234307],[112.666819,35.234864],[112.655071,35.243771],[112.649489,35.244328],[112.645436,35.259852],[112.63903,35.261203],[112.632155,35.248279],[112.628813,35.266109],[112.622233,35.263878],[112.611218,35.25223],[112.606747,35.255814],[112.607276,35.258635],[112.613744,35.259632],[112.61409,35.26824],[112.609864,35.273055],[112.597589,35.268943],[112.601877,35.275171],[112.594829,35.2851],[112.597823,35.286274],[112.605984,35.28128],[112.613092,35.291209],[112.629837,35.283895],[112.634715,35.286362],[112.626903,35.290651],[112.629776,35.297877],[112.62778,35.299639],[112.619264,35.293528],[112.6091,35.300931],[112.60693,35.304719],[112.609568,35.309244],[112.60258,35.313591],[112.591876,35.33547],[112.590114,35.340645],[112.601874,35.349602],[112.595867,35.355018],[112.60196,35.363446],[112.600586,35.365649],[112.592603,35.361539],[112.591274,35.349422],[112.578952,35.349943],[112.579895,35.361064],[112.585906,35.367501],[112.584189,35.370228],[112.575942,35.369032],[112.564167,35.378948],[112.556535,35.378654],[112.543718,35.389379],[112.547196,35.392853]],[[112.874722,35.522447],[112.901414,35.518126],[112.905729,35.520526],[112.918342,35.557373],[112.891709,35.586341],[112.877309,35.593325],[112.862682,35.586478],[112.83263,35.585414],[112.83007,35.580996],[112.836232,35.560729],[112.822595,35.550829],[112.764168,35.553857],[112.759202,35.526337],[112.747587,35.523501],[112.746546,35.520118],[112.754246,35.503453],[112.786858,35.502552],[112.801806,35.482887],[112.822431,35.47705],[112.822916,35.472686],[112.807752,35.466385],[112.807153,35.457547],[112.822547,35.447429],[112.825609,35.44946],[112.837248,35.447279],[112.831672,35.44207],[112.831547,35.436323],[112.833378,35.430886],[112.839741,35.426288],[112.844656,35.434082],[112.851176,35.434235],[112.846419,35.442646],[112.848486,35.445826],[112.860843,35.447698],[112.865149,35.444022],[112.866201,35.450585],[112.874898,35.438269],[112.876267,35.430513],[112.889634,35.432319],[112.885103,35.460657],[112.900371,35.485079],[112.886002,35.494381],[112.885304,35.504875],[112.881855,35.509942],[112.875269,35.511632],[112.874722,35.522447]]]}},{"type":"Feature","properties":{"id":"cn:140581","name":"高平市","level":2},"geometry":{"type":"Polygon","coordinates":[[[112.698561,35.798921],[112.716261,35.809889],[112.730922,35.812868],[112.745462,35.835175],[112.729976,35.873876],[112.733673,35.884565],[112.738891,35.888623],[112.760314,35.89024],[112.771911,35.895841],[112.770279,35.903947],[112.779247,35.936674],[112.779776,35.951088],[112.772649,35.985628],[112.79074,35.977642],[112.822909,35.987282],[112.844384,35.979295],[112.867534,35.976335],[112.872908,35.957118],[112.866155,35.936524],[112.874349,35.927151],[112.924861,35.923046],[112.961258,35.929904],[112.965477,35.926243],[113.01683,35.920272],[113.033184,35.914771],[113.05235,35.893247],[113.107619,35.889295],[113.115509,35.886995],[113.134085,35.871408],[113.142818,35.868422],[113.133139,35.825193],[113.127193,35.819249],[113.117619,35.816293],[113.113955,35.821528],[113.107515,35.820881],[113.106629,35.814707],[113.100413,35.810827],[113.11274,35.770993],[113.147323,35.749433],[113.156298,35.737977],[113.155153,35.73203],[113.146975,35.724722],[113.11853,35.713094],[113.117677,35.706919],[113.122297,35.704019],[113.124327,35.694499],[113.134719,35.685558],[113.118682,35.680645],[113.09715,35.668714],[113.107387,35.658201],[113.103992,35.650201],[113.094109,35.649854],[113.086755,35.66714],[113.073211,35.682387],[113.068938,35.680381],[113.069335,35.671081],[113.060668,35.658789],[113.03575,35.657565],[113.022535,35.652004],[113.014533,35.657707],[113.018424,35.663073],[113.040839,35.661314],[113.04566,35.663668],[113.034155,35.67261],[113.012091,35.681274],[112.996138,35.69613],[112.980615,35.679355],[112.963175,35.671808],[112.9446,35.671809],[112.900425,35.684848],[112.867213,35.703826],[112.859618,35.703826],[112.846971,35.688255],[112.830104,35.679775],[112.804783,35.677236],[112.768204,35.681767],[112.746816,35.688375],[112.730722,35.709172],[112.714941,35.713954],[112.725904,35.724038],[112.726434,35.733877],[112.712025,35.753302],[112.714811,35.76246],[112.724645,35.775065],[112.701556,35.793283],[112.698561,35.798921]]]}},{"type":"Feature","properties":{"id":"cn:1406","name":"朔州市","level":1},"geometry":{"type":"Polygon","coordinates":[[[111.8882,39.501703],[111.890865,39.510245],[111.89951,39.516682],[111.93727,39.524607],[111.980855,39.525114],[111.989223,39.527411],[111.995508,39.536112],[111.969675,39.562493],[111.93619,39.584396],[111.931748,39.602735],[111.923745,39.610517],[111.931774,39.62218],[111.930619,39.627496],[111.923536,39.630839],[111.931357,39.643738],[111.919882,39.655491],[111.917408,39.664823],[111.935021,39.680092],[111.949777,39.686799],[111.96338,39.710999],[111.957894,39.724271],[111.964248,39.764983],[111.961574,39.790036],[111.963902,39.7954],[111.999109,39.819679],[112.027417,39.851975],[112.034882,39.871142],[112.035637,39.884918],[112.043814,39.897569],[112.058111,39.904996],[112.066566,39.913815],[112.085471,39.951285],[112.108084,39.974549],[112.113154,39.986129],[112.124613,39.99688],[112.135428,40.026046],[112.155533,40.04152],[112.159587,40.05013],[112.169257,40.051354],[112.169196,40.056333],[112.175411,40.061094],[112.173405,40.072978],[112.177051,40.083564],[112.194326,40.095056],[112.193388,40.099184],[112.203093,40.106567],[112.216496,40.12767],[112.225506,40.132248],[112.221478,40.139271],[112.223423,40.141567],[112.219864,40.143225],[112.221965,40.148139],[112.219039,40.154744],[112.222763,40.155755],[112.226114,40.168828],[112.254204,40.185131],[112.264829,40.187856],[112.293171,40.210342],[112.283709,40.222052],[112.29509,40.232153],[112.303597,40.246853],[112.303484,40.255213],[112.341956,40.256098],[112.361226,40.268581],[112.37923,40.274657],[112.405445,40.2919],[112.449216,40.298753],[112.457879,40.297103],[112.471186,40.284911],[112.492046,40.277016],[112.504789,40.268023],[112.557584,40.256947],[112.617766,40.235864],[112.619445,40.221443],[112.603165,40.217481],[112.597376,40.209521],[112.596672,40.201986],[112.601031,40.193041],[112.61992,40.176445],[112.62071,40.169131],[112.615545,40.162768],[112.583261,40.160484],[112.573933,40.15342],[112.574715,40.148891],[112.579004,40.147303],[112.571847,40.141134],[112.577993,40.133529],[112.575249,40.128673],[112.576737,40.123889],[112.583325,40.122499],[112.589096,40.11425],[112.578559,40.109803],[112.583149,40.100083],[112.600817,40.093531],[112.60632,40.094912],[112.615732,40.08905],[112.605253,40.083811],[112.604038,40.0784],[112.612077,40.069618],[112.616406,40.056834],[112.6266,40.052577],[112.630065,40.038206],[112.636084,40.033489],[112.637473,40.026167],[112.626207,40.000449],[112.610892,39.947716],[112.590077,39.919523],[112.597386,39.879656],[112.593419,39.85454],[112.584886,39.831107],[112.593533,39.815117],[112.61388,39.808459],[112.616103,39.800512],[112.612925,39.771983],[112.614523,39.759427],[112.633186,39.750413],[112.641814,39.739697],[112.669592,39.749319],[112.673872,39.75267],[112.678273,39.764732],[112.687041,39.767996],[112.727669,39.752214],[112.73829,39.751086],[112.744836,39.756798],[112.746042,39.773109],[112.814134,39.775734],[112.810618,39.78021],[112.810818,39.787774],[112.816764,39.793691],[112.863456,39.801074],[112.872276,39.809177],[112.870427,39.816226],[112.87521,39.821643],[112.905168,39.828237],[112.914626,39.838208],[112.927697,39.840864],[112.932106,39.860171],[112.947396,39.852053],[112.951729,39.852846],[112.960129,39.86804],[112.949806,39.882811],[112.935493,39.889444],[112.932822,39.911616],[112.937927,39.916173],[112.962372,39.908473],[112.996132,39.914029],[113.016173,39.91113],[113.036199,39.915292],[113.115645,39.90702],[113.134378,39.907824],[113.161383,39.915466],[113.203127,39.94413],[113.228579,39.957126],[113.27899,39.947268],[113.298064,39.933204],[113.318191,39.9314],[113.345535,39.905332],[113.374033,39.904737],[113.380048,39.892254],[113.393253,39.888554],[113.43247,39.850857],[113.389651,39.836296],[113.366073,39.833201],[113.338223,39.805146],[113.32552,39.803537],[113.322231,39.79648],[113.335789,39.771408],[113.387777,39.741128],[113.399587,39.729826],[113.397976,39.726476],[113.403623,39.720445],[113.403411,39.713501],[113.394875,39.703837],[113.397028,39.700545],[113.386748,39.695223],[113.389198,39.691687],[113.379016,39.681234],[113.378643,39.676413],[113.385517,39.669034],[113.387019,39.662198],[113.375865,39.652277],[113.376056,39.647928],[113.422288,39.604468],[113.424823,39.580475],[113.451683,39.577514],[113.466995,39.553386],[113.478184,39.548638],[113.500163,39.527896],[113.504694,39.519302],[113.499485,39.501975],[113.50169,39.49218],[113.511707,39.480066],[113.529121,39.468138],[113.563608,39.452057],[113.570656,39.437217],[113.558615,39.434692],[113.554206,39.425876],[113.554458,39.403428],[113.527157,39.383892],[113.50825,39.345971],[113.498094,39.3421],[113.474631,39.34437],[113.445864,39.33795],[113.441636,39.33391],[113.4422,39.320515],[113.43944,39.319964],[113.415586,39.33098],[113.410256,39.329691],[113.40641,39.321067],[113.386402,39.311157],[113.382183,39.30088],[113.378694,39.299596],[113.361436,39.306565],[113.355377,39.313177],[113.271216,39.311996],[113.259432,39.31506],[113.238971,39.307985],[113.218251,39.295393],[113.205282,39.294309],[113.157696,39.305954],[113.13326,39.317261],[113.123026,39.324223],[113.12886,39.342622],[113.104106,39.360273],[113.087017,39.361517],[113.071422,39.35252],[113.050457,39.351018],[113.046854,39.347667],[113.046123,39.338052],[113.029015,39.325003],[113.029106,39.320069],[112.975014,39.300352],[112.938669,39.294237],[112.920918,39.286445],[112.906264,39.27089],[112.89176,39.245773],[112.879832,39.238185],[112.873069,39.216658],[112.866386,39.211727],[112.827098,39.205391],[112.821247,39.186294],[112.809945,39.172313],[112.801056,39.17243],[112.784624,39.189631],[112.778713,39.191788],[112.748916,39.182671],[112.7292,39.185324],[112.741764,39.173105],[112.740566,39.157941],[112.736533,39.152251],[112.717504,39.138042],[112.694563,39.127947],[112.67996,39.125582],[112.6649,39.130978],[112.647948,39.116573],[112.650082,39.105132],[112.646065,39.092253],[112.631872,39.084518],[112.611803,39.08517],[112.601156,39.089314],[112.582944,39.08772],[112.576337,39.099712],[112.576344,39.110845],[112.5556,39.11396],[112.539687,39.137328],[112.521641,39.141703],[112.491536,39.136755],[112.45072,39.111049],[112.430921,39.103327],[112.416511,39.110367],[112.398299,39.113587],[112.364358,39.104792],[112.34352,39.117848],[112.324714,39.1238],[112.319824,39.119946],[112.307921,39.119225],[112.307357,39.099784],[112.293235,39.096727],[112.284972,39.100556],[112.281371,39.107612],[112.282874,39.111315],[112.297995,39.118201],[112.296393,39.126505],[112.285621,39.128912],[112.26319,39.126131],[112.25736,39.130743],[112.261809,39.142783],[112.259573,39.155777],[112.266409,39.163223],[112.258406,39.163788],[112.255507,39.176041],[112.24365,39.181834],[112.227995,39.181522],[112.216841,39.175407],[112.209127,39.175964],[112.214392,39.189033],[112.213033,39.202648],[112.195165,39.210407],[112.195782,39.222362],[112.185534,39.228953],[112.187624,39.248673],[112.176062,39.26559],[112.144934,39.276563],[112.127903,39.278021],[112.10108,39.268998],[112.09056,39.251203],[112.078493,39.252002],[112.061193,39.281156],[112.045777,39.289845],[112.04168,39.295959],[112.05807,39.30583],[112.043123,39.317438],[112.041918,39.324592],[112.04645,39.33127],[112.037652,39.337537],[112.021471,39.342121],[112.01497,39.350833],[112.013032,39.359595],[112.016404,39.367835],[111.999749,39.383453],[112.004959,39.403538],[112.0019,39.409157],[111.993065,39.412224],[111.991577,39.422522],[111.98285,39.431243],[111.980651,39.447438],[111.967429,39.444503],[111.936309,39.462169],[111.915557,39.458173],[111.90761,39.474605],[111.900621,39.479456],[111.8882,39.501703]]]}},{"type":"Feature","properties":{"id":"cn:140602","name":"朔城区","level":2},"geometry":{"type":"Polygon","coordinates":[[[112.012941,39.356047],[112.01694,39.36507],[112.029994,39.362193],[112.031773,39.367131],[112.044993,39.367986],[112.054765,39.364558],[112.071344,39.352201],[112.080416,39.353649],[112.087855,39.364136],[112.103861,39.366128],[112.109186,39.378282],[112.125918,39.388263],[112.131914,39.41019],[112.140711,39.413068],[112.145113,39.419672],[112.157383,39.418088],[112.179946,39.43737],[112.191867,39.433328],[112.215373,39.43337],[112.232875,39.414532],[112.248103,39.414199],[112.259318,39.418438],[112.276386,39.397906],[112.323132,39.403599],[112.325146,39.406619],[112.319431,39.412818],[112.349446,39.415472],[112.357724,39.422015],[112.353771,39.428393],[112.377301,39.432853],[112.392148,39.430696],[112.401623,39.433823],[112.419822,39.425516],[112.456107,39.419413],[112.483274,39.424396],[112.486762,39.430379],[112.502392,39.436605],[112.509446,39.434893],[112.522253,39.437659],[112.529768,39.421355],[112.537536,39.417972],[112.546018,39.408888],[112.575393,39.417574],[112.573568,39.422379],[112.580634,39.426409],[112.593819,39.442088],[112.606169,39.438181],[112.610595,39.433298],[112.624194,39.435064],[112.639664,39.430546],[112.660343,39.448777],[112.680264,39.455454],[112.695244,39.443219],[112.714289,39.414495],[112.733247,39.392637],[112.740955,39.364911],[112.739054,39.339633],[112.757786,39.304697],[112.761917,39.288321],[112.761309,39.252141],[112.769011,39.246962],[112.76879,39.24042],[112.746169,39.220405],[112.752167,39.208932],[112.75621,39.20776],[112.75405,39.201615],[112.74729,39.197214],[112.752599,39.191496],[112.752493,39.184824],[112.74552,39.182343],[112.7292,39.185324],[112.741764,39.173105],[112.740566,39.157941],[112.736533,39.152251],[112.717504,39.138042],[112.694563,39.127947],[112.67996,39.125582],[112.6649,39.130978],[112.647948,39.116573],[112.650082,39.105132],[112.646065,39.092253],[112.631872,39.084518],[112.611803,39.08517],[112.601156,39.089314],[112.582944,39.08772],[112.576337,39.099712],[112.576344,39.110845],[112.5556,39.11396],[112.539687,39.137328],[112.521641,39.141703],[112.491536,39.136755],[112.45072,39.111049],[112.430921,39.103327],[112.416511,39.110367],[112.398299,39.113587],[112.364358,39.104792],[112.34352,39.117848],[112.324714,39.1238],[112.319824,39.119946],[112.307921,39.119225],[112.307357,39.099784],[112.293235,39.096727],[112.284972,39.100556],[112.281371,39.107612],[112.282874,39.111315],[112.297995,39.118201],[112.296393,39.126505],[112.285621,39.128912],[112.26319,39.126131],[112.25736,39.130743],[112.261809,39.142783],[112.259573,39.155777],[112.266409,39.163223],[112.258406,39.163788],[112.255507,39.176041],[112.24365,39.181834],[112.227995,39.181522],[112.216841,39.175407],[112.209127,39.175964],[112.214392,39.189033],[112.213033,39.202648],[112.195165,39.210407],[112.195782,39.222362],[112.185534,39.228953],[112.187624,39.248673],[112.181617,39.260729],[112.154361,39.273911],[112.127903,39.278021],[112.10108,39.268998],[112.09056,39.251203],[112.078493,39.252002],[112.061193,39.281156],[112.045777,39.289845],[112.04168,39.295959],[112.05807,39.30583],[112.043123,39.317438],[112.041918,39.324592],[112.04645,39.33127],[112.037652,39.337537],[112.021471,39.342121],[112.012941,39.356047]]]}},{"type":"Feature","properties":{"id":"cn:140603","name":"平鲁区","level":2},"geometry":{"type":"Polygon","coordinates":[[[111.8882,39.501703],[111.890865,39.510245],[111.89951,39.516682],[111.93727,39.524607],[111.980855,39.525114],[111.989223,39.527411],[111.995508,39.536112],[111.969675,39.562493],[111.93619,39.584396],[111.931748,39.602735],[111.923745,39.610517],[111.931774,39.62218],[111.930619,39.627496],[111.923536,39.630839],[111.931357,39.643738],[111.919882,39.655491],[111.917408,39.664823],[111.935021,39.680092],[111.949777,39.686799],[111.96338,39.710999],[111.957894,39.724271],[111.964248,39.764983],[111.960863,39.781637],[111.963902,39.7954],[111.999109,39.819679],[112.027417,39.851975],[112.034882,39.871142],[112.035637,39.884918],[112.043814,39.897569],[112.063867,39.910347],[112.085471,39.951285],[112.109404,39.976737],[112.121418,39.967926],[112.126245,39.957791],[112.162095,39.948107],[112.160437,39.936359],[112.149951,39.922444],[112.150064,39.915803],[112.15272,39.911541],[112.175202,39.905265],[112.182693,39.885595],[112.193006,39.873134],[112.203874,39.866194],[112.225367,39.86125],[112.225592,39.852773],[112.220237,39.842721],[112.225029,39.837392],[112.238275,39.840394],[112.247919,39.838681],[112.255384,39.833676],[112.266165,39.818246],[112.30251,39.823676],[112.311738,39.818958],[112.314385,39.809657],[112.306295,39.795385],[112.305296,39.787096],[112.322067,39.775767],[112.346929,39.74868],[112.368083,39.743471],[112.366121,39.731249],[112.370418,39.724065],[112.377145,39.721088],[112.390036,39.724752],[112.397475,39.704378],[112.40475,39.697069],[112.445719,39.691844],[112.458723,39.657217],[112.451413,39.649856],[112.425589,39.638641],[112.426266,39.632248],[112.450589,39.628051],[112.456579,39.611979],[112.464832,39.609093],[112.468376,39.604422],[112.47843,39.602906],[112.483654,39.590898],[112.536406,39.59339],[112.559705,39.586151],[112.551983,39.564791],[112.570168,39.537205],[112.576139,39.515399],[112.583561,39.510144],[112.594291,39.509353],[112.640705,39.518234],[112.652719,39.515651],[112.680731,39.481028],[112.684168,39.47243],[112.680264,39.455454],[112.660343,39.448777],[112.639664,39.430546],[112.624194,39.435064],[112.610595,39.433298],[112.606169,39.438181],[112.593819,39.442088],[112.580634,39.426409],[112.573568,39.422379],[112.575393,39.417574],[112.546018,39.408888],[112.537536,39.417972],[112.529768,39.421355],[112.522253,39.437659],[112.509446,39.434893],[112.502392,39.436605],[112.486762,39.430379],[112.483274,39.424396],[112.456107,39.419413],[112.419822,39.425516],[112.401623,39.433823],[112.392148,39.430696],[112.377301,39.432853],[112.353771,39.428393],[112.357724,39.422015],[112.349446,39.415472],[112.319431,39.412818],[112.325146,39.406619],[112.323132,39.403599],[112.276386,39.397906],[112.259318,39.418438],[112.248103,39.414199],[112.232875,39.414532],[112.215373,39.43337],[112.191867,39.433328],[112.179946,39.43737],[112.157383,39.418088],[112.145113,39.419672],[112.140711,39.413068],[112.131914,39.41019],[112.125918,39.388263],[112.109186,39.378282],[112.103861,39.366128],[112.087855,39.364136],[112.084329,39.356837],[112.074511,39.351677],[112.04812,39.367554],[112.031773,39.367131],[112.029994,39.362193],[112.01694,39.36507],[111.999749,39.383453],[112.005539,39.401767],[112.0019,39.409157],[111.993065,39.412224],[111.991577,39.422522],[111.98285,39.431243],[111.980651,39.447438],[111.967429,39.444503],[111.936309,39.462169],[111.915557,39.458173],[111.90761,39.474605],[111.900621,39.479456],[111.8882,39.501703]]]}},{"type":"Feature","properties":{"id":"cn:140621","name":"山阴县","level":2},"geometry":{"type":"Polygon","coordinates":[[[112.424642,39.634483],[112.425589,39.638641],[112.451413,39.649856],[112.458723,39.657217],[112.44927,39.687153],[112.442967,39.691718],[112.435025,39.705168],[112.437707,39.710303],[112.492438,39.726853],[112.499026,39.73671],[112.528524,39.74161],[112.542179,39.731983],[112.588846,39.728052],[112.616823,39.712248],[112.623056,39.717961],[112.626241,39.730439],[112.637726,39.738273],[112.669592,39.749319],[112.673872,39.75267],[112.678273,39.764732],[112.687041,39.767996],[112.727669,39.752214],[112.73829,39.751086],[112.744836,39.756798],[112.746042,39.773109],[112.814134,39.775734],[112.826355,39.764199],[112.826877,39.754359],[112.822745,39.74804],[112.793587,39.724889],[112.768022,39.713075],[112.764351,39.703787],[112.785731,39.687966],[112.792163,39.673266],[112.800645,39.664824],[112.829195,39.653575],[112.878519,39.614542],[112.897955,39.612165],[112.943059,39.613779],[112.952999,39.611101],[112.954478,39.602263],[112.962066,39.593099],[112.969359,39.557721],[112.969012,39.552894],[112.960141,39.550008],[112.958917,39.544417],[112.98317,39.532565],[112.977311,39.516075],[113.001914,39.485833],[113.005397,39.475602],[113.011836,39.472527],[113.020072,39.473699],[113.023201,39.466551],[113.032997,39.47191],[113.033019,39.464959],[113.0259,39.460086],[113.028653,39.452631],[113.026135,39.450484],[113.027179,39.436687],[113.03291,39.43017],[113.019105,39.426817],[113.011316,39.411963],[113.030194,39.405049],[113.033824,39.385898],[113.042186,39.375002],[113.064701,39.364014],[113.069476,39.352932],[113.048663,39.349896],[113.046123,39.338052],[113.029015,39.325003],[113.029106,39.320069],[113.019016,39.315678],[112.960718,39.296359],[112.928148,39.291511],[112.906264,39.27089],[112.89176,39.245773],[112.879832,39.238185],[112.873069,39.216658],[112.866386,39.211727],[112.827098,39.205391],[112.821247,39.186294],[112.809945,39.172313],[112.801056,39.17243],[112.784624,39.189631],[112.778713,39.191788],[112.752493,39.184824],[112.752599,39.191496],[112.74729,39.197214],[112.75405,39.201615],[112.75621,39.20776],[112.752167,39.208932],[112.746169,39.220405],[112.76879,39.24042],[112.769011,39.246962],[112.761309,39.252141],[112.761917,39.288321],[112.757786,39.304697],[112.740199,39.334855],[112.740955,39.364911],[112.733247,39.392637],[112.714289,39.414495],[112.695244,39.443219],[112.679411,39.456227],[112.684168,39.47243],[112.680731,39.481028],[112.652719,39.515651],[112.640705,39.518234],[112.594291,39.509353],[112.583561,39.510144],[112.576139,39.515399],[112.570168,39.537205],[112.551983,39.564791],[112.559705,39.586151],[112.536406,39.59339],[112.483654,39.590898],[112.47843,39.602906],[112.468376,39.604422],[112.464832,39.609093],[112.456579,39.611979],[112.450589,39.628051],[112.424642,39.634483]]]}},{"type":"Feature","properties":{"id":"cn:140622","name":"应县","level":2},"geometry":{"type":"Polygon","coordinates":[[[112.952999,39.611101],[112.98523,39.618393],[112.997722,39.630004],[113.006288,39.649053],[113.032096,39.656471],[113.036662,39.666237],[113.043043,39.669635],[113.067183,39.668741],[113.0928,39.692409],[113.126272,39.695442],[113.142696,39.700503],[113.169588,39.729462],[113.182262,39.731888],[113.211194,39.724453],[113.246004,39.705955],[113.270632,39.688067],[113.326577,39.687771],[113.346308,39.698853],[113.383929,39.69597],[113.387254,39.690423],[113.379016,39.681234],[113.378643,39.676413],[113.385517,39.669034],[113.387019,39.662198],[113.375865,39.652277],[113.376056,39.647928],[113.422288,39.604468],[113.422644,39.582941],[113.424823,39.580475],[113.451683,39.577514],[113.456336,39.573048],[113.466995,39.553386],[113.478184,39.548638],[113.500163,39.527896],[113.504694,39.519302],[113.499485,39.501975],[113.50169,39.49218],[113.511707,39.480066],[113.529121,39.468138],[113.563608,39.452057],[113.570656,39.437217],[113.558615,39.434692],[113.554206,39.425876],[113.554458,39.403428],[113.527157,39.383892],[113.50825,39.345971],[113.498094,39.3421],[113.474631,39.34437],[113.445864,39.33795],[113.441636,39.33391],[113.4422,39.320515],[113.43944,39.319964],[113.415586,39.33098],[113.410256,39.329691],[113.40641,39.321067],[113.386402,39.311157],[113.382183,39.30088],[113.378694,39.299596],[113.361436,39.306565],[113.355377,39.313177],[113.271216,39.311996],[113.259432,39.31506],[113.211697,39.293466],[113.157696,39.305954],[113.123026,39.324223],[113.12886,39.342622],[113.10696,39.358798],[113.087017,39.361517],[113.081585,39.360092],[113.078411,39.354575],[113.069476,39.352932],[113.064701,39.364014],[113.042186,39.375002],[113.033824,39.385898],[113.030194,39.405049],[113.011316,39.411963],[113.019105,39.426817],[113.03291,39.43017],[113.027179,39.436687],[113.026135,39.450484],[113.028653,39.452631],[113.0259,39.460086],[113.033019,39.464959],[113.032997,39.47191],[113.023201,39.466551],[113.020072,39.473699],[113.011836,39.472527],[113.005397,39.475602],[113.001914,39.485833],[112.977311,39.516075],[112.98317,39.532565],[112.958917,39.544417],[112.960141,39.550008],[112.969012,39.552894],[112.969359,39.557721],[112.962066,39.593099],[112.954478,39.602263],[112.952999,39.611101]]]}},{"type":"Feature","properties":{"id":"cn:140623","name":"右玉县","level":2},"geometry":{"type":"Polygon","coordinates":[[[112.109404,39.976737],[112.113154,39.986129],[112.126626,40.000365],[112.128337,40.012578],[112.133971,40.01872],[112.135428,40.026046],[112.155533,40.04152],[112.159587,40.05013],[112.167981,40.049979],[112.169196,40.056333],[112.17516,40.060495],[112.173405,40.072978],[112.177051,40.083564],[112.194326,40.095056],[112.193388,40.099184],[112.203093,40.106567],[112.216496,40.12767],[112.225506,40.132248],[112.221478,40.139271],[112.223423,40.141567],[112.219864,40.143225],[112.221965,40.148139],[112.219039,40.154744],[112.222763,40.155755],[112.226339,40.169145],[112.254204,40.185131],[112.264829,40.187856],[112.293171,40.210342],[112.283709,40.222052],[112.29509,40.232153],[112.303597,40.246853],[112.303484,40.255213],[112.341956,40.256098],[112.361226,40.268581],[112.37923,40.274657],[112.405445,40.2919],[112.449216,40.298753],[112.457879,40.297103],[112.471186,40.284911],[112.492046,40.277016],[112.504789,40.268023],[112.557584,40.256947],[112.617766,40.235864],[112.619445,40.221443],[112.603165,40.217481],[112.597376,40.209521],[112.596672,40.201986],[112.601031,40.193041],[112.61992,40.176445],[112.62071,40.169131],[112.615545,40.162768],[112.583261,40.160484],[112.573933,40.15342],[112.574715,40.148891],[112.579004,40.147303],[112.571847,40.141134],[112.577993,40.133529],[112.575249,40.128673],[112.576737,40.123889],[112.583325,40.122499],[112.589096,40.11425],[112.578559,40.109803],[112.583149,40.100083],[112.600817,40.093531],[112.60632,40.094912],[112.615732,40.08905],[112.605253,40.083811],[112.604038,40.0784],[112.612077,40.069618],[112.616406,40.056834],[112.6266,40.052577],[112.630065,40.038206],[112.636084,40.033489],[112.637473,40.026167],[112.626207,40.000449],[112.610892,39.947716],[112.590077,39.919523],[112.597386,39.879656],[112.593419,39.85454],[112.58466,39.834991],[112.593533,39.815117],[112.61388,39.808459],[112.616103,39.800512],[112.612925,39.771983],[112.614523,39.759427],[112.633186,39.750413],[112.641814,39.739697],[112.626241,39.730439],[112.623056,39.717961],[112.616823,39.712248],[112.588846,39.728052],[112.542179,39.731983],[112.528524,39.74161],[112.511345,39.739878],[112.499026,39.73671],[112.492438,39.726853],[112.437707,39.710303],[112.435025,39.705168],[112.442967,39.691718],[112.40475,39.697069],[112.397475,39.704378],[112.390036,39.724752],[112.377145,39.721088],[112.370418,39.724065],[112.366121,39.731249],[112.368083,39.743471],[112.346929,39.74868],[112.322067,39.775767],[112.306929,39.78486],[112.306295,39.795385],[112.314385,39.809657],[112.311738,39.818958],[112.30251,39.823676],[112.266165,39.818246],[112.255384,39.833676],[112.247919,39.838681],[112.238275,39.840394],[112.225029,39.837392],[112.220237,39.842721],[112.225592,39.852773],[112.225367,39.86125],[112.203874,39.866194],[112.193006,39.873134],[112.182693,39.885595],[112.175202,39.905265],[112.15272,39.911541],[112.150064,39.915803],[112.149951,39.922444],[112.160437,39.936359],[112.162095,39.948107],[112.126245,39.957791],[112.121418,39.967926],[112.109404,39.976737]]]}},{"type":"Feature","properties":{"id":"cn:140681","name":"怀仁市","level":2},"geometry":{"type":"Polygon","coordinates":[[[112.764351,39.703787],[112.768022,39.713075],[112.811416,39.736912],[112.826877,39.754359],[112.826355,39.764199],[112.810618,39.78021],[112.810818,39.787774],[112.816764,39.793691],[112.863456,39.801074],[112.872276,39.809177],[112.870427,39.816226],[112.87521,39.821643],[112.905168,39.828237],[112.914626,39.838208],[112.927697,39.840864],[112.932106,39.860171],[112.947396,39.852053],[112.951729,39.852846],[112.960129,39.86804],[112.949806,39.882811],[112.935493,39.889444],[112.932822,39.911616],[112.937927,39.916173],[112.962372,39.908473],[112.996132,39.914029],[113.016173,39.91113],[113.036199,39.915292],[113.115645,39.90702],[113.134378,39.907824],[113.161383,39.915466],[113.203127,39.94413],[113.228579,39.957126],[113.235576,39.956773],[113.27899,39.947268],[113.298064,39.933204],[113.318191,39.9314],[113.345535,39.905332],[113.374033,39.904737],[113.380048,39.892254],[113.393253,39.888554],[113.43247,39.850857],[113.389651,39.836296],[113.366073,39.833201],[113.338223,39.805146],[113.326565,39.803931],[113.322208,39.800362],[113.332433,39.77614],[113.33952,39.767947],[113.386015,39.742352],[113.399587,39.729826],[113.397976,39.726476],[113.403623,39.720445],[113.403411,39.713501],[113.395292,39.704944],[113.397028,39.700545],[113.386748,39.695223],[113.389198,39.691687],[113.387254,39.690423],[113.383929,39.69597],[113.346308,39.698853],[113.326577,39.687771],[113.270632,39.688067],[113.246004,39.705955],[113.211194,39.724453],[113.182262,39.731888],[113.169588,39.729462],[113.142696,39.700503],[113.126272,39.695442],[113.0928,39.692409],[113.081862,39.684756],[113.070682,39.669991],[113.043043,39.669635],[113.036662,39.666237],[113.032096,39.656471],[113.006288,39.649053],[112.997722,39.630004],[112.98233,39.616931],[112.952999,39.611101],[112.943059,39.613779],[112.897955,39.612165],[112.878519,39.614542],[112.829195,39.653575],[112.800645,39.664824],[112.792163,39.673266],[112.785731,39.687966],[112.764351,39.703787]]]}},{"type":"Feature","properties":{"id":"cn:1407","name":"晋中市","level":1},"geometry":{"type":"Polygon","coordinates":[[[111.405727,36.826021],[111.407873,36.832955],[111.413941,36.833252],[111.414547,36.844612],[111.442798,36.844981],[111.448869,36.847962],[111.451515,36.857528],[111.458268,36.86491],[111.481428,36.869991],[111.486056,36.878487],[111.498738,36.8862],[111.52853,36.88798],[111.559129,36.910095],[111.578541,36.918604],[111.564096,36.92871],[111.55064,36.925069],[111.535154,36.931626],[111.533865,36.954182],[111.516415,36.970147],[111.505959,36.97312],[111.49222,36.990888],[111.525189,36.997999],[111.527541,36.996783],[111.525285,36.986392],[111.534763,36.977408],[111.539234,36.976779],[111.546543,36.982026],[111.55216,36.980677],[111.574165,36.966822],[111.611254,36.954179],[111.614848,36.943709],[111.62963,36.941768],[111.632529,36.955734],[111.639561,36.963936],[111.653025,36.963907],[111.659823,36.973271],[111.668019,36.968897],[111.67304,36.970008],[111.675665,36.976425],[111.674381,36.987732],[111.680603,36.992974],[111.694988,36.987517],[111.703667,36.995418],[111.728945,36.997202],[111.73404,37.00577],[111.753059,37.015053],[111.785221,37.022163],[111.814839,37.035374],[111.819949,37.03914],[111.818748,37.045449],[111.830006,37.044156],[111.83567,37.039028],[111.847505,37.039833],[111.873797,37.056893],[111.887078,37.074676],[111.887991,37.084265],[111.894944,37.093132],[111.917131,37.105992],[111.920786,37.111677],[111.928051,37.148678],[111.944856,37.177691],[111.940173,37.209028],[111.942429,37.215599],[111.952576,37.22181],[111.954068,37.226786],[111.94735,37.243175],[111.934709,37.246066],[111.935821,37.255003],[111.965998,37.253617],[111.971073,37.258722],[111.97487,37.271389],[111.979603,37.263251],[111.985005,37.271488],[111.990925,37.270959],[111.995186,37.266324],[112.007998,37.26752],[112.003208,37.277627],[112.004556,37.282054],[112.008325,37.282393],[112.015487,37.269961],[112.022458,37.269935],[112.02934,37.277106],[112.040519,37.280165],[112.043111,37.297873],[112.061845,37.316292],[112.07862,37.317893],[112.088341,37.314647],[112.088584,37.3057],[112.095919,37.297945],[112.112672,37.294082],[112.115035,37.273722],[112.133008,37.26575],[112.140959,37.271005],[112.148967,37.285137],[112.170833,37.307364],[112.192088,37.320289],[112.199734,37.333134],[112.213521,37.340125],[112.217713,37.352165],[112.249449,37.386385],[112.253224,37.393464],[112.252738,37.408574],[112.257408,37.420687],[112.280516,37.43685],[112.313511,37.443178],[112.320716,37.447601],[112.323598,37.458213],[112.34582,37.462397],[112.351862,37.483969],[112.383597,37.483235],[112.382079,37.470969],[112.388225,37.462067],[112.406757,37.463287],[112.414344,37.459081],[112.426172,37.45804],[112.428594,37.464206],[112.425554,37.464788],[112.426781,37.470149],[112.43013,37.469912],[112.435451,37.478084],[112.450677,37.476287],[112.459922,37.467008],[112.46723,37.467811],[112.473871,37.474456],[112.500546,37.477089],[112.503367,37.481764],[112.505589,37.509997],[112.535572,37.514346],[112.539678,37.517783],[112.584443,37.506347],[112.584617,37.516173],[112.587759,37.5205],[112.600441,37.524688],[112.617551,37.525427],[112.622046,37.533955],[112.609599,37.535665],[112.606952,37.545878],[112.600536,37.551581],[112.602394,37.576655],[112.591926,37.59876],[112.574122,37.603561],[112.576882,37.622817],[112.57242,37.628109],[112.581765,37.638816],[112.589847,37.639725],[112.59514,37.633599],[112.606068,37.634572],[112.61532,37.64341],[112.613023,37.653717],[112.60044,37.656295],[112.598288,37.665301],[112.605207,37.668308],[112.60671,37.676056],[112.62117,37.683678],[112.620919,37.691386],[112.614616,37.697175],[112.61687,37.704452],[112.624174,37.708017],[112.644191,37.709476],[112.647576,37.73021],[112.661292,37.739618],[112.661086,37.744309],[112.656013,37.746164],[112.657527,37.762218],[112.646074,37.7702],[112.645909,37.773595],[112.649471,37.774793],[112.647545,37.776863],[112.654219,37.775193],[112.658674,37.784645],[112.671378,37.78926],[112.677771,37.795121],[112.669025,37.815205],[112.675536,37.826051],[112.683566,37.831247],[112.686621,37.8405],[112.700379,37.841989],[112.699216,37.850565],[112.718799,37.85083],[112.728183,37.86043],[112.731135,37.87454],[112.744476,37.881033],[112.754242,37.879836],[112.777098,37.865929],[112.759017,37.912636],[112.771968,37.924224],[112.761691,37.938829],[112.788201,37.968825],[112.811161,37.982752],[112.809025,37.996272],[112.819276,38.003585],[112.823982,38.002995],[112.827211,37.997977],[112.841611,37.994679],[112.847818,37.988772],[112.877514,37.996337],[112.892045,37.991123],[112.914371,37.996184],[112.93246,37.99006],[112.951028,38.004743],[112.954483,38.013731],[112.961349,38.017807],[112.982642,38.001739],[112.994725,38.00282],[112.998164,38.006148],[112.99917,38.017225],[113.008874,38.019417],[113.011731,38.024933],[113.016158,38.02574],[113.01081,38.034499],[113.002,38.039352],[113.016436,38.049482],[113.044473,38.046534],[113.059994,38.055679],[113.090289,38.05541],[113.092953,38.064277],[113.10015,38.070192],[113.1256,38.081638],[113.136876,38.06738],[113.152006,38.055304],[113.181624,38.053854],[113.19126,38.057552],[113.205174,38.081416],[113.217812,38.089445],[113.241206,38.091119],[113.251701,38.087104],[113.256634,38.081083],[113.259699,38.070614],[113.251137,38.066354],[113.248619,38.057582],[113.256922,38.044994],[113.258553,38.032811],[113.278015,38.028157],[113.281991,38.023613],[113.288345,37.990862],[113.294942,37.986291],[113.316791,37.985788],[113.325046,37.982441],[113.334429,37.971351],[113.334932,37.961365],[113.319442,37.908117],[113.322423,37.893536],[113.325908,37.888495],[113.354619,37.873664],[113.362832,37.86639],[113.359993,37.853722],[113.364012,37.840148],[113.386868,37.821958],[113.391772,37.810379],[113.409984,37.786855],[113.434281,37.766889],[113.436971,37.743039],[113.446998,37.727019],[113.46172,37.71863],[113.474141,37.699363],[113.510713,37.696667],[113.526459,37.678221],[113.553985,37.675483],[113.615235,37.679766],[113.639801,37.663889],[113.657578,37.662105],[113.66451,37.662497],[113.672198,37.668534],[113.68819,37.670109],[113.691593,37.680577],[113.695659,37.683549],[113.715702,37.686582],[113.752758,37.682677],[113.760711,37.664179],[113.765937,37.662261],[113.792448,37.671367],[113.830346,37.675138],[113.857751,37.689691],[113.862885,37.70169],[113.880273,37.709083],[113.908931,37.703423],[113.973592,37.674552],[113.984972,37.678232],[113.990615,37.703801],[113.999716,37.703294],[114.00868,37.711614],[114.05518,37.721726],[114.072654,37.71512],[114.081769,37.707928],[114.114548,37.700408],[114.129939,37.689995],[114.132022,37.667682],[114.124696,37.647413],[114.109089,37.624514],[114.11684,37.600573],[114.114939,37.595507],[114.074963,37.543142],[114.065865,37.514031],[114.061008,37.510031],[114.048965,37.510441],[114.030389,37.493432],[114.021943,37.473831],[114.016353,37.434748],[114.008193,37.423909],[113.989083,37.420483],[113.968723,37.408488],[113.958263,37.378545],[113.953671,37.348471],[113.945641,37.341896],[113.936891,37.339795],[113.922329,37.346951],[113.913604,37.33989],[113.915043,37.330251],[113.903836,37.321918],[113.896041,37.30953],[113.895398,37.287616],[113.880728,37.259513],[113.880277,37.238736],[113.846865,37.214639],[113.830312,37.189036],[113.829835,37.175204],[113.825642,37.167075],[113.813507,37.167165],[113.797031,37.158211],[113.766727,37.151362],[113.760929,37.144093],[113.767092,37.106446],[113.75171,37.075169],[113.762335,37.062053],[113.781841,37.059362],[113.783785,37.042504],[113.769227,37.025486],[113.765469,37.016389],[113.772336,37.006893],[113.78506,36.999805],[113.788568,36.994588],[113.785374,36.987283],[113.776163,36.98013],[113.771076,36.968155],[113.757178,36.960556],[113.755252,36.955664],[113.767486,36.931332],[113.778468,36.933041],[113.778424,36.926642],[113.772427,36.918346],[113.786467,36.894397],[113.787639,36.881784],[113.784774,36.874675],[113.777631,36.868413],[113.765927,36.870803],[113.763908,36.865256],[113.768253,36.86052],[113.766542,36.854815],[113.764027,36.854622],[113.759876,36.862982],[113.752188,36.862771],[113.747011,36.852298],[113.737421,36.850267],[113.731827,36.857188],[113.725504,36.858783],[113.726266,36.871421],[113.722718,36.88198],[113.712136,36.880358],[113.70412,36.88704],[113.690547,36.882005],[113.683611,36.869063],[113.669939,36.855422],[113.668325,36.845174],[113.677752,36.824553],[113.667561,36.807318],[113.674609,36.789943],[113.649462,36.785564],[113.593699,36.75283],[113.576077,36.757852],[113.562865,36.758026],[113.542969,36.752171],[113.537137,36.744202],[113.5154,36.75425],[113.503951,36.76951],[113.488733,36.806876],[113.478421,36.816468],[113.455096,36.825738],[113.42277,36.853243],[113.392232,36.862522],[113.371581,36.878402],[113.364719,36.875806],[113.354396,36.877645],[113.366206,36.90559],[113.358744,36.911302],[113.361459,36.917313],[113.352084,36.921993],[113.324506,36.947141],[113.315781,36.947773],[113.314405,36.949882],[113.318561,36.953738],[113.305288,36.976086],[113.297997,36.979346],[113.287607,36.976993],[113.273894,36.955518],[113.264785,36.954835],[113.257766,36.948771],[113.255127,36.94147],[113.246291,36.947372],[113.227999,36.93498],[113.225596,36.929847],[113.219478,36.933171],[113.217133,36.944269],[113.208071,36.946261],[113.204495,36.927469],[113.191874,36.925928],[113.174129,36.929994],[113.167369,36.955063],[113.161608,36.945618],[113.150307,36.952059],[113.147261,36.950073],[113.145275,36.932152],[113.149403,36.921489],[113.146518,36.91848],[113.14255,36.923282],[113.131955,36.926533],[113.119271,36.92454],[113.102518,36.926698],[113.09769,36.919268],[113.091989,36.917943],[113.076598,36.92],[113.061086,36.927968],[113.033629,36.925521],[113.002344,36.930144],[112.952909,36.899745],[112.914497,36.864247],[112.898861,36.863239],[112.885996,36.867828],[112.891373,36.874863],[112.888709,36.880206],[112.884968,36.886104],[112.871704,36.893829],[112.868535,36.899676],[112.875514,36.915879],[112.87633,36.931282],[112.875653,36.936434],[112.865749,36.947537],[112.873353,36.969924],[112.864811,36.984364],[112.842216,36.989503],[112.822615,37.007294],[112.814569,37.009438],[112.787955,37.006856],[112.78121,37.010029],[112.77615,37.014894],[112.772269,37.029817],[112.761271,37.037542],[112.756305,37.047017],[112.752556,37.048988],[112.739214,37.046536],[112.732392,37.049252],[112.733199,37.070663],[112.710456,37.09496],[112.676229,37.099757],[112.655344,37.115091],[112.640396,37.121554],[112.631447,37.11753],[112.631291,37.106459],[112.608261,37.102809],[112.587609,37.079435],[112.55008,37.088776],[112.53608,37.089089],[112.529984,37.105401],[112.512078,37.108403],[112.515053,37.119867],[112.512413,37.123045],[112.488322,37.124527],[112.463724,37.115705],[112.439882,37.116239],[112.440763,37.108187],[112.445668,37.104043],[112.472629,37.098826],[112.4792,37.094303],[112.482863,37.069255],[112.479703,37.048986],[112.491431,37.042141],[112.498583,37.033638],[112.505927,37.014259],[112.502663,37.001394],[112.506847,36.994314],[112.532419,36.991741],[112.541117,36.986095],[112.544833,36.973746],[112.542376,36.966575],[112.536534,36.959952],[112.52182,36.953681],[112.504113,36.950682],[112.475988,36.961559],[112.447846,36.94172],[112.432168,36.936681],[112.415897,36.9377],[112.392945,36.95063],[112.353683,36.956021],[112.344005,36.95274],[112.333098,36.935075],[112.325412,36.93365],[112.312529,36.950026],[112.289048,36.963447],[112.272677,36.978299],[112.242294,36.983552],[112.230828,36.990113],[112.226965,36.99346],[112.220593,37.012032],[112.209422,37.016719],[112.169864,37.011915],[112.157616,36.998221],[112.13568,36.989158],[112.131366,36.981511],[112.119222,36.984984],[112.094204,36.976798],[112.054795,36.97494],[112.056183,36.961889],[112.079509,36.938682],[112.078233,36.925591],[112.067816,36.918169],[112.061809,36.907844],[112.077416,36.893547],[112.06996,36.883122],[112.061253,36.880421],[112.044812,36.880018],[112.02963,36.886884],[112.022407,36.886589],[112.012521,36.878616],[112.018163,36.867062],[112.008666,36.846785],[112.002928,36.842357],[112.005272,36.838459],[112.003484,36.822839],[112.001254,36.819045],[111.981955,36.810397],[111.978622,36.803323],[111.978748,36.788927],[111.984483,36.782194],[111.979528,36.765229],[111.987801,36.764767],[112.001585,36.743876],[111.991142,36.730562],[111.989012,36.683381],[111.975532,36.67694],[111.943761,36.698863],[111.921894,36.706989],[111.908865,36.706042],[111.869562,36.713193],[111.858613,36.707838],[111.851443,36.709503],[111.849377,36.700089],[111.832974,36.695779],[111.830886,36.696428],[111.832816,36.70128],[111.838413,36.705427],[111.836422,36.711626],[111.82689,36.71217],[111.820065,36.707592],[111.81218,36.712673],[111.780246,36.703017],[111.748735,36.71862],[111.711904,36.711137],[111.665957,36.695347],[111.664542,36.689006],[111.66883,36.680312],[111.680747,36.672201],[111.682375,36.668002],[111.676554,36.654732],[111.667258,36.650078],[111.662242,36.651197],[111.616816,36.687778],[111.597449,36.695404],[111.559684,36.722789],[111.5353,36.754121],[111.53195,36.768236],[111.53583,36.773913],[111.543165,36.775149],[111.545344,36.778661],[111.536104,36.788114],[111.530913,36.78805],[111.530973,36.78486],[111.526893,36.783805],[111.519408,36.791113],[111.51479,36.791024],[111.510716,36.780631],[111.506956,36.77862],[111.505479,36.790165],[111.500182,36.794877],[111.497391,36.803535],[111.49385,36.803922],[111.483954,36.778908],[111.469805,36.771542],[111.455464,36.771574],[111.428225,36.785345],[111.408155,36.803604],[111.405727,36.826021]]]}},{"type":"Feature","properties":{"id":"cn:140702","name":"榆次区","level":2},"geometry":{"type":"Polygon","coordinates":[[[112.57242,37.628109],[112.584134,37.639583],[112.589847,37.639725],[112.596254,37.63346],[112.606068,37.634572],[112.609338,37.639863],[112.613999,37.640974],[112.61511,37.650931],[112.610102,37.655112],[112.60044,37.656295],[112.598288,37.665301],[112.605207,37.668308],[112.60671,37.676056],[112.62117,37.683678],[112.620919,37.691386],[112.614616,37.697175],[112.61687,37.704452],[112.624174,37.708017],[112.644191,37.709476],[112.647576,37.73021],[112.661292,37.739618],[112.661086,37.744309],[112.656013,37.746164],[112.657527,37.762218],[112.646074,37.7702],[112.645909,37.773595],[112.649471,37.774793],[112.647545,37.776863],[112.654219,37.775193],[112.658674,37.784645],[112.677525,37.794756],[112.669025,37.815205],[112.675536,37.826051],[112.683566,37.831247],[112.686621,37.8405],[112.700379,37.841989],[112.699216,37.850565],[112.718799,37.85083],[112.728183,37.86043],[112.731135,37.87454],[112.745865,37.881237],[112.754242,37.879836],[112.775075,37.865634],[112.777366,37.869931],[112.773339,37.877395],[112.789588,37.872222],[112.799867,37.87312],[112.810039,37.86571],[112.817704,37.864917],[112.831315,37.865355],[112.85738,37.876073],[112.871098,37.867063],[112.876141,37.867055],[112.882833,37.874543],[112.89784,37.872625],[112.896687,37.86313],[112.901715,37.853222],[112.895261,37.842328],[112.897649,37.837533],[112.901181,37.83952],[112.905836,37.828617],[112.909109,37.827816],[112.919591,37.835897],[112.933095,37.835872],[112.945317,37.828953],[112.937986,37.821964],[112.934797,37.805681],[112.927213,37.798788],[112.918638,37.795998],[112.911848,37.808007],[112.90592,37.807115],[112.900739,37.80172],[112.903494,37.79182],[112.913565,37.780407],[112.912519,37.765111],[112.922453,37.754001],[112.924201,37.74579],[112.929724,37.739289],[112.92121,37.727372],[112.903658,37.719022],[112.901688,37.712078],[112.908172,37.698292],[112.942824,37.659238],[112.979933,37.646169],[112.998492,37.633443],[113.003856,37.624198],[112.997589,37.616212],[113.025114,37.609259],[113.044385,37.611451],[113.063317,37.608586],[113.086737,37.57833],[113.094428,37.574662],[113.104246,37.56257],[113.100401,37.539979],[113.067518,37.502514],[113.06751,37.49678],[113.077857,37.479432],[113.072224,37.458391],[113.072727,37.447852],[113.086441,37.426246],[113.084714,37.414041],[113.062657,37.39869],[113.039967,37.39685],[112.98441,37.442065],[112.972303,37.444821],[112.960038,37.452647],[112.94588,37.469424],[112.93035,37.473275],[112.911782,37.469477],[112.890863,37.483722],[112.851732,37.492333],[112.82207,37.507894],[112.79431,37.508593],[112.791701,37.5225],[112.801681,37.525821],[112.800919,37.528923],[112.790299,37.529608],[112.787128,37.535306],[112.77546,37.534781],[112.769908,37.538899],[112.768856,37.54566],[112.74971,37.555308],[112.732505,37.558173],[112.723069,37.556254],[112.709129,37.541111],[112.705283,37.531805],[112.708356,37.517223],[112.706195,37.508893],[112.686535,37.506821],[112.672149,37.510175],[112.669816,37.512659],[112.671441,37.523281],[112.6607,37.522381],[112.660487,37.526064],[112.654975,37.526217],[112.654763,37.528625],[112.633556,37.52696],[112.628324,37.517828],[112.619269,37.514863],[112.619552,37.509904],[112.616439,37.508348],[112.611626,37.511256],[112.610636,37.507857],[112.615237,37.506862],[112.612477,37.500134],[112.584443,37.506347],[112.584617,37.516173],[112.587759,37.5205],[112.600441,37.524688],[112.617551,37.525427],[112.622046,37.533955],[112.609599,37.535665],[112.606952,37.545878],[112.600536,37.551581],[112.601509,37.579415],[112.589724,37.601421],[112.574122,37.603561],[112.576882,37.622817],[112.57242,37.628109]]]}},{"type":"Feature","properties":{"id":"cn:140703","name":"太谷区","level":2},"geometry":{"type":"Polygon","coordinates":[[[112.469752,37.360465],[112.480658,37.378745],[112.475364,37.387781],[112.477881,37.392815],[112.485052,37.395205],[112.489495,37.40073],[112.485563,37.437507],[112.48743,37.44334],[112.494061,37.448171],[112.49598,37.470423],[112.502941,37.471921],[112.497377,37.476434],[112.503367,37.481764],[112.505589,37.509997],[112.535572,37.514346],[112.539678,37.517783],[112.612477,37.500134],[112.615237,37.506862],[112.610636,37.507857],[112.611626,37.511256],[112.616439,37.508348],[112.619552,37.509904],[112.619269,37.514863],[112.628324,37.517828],[112.633556,37.52696],[112.654763,37.528625],[112.654975,37.526217],[112.660487,37.526064],[112.6607,37.522381],[112.671441,37.523281],[112.669816,37.512659],[112.672149,37.510175],[112.686535,37.506821],[112.706195,37.508893],[112.708356,37.517223],[112.705283,37.531805],[112.709129,37.541111],[112.723069,37.556254],[112.732505,37.558173],[112.76096,37.550169],[112.768856,37.54566],[112.769908,37.538899],[112.77546,37.534781],[112.787128,37.535306],[112.790299,37.529608],[112.800919,37.528923],[112.801681,37.525821],[112.791701,37.5225],[112.79431,37.508593],[112.82207,37.507894],[112.851732,37.492333],[112.890863,37.483722],[112.911782,37.469477],[112.93035,37.473275],[112.94588,37.469424],[112.960038,37.452647],[112.972303,37.444821],[112.98441,37.442065],[113.010801,37.421647],[113.039967,37.39685],[113.040792,37.391833],[113.020349,37.373083],[113.008196,37.368122],[112.961026,37.360231],[112.952024,37.355592],[112.938301,37.341625],[112.919899,37.340818],[112.889725,37.344902],[112.874622,37.330198],[112.868736,37.303857],[112.849413,37.275945],[112.839492,37.278601],[112.833745,37.289655],[112.825116,37.295111],[112.753581,37.280606],[112.739007,37.273012],[112.706322,37.280311],[112.700942,37.277265],[112.702706,37.270894],[112.654676,37.267451],[112.656146,37.260639],[112.669446,37.244181],[112.669744,37.221314],[112.660385,37.212106],[112.642237,37.219284],[112.631151,37.243686],[112.616829,37.253286],[112.618765,37.270786],[112.58844,37.293547],[112.584411,37.303917],[112.576766,37.306515],[112.566219,37.30522],[112.560861,37.297631],[112.554246,37.295899],[112.543033,37.304293],[112.517604,37.310726],[112.51756,37.321116],[112.508607,37.331056],[112.508565,37.342443],[112.501185,37.34566],[112.49985,37.355917],[112.489918,37.350062],[112.469752,37.360465]]]}},{"type":"Feature","properties":{"id":"cn:140721","name":"榆社县","level":2},"geometry":{"type":"Polygon","coordinates":[[[112.646316,37.121007],[112.663117,37.14241],[112.683076,37.152357],[112.679933,37.165846],[112.672937,37.174328],[112.676934,37.186222],[112.671059,37.19998],[112.664376,37.203063],[112.660385,37.212106],[112.669744,37.221314],[112.669446,37.244181],[112.656146,37.260639],[112.654676,37.267451],[112.702706,37.270894],[112.700942,37.277265],[112.706322,37.280311],[112.739007,37.273012],[112.753581,37.280606],[112.825116,37.295111],[112.833745,37.289655],[112.839492,37.278601],[112.849413,37.275945],[112.868736,37.303857],[112.874622,37.330198],[112.889725,37.344902],[112.919899,37.340818],[112.938301,37.341625],[112.952024,37.355592],[112.961026,37.360231],[113.008196,37.368122],[113.020349,37.373083],[113.040792,37.391833],[113.039967,37.39685],[113.062657,37.39869],[113.069585,37.392709],[113.074732,37.381398],[113.073687,37.370064],[113.062091,37.356781],[113.061565,37.351376],[113.068827,37.349762],[113.077502,37.355437],[113.086806,37.351485],[113.107639,37.349818],[113.115591,37.346159],[113.133628,37.323988],[113.135373,37.311197],[113.113515,37.292196],[113.135165,37.260273],[113.137639,37.250256],[113.134123,37.226983],[113.1175,37.213412],[113.122048,37.202309],[113.116953,37.194358],[113.100061,37.180547],[113.097561,37.172444],[113.101788,37.162023],[113.135537,37.14721],[113.142422,37.141219],[113.129766,37.129141],[113.138082,37.117234],[113.138628,37.105555],[113.127951,37.10042],[113.120807,37.087361],[113.124732,37.078222],[113.13387,37.070849],[113.151838,37.069096],[113.154745,37.052866],[113.16197,37.048839],[113.163434,37.042833],[113.15473,37.027246],[113.155691,37.019929],[113.182006,37.016648],[113.174453,37.004588],[113.174615,36.99018],[113.191069,36.990381],[113.201865,36.972339],[113.208071,36.946261],[113.204495,36.927469],[113.191874,36.925928],[113.174129,36.929994],[113.167369,36.955063],[113.161608,36.945618],[113.150307,36.952059],[113.147261,36.950073],[113.145275,36.932152],[113.149403,36.921489],[113.146518,36.91848],[113.14255,36.923282],[113.131955,36.926533],[113.119271,36.92454],[113.102518,36.926698],[113.09769,36.919268],[113.091989,36.917943],[113.076598,36.92],[113.061086,36.927968],[113.033629,36.925521],[113.002344,36.930144],[112.952909,36.899745],[112.914497,36.864247],[112.898861,36.863239],[112.885996,36.867828],[112.891373,36.874863],[112.888709,36.880206],[112.884968,36.886104],[112.871704,36.893829],[112.868535,36.899676],[112.875514,36.915879],[112.87633,36.931282],[112.875653,36.936434],[112.865749,36.947537],[112.873353,36.969924],[112.864811,36.984364],[112.842216,36.989503],[112.822615,37.007294],[112.814569,37.009438],[112.787955,37.006856],[112.78121,37.010029],[112.77615,37.014894],[112.772269,37.029817],[112.761271,37.037542],[112.756305,37.047017],[112.752556,37.048988],[112.739214,37.046536],[112.732392,37.049252],[112.733199,37.070663],[112.717704,37.089201],[112.70221,37.097804],[112.676229,37.099757],[112.646316,37.121007]]]}},{"type":"Feature","properties":{"id":"cn:140722","name":"左权县","level":2},"geometry":{"type":"Polygon","coordinates":[[[113.097561,37.172444],[113.100061,37.180547],[113.116953,37.194358],[113.122048,37.202309],[113.157804,37.193975],[113.188694,37.19559],[113.202923,37.211862],[113.213811,37.21162],[113.231755,37.220355],[113.258821,37.226459],[113.262238,37.231754],[113.274171,37.237705],[113.290803,37.23704],[113.326469,37.268807],[113.338248,37.275786],[113.350392,37.274754],[113.369281,37.250743],[113.400348,37.230959],[113.419481,37.227588],[113.450747,37.229584],[113.463734,37.221915],[113.493864,37.223412],[113.51349,37.208112],[113.543794,37.198364],[113.567162,37.203564],[113.587691,37.172452],[113.599706,37.138364],[113.613889,37.121076],[113.624679,37.117222],[113.645096,37.116601],[113.665226,37.123303],[113.705235,37.099089],[113.718177,37.081268],[113.728967,37.071701],[113.73237,37.07293],[113.736189,37.062934],[113.75171,37.075169],[113.762335,37.062053],[113.781841,37.059362],[113.783785,37.042504],[113.769227,37.025486],[113.765469,37.016389],[113.772336,37.006893],[113.78506,36.999805],[113.788568,36.994588],[113.785374,36.987283],[113.776163,36.98013],[113.771076,36.968155],[113.757178,36.960556],[113.755252,36.955664],[113.767486,36.931332],[113.778468,36.933041],[113.778424,36.926642],[113.772427,36.918346],[113.786467,36.894397],[113.787639,36.881784],[113.784774,36.874675],[113.777631,36.868413],[113.765927,36.870803],[113.763908,36.865256],[113.768253,36.86052],[113.766542,36.854815],[113.764027,36.854622],[113.759876,36.862982],[113.752188,36.862771],[113.747011,36.852298],[113.737421,36.850267],[113.731827,36.857188],[113.725504,36.858783],[113.726266,36.871421],[113.722718,36.88198],[113.712136,36.880358],[113.70412,36.88704],[113.69619,36.8849],[113.690547,36.882005],[113.683611,36.869063],[113.669939,36.855422],[113.668325,36.845174],[113.677752,36.824553],[113.667561,36.807318],[113.674609,36.789943],[113.649462,36.785564],[113.593699,36.75283],[113.576077,36.757852],[113.562865,36.758026],[113.542969,36.752171],[113.537137,36.744202],[113.520886,36.750695],[113.503951,36.76951],[113.488733,36.806876],[113.478421,36.816468],[113.455096,36.825738],[113.42277,36.853243],[113.392232,36.862522],[113.371581,36.878402],[113.364719,36.875806],[113.354396,36.877645],[113.366206,36.90559],[113.358744,36.911302],[113.361459,36.917313],[113.352084,36.921993],[113.324506,36.947141],[113.315781,36.947773],[113.314405,36.949882],[113.318561,36.953738],[113.305288,36.976086],[113.297997,36.979346],[113.287607,36.976993],[113.273894,36.955518],[113.264785,36.954835],[113.257766,36.948771],[113.255127,36.94147],[113.246291,36.947372],[113.227999,36.93498],[113.227215,36.930471],[113.221192,36.93088],[113.217133,36.944269],[113.208071,36.946261],[113.201865,36.972339],[113.192195,36.989252],[113.174615,36.99018],[113.174453,37.004588],[113.182006,37.016648],[113.154326,37.021637],[113.163434,37.042833],[113.16197,37.048839],[113.154745,37.052866],[113.151838,37.069096],[113.13387,37.070849],[113.121813,37.084184],[113.122769,37.094527],[113.138628,37.105555],[113.138082,37.117234],[113.129766,37.129141],[113.142422,37.141219],[113.135537,37.14721],[113.101788,37.162023],[113.097561,37.172444]]]}},{"type":"Feature","properties":{"id":"cn:140723","name":"和顺县","level":2},"geometry":{"type":"Polygon","coordinates":[[[113.060946,37.353278],[113.073687,37.370064],[113.074732,37.381398],[113.069585,37.392709],[113.062657,37.39869],[113.080036,37.409311],[113.086997,37.420535],[113.086441,37.426246],[113.072727,37.447852],[113.072224,37.458391],[113.077857,37.479432],[113.06751,37.49678],[113.067518,37.502514],[113.100401,37.539979],[113.123151,37.541576],[113.15224,37.562165],[113.165182,37.563464],[113.175807,37.558732],[113.187344,37.559301],[113.198793,37.561696],[113.212161,37.572634],[113.222526,37.573398],[113.244192,37.567369],[113.274159,37.5758],[113.285167,37.575197],[113.309638,37.564419],[113.328265,37.581],[113.348395,37.5834],[113.347779,37.564572],[113.333196,37.534811],[113.332737,37.525622],[113.334602,37.516042],[113.348387,37.491429],[113.353048,37.464037],[113.362493,37.452835],[113.379263,37.451924],[113.441798,37.460513],[113.510036,37.457301],[113.515887,37.462275],[113.512318,37.47181],[113.519324,37.490573],[113.535955,37.500183],[113.565157,37.499345],[113.583247,37.494766],[113.595104,37.486819],[113.59263,37.462678],[113.594349,37.455843],[113.605182,37.444657],[113.635747,37.452318],[113.661892,37.447704],[113.67007,37.45273],[113.678698,37.453403],[113.683933,37.452388],[113.703464,37.42513],[113.724653,37.428862],[113.733368,37.427248],[113.736926,37.424579],[113.733872,37.414184],[113.743924,37.400442],[113.742022,37.389852],[113.762386,37.377278],[113.774279,37.352803],[113.781397,37.347469],[113.837908,37.330711],[113.84914,37.33075],[113.860781,37.350976],[113.872151,37.363568],[113.876919,37.375657],[113.890884,37.383238],[113.89769,37.381131],[113.897226,37.367214],[113.918101,37.358069],[113.930477,37.343424],[113.922329,37.346951],[113.915873,37.342502],[113.913285,37.338183],[113.915043,37.330251],[113.898098,37.315104],[113.892863,37.279088],[113.880728,37.259513],[113.880277,37.238736],[113.846865,37.214639],[113.830312,37.189036],[113.829835,37.175204],[113.825642,37.167075],[113.813507,37.167165],[113.797031,37.158211],[113.766727,37.151362],[113.760929,37.144093],[113.767092,37.106446],[113.75171,37.075169],[113.736189,37.062934],[113.73237,37.07293],[113.728967,37.071701],[113.718177,37.081268],[113.705235,37.099089],[113.673421,37.11938],[113.665226,37.123303],[113.645096,37.116601],[113.634766,37.116332],[113.624679,37.117222],[113.608568,37.125066],[113.599706,37.138364],[113.587691,37.172452],[113.567162,37.203564],[113.543794,37.198364],[113.51349,37.208112],[113.493864,37.223412],[113.463734,37.221915],[113.450747,37.229584],[113.419481,37.227588],[113.400348,37.230959],[113.369281,37.250743],[113.350392,37.274754],[113.33258,37.273794],[113.290803,37.23704],[113.274171,37.237705],[113.262238,37.231754],[113.258821,37.226459],[113.231755,37.220355],[113.213811,37.21162],[113.202923,37.211862],[113.188694,37.19559],[113.157804,37.193975],[113.122048,37.202309],[113.1175,37.213412],[113.134123,37.226983],[113.137639,37.250256],[113.135165,37.260273],[113.113515,37.292196],[113.135373,37.311197],[113.133628,37.323988],[113.115591,37.346159],[113.107639,37.349818],[113.086806,37.351485],[113.077502,37.355437],[113.064189,37.349265],[113.060946,37.353278]]]}},{"type":"Feature","properties":{"id":"cn:140724","name":"昔阳县","level":2},"geometry":{"type":"Polygon","coordinates":[[[113.32902,37.637244],[113.333105,37.65581],[113.347894,37.671699],[113.364243,37.681339],[113.388027,37.712367],[113.445924,37.711359],[113.446998,37.727019],[113.46172,37.71863],[113.474141,37.699363],[113.510713,37.696667],[113.526459,37.678221],[113.553985,37.675483],[113.615235,37.679766],[113.632171,37.667201],[113.644314,37.662973],[113.66451,37.662497],[113.672198,37.668534],[113.690601,37.671692],[113.690052,37.677791],[113.695659,37.683549],[113.723759,37.687114],[113.752758,37.682677],[113.760711,37.664179],[113.765937,37.662261],[113.792448,37.671367],[113.830346,37.675138],[113.857751,37.689691],[113.862885,37.70169],[113.880273,37.709083],[113.908931,37.703423],[113.973592,37.674552],[113.984972,37.678232],[113.990615,37.703801],[113.999716,37.703294],[114.00868,37.711614],[114.05518,37.721726],[114.072654,37.71512],[114.081769,37.707928],[114.121832,37.697309],[114.129939,37.689995],[114.133298,37.67503],[114.124696,37.647413],[114.109089,37.624514],[114.11684,37.600573],[114.111901,37.589735],[114.074963,37.543142],[114.065865,37.514031],[114.061008,37.510031],[114.048965,37.510441],[114.030389,37.493432],[114.021943,37.473831],[114.019,37.440572],[114.008193,37.423909],[113.989083,37.420483],[113.968723,37.408488],[113.958263,37.378545],[113.953671,37.348471],[113.945641,37.341896],[113.936891,37.339795],[113.918101,37.358069],[113.897226,37.367214],[113.89769,37.381131],[113.890884,37.383238],[113.876919,37.375657],[113.856562,37.340329],[113.84914,37.33075],[113.844851,37.32973],[113.798333,37.341462],[113.774279,37.352803],[113.762386,37.377278],[113.742022,37.389852],[113.743924,37.400442],[113.733872,37.414184],[113.736926,37.424579],[113.724653,37.428862],[113.703464,37.42513],[113.683933,37.452388],[113.67007,37.45273],[113.661892,37.447704],[113.635747,37.452318],[113.605182,37.444657],[113.594349,37.455843],[113.59263,37.462678],[113.595104,37.486819],[113.575634,37.497093],[113.535955,37.500183],[113.519324,37.490573],[113.512318,37.47181],[113.515887,37.462275],[113.510036,37.457301],[113.441798,37.460513],[113.379263,37.451924],[113.362493,37.452835],[113.353048,37.464037],[113.348387,37.491429],[113.334602,37.516042],[113.332737,37.525622],[113.333196,37.534811],[113.347779,37.564572],[113.348933,37.590982],[113.343144,37.610774],[113.342647,37.62507],[113.32902,37.637244]]]}},{"type":"Feature","properties":{"id":"cn:140725","name":"寿阳县","level":2},"geometry":{"type":"Polygon","coordinates":[[[112.759017,37.912636],[112.771968,37.924224],[112.761691,37.938829],[112.788201,37.968825],[112.811161,37.982752],[112.809025,37.996272],[112.819276,38.003585],[112.823982,38.002995],[112.827211,37.997977],[112.841611,37.994679],[112.847818,37.988772],[112.877514,37.996337],[112.892045,37.991123],[112.914371,37.996184],[112.93246,37.99006],[112.951028,38.004743],[112.959292,38.017516],[112.968954,38.014573],[112.982642,38.001739],[112.994725,38.00282],[112.998164,38.006148],[112.99917,38.017225],[113.008874,38.019417],[113.011731,38.024933],[113.016158,38.02574],[113.01081,38.034499],[113.002,38.039352],[113.016436,38.049482],[113.044473,38.046534],[113.059994,38.055679],[113.090289,38.05541],[113.092953,38.064277],[113.10015,38.070192],[113.1256,38.081638],[113.136876,38.06738],[113.152006,38.055304],[113.181624,38.053854],[113.19126,38.057552],[113.205174,38.081416],[113.217812,38.089445],[113.232005,38.09224],[113.247118,38.089631],[113.254569,38.084751],[113.259986,38.072441],[113.251137,38.066354],[113.248619,38.057582],[113.256922,38.044994],[113.258553,38.032811],[113.278015,38.028157],[113.281991,38.023613],[113.288345,37.990862],[113.294942,37.986291],[113.316791,37.985788],[113.325046,37.982441],[113.334429,37.971351],[113.334932,37.961365],[113.319442,37.908117],[113.322423,37.893536],[113.325908,37.888495],[113.359377,37.870426],[113.362832,37.86639],[113.359993,37.853722],[113.36567,37.837675],[113.386868,37.821958],[113.391772,37.810379],[113.409984,37.786855],[113.434281,37.766889],[113.436971,37.743039],[113.446998,37.727019],[113.445924,37.711359],[113.388027,37.712367],[113.364243,37.681339],[113.347894,37.671699],[113.333105,37.65581],[113.32902,37.637244],[113.342647,37.62507],[113.348395,37.5834],[113.328265,37.581],[113.309638,37.564419],[113.285167,37.575197],[113.274159,37.5758],[113.244192,37.567369],[113.222526,37.573398],[113.212161,37.572634],[113.198793,37.561696],[113.187344,37.559301],[113.175807,37.558732],[113.165182,37.563464],[113.15224,37.562165],[113.123151,37.541576],[113.100401,37.539979],[113.104246,37.56257],[113.094428,37.574662],[113.086737,37.57833],[113.063317,37.608586],[113.044385,37.611451],[113.025114,37.609259],[112.997589,37.616212],[113.003856,37.624198],[112.998492,37.633443],[112.979933,37.646169],[112.942824,37.659238],[112.908172,37.698292],[112.901688,37.712078],[112.903658,37.719022],[112.92121,37.727372],[112.929724,37.739289],[112.924201,37.74579],[112.922453,37.754001],[112.912519,37.765111],[112.913565,37.780407],[112.903494,37.79182],[112.900739,37.80172],[112.90592,37.807115],[112.911848,37.808007],[112.918638,37.795998],[112.927213,37.798788],[112.934797,37.805681],[112.937986,37.821964],[112.944425,37.827257],[112.944181,37.830457],[112.933095,37.835872],[112.919591,37.835897],[112.906843,37.827718],[112.901181,37.83952],[112.897649,37.837533],[112.895513,37.841134],[112.896153,37.847628],[112.901845,37.854826],[112.896687,37.86313],[112.898725,37.871728],[112.895444,37.87343],[112.882833,37.874543],[112.876141,37.867055],[112.871098,37.867063],[112.85738,37.876073],[112.831315,37.865355],[112.817704,37.864917],[112.810039,37.86571],[112.799867,37.87312],[112.789588,37.872222],[112.773339,37.877395],[112.763704,37.895529],[112.763425,37.905434],[112.759017,37.912636]]]}},{"type":"Feature","properties":{"id":"cn:140727","name":"祁县","level":2},"geometry":{"type":"Polygon","coordinates":[[[112.21418,37.340975],[112.217713,37.352165],[112.249449,37.386385],[112.253224,37.393464],[112.252738,37.408574],[112.257408,37.420687],[112.280516,37.43685],[112.313511,37.443178],[112.320716,37.447601],[112.323598,37.458213],[112.34582,37.462397],[112.352383,37.484233],[112.383597,37.483235],[112.382079,37.470969],[112.388225,37.462067],[112.406757,37.463287],[112.419115,37.45824],[112.426789,37.458514],[112.426781,37.470149],[112.43013,37.469912],[112.435451,37.478084],[112.450677,37.476287],[112.459922,37.467008],[112.46723,37.467811],[112.473871,37.474456],[112.497377,37.476434],[112.502941,37.471921],[112.49598,37.470423],[112.494061,37.448171],[112.48743,37.44334],[112.485563,37.437507],[112.489495,37.40073],[112.485052,37.395205],[112.477881,37.392815],[112.475364,37.387781],[112.480658,37.378745],[112.469752,37.360465],[112.489918,37.350062],[112.49985,37.355917],[112.501185,37.34566],[112.508565,37.342443],[112.508607,37.331056],[112.51756,37.321116],[112.517604,37.310726],[112.543033,37.304293],[112.554246,37.295899],[112.560861,37.297631],[112.566219,37.30522],[112.581397,37.305714],[112.58844,37.293547],[112.618765,37.270786],[112.616829,37.253286],[112.631151,37.243686],[112.642237,37.219284],[112.660385,37.212106],[112.664376,37.203063],[112.671059,37.19998],[112.677186,37.184724],[112.672937,37.174328],[112.679933,37.165846],[112.683076,37.152357],[112.663117,37.14241],[112.647566,37.124487],[112.647071,37.119783],[112.634432,37.12026],[112.631447,37.11753],[112.631291,37.106459],[112.608261,37.102809],[112.587609,37.079435],[112.55008,37.088776],[112.53608,37.089089],[112.529984,37.105401],[112.512078,37.108403],[112.515053,37.119867],[112.512413,37.123045],[112.488322,37.124527],[112.463724,37.115705],[112.439882,37.116239],[112.444973,37.127279],[112.442424,37.133177],[112.445573,37.13728],[112.442922,37.141428],[112.45046,37.148499],[112.45284,37.159096],[112.442542,37.168022],[112.435884,37.179026],[112.422031,37.185185],[112.418604,37.194926],[112.409837,37.202412],[112.406686,37.217439],[112.388226,37.227067],[112.383079,37.232877],[112.376647,37.242581],[112.379151,37.251315],[112.352814,37.258846],[112.337042,37.267904],[112.330932,37.28902],[112.326236,37.295499],[112.30976,37.30155],[112.27713,37.302861],[112.266223,37.305801],[112.264076,37.310387],[112.258328,37.310228],[112.255394,37.314901],[112.268258,37.326394],[112.268345,37.32984],[112.258103,37.337488],[112.21418,37.340975]]]}},{"type":"Feature","properties":{"id":"cn:140728","name":"平遥县","level":2},"geometry":{"type":"Polygon","coordinates":[[[111.934709,37.246066],[111.937545,37.255539],[111.965998,37.253617],[111.971073,37.258722],[111.97487,37.271389],[111.979603,37.263251],[111.985005,37.271488],[111.990925,37.270959],[111.995186,37.266324],[112.007998,37.26752],[112.003208,37.277627],[112.004556,37.282054],[112.008325,37.282393],[112.015487,37.269961],[112.026191,37.271837],[112.02934,37.277106],[112.040519,37.280165],[112.043111,37.297873],[112.062649,37.316768],[112.07862,37.317893],[112.088341,37.314647],[112.088584,37.3057],[112.092551,37.300767],[112.112672,37.294082],[112.115035,37.273722],[112.133008,37.26575],[112.140959,37.271005],[112.148967,37.285137],[112.170833,37.307364],[112.194438,37.322563],[112.199734,37.333134],[112.21418,37.340975],[112.258103,37.337488],[112.268345,37.32984],[112.268258,37.326394],[112.255394,37.314901],[112.258328,37.310228],[112.264076,37.310387],[112.266223,37.305801],[112.27713,37.302861],[112.30976,37.30155],[112.326236,37.295499],[112.330932,37.28902],[112.337042,37.267904],[112.352814,37.258846],[112.379151,37.251315],[112.376647,37.242581],[112.383079,37.232877],[112.388226,37.227067],[112.406686,37.217439],[112.409837,37.202412],[112.418604,37.194926],[112.422031,37.185185],[112.435884,37.179026],[112.442542,37.168022],[112.45284,37.159096],[112.45046,37.148499],[112.442922,37.141428],[112.445573,37.13728],[112.442424,37.133177],[112.444973,37.127279],[112.439227,37.113639],[112.440763,37.108187],[112.445668,37.104043],[112.472629,37.098826],[112.4792,37.094303],[112.482863,37.069255],[112.478583,37.053248],[112.479703,37.048986],[112.496448,37.036837],[112.501039,37.028564],[112.505927,37.014259],[112.502663,37.001394],[112.506847,36.994314],[112.532419,36.991741],[112.541117,36.986095],[112.544833,36.973746],[112.542376,36.966575],[112.536534,36.959952],[112.52182,36.953681],[112.504113,36.950682],[112.475988,36.961559],[112.447846,36.94172],[112.432168,36.936681],[112.415897,36.9377],[112.392945,36.95063],[112.353683,36.956021],[112.344005,36.95274],[112.333098,36.935075],[112.325412,36.93365],[112.312529,36.950026],[112.289048,36.963447],[112.272677,36.978299],[112.242294,36.983552],[112.230828,36.990113],[112.226965,36.99346],[112.220593,37.012032],[112.216097,37.014975],[112.209422,37.016719],[112.169864,37.011915],[112.148945,37.0284],[112.151192,37.058087],[112.155964,37.059822],[112.15594,37.070311],[112.149552,37.070266],[112.148946,37.093028],[112.153831,37.095556],[112.154127,37.100447],[112.149408,37.10581],[112.139563,37.107461],[112.122312,37.137284],[112.110359,37.149445],[112.087538,37.160722],[112.080325,37.161129],[112.060229,37.151169],[111.999831,37.151308],[111.990865,37.154892],[111.990797,37.159231],[111.95946,37.164836],[111.958567,37.179711],[111.944982,37.179093],[111.941895,37.189887],[111.941192,37.212772],[111.952576,37.22181],[111.954068,37.226786],[111.949802,37.233363],[111.950284,37.239857],[111.945359,37.244151],[111.934709,37.246066]]]}},{"type":"Feature","properties":{"id":"cn:140729","name":"灵石县","level":2},"geometry":{"type":"Polygon","coordinates":[[[111.405727,36.826021],[111.407873,36.832955],[111.413941,36.833252],[111.414547,36.844612],[111.442798,36.844981],[111.448869,36.847962],[111.451515,36.857528],[111.458268,36.86491],[111.481428,36.869991],[111.486056,36.878487],[111.498738,36.8862],[111.52853,36.88798],[111.559129,36.910095],[111.578541,36.918604],[111.564096,36.92871],[111.55064,36.925069],[111.535154,36.931626],[111.533865,36.954182],[111.516415,36.970147],[111.505959,36.97312],[111.49222,36.990888],[111.525189,36.997999],[111.527541,36.996783],[111.525285,36.986392],[111.534763,36.977408],[111.539234,36.976779],[111.546543,36.982026],[111.55216,36.980677],[111.574165,36.966822],[111.611254,36.954179],[111.614848,36.943709],[111.624792,36.941093],[111.631087,36.943032],[111.632529,36.955734],[111.639561,36.963936],[111.653025,36.963907],[111.659823,36.973271],[111.668019,36.968897],[111.67304,36.970008],[111.675665,36.976425],[111.674381,36.987732],[111.680603,36.992974],[111.694988,36.987517],[111.703667,36.995418],[111.728945,36.997202],[111.733979,36.986225],[111.74509,36.978656],[111.766367,36.973582],[111.778649,36.97432],[111.781678,36.971924],[111.779413,36.953699],[111.795455,36.949658],[111.800568,36.965127],[111.812564,36.974971],[111.818858,36.98962],[111.828754,36.98948],[111.833146,36.988056],[111.835516,36.973464],[111.825698,36.958434],[111.831288,36.949879],[111.862199,36.946334],[111.878537,36.937615],[111.88594,36.936893],[111.88537,36.92651],[111.877657,36.913133],[111.892471,36.908093],[111.902451,36.909858],[111.912017,36.906498],[111.915067,36.903626],[111.915383,36.879846],[111.931244,36.878518],[111.938841,36.871928],[111.963522,36.866187],[111.984743,36.847566],[112.000437,36.839236],[112.002928,36.842357],[112.005272,36.838459],[112.003484,36.822839],[112.001254,36.819045],[111.981955,36.810397],[111.978457,36.794647],[111.979215,36.787803],[111.984483,36.782194],[111.979528,36.765229],[111.987801,36.764767],[112.001585,36.743876],[111.991142,36.730562],[111.990072,36.686983],[111.983266,36.679037],[111.975532,36.67694],[111.943761,36.698863],[111.921894,36.706989],[111.908865,36.706042],[111.869562,36.713193],[111.858613,36.707838],[111.851443,36.709503],[111.849377,36.700089],[111.832974,36.695779],[111.830886,36.696428],[111.832816,36.70128],[111.838413,36.705427],[111.836422,36.711626],[111.82689,36.71217],[111.820065,36.707592],[111.81218,36.712673],[111.780246,36.703017],[111.748735,36.71862],[111.711904,36.711137],[111.665957,36.695347],[111.664542,36.689006],[111.66883,36.680312],[111.68246,36.670479],[111.676554,36.654732],[111.667258,36.650078],[111.652094,36.656902],[111.616816,36.687778],[111.597449,36.695404],[111.559684,36.722789],[111.5353,36.754121],[111.53195,36.768236],[111.53583,36.773913],[111.543165,36.775149],[111.545344,36.778661],[111.536104,36.788114],[111.530913,36.78805],[111.530973,36.78486],[111.526893,36.783805],[111.519408,36.791113],[111.51479,36.791024],[111.510716,36.780631],[111.506956,36.77862],[111.505479,36.790165],[111.500182,36.794877],[111.497391,36.803535],[111.49385,36.803922],[111.483954,36.778908],[111.469805,36.771542],[111.455464,36.771574],[111.428225,36.785345],[111.408155,36.803604],[111.405727,36.826021]]]}},{"type":"Feature","properties":{"id":"cn:140781","name":"介休市","level":2},"geometry":{"type":"Polygon","coordinates":[[[111.728945,36.997202],[111.73404,37.00577],[111.753059,37.015053],[111.785221,37.022163],[111.814839,37.035374],[111.819949,37.03914],[111.818748,37.045449],[111.830006,37.044156],[111.83567,37.039028],[111.847505,37.039833],[111.873797,37.056893],[111.887078,37.074676],[111.887991,37.084265],[111.894944,37.093132],[111.917131,37.105992],[111.923286,37.119546],[111.928051,37.148678],[111.934265,37.161258],[111.944982,37.179093],[111.956057,37.180257],[111.959154,37.178676],[111.95946,37.164836],[111.990797,37.159231],[111.990865,37.154892],[111.999831,37.151308],[112.051375,37.150132],[112.064475,37.152249],[112.074387,37.15952],[112.087538,37.160722],[112.117912,37.143543],[112.139563,37.107461],[112.149408,37.10581],[112.154127,37.100447],[112.153831,37.095556],[112.148946,37.093028],[112.149552,37.070266],[112.15594,37.070311],[112.155964,37.059822],[112.151192,37.058087],[112.148945,37.0284],[112.169864,37.011915],[112.157616,36.998221],[112.13568,36.989158],[112.131366,36.981511],[112.119222,36.984984],[112.094204,36.976798],[112.054795,36.97494],[112.056183,36.961889],[112.079509,36.938682],[112.078233,36.925591],[112.067816,36.918169],[112.061809,36.907844],[112.076887,36.89175],[112.06996,36.883122],[112.055672,36.879527],[112.044812,36.880018],[112.02963,36.886884],[112.015854,36.882978],[112.012521,36.878616],[112.018163,36.867062],[112.008666,36.846785],[112.000437,36.839236],[111.984743,36.847566],[111.963522,36.866187],[111.938841,36.871928],[111.931244,36.878518],[111.915383,36.879846],[111.915067,36.903626],[111.912017,36.906498],[111.902451,36.909858],[111.892471,36.908093],[111.877657,36.913133],[111.88537,36.92651],[111.88594,36.936893],[111.878537,36.937615],[111.862199,36.946334],[111.831288,36.949879],[111.825612,36.957704],[111.835516,36.973464],[111.833146,36.988056],[111.819517,36.990348],[111.812564,36.974971],[111.800568,36.965127],[111.795455,36.949658],[111.779413,36.953699],[111.781678,36.971924],[111.778649,36.97432],[111.766367,36.973582],[111.74509,36.978656],[111.733979,36.986225],[111.728945,36.997202]]]}},{"type":"Feature","properties":{"id":"cn:1408","name":"运城市","level":1},"geometry":{"type":"Polygon","coordinates":[[[110.224324,34.693752],[110.237916,34.726886],[110.24161,34.789887],[110.235106,34.801346],[110.228429,34.838365],[110.233561,34.853005],[110.225684,34.881644],[110.249069,34.920055],[110.250667,34.933212],[110.256894,34.945202],[110.26937,34.948123],[110.281739,34.967877],[110.294228,34.979834],[110.296182,34.989395],[110.315487,35.005876],[110.315195,35.039169],[110.327711,35.045737],[110.340989,35.084923],[110.368182,35.134712],[110.359226,35.140747],[110.358829,35.198449],[110.37281,35.211271],[110.369291,35.252305],[110.388002,35.270651],[110.398399,35.286799],[110.406791,35.291614],[110.415528,35.302965],[110.444462,35.328062],[110.472111,35.414142],[110.480437,35.423172],[110.507686,35.483502],[110.526339,35.511848],[110.54022,35.520764],[110.550575,35.533385],[110.562222,35.539933],[110.575677,35.563565],[110.583818,35.602559],[110.604065,35.632571],[110.598718,35.659253],[110.587097,35.663697],[110.587037,35.682685],[110.577412,35.691689],[110.57234,35.701833],[110.574462,35.715546],[110.571965,35.737227],[110.60219,35.752985],[110.605854,35.76137],[110.61147,35.762852],[110.618735,35.773068],[110.622155,35.784738],[110.629681,35.787852],[110.650784,35.788466],[110.666093,35.776828],[110.670203,35.76868],[110.691331,35.765554],[110.693467,35.760591],[110.691331,35.756338],[110.679282,35.750665],[110.674317,35.742868],[110.675029,35.734361],[110.679283,35.7294],[110.701974,35.737905],[110.740967,35.744533],[110.761059,35.729541],[110.834792,35.720561],[110.868585,35.710064],[110.893169,35.691248],[110.899656,35.68967],[110.906962,35.690788],[110.920191,35.702211],[110.934991,35.706569],[110.943324,35.711738],[110.948185,35.719367],[110.943784,35.750189],[110.947499,35.770194],[110.946076,35.786311],[110.962126,35.805957],[110.970633,35.808086],[110.977925,35.795126],[110.982169,35.770015],[110.99026,35.761447],[110.993324,35.738379],[110.996814,35.734312],[111.003289,35.733953],[111.050962,35.741087],[111.055711,35.755805],[111.094921,35.812376],[111.106093,35.819251],[111.120754,35.819693],[111.138662,35.81148],[111.156121,35.792472],[111.16602,35.772272],[111.17729,35.769861],[111.185453,35.76377],[111.185314,35.745089],[111.189281,35.742919],[111.188563,35.720784],[111.193741,35.709241],[111.227221,35.710653],[111.236345,35.705643],[111.238171,35.695916],[111.241515,35.695461],[111.241721,35.685336],[111.2599,35.682997],[111.26466,35.68369],[111.277307,35.69805],[111.293131,35.708555],[111.315831,35.713197],[111.330536,35.709725],[111.333695,35.686044],[111.341273,35.679228],[111.341291,35.670803],[111.315414,35.677548],[111.287353,35.672134],[111.285819,35.66854],[111.295364,35.647303],[111.28214,35.640131],[111.28612,35.635236],[111.2821,35.628714],[111.26949,35.633903],[111.262072,35.630125],[111.260206,35.598267],[111.27787,35.572184],[111.265223,35.559198],[111.290127,35.536445],[111.301264,35.534734],[111.327375,35.544004],[111.332914,35.552296],[111.345049,35.555885],[111.355569,35.551358],[111.369432,35.556085],[111.373729,35.561829],[111.39813,35.567085],[111.40395,35.572237],[111.406053,35.565061],[111.416636,35.559599],[111.430317,35.563682],[111.442947,35.56121],[111.47661,35.567206],[111.500351,35.575032],[111.551316,35.567663],[111.564743,35.554821],[111.579196,35.559203],[111.580741,35.58139],[111.593576,35.597583],[111.606572,35.650402],[111.651132,35.642976],[111.658933,35.648358],[111.664827,35.647902],[111.670438,35.655599],[111.677059,35.653533],[111.677808,35.650201],[111.665342,35.643174],[111.66598,35.639176],[111.716545,35.645068],[111.725313,35.641948],[111.75836,35.611598],[111.765713,35.60846],[111.817145,35.599648],[111.830183,35.603779],[111.854411,35.600029],[111.848586,35.593259],[111.833803,35.584943],[111.829489,35.569545],[111.831503,35.560926],[111.837714,35.553653],[111.855013,35.552928],[111.858312,35.549393],[111.900947,35.543384],[111.902116,35.533334],[111.896896,35.531587],[111.896734,35.523764],[111.883624,35.510185],[111.876712,35.51544],[111.865834,35.516381],[111.846644,35.511496],[111.843577,35.504511],[111.844978,35.499818],[111.838237,35.492657],[111.840077,35.483142],[111.830595,35.482069],[111.828076,35.47879],[111.832187,35.453812],[111.825918,35.451822],[111.823257,35.445648],[111.816778,35.4452],[111.813739,35.43869],[111.806649,35.437198],[111.808052,35.43075],[111.818312,35.429388],[111.832,35.435579],[111.835241,35.428687],[111.842352,35.424911],[111.845211,35.399843],[111.853358,35.398546],[111.857212,35.393022],[111.885754,35.38845],[111.943271,35.394164],[111.966517,35.420787],[111.967909,35.431905],[111.978178,35.417106],[111.996284,35.402365],[112.010624,35.39995],[112.026432,35.390456],[112.016689,35.351826],[112.019348,35.348549],[112.046431,35.341706],[112.04966,35.337592],[112.048314,35.32837],[112.062707,35.315973],[112.061709,35.300817],[112.056301,35.291653],[112.050189,35.289598],[112.052308,35.27776],[112.048375,35.272766],[112.064174,35.262222],[112.073219,35.242718],[112.074747,35.22198],[112.052541,35.206707],[112.035744,35.200713],[112.03374,35.194721],[112.060059,35.152717],[112.053947,35.142201],[112.060822,35.13668],[112.04919,35.093353],[112.05636,35.079137],[112.056472,35.060221],[112.047194,35.044829],[112.032627,35.046123],[112.03094,35.052037],[112.018908,35.059893],[112.014924,35.068629],[111.999777,35.066083],[111.983896,35.070053],[111.971816,35.067932],[111.960374,35.078206],[111.946084,35.082935],[111.924574,35.083885],[111.911603,35.072014],[111.895464,35.080855],[111.878219,35.0706],[111.85847,35.077597],[111.809431,35.06819],[111.803961,35.062967],[111.805874,35.049336],[111.803345,35.037612],[111.794397,35.028961],[111.787341,35.027432],[111.773706,35.030408],[111.768805,35.020343],[111.76239,35.016132],[111.742904,35.017164],[111.735338,35.01242],[111.73314,35.005025],[111.705569,35.00445],[111.698017,34.999181],[111.689129,34.999102],[111.681,34.989366],[111.659011,34.986703],[111.65862,34.982977],[111.66965,34.972315],[111.675132,34.950688],[111.657534,34.940343],[111.639067,34.938822],[111.626089,34.926589],[111.621832,34.91789],[111.615597,34.917332],[111.611681,34.895883],[111.599835,34.893435],[111.588063,34.886429],[111.581665,34.859069],[111.564814,34.844427],[111.555014,34.846346],[111.548457,34.853282],[111.53588,34.853994],[111.521704,34.851159],[111.509244,34.841171],[111.502526,34.840153],[111.496496,34.830897],[111.473878,34.826936],[111.459374,34.827448],[111.446647,34.836473],[111.433067,34.838969],[111.424695,34.83008],[111.40906,34.828252],[111.388991,34.815701],[111.351199,34.822708],[111.342218,34.831885],[111.336692,34.832675],[111.31656,34.820636],[111.283549,34.807559],[111.252316,34.821523],[111.243138,34.81501],[111.233861,34.794582],[111.222118,34.790141],[111.214421,34.791523],[111.203418,34.801934],[111.176673,34.802922],[111.162068,34.814073],[111.154666,34.815455],[111.142429,34.808349],[111.130337,34.792564],[111.116707,34.760033],[111.044372,34.747835],[110.985227,34.718958],[110.969171,34.702891],[110.960808,34.706218],[110.955332,34.717442],[110.940352,34.72703],[110.919347,34.732548],[110.90978,34.717503],[110.898306,34.670135],[110.888073,34.652969],[110.878273,34.645459],[110.847744,34.636593],[110.829054,34.618809],[110.818834,34.61709],[110.81055,34.623873],[110.802739,34.638314],[110.786346,34.650946],[110.749166,34.654617],[110.743625,34.653412],[110.735674,34.640401],[110.716884,34.621275],[110.690729,34.608745],[110.682357,34.600143],[110.669458,34.593704],[110.634261,34.607825],[110.61002,34.610684],[110.534935,34.58325],[110.51666,34.59077],[110.483099,34.611906],[110.470426,34.611563],[110.443605,34.603572],[110.419297,34.589499],[110.411281,34.588567],[110.357691,34.606266],[110.300874,34.60965],[110.283047,34.615563],[110.263809,34.630646],[110.231352,34.671548],[110.224324,34.693752]]]}},{"type":"Feature","properties":{"id":"cn:140802","name":"盐湖区","level":2},"geometry":{"type":"Polygon","coordinates":[[[110.733926,34.887378],[110.736034,34.895468],[110.744117,34.900913],[110.747229,34.911068],[110.765509,34.912377],[110.764525,34.92737],[110.749585,34.926344],[110.742549,34.929403],[110.742069,34.942804],[110.736,34.963685],[110.744447,34.978392],[110.760425,34.99004],[110.752281,35.002874],[110.755033,35.020313],[110.76342,35.023293],[110.767573,35.018407],[110.777449,35.015561],[110.783586,35.026668],[110.795111,35.032663],[110.821682,35.029525],[110.829021,35.033235],[110.836839,35.04461],[110.861073,35.046895],[110.870831,35.055716],[110.89039,35.062574],[110.899395,35.054464],[110.909984,35.050865],[110.916944,35.055515],[110.914188,35.068185],[110.904312,35.07102],[110.896042,35.077593],[110.896294,35.099314],[110.880721,35.131883],[110.869956,35.147231],[110.87027,35.153758],[110.876785,35.160381],[110.853858,35.178887],[110.849341,35.197488],[110.85646,35.206742],[110.869926,35.211181],[110.882842,35.2245],[110.888877,35.239732],[110.886443,35.244557],[110.882491,35.245212],[110.883338,35.256507],[110.895575,35.271114],[110.906769,35.277008],[110.919688,35.274486],[110.91808,35.28772],[110.933624,35.294547],[110.935073,35.301975],[110.944122,35.304171],[110.951386,35.299964],[110.953369,35.305604],[110.95003,35.315718],[110.960771,35.321045],[110.975623,35.334938],[110.992584,35.37135],[110.997964,35.370591],[110.994359,35.361322],[110.999106,35.355617],[111.019522,35.354289],[111.018451,35.351977],[111.022362,35.350087],[111.019133,35.34965],[111.019963,35.346566],[111.024352,35.345885],[111.027874,35.33993],[111.041816,35.336329],[111.047131,35.325393],[111.043709,35.324857],[111.04873,35.300899],[111.053023,35.297331],[111.06049,35.297736],[111.076213,35.281285],[111.071099,35.274293],[111.072975,35.271074],[111.05623,35.268764],[111.056615,35.266045],[111.040236,35.258361],[111.037608,35.249186],[111.060437,35.228639],[111.061013,35.21057],[111.067526,35.195438],[111.065481,35.193657],[111.068689,35.189478],[111.069801,35.176712],[111.082016,35.174106],[111.090686,35.179296],[111.10147,35.166297],[111.101036,35.156583],[111.107688,35.152181],[111.108653,35.144068],[111.104749,35.140264],[111.106631,35.13064],[111.094149,35.118435],[111.099746,35.113514],[111.089528,35.107264],[111.095544,35.09645],[111.093498,35.087679],[111.110561,35.088752],[111.116211,35.084977],[111.130745,35.082969],[111.133039,35.075051],[111.128452,35.065062],[111.141963,35.060529],[111.147327,35.055191],[111.146343,35.049111],[111.149833,35.043654],[111.154326,35.044471],[111.173946,35.03226],[111.180886,35.02231],[111.176072,35.021788],[111.176761,35.017006],[111.151766,35.000943],[111.144627,35.002749],[111.139308,34.999266],[111.138244,34.990231],[111.141753,34.984336],[111.119215,34.975931],[111.121168,34.972874],[111.114665,34.964581],[111.106078,34.960747],[111.110642,34.954755],[111.1051,34.958512],[111.07117,34.947167],[111.061335,34.934233],[111.054904,34.931376],[111.053759,34.926329],[111.023552,34.917124],[111.011726,34.897374],[111.000371,34.900322],[110.978141,34.887399],[110.962553,34.885816],[110.955885,34.877154],[110.93981,34.875407],[110.93202,34.865658],[110.922354,34.86513],[110.917722,34.858456],[110.90312,34.848055],[110.894139,34.846037],[110.882947,34.834747],[110.857755,34.839669],[110.837361,34.834944],[110.83154,34.83669],[110.816013,34.831489],[110.804898,34.819735],[110.781025,34.825161],[110.772823,34.824837],[110.763836,34.819836],[110.759525,34.832276],[110.7488,34.84759],[110.743554,34.865744],[110.746976,34.872854],[110.733926,34.887378]]]}},{"type":"Feature","properties":{"id":"cn:140821","name":"临猗县","level":2},"geometry":{"type":"Polygon","coordinates":[[[110.332229,35.060618],[110.340989,35.084923],[110.368182,35.134712],[110.359226,35.140747],[110.358829,35.198449],[110.37281,35.211271],[110.369291,35.252305],[110.413291,35.300179],[110.453484,35.282226],[110.47772,35.289545],[110.489512,35.298308],[110.521441,35.293316],[110.530619,35.284078],[110.528872,35.278485],[110.533664,35.26998],[110.552424,35.263018],[110.567684,35.277667],[110.570255,35.276269],[110.570972,35.266936],[110.581714,35.260545],[110.609753,35.253103],[110.619077,35.261957],[110.638501,35.25807],[110.640653,35.251749],[110.637631,35.239294],[110.644795,35.23242],[110.650082,35.236384],[110.655515,35.235243],[110.657812,35.24009],[110.658795,35.256572],[110.649281,35.260091],[110.664823,35.2891],[110.677205,35.285724],[110.682722,35.291174],[110.70011,35.285632],[110.703345,35.287718],[110.727713,35.28228],[110.733291,35.296371],[110.756894,35.296372],[110.770925,35.300936],[110.775754,35.306272],[110.786382,35.302388],[110.792114,35.294603],[110.79347,35.280355],[110.785485,35.26865],[110.795251,35.260853],[110.798014,35.250238],[110.801284,35.250153],[110.807734,35.260722],[110.832517,35.253448],[110.853133,35.26117],[110.859908,35.256978],[110.865134,35.247536],[110.888366,35.242596],[110.881911,35.223138],[110.869926,35.211181],[110.85646,35.206742],[110.849341,35.197488],[110.853858,35.178887],[110.876785,35.160381],[110.87027,35.153758],[110.869956,35.147231],[110.880721,35.131883],[110.896294,35.099314],[110.896042,35.077593],[110.904312,35.07102],[110.914188,35.068185],[110.917046,35.06246],[110.916944,35.055515],[110.909984,35.050865],[110.899395,35.054464],[110.89039,35.062574],[110.870831,35.055716],[110.861073,35.046895],[110.836839,35.04461],[110.829021,35.033235],[110.821682,35.029525],[110.795111,35.032663],[110.783586,35.026668],[110.777449,35.015561],[110.767573,35.018407],[110.760788,35.033006],[110.750999,35.034431],[110.745862,35.044187],[110.734695,35.04045],[110.725874,35.04219],[110.700082,35.036389],[110.693587,35.031079],[110.694,35.025404],[110.701705,35.019093],[110.703002,35.012437],[110.70053,35.009769],[110.677969,35.003787],[110.672241,35.000021],[110.67223,34.996159],[110.66066,34.992772],[110.657418,34.988533],[110.651292,34.990024],[110.645614,34.984166],[110.633736,34.986283],[110.627672,34.991734],[110.617662,34.989833],[110.612586,34.985325],[110.585119,34.994358],[110.578452,34.992133],[110.57551,34.985173],[110.554603,34.981248],[110.538771,34.981882],[110.520962,34.989621],[110.517335,34.994259],[110.503737,34.997568],[110.497966,34.994872],[110.498323,34.98593],[110.489823,34.98671],[110.476502,34.994228],[110.47108,35.002902],[110.448068,35.011318],[110.432825,35.02407],[110.38708,35.050417],[110.375016,35.055323],[110.332229,35.060618]]]}},{"type":"Feature","properties":{"id":"cn:140822","name":"万荣县","level":2},"geometry":{"type":"Polygon","coordinates":[[[110.413291,35.300179],[110.444462,35.328062],[110.472111,35.414142],[110.480437,35.423172],[110.507686,35.483502],[110.526339,35.511848],[110.54022,35.520764],[110.564405,35.50394],[110.595993,35.505724],[110.599367,35.51511],[110.618756,35.520359],[110.632893,35.504755],[110.647626,35.504991],[110.651605,35.498136],[110.661227,35.500164],[110.6682,35.492836],[110.677386,35.493665],[110.692198,35.480932],[110.702868,35.484172],[110.706257,35.49215],[110.710066,35.491077],[110.71776,35.48264],[110.72322,35.481999],[110.72565,35.472626],[110.731049,35.473652],[110.735432,35.494744],[110.741505,35.503212],[110.748738,35.504408],[110.754706,35.515512],[110.762137,35.514727],[110.766693,35.5057],[110.76954,35.515304],[110.791006,35.526857],[110.794696,35.523919],[110.796038,35.527528],[110.812391,35.528817],[110.823711,35.523265],[110.837892,35.526907],[110.841415,35.488258],[110.851814,35.464161],[110.86994,35.464252],[110.876328,35.452335],[110.888211,35.456214],[110.898515,35.46538],[110.906475,35.447029],[110.938377,35.438837],[110.952994,35.430369],[110.975129,35.431899],[110.983593,35.436037],[110.987821,35.429236],[110.990076,35.41743],[110.98753,35.401089],[110.99422,35.374681],[110.975623,35.334938],[110.960771,35.321045],[110.95003,35.315718],[110.953369,35.305604],[110.951386,35.299964],[110.944122,35.304171],[110.938598,35.303599],[110.933456,35.300911],[110.933624,35.294547],[110.91808,35.28772],[110.919688,35.274486],[110.906769,35.277008],[110.895575,35.271114],[110.883338,35.256507],[110.882491,35.245212],[110.865134,35.247536],[110.859908,35.256978],[110.853133,35.26117],[110.832517,35.253448],[110.807734,35.260722],[110.801284,35.250153],[110.798014,35.250238],[110.795251,35.260853],[110.785485,35.26865],[110.79347,35.280355],[110.792114,35.294603],[110.786382,35.302388],[110.775754,35.306272],[110.770925,35.300936],[110.756894,35.296372],[110.733291,35.296371],[110.727713,35.28228],[110.703345,35.287718],[110.70011,35.285632],[110.682722,35.291174],[110.677205,35.285724],[110.664823,35.2891],[110.649281,35.260091],[110.658795,35.256572],[110.657812,35.24009],[110.655515,35.235243],[110.650082,35.236384],[110.644795,35.23242],[110.637631,35.239294],[110.640653,35.251749],[110.638501,35.25807],[110.619077,35.261957],[110.609753,35.253103],[110.581714,35.260545],[110.570972,35.266936],[110.570255,35.276269],[110.567684,35.277667],[110.552424,35.263018],[110.533664,35.26998],[110.528872,35.278485],[110.530619,35.284078],[110.521441,35.293316],[110.489512,35.298308],[110.47772,35.289545],[110.453484,35.282226],[110.413291,35.300179]]]}},{"type":"Feature","properties":{"id":"cn:140823","name":"闻喜县","level":2},"geometry":{"type":"Polygon","coordinates":[[[110.992451,35.379846],[111.007159,35.401062],[111.020847,35.405984],[111.02059,35.416029],[111.028697,35.433465],[111.029616,35.454541],[111.039955,35.456302],[111.081917,35.474782],[111.143322,35.477736],[111.173982,35.475198],[111.201968,35.492525],[111.239728,35.499451],[111.250223,35.50829],[111.262454,35.527451],[111.273781,35.532997],[111.314502,35.537814],[111.327375,35.544004],[111.332914,35.552296],[111.345049,35.555885],[111.355569,35.551358],[111.369432,35.556085],[111.373729,35.561829],[111.385248,35.562404],[111.404693,35.572234],[111.406053,35.565061],[111.422113,35.555733],[111.40162,35.546773],[111.401673,35.529458],[111.390763,35.525771],[111.367318,35.509111],[111.364831,35.497299],[111.367545,35.493366],[111.37572,35.486752],[111.390899,35.481142],[111.379872,35.45825],[111.367931,35.448071],[111.366532,35.440942],[111.388799,35.436275],[111.403025,35.427853],[111.407114,35.419209],[111.417652,35.410179],[111.449387,35.407583],[111.463407,35.419663],[111.521705,35.399855],[111.534431,35.392908],[111.542911,35.383101],[111.540185,35.363157],[111.543215,35.358141],[111.553076,35.352301],[111.566191,35.358359],[111.584994,35.35689],[111.588244,35.34747],[111.596994,35.340927],[111.607896,35.338409],[111.602657,35.331198],[111.618923,35.316721],[111.620076,35.308214],[111.612461,35.28868],[111.602865,35.282215],[111.588976,35.278248],[111.575191,35.268043],[111.57806,35.26242],[111.565025,35.262679],[111.555919,35.258089],[111.556177,35.248709],[111.553141,35.243842],[111.544381,35.241062],[111.533517,35.24755],[111.520126,35.239325],[111.515274,35.22928],[111.522979,35.221645],[111.512842,35.214615],[111.507625,35.206513],[111.510679,35.18946],[111.506982,35.187284],[111.513533,35.172278],[111.497158,35.179405],[111.490313,35.166071],[111.480997,35.166211],[111.478108,35.178159],[111.459542,35.187714],[111.465191,35.196882],[111.464871,35.202082],[111.474257,35.207759],[111.468358,35.206588],[111.470795,35.214211],[111.457937,35.206869],[111.457666,35.201233],[111.453708,35.201415],[111.447673,35.208902],[111.435223,35.215628],[111.436159,35.225366],[111.426352,35.223701],[111.419499,35.234244],[111.410567,35.234471],[111.396013,35.245719],[111.368362,35.246047],[111.344825,35.25257],[111.340195,35.25788],[111.336195,35.257453],[111.335999,35.252398],[111.320616,35.257314],[111.319609,35.266075],[111.313628,35.270308],[111.314735,35.273229],[111.302201,35.267518],[111.308866,35.275881],[111.308443,35.280802],[111.30254,35.279796],[111.297146,35.270969],[111.292718,35.269951],[111.287558,35.276444],[111.280388,35.277357],[111.287894,35.289286],[111.280467,35.297782],[111.283113,35.303497],[111.273438,35.309958],[111.262799,35.309837],[111.260686,35.306426],[111.25997,35.310463],[111.252315,35.312312],[111.248063,35.317727],[111.233232,35.309282],[111.22797,35.311528],[111.229364,35.304192],[111.225337,35.304857],[111.209728,35.29293],[111.200388,35.295402],[111.19761,35.305446],[111.19146,35.302516],[111.183539,35.303688],[111.175285,35.288881],[111.166296,35.287288],[111.168715,35.285225],[111.166811,35.282605],[111.17038,35.281634],[111.166945,35.275638],[111.153461,35.265024],[111.151569,35.268162],[111.147687,35.266331],[111.137875,35.272539],[111.137246,35.276953],[111.132031,35.276664],[111.123831,35.290327],[111.116391,35.289073],[111.10447,35.300933],[111.102012,35.295365],[111.09091,35.291914],[111.089451,35.288415],[111.082641,35.290982],[111.080716,35.287073],[111.073605,35.286716],[111.065351,35.290418],[111.06049,35.297736],[111.049264,35.300054],[111.043709,35.324857],[111.047131,35.325393],[111.041816,35.336329],[111.027874,35.33993],[111.024352,35.345885],[111.019963,35.346566],[111.019133,35.34965],[111.022362,35.350087],[111.018451,35.351977],[111.019522,35.354289],[111.005224,35.353731],[110.994841,35.360003],[110.994149,35.364577],[110.998116,35.370116],[110.992584,35.37135],[110.992451,35.379846]]]}},{"type":"Feature","properties":{"id":"cn:140824","name":"稷山县","level":2},"geometry":{"type":"Polygon","coordinates":[[[110.813633,35.6039],[110.82665,35.605587],[110.829738,35.60868],[110.829155,35.61983],[110.819632,35.630238],[110.821129,35.686726],[110.816504,35.693471],[110.822127,35.702765],[110.81685,35.7219],[110.839948,35.719417],[110.868585,35.710064],[110.898668,35.689673],[110.906962,35.690788],[110.920191,35.702211],[110.934991,35.706569],[110.943324,35.711738],[110.948185,35.719367],[110.943784,35.750189],[110.947499,35.770194],[110.946076,35.786311],[110.962126,35.805957],[110.970633,35.808086],[110.977925,35.795126],[110.982169,35.770015],[110.99026,35.761447],[110.993324,35.738379],[110.996814,35.734312],[111.044573,35.738246],[111.050962,35.741087],[111.053228,35.695861],[111.058905,35.675455],[111.068558,35.659589],[111.069218,35.643339],[111.073558,35.62958],[111.087021,35.603617],[111.089417,35.591928],[111.074278,35.544687],[111.032395,35.48644],[111.028697,35.433465],[111.02059,35.416029],[111.020114,35.405082],[111.007159,35.401062],[111.001432,35.390147],[110.991549,35.382291],[110.98753,35.401089],[110.990076,35.41743],[110.983593,35.436037],[110.975129,35.431899],[110.952994,35.430369],[110.938377,35.438837],[110.906475,35.447029],[110.899983,35.464966],[110.888211,35.456214],[110.876328,35.452335],[110.86994,35.464252],[110.851814,35.464161],[110.841415,35.488258],[110.8368,35.534678],[110.815828,35.557028],[110.818579,35.561159],[110.829837,35.560747],[110.82773,35.59116],[110.813633,35.6039]]]}},{"type":"Feature","properties":{"id":"cn:140825","name":"新绛县","level":2},"geometry":{"type":"Polygon","coordinates":[[[111.029616,35.454541],[111.032395,35.48644],[111.074278,35.544687],[111.089417,35.591928],[111.087021,35.603617],[111.073558,35.62958],[111.069218,35.643339],[111.068558,35.659589],[111.058905,35.675455],[111.053228,35.695861],[111.050962,35.741087],[111.055711,35.755805],[111.094921,35.812376],[111.106093,35.819251],[111.120754,35.819693],[111.138662,35.81148],[111.156121,35.792472],[111.16602,35.772272],[111.17729,35.769861],[111.185453,35.76377],[111.185314,35.745089],[111.189281,35.742919],[111.188563,35.720784],[111.191366,35.711152],[111.221897,35.711408],[111.232544,35.708376],[111.236345,35.705643],[111.238171,35.695916],[111.241515,35.695461],[111.24395,35.683471],[111.26466,35.68369],[111.277307,35.69805],[111.293131,35.708555],[111.315831,35.713197],[111.330536,35.709725],[111.333695,35.686044],[111.341273,35.679228],[111.341291,35.670803],[111.315414,35.677548],[111.287353,35.672134],[111.285819,35.66854],[111.295364,35.647303],[111.28214,35.640131],[111.28612,35.635236],[111.2821,35.628714],[111.26949,35.633903],[111.262072,35.630125],[111.260206,35.598267],[111.27787,35.572184],[111.265223,35.559198],[111.290127,35.536445],[111.262454,35.527451],[111.250223,35.50829],[111.239728,35.499451],[111.201968,35.492525],[111.173982,35.475198],[111.143322,35.477736],[111.081917,35.474782],[111.039955,35.456302],[111.029616,35.454541]]]}},{"type":"Feature","properties":{"id":"cn:140826","name":"绛县","level":2},"geometry":{"type":"Polygon","coordinates":[[[111.364831,35.497299],[111.367318,35.509111],[111.390763,35.525771],[111.401673,35.529458],[111.399773,35.54337],[111.402726,35.548073],[111.421494,35.554933],[111.422487,35.557138],[111.416636,35.559599],[111.430317,35.563682],[111.442947,35.56121],[111.47661,35.567206],[111.500351,35.575032],[111.513581,35.574956],[111.551316,35.567663],[111.564743,35.554821],[111.579196,35.559203],[111.580741,35.58139],[111.593576,35.597583],[111.606572,35.650402],[111.651132,35.642976],[111.658933,35.648358],[111.664827,35.647902],[111.670438,35.655599],[111.677059,35.653533],[111.677808,35.650201],[111.665342,35.643174],[111.66598,35.639176],[111.716545,35.645068],[111.725313,35.641948],[111.75836,35.611598],[111.765713,35.60846],[111.817145,35.599648],[111.830183,35.603779],[111.854411,35.600029],[111.848586,35.593259],[111.833803,35.584943],[111.829489,35.569545],[111.831503,35.560926],[111.837714,35.553653],[111.855013,35.552928],[111.858312,35.549393],[111.879558,35.548347],[111.902811,35.541583],[111.902116,35.533334],[111.896208,35.530698],[111.896734,35.523764],[111.883624,35.510185],[111.876712,35.51544],[111.865834,35.516381],[111.846644,35.511496],[111.843577,35.504511],[111.844978,35.499818],[111.838237,35.492657],[111.840077,35.483142],[111.830595,35.482069],[111.828076,35.47879],[111.832187,35.453812],[111.825918,35.451822],[111.823257,35.445648],[111.816778,35.4452],[111.813739,35.43869],[111.805732,35.435817],[111.808052,35.43075],[111.818312,35.429388],[111.832,35.435579],[111.835241,35.428687],[111.842352,35.424911],[111.845211,35.399843],[111.794843,35.410986],[111.786726,35.409997],[111.764451,35.37866],[111.752507,35.37031],[111.741612,35.367918],[111.732072,35.369659],[111.709086,35.387972],[111.673548,35.383497],[111.659312,35.377612],[111.653609,35.366925],[111.638608,35.353269],[111.625761,35.350725],[111.619607,35.343447],[111.607896,35.338409],[111.596994,35.340927],[111.588244,35.34747],[111.584994,35.35689],[111.566191,35.358359],[111.550264,35.352709],[111.540185,35.363157],[111.541739,35.385298],[111.521705,35.399855],[111.463407,35.419663],[111.449387,35.407583],[111.417652,35.410179],[111.407114,35.419209],[111.403025,35.427853],[111.388799,35.436275],[111.366532,35.440942],[111.367931,35.448071],[111.379872,35.45825],[111.390899,35.481142],[111.373765,35.487787],[111.364831,35.497299]]]}},{"type":"Feature","properties":{"id":"cn:140827","name":"垣曲县","level":2},"geometry":{"type":"Polygon","coordinates":[[[111.507617,35.204403],[111.512842,35.214615],[111.522979,35.221645],[111.515139,35.231396],[111.527667,35.245897],[111.533517,35.24755],[111.544381,35.241062],[111.553141,35.243842],[111.556177,35.248709],[111.555919,35.258089],[111.565025,35.262679],[111.57806,35.26242],[111.575191,35.268043],[111.588976,35.278248],[111.602865,35.282215],[111.612461,35.28868],[111.61927,35.304138],[111.619158,35.316002],[111.602734,35.331658],[111.625761,35.350725],[111.638608,35.353269],[111.653609,35.366925],[111.661647,35.379202],[111.673548,35.383497],[111.709086,35.387972],[111.732072,35.369659],[111.741612,35.367918],[111.752507,35.37031],[111.764451,35.37866],[111.782828,35.40767],[111.794843,35.410986],[111.853358,35.398546],[111.857212,35.393022],[111.885754,35.38845],[111.935675,35.39171],[111.943271,35.394164],[111.962042,35.41485],[111.966517,35.420787],[111.967909,35.431905],[111.978178,35.417106],[111.996284,35.402365],[112.010624,35.39995],[112.026432,35.390456],[112.015867,35.354376],[112.019348,35.348549],[112.046431,35.341706],[112.04966,35.337592],[112.048314,35.32837],[112.062707,35.315973],[112.061709,35.300817],[112.056301,35.291653],[112.050189,35.289598],[112.052308,35.27776],[112.048375,35.272766],[112.064174,35.262222],[112.073219,35.242718],[112.075102,35.224094],[112.052541,35.206707],[112.035744,35.200713],[112.03374,35.194721],[112.060059,35.152717],[112.053947,35.142201],[112.060822,35.13668],[112.04919,35.093353],[112.05636,35.079137],[112.056472,35.060221],[112.047194,35.044829],[112.032627,35.046123],[112.03094,35.052037],[112.018908,35.059893],[112.014924,35.068629],[111.999777,35.066083],[111.983896,35.070053],[111.971816,35.067932],[111.960374,35.078206],[111.949837,35.08242],[111.924574,35.083885],[111.910833,35.071962],[111.895464,35.080855],[111.878219,35.0706],[111.85847,35.077597],[111.806552,35.066504],[111.803961,35.062967],[111.804167,35.040146],[111.794397,35.028961],[111.787341,35.027432],[111.773706,35.030408],[111.768805,35.020343],[111.763081,35.016428],[111.742904,35.017164],[111.735338,35.01242],[111.734143,35.005395],[111.705569,35.00445],[111.698017,34.999181],[111.689129,34.999102],[111.680268,34.98921],[111.662646,34.988878],[111.661159,34.993342],[111.655073,34.995428],[111.655048,34.999144],[111.670585,35.006179],[111.666323,35.011099],[111.6626,35.026255],[111.6653,35.039958],[111.653667,35.062605],[111.639336,35.061299],[111.623268,35.065143],[111.596957,35.063247],[111.585061,35.069593],[111.580972,35.07752],[111.582351,35.095997],[111.585431,35.097789],[111.587174,35.110949],[111.600348,35.122173],[111.601869,35.127108],[111.616811,35.127789],[111.617272,35.130235],[111.612104,35.135415],[111.597479,35.140687],[111.587305,35.151173],[111.55725,35.159311],[111.548552,35.177759],[111.540627,35.183619],[111.510007,35.194033],[111.507617,35.204403]]]}},{"type":"Feature","properties":{"id":"cn:140828","name":"夏县","level":2},"geometry":{"type":"Polygon","coordinates":[[[111.037608,35.249186],[111.040236,35.258361],[111.056615,35.266045],[111.05623,35.268764],[111.072975,35.271074],[111.071099,35.274293],[111.076039,35.277817],[111.073115,35.286466],[111.075041,35.288747],[111.080716,35.287073],[111.082641,35.290982],[111.089451,35.288415],[111.09091,35.291914],[111.103797,35.296962],[111.10301,35.300843],[111.116391,35.289073],[111.123398,35.290705],[111.132031,35.276664],[111.137246,35.276953],[111.137875,35.272539],[111.147687,35.266331],[111.151569,35.268162],[111.153461,35.265024],[111.166945,35.275638],[111.17038,35.281634],[111.166811,35.282605],[111.168715,35.285225],[111.166296,35.287288],[111.175285,35.288881],[111.183539,35.303688],[111.19146,35.302516],[111.19761,35.305446],[111.200388,35.295402],[111.208455,35.292691],[111.225337,35.304857],[111.229364,35.304192],[111.22797,35.311528],[111.233232,35.309282],[111.247505,35.317691],[111.252315,35.312312],[111.25997,35.310463],[111.260686,35.306426],[111.262799,35.309837],[111.273438,35.309958],[111.283113,35.303497],[111.280467,35.297782],[111.287894,35.289286],[111.280388,35.277357],[111.287558,35.276444],[111.292718,35.269951],[111.297146,35.270969],[111.30254,35.279796],[111.308443,35.280802],[111.308866,35.275881],[111.302201,35.267518],[111.314735,35.273229],[111.313628,35.270308],[111.319609,35.266075],[111.320616,35.257314],[111.335999,35.252398],[111.336195,35.257453],[111.340195,35.25788],[111.344825,35.25257],[111.368362,35.246047],[111.396013,35.245719],[111.410567,35.234471],[111.419499,35.234244],[111.426352,35.223701],[111.436159,35.225366],[111.435223,35.215628],[111.447673,35.208902],[111.453708,35.201415],[111.457666,35.201233],[111.457937,35.206869],[111.470795,35.214211],[111.468358,35.206588],[111.474257,35.207759],[111.464871,35.202082],[111.465191,35.196882],[111.459542,35.187714],[111.478108,35.178159],[111.48062,35.166352],[111.490313,35.166071],[111.497158,35.179405],[111.513533,35.172278],[111.506982,35.187284],[111.510679,35.18946],[111.510007,35.194033],[111.540627,35.183619],[111.548552,35.177759],[111.55725,35.159311],[111.587305,35.151173],[111.597479,35.140687],[111.614847,35.133163],[111.617291,35.127952],[111.601869,35.127108],[111.600348,35.122173],[111.587174,35.110949],[111.585431,35.097789],[111.582351,35.095997],[111.580972,35.07752],[111.585061,35.069593],[111.596957,35.063247],[111.623268,35.065143],[111.639336,35.061299],[111.653667,35.062605],[111.6653,35.039958],[111.6626,35.026255],[111.666323,35.011099],[111.670585,35.006179],[111.655048,34.999144],[111.655073,34.995428],[111.662269,34.992228],[111.658124,34.9843],[111.66965,34.972315],[111.675132,34.950688],[111.657534,34.940343],[111.639067,34.938822],[111.63071,34.929831],[111.619166,34.934702],[111.607929,34.92995],[111.608167,34.938233],[111.604273,34.942187],[111.564699,34.955927],[111.540584,34.959435],[111.540174,34.961515],[111.545381,34.961995],[111.541544,34.969361],[111.539009,34.966223],[111.53569,34.967108],[111.533751,34.961733],[111.528101,34.960798],[111.528462,34.964466],[111.518613,34.96572],[111.508095,35.000078],[111.498855,35.006292],[111.497961,34.997993],[111.473806,34.998045],[111.465733,34.986016],[111.447574,34.975346],[111.444885,34.969913],[111.441961,34.972421],[111.433174,34.971175],[111.419902,34.956806],[111.412466,34.958752],[111.411909,34.968158],[111.399368,34.969732],[111.403624,34.974714],[111.394728,34.990227],[111.396422,34.995475],[111.386742,34.991825],[111.386035,34.998255],[111.378818,35.000282],[111.377298,35.003889],[111.368581,35.001768],[111.366479,34.995212],[111.357373,34.992392],[111.350894,34.995575],[111.349289,35.001675],[111.332894,35.001565],[111.328928,35.006243],[111.323683,35.000569],[111.314301,35.00303],[111.307146,34.993744],[111.288961,35.004653],[111.283812,35.004785],[111.278968,35.000583],[111.262926,35.004908],[111.263738,35.000291],[111.261515,35.005651],[111.248936,35.013836],[111.20958,35.01187],[111.200348,35.015546],[111.187085,35.011424],[111.175203,35.018905],[111.180978,35.022824],[111.176,35.030747],[111.154326,35.044471],[111.149833,35.043654],[111.146343,35.049111],[111.146695,35.055871],[111.131834,35.065787],[111.128452,35.065062],[111.133039,35.075051],[111.130745,35.082969],[111.116211,35.084977],[111.110561,35.088752],[111.093498,35.087679],[111.095544,35.09645],[111.089528,35.107264],[111.099746,35.113514],[111.094149,35.118435],[111.106631,35.13064],[111.104749,35.140264],[111.108653,35.144068],[111.107688,35.152181],[111.101036,35.156583],[111.10147,35.166297],[111.090686,35.179296],[111.082016,35.174106],[111.069801,35.176712],[111.068689,35.189478],[111.065481,35.193657],[111.067526,35.195438],[111.061013,35.21057],[111.060437,35.228639],[111.037608,35.249186]]]}},{"type":"Feature","properties":{"id":"cn:140829","name":"平陆县","level":2},"geometry":{"type":"Polygon","coordinates":[[[110.889704,34.841579],[110.917722,34.858456],[110.922354,34.86513],[110.93202,34.865658],[110.938765,34.87489],[110.955885,34.877154],[110.964437,34.886781],[110.978141,34.887399],[111.000371,34.900322],[111.011726,34.897374],[111.023552,34.917124],[111.053759,34.926329],[111.054904,34.931376],[111.061335,34.934233],[111.07117,34.947167],[111.1051,34.958512],[111.110642,34.954755],[111.106078,34.960747],[111.114665,34.964581],[111.121168,34.972874],[111.119215,34.975931],[111.141753,34.984336],[111.138244,34.990231],[111.139308,34.999266],[111.144627,35.002749],[111.151766,35.000943],[111.176761,35.017006],[111.187673,35.011226],[111.200348,35.015546],[111.20958,35.01187],[111.248936,35.013836],[111.261515,35.005651],[111.263738,35.000291],[111.262926,35.004908],[111.278968,35.000583],[111.283812,35.004785],[111.288961,35.004653],[111.307146,34.993744],[111.314301,35.00303],[111.323683,35.000569],[111.328928,35.006243],[111.332894,35.001565],[111.349289,35.001675],[111.350894,34.995575],[111.357373,34.992392],[111.366479,34.995212],[111.368581,35.001768],[111.377298,35.003889],[111.378818,35.000282],[111.386035,34.998255],[111.386742,34.991825],[111.396422,34.995475],[111.394728,34.990227],[111.403624,34.974714],[111.399368,34.969732],[111.411909,34.968158],[111.412466,34.958752],[111.419902,34.956806],[111.433174,34.971175],[111.441961,34.972421],[111.444885,34.969913],[111.447574,34.975346],[111.465733,34.986016],[111.473806,34.998045],[111.497961,34.997993],[111.498855,35.006292],[111.508095,35.000078],[111.518613,34.96572],[111.528462,34.964466],[111.528101,34.960798],[111.533751,34.961733],[111.53569,34.967108],[111.539009,34.966223],[111.541544,34.969361],[111.545381,34.961995],[111.540174,34.961515],[111.540584,34.959435],[111.564699,34.955927],[111.604273,34.942187],[111.608167,34.938233],[111.607929,34.92995],[111.619166,34.934702],[111.63071,34.929831],[111.621832,34.91789],[111.615597,34.917332],[111.615923,34.908277],[111.611066,34.895045],[111.599835,34.893435],[111.588063,34.886429],[111.581665,34.859069],[111.564814,34.844427],[111.555014,34.846346],[111.548457,34.853282],[111.53588,34.853994],[111.521704,34.851159],[111.509244,34.841171],[111.502526,34.840153],[111.496496,34.830897],[111.473878,34.826936],[111.459374,34.827448],[111.446647,34.836473],[111.433067,34.838969],[111.424695,34.83008],[111.40906,34.828252],[111.388991,34.815701],[111.351199,34.822708],[111.342218,34.831885],[111.336692,34.832675],[111.31656,34.820636],[111.283549,34.807559],[111.252316,34.821523],[111.243138,34.81501],[111.233861,34.794582],[111.222118,34.790141],[111.214421,34.791523],[111.203418,34.801934],[111.176673,34.802922],[111.162068,34.814073],[111.154666,34.815455],[111.142429,34.808349],[111.130337,34.792564],[111.116707,34.760033],[111.044372,34.747835],[110.985227,34.718958],[110.969171,34.702891],[110.960808,34.706218],[110.955332,34.717442],[110.938046,34.729285],[110.940223,34.734631],[110.956953,34.734995],[110.962845,34.741345],[110.946889,34.744282],[110.940468,34.74201],[110.916093,34.753461],[110.913313,34.783963],[110.915004,34.792755],[110.919198,34.791258],[110.919078,34.797265],[110.923898,34.804059],[110.920767,34.816438],[110.913249,34.818132],[110.901469,34.828356],[110.895464,34.835453],[110.897349,34.843019],[110.889704,34.841579]]]}},{"type":"Feature","properties":{"id":"cn:140830","name":"芮城县","level":2},"geometry":{"type":"Polygon","coordinates":[[[110.231352,34.671548],[110.276518,34.678037],[110.283136,34.696741],[110.280373,34.70416],[110.28925,34.711079],[110.297561,34.723491],[110.299541,34.7353],[110.307831,34.735679],[110.30595,34.740999],[110.314061,34.738934],[110.309341,34.743725],[110.315209,34.751103],[110.320616,34.751355],[110.328796,34.744477],[110.357753,34.760119],[110.393843,34.766047],[110.405478,34.763541],[110.431317,34.78093],[110.445089,34.776493],[110.46898,34.78251],[110.476976,34.780464],[110.48819,34.798586],[110.501806,34.808011],[110.515789,34.802279],[110.540349,34.805916],[110.553613,34.795962],[110.571726,34.791351],[110.585062,34.792125],[110.591374,34.796929],[110.603169,34.792614],[110.620486,34.793369],[110.648601,34.781203],[110.666515,34.791282],[110.668355,34.799324],[110.686947,34.807563],[110.699476,34.794026],[110.721237,34.808982],[110.751089,34.812727],[110.761387,34.816069],[110.772823,34.824837],[110.804898,34.819735],[110.816013,34.831489],[110.83154,34.83669],[110.837361,34.834944],[110.857755,34.839669],[110.882947,34.834747],[110.889704,34.841579],[110.896971,34.843074],[110.895464,34.835453],[110.913249,34.818132],[110.920537,34.817032],[110.923898,34.804059],[110.919078,34.797265],[110.919198,34.791258],[110.915004,34.792755],[110.913313,34.783963],[110.916093,34.753461],[110.940468,34.74201],[110.946889,34.744282],[110.962845,34.741345],[110.956953,34.734995],[110.940223,34.734631],[110.938046,34.729285],[110.940352,34.72703],[110.919347,34.732548],[110.90978,34.717503],[110.898306,34.670135],[110.888073,34.652969],[110.878273,34.645459],[110.847744,34.636593],[110.829054,34.618809],[110.818834,34.61709],[110.81055,34.623873],[110.802739,34.638314],[110.786346,34.650946],[110.749166,34.654617],[110.743625,34.653412],[110.735674,34.640401],[110.716884,34.621275],[110.690729,34.608745],[110.682357,34.600143],[110.669458,34.593704],[110.634261,34.607825],[110.61002,34.610684],[110.534935,34.58325],[110.51666,34.59077],[110.483099,34.611906],[110.470426,34.611563],[110.443605,34.603572],[110.419297,34.589499],[110.411281,34.588567],[110.357691,34.606266],[110.290233,34.612198],[110.263809,34.630646],[110.231352,34.671548]]]}},{"type":"Feature","properties":{"id":"cn:140881","name":"永济市","level":2},"geometry":{"type":"Polygon","coordinates":[[[110.224324,34.693752],[110.237916,34.726886],[110.24161,34.789887],[110.235106,34.801346],[110.228429,34.838365],[110.233561,34.853005],[110.225684,34.881644],[110.249069,34.920055],[110.250667,34.933212],[110.256894,34.945202],[110.26937,34.948123],[110.281739,34.967877],[110.294228,34.979834],[110.296182,34.989395],[110.315487,35.005876],[110.315195,35.039169],[110.327711,35.045737],[110.332229,35.060618],[110.375016,35.055323],[110.38708,35.050417],[110.432825,35.02407],[110.448068,35.011318],[110.47108,35.002902],[110.476502,34.994228],[110.489823,34.98671],[110.498323,34.98593],[110.497966,34.994872],[110.503737,34.997568],[110.517335,34.994259],[110.520962,34.989621],[110.538771,34.981882],[110.568305,34.982724],[110.57551,34.985173],[110.578452,34.992133],[110.585119,34.994358],[110.612586,34.985325],[110.617662,34.989833],[110.627672,34.991734],[110.633736,34.986283],[110.645614,34.984166],[110.651292,34.990024],[110.657418,34.988533],[110.66066,34.992772],[110.67223,34.996159],[110.672241,35.000021],[110.677969,35.003787],[110.701942,35.011072],[110.701239,35.020523],[110.694884,35.024133],[110.692931,35.029137],[110.700082,35.036389],[110.745862,35.044187],[110.750999,35.034431],[110.760788,35.033006],[110.76342,35.023293],[110.754179,35.01911],[110.752281,35.002874],[110.760425,34.99004],[110.744447,34.978392],[110.736,34.963685],[110.742069,34.942804],[110.742549,34.929403],[110.749585,34.926344],[110.764525,34.92737],[110.765509,34.912377],[110.747229,34.911068],[110.744117,34.900913],[110.736034,34.895468],[110.733926,34.887378],[110.746976,34.872854],[110.74405,34.862976],[110.750833,34.841834],[110.760143,34.830662],[110.763836,34.819836],[110.761874,34.816352],[110.721237,34.808982],[110.699476,34.794026],[110.686947,34.807563],[110.668355,34.799324],[110.666515,34.791282],[110.648601,34.781203],[110.620486,34.793369],[110.603169,34.792614],[110.591374,34.796929],[110.585062,34.792125],[110.571726,34.791351],[110.553613,34.795962],[110.540349,34.805916],[110.515789,34.802279],[110.501806,34.808011],[110.48819,34.798586],[110.476976,34.780464],[110.46898,34.78251],[110.445089,34.776493],[110.431317,34.78093],[110.405478,34.763541],[110.393843,34.766047],[110.357753,34.760119],[110.328796,34.744477],[110.320616,34.751355],[110.315209,34.751103],[110.309341,34.743725],[110.314061,34.738934],[110.30595,34.740999],[110.307831,34.735679],[110.299541,34.7353],[110.297561,34.723491],[110.28925,34.711079],[110.280373,34.70416],[110.283136,34.696741],[110.275436,34.677187],[110.231352,34.671548],[110.224324,34.693752]]]}},{"type":"Feature","properties":{"id":"cn:140882","name":"河津市","level":2},"geometry":{"type":"Polygon","coordinates":[[[110.54022,35.520764],[110.550575,35.533385],[110.562222,35.539933],[110.575677,35.563565],[110.583818,35.602559],[110.604065,35.632571],[110.598718,35.659253],[110.587097,35.663697],[110.587037,35.682685],[110.577412,35.691689],[110.57234,35.701833],[110.574462,35.715546],[110.571965,35.737227],[110.60219,35.752985],[110.605854,35.76137],[110.61147,35.762852],[110.618735,35.773068],[110.622155,35.784738],[110.639491,35.789403],[110.650784,35.788466],[110.666093,35.776828],[110.670203,35.76868],[110.691331,35.765554],[110.693467,35.760591],[110.691331,35.756338],[110.679282,35.750665],[110.674317,35.742868],[110.675029,35.734361],[110.679283,35.7294],[110.701974,35.737905],[110.740967,35.744533],[110.761059,35.729541],[110.81685,35.7219],[110.822127,35.702765],[110.816504,35.693471],[110.821129,35.686726],[110.819632,35.630238],[110.829155,35.61983],[110.829738,35.60868],[110.82665,35.605587],[110.813633,35.6039],[110.82773,35.59116],[110.830108,35.56325],[110.827576,35.559977],[110.816263,35.560434],[110.815828,35.557028],[110.8368,35.534678],[110.837892,35.526907],[110.823711,35.523265],[110.812391,35.528817],[110.796038,35.527528],[110.794696,35.523919],[110.791006,35.526857],[110.76954,35.515304],[110.766693,35.5057],[110.762137,35.514727],[110.754706,35.515512],[110.748738,35.504408],[110.741505,35.503212],[110.735432,35.494744],[110.731049,35.473652],[110.72565,35.472626],[110.72322,35.481999],[110.71776,35.48264],[110.710066,35.491077],[110.706257,35.49215],[110.702868,35.484172],[110.692198,35.480932],[110.677386,35.493665],[110.6682,35.492836],[110.661227,35.500164],[110.651605,35.498136],[110.647626,35.504991],[110.632893,35.504755],[110.618756,35.520359],[110.599367,35.51511],[110.595993,35.505724],[110.564405,35.50394],[110.54022,35.520764]]]}},{"type":"Feature","properties":{"id":"cn:1409","name":"忻州市","level":1},"geometry":{"type":"Polygon","coordinates":[[[110.939036,38.691719],[110.949114,38.712414],[110.947118,38.721325],[110.939354,38.72901],[110.959034,38.755165],[110.949434,38.774257],[110.953878,38.779567],[110.973067,38.787138],[110.99035,38.824464],[111.00266,38.837083],[111.002979,38.84711],[110.988782,38.865552],[111.006104,38.877584],[111.010456,38.889274],[111.005059,38.907923],[111.003677,38.931859],[110.990539,38.957619],[110.976533,38.966035],[110.973894,38.971596],[110.97597,38.977465],[110.992228,38.997752],[111.021791,39.01528],[111.031877,39.019244],[111.082418,39.026125],[111.131784,39.063314],[111.139231,39.078867],[111.138995,39.097201],[111.155962,39.107475],[111.167604,39.134198],[111.165341,39.14174],[111.156754,39.149078],[111.15714,39.153051],[111.168195,39.173711],[111.181125,39.189087],[111.189513,39.208833],[111.198861,39.218705],[111.197522,39.223708],[111.210823,39.236426],[111.212519,39.244721],[111.206957,39.253582],[111.211152,39.268428],[111.220674,39.283416],[111.234529,39.291334],[111.241448,39.299734],[111.207311,39.300288],[111.191452,39.306275],[111.181444,39.313275],[111.172892,39.325709],[111.174533,39.330724],[111.187692,39.339466],[111.188517,39.343944],[111.184864,39.348303],[111.177118,39.349837],[111.164191,39.34361],[111.158706,39.334871],[111.151637,39.335577],[111.147513,39.340644],[111.152579,39.356668],[111.148455,39.367155],[111.11898,39.365289],[111.113485,39.368832],[111.11299,39.376075],[111.136546,39.40663],[111.154793,39.413867],[111.167794,39.422991],[111.186844,39.419347],[111.208446,39.425004],[111.216454,39.421654],[111.255534,39.423218],[111.282714,39.416184],[111.302157,39.42112],[111.330516,39.419826],[111.345707,39.425589],[111.354952,39.438124],[111.357365,39.466115],[111.36529,39.477751],[111.38181,39.49095],[111.404301,39.499218],[111.416428,39.50045],[111.424648,39.507556],[111.427139,39.522165],[111.415299,39.537933],[111.426331,39.560628],[111.428081,39.578667],[111.433992,39.595369],[111.422221,39.615264],[111.426991,39.619864],[111.432841,39.620161],[111.438897,39.617229],[111.448332,39.604965],[111.453723,39.605655],[111.455875,39.609361],[111.455094,39.62509],[111.435875,39.628923],[111.431223,39.641766],[111.44015,39.63932],[111.495217,39.661995],[111.515441,39.66217],[111.539903,39.652473],[111.553514,39.652643],[111.5621,39.642651],[111.589311,39.642533],[111.616643,39.628986],[111.630676,39.641721],[111.640291,39.643435],[111.6553,39.640054],[111.697141,39.622988],[111.715977,39.604966],[111.732678,39.601972],[111.755499,39.592684],[111.768798,39.592831],[111.776853,39.587848],[111.796975,39.596494],[111.829058,39.619069],[111.863164,39.611399],[111.872382,39.604971],[111.87885,39.611642],[111.885568,39.611168],[111.895507,39.616286],[111.906219,39.612475],[111.912512,39.614858],[111.918918,39.609692],[111.923745,39.610517],[111.931748,39.602735],[111.93619,39.584396],[111.969675,39.562493],[111.995508,39.536112],[111.989223,39.527411],[111.980855,39.525114],[111.93727,39.524607],[111.89951,39.516682],[111.890865,39.510245],[111.889276,39.496539],[111.900621,39.479456],[111.90761,39.474605],[111.913939,39.460293],[111.919609,39.457934],[111.936309,39.462169],[111.967429,39.444503],[111.980651,39.447438],[111.98285,39.431243],[111.991577,39.422522],[111.993065,39.412224],[112.0019,39.409157],[112.004959,39.403538],[111.999749,39.383453],[112.016404,39.367835],[112.013032,39.359595],[112.01497,39.350833],[112.021471,39.342121],[112.037652,39.337537],[112.04645,39.33127],[112.041918,39.324592],[112.043123,39.317438],[112.05807,39.30583],[112.04168,39.295959],[112.045777,39.289845],[112.061193,39.281156],[112.078493,39.252002],[112.09056,39.251203],[112.10108,39.268998],[112.127903,39.278021],[112.154361,39.273911],[112.181617,39.260729],[112.187624,39.248673],[112.185534,39.228953],[112.195782,39.222362],[112.195165,39.210407],[112.213033,39.202648],[112.214392,39.189033],[112.209127,39.175964],[112.216841,39.175407],[112.227995,39.181522],[112.24365,39.181834],[112.255507,39.176041],[112.258406,39.163788],[112.266409,39.163223],[112.259573,39.155777],[112.261809,39.142783],[112.25736,39.130743],[112.26319,39.126131],[112.285621,39.128912],[112.296393,39.126505],[112.297995,39.118201],[112.282874,39.111315],[112.281371,39.107612],[112.284972,39.100556],[112.293235,39.096727],[112.307357,39.099784],[112.307921,39.119225],[112.319824,39.119946],[112.324714,39.1238],[112.34352,39.117848],[112.364358,39.104792],[112.398299,39.113587],[112.416511,39.110367],[112.430921,39.103327],[112.45072,39.111049],[112.491536,39.136755],[112.521641,39.141703],[112.539687,39.137328],[112.5556,39.11396],[112.576344,39.110845],[112.576337,39.099712],[112.582944,39.08772],[112.601156,39.089314],[112.611803,39.08517],[112.631872,39.084518],[112.646065,39.092253],[112.650082,39.105132],[112.647948,39.116573],[112.6649,39.130978],[112.67996,39.125582],[112.694563,39.127947],[112.717504,39.138042],[112.736533,39.152251],[112.740566,39.157941],[112.741764,39.173105],[112.7292,39.185324],[112.748916,39.182671],[112.778713,39.191788],[112.784624,39.189631],[112.801056,39.17243],[112.809945,39.172313],[112.821247,39.186294],[112.827098,39.205391],[112.866386,39.211727],[112.873069,39.216658],[112.879832,39.238185],[112.89176,39.245773],[112.906264,39.27089],[112.920918,39.286445],[112.938669,39.294237],[112.975014,39.300352],[113.029106,39.320069],[113.029015,39.325003],[113.046123,39.338052],[113.046854,39.347667],[113.050457,39.351018],[113.071422,39.35252],[113.087017,39.361517],[113.104106,39.360273],[113.12886,39.342622],[113.123026,39.324223],[113.13326,39.317261],[113.157696,39.305954],[113.205282,39.294309],[113.218251,39.295393],[113.238971,39.307985],[113.259432,39.31506],[113.271216,39.311996],[113.355377,39.313177],[113.361436,39.306565],[113.378694,39.299596],[113.382183,39.30088],[113.386402,39.311157],[113.40641,39.321067],[113.410256,39.329691],[113.415586,39.33098],[113.43944,39.319964],[113.4422,39.320515],[113.441636,39.33391],[113.445864,39.33795],[113.474631,39.34437],[113.498094,39.3421],[113.50825,39.345971],[113.527157,39.383892],[113.554458,39.403428],[113.554206,39.425876],[113.558615,39.434692],[113.579545,39.440368],[113.586958,39.434557],[113.592565,39.42315],[113.598546,39.421409],[113.642904,39.433714],[113.683962,39.418362],[113.710473,39.421765],[113.732521,39.419816],[113.747409,39.414182],[113.759795,39.404174],[113.766054,39.389681],[113.773519,39.382467],[113.79147,39.375601],[113.834074,39.369976],[113.89318,39.372159],[113.895011,39.365414],[113.89179,39.344228],[113.916729,39.322071],[113.923835,39.321968],[113.924485,39.317444],[113.935826,39.307891],[113.940513,39.294936],[113.957414,39.283747],[113.961772,39.275907],[113.952196,39.222053],[113.933768,39.206102],[113.930547,39.199257],[113.945442,39.145712],[113.946145,39.126675],[113.95539,39.100065],[113.936535,39.086705],[113.923948,39.06276],[113.891682,39.066935],[113.881657,39.063779],[113.878054,39.050958],[113.872064,39.043462],[113.824,39.011045],[113.800198,38.988913],[113.770084,38.986135],[113.762307,38.96933],[113.760884,38.958835],[113.768495,38.918297],[113.769563,38.884889],[113.794744,38.854156],[113.810483,38.84541],[113.829155,38.841915],[113.849128,38.828348],[113.85122,38.817723],[113.847227,38.809571],[113.834127,38.801863],[113.830099,38.79533],[113.829561,38.773277],[113.824186,38.765141],[113.824064,38.757814],[113.815347,38.757191],[113.796358,38.762631],[113.790195,38.757466],[113.77381,38.727652],[113.769028,38.709167],[113.756432,38.700716],[113.738733,38.700864],[113.722396,38.71128],[113.714045,38.712574],[113.70691,38.708659],[113.70336,38.697678],[113.70711,38.682509],[113.707205,38.663069],[113.703194,38.654679],[113.684515,38.648672],[113.660547,38.646429],[113.62612,38.652614],[113.60639,38.645547],[113.597761,38.615643],[113.602362,38.600157],[113.599931,38.592305],[113.583117,38.575691],[113.560652,38.566112],[113.555504,38.557835],[113.554559,38.533417],[113.548976,38.520557],[113.510765,38.51922],[113.47804,38.507861],[113.461182,38.507427],[113.4281,38.519901],[113.416504,38.519181],[113.361209,38.495189],[113.303649,38.475319],[113.283909,38.463817],[113.27469,38.448058],[113.201774,38.419814],[113.196225,38.414758],[113.157345,38.412696],[113.146842,38.415665],[113.138769,38.410947],[113.132502,38.416998],[113.114429,38.42054],[113.078631,38.414985],[113.071626,38.410136],[113.07699,38.398461],[113.074638,38.393335],[113.062485,38.387376],[113.052928,38.389151],[113.029812,38.379399],[113.024361,38.366943],[113.015967,38.364083],[113.012208,38.356157],[112.996818,38.342771],[112.980143,38.339729],[112.971696,38.341721],[112.965681,38.356999],[112.938667,38.333445],[112.917348,38.330416],[112.898555,38.318355],[112.837185,38.302778],[112.813999,38.284483],[112.803669,38.27112],[112.802627,38.262761],[112.789598,38.250447],[112.742429,38.241412],[112.729407,38.24346],[112.722307,38.238004],[112.703566,38.243712],[112.688149,38.241725],[112.687004,38.236104],[112.683098,38.235323],[112.675259,38.235353],[112.657777,38.243752],[112.635442,38.24712],[112.633888,38.244755],[112.639304,38.237888],[112.642022,38.227168],[112.630398,38.215601],[112.614453,38.206152],[112.590443,38.210923],[112.57948,38.207316],[112.560097,38.211951],[112.55119,38.22295],[112.556424,38.230619],[112.556208,38.238688],[112.548074,38.241461],[112.547145,38.248788],[112.537006,38.251782],[112.535365,38.25986],[112.52014,38.269013],[112.518309,38.249422],[112.504576,38.245233],[112.498265,38.237507],[112.476486,38.243442],[112.468048,38.241033],[112.462007,38.246449],[112.452024,38.249257],[112.442381,38.265295],[112.440228,38.275338],[112.431712,38.280308],[112.411842,38.274421],[112.399733,38.266009],[112.391678,38.267429],[112.378318,38.275063],[112.357068,38.277298],[112.333976,38.302328],[112.32172,38.304619],[112.313135,38.310353],[112.296442,38.305683],[112.267466,38.313299],[112.26211,38.305591],[112.241468,38.291134],[112.241077,38.287016],[112.244081,38.281047],[112.263213,38.272445],[112.263465,38.26728],[112.227492,38.261026],[112.214897,38.255613],[112.21435,38.249954],[112.225131,38.234958],[112.244975,38.219012],[112.248318,38.19798],[112.259308,38.193231],[112.259698,38.175931],[112.244958,38.149477],[112.235931,38.147776],[112.229699,38.142159],[112.215444,38.146781],[112.207103,38.144807],[112.208179,38.131764],[112.195852,38.141773],[112.189177,38.140201],[112.153655,38.14932],[112.134445,38.146694],[112.12803,38.140244],[112.094609,38.166576],[112.085269,38.168781],[112.072065,38.166072],[112.052604,38.175283],[112.039748,38.171146],[112.009496,38.181121],[112.003654,38.188693],[111.990876,38.182305],[111.964904,38.177774],[111.953784,38.168403],[111.944946,38.167504],[111.929313,38.178754],[111.908792,38.18029],[111.891804,38.19763],[111.880927,38.199214],[111.872802,38.192976],[111.866491,38.192981],[111.858236,38.201527],[111.862759,38.219617],[111.859929,38.223867],[111.838548,38.229535],[111.834876,38.221978],[111.841482,38.219171],[111.843193,38.214535],[111.811126,38.213788],[111.798852,38.221899],[111.793739,38.234868],[111.783687,38.23848],[111.772593,38.247481],[111.768939,38.259555],[111.770695,38.292144],[111.800957,38.298721],[111.813158,38.295009],[111.824428,38.296843],[111.835893,38.303606],[111.835893,38.318034],[111.822129,38.325301],[111.815049,38.336278],[111.821595,38.349044],[111.81514,38.36016],[111.816819,38.36858],[111.782302,38.387273],[111.787178,38.402042],[111.776225,38.420437],[111.790102,38.432543],[111.785521,38.442141],[111.786989,38.450307],[111.716838,38.505698],[111.718774,38.51361],[111.723018,38.516722],[111.762411,38.536526],[111.760311,38.547082],[111.74314,38.581271],[111.731864,38.59374],[111.712645,38.601787],[111.703349,38.600481],[111.677871,38.566127],[111.603192,38.541804],[111.552632,38.508324],[111.539542,38.507082],[111.528456,38.512135],[111.515931,38.524223],[111.506018,38.524796],[111.497841,38.513923],[111.500106,38.506592],[111.497067,38.483311],[111.448223,38.523238],[111.440646,38.541831],[111.439569,38.562909],[111.431748,38.568382],[111.366915,38.57232],[111.342314,38.586135],[111.340309,38.602728],[111.289364,38.592771],[111.26649,38.595597],[111.245778,38.629278],[111.244268,38.6543],[111.221126,38.666722],[111.213237,38.711154],[111.20506,38.72332],[111.196023,38.728637],[111.180797,38.729362],[111.139678,38.721038],[111.117135,38.705724],[111.064843,38.685551],[111.025687,38.659481],[111.018708,38.65088],[111.003408,38.652462],[111.00072,38.659813],[110.979852,38.683772],[110.953854,38.682987],[110.943551,38.685382],[110.939036,38.691719]]]}},{"type":"Feature","properties":{"id":"cn:140902","name":"忻府区","level":2},"geometry":{"type":"Polygon","coordinates":[[[112.2604,38.320609],[112.270478,38.331004],[112.310799,38.35083],[112.312804,38.366503],[112.332292,38.388086],[112.332414,38.396125],[112.323758,38.414159],[112.332517,38.439484],[112.331893,38.445195],[112.32316,38.454289],[112.301414,38.460843],[112.293697,38.472717],[112.297803,38.487318],[112.309331,38.500355],[112.311614,38.546319],[112.316352,38.560486],[112.326622,38.570264],[112.347125,38.580637],[112.358462,38.597334],[112.380098,38.616096],[112.38337,38.624041],[112.407412,38.636842],[112.420185,38.654637],[112.434696,38.660909],[112.431576,38.678792],[112.43935,38.682695],[112.474125,38.677573],[112.505339,38.644252],[112.528907,38.631986],[112.553817,38.603508],[112.574436,38.599091],[112.59512,38.600692],[112.602279,38.589205],[112.625525,38.586718],[112.635958,38.591421],[112.648865,38.588668],[112.65478,38.59345],[112.666077,38.59402],[112.671461,38.605725],[112.698635,38.606281],[112.71742,38.616989],[112.738965,38.621581],[112.746625,38.613939],[112.763364,38.607766],[112.774457,38.599364],[112.789853,38.596202],[112.804628,38.597714],[112.829953,38.586958],[112.844523,38.571837],[112.862804,38.541942],[112.869934,38.522823],[112.876849,38.517867],[112.871375,38.514327],[112.864814,38.498885],[112.850173,38.493893],[112.849944,38.489492],[112.856384,38.481995],[112.852234,38.47698],[112.85411,38.472591],[112.872459,38.472579],[112.874541,38.469456],[112.87339,38.457431],[112.854078,38.432308],[112.870319,38.438703],[112.900805,38.438037],[112.905376,38.428275],[112.901506,38.427518],[112.903908,38.417884],[112.897229,38.410766],[112.897381,38.396622],[112.892436,38.389235],[112.895395,38.379822],[112.900976,38.375919],[112.923199,38.377707],[112.929258,38.369413],[112.965681,38.356999],[112.938667,38.333445],[112.917348,38.330416],[112.898555,38.318355],[112.882748,38.316332],[112.872653,38.310806],[112.833938,38.300916],[112.813999,38.284483],[112.803669,38.27112],[112.802627,38.262761],[112.789598,38.250447],[112.742429,38.241412],[112.729407,38.24346],[112.722307,38.238004],[112.703566,38.243712],[112.688149,38.241725],[112.687004,38.236104],[112.683098,38.235323],[112.675259,38.235353],[112.657777,38.243752],[112.635442,38.24712],[112.633888,38.244755],[112.639304,38.237888],[112.642022,38.227168],[112.630398,38.215601],[112.614453,38.206152],[112.590443,38.210923],[112.57948,38.207316],[112.560097,38.211951],[112.55119,38.22295],[112.556424,38.230619],[112.556208,38.238688],[112.548074,38.241461],[112.547145,38.248788],[112.537006,38.251782],[112.535365,38.25986],[112.52014,38.269013],[112.518309,38.249422],[112.504576,38.245233],[112.498265,38.237507],[112.476486,38.243442],[112.468048,38.241033],[112.462007,38.246449],[112.452024,38.249257],[112.442381,38.265295],[112.440228,38.275338],[112.431712,38.280308],[112.411842,38.274421],[112.399733,38.266009],[112.391678,38.267429],[112.378318,38.275063],[112.357068,38.277298],[112.348535,38.288739],[112.331008,38.303544],[112.32172,38.304619],[112.313135,38.310353],[112.296442,38.305683],[112.269167,38.311225],[112.2604,38.320609]]]}},{"type":"Feature","properties":{"id":"cn:140921","name":"定襄县","level":2},"geometry":{"type":"Polygon","coordinates":[[[112.738965,38.621581],[112.749893,38.629523],[112.826839,38.643559],[112.853494,38.633532],[112.897348,38.642026],[112.917686,38.634174],[112.931585,38.620389],[112.941445,38.616791],[112.97852,38.61403],[113.00167,38.620241],[113.007772,38.627312],[113.008484,38.636504],[113.011609,38.63788],[113.022353,38.638907],[113.02809,38.634376],[113.030257,38.636104],[113.032942,38.631608],[113.043082,38.631342],[113.037757,38.645557],[113.042525,38.651377],[113.075819,38.661976],[113.085367,38.656469],[113.091234,38.635544],[113.082754,38.61504],[113.092844,38.613561],[113.094424,38.620031],[113.09784,38.62027],[113.100572,38.613888],[113.119525,38.607944],[113.144186,38.576338],[113.186095,38.557145],[113.193326,38.534193],[113.202839,38.531025],[113.218864,38.545473],[113.22494,38.547019],[113.259555,38.508886],[113.26776,38.506195],[113.269159,38.489541],[113.264538,38.481971],[113.269785,38.475606],[113.287702,38.467381],[113.27469,38.448058],[113.201774,38.419814],[113.196225,38.414758],[113.157345,38.412696],[113.146842,38.415665],[113.138769,38.410947],[113.132502,38.416998],[113.114429,38.42054],[113.078631,38.414985],[113.071626,38.410136],[113.07699,38.398461],[113.074638,38.393335],[113.062485,38.387376],[113.052928,38.389151],[113.032477,38.381017],[113.026591,38.375371],[113.024361,38.366943],[113.015967,38.364083],[113.012208,38.356157],[113.000272,38.344972],[112.992052,38.340737],[112.975776,38.340146],[112.968441,38.346322],[112.967365,38.356843],[112.929258,38.369413],[112.923199,38.377707],[112.900976,38.375919],[112.895395,38.379822],[112.892436,38.389235],[112.897381,38.396622],[112.897229,38.410766],[112.903908,38.417884],[112.901506,38.427518],[112.905376,38.428275],[112.900805,38.438037],[112.870319,38.438703],[112.854078,38.432308],[112.87339,38.457431],[112.874541,38.469456],[112.872459,38.472579],[112.85411,38.472591],[112.852234,38.47698],[112.856384,38.481995],[112.849944,38.489492],[112.850173,38.493893],[112.864814,38.498885],[112.871375,38.514327],[112.876849,38.517867],[112.869934,38.522823],[112.861224,38.544897],[112.840469,38.576786],[112.816896,38.594312],[112.802566,38.598057],[112.789853,38.596202],[112.774457,38.599364],[112.763364,38.607766],[112.746625,38.613939],[112.738965,38.621581]]]}},{"type":"Feature","properties":{"id":"cn:140922","name":"五台县","level":2},"geometry":{"type":"Polygon","coordinates":[[[112.955693,38.794955],[112.9609,38.802455],[112.973843,38.808123],[113.008721,38.816065],[113.014016,38.828144],[113.011665,38.845966],[113.039598,38.852082],[113.066994,38.869407],[113.077532,38.87041],[113.097227,38.858608],[113.117175,38.859654],[113.129631,38.851303],[113.141827,38.848451],[113.153989,38.852475],[113.178017,38.879306],[113.187209,38.884159],[113.216435,38.875825],[113.227608,38.875911],[113.240012,38.887501],[113.257872,38.896028],[113.272751,38.898971],[113.28375,38.909366],[113.284053,38.921984],[113.282308,38.954313],[113.27065,38.970888],[113.273488,38.972472],[113.288855,38.971244],[113.304868,38.975071],[113.319114,38.983705],[113.352416,38.993342],[113.386222,38.986396],[113.393897,38.979012],[113.430303,38.963806],[113.443671,38.96118],[113.472439,38.970195],[113.482708,38.978029],[113.502969,39.007218],[113.533151,39.0323],[113.536164,39.037647],[113.529895,39.04738],[113.53822,39.051684],[113.548776,39.067314],[113.562683,39.080283],[113.56915,39.080674],[113.613932,39.060716],[113.636875,39.061979],[113.648802,39.058832],[113.669774,39.014192],[113.684426,39.009053],[113.743184,39.021023],[113.753314,39.018285],[113.763037,39.010954],[113.7767,38.988484],[113.770084,38.986135],[113.762307,38.96933],[113.760884,38.958835],[113.768495,38.918297],[113.769563,38.884889],[113.794744,38.854156],[113.810483,38.84541],[113.829155,38.841915],[113.849128,38.828348],[113.85122,38.817723],[113.847227,38.809571],[113.834127,38.801863],[113.830099,38.79533],[113.829561,38.773277],[113.824186,38.765141],[113.824064,38.757814],[113.815347,38.757191],[113.796358,38.762631],[113.790195,38.757466],[113.777474,38.735616],[113.765313,38.704453],[113.756432,38.700716],[113.738733,38.700864],[113.722396,38.71128],[113.714045,38.712574],[113.70691,38.708659],[113.70336,38.697678],[113.70711,38.682509],[113.707205,38.663069],[113.703194,38.654679],[113.684515,38.648672],[113.660547,38.646429],[113.62612,38.652614],[113.60639,38.645547],[113.597761,38.615643],[113.602362,38.600157],[113.599931,38.592305],[113.583117,38.575691],[113.560652,38.566112],[113.555504,38.557835],[113.554559,38.533417],[113.548976,38.520557],[113.510765,38.51922],[113.47804,38.507861],[113.461182,38.507427],[113.4281,38.519901],[113.416504,38.519181],[113.361209,38.495189],[113.326374,38.485149],[113.287702,38.467381],[113.269785,38.475606],[113.264538,38.481971],[113.269159,38.489541],[113.26776,38.506195],[113.259555,38.508886],[113.22494,38.547019],[113.218864,38.545473],[113.202839,38.531025],[113.193326,38.534193],[113.186095,38.557145],[113.144186,38.576338],[113.119525,38.607944],[113.100572,38.613888],[113.09784,38.62027],[113.094424,38.620031],[113.092844,38.613561],[113.082754,38.61504],[113.091234,38.635544],[113.08423,38.665149],[113.078301,38.672541],[113.065072,38.679029],[113.0591,38.687333],[113.05528,38.705566],[113.040732,38.726912],[113.040636,38.740896],[113.015544,38.767198],[112.992696,38.77774],[112.964008,38.781452],[112.95886,38.784504],[112.955693,38.794955]]]}},{"type":"Feature","properties":{"id":"cn:140923","name":"代县","level":2},"geometry":{"type":"Polygon","coordinates":[[[112.717966,39.091276],[112.733144,39.105178],[112.744673,39.108546],[112.749175,39.117611],[112.749838,39.14265],[112.736533,39.152251],[112.740566,39.157941],[112.741764,39.173105],[112.7292,39.185324],[112.748916,39.182671],[112.778713,39.191788],[112.784624,39.189631],[112.801056,39.17243],[112.809945,39.172313],[112.821247,39.186294],[112.827098,39.205391],[112.866386,39.211727],[112.873069,39.216658],[112.879832,39.238185],[112.89176,39.245773],[112.906264,39.27089],[112.928148,39.291511],[112.960718,39.296359],[113.019016,39.315678],[113.029106,39.320069],[113.029015,39.325003],[113.046123,39.338052],[113.046854,39.347667],[113.050457,39.351018],[113.077335,39.354233],[113.084804,39.361134],[113.101895,39.360682],[113.12886,39.342622],[113.123026,39.324223],[113.139875,39.313867],[113.172851,39.301943],[113.161671,39.273957],[113.150829,39.261487],[113.153658,39.256357],[113.186653,39.246526],[113.189847,39.241573],[113.183475,39.207458],[113.21384,39.174503],[113.226154,39.146645],[113.22317,39.124791],[113.206514,39.124621],[113.194223,39.113297],[113.193103,39.101764],[113.196932,39.092469],[113.203882,39.085642],[113.208615,39.085391],[113.223667,39.092067],[113.234794,39.093034],[113.237894,39.088538],[113.236636,39.079735],[113.241282,39.074939],[113.254016,39.081099],[113.287801,39.061957],[113.30322,39.061753],[113.307174,39.055307],[113.315146,39.0537],[113.322226,39.046318],[113.316734,39.013014],[113.337066,39.016975],[113.361762,39.000249],[113.351348,38.992157],[113.319114,38.983705],[113.305723,38.975333],[113.288855,38.971244],[113.27873,38.97364],[113.270986,38.971503],[113.282308,38.954313],[113.28375,38.909366],[113.272751,38.898971],[113.257872,38.896028],[113.240012,38.887501],[113.227608,38.875911],[113.216435,38.875825],[113.187209,38.884159],[113.178017,38.879306],[113.153989,38.852475],[113.141827,38.848451],[113.129631,38.851303],[113.117175,38.859654],[113.097227,38.858608],[113.077532,38.87041],[113.066994,38.869407],[113.039598,38.852082],[113.011665,38.845966],[112.992203,38.852941],[112.983558,38.861162],[112.967968,38.884534],[112.950252,38.932834],[112.941146,38.938061],[112.91046,38.939176],[112.906772,38.941447],[112.911423,38.941495],[112.910588,38.94465],[112.903317,38.946089],[112.896978,38.961424],[112.888523,38.963539],[112.891678,38.965155],[112.888887,38.968274],[112.873665,38.96761],[112.807026,38.996917],[112.769874,39.058558],[112.745161,39.074045],[112.724649,39.082322],[112.717966,39.091276]]]}},{"type":"Feature","properties":{"id":"cn:140924","name":"繁峙县","level":2},"geometry":{"type":"Polygon","coordinates":[[[113.150829,39.261487],[113.161671,39.273957],[113.172851,39.301943],[113.211697,39.293466],[113.251776,39.313705],[113.264779,39.315017],[113.271216,39.311996],[113.355377,39.313177],[113.361436,39.306565],[113.378694,39.299596],[113.382183,39.30088],[113.386402,39.311157],[113.40641,39.321067],[113.410256,39.329691],[113.415586,39.33098],[113.43944,39.319964],[113.4422,39.320515],[113.441636,39.33391],[113.445864,39.33795],[113.474631,39.34437],[113.498094,39.3421],[113.50825,39.345971],[113.527157,39.383892],[113.554458,39.403428],[113.554206,39.425876],[113.5603,39.435915],[113.583208,39.439088],[113.592565,39.42315],[113.598546,39.421409],[113.642904,39.433714],[113.683962,39.418362],[113.710473,39.421765],[113.732521,39.419816],[113.750924,39.411986],[113.759795,39.404174],[113.766054,39.389681],[113.784621,39.377433],[113.834074,39.369976],[113.89318,39.372159],[113.895011,39.365414],[113.89179,39.344228],[113.916729,39.322071],[113.923835,39.321968],[113.924485,39.317444],[113.935826,39.307891],[113.940513,39.294936],[113.960774,39.280634],[113.960356,39.260317],[113.952196,39.222053],[113.933768,39.206102],[113.930547,39.199257],[113.945442,39.145712],[113.946145,39.126675],[113.95539,39.100065],[113.936535,39.086705],[113.923948,39.06276],[113.891682,39.066935],[113.881657,39.063779],[113.878054,39.050958],[113.872064,39.043462],[113.824,39.011045],[113.800198,38.988913],[113.790311,38.98828],[113.774478,38.989678],[113.763037,39.010954],[113.753314,39.018285],[113.743184,39.021023],[113.684426,39.009053],[113.669774,39.014192],[113.648802,39.058832],[113.636875,39.061979],[113.613932,39.060716],[113.56915,39.080674],[113.562683,39.080283],[113.548776,39.067314],[113.53822,39.051684],[113.529895,39.04738],[113.536164,39.037647],[113.533151,39.0323],[113.502969,39.007218],[113.477604,38.973311],[113.450407,38.962048],[113.430303,38.963806],[113.393897,38.979012],[113.386222,38.986396],[113.352416,38.993342],[113.361762,39.000249],[113.360816,39.002393],[113.338111,39.016595],[113.316734,39.013014],[113.322226,39.046318],[113.315146,39.0537],[113.307174,39.055307],[113.30322,39.061753],[113.287801,39.061957],[113.254016,39.081099],[113.241282,39.074939],[113.236636,39.079735],[113.237894,39.088538],[113.234794,39.093034],[113.223667,39.092067],[113.208615,39.085391],[113.203882,39.085642],[113.197589,39.091736],[113.193103,39.101764],[113.194223,39.113297],[113.206514,39.124621],[113.22317,39.124791],[113.226154,39.146645],[113.21384,39.174503],[113.183475,39.207458],[113.189847,39.241573],[113.186653,39.246526],[113.153658,39.256357],[113.150829,39.261487]]]}},{"type":"Feature","properties":{"id":"cn:140925","name":"宁武县","level":2},"geometry":{"type":"Polygon","coordinates":[[[111.828444,38.653315],[111.8413,38.667599],[111.839156,38.71121],[111.842351,38.714448],[111.889971,38.732182],[111.917515,38.737868],[111.927698,38.748593],[111.93215,38.775385],[111.951855,38.79818],[111.948869,38.808158],[111.934408,38.822733],[111.947115,38.853975],[111.943695,38.861413],[111.943608,38.876548],[111.969615,38.90739],[111.990596,38.920136],[112.013903,38.924252],[112.031481,38.939607],[112.056523,38.93103],[112.094257,38.930691],[112.139492,38.9655],[112.143468,38.972761],[112.143606,38.997666],[112.159204,39.004549],[112.195741,39.009805],[112.213171,39.019167],[112.216756,39.028012],[112.215827,39.043347],[112.22179,39.057101],[112.236626,39.060625],[112.247352,39.057091],[112.254348,39.05997],[112.270805,39.053982],[112.277198,39.048103],[112.285049,39.047773],[112.289482,39.051345],[112.293045,39.062934],[112.290023,39.076046],[112.293525,39.089004],[112.255332,39.110166],[112.254211,39.115779],[112.259749,39.127583],[112.292228,39.128758],[112.296393,39.126505],[112.297995,39.118201],[112.282874,39.111315],[112.281371,39.107612],[112.284972,39.100556],[112.293235,39.096727],[112.307357,39.099784],[112.307921,39.119225],[112.319824,39.119946],[112.324714,39.1238],[112.34352,39.117848],[112.364358,39.104792],[112.398299,39.113587],[112.416511,39.110367],[112.430921,39.103327],[112.45072,39.111049],[112.491536,39.136755],[112.521641,39.141703],[112.539687,39.137328],[112.5556,39.11396],[112.576344,39.110845],[112.576337,39.099712],[112.582944,39.08772],[112.601156,39.089314],[112.611803,39.08517],[112.626864,39.08474],[112.580866,39.051641],[112.571048,39.04764],[112.547081,39.054394],[112.503679,39.034107],[112.478793,39.015358],[112.471327,39.006612],[112.471692,39.000205],[112.456578,38.991191],[112.435156,38.989524],[112.419132,38.99653],[112.406693,38.992428],[112.392214,38.993063],[112.385556,38.98594],[112.363829,38.974391],[112.343786,38.984457],[112.33395,38.964212],[112.327094,38.95994],[112.327376,38.953694],[112.319098,38.945006],[112.316062,38.932051],[112.309424,38.924479],[112.319518,38.92342],[112.332649,38.926711],[112.334716,38.91569],[112.311965,38.908583],[112.300097,38.895955],[112.287276,38.873927],[112.279107,38.867664],[112.279238,38.860559],[112.296243,38.846726],[112.296217,38.822412],[112.287268,38.789744],[112.292831,38.770216],[112.304593,38.750229],[112.311368,38.725016],[112.325718,38.715667],[112.343842,38.712195],[112.362427,38.720888],[112.386302,38.749716],[112.396311,38.749387],[112.400717,38.73922],[112.414988,38.731243],[112.418834,38.730688],[112.419611,38.737595],[112.426008,38.743784],[112.443013,38.73934],[112.468447,38.720728],[112.469888,38.710915],[112.463274,38.687747],[112.466442,38.678449],[112.43935,38.682695],[112.432102,38.680281],[112.434696,38.660909],[112.420185,38.654637],[112.407412,38.636842],[112.38337,38.624041],[112.380098,38.616096],[112.358462,38.597334],[112.347125,38.580637],[112.326622,38.570264],[112.316352,38.560486],[112.303731,38.570811],[112.295606,38.584278],[112.28854,38.589756],[112.259434,38.60108],[112.235258,38.617855],[112.22321,38.633012],[112.218644,38.660142],[112.199893,38.664491],[112.194589,38.679434],[112.191014,38.68022],[112.132869,38.655395],[112.121662,38.660412],[112.111713,38.656264],[112.109652,38.652042],[112.112209,38.639082],[112.122104,38.632979],[112.121692,38.624561],[112.099491,38.602584],[112.076709,38.595148],[112.05847,38.593077],[112.046136,38.579292],[112.035779,38.55733],[112.028696,38.553615],[112.010805,38.553836],[112.004391,38.543948],[112.00453,38.527686],[112.009296,38.519504],[111.999583,38.512074],[111.986361,38.521897],[111.973033,38.52227],[111.962053,38.527846],[111.957628,38.534728],[111.955049,38.549857],[111.949166,38.557994],[111.942681,38.556694],[111.936967,38.547822],[111.91485,38.560164],[111.899599,38.574018],[111.869555,38.58062],[111.86176,38.578701],[111.856665,38.612],[111.85262,38.620099],[111.836995,38.625663],[111.828644,38.64575],[111.828444,38.653315]]]}},{"type":"Feature","properties":{"id":"cn:140926","name":"静乐县","level":2},"geometry":{"type":"Polygon","coordinates":[[[111.716838,38.505698],[111.718774,38.51361],[111.733322,38.52348],[111.762204,38.537907],[111.772298,38.534929],[111.779997,38.538223],[111.797003,38.560259],[111.836578,38.573792],[111.869555,38.58062],[111.899599,38.574018],[111.91485,38.560164],[111.929044,38.554233],[111.934128,38.548575],[111.939233,38.548452],[111.942681,38.556694],[111.949166,38.557994],[111.955049,38.549857],[111.957628,38.534728],[111.962053,38.527846],[111.973033,38.52227],[111.986361,38.521897],[111.992457,38.514901],[112.003153,38.512468],[112.009296,38.519504],[112.00453,38.527686],[112.004391,38.543948],[112.010805,38.553836],[112.028696,38.553615],[112.035779,38.55733],[112.046136,38.579292],[112.05847,38.593077],[112.076709,38.595148],[112.099491,38.602584],[112.121692,38.624561],[112.122104,38.632979],[112.112209,38.639082],[112.109652,38.652042],[112.111713,38.656264],[112.121662,38.660412],[112.132869,38.655395],[112.184642,38.678831],[112.194589,38.679434],[112.199893,38.664491],[112.218644,38.660142],[112.220701,38.64049],[112.22748,38.625368],[112.249712,38.606688],[112.28854,38.589756],[112.295606,38.584278],[112.303731,38.570811],[112.316352,38.560486],[112.311614,38.546319],[112.309331,38.500355],[112.297803,38.487318],[112.293697,38.472717],[112.301414,38.460843],[112.329253,38.450148],[112.332517,38.439484],[112.323758,38.414159],[112.332414,38.396125],[112.332292,38.388086],[112.312804,38.366503],[112.310799,38.35083],[112.279506,38.336382],[112.26303,38.325119],[112.2604,38.320609],[112.267466,38.313299],[112.26211,38.305591],[112.241468,38.291134],[112.244081,38.281047],[112.263213,38.272445],[112.263465,38.26728],[112.227492,38.261026],[112.214897,38.255613],[112.21435,38.249954],[112.220166,38.240653],[112.244975,38.219012],[112.248318,38.19798],[112.259308,38.193231],[112.259698,38.175931],[112.248448,38.152385],[112.229699,38.142159],[112.215444,38.146781],[112.207103,38.144807],[112.208179,38.131764],[112.195852,38.141773],[112.189177,38.140201],[112.153655,38.14932],[112.134445,38.146694],[112.12803,38.140244],[112.094609,38.166576],[112.085269,38.168781],[112.072065,38.166072],[112.052604,38.175283],[112.039748,38.171146],[112.009496,38.181121],[112.003654,38.188693],[111.990876,38.182305],[111.964904,38.177774],[111.953784,38.168403],[111.944946,38.167504],[111.929313,38.178754],[111.908792,38.18029],[111.891804,38.19763],[111.880927,38.199214],[111.872802,38.192976],[111.866491,38.192981],[111.858236,38.201527],[111.862759,38.219617],[111.859929,38.223867],[111.838548,38.229535],[111.834876,38.221978],[111.84407,38.216783],[111.83308,38.212833],[111.811126,38.213788],[111.798852,38.221899],[111.793739,38.234868],[111.783687,38.23848],[111.769823,38.253024],[111.768574,38.289587],[111.800957,38.298721],[111.813158,38.295009],[111.828307,38.298423],[111.835893,38.303606],[111.835893,38.318034],[111.822129,38.325301],[111.815049,38.336278],[111.821595,38.349044],[111.81514,38.36016],[111.816819,38.36858],[111.782302,38.387273],[111.787178,38.402042],[111.776225,38.420437],[111.790102,38.432543],[111.785521,38.442141],[111.786989,38.450307],[111.716838,38.505698]]]}},{"type":"Feature","properties":{"id":"cn:140927","name":"神池县","level":2},"geometry":{"type":"Polygon","coordinates":[[[111.711536,39.305104],[111.722977,39.319795],[111.732221,39.323381],[111.759399,39.34651],[111.779425,39.343875],[111.802307,39.325064],[111.816431,39.317603],[111.833592,39.322421],[111.847307,39.330077],[111.86267,39.344221],[111.873122,39.365511],[111.873053,39.375597],[111.879824,39.380914],[111.888747,39.384933],[111.921646,39.389663],[111.952262,39.402324],[111.973954,39.40156],[112.000772,39.385878],[112.000459,39.381978],[112.016404,39.367835],[112.012941,39.356047],[112.021471,39.342121],[112.037652,39.337537],[112.04645,39.33127],[112.041918,39.324592],[112.043123,39.317438],[112.05807,39.30583],[112.04168,39.295959],[112.045777,39.289845],[112.061193,39.281156],[112.078493,39.252002],[112.09056,39.251203],[112.10108,39.268998],[112.127903,39.278021],[112.154361,39.273911],[112.181617,39.260729],[112.187624,39.248673],[112.185534,39.228953],[112.195782,39.222362],[112.195165,39.210407],[112.213033,39.202648],[112.214392,39.189033],[112.209127,39.175964],[112.216841,39.175407],[112.227995,39.181522],[112.24365,39.181834],[112.256887,39.174549],[112.258406,39.163788],[112.266409,39.163223],[112.259573,39.155777],[112.261809,39.142783],[112.253806,39.111947],[112.293525,39.089004],[112.290023,39.076046],[112.293045,39.062934],[112.289482,39.051345],[112.285049,39.047773],[112.277198,39.048103],[112.270805,39.053982],[112.254348,39.05997],[112.247352,39.057091],[112.236626,39.060625],[112.22179,39.057101],[112.215827,39.043347],[112.216756,39.028012],[112.213171,39.019167],[112.195741,39.009805],[112.159204,39.004549],[112.143606,38.997666],[112.143468,38.972761],[112.139492,38.9655],[112.094257,38.930691],[112.056523,38.93103],[112.031481,38.939607],[112.018043,38.928539],[111.998998,38.9435],[111.977861,38.983974],[111.954016,38.997269],[111.917663,39.048836],[111.906343,39.055042],[111.866343,39.061953],[111.83907,39.077147],[111.81617,39.084261],[111.804929,39.0845],[111.788167,39.092539],[111.762933,39.116523],[111.742569,39.142765],[111.737066,39.158602],[111.746188,39.168155],[111.780084,39.186759],[111.783883,39.19166],[111.785317,39.206981],[111.768143,39.228497],[111.754143,39.222545],[111.73819,39.230537],[111.732252,39.245191],[111.740594,39.250541],[111.74614,39.261336],[111.732942,39.27753],[111.727351,39.290151],[111.713454,39.298528],[111.711536,39.305104]]]}},{"type":"Feature","properties":{"id":"cn:140928","name":"五寨县","level":2},"geometry":{"type":"Polygon","coordinates":[[[111.456685,38.975793],[111.477309,38.988245],[111.486739,38.992038],[111.490508,38.988744],[111.494155,38.992611],[111.492358,39.000412],[111.482226,39.0025],[111.479914,39.005941],[111.4748,39.058547],[111.478011,39.069811],[111.486,39.079885],[111.488242,39.096927],[111.497855,39.105298],[111.499746,39.114496],[111.499373,39.118668],[111.485532,39.128644],[111.483495,39.141839],[111.511869,39.163453],[111.514516,39.166918],[111.512121,39.176539],[111.523893,39.182613],[111.541343,39.172958],[111.546018,39.173391],[111.574488,39.18647],[111.58889,39.194502],[111.595938,39.201607],[111.595035,39.208924],[111.603241,39.214083],[111.648473,39.226889],[111.653243,39.231422],[111.663466,39.232265],[111.665617,39.251483],[111.675628,39.252336],[111.680183,39.244373],[111.688194,39.24094],[111.729386,39.25238],[111.732653,39.251082],[111.731315,39.24798],[111.73819,39.230537],[111.754143,39.222545],[111.768143,39.228497],[111.785317,39.206981],[111.783883,39.19166],[111.780084,39.186759],[111.746188,39.168155],[111.737066,39.158602],[111.742569,39.142765],[111.762933,39.116523],[111.788167,39.092539],[111.804929,39.0845],[111.81617,39.084261],[111.83907,39.077147],[111.866343,39.061953],[111.906343,39.055042],[111.917663,39.048836],[111.954016,38.997269],[111.977861,38.983974],[111.998998,38.9435],[112.018043,38.928539],[112.013903,38.924252],[111.990596,38.920136],[111.977219,38.912737],[111.961838,38.899976],[111.943608,38.876548],[111.943695,38.861413],[111.947115,38.853975],[111.934408,38.822733],[111.948869,38.808158],[111.951855,38.79818],[111.93215,38.775385],[111.92452,38.743188],[111.917515,38.737868],[111.846248,38.717815],[111.839156,38.71121],[111.832863,38.723523],[111.836048,38.728701],[111.858835,38.739708],[111.870641,38.752343],[111.876718,38.767499],[111.875307,38.784648],[111.820512,38.777405],[111.800772,38.777987],[111.795885,38.780777],[111.783706,38.804831],[111.764149,38.815969],[111.741302,38.840735],[111.737865,38.848165],[111.681416,38.89517],[111.675053,38.897892],[111.656043,38.895952],[111.626998,38.911491],[111.591977,38.924793],[111.563864,38.907653],[111.542482,38.906782],[111.541754,38.914006],[111.557055,38.931971],[111.559483,38.941194],[111.558275,38.949897],[111.549611,38.961237],[111.537605,38.964171],[111.528204,38.95964],[111.514393,38.958824],[111.499064,38.971471],[111.482961,38.965732],[111.470531,38.966341],[111.456685,38.975793]]]}},{"type":"Feature","properties":{"id":"cn:140929","name":"岢岚县","level":2},"geometry":{"type":"Polygon","coordinates":[[[111.20506,38.72332],[111.217031,38.737313],[111.229487,38.72753],[111.24394,38.731758],[111.254392,38.740868],[111.255946,38.744427],[111.251945,38.747768],[111.217821,38.761175],[111.212691,38.771045],[111.210035,38.786987],[111.234436,38.799113],[111.232535,38.81693],[111.238108,38.841049],[111.258311,38.850819],[111.262866,38.86079],[111.277529,38.861855],[111.287113,38.846626],[111.298428,38.84794],[111.308551,38.855481],[111.32059,38.876648],[111.320052,38.883975],[111.309644,38.901639],[111.308629,38.915594],[111.33461,38.918814],[111.360174,38.915815],[111.399819,38.901262],[111.387466,38.925503],[111.389088,38.939803],[111.39619,38.951817],[111.417379,38.964678],[111.458612,38.976388],[111.461979,38.970563],[111.470531,38.966341],[111.482961,38.965732],[111.499064,38.971471],[111.514393,38.958824],[111.528204,38.95964],[111.537605,38.964171],[111.549611,38.961237],[111.558275,38.949897],[111.559483,38.941194],[111.557055,38.931971],[111.541754,38.914006],[111.542482,38.906782],[111.563864,38.907653],[111.591977,38.924793],[111.626998,38.911491],[111.656043,38.895952],[111.675053,38.897892],[111.681416,38.89517],[111.737865,38.848165],[111.741302,38.840735],[111.764149,38.815969],[111.783706,38.804831],[111.795885,38.780777],[111.800772,38.777987],[111.820512,38.777405],[111.875307,38.784648],[111.87709,38.775316],[111.875094,38.760781],[111.870641,38.752343],[111.858835,38.739708],[111.836048,38.728701],[111.832863,38.723523],[111.840232,38.710924],[111.8413,38.667599],[111.828444,38.653315],[111.828644,38.64575],[111.836995,38.625663],[111.85262,38.620099],[111.856665,38.612],[111.86176,38.578701],[111.836578,38.573792],[111.797003,38.560259],[111.786586,38.544916],[111.772298,38.534929],[111.762204,38.537907],[111.74314,38.581271],[111.731864,38.59374],[111.712645,38.601787],[111.703349,38.600481],[111.677871,38.566127],[111.603192,38.541804],[111.552632,38.508324],[111.539542,38.507082],[111.528456,38.512135],[111.515931,38.524223],[111.506018,38.524796],[111.497841,38.513923],[111.500106,38.506592],[111.497067,38.483311],[111.448223,38.523238],[111.440646,38.541831],[111.439569,38.562909],[111.431748,38.568382],[111.366915,38.57232],[111.342314,38.586135],[111.340309,38.602728],[111.289364,38.592771],[111.26649,38.595597],[111.245778,38.629278],[111.244268,38.6543],[111.221126,38.666722],[111.213237,38.711154],[111.20506,38.72332]]]}},{"type":"Feature","properties":{"id":"cn:140930","name":"河曲县","level":2},"geometry":{"type":"Polygon","coordinates":[[[111.112477,39.372442],[111.136546,39.40663],[111.154793,39.413867],[111.167794,39.422991],[111.186844,39.419347],[111.208446,39.425004],[111.216454,39.421654],[111.255534,39.423218],[111.280892,39.416184],[111.302157,39.42112],[111.330516,39.419826],[111.345707,39.425589],[111.351715,39.431379],[111.357773,39.451861],[111.400534,39.450351],[111.411385,39.443937],[111.413963,39.436935],[111.411141,39.418463],[111.420751,39.396167],[111.437774,39.390477],[111.445682,39.383477],[111.442071,39.371853],[111.413946,39.342414],[111.410856,39.335856],[111.416829,39.322804],[111.457966,39.306919],[111.466413,39.300626],[111.481092,39.277397],[111.511161,39.270882],[111.523791,39.263851],[111.532438,39.250444],[111.586821,39.252159],[111.607642,39.243],[111.607268,39.221898],[111.61251,39.217385],[111.595097,39.209004],[111.595938,39.201607],[111.58889,39.194502],[111.546018,39.173391],[111.541343,39.172958],[111.527883,39.181874],[111.518483,39.181429],[111.512121,39.176539],[111.514516,39.166918],[111.511869,39.163453],[111.483495,39.141839],[111.485532,39.128644],[111.499373,39.118668],[111.499746,39.114496],[111.497855,39.105298],[111.488242,39.096927],[111.486,39.079885],[111.478011,39.069811],[111.4748,39.058547],[111.477926,39.046696],[111.476823,39.024621],[111.479914,39.005941],[111.482226,39.0025],[111.492358,39.000412],[111.494155,38.992611],[111.490508,38.988744],[111.486739,38.992038],[111.477309,38.988245],[111.45468,38.975021],[111.417379,38.964678],[111.39619,38.951817],[111.389088,38.939803],[111.387466,38.925503],[111.399819,38.901262],[111.360174,38.915815],[111.33461,38.918814],[111.308629,38.915594],[111.303802,38.925245],[111.304773,38.933706],[111.313258,38.948231],[111.328799,38.958763],[111.328997,38.962942],[111.319101,38.975626],[111.317202,38.986269],[111.301342,39.002345],[111.264803,39.013657],[111.271936,39.021595],[111.274293,39.032551],[111.264306,39.047391],[111.247506,39.057796],[111.236008,39.060801],[111.229881,39.068101],[111.209685,39.06976],[111.200246,39.077979],[111.184442,39.105921],[111.159043,39.114317],[111.167415,39.138347],[111.157703,39.14753],[111.15714,39.153051],[111.168195,39.173711],[111.181125,39.189087],[111.189513,39.208833],[111.198861,39.218705],[111.197522,39.223708],[111.210823,39.236426],[111.212519,39.244721],[111.206957,39.253582],[111.211152,39.268428],[111.220674,39.283416],[111.234529,39.291334],[111.241573,39.300607],[111.211317,39.299817],[111.191452,39.306275],[111.181444,39.313275],[111.172892,39.325709],[111.174533,39.330724],[111.187692,39.339466],[111.188517,39.343944],[111.184864,39.348303],[111.177118,39.349837],[111.164191,39.34361],[111.158706,39.334871],[111.151637,39.335577],[111.147513,39.340644],[111.152579,39.356668],[111.148455,39.367155],[111.11898,39.365289],[111.112477,39.372442]]]}},{"type":"Feature","properties":{"id":"cn:140931","name":"保德县","level":2},"geometry":{"type":"Polygon","coordinates":[[[110.939036,38.691719],[110.949114,38.712414],[110.947118,38.721325],[110.939354,38.72901],[110.959034,38.755165],[110.949434,38.774257],[110.953878,38.779567],[110.973067,38.787138],[110.99035,38.824464],[111.003899,38.840902],[111.002979,38.84711],[110.988782,38.865552],[111.006104,38.877584],[111.009688,38.883727],[111.005059,38.907923],[111.005118,38.927228],[110.990539,38.957619],[110.978424,38.964254],[110.973894,38.971596],[110.992228,38.997752],[111.031877,39.019244],[111.073862,39.023578],[111.087622,39.029238],[111.131784,39.063314],[111.139231,39.078867],[111.138995,39.097201],[111.154549,39.106062],[111.159043,39.114317],[111.184442,39.105921],[111.200246,39.077979],[111.209685,39.06976],[111.229881,39.068101],[111.236008,39.060801],[111.247506,39.057796],[111.268823,39.043328],[111.274293,39.032551],[111.271936,39.021595],[111.264803,39.013657],[111.295467,39.004964],[111.307457,38.997122],[111.317202,38.986269],[111.319101,38.975626],[111.328997,38.962942],[111.328799,38.958763],[111.313258,38.948231],[111.304175,38.932147],[111.303802,38.925245],[111.310608,38.908566],[111.309644,38.901639],[111.320052,38.883975],[111.32059,38.876648],[111.308551,38.855481],[111.298428,38.84794],[111.287113,38.846626],[111.277529,38.861855],[111.262866,38.86079],[111.258311,38.850819],[111.238108,38.841049],[111.232535,38.81693],[111.234436,38.799113],[111.210035,38.786987],[111.212691,38.771045],[111.217821,38.761175],[111.251945,38.747768],[111.255946,38.744427],[111.251501,38.737534],[111.24394,38.731758],[111.229487,38.72753],[111.217031,38.737313],[111.20506,38.72332],[111.196023,38.728637],[111.180797,38.729362],[111.145251,38.723138],[111.13217,38.717469],[111.117135,38.705724],[111.064843,38.685551],[111.025687,38.659481],[111.018708,38.65088],[111.003408,38.652462],[111.00072,38.659813],[110.979852,38.683772],[110.953854,38.682987],[110.943551,38.685382],[110.939036,38.691719]]]}},{"type":"Feature","properties":{"id":"cn:140932","name":"偏关县","level":2},"geometry":{"type":"Polygon","coordinates":[[[111.356758,39.461471],[111.36529,39.477751],[111.38181,39.49095],[111.404301,39.499218],[111.416428,39.50045],[111.424648,39.507556],[111.427139,39.522165],[111.415299,39.537933],[111.426331,39.560628],[111.428081,39.578667],[111.433992,39.595369],[111.422221,39.615264],[111.426991,39.619864],[111.432841,39.620161],[111.438897,39.617229],[111.448332,39.604965],[111.453723,39.605655],[111.455875,39.609361],[111.455094,39.62509],[111.435875,39.628923],[111.431223,39.641766],[111.44015,39.63932],[111.495217,39.661995],[111.515441,39.66217],[111.539903,39.652473],[111.553514,39.652643],[111.563575,39.642131],[111.589311,39.642533],[111.616643,39.628986],[111.630676,39.641721],[111.640291,39.643435],[111.6553,39.640054],[111.697141,39.622988],[111.715977,39.604966],[111.732678,39.601972],[111.755499,39.592684],[111.768798,39.592831],[111.776853,39.587848],[111.796975,39.596494],[111.829058,39.619069],[111.863164,39.611399],[111.872382,39.604971],[111.87885,39.611642],[111.885568,39.611168],[111.895507,39.616286],[111.906219,39.612475],[111.912512,39.614858],[111.918918,39.609692],[111.923745,39.610517],[111.931748,39.602735],[111.93619,39.584396],[111.969675,39.562493],[111.995508,39.536112],[111.989223,39.527411],[111.980855,39.525114],[111.93727,39.524607],[111.89951,39.516682],[111.890865,39.510245],[111.889276,39.496539],[111.900621,39.479456],[111.90761,39.474605],[111.915557,39.458173],[111.936309,39.462169],[111.967429,39.444503],[111.980651,39.447438],[111.98285,39.431243],[111.991577,39.422522],[111.993065,39.412224],[112.0019,39.409157],[112.005524,39.399192],[112.000772,39.385878],[111.973954,39.40156],[111.960161,39.404008],[111.931324,39.395779],[111.921646,39.389663],[111.888747,39.384933],[111.873053,39.375597],[111.870101,39.35736],[111.854633,39.335871],[111.833592,39.322421],[111.816431,39.317603],[111.802307,39.325064],[111.779425,39.343875],[111.759399,39.34651],[111.732221,39.323381],[111.722977,39.319795],[111.711536,39.305104],[111.713454,39.298528],[111.727351,39.290151],[111.732942,39.27753],[111.74614,39.261336],[111.740594,39.250541],[111.732252,39.245191],[111.732132,39.25191],[111.725548,39.252477],[111.711739,39.245834],[111.688194,39.24094],[111.680183,39.244373],[111.675628,39.252336],[111.665617,39.251483],[111.663466,39.232265],[111.653243,39.231422],[111.648473,39.226889],[111.61251,39.217385],[111.607268,39.221898],[111.607642,39.243],[111.586821,39.252159],[111.532438,39.250444],[111.523791,39.263851],[111.511161,39.270882],[111.481092,39.277397],[111.466413,39.300626],[111.457966,39.306919],[111.416829,39.322804],[111.410856,39.335856],[111.413946,39.342414],[111.442071,39.371853],[111.445682,39.383477],[111.437774,39.390477],[111.420751,39.396167],[111.411141,39.418463],[111.413963,39.436935],[111.411385,39.443937],[111.400534,39.450351],[111.357773,39.451861],[111.356758,39.461471]]]}},{"type":"Feature","properties":{"id":"cn:140981","name":"原平市","level":2},"geometry":{"type":"Polygon","coordinates":[[[112.279107,38.867664],[112.287276,38.873927],[112.300097,38.895955],[112.311965,38.908583],[112.334716,38.91569],[112.332649,38.926711],[112.319518,38.92342],[112.309424,38.924479],[112.316062,38.932051],[112.319098,38.945006],[112.327376,38.953694],[112.327094,38.95994],[112.33395,38.964212],[112.343786,38.984457],[112.363829,38.974391],[112.385556,38.98594],[112.392214,38.993063],[112.406693,38.992428],[112.419132,38.99653],[112.435156,38.989524],[112.456578,38.991191],[112.471692,39.000205],[112.471327,39.006612],[112.478793,39.015358],[112.503679,39.034107],[112.547081,39.054394],[112.571048,39.04764],[112.580866,39.051641],[112.626864,39.08474],[112.643504,39.089015],[112.650082,39.105132],[112.647948,39.116573],[112.6649,39.130978],[112.67996,39.125582],[112.694563,39.127947],[112.717504,39.138042],[112.736533,39.152251],[112.749838,39.14265],[112.749175,39.117611],[112.744673,39.108546],[112.73403,39.10575],[112.721837,39.096219],[112.717966,39.091276],[112.71938,39.086966],[112.769874,39.058558],[112.807026,38.996917],[112.873665,38.96761],[112.888887,38.968274],[112.891678,38.965155],[112.888523,38.963539],[112.896978,38.961424],[112.903317,38.946089],[112.910588,38.94465],[112.911423,38.941495],[112.906772,38.941447],[112.91046,38.939176],[112.941146,38.938061],[112.950252,38.932834],[112.967968,38.884534],[112.992203,38.852941],[113.011665,38.845966],[113.014016,38.828144],[113.008721,38.816065],[112.982245,38.810675],[112.9609,38.802455],[112.955693,38.794955],[112.955943,38.78992],[112.964008,38.781452],[113.002236,38.77482],[113.029996,38.754102],[113.040636,38.740896],[113.040732,38.726912],[113.05528,38.705566],[113.0591,38.687333],[113.065072,38.679029],[113.082893,38.668552],[113.085367,38.656469],[113.072528,38.662476],[113.042525,38.651377],[113.037757,38.645557],[113.043082,38.631342],[113.032942,38.631608],[113.030257,38.636104],[113.02809,38.634376],[113.022353,38.638907],[113.011609,38.63788],[113.008484,38.636504],[113.007772,38.627312],[113.00167,38.620241],[112.97852,38.61403],[112.941445,38.616791],[112.931585,38.620389],[112.917686,38.634174],[112.897348,38.642026],[112.853494,38.633532],[112.826839,38.643559],[112.749893,38.629523],[112.738965,38.621581],[112.71742,38.616989],[112.698635,38.606281],[112.671461,38.605725],[112.666077,38.59402],[112.65478,38.59345],[112.648865,38.588668],[112.635958,38.591421],[112.625525,38.586718],[112.602279,38.589205],[112.59512,38.600692],[112.574436,38.599091],[112.553817,38.603508],[112.528907,38.631986],[112.505339,38.644252],[112.474125,38.677573],[112.466442,38.678449],[112.463274,38.687747],[112.470071,38.718032],[112.443013,38.73934],[112.426008,38.743784],[112.419611,38.737595],[112.418834,38.730688],[112.414988,38.731243],[112.400717,38.73922],[112.396311,38.749387],[112.386302,38.749716],[112.356248,38.716075],[112.343842,38.712195],[112.334102,38.712989],[112.311368,38.725016],[112.304593,38.750229],[112.292831,38.770216],[112.287268,38.789744],[112.296217,38.822412],[112.296243,38.846726],[112.279238,38.860559],[112.279107,38.867664]]]}},{"type":"Feature","properties":{"id":"cn:1410","name":"临汾市","level":1},"geometry":{"type":"Polygon","coordinates":[[[110.368974,36.876838],[110.373531,36.88352],[110.396464,36.886102],[110.402995,36.891873],[110.404801,36.898996],[110.409129,36.89872],[110.427038,36.884939],[110.442072,36.890487],[110.456118,36.88678],[110.46676,36.875225],[110.492156,36.879501],[110.500444,36.873476],[110.529526,36.869801],[110.535999,36.858338],[110.539654,36.859443],[110.539472,36.867246],[110.550267,36.872236],[110.5572,36.865253],[110.565877,36.86607],[110.568929,36.861384],[110.591945,36.866805],[110.599458,36.874874],[110.624935,36.871809],[110.632609,36.876076],[110.634389,36.884006],[110.641689,36.892443],[110.640674,36.915803],[110.64326,36.923216],[110.653208,36.932144],[110.679909,36.931974],[110.699667,36.936246],[110.712132,36.932304],[110.719632,36.910529],[110.760035,36.899851],[110.770774,36.87644],[110.778672,36.867998],[110.819037,36.857299],[110.833273,36.85874],[110.889594,36.875838],[110.891078,36.885863],[110.921226,36.895286],[110.93173,36.906228],[110.965262,36.896006],[110.978994,36.898643],[110.987543,36.906034],[110.981867,36.9175],[110.985313,36.928574],[110.997151,36.923212],[111.001127,36.908098],[110.993868,36.902983],[110.994615,36.897843],[111.009233,36.899928],[111.008973,36.905989],[111.015549,36.909719],[111.013602,36.916951],[111.026268,36.916982],[111.030563,36.92422],[111.036706,36.924249],[111.036046,36.928676],[111.074144,36.93056],[111.079109,36.920647],[111.088383,36.91228],[111.077782,36.907345],[111.076959,36.889222],[111.067929,36.882268],[111.061966,36.854123],[111.090098,36.836195],[111.09838,36.839309],[111.108244,36.83508],[111.128969,36.845578],[111.155572,36.840825],[111.173693,36.847724],[111.178841,36.840035],[111.174847,36.827748],[111.176288,36.823046],[111.194309,36.805947],[111.205436,36.748702],[111.213882,36.741788],[111.223101,36.741021],[111.237694,36.757926],[111.267695,36.760209],[111.271039,36.75836],[111.272695,36.749174],[111.26849,36.738336],[111.298441,36.737717],[111.30653,36.741641],[111.31432,36.735758],[111.319022,36.740359],[111.317021,36.753536],[111.32316,36.756127],[111.332287,36.75047],[111.350495,36.754243],[111.351017,36.758218],[111.345988,36.760381],[111.349539,36.765499],[111.359278,36.765788],[111.359212,36.777874],[111.374046,36.783817],[111.380895,36.793407],[111.408155,36.803604],[111.435916,36.780331],[111.463104,36.770709],[111.483954,36.778908],[111.491362,36.802683],[111.496195,36.803978],[111.505479,36.790165],[111.506413,36.778853],[111.50996,36.779703],[111.512652,36.789082],[111.517203,36.791364],[111.526893,36.783805],[111.535425,36.788413],[111.541481,36.783542],[111.545344,36.778661],[111.543165,36.775149],[111.53583,36.773913],[111.53195,36.768236],[111.5353,36.754121],[111.566037,36.716491],[111.597449,36.695404],[111.616816,36.687778],[111.662242,36.651197],[111.667258,36.650078],[111.676554,36.654732],[111.682375,36.668002],[111.680747,36.672201],[111.66883,36.680312],[111.664542,36.689006],[111.665957,36.695347],[111.711904,36.711137],[111.748735,36.71862],[111.780246,36.703017],[111.81218,36.712673],[111.820065,36.707592],[111.82689,36.71217],[111.836422,36.711626],[111.838413,36.705427],[111.832816,36.70128],[111.830886,36.696428],[111.832974,36.695779],[111.849377,36.700089],[111.851443,36.709503],[111.858613,36.707838],[111.869562,36.713193],[111.908865,36.706042],[111.921894,36.706989],[111.943761,36.698863],[111.975532,36.67694],[111.983266,36.679037],[111.990072,36.686983],[112.006703,36.684839],[112.012962,36.67806],[112.016096,36.654475],[112.032614,36.636641],[112.03508,36.601801],[112.049837,36.590121],[112.078318,36.582535],[112.099507,36.544423],[112.12626,36.524284],[112.155306,36.512699],[112.17455,36.45859],[112.193352,36.422513],[112.206451,36.409569],[112.25087,36.410434],[112.26914,36.397523],[112.278873,36.378273],[112.289199,36.378261],[112.307484,36.369088],[112.324351,36.365025],[112.336191,36.355637],[112.341208,36.34641],[112.348439,36.342984],[112.388188,36.345373],[112.439893,36.341336],[112.4453,36.335067],[112.446369,36.317521],[112.454786,36.312993],[112.448106,36.304725],[112.461,36.291989],[112.471965,36.296368],[112.464172,36.282089],[112.465832,36.270718],[112.471072,36.268276],[112.500646,36.25922],[112.536746,36.255767],[112.544589,36.258407],[112.559444,36.272777],[112.567508,36.273807],[112.568355,36.263451],[112.562547,36.245049],[112.556983,36.237947],[112.554865,36.224975],[112.56115,36.188601],[112.559362,36.171909],[112.554909,36.162621],[112.564301,36.132191],[112.562409,36.118743],[112.546341,36.107763],[112.491837,36.082563],[112.484206,36.068717],[112.495143,36.051315],[112.494111,36.037788],[112.497079,36.032664],[112.515933,36.031152],[112.521272,36.020496],[112.526168,35.985068],[112.523963,35.973622],[112.510752,35.962824],[112.440926,35.93237],[112.422089,35.921311],[112.40555,35.905464],[112.389248,35.896928],[112.375429,35.895723],[112.340984,35.900828],[112.321001,35.895009],[112.305489,35.895849],[112.271852,35.903914],[112.234109,35.897068],[112.216482,35.904371],[112.206289,35.90499],[112.182957,35.917466],[112.173496,35.909244],[112.147494,35.906663],[112.137706,35.910352],[112.134813,35.905873],[112.135318,35.897253],[112.146121,35.893505],[112.152892,35.869724],[112.16693,35.877367],[112.173411,35.876203],[112.203484,35.848054],[112.207233,35.830098],[112.19844,35.821493],[112.180376,35.81732],[112.143701,35.816576],[112.123084,35.820015],[112.059403,35.845547],[112.038961,35.86418],[112.032546,35.861237],[112.02764,35.844727],[112.028934,35.83101],[112.022302,35.818604],[112.02436,35.811068],[112.042051,35.790371],[112.047294,35.773019],[112.042312,35.766347],[112.018804,35.752218],[112.015905,35.744275],[112.030661,35.723017],[112.024924,35.707871],[111.997102,35.679063],[111.983136,35.67072],[111.95828,35.665187],[111.953352,35.658999],[111.951479,35.64045],[111.936104,35.627328],[111.942311,35.576825],[111.947449,35.572724],[111.954081,35.572904],[111.960609,35.567018],[111.956043,35.546753],[111.95896,35.525898],[111.9456,35.515034],[111.94093,35.506989],[111.965088,35.457287],[111.968085,35.427904],[111.966517,35.420787],[111.95321,35.40393],[111.943271,35.394164],[111.935675,35.39171],[111.885754,35.38845],[111.857212,35.393022],[111.853358,35.398546],[111.845211,35.399843],[111.842352,35.424911],[111.835241,35.428687],[111.832,35.435579],[111.818312,35.429388],[111.808052,35.43075],[111.806015,35.434029],[111.806649,35.437198],[111.813739,35.43869],[111.816778,35.4452],[111.823257,35.445648],[111.825918,35.451822],[111.832187,35.453812],[111.828076,35.47879],[111.830595,35.482069],[111.840077,35.483142],[111.838237,35.492657],[111.844978,35.499818],[111.843577,35.504511],[111.846644,35.511496],[111.865834,35.516381],[111.876712,35.51544],[111.883624,35.510185],[111.896734,35.523764],[111.896896,35.531587],[111.902116,35.533334],[111.900947,35.543384],[111.858312,35.549393],[111.855013,35.552928],[111.837714,35.553653],[111.831503,35.560926],[111.829489,35.569545],[111.833803,35.584943],[111.848586,35.593259],[111.854411,35.600029],[111.830183,35.603779],[111.817145,35.599648],[111.765713,35.60846],[111.75836,35.611598],[111.725313,35.641948],[111.716545,35.645068],[111.66598,35.639176],[111.665342,35.643174],[111.677808,35.650201],[111.677059,35.653533],[111.670438,35.655599],[111.664827,35.647902],[111.658933,35.648358],[111.651132,35.642976],[111.606572,35.650402],[111.593576,35.597583],[111.580741,35.58139],[111.579196,35.559203],[111.569298,35.556045],[111.564743,35.554821],[111.551316,35.567663],[111.513581,35.574956],[111.500351,35.575032],[111.47661,35.567206],[111.442947,35.56121],[111.430317,35.563682],[111.416636,35.559599],[111.406053,35.565061],[111.40395,35.572237],[111.39813,35.567085],[111.373729,35.561829],[111.369432,35.556085],[111.355569,35.551358],[111.345049,35.555885],[111.332914,35.552296],[111.327375,35.544004],[111.314502,35.537814],[111.301264,35.534734],[111.290127,35.536445],[111.265223,35.559198],[111.27787,35.572184],[111.260206,35.598267],[111.262072,35.630125],[111.26949,35.633903],[111.2821,35.628714],[111.28612,35.635236],[111.28214,35.640131],[111.295364,35.647303],[111.285819,35.66854],[111.287353,35.672134],[111.315414,35.677548],[111.341291,35.670803],[111.341273,35.679228],[111.333695,35.686044],[111.330536,35.709725],[111.315831,35.713197],[111.293131,35.708555],[111.277307,35.69805],[111.26466,35.68369],[111.2599,35.682997],[111.241721,35.685336],[111.241515,35.695461],[111.238171,35.695916],[111.236345,35.705643],[111.227221,35.710653],[111.193741,35.709241],[111.188563,35.720784],[111.189281,35.742919],[111.185314,35.745089],[111.185453,35.76377],[111.17729,35.769861],[111.16602,35.772272],[111.156121,35.792472],[111.138662,35.81148],[111.120754,35.819693],[111.106093,35.819251],[111.094921,35.812376],[111.055711,35.755805],[111.050962,35.741087],[111.003289,35.733953],[110.996814,35.734312],[110.993324,35.738379],[110.99026,35.761447],[110.982169,35.770015],[110.977925,35.795126],[110.970633,35.808086],[110.962126,35.805957],[110.946076,35.786311],[110.947499,35.770194],[110.943784,35.750189],[110.948185,35.719367],[110.943324,35.711738],[110.934991,35.706569],[110.920191,35.702211],[110.906962,35.690788],[110.899656,35.68967],[110.893169,35.691248],[110.868585,35.710064],[110.834792,35.720561],[110.761059,35.729541],[110.740967,35.744533],[110.701974,35.737905],[110.679283,35.7294],[110.675029,35.734361],[110.674317,35.742868],[110.679282,35.750665],[110.691331,35.756338],[110.693467,35.760591],[110.691331,35.765554],[110.670203,35.76868],[110.666093,35.776828],[110.650784,35.788466],[110.639491,35.789403],[110.622155,35.784738],[110.618735,35.773068],[110.61147,35.762852],[110.605854,35.76137],[110.60219,35.752985],[110.571965,35.737227],[110.569959,35.767038],[110.558678,35.785254],[110.565283,35.804633],[110.558707,35.818642],[110.558897,35.826226],[110.549879,35.832139],[110.544497,35.842489],[110.545894,35.875661],[110.537097,35.879491],[110.521158,35.875558],[110.505425,35.881457],[110.510083,35.897396],[110.507547,35.908626],[110.511273,35.921874],[110.500775,35.936288],[110.497249,35.947594],[110.498867,35.95182],[110.50961,35.958276],[110.511316,35.972107],[110.493367,35.983457],[110.487674,35.992357],[110.494194,36.008193],[110.48224,36.044988],[110.462382,36.074636],[110.464848,36.094605],[110.454812,36.1045],[110.447972,36.120838],[110.441874,36.158527],[110.444018,36.17542],[110.453882,36.194503],[110.453559,36.20356],[110.447251,36.215688],[110.448545,36.223613],[110.465445,36.243747],[110.471422,36.257649],[110.469893,36.281622],[110.461674,36.293714],[110.468427,36.308704],[110.453714,36.33099],[110.455987,36.340493],[110.463921,36.352142],[110.463661,36.369884],[110.48145,36.393819],[110.48622,36.417995],[110.485913,36.426802],[110.471724,36.440145],[110.467577,36.453116],[110.472236,36.460282],[110.490236,36.472949],[110.497234,36.483865],[110.495747,36.536069],[110.483406,36.553568],[110.492739,36.577916],[110.489176,36.583753],[110.465872,36.595555],[110.448073,36.613372],[110.416648,36.661461],[110.393101,36.673002],[110.38596,36.680972],[110.387513,36.69215],[110.397242,36.696911],[110.405833,36.694634],[110.417838,36.680661],[110.430052,36.681179],[110.432432,36.685629],[110.429379,36.707313],[110.446146,36.726253],[110.446767,36.73236],[110.441282,36.737431],[110.434243,36.736811],[110.420167,36.72201],[110.410024,36.723251],[110.410956,36.731531],[110.42555,36.743642],[110.424939,36.752057],[110.407468,36.762738],[110.37824,36.767126],[110.378406,36.77491],[110.395322,36.772136],[110.400356,36.774123],[110.413836,36.797923],[110.41719,36.818776],[110.403243,36.823185],[110.400785,36.827212],[110.413786,36.834574],[110.41879,36.855119],[110.408311,36.865295],[110.377176,36.870003],[110.368974,36.876838]]]}},{"type":"Feature","properties":{"id":"cn:141002","name":"尧都区","level":2},"geometry":{"type":"Polygon","coordinates":[[[111.082101,36.149523],[111.096944,36.156207],[111.104601,36.16415],[111.100599,36.180026],[111.122578,36.198067],[111.126094,36.212238],[111.136085,36.211567],[111.15059,36.203536],[111.16224,36.203399],[111.188716,36.210623],[111.213464,36.198245],[111.223872,36.199653],[111.267232,36.22119],[111.297361,36.229019],[111.299402,36.240359],[111.289756,36.264243],[111.29085,36.273012],[111.318872,36.299097],[111.339201,36.329643],[111.345174,36.331415],[111.369115,36.32091],[111.42106,36.318447],[111.43181,36.314878],[111.445877,36.302919],[111.452125,36.292249],[111.461743,36.292694],[111.477043,36.27479],[111.48859,36.269998],[111.499541,36.239346],[111.508481,36.228955],[111.527205,36.220836],[111.546033,36.228095],[111.553516,36.226817],[111.584602,36.212119],[111.586415,36.20187],[111.581094,36.188095],[111.556502,36.177837],[111.553663,36.173583],[111.557631,36.165264],[111.587718,36.152588],[111.596329,36.152722],[111.602774,36.163481],[111.613673,36.154869],[111.637735,36.154889],[111.640789,36.152523],[111.646313,36.120024],[111.637222,36.11706],[111.640426,36.110595],[111.676911,36.095029],[111.724211,36.100201],[111.74231,36.109691],[111.765057,36.105086],[111.813656,36.111783],[111.815349,36.071699],[111.811971,36.05779],[111.800687,36.048137],[111.736086,36.017185],[111.711338,36.000008],[111.712345,35.988263],[111.700114,35.956113],[111.696711,35.938228],[111.690574,35.933365],[111.675383,35.93024],[111.666451,35.905667],[111.661147,35.901492],[111.648481,35.900223],[111.612145,35.932106],[111.587049,35.930928],[111.568609,35.936444],[111.5442,35.978964],[111.503002,35.97667],[111.494192,35.980002],[111.482464,36.009776],[111.45253,36.01882],[111.446344,36.015955],[111.426085,36.018023],[111.410255,36.034035],[111.404891,36.034484],[111.392458,36.027167],[111.348775,36.041807],[111.285512,36.05472],[111.269244,36.064288],[111.253072,36.084423],[111.246762,36.105471],[111.230911,36.120794],[111.217968,36.119269],[111.202543,36.104771],[111.196866,36.104962],[111.177985,36.110953],[111.166484,36.117064],[111.165816,36.120465],[111.139049,36.118459],[111.132169,36.12235],[111.131309,36.130045],[111.103611,36.134952],[111.084714,36.14483],[111.082101,36.149523]]]}},{"type":"Feature","properties":{"id":"cn:141021","name":"曲沃县","level":2},"geometry":{"type":"Polygon","coordinates":[[[111.370926,35.702325],[111.390031,35.711426],[111.405692,35.742249],[111.408452,35.742249],[111.424138,35.762551],[111.423548,35.766531],[111.433293,35.778792],[111.429155,35.798703],[111.432202,35.801713],[111.464312,35.802552],[111.490544,35.817045],[111.518391,35.819649],[111.528764,35.823427],[111.539347,35.830637],[111.555075,35.851175],[111.57577,35.8617],[111.593212,35.846557],[111.595842,35.823245],[111.585222,35.783314],[111.583316,35.762931],[111.58423,35.759933],[111.589888,35.759175],[111.587073,35.753491],[111.588837,35.751374],[111.582997,35.743526],[111.575401,35.743922],[111.569851,35.735425],[111.564671,35.734074],[111.567223,35.723966],[111.562012,35.723654],[111.56736,35.722347],[111.57798,35.724877],[111.589716,35.730719],[111.593138,35.729817],[111.595232,35.724277],[111.61387,35.72426],[111.625051,35.721698],[111.625869,35.718455],[111.620118,35.70625],[111.608565,35.705232],[111.60514,35.701797],[111.607854,35.696789],[111.600123,35.699676],[111.601729,35.695245],[111.598646,35.6974],[111.599935,35.694384],[111.596644,35.695004],[111.594094,35.691233],[111.593593,35.683631],[111.599889,35.670777],[111.612001,35.675696],[111.612368,35.672288],[111.618357,35.669799],[111.613064,35.665427],[111.610938,35.654294],[111.606572,35.650402],[111.593576,35.597583],[111.580741,35.58139],[111.579196,35.559203],[111.564743,35.554821],[111.551316,35.567663],[111.513581,35.574956],[111.500351,35.575032],[111.47661,35.567206],[111.440977,35.562085],[111.442071,35.569072],[111.448624,35.57824],[111.452705,35.613995],[111.440908,35.638148],[111.442115,35.648116],[111.437887,35.652007],[111.436785,35.659757],[111.443226,35.683034],[111.422037,35.679501],[111.410812,35.683449],[111.409147,35.692383],[111.402706,35.695499],[111.370926,35.702325]]]}},{"type":"Feature","properties":{"id":"cn:141022","name":"翼城县","level":2},"geometry":{"type":"Polygon","coordinates":[[[111.562012,35.723654],[111.567223,35.723966],[111.564671,35.734074],[111.569851,35.735425],[111.575401,35.743922],[111.582997,35.743526],[111.589661,35.756228],[111.589498,35.759742],[111.583597,35.760378],[111.584702,35.779737],[111.595842,35.823245],[111.593212,35.846557],[111.57577,35.8617],[111.580814,35.863126],[111.601389,35.864265],[111.634081,35.847217],[111.653308,35.843296],[111.671849,35.847831],[111.677934,35.855271],[111.679132,35.862363],[111.712362,35.853497],[111.761816,35.845501],[111.783179,35.847278],[111.791424,35.844529],[111.791034,35.839813],[111.782787,35.836281],[111.783178,35.831959],[111.793569,35.832291],[111.839698,35.818059],[111.848959,35.820657],[111.857571,35.830571],[111.874896,35.842366],[111.889562,35.838903],[111.89771,35.842851],[111.907599,35.836284],[111.905935,35.8416],[111.897068,35.849405],[111.89755,35.852785],[111.904438,35.854937],[111.912324,35.848435],[111.926504,35.845565],[111.953734,35.85374],[111.995159,35.851355],[112.028934,35.83101],[112.022302,35.818604],[112.02436,35.811068],[112.042051,35.790371],[112.047294,35.773019],[112.042312,35.766347],[112.018804,35.752218],[112.015905,35.744275],[112.030661,35.723017],[112.024924,35.707871],[111.997102,35.679063],[111.983136,35.67072],[111.95828,35.665187],[111.953352,35.658999],[111.951479,35.64045],[111.936104,35.627328],[111.935323,35.622975],[111.940574,35.607228],[111.942311,35.576825],[111.947449,35.572724],[111.954081,35.572904],[111.960609,35.567018],[111.956043,35.546753],[111.95896,35.525898],[111.9456,35.515034],[111.94093,35.506989],[111.965088,35.457287],[111.968085,35.427904],[111.962042,35.41485],[111.943271,35.394164],[111.935675,35.39171],[111.885754,35.38845],[111.857212,35.393022],[111.853358,35.398546],[111.845211,35.399843],[111.842352,35.424911],[111.835241,35.428687],[111.832,35.435579],[111.818312,35.429388],[111.808052,35.43075],[111.805732,35.435817],[111.813739,35.43869],[111.816778,35.4452],[111.823257,35.445648],[111.825918,35.451822],[111.832187,35.453812],[111.828076,35.47879],[111.830595,35.482069],[111.840077,35.483142],[111.838237,35.492657],[111.844978,35.499818],[111.843577,35.504511],[111.846644,35.511496],[111.865834,35.516381],[111.876712,35.51544],[111.883624,35.510185],[111.896734,35.523764],[111.896208,35.530698],[111.902116,35.533334],[111.902811,35.541583],[111.879558,35.548347],[111.858312,35.549393],[111.855013,35.552928],[111.837714,35.553653],[111.831503,35.560926],[111.829489,35.569545],[111.833803,35.584943],[111.848586,35.593259],[111.854411,35.600029],[111.830183,35.603779],[111.817145,35.599648],[111.765713,35.60846],[111.75836,35.611598],[111.725313,35.641948],[111.716545,35.645068],[111.66598,35.639176],[111.665342,35.643174],[111.677808,35.650201],[111.677059,35.653533],[111.670438,35.655599],[111.664827,35.647902],[111.658933,35.648358],[111.651132,35.642976],[111.606572,35.650402],[111.618159,35.670853],[111.613019,35.671766],[111.612001,35.675696],[111.599889,35.670777],[111.593593,35.683631],[111.594094,35.691233],[111.596644,35.695004],[111.599935,35.694384],[111.598646,35.6974],[111.601729,35.695245],[111.600123,35.699676],[111.607854,35.696789],[111.60514,35.701797],[111.608565,35.705232],[111.620118,35.70625],[111.625738,35.716118],[111.625051,35.721698],[111.595232,35.724277],[111.593138,35.729817],[111.589716,35.730719],[111.57798,35.724877],[111.56736,35.722347],[111.562012,35.723654]]]}},{"type":"Feature","properties":{"id":"cn:141023","name":"襄汾县","level":2},"geometry":{"type":"Polygon","coordinates":[[[111.120754,35.819693],[111.140598,35.839537],[111.164304,35.838269],[111.184669,35.848398],[111.204139,35.874754],[111.211093,35.906886],[111.269191,35.94977],[111.273237,35.959204],[111.271284,35.985948],[111.280051,36.011545],[111.272977,36.035544],[111.274453,36.042728],[111.28697,36.054099],[111.348775,36.041807],[111.392458,36.027167],[111.404891,36.034484],[111.410255,36.034035],[111.426085,36.018023],[111.446344,36.015955],[111.45253,36.01882],[111.482464,36.009776],[111.491866,35.984094],[111.498471,35.977305],[111.5442,35.978964],[111.568609,35.936444],[111.587049,35.930928],[111.612145,35.932106],[111.61869,35.92897],[111.648481,35.900223],[111.644948,35.891492],[111.646034,35.875486],[111.669712,35.870307],[111.679132,35.862363],[111.677934,35.855271],[111.671849,35.847831],[111.653308,35.843296],[111.634081,35.847217],[111.601389,35.864265],[111.580814,35.863126],[111.555075,35.851175],[111.539347,35.830637],[111.528764,35.823427],[111.518391,35.819649],[111.490544,35.817045],[111.464312,35.802552],[111.432202,35.801713],[111.429155,35.798703],[111.433293,35.778792],[111.423548,35.766531],[111.424138,35.762551],[111.408452,35.742249],[111.405692,35.742249],[111.390031,35.711426],[111.370926,35.702325],[111.367184,35.705159],[111.361765,35.703829],[111.359259,35.696985],[111.363062,35.686324],[111.35965,35.676076],[111.35136,35.670807],[111.341291,35.670803],[111.341273,35.679228],[111.333695,35.686044],[111.330536,35.709725],[111.324841,35.712396],[111.293131,35.708555],[111.277307,35.69805],[111.26466,35.68369],[111.2599,35.682997],[111.241721,35.685336],[111.241515,35.695461],[111.238171,35.695916],[111.236345,35.705643],[111.227221,35.710653],[111.193741,35.709241],[111.188563,35.720784],[111.189281,35.742919],[111.185314,35.745089],[111.185453,35.76377],[111.17729,35.769861],[111.16602,35.772272],[111.156121,35.792472],[111.138662,35.81148],[111.120754,35.819693]]]}},{"type":"Feature","properties":{"id":"cn:141024","name":"洪洞县","level":2},"geometry":{"type":"Polygon","coordinates":[[[111.345174,36.331415],[111.346797,36.363501],[111.351711,36.370613],[111.375,36.38361],[111.378039,36.397293],[111.36837,36.417512],[111.368361,36.425771],[111.391295,36.452521],[111.382041,36.48309],[111.362702,36.498736],[111.356668,36.507647],[111.357944,36.513902],[111.371512,36.523697],[111.38574,36.548906],[111.396226,36.529414],[111.422797,36.503989],[111.435905,36.495851],[111.456131,36.487809],[111.472572,36.4851],[111.512329,36.491454],[111.520827,36.496654],[111.554039,36.502935],[111.595704,36.455411],[111.607978,36.459387],[111.64422,36.480233],[111.670148,36.48479],[111.669793,36.507495],[111.694649,36.502999],[111.702486,36.500462],[111.704074,36.494198],[111.694332,36.473064],[111.731902,36.459886],[111.74899,36.448777],[111.804342,36.459032],[111.813551,36.457577],[111.828734,36.442834],[111.853239,36.442704],[111.858838,36.446284],[111.88297,36.431996],[111.884133,36.422404],[111.862275,36.398788],[111.860531,36.385865],[111.867474,36.357011],[111.885973,36.338726],[111.888125,36.327115],[111.883944,36.306648],[111.889913,36.292779],[111.888939,36.278519],[111.886582,36.269956],[111.880027,36.273084],[111.868759,36.264926],[111.871489,36.259821],[111.869447,36.248922],[111.863808,36.244796],[111.85593,36.219777],[111.857728,36.213659],[111.88146,36.193066],[111.88652,36.17561],[111.873404,36.149602],[111.829376,36.114275],[111.765057,36.105086],[111.74231,36.109691],[111.724211,36.100201],[111.693343,36.095525],[111.676911,36.095029],[111.663433,36.099024],[111.640426,36.110595],[111.637222,36.11706],[111.646313,36.120024],[111.640789,36.152523],[111.637735,36.154889],[111.613673,36.154869],[111.602774,36.163481],[111.596329,36.152722],[111.587718,36.152588],[111.557631,36.165264],[111.553663,36.173583],[111.556502,36.177837],[111.581094,36.188095],[111.586415,36.20187],[111.584602,36.212119],[111.553516,36.226817],[111.546033,36.228095],[111.527205,36.220836],[111.508481,36.228955],[111.499541,36.239346],[111.48859,36.269998],[111.477043,36.27479],[111.461743,36.292694],[111.452125,36.292249],[111.445877,36.302919],[111.43181,36.314878],[111.42106,36.318447],[111.369115,36.32091],[111.345174,36.331415]]]}},{"type":"Feature","properties":{"id":"cn:141025","name":"古县","level":2},"geometry":{"type":"Polygon","coordinates":[[[111.813656,36.111783],[111.829376,36.114275],[111.873404,36.149602],[111.88652,36.17561],[111.88146,36.193066],[111.857728,36.213659],[111.85593,36.219777],[111.863808,36.244796],[111.869447,36.248922],[111.871489,36.259821],[111.868759,36.264926],[111.880027,36.273084],[111.887305,36.270445],[111.890177,36.289819],[111.883944,36.306648],[111.888125,36.327115],[111.885973,36.338726],[111.867474,36.357011],[111.860531,36.385865],[111.862275,36.398788],[111.884133,36.422404],[111.884645,36.427933],[111.879324,36.435515],[111.858838,36.446284],[111.869142,36.479614],[111.88212,36.499882],[111.901312,36.512144],[111.927275,36.516415],[111.942494,36.523915],[111.952406,36.543363],[111.969386,36.559418],[111.972215,36.564353],[111.972276,36.577205],[111.979603,36.583468],[112.041182,36.589132],[112.045644,36.590916],[112.044481,36.592895],[112.078318,36.582535],[112.099507,36.544423],[112.12626,36.524284],[112.155306,36.512699],[112.178821,36.450125],[112.155245,36.451111],[112.134246,36.468884],[112.110132,36.495707],[112.103899,36.499822],[112.089507,36.502239],[112.081876,36.496432],[112.078795,36.481172],[112.081443,36.45145],[112.09074,36.415329],[112.089558,36.401746],[112.080496,36.391522],[112.062154,36.384148],[112.049827,36.362092],[112.034402,36.344272],[112.028117,36.340118],[112.009446,36.338458],[112.005149,36.329563],[112.011451,36.319494],[112.034402,36.320865],[112.041954,36.323006],[112.054793,36.336362],[112.063326,36.322244],[112.074185,36.316707],[112.088708,36.297321],[112.104063,36.287831],[112.10968,36.27933],[112.111355,36.265629],[112.137172,36.199189],[112.142346,36.169341],[112.146643,36.160219],[112.157086,36.156083],[112.164377,36.139989],[112.177459,36.129822],[112.182415,36.114057],[112.179551,36.107194],[112.166279,36.091146],[112.128423,36.083001],[112.113327,36.083607],[112.082311,36.048832],[112.062797,36.048292],[112.054733,36.045679],[112.057372,36.040812],[112.051565,36.039681],[111.981364,36.069761],[111.971703,36.066858],[111.962432,36.058752],[111.928474,36.071508],[111.885757,36.07674],[111.886521,36.092144],[111.884741,36.095963],[111.879359,36.097417],[111.846182,36.10054],[111.843075,36.083656],[111.838708,36.079805],[111.814316,36.079041],[111.813656,36.111783]]]}},{"type":"Feature","properties":{"id":"cn:141026","name":"安泽县","level":2},"geometry":{"type":"Polygon","coordinates":[[[112.005149,36.329563],[112.009446,36.338458],[112.028117,36.340118],[112.034402,36.344272],[112.049827,36.362092],[112.062154,36.384148],[112.080496,36.391522],[112.089558,36.401746],[112.09074,36.415329],[112.081443,36.45145],[112.079047,36.486688],[112.083769,36.498116],[112.089507,36.502239],[112.096643,36.502066],[112.103899,36.499822],[112.120948,36.486493],[112.131217,36.471979],[112.155245,36.451111],[112.178821,36.450125],[112.196434,36.417851],[112.206451,36.409569],[112.25087,36.410434],[112.26914,36.397523],[112.278873,36.378273],[112.289199,36.378261],[112.307484,36.369088],[112.324351,36.365025],[112.336191,36.355637],[112.341208,36.34641],[112.348439,36.342984],[112.388188,36.345373],[112.439893,36.341336],[112.4453,36.335067],[112.446369,36.317521],[112.454786,36.312993],[112.448106,36.304725],[112.461,36.291989],[112.471965,36.296368],[112.464832,36.287011],[112.465832,36.270718],[112.500646,36.25922],[112.534549,36.255653],[112.544589,36.258407],[112.559444,36.272777],[112.567508,36.273807],[112.568355,36.263451],[112.562547,36.245049],[112.556983,36.237947],[112.554865,36.224975],[112.56115,36.188601],[112.559362,36.171909],[112.554909,36.162621],[112.564301,36.132191],[112.562409,36.118743],[112.546341,36.107763],[112.491837,36.082563],[112.484206,36.068717],[112.495143,36.051315],[112.494111,36.037788],[112.497079,36.032664],[112.515933,36.031152],[112.521272,36.020496],[112.526168,35.985068],[112.523963,35.973622],[112.510752,35.962824],[112.440926,35.93237],[112.422089,35.921311],[112.40555,35.905464],[112.389248,35.896928],[112.375429,35.895723],[112.340984,35.900828],[112.321001,35.895009],[112.305489,35.895849],[112.271852,35.903914],[112.234109,35.897068],[112.216482,35.904371],[112.206289,35.90499],[112.182957,35.917466],[112.173496,35.909244],[112.147494,35.906663],[112.137706,35.910352],[112.140616,35.911995],[112.138831,35.92053],[112.113631,35.9572],[112.069386,36.003446],[112.067286,36.007893],[112.079369,36.014759],[112.078726,36.031671],[112.066877,36.042103],[112.057372,36.040812],[112.054733,36.045679],[112.082311,36.048832],[112.113327,36.083607],[112.128423,36.083001],[112.166279,36.091146],[112.182415,36.114057],[112.177459,36.129822],[112.164377,36.139989],[112.157086,36.156083],[112.146643,36.160219],[112.142346,36.169341],[112.137172,36.199189],[112.111355,36.265629],[112.10968,36.27933],[112.104063,36.287831],[112.088708,36.297321],[112.074185,36.316707],[112.063326,36.322244],[112.054793,36.336362],[112.041954,36.323006],[112.034402,36.320865],[112.011451,36.319494],[112.005149,36.329563]]]}},{"type":"Feature","properties":{"id":"cn:141027","name":"浮山县","level":2},"geometry":{"type":"Polygon","coordinates":[[[111.644948,35.891492],[111.648481,35.900223],[111.661147,35.901492],[111.666451,35.905667],[111.675383,35.93024],[111.690574,35.933365],[111.696711,35.938228],[111.700114,35.956113],[111.712345,35.988263],[111.711338,36.000008],[111.736086,36.017185],[111.800687,36.048137],[111.811971,36.05779],[111.814316,36.079041],[111.838708,36.079805],[111.845679,36.09194],[111.844177,36.098554],[111.851729,36.101284],[111.884741,36.095963],[111.885757,36.07674],[111.928474,36.071508],[111.962432,36.058752],[111.971703,36.066858],[111.981364,36.069761],[112.048492,36.040113],[112.066877,36.042103],[112.075262,36.036812],[112.079394,36.028555],[112.079369,36.014759],[112.067286,36.007893],[112.084265,35.986291],[112.107338,35.965627],[112.138831,35.92053],[112.140616,35.911995],[112.135203,35.907068],[112.135318,35.897253],[112.146121,35.893505],[112.152224,35.870563],[112.16693,35.877367],[112.177059,35.873574],[112.203484,35.848054],[112.207233,35.830098],[112.19844,35.821493],[112.180376,35.81732],[112.143701,35.816576],[112.123084,35.820015],[112.059403,35.845547],[112.038961,35.86418],[112.02922,35.85595],[112.028934,35.83101],[111.995159,35.851355],[111.953734,35.85374],[111.926504,35.845565],[111.912324,35.848435],[111.904438,35.854937],[111.89755,35.852785],[111.897068,35.849405],[111.905935,35.8416],[111.907599,35.836284],[111.89771,35.842851],[111.889562,35.838903],[111.874896,35.842366],[111.857571,35.830571],[111.848959,35.820657],[111.839698,35.818059],[111.793569,35.832291],[111.783178,35.831959],[111.782787,35.836281],[111.791034,35.839813],[111.791424,35.844529],[111.783179,35.847278],[111.761816,35.845501],[111.712362,35.853497],[111.679132,35.862363],[111.669712,35.870307],[111.646034,35.875486],[111.644948,35.891492]]]}},{"type":"Feature","properties":{"id":"cn:141028","name":"吉县","level":2},"geometry":{"type":"Polygon","coordinates":[[[110.441431,36.164262],[110.453882,36.194503],[110.453559,36.20356],[110.447251,36.215688],[110.448545,36.223613],[110.465445,36.243747],[110.471422,36.257649],[110.469893,36.281622],[110.461674,36.293714],[110.468427,36.308704],[110.453714,36.33099],[110.455987,36.340493],[110.463727,36.351498],[110.479446,36.345669],[110.515027,36.339848],[110.527275,36.325569],[110.579444,36.33176],[110.62907,36.323333],[110.691561,36.292353],[110.729929,36.300295],[110.762782,36.302209],[110.760178,36.313787],[110.763582,36.31763],[110.793008,36.323127],[110.798483,36.329658],[110.809714,36.323381],[110.819737,36.331085],[110.828678,36.325979],[110.829555,36.321888],[110.830718,36.316029],[110.820049,36.302536],[110.826646,36.297832],[110.838244,36.293438],[110.850796,36.29846],[110.882098,36.289625],[110.891933,36.294935],[110.904538,36.308877],[110.909589,36.309816],[110.916308,36.296146],[110.926473,36.293436],[110.92748,36.283847],[110.932558,36.280651],[110.988053,36.280164],[111.02209,36.273795],[111.038158,36.264016],[111.04801,36.250029],[111.072246,36.252809],[111.079677,36.248575],[111.091901,36.232863],[111.118446,36.219677],[111.126094,36.212238],[111.122578,36.198067],[111.100599,36.180026],[111.104601,36.16415],[111.090695,36.152461],[111.069392,36.148681],[111.05835,36.136669],[111.057013,36.120078],[111.04368,36.112316],[111.024957,36.108416],[111.007344,36.120185],[110.992856,36.120391],[110.983724,36.116881],[110.973046,36.107544],[110.950373,36.107876],[110.936702,36.095871],[110.924357,36.093872],[110.897014,36.097205],[110.874011,36.086871],[110.854757,36.100221],[110.838733,36.098269],[110.824305,36.082848],[110.817266,36.06734],[110.793776,36.055591],[110.797161,36.015354],[110.781241,36.004901],[110.745079,35.989113],[110.736233,35.981865],[110.728551,35.962968],[110.721338,35.958035],[110.699524,35.950096],[110.686581,35.948723],[110.668593,35.95368],[110.656081,35.939983],[110.656198,35.9353],[110.64729,35.937568],[110.643627,35.933442],[110.617196,35.923274],[110.608186,35.923344],[110.605157,35.926122],[110.594672,35.917994],[110.58166,35.918066],[110.570488,35.914056],[110.565106,35.908309],[110.558204,35.911429],[110.555227,35.903493],[110.545765,35.904676],[110.545358,35.898546],[110.542024,35.902139],[110.539324,35.900748],[110.542241,35.894527],[110.546928,35.894798],[110.545774,35.890647],[110.534958,35.892849],[110.529837,35.888744],[110.509498,35.895522],[110.507547,35.908626],[110.510859,35.924151],[110.500775,35.936288],[110.497249,35.947594],[110.498867,35.95182],[110.50961,35.958276],[110.511316,35.972107],[110.493367,35.983457],[110.487674,35.992357],[110.494194,36.008193],[110.48224,36.044988],[110.462382,36.074636],[110.464848,36.094605],[110.454812,36.1045],[110.447972,36.120838],[110.441431,36.164262]]]}},{"type":"Feature","properties":{"id":"cn:141029","name":"乡宁县","level":2},"geometry":{"type":"Polygon","coordinates":[[[110.505425,35.881457],[110.509498,35.895522],[110.529238,35.888719],[110.534958,35.892849],[110.544993,35.890275],[110.546928,35.894798],[110.542241,35.894527],[110.539324,35.900748],[110.542024,35.902139],[110.545358,35.898546],[110.545765,35.904676],[110.555227,35.903493],[110.558204,35.911429],[110.565106,35.908309],[110.570488,35.914056],[110.58166,35.918066],[110.594672,35.917994],[110.605157,35.926122],[110.608186,35.923344],[110.617196,35.923274],[110.643627,35.933442],[110.64729,35.937568],[110.656198,35.9353],[110.656081,35.939983],[110.668593,35.95368],[110.686581,35.948723],[110.699524,35.950096],[110.721338,35.958035],[110.728551,35.962968],[110.736233,35.981865],[110.745079,35.989113],[110.781241,36.004901],[110.797161,36.015354],[110.793776,36.055591],[110.817266,36.06734],[110.830191,36.091181],[110.838733,36.098269],[110.846258,36.100024],[110.854757,36.100221],[110.874011,36.086871],[110.897014,36.097205],[110.924357,36.093872],[110.936702,36.095871],[110.950373,36.107876],[110.973046,36.107544],[110.983724,36.116881],[111.001302,36.121266],[111.024957,36.108416],[111.031528,36.107821],[111.057013,36.120078],[111.05835,36.136669],[111.069392,36.148681],[111.080373,36.1499],[111.103611,36.134952],[111.131309,36.130045],[111.132169,36.12235],[111.139049,36.118459],[111.165816,36.120465],[111.166484,36.117064],[111.177985,36.110953],[111.196866,36.104962],[111.202543,36.104771],[111.217968,36.119269],[111.230911,36.120794],[111.246762,36.105471],[111.253072,36.084423],[111.269244,36.064288],[111.28697,36.054099],[111.274453,36.042728],[111.272977,36.035544],[111.280051,36.011545],[111.271284,35.985948],[111.273237,35.959204],[111.269191,35.94977],[111.211093,35.906886],[111.204139,35.874754],[111.184669,35.848398],[111.164304,35.838269],[111.140598,35.839537],[111.120754,35.819693],[111.106093,35.819251],[111.094921,35.812376],[111.055711,35.755805],[111.050962,35.741087],[111.044573,35.738246],[110.996814,35.734312],[110.993324,35.738379],[110.99026,35.761447],[110.982169,35.770015],[110.977925,35.795126],[110.970633,35.808086],[110.962126,35.805957],[110.946076,35.786311],[110.947499,35.770194],[110.943784,35.750189],[110.948185,35.719367],[110.943324,35.711738],[110.920191,35.702211],[110.906962,35.690788],[110.893169,35.691248],[110.868585,35.710064],[110.839948,35.719417],[110.761059,35.729541],[110.740967,35.744533],[110.701974,35.737905],[110.679283,35.7294],[110.675029,35.734361],[110.674317,35.742868],[110.679282,35.750665],[110.691331,35.756338],[110.693467,35.760591],[110.691331,35.765554],[110.670203,35.76868],[110.666093,35.776828],[110.650784,35.788466],[110.639491,35.789403],[110.622155,35.784738],[110.618735,35.773068],[110.61147,35.762852],[110.605854,35.76137],[110.60219,35.752985],[110.571965,35.737227],[110.569959,35.767038],[110.558678,35.785254],[110.565283,35.804633],[110.558707,35.818642],[110.558897,35.826226],[110.549879,35.832139],[110.544497,35.842489],[110.545894,35.875661],[110.537097,35.879491],[110.521158,35.875558],[110.505425,35.881457]]]}},{"type":"Feature","properties":{"id":"cn:141030","name":"大宁县","level":2},"geometry":{"type":"Polygon","coordinates":[[[110.463727,36.351498],[110.463661,36.369884],[110.48145,36.393819],[110.486583,36.423097],[110.484183,36.42998],[110.471724,36.440145],[110.467577,36.453116],[110.472236,36.460282],[110.490236,36.472949],[110.497882,36.488134],[110.495747,36.536069],[110.48582,36.548863],[110.504708,36.553431],[110.50706,36.54798],[110.503458,36.534377],[110.510549,36.537228],[110.523918,36.535323],[110.531617,36.537675],[110.558995,36.527389],[110.585844,36.533574],[110.605592,36.522541],[110.630548,36.52343],[110.651399,36.530482],[110.656442,36.553252],[110.66534,36.55991],[110.706625,36.583156],[110.731225,36.589922],[110.737719,36.609086],[110.747865,36.599958],[110.754886,36.601468],[110.770737,36.592398],[110.794096,36.57475],[110.826075,36.56373],[110.836205,36.535995],[110.835406,36.505414],[110.832012,36.497666],[110.848896,36.485882],[110.855225,36.477705],[110.861613,36.457588],[110.860511,36.445821],[110.88367,36.407488],[110.875319,36.397427],[110.874468,36.386136],[110.911118,36.331019],[110.918852,36.326579],[110.937559,36.327505],[110.956595,36.312829],[110.984016,36.311422],[110.993687,36.307536],[111.007202,36.294187],[111.015727,36.275561],[110.988053,36.280164],[110.932558,36.280651],[110.92748,36.283847],[110.926473,36.293436],[110.916308,36.296146],[110.909589,36.309816],[110.904538,36.308877],[110.891933,36.294935],[110.882098,36.289625],[110.850796,36.29846],[110.838244,36.293438],[110.820049,36.302536],[110.830718,36.316029],[110.828678,36.325979],[110.819737,36.331085],[110.809714,36.323381],[110.798483,36.329658],[110.793008,36.323127],[110.763582,36.31763],[110.760178,36.313787],[110.762782,36.302209],[110.729929,36.300295],[110.691561,36.292353],[110.651414,36.314392],[110.618923,36.32579],[110.569462,36.331929],[110.539262,36.325282],[110.527275,36.325569],[110.515027,36.339848],[110.479446,36.345669],[110.463727,36.351498]]]}},{"type":"Feature","properties":{"id":"cn:141031","name":"隰县","level":2},"geometry":{"type":"Polygon","coordinates":[[[110.752751,36.614221],[110.75492,36.623057],[110.778706,36.629542],[110.774452,36.647472],[110.794713,36.655384],[110.797595,36.662415],[110.797309,36.680775],[110.788481,36.706044],[110.794837,36.724699],[110.78967,36.732538],[110.779766,36.729293],[110.777316,36.733867],[110.779137,36.741152],[110.79742,36.757637],[110.802952,36.770384],[110.789358,36.801622],[110.793958,36.819769],[110.824245,36.839426],[110.833273,36.85874],[110.889594,36.875838],[110.891078,36.885863],[110.921226,36.895286],[110.93173,36.906228],[110.965262,36.896006],[110.978994,36.898643],[110.987543,36.906034],[110.981867,36.9175],[110.985313,36.928574],[110.997151,36.923212],[111.001127,36.908098],[110.993868,36.902983],[110.994615,36.897843],[111.009233,36.899928],[111.008973,36.905989],[111.015549,36.909719],[111.013602,36.916951],[111.026268,36.916982],[111.030563,36.92422],[111.036706,36.924249],[111.036046,36.928676],[111.074723,36.93026],[111.079109,36.920647],[111.088383,36.91228],[111.077782,36.907345],[111.076959,36.889222],[111.067929,36.882268],[111.061586,36.854699],[111.090098,36.836195],[111.09838,36.839309],[111.109368,36.835098],[111.128969,36.845578],[111.155572,36.840825],[111.173693,36.847724],[111.178841,36.840035],[111.174847,36.827748],[111.176288,36.823046],[111.194309,36.805947],[111.205436,36.748702],[111.213882,36.741788],[111.247841,36.737405],[111.257277,36.723442],[111.256114,36.719745],[111.245879,36.714891],[111.248414,36.707873],[111.252312,36.699548],[111.265358,36.691419],[111.266565,36.687839],[111.256304,36.667392],[111.264342,36.650772],[111.266739,36.633211],[111.246781,36.608641],[111.214394,36.602242],[111.189,36.573438],[111.165449,36.570777],[111.090286,36.573471],[111.065052,36.567212],[111.047127,36.57025],[110.981962,36.563643],[110.975104,36.559863],[110.961875,36.542224],[110.920494,36.519525],[110.915112,36.507775],[110.902343,36.499337],[110.888227,36.496425],[110.888485,36.484424],[110.895111,36.474411],[110.883731,36.462822],[110.869686,36.456385],[110.861448,36.455973],[110.852281,36.482609],[110.832012,36.497666],[110.835406,36.505414],[110.836205,36.535995],[110.826075,36.56373],[110.785137,36.579811],[110.754886,36.601468],[110.752751,36.614221]]]}},{"type":"Feature","properties":{"id":"cn:141032","name":"永和县","level":2},"geometry":{"type":"Polygon","coordinates":[[[110.368974,36.876838],[110.373531,36.88352],[110.396464,36.886102],[110.402995,36.891873],[110.404801,36.898996],[110.409129,36.89872],[110.427038,36.884939],[110.442072,36.890487],[110.456118,36.88678],[110.46676,36.875225],[110.492156,36.879501],[110.500444,36.873476],[110.529526,36.869801],[110.535999,36.858338],[110.539654,36.859443],[110.539472,36.867246],[110.550267,36.872236],[110.5572,36.865253],[110.565877,36.86607],[110.568929,36.861384],[110.591945,36.866805],[110.599458,36.874874],[110.624935,36.871809],[110.632609,36.876076],[110.634389,36.884006],[110.641689,36.892443],[110.640674,36.915803],[110.64326,36.923216],[110.653208,36.932144],[110.706481,36.935499],[110.714788,36.927951],[110.719632,36.910529],[110.753698,36.902178],[110.763412,36.896826],[110.770774,36.87644],[110.778672,36.867998],[110.819037,36.857299],[110.833273,36.85874],[110.824245,36.839426],[110.793958,36.819769],[110.790348,36.811084],[110.789358,36.801622],[110.802952,36.770384],[110.79742,36.757637],[110.779137,36.741152],[110.777316,36.733867],[110.779766,36.729293],[110.78967,36.732538],[110.794837,36.724699],[110.788481,36.706044],[110.797309,36.680775],[110.797595,36.662415],[110.794713,36.655384],[110.774452,36.647472],[110.778706,36.629542],[110.75492,36.623057],[110.752751,36.614221],[110.754886,36.601468],[110.747865,36.599958],[110.737719,36.609086],[110.731225,36.589922],[110.706625,36.583156],[110.66534,36.55991],[110.656442,36.553252],[110.651399,36.530482],[110.61745,36.521091],[110.605592,36.522541],[110.585844,36.533574],[110.5564,36.527423],[110.531617,36.537675],[110.50246,36.534699],[110.50706,36.54798],[110.504708,36.553431],[110.48582,36.548863],[110.483406,36.553568],[110.492423,36.575267],[110.491252,36.582134],[110.465872,36.595555],[110.441733,36.620876],[110.420995,36.657114],[110.393101,36.673002],[110.38596,36.680972],[110.387513,36.69215],[110.397242,36.696911],[110.405833,36.694634],[110.417838,36.680661],[110.430052,36.681179],[110.432432,36.685629],[110.429379,36.707313],[110.446146,36.726253],[110.446767,36.73236],[110.441282,36.737431],[110.434243,36.736811],[110.420167,36.72201],[110.410024,36.723251],[110.410956,36.731531],[110.42555,36.743642],[110.424939,36.752057],[110.407468,36.762738],[110.37824,36.767126],[110.378406,36.77491],[110.395322,36.772136],[110.400356,36.774123],[110.413836,36.797923],[110.41719,36.818776],[110.403243,36.823185],[110.400785,36.827212],[110.413786,36.834574],[110.41879,36.855119],[110.408311,36.865295],[110.377176,36.870003],[110.368974,36.876838]]]}},{"type":"Feature","properties":{"id":"cn:141033","name":"蒲县","level":2},"geometry":{"type":"Polygon","coordinates":[[[110.859686,36.4529],[110.861448,36.455973],[110.869686,36.456385],[110.883731,36.462822],[110.893331,36.471569],[110.895111,36.474411],[110.888485,36.484424],[110.888227,36.496425],[110.902343,36.499337],[110.915112,36.507775],[110.920494,36.519525],[110.961875,36.542224],[110.975104,36.559863],[110.981962,36.563643],[111.047127,36.57025],[111.065052,36.567212],[111.090286,36.573471],[111.179202,36.57094],[111.193297,36.577167],[111.20108,36.590033],[111.214394,36.602242],[111.246781,36.608641],[111.266739,36.633211],[111.29568,36.623984],[111.320766,36.624679],[111.35101,36.612977],[111.378197,36.591719],[111.387042,36.567101],[111.38468,36.543577],[111.368379,36.519652],[111.357944,36.513902],[111.356668,36.507647],[111.362702,36.498736],[111.382041,36.48309],[111.391295,36.452521],[111.368361,36.425771],[111.36837,36.417512],[111.378039,36.397293],[111.375,36.38361],[111.351711,36.370613],[111.344722,36.356523],[111.345174,36.331415],[111.339201,36.329643],[111.318872,36.299097],[111.29085,36.273012],[111.289756,36.264243],[111.299402,36.240359],[111.297361,36.229019],[111.267232,36.22119],[111.223872,36.199653],[111.213464,36.198245],[111.188716,36.210623],[111.16224,36.203399],[111.15059,36.203536],[111.136085,36.211567],[111.126094,36.212238],[111.118446,36.219677],[111.091901,36.232863],[111.083584,36.24555],[111.072246,36.252809],[111.04801,36.250029],[111.038158,36.264016],[111.015727,36.275561],[111.007202,36.294187],[110.993687,36.307536],[110.984016,36.311422],[110.956595,36.312829],[110.937559,36.327505],[110.930032,36.325524],[110.913279,36.328829],[110.874468,36.386136],[110.875319,36.397427],[110.88367,36.407488],[110.870302,36.425878],[110.859686,36.4529]]]}},{"type":"Feature","properties":{"id":"cn:141034","name":"汾西县","level":2},"geometry":{"type":"Polygon","coordinates":[[[111.223101,36.741021],[111.237694,36.757926],[111.267695,36.760209],[111.271039,36.75836],[111.272695,36.749174],[111.26849,36.738336],[111.298441,36.737717],[111.30653,36.741641],[111.314974,36.73591],[111.319022,36.740359],[111.317021,36.753536],[111.32316,36.756127],[111.332287,36.75047],[111.350495,36.754243],[111.351017,36.758218],[111.346031,36.760841],[111.350484,36.766657],[111.359278,36.765788],[111.359212,36.777874],[111.374046,36.783817],[111.380895,36.793407],[111.408155,36.803604],[111.428225,36.785345],[111.455464,36.771574],[111.469805,36.771542],[111.483954,36.778908],[111.49385,36.803922],[111.497391,36.803535],[111.500182,36.794877],[111.505479,36.790165],[111.506956,36.77862],[111.510716,36.780631],[111.51479,36.791024],[111.519408,36.791113],[111.526893,36.783805],[111.530973,36.78486],[111.530913,36.78805],[111.536104,36.788114],[111.545344,36.778661],[111.543165,36.775149],[111.53583,36.773913],[111.53195,36.768236],[111.5353,36.754121],[111.559684,36.722789],[111.597449,36.695404],[111.616816,36.687778],[111.652094,36.656902],[111.668744,36.650677],[111.663029,36.642589],[111.635392,36.635229],[111.647051,36.61875],[111.645514,36.606515],[111.651312,36.603544],[111.650201,36.588354],[111.621242,36.560256],[111.618873,36.552812],[111.623196,36.547946],[111.635696,36.544358],[111.641746,36.53757],[111.638262,36.53352],[111.644205,36.533765],[111.660583,36.508705],[111.669793,36.507495],[111.670148,36.48479],[111.64422,36.480233],[111.607978,36.459387],[111.595704,36.455411],[111.554039,36.502935],[111.520827,36.496654],[111.512329,36.491454],[111.472572,36.4851],[111.456131,36.487809],[111.435905,36.495851],[111.422797,36.503989],[111.396226,36.529414],[111.38574,36.548906],[111.387042,36.567101],[111.382155,36.584097],[111.378197,36.591719],[111.360896,36.606311],[111.320766,36.624679],[111.29568,36.623984],[111.266739,36.633211],[111.264342,36.650772],[111.256304,36.667392],[111.266565,36.687839],[111.265358,36.691419],[111.252312,36.699548],[111.245879,36.714891],[111.256114,36.719745],[111.257277,36.723442],[111.247841,36.737405],[111.223101,36.741021]]]}},{"type":"Feature","properties":{"id":"cn:141081","name":"侯马市","level":2},"geometry":{"type":"Polygon","coordinates":[[[111.260206,35.598267],[111.262072,35.630125],[111.26949,35.633903],[111.2821,35.628714],[111.28612,35.635236],[111.28214,35.640131],[111.295882,35.648311],[111.287268,35.664401],[111.287353,35.672134],[111.315414,35.677548],[111.335692,35.671552],[111.35136,35.670807],[111.35965,35.676076],[111.363062,35.686324],[111.359259,35.696985],[111.362412,35.704436],[111.402706,35.695499],[111.409147,35.692383],[111.410812,35.683449],[111.422037,35.679501],[111.443226,35.683034],[111.436785,35.659757],[111.437887,35.652007],[111.442115,35.648116],[111.440908,35.638148],[111.452705,35.613995],[111.452548,35.606621],[111.448624,35.57824],[111.439614,35.563255],[111.416636,35.559599],[111.406053,35.565061],[111.40395,35.572237],[111.39813,35.567085],[111.373729,35.561829],[111.369432,35.556085],[111.355569,35.551358],[111.345049,35.555885],[111.332914,35.552296],[111.327375,35.544004],[111.314502,35.537814],[111.301264,35.534734],[111.290127,35.536445],[111.265223,35.559198],[111.27787,35.572184],[111.260206,35.598267]]]}},{"type":"Feature","properties":{"id":"cn:141082","name":"霍州市","level":2},"geometry":{"type":"Polygon","coordinates":[[[111.618873,36.552812],[111.621242,36.560256],[111.650201,36.588354],[111.651312,36.603544],[111.645514,36.606515],[111.647051,36.61875],[111.635392,36.635229],[111.664657,36.643618],[111.668744,36.650677],[111.676554,36.654732],[111.682375,36.668002],[111.680747,36.672201],[111.66883,36.680312],[111.664542,36.689006],[111.665957,36.695347],[111.711904,36.711137],[111.748735,36.71862],[111.780246,36.703017],[111.81218,36.712673],[111.820065,36.707592],[111.82689,36.71217],[111.836422,36.711626],[111.838413,36.705427],[111.832816,36.70128],[111.830886,36.696428],[111.832974,36.695779],[111.849377,36.700089],[111.851443,36.709503],[111.858613,36.707838],[111.869562,36.713193],[111.908865,36.706042],[111.921894,36.706989],[111.943761,36.698863],[111.975532,36.67694],[111.983266,36.679037],[111.990072,36.686983],[112.006703,36.684839],[112.012962,36.67806],[112.016096,36.654475],[112.032614,36.636641],[112.03508,36.601801],[112.045644,36.590916],[111.985766,36.585321],[111.974637,36.580742],[111.972215,36.564353],[111.952406,36.543363],[111.942494,36.523915],[111.927275,36.516415],[111.901312,36.512144],[111.88212,36.499882],[111.869142,36.479614],[111.858838,36.446284],[111.853239,36.442704],[111.828734,36.442834],[111.813551,36.457577],[111.804342,36.459032],[111.74899,36.448777],[111.731902,36.459886],[111.694332,36.473064],[111.704074,36.494198],[111.702486,36.500462],[111.660583,36.508705],[111.644205,36.533765],[111.638262,36.53352],[111.641746,36.53757],[111.635696,36.544358],[111.623196,36.547946],[111.618873,36.552812]]]}},{"type":"Feature","properties":{"id":"cn:1411","name":"吕梁市","level":1},"geometry":{"type":"Polygon","coordinates":[[[110.371102,37.014592],[110.377481,37.021275],[110.390846,37.022187],[110.407097,37.018693],[110.426689,37.005935],[110.44218,37.008821],[110.444611,37.015959],[110.44127,37.02006],[110.418336,37.023363],[110.411708,37.026931],[110.411529,37.03412],[110.424411,37.041399],[110.454786,37.044246],[110.493038,37.089333],[110.524363,37.106419],[110.530059,37.114773],[110.528546,37.131062],[110.531195,37.140308],[110.571352,37.172772],[110.609132,37.216058],[110.625947,37.230907],[110.633528,37.2452],[110.64468,37.253961],[110.652513,37.278803],[110.65637,37.28157],[110.674915,37.280512],[110.684408,37.286587],[110.684028,37.294751],[110.673681,37.306996],[110.671784,37.3144],[110.693236,37.331677],[110.694063,37.345717],[110.676201,37.352917],[110.635998,37.35968],[110.625176,37.372589],[110.624797,37.391955],[110.638847,37.434481],[110.652611,37.440272],[110.676152,37.44122],[110.74241,37.451852],[110.753519,37.473972],[110.753708,37.502829],[110.765479,37.519536],[110.76453,37.536053],[110.779433,37.546589],[110.788926,37.557981],[110.789116,37.565575],[110.766441,37.592033],[110.76548,37.617877],[110.757126,37.633635],[110.762632,37.644836],[110.779149,37.645405],[110.787503,37.650151],[110.791869,37.657745],[110.790336,37.662434],[110.769562,37.680242],[110.727034,37.691059],[110.706754,37.700075],[110.697693,37.711436],[110.701408,37.723339],[110.7109,37.728085],[110.744883,37.73549],[110.752855,37.743652],[110.749863,37.754413],[110.71935,37.774123],[110.674735,37.789502],[110.659819,37.801075],[110.65518,37.807538],[110.653757,37.820922],[110.645025,37.839527],[110.630056,37.855416],[110.624577,37.868591],[110.601778,37.895785],[110.594863,37.908065],[110.595771,37.911964],[110.588557,37.921457],[110.568904,37.933455],[110.542081,37.939818],[110.523059,37.949743],[110.513091,37.959899],[110.512521,37.975846],[110.522773,37.992743],[110.514989,38.006602],[110.502459,38.012297],[110.499041,38.017043],[110.495449,38.033585],[110.503123,38.061372],[110.494674,38.092222],[110.515557,38.123927],[110.502917,38.1533],[110.502185,38.184369],[110.507689,38.199108],[110.518311,38.210031],[110.547023,38.209109],[110.556694,38.212016],[110.561726,38.217164],[110.568439,38.288856],[110.578605,38.303356],[110.595789,38.307839],[110.633256,38.304373],[110.655456,38.308307],[110.662922,38.31324],[110.678789,38.335774],[110.70075,38.356197],[110.740882,38.365587],[110.746482,38.372973],[110.749293,38.393139],[110.76271,38.411004],[110.771726,38.440339],[110.780589,38.449333],[110.790943,38.452956],[110.807936,38.451964],[110.839455,38.43943],[110.871241,38.456496],[110.866868,38.474843],[110.868954,38.492991],[110.864361,38.508496],[110.874579,38.516077],[110.891145,38.514625],[110.901854,38.520709],[110.9058,38.540975],[110.902974,38.560441],[110.914814,38.577615],[110.914067,38.581669],[110.890814,38.587855],[110.888201,38.599961],[110.874229,38.618201],[110.874975,38.626521],[110.890602,38.6574],[110.909641,38.670894],[110.904628,38.689028],[110.909535,38.703854],[110.931775,38.718307],[110.939354,38.72901],[110.947118,38.721325],[110.949114,38.712414],[110.939635,38.696585],[110.939627,38.689367],[110.943551,38.685382],[110.953854,38.682987],[110.979852,38.683772],[111.00072,38.659813],[111.003408,38.652462],[111.012513,38.650037],[111.018708,38.65088],[111.025687,38.659481],[111.064843,38.685551],[111.117135,38.705724],[111.139678,38.721038],[111.180797,38.729362],[111.196023,38.728637],[111.20506,38.72332],[111.213237,38.711154],[111.221126,38.666722],[111.244268,38.6543],[111.245778,38.629278],[111.26649,38.595597],[111.289364,38.592771],[111.340309,38.602728],[111.342314,38.586135],[111.366915,38.57232],[111.431748,38.568382],[111.439569,38.562909],[111.440646,38.541831],[111.448223,38.523238],[111.497067,38.483311],[111.500106,38.506592],[111.497841,38.513923],[111.506018,38.524796],[111.515931,38.524223],[111.528456,38.512135],[111.539542,38.507082],[111.552632,38.508324],[111.603192,38.541804],[111.677871,38.566127],[111.703349,38.600481],[111.712645,38.601787],[111.731864,38.59374],[111.74314,38.581271],[111.760311,38.547082],[111.762411,38.536526],[111.723018,38.516722],[111.718774,38.51361],[111.716838,38.505698],[111.786989,38.450307],[111.785521,38.442141],[111.790102,38.432543],[111.776225,38.420437],[111.787178,38.402042],[111.782302,38.387273],[111.816819,38.36858],[111.81514,38.36016],[111.821595,38.349044],[111.815049,38.336278],[111.822129,38.325301],[111.834681,38.320563],[111.835893,38.303606],[111.824428,38.296843],[111.813158,38.295009],[111.800957,38.298721],[111.768574,38.289587],[111.768939,38.259555],[111.772593,38.247481],[111.783687,38.23848],[111.793739,38.234868],[111.798852,38.221899],[111.811126,38.213788],[111.799372,38.203046],[111.799902,38.194907],[111.7861,38.194413],[111.787377,38.190147],[111.784615,38.18897],[111.778574,38.190619],[111.770561,38.186053],[111.766795,38.187204],[111.759762,38.178727],[111.747506,38.178956],[111.737575,38.183027],[111.731828,38.179534],[111.716229,38.177772],[111.709024,38.172203],[111.711776,38.164477],[111.710075,38.157936],[111.683035,38.133522],[111.667687,38.130015],[111.636845,38.115669],[111.618685,38.101443],[111.561337,38.095065],[111.541164,38.084887],[111.537301,38.071311],[111.516962,38.065087],[111.516719,38.058247],[111.509453,38.049857],[111.521823,38.038081],[111.511953,38.02516],[111.511171,38.015551],[111.5171,38.003823],[111.531665,37.991909],[111.531682,37.978801],[111.536188,37.972077],[111.539216,37.95545],[111.551169,37.93823],[111.566082,37.931507],[111.571437,37.923143],[111.568068,37.913195],[111.573034,37.900769],[111.540768,37.884745],[111.55845,37.878218],[111.561194,37.859294],[111.568677,37.847359],[111.585664,37.856078],[111.602584,37.855202],[111.611959,37.859152],[111.62584,37.857781],[111.634329,37.86114],[111.647159,37.85617],[111.659476,37.863115],[111.675118,37.862529],[111.683947,37.874187],[111.699659,37.878405],[111.713001,37.874018],[111.738617,37.871565],[111.740336,37.854838],[111.761387,37.840806],[111.762167,37.830689],[111.781811,37.826561],[111.80202,37.816518],[111.809624,37.808362],[111.813383,37.795528],[111.875163,37.791895],[111.891777,37.798679],[111.903469,37.794986],[111.905961,37.792464],[111.904416,37.780072],[111.911907,37.774004],[111.915092,37.757464],[111.928738,37.74025],[111.92761,37.730854],[111.94669,37.734204],[111.96116,37.71318],[111.968591,37.712611],[111.989763,37.721448],[112.01676,37.723228],[112.02643,37.711427],[112.03315,37.709607],[112.044642,37.709707],[112.068041,37.716995],[112.084312,37.712372],[112.097263,37.715042],[112.111967,37.697716],[112.121881,37.698648],[112.13043,37.688822],[112.150084,37.684811],[112.155318,37.678652],[112.168747,37.674473],[112.167081,37.670736],[112.171958,37.668314],[112.165813,37.657776],[112.167523,37.634703],[112.181324,37.626331],[112.188945,37.615449],[112.197386,37.612318],[112.203148,37.599799],[112.221039,37.592159],[112.230578,37.56511],[112.249249,37.56107],[112.28582,37.565162],[112.287652,37.548075],[112.269415,37.531851],[112.267296,37.523409],[112.291515,37.519989],[112.292313,37.507523],[112.30727,37.504876],[112.30694,37.494789],[112.293172,37.493739],[112.2828,37.48771],[112.294735,37.479277],[112.310925,37.475714],[112.311584,37.46735],[112.322973,37.460687],[112.320716,37.447601],[112.313511,37.443178],[112.280516,37.43685],[112.257408,37.420687],[112.252738,37.408574],[112.253224,37.393464],[112.249449,37.386385],[112.217713,37.352165],[112.213521,37.340125],[112.199734,37.333134],[112.192088,37.320289],[112.170833,37.307364],[112.135834,37.267118],[112.130349,37.26589],[112.115035,37.273722],[112.112672,37.294082],[112.095919,37.297945],[112.088584,37.3057],[112.088341,37.314647],[112.07862,37.317893],[112.061845,37.316292],[112.043111,37.297873],[112.040519,37.280165],[112.02934,37.277106],[112.022458,37.269935],[112.015487,37.269961],[112.008325,37.282393],[112.004556,37.282054],[112.003208,37.277627],[112.007998,37.26752],[111.995186,37.266324],[111.990925,37.270959],[111.985005,37.271488],[111.979603,37.263251],[111.97487,37.271389],[111.971073,37.258722],[111.965998,37.253617],[111.935821,37.255003],[111.934709,37.246066],[111.94735,37.243175],[111.954068,37.226786],[111.952576,37.22181],[111.941192,37.212772],[111.944856,37.177691],[111.928051,37.148678],[111.920786,37.111677],[111.917131,37.105992],[111.894944,37.093132],[111.887991,37.084265],[111.887078,37.074676],[111.873797,37.056893],[111.854621,37.046833],[111.854113,37.042556],[111.83567,37.039028],[111.830006,37.044156],[111.818748,37.045449],[111.819949,37.03914],[111.814839,37.035374],[111.785221,37.022163],[111.753059,37.015053],[111.73404,37.00577],[111.728945,36.997202],[111.703667,36.995418],[111.694988,36.987517],[111.680603,36.992974],[111.674381,36.987732],[111.675665,36.976425],[111.67304,36.970008],[111.668019,36.968897],[111.659823,36.973271],[111.653025,36.963907],[111.639561,36.963936],[111.632529,36.955734],[111.62963,36.941768],[111.614848,36.943709],[111.611254,36.954179],[111.574165,36.966822],[111.55216,36.980677],[111.546543,36.982026],[111.539234,36.976779],[111.534763,36.977408],[111.525285,36.986392],[111.527541,36.996783],[111.525189,36.997999],[111.49222,36.990888],[111.505959,36.97312],[111.516415,36.970147],[111.533865,36.954182],[111.535154,36.931626],[111.55064,36.925069],[111.564096,36.92871],[111.578541,36.918604],[111.559129,36.910095],[111.52853,36.88798],[111.498738,36.8862],[111.486056,36.878487],[111.481428,36.869991],[111.458268,36.86491],[111.451515,36.857528],[111.448869,36.847962],[111.442798,36.844981],[111.414547,36.844612],[111.413941,36.833252],[111.407873,36.832955],[111.405727,36.826021],[111.408155,36.803604],[111.380895,36.793407],[111.374046,36.783817],[111.359212,36.777874],[111.359278,36.765788],[111.350484,36.766657],[111.346031,36.760841],[111.351017,36.758218],[111.350495,36.754243],[111.332287,36.75047],[111.32316,36.756127],[111.317021,36.753536],[111.319022,36.740359],[111.31432,36.735758],[111.30653,36.741641],[111.298441,36.737717],[111.26849,36.738336],[111.272695,36.749174],[111.271039,36.75836],[111.267695,36.760209],[111.237694,36.757926],[111.223101,36.741021],[111.213882,36.741788],[111.205436,36.748702],[111.194309,36.805947],[111.176288,36.823046],[111.174847,36.827748],[111.178841,36.840035],[111.173693,36.847724],[111.155572,36.840825],[111.128969,36.845578],[111.108244,36.83508],[111.09838,36.839309],[111.090098,36.836195],[111.062341,36.853673],[111.067929,36.882268],[111.076959,36.889222],[111.077782,36.907345],[111.088383,36.91228],[111.079109,36.920647],[111.074144,36.93056],[111.036046,36.928676],[111.036706,36.924249],[111.030563,36.92422],[111.026268,36.916982],[111.013602,36.916951],[111.015549,36.909719],[111.008973,36.905989],[111.009233,36.899928],[110.994615,36.897843],[110.993868,36.902983],[111.001127,36.908098],[110.997151,36.923212],[110.985313,36.928574],[110.981867,36.9175],[110.987543,36.906034],[110.978994,36.898643],[110.965262,36.896006],[110.93173,36.906228],[110.921226,36.895286],[110.891078,36.885863],[110.889594,36.875838],[110.833273,36.85874],[110.819037,36.857299],[110.778672,36.867998],[110.770774,36.87644],[110.763412,36.896826],[110.753698,36.902178],[110.719632,36.910529],[110.714788,36.927951],[110.706481,36.935499],[110.679909,36.931974],[110.656247,36.933529],[110.64326,36.923216],[110.640674,36.915803],[110.641689,36.892443],[110.62978,36.87398],[110.624935,36.871809],[110.599458,36.874874],[110.591945,36.866805],[110.568929,36.861384],[110.565877,36.86607],[110.5572,36.865253],[110.550267,36.872236],[110.539472,36.867246],[110.537656,36.857952],[110.527379,36.870469],[110.500444,36.873476],[110.492156,36.879501],[110.46676,36.875225],[110.456118,36.88678],[110.442072,36.890487],[110.427038,36.884939],[110.415841,36.895554],[110.404801,36.898996],[110.409906,36.933717],[110.419019,36.95012],[110.418508,36.963223],[110.402692,36.988468],[110.376266,37.001986],[110.371102,37.014592]]]}},{"type":"Feature","properties":{"id":"cn:141102","name":"离石区","level":2},"geometry":{"type":"Polygon","coordinates":[[[110.933184,37.637064],[110.937877,37.643057],[110.940632,37.640398],[110.944217,37.642863],[110.97051,37.643675],[110.973906,37.651015],[110.9808,37.651746],[110.975381,37.663837],[110.986834,37.664263],[110.986833,37.666451],[110.973364,37.675788],[110.954623,37.683123],[110.958702,37.693758],[110.957217,37.701403],[110.969118,37.705783],[110.969588,37.714629],[110.979302,37.71449],[110.982024,37.723219],[110.979445,37.730065],[110.98359,37.736652],[111.008059,37.73109],[111.014836,37.736597],[111.0177,37.728303],[111.028556,37.721312],[111.032701,37.714048],[111.044319,37.712282],[111.053124,37.717311],[111.058224,37.706546],[111.061708,37.70556],[111.062178,37.698663],[111.052771,37.690523],[111.053548,37.652473],[111.077993,37.643302],[111.116769,37.635945],[111.136448,37.63618],[111.183132,37.623433],[111.190697,37.625037],[111.19536,37.617201],[111.231441,37.622031],[111.238832,37.640045],[111.259509,37.645584],[111.26407,37.657239],[111.311361,37.684413],[111.331179,37.686918],[111.347004,37.684413],[111.386118,37.668029],[111.406353,37.648043],[111.418124,37.645352],[111.440624,37.658975],[111.439998,37.68394],[111.444512,37.690993],[111.456639,37.697235],[111.509391,37.686553],[111.512829,37.678672],[111.508437,37.666771],[111.509626,37.657873],[111.540399,37.639931],[111.543525,37.611142],[111.550035,37.604771],[111.559705,37.586129],[111.559905,37.579028],[111.552335,37.571126],[111.542067,37.569072],[111.53473,37.571717],[111.521745,37.584985],[111.505722,37.561131],[111.505403,37.551225],[111.511835,37.537392],[111.52475,37.526313],[111.537475,37.505063],[111.545124,37.481981],[111.556558,37.465727],[111.579066,37.45808],[111.587914,37.448779],[111.587158,37.440237],[111.594078,37.433488],[111.598913,37.420995],[111.594524,37.402852],[111.586953,37.395454],[111.589859,37.389263],[111.582304,37.383013],[111.576023,37.382724],[111.55635,37.364514],[111.543409,37.368566],[111.528654,37.365648],[111.527752,37.359658],[111.519709,37.357085],[111.498016,37.357476],[111.490781,37.35118],[111.491925,37.346519],[111.486804,37.341676],[111.423188,37.370563],[111.407685,37.390077],[111.40054,37.393201],[111.360609,37.386586],[111.340774,37.393496],[111.310852,37.388236],[111.301589,37.39264],[111.290861,37.405462],[111.274349,37.45843],[111.265486,37.473178],[111.258369,37.475834],[111.250399,37.474093],[111.242621,37.465696],[111.212335,37.470886],[111.208741,37.461312],[111.203055,37.457123],[111.19408,37.457943],[111.132508,37.47803],[111.101363,37.483229],[111.092354,37.480418],[111.08556,37.483036],[111.087271,37.488826],[111.08252,37.49184],[111.065285,37.493961],[111.058744,37.501125],[111.0575,37.507257],[111.047595,37.512226],[111.033783,37.526623],[111.011136,37.539313],[110.982342,37.568012],[110.974938,37.585568],[110.944946,37.614426],[110.933184,37.637064]]]}},{"type":"Feature","properties":{"id":"cn:141121","name":"文水县","level":2},"geometry":{"type":"Polygon","coordinates":[[[111.505403,37.551225],[111.505722,37.561131],[111.52276,37.585373],[111.53473,37.571717],[111.546424,37.568799],[111.557874,37.574807],[111.559819,37.58211],[111.586612,37.580394],[111.618618,37.572833],[111.644598,37.580298],[111.679433,37.580103],[111.698834,37.570285],[111.716152,37.553675],[111.766048,37.551466],[111.781837,37.546161],[111.854112,37.564174],[111.86122,37.55978],[111.874473,37.540286],[111.869044,37.525793],[111.859819,37.517876],[111.860889,37.511142],[111.866834,37.506134],[111.903739,37.496913],[111.899212,37.512047],[111.924709,37.511621],[111.930952,37.524064],[111.953495,37.528601],[111.975266,37.523749],[111.979398,37.519182],[111.978843,37.506274],[111.982462,37.504342],[111.987626,37.505102],[111.996411,37.513236],[111.997149,37.521734],[112.003686,37.530194],[112.018277,37.530692],[112.03946,37.523319],[112.052109,37.526113],[112.052829,37.532466],[112.058209,37.532967],[112.0633,37.531412],[112.064315,37.523945],[112.079505,37.507656],[112.081846,37.500726],[112.086269,37.500868],[112.089122,37.505554],[112.105723,37.495975],[112.098742,37.479979],[112.115213,37.465649],[112.124276,37.466465],[112.12951,37.47182],[112.12786,37.478634],[112.131316,37.48281],[112.14504,37.488989],[112.150252,37.48816],[112.16513,37.471978],[112.174102,37.473034],[112.174353,37.47987],[112.169776,37.488267],[112.177955,37.497244],[112.198755,37.494382],[112.216917,37.498909],[112.218397,37.505208],[112.213453,37.519076],[112.215631,37.522302],[112.228587,37.517227],[112.241406,37.528212],[112.253712,37.524349],[112.260247,37.525752],[112.262128,37.522767],[112.291515,37.519989],[112.292313,37.507523],[112.305325,37.506282],[112.308242,37.496152],[112.293172,37.493739],[112.2828,37.48771],[112.294735,37.479277],[112.310925,37.475714],[112.311584,37.46735],[112.323598,37.458213],[112.320716,37.447601],[112.313511,37.443178],[112.280516,37.43685],[112.257408,37.420687],[112.252738,37.408574],[112.253224,37.393464],[112.249449,37.386385],[112.217713,37.352165],[112.213521,37.340125],[112.199734,37.333134],[112.192088,37.320289],[112.170833,37.307364],[112.135834,37.267118],[112.130349,37.26589],[112.115035,37.273722],[112.112672,37.294082],[112.095919,37.297945],[112.088584,37.3057],[112.088341,37.314647],[112.07862,37.317893],[112.061845,37.316292],[112.043111,37.297873],[112.040519,37.280165],[112.02934,37.277106],[112.026191,37.271837],[112.018816,37.269486],[112.01417,37.270979],[112.008325,37.282393],[112.004556,37.282054],[112.004193,37.287422],[111.990499,37.304425],[111.987583,37.310952],[111.989658,37.325254],[111.986993,37.331673],[111.981067,37.339492],[111.968667,37.339294],[111.965938,37.349181],[111.969146,37.354403],[111.959178,37.357197],[111.953652,37.363189],[111.943211,37.359905],[111.917749,37.391062],[111.887914,37.392841],[111.885084,37.40558],[111.877315,37.413457],[111.839485,37.412568],[111.844467,37.430749],[111.837688,37.440906],[111.839338,37.453302],[111.836699,37.458836],[111.769147,37.457742],[111.749627,37.460453],[111.731474,37.458045],[111.707786,37.470629],[111.699727,37.469503],[111.694363,37.473951],[111.685647,37.472],[111.675421,37.475959],[111.653337,37.47168],[111.647843,37.480289],[111.632631,37.484009],[111.619247,37.483348],[111.598814,37.473592],[111.592545,37.464816],[111.574796,37.458454],[111.556558,37.465727],[111.545124,37.481981],[111.537475,37.505063],[111.52475,37.526313],[111.511835,37.537392],[111.505403,37.551225]]]}},{"type":"Feature","properties":{"id":"cn:141122","name":"交城县","level":2},"geometry":{"type":"Polygon","coordinates":[[[111.407113,37.821115],[111.42272,37.832317],[111.420882,37.843944],[111.427084,37.859089],[111.423103,37.871732],[111.427683,37.882901],[111.433651,37.8867],[111.486609,37.898546],[111.515814,37.896362],[111.557071,37.879234],[111.560065,37.875518],[111.562931,37.85429],[111.568677,37.847359],[111.585664,37.856078],[111.602584,37.855202],[111.611959,37.859152],[111.62584,37.857781],[111.634329,37.86114],[111.647159,37.85617],[111.659476,37.863115],[111.675118,37.862529],[111.683947,37.874187],[111.699659,37.878405],[111.713001,37.874018],[111.738617,37.871565],[111.740336,37.854838],[111.761387,37.840806],[111.762167,37.830689],[111.781811,37.826561],[111.80202,37.816518],[111.809624,37.808362],[111.813383,37.795528],[111.875163,37.791895],[111.891777,37.798679],[111.903469,37.794986],[111.905961,37.792464],[111.904416,37.780072],[111.911907,37.774004],[111.915092,37.757464],[111.928738,37.74025],[111.92761,37.730854],[111.94669,37.734204],[111.96116,37.71318],[111.968591,37.712611],[111.989763,37.721448],[112.01676,37.723228],[112.02643,37.711427],[112.03315,37.709607],[112.044642,37.709707],[112.068041,37.716995],[112.086091,37.712264],[112.096057,37.715346],[112.111967,37.697716],[112.121881,37.698648],[112.13043,37.688822],[112.150084,37.684811],[112.155318,37.678652],[112.168747,37.674473],[112.167081,37.670736],[112.171958,37.668314],[112.165813,37.657776],[112.167523,37.634703],[112.181324,37.626331],[112.188945,37.615449],[112.197386,37.612318],[112.203148,37.599799],[112.221039,37.592159],[112.230578,37.56511],[112.249249,37.56107],[112.283998,37.566235],[112.287262,37.56222],[112.287652,37.548075],[112.269415,37.531851],[112.267296,37.523409],[112.241406,37.528212],[112.228587,37.517227],[112.215631,37.522302],[112.213453,37.519076],[112.218397,37.505208],[112.216917,37.498909],[112.198755,37.494382],[112.177955,37.497244],[112.169776,37.488267],[112.174353,37.47987],[112.174102,37.473034],[112.16513,37.471978],[112.150252,37.48816],[112.14504,37.488989],[112.131316,37.48281],[112.12786,37.478634],[112.12951,37.47182],[112.124276,37.466465],[112.115213,37.465649],[112.098742,37.479979],[112.105723,37.495975],[112.089122,37.505554],[112.086269,37.500868],[112.081846,37.500726],[112.079505,37.507656],[112.064315,37.523945],[112.0633,37.531412],[112.058209,37.532967],[112.052829,37.532466],[112.052109,37.526113],[112.03946,37.523319],[112.018277,37.530692],[112.003686,37.530194],[111.997149,37.521734],[111.996411,37.513236],[111.987626,37.505102],[111.982462,37.504342],[111.978843,37.506274],[111.979398,37.519182],[111.975266,37.523749],[111.97255,37.522388],[111.963556,37.528318],[111.93814,37.527021],[111.930952,37.524064],[111.924709,37.511621],[111.899212,37.512047],[111.904959,37.498093],[111.900696,37.496936],[111.866834,37.506134],[111.860889,37.511142],[111.86015,37.519315],[111.869044,37.525793],[111.874473,37.540286],[111.86122,37.55978],[111.854112,37.564174],[111.781837,37.546161],[111.766048,37.551466],[111.716152,37.553675],[111.698834,37.570285],[111.679433,37.580103],[111.644598,37.580298],[111.618618,37.572833],[111.586612,37.580394],[111.559819,37.58211],[111.550035,37.604771],[111.543525,37.611142],[111.540399,37.639931],[111.509626,37.657873],[111.508437,37.666771],[111.512829,37.678672],[111.509391,37.686553],[111.46308,37.69417],[111.454295,37.699752],[111.44538,37.731952],[111.451161,37.748736],[111.449922,37.776194],[111.42177,37.791505],[111.407113,37.821115]]]}},{"type":"Feature","properties":{"id":"cn:141123","name":"兴县","level":2},"geometry":{"type":"Polygon","coordinates":[[[110.55034,38.197109],[110.551291,38.209861],[110.559884,38.214356],[110.562523,38.220442],[110.562439,38.245358],[110.568106,38.266524],[110.568439,38.288856],[110.578605,38.303356],[110.595789,38.307839],[110.633256,38.304373],[110.655456,38.308307],[110.662922,38.31324],[110.678789,38.335774],[110.70075,38.356197],[110.740882,38.365587],[110.746482,38.372973],[110.749293,38.393139],[110.76271,38.411004],[110.771726,38.440339],[110.780589,38.449333],[110.790943,38.452956],[110.807936,38.451964],[110.839455,38.43943],[110.871241,38.456496],[110.866868,38.474843],[110.868954,38.492991],[110.864361,38.508496],[110.874579,38.516077],[110.891145,38.514625],[110.901854,38.520709],[110.9058,38.540975],[110.902974,38.560441],[110.914814,38.577615],[110.914067,38.581669],[110.890814,38.587855],[110.888201,38.599961],[110.875509,38.614788],[110.874975,38.626521],[110.890602,38.6574],[110.909641,38.670894],[110.904628,38.689028],[110.907081,38.700334],[110.915203,38.709411],[110.931775,38.718307],[110.939354,38.72901],[110.947118,38.721325],[110.949114,38.712414],[110.939635,38.696585],[110.939627,38.689367],[110.943551,38.685382],[110.953854,38.682987],[110.979852,38.683772],[111.00072,38.659813],[111.003408,38.652462],[111.009192,38.649897],[111.018708,38.65088],[111.025687,38.659481],[111.064843,38.685551],[111.117135,38.705724],[111.139678,38.721038],[111.180797,38.729362],[111.196023,38.728637],[111.20506,38.72332],[111.213237,38.711154],[111.221126,38.666722],[111.244268,38.6543],[111.245778,38.629278],[111.26649,38.595597],[111.289364,38.592771],[111.340309,38.602728],[111.342314,38.586135],[111.366915,38.57232],[111.416057,38.569841],[111.377176,38.561703],[111.36912,38.555377],[111.370234,38.551599],[111.383601,38.543908],[111.379856,38.514792],[111.395696,38.456961],[111.389284,38.429534],[111.381051,38.416967],[111.381616,38.407118],[111.388192,38.400267],[111.397569,38.401038],[111.416948,38.393305],[111.427201,38.393042],[111.443452,38.383118],[111.455425,38.369603],[111.470875,38.328503],[111.456014,38.323726],[111.443245,38.314215],[111.439747,38.293399],[111.434434,38.281693],[111.423644,38.269054],[111.405501,38.257235],[111.402202,38.237808],[111.367316,38.215373],[111.362115,38.198386],[111.358885,38.157838],[111.362876,38.146485],[111.354369,38.125439],[111.340934,38.11829],[111.322966,38.119826],[111.30638,38.130934],[111.291167,38.130991],[111.269232,38.122161],[111.259885,38.094327],[111.246261,38.097706],[111.226248,38.12145],[111.216468,38.141802],[111.206166,38.147771],[111.212555,38.16291],[111.208658,38.168012],[111.21623,38.169827],[111.215712,38.184182],[111.221037,38.192804],[111.237922,38.201176],[111.236144,38.206441],[111.212684,38.211719],[111.193279,38.198118],[111.17754,38.20282],[111.162352,38.200119],[111.1556,38.193786],[111.149726,38.197038],[111.134559,38.197907],[111.124914,38.194244],[111.09804,38.206301],[111.071825,38.20944],[111.056479,38.219505],[111.044907,38.233425],[111.039864,38.234567],[111.034005,38.231073],[111.033874,38.213386],[111.025367,38.19875],[110.973206,38.174914],[110.962886,38.176256],[110.95852,38.164797],[110.951419,38.158482],[110.937851,38.156685],[110.902921,38.140762],[110.878148,38.136803],[110.853009,38.126391],[110.845335,38.12762],[110.826846,38.140264],[110.816378,38.143649],[110.78505,38.141419],[110.769547,38.134678],[110.757073,38.137504],[110.74786,38.154508],[110.733528,38.165965],[110.722347,38.170687],[110.689187,38.169484],[110.646105,38.161108],[110.609342,38.168794],[110.603873,38.173065],[110.588543,38.168641],[110.582145,38.180758],[110.575702,38.18479],[110.581387,38.19511],[110.569583,38.19794],[110.564592,38.2033],[110.557058,38.197134],[110.55034,38.197109]]]}},{"type":"Feature","properties":{"id":"cn:141124","name":"临县","level":2},"geometry":{"type":"Polygon","coordinates":[[[110.494674,38.092222],[110.515557,38.123927],[110.502917,38.1533],[110.503769,38.191557],[110.515005,38.207695],[110.522718,38.211309],[110.551291,38.209861],[110.552174,38.195978],[110.564592,38.2033],[110.569583,38.19794],[110.581387,38.19511],[110.575702,38.18479],[110.582145,38.180758],[110.588543,38.168641],[110.603873,38.173065],[110.609342,38.168794],[110.646105,38.161108],[110.689187,38.169484],[110.722347,38.170687],[110.733528,38.165965],[110.74786,38.154508],[110.757073,38.137504],[110.769547,38.134678],[110.78505,38.141419],[110.816378,38.143649],[110.826846,38.140264],[110.845335,38.12762],[110.853009,38.126391],[110.878148,38.136803],[110.902921,38.140762],[110.937851,38.156685],[110.951419,38.158482],[110.95852,38.164797],[110.962886,38.176256],[110.973206,38.174914],[111.025367,38.19875],[111.033874,38.213386],[111.034005,38.231073],[111.039864,38.234567],[111.044907,38.233425],[111.056479,38.219505],[111.071825,38.20944],[111.09804,38.206301],[111.124914,38.194244],[111.134559,38.197907],[111.149726,38.197038],[111.1556,38.193786],[111.162352,38.200119],[111.17754,38.20282],[111.193279,38.198118],[111.212684,38.211719],[111.236144,38.206441],[111.237922,38.201176],[111.221037,38.192804],[111.215712,38.184182],[111.21623,38.169827],[111.208658,38.168012],[111.212555,38.16291],[111.206166,38.147771],[111.216468,38.141802],[111.226248,38.12145],[111.246261,38.097706],[111.293095,38.087626],[111.300383,38.08148],[111.287138,38.059035],[111.286497,38.046082],[111.281508,38.034202],[111.251003,38.005594],[111.243829,37.980002],[111.227306,37.968871],[111.222278,37.959101],[111.225939,37.947015],[111.212093,37.928911],[111.204944,37.912612],[111.20783,37.903418],[111.201135,37.89937],[111.196857,37.886782],[111.183391,37.876686],[111.157497,37.865384],[111.144849,37.867802],[111.136237,37.877215],[111.128763,37.877588],[111.125869,37.881012],[111.114512,37.872204],[111.124132,37.86125],[111.116456,37.835228],[111.117835,37.804981],[111.112089,37.769122],[111.11735,37.764778],[111.137784,37.762981],[111.145597,37.755312],[111.144878,37.740628],[111.156803,37.740065],[111.171086,37.734176],[111.175621,37.736091],[111.173663,37.743186],[111.177856,37.743455],[111.180537,37.738372],[111.187388,37.735232],[111.184161,37.729798],[111.175115,37.729355],[111.173036,37.721457],[111.167341,37.720047],[111.12722,37.721618],[111.112976,37.71039],[111.096446,37.716862],[111.092711,37.72167],[111.060757,37.72312],[111.057586,37.718271],[111.042001,37.712226],[111.031866,37.714746],[111.028556,37.721312],[111.0177,37.728303],[111.014836,37.736597],[111.008059,37.73109],[110.98359,37.736652],[110.979445,37.730065],[110.982024,37.723219],[110.979302,37.71449],[110.969588,37.714629],[110.969118,37.705783],[110.959584,37.703663],[110.956271,37.698675],[110.958702,37.693758],[110.955186,37.681759],[110.969322,37.677858],[110.987603,37.665251],[110.975381,37.663837],[110.981125,37.652499],[110.973906,37.651015],[110.97051,37.643675],[110.944217,37.642863],[110.940632,37.640398],[110.936461,37.642423],[110.933883,37.632164],[110.939364,37.626787],[110.91373,37.628753],[110.891351,37.626057],[110.877002,37.631783],[110.853513,37.633331],[110.850666,37.608909],[110.835188,37.608627],[110.830275,37.615255],[110.821716,37.618606],[110.817584,37.614256],[110.805675,37.61262],[110.78906,37.604382],[110.778938,37.60802],[110.76689,37.606671],[110.764531,37.621295],[110.757126,37.633635],[110.762632,37.644836],[110.779149,37.645405],[110.787503,37.650151],[110.791869,37.657745],[110.790336,37.662434],[110.769562,37.680242],[110.727034,37.691059],[110.706754,37.700075],[110.697693,37.711436],[110.701408,37.723339],[110.7109,37.728085],[110.744883,37.73549],[110.752855,37.743652],[110.749863,37.754413],[110.71935,37.774123],[110.674735,37.789502],[110.659819,37.801075],[110.65518,37.807538],[110.653757,37.820922],[110.645025,37.839527],[110.630056,37.855416],[110.624577,37.868591],[110.601778,37.895785],[110.594863,37.908065],[110.595771,37.911964],[110.588557,37.921457],[110.568904,37.933455],[110.542081,37.939818],[110.523059,37.949743],[110.513091,37.959899],[110.512521,37.975846],[110.522773,37.992743],[110.514989,38.006602],[110.502459,38.012297],[110.497427,38.022643],[110.495719,38.038401],[110.503123,38.061372],[110.494674,38.092222]]]}},{"type":"Feature","properties":{"id":"cn:141125","name":"柳林县","level":2},"geometry":{"type":"Polygon","coordinates":[[[110.625176,37.372589],[110.626316,37.39841],[110.633911,37.413407],[110.638847,37.434481],[110.642644,37.437708],[110.734435,37.449004],[110.744307,37.453751],[110.753519,37.473972],[110.753708,37.502829],[110.765479,37.519536],[110.76453,37.536053],[110.779433,37.546589],[110.789875,37.561587],[110.766441,37.592033],[110.76689,37.606671],[110.778938,37.60802],[110.78906,37.604382],[110.805675,37.61262],[110.817584,37.614256],[110.821716,37.618606],[110.830275,37.615255],[110.835188,37.608627],[110.850666,37.608909],[110.853513,37.633331],[110.877002,37.631783],[110.891351,37.626057],[110.91373,37.628753],[110.939364,37.626787],[110.944946,37.614426],[110.974938,37.585568],[110.982342,37.568012],[110.99683,37.552407],[111.0575,37.507257],[111.058744,37.501125],[111.065285,37.493961],[111.07766,37.493244],[111.087271,37.488826],[111.084199,37.485286],[111.092552,37.480188],[111.097928,37.467972],[111.081495,37.454303],[111.045042,37.443798],[111.045498,37.438947],[111.053699,37.431349],[111.065401,37.427088],[111.079771,37.397657],[111.0781,37.388827],[111.058502,37.371771],[111.063619,37.353603],[111.06158,37.349371],[111.042545,37.336658],[111.031369,37.336478],[111.025422,37.330611],[111.010709,37.326552],[111.004865,37.321473],[111.003596,37.300257],[111.000519,37.299854],[110.994725,37.308376],[110.981984,37.309639],[110.978755,37.319308],[110.964139,37.317069],[110.963249,37.311046],[110.954599,37.306041],[110.962576,37.265559],[110.953965,37.249987],[110.975146,37.24045],[110.984634,37.229196],[110.982221,37.223112],[110.972663,37.219891],[110.949773,37.221766],[110.941179,37.221115],[110.93742,37.217486],[110.936185,37.20217],[110.951814,37.185425],[110.949028,37.17486],[110.945383,37.17267],[110.911212,37.177566],[110.915281,37.167852],[110.907584,37.163116],[110.903463,37.166219],[110.889764,37.165524],[110.880486,37.176738],[110.876046,37.176969],[110.873401,37.175601],[110.872738,37.167765],[110.865747,37.164323],[110.869403,37.158233],[110.849526,37.146068],[110.845142,37.147921],[110.84287,37.159341],[110.832665,37.168021],[110.826664,37.169377],[110.812921,37.189889],[110.807172,37.192004],[110.80364,37.204209],[110.804625,37.218948],[110.812436,37.227634],[110.793582,37.244829],[110.778659,37.247754],[110.753459,37.238448],[110.732835,37.217109],[110.724129,37.213546],[110.706733,37.227556],[110.698894,37.240248],[110.67551,37.24007],[110.672081,37.247701],[110.658323,37.247271],[110.658539,37.252049],[110.667307,37.258217],[110.667454,37.264489],[110.658254,37.268339],[110.647927,37.262348],[110.650045,37.275576],[110.65637,37.28157],[110.674915,37.280512],[110.684408,37.286587],[110.684028,37.294751],[110.673681,37.306996],[110.671784,37.3144],[110.6883,37.325412],[110.693236,37.331677],[110.695314,37.343037],[110.689379,37.349084],[110.676201,37.352917],[110.635998,37.35968],[110.625176,37.372589]]]}},{"type":"Feature","properties":{"id":"cn:141126","name":"石楼县","level":2},"geometry":{"type":"Polygon","coordinates":[[[110.371102,37.014592],[110.377481,37.021275],[110.390846,37.022187],[110.407097,37.018693],[110.426689,37.005935],[110.44218,37.008821],[110.444611,37.015959],[110.44127,37.02006],[110.418336,37.023363],[110.411708,37.026931],[110.411529,37.03412],[110.424411,37.041399],[110.454786,37.044246],[110.493038,37.089333],[110.524363,37.106419],[110.530059,37.114773],[110.528546,37.131062],[110.531195,37.140308],[110.579136,37.180366],[110.609132,37.216058],[110.625947,37.230907],[110.633528,37.2452],[110.64468,37.253961],[110.647927,37.262348],[110.661535,37.268556],[110.667454,37.264489],[110.667307,37.258217],[110.658539,37.252049],[110.658323,37.247271],[110.672081,37.247701],[110.67551,37.24007],[110.698894,37.240248],[110.706733,37.227556],[110.724129,37.213546],[110.732835,37.217109],[110.753459,37.238448],[110.778659,37.247754],[110.793582,37.244829],[110.811668,37.228927],[110.812293,37.225939],[110.804625,37.218948],[110.80364,37.204209],[110.807172,37.192004],[110.812921,37.189889],[110.826664,37.169377],[110.839056,37.162971],[110.835373,37.159554],[110.839176,37.157229],[110.838617,37.148406],[110.824508,37.135634],[110.829285,37.115218],[110.838677,37.120219],[110.845524,37.119358],[110.848069,37.124961],[110.854293,37.127958],[110.867997,37.122115],[110.868045,37.128091],[110.871306,37.128731],[110.87993,37.115129],[110.896533,37.117791],[110.916112,37.108231],[110.931359,37.108535],[110.946845,37.102767],[110.952807,37.105499],[110.972438,37.103141],[110.978706,37.107531],[111.000512,37.105844],[111.006305,37.109913],[111.004898,37.114655],[111.009169,37.11644],[111.027537,37.108177],[111.033554,37.11329],[111.034341,37.119032],[111.04297,37.119579],[111.052194,37.112254],[111.071446,37.108538],[111.082038,37.102376],[111.079314,37.092814],[111.081885,37.083239],[111.096428,37.061426],[111.097955,37.05232],[111.095213,37.011776],[111.087191,36.976495],[111.091106,36.962445],[111.089014,36.955687],[111.076568,36.9445],[111.074459,36.930398],[111.036046,36.928676],[111.036706,36.924249],[111.030563,36.92422],[111.026268,36.916982],[111.013602,36.916951],[111.015549,36.909719],[111.008973,36.905989],[111.009233,36.899928],[110.994615,36.897843],[110.993868,36.902983],[111.001127,36.908098],[110.997151,36.923212],[110.985313,36.928574],[110.981867,36.9175],[110.987543,36.906034],[110.978994,36.898643],[110.965262,36.896006],[110.93173,36.906228],[110.921226,36.895286],[110.891078,36.885863],[110.889594,36.875838],[110.833273,36.85874],[110.819037,36.857299],[110.778672,36.867998],[110.770774,36.87644],[110.760035,36.899851],[110.719632,36.910529],[110.712132,36.932304],[110.699667,36.936246],[110.679909,36.931974],[110.656247,36.933529],[110.647861,36.928168],[110.640674,36.915803],[110.641689,36.892443],[110.634389,36.884006],[110.632609,36.876076],[110.624935,36.871809],[110.599458,36.874874],[110.591945,36.866805],[110.568929,36.861384],[110.565877,36.86607],[110.5572,36.865253],[110.550267,36.872236],[110.539472,36.867246],[110.537656,36.857952],[110.529526,36.869801],[110.500444,36.873476],[110.494165,36.879291],[110.482358,36.879829],[110.46676,36.875225],[110.456118,36.88678],[110.442072,36.890487],[110.427038,36.884939],[110.415841,36.895554],[110.404801,36.898996],[110.409906,36.933717],[110.419019,36.95012],[110.418508,36.963223],[110.402692,36.988468],[110.376266,37.001986],[110.371102,37.014592]]]}},{"type":"Feature","properties":{"id":"cn:141127","name":"岚县","level":2},"geometry":{"type":"Polygon","coordinates":[[[111.361907,38.172665],[111.362115,38.198386],[111.367316,38.215373],[111.402202,38.237808],[111.405501,38.257235],[111.423644,38.269054],[111.434434,38.281693],[111.439747,38.293399],[111.443245,38.314215],[111.456014,38.323726],[111.470875,38.328503],[111.455425,38.369603],[111.443452,38.383118],[111.427201,38.393042],[111.416948,38.393305],[111.397569,38.401038],[111.388192,38.400267],[111.381616,38.407118],[111.381051,38.416967],[111.389284,38.429534],[111.395696,38.456961],[111.379856,38.514792],[111.383601,38.543908],[111.369135,38.552566],[111.370059,38.557212],[111.389255,38.565347],[111.416057,38.569841],[111.436983,38.565652],[111.439569,38.562909],[111.440646,38.541831],[111.448223,38.523238],[111.497067,38.483311],[111.500106,38.506592],[111.497841,38.513923],[111.506018,38.524796],[111.515931,38.524223],[111.528456,38.512135],[111.539542,38.507082],[111.552632,38.508324],[111.603192,38.541804],[111.677871,38.566127],[111.703349,38.600481],[111.712645,38.601787],[111.731864,38.59374],[111.74314,38.581271],[111.760311,38.547082],[111.762411,38.536526],[111.723018,38.516722],[111.718774,38.51361],[111.716838,38.505698],[111.786989,38.450307],[111.785521,38.442141],[111.790102,38.432543],[111.776225,38.420437],[111.787178,38.402042],[111.782302,38.387273],[111.816819,38.36858],[111.81514,38.36016],[111.821595,38.349044],[111.815049,38.336278],[111.822129,38.325301],[111.835893,38.318034],[111.835893,38.303606],[111.828307,38.298423],[111.813158,38.295009],[111.800957,38.298721],[111.768574,38.289587],[111.768939,38.259555],[111.772593,38.247481],[111.783687,38.23848],[111.793739,38.234868],[111.798852,38.221899],[111.811126,38.213788],[111.799372,38.203046],[111.799902,38.194907],[111.7861,38.194413],[111.787377,38.190147],[111.784615,38.18897],[111.778574,38.190619],[111.770561,38.186053],[111.766795,38.187204],[111.759762,38.178727],[111.747506,38.178956],[111.737575,38.183027],[111.731828,38.179534],[111.716229,38.177772],[111.709024,38.172203],[111.711776,38.164477],[111.710075,38.157936],[111.683035,38.133522],[111.667687,38.130015],[111.636845,38.115669],[111.618685,38.101443],[111.561337,38.095065],[111.541164,38.084887],[111.54046,38.081511],[111.531972,38.10024],[111.524374,38.106911],[111.51963,38.119905],[111.495337,38.12501],[111.484769,38.131221],[111.471186,38.130307],[111.462902,38.139946],[111.444612,38.148133],[111.42576,38.149665],[111.406501,38.161108],[111.389976,38.160894],[111.361907,38.172665]]]}},{"type":"Feature","properties":{"id":"cn:141128","name":"方山县","level":2},"geometry":{"type":"Polygon","coordinates":[[[111.053548,37.652473],[111.052988,37.691277],[111.062134,37.697542],[111.061708,37.70556],[111.058224,37.706546],[111.053124,37.717311],[111.057586,37.718271],[111.059375,37.722903],[111.092711,37.72167],[111.096446,37.716862],[111.112976,37.71039],[111.12722,37.721618],[111.152063,37.718875],[111.173036,37.721457],[111.174581,37.728967],[111.183763,37.729496],[111.187322,37.734906],[111.177856,37.743455],[111.173663,37.743186],[111.175621,37.736091],[111.171086,37.734176],[111.156803,37.740065],[111.144878,37.740628],[111.145597,37.755312],[111.137784,37.762981],[111.11735,37.764778],[111.112089,37.769122],[111.117835,37.804981],[111.116456,37.835228],[111.124132,37.86125],[111.114512,37.872204],[111.125869,37.881012],[111.128763,37.877588],[111.136237,37.877215],[111.147141,37.866918],[111.164928,37.867103],[111.196857,37.886782],[111.201135,37.89937],[111.207569,37.902927],[111.20525,37.913733],[111.216623,37.936989],[111.225939,37.947015],[111.222278,37.959101],[111.227306,37.968871],[111.243829,37.980002],[111.251003,38.005594],[111.281508,38.034202],[111.286497,38.046082],[111.287138,38.059035],[111.30033,38.079012],[111.299574,38.084284],[111.293095,38.087626],[111.259885,38.094327],[111.269232,38.122161],[111.295005,38.13164],[111.308195,38.130317],[111.322966,38.119826],[111.334639,38.117407],[111.353071,38.123938],[111.362876,38.146485],[111.358885,38.157838],[111.361907,38.172665],[111.389976,38.160894],[111.406501,38.161108],[111.42576,38.149665],[111.444612,38.148133],[111.462902,38.139946],[111.471186,38.130307],[111.484769,38.131221],[111.495337,38.12501],[111.521438,38.118825],[111.524374,38.106911],[111.531972,38.10024],[111.54046,38.081511],[111.540044,38.074462],[111.533029,38.069176],[111.516962,38.065087],[111.516719,38.058247],[111.509843,38.051918],[111.5125,38.04543],[111.521823,38.038081],[111.511953,38.02516],[111.511171,38.015551],[111.5171,38.003823],[111.531665,37.991909],[111.531682,37.978801],[111.536188,37.972077],[111.539216,37.95545],[111.551169,37.93823],[111.566082,37.931507],[111.571437,37.923143],[111.568068,37.913195],[111.573806,37.902271],[111.568199,37.896594],[111.540768,37.884745],[111.515814,37.896362],[111.489493,37.898704],[111.433651,37.8867],[111.427683,37.882901],[111.423103,37.871732],[111.427084,37.859089],[111.420882,37.843944],[111.42272,37.832317],[111.407113,37.821115],[111.42177,37.791505],[111.448045,37.778603],[111.451464,37.769408],[111.451161,37.748736],[111.445719,37.727147],[111.456639,37.697235],[111.444512,37.690993],[111.439998,37.68394],[111.440624,37.658975],[111.424887,37.647947],[111.412595,37.645795],[111.39223,37.659348],[111.386118,37.668029],[111.347004,37.684413],[111.320528,37.685976],[111.301769,37.680764],[111.26407,37.657239],[111.259509,37.645584],[111.238832,37.640045],[111.228329,37.62023],[111.19536,37.617201],[111.190697,37.625037],[111.183132,37.623433],[111.136448,37.63618],[111.116769,37.635945],[111.077993,37.643302],[111.053548,37.652473]]]}},{"type":"Feature","properties":{"id":"cn:141129","name":"中阳县","level":2},"geometry":{"type":"Polygon","coordinates":[[[110.824508,37.135634],[110.838617,37.148406],[110.839176,37.157229],[110.835373,37.159554],[110.837612,37.162055],[110.84287,37.159341],[110.846175,37.146488],[110.85308,37.147131],[110.869403,37.158233],[110.865747,37.164323],[110.872738,37.167765],[110.873401,37.175601],[110.876046,37.176969],[110.880486,37.176738],[110.889764,37.165524],[110.903463,37.166219],[110.907584,37.163116],[110.915281,37.167852],[110.911212,37.177566],[110.945383,37.17267],[110.949028,37.17486],[110.951814,37.185425],[110.936185,37.20217],[110.93742,37.217486],[110.941179,37.221115],[110.949773,37.221766],[110.972663,37.219891],[110.982221,37.223112],[110.984634,37.229196],[110.975146,37.24045],[110.953965,37.249987],[110.962576,37.265559],[110.954599,37.306041],[110.963249,37.311046],[110.964139,37.317069],[110.978755,37.319308],[110.981984,37.309639],[110.994725,37.308376],[111.000519,37.299854],[111.003596,37.300257],[111.004865,37.321473],[111.010709,37.326552],[111.025422,37.330611],[111.031369,37.336478],[111.042545,37.336658],[111.06158,37.349371],[111.063619,37.353603],[111.058502,37.371771],[111.0781,37.388827],[111.079771,37.397657],[111.065401,37.427088],[111.053699,37.431349],[111.045498,37.438947],[111.045042,37.443798],[111.081495,37.454303],[111.094133,37.46253],[111.097928,37.467972],[111.092354,37.480418],[111.097258,37.483118],[111.132508,37.47803],[111.203055,37.457123],[111.208741,37.461312],[111.212335,37.470886],[111.242621,37.465696],[111.250399,37.474093],[111.258369,37.475834],[111.265486,37.473178],[111.270894,37.466308],[111.290861,37.405462],[111.301589,37.39264],[111.310852,37.388236],[111.340774,37.393496],[111.360609,37.386586],[111.40054,37.393201],[111.407685,37.390077],[111.423188,37.370563],[111.486804,37.341676],[111.485929,37.334315],[111.480469,37.329453],[111.441195,37.328794],[111.427928,37.312438],[111.404991,37.316579],[111.39612,37.310007],[111.394824,37.300242],[111.406749,37.291726],[111.411076,37.280329],[111.409449,37.273237],[111.4125,37.269715],[111.409256,37.269406],[111.40996,37.263197],[111.403231,37.249367],[111.392035,37.253385],[111.382461,37.244109],[111.370316,37.243345],[111.372626,37.231136],[111.384761,37.229995],[111.388111,37.224783],[111.3772,37.212404],[111.356548,37.202896],[111.346875,37.209448],[111.340864,37.206972],[111.33016,37.209141],[111.325085,37.206204],[111.324005,37.201287],[111.313972,37.195937],[111.311784,37.178281],[111.338346,37.167491],[111.350517,37.141871],[111.348173,37.130286],[111.343286,37.126163],[111.317877,37.119496],[111.299014,37.10578],[111.279528,37.076643],[111.243798,37.049972],[111.233407,37.050636],[111.22971,37.058044],[111.222523,37.062072],[111.128246,37.077992],[111.111915,37.075064],[111.09648,37.06074],[111.081885,37.083239],[111.079314,37.092814],[111.082863,37.098853],[111.080298,37.104437],[111.052194,37.112254],[111.04297,37.119579],[111.034341,37.119032],[111.033554,37.11329],[111.027537,37.108177],[111.009169,37.11644],[111.004898,37.114655],[111.006305,37.109913],[111.000512,37.105844],[110.979658,37.107589],[110.972438,37.103141],[110.952807,37.105499],[110.946845,37.102767],[110.931359,37.108535],[110.914261,37.108771],[110.896533,37.117791],[110.878901,37.115457],[110.871306,37.128731],[110.868045,37.128091],[110.867997,37.122115],[110.854293,37.127958],[110.848069,37.124961],[110.845524,37.119358],[110.836416,37.119581],[110.830932,37.114727],[110.827724,37.117451],[110.824508,37.135634]]]}},{"type":"Feature","properties":{"id":"cn:141130","name":"交口县","level":2},"geometry":{"type":"Polygon","coordinates":[[[111.061586,36.854699],[111.067929,36.882268],[111.076959,36.889222],[111.077782,36.907345],[111.088383,36.91228],[111.079109,36.920647],[111.07373,36.937037],[111.076568,36.9445],[111.089014,36.955687],[111.091106,36.962445],[111.087191,36.976495],[111.095213,37.011776],[111.09648,37.06074],[111.111915,37.075064],[111.128246,37.077992],[111.222523,37.062072],[111.22971,37.058044],[111.233407,37.050636],[111.243798,37.049972],[111.279528,37.076643],[111.299014,37.10578],[111.317877,37.119496],[111.343286,37.126163],[111.348173,37.130286],[111.350517,37.141871],[111.338346,37.167491],[111.324184,37.175369],[111.312695,37.177409],[111.31105,37.180571],[111.314983,37.198291],[111.3228,37.20033],[111.325085,37.206204],[111.33016,37.209141],[111.340864,37.206972],[111.346875,37.209448],[111.354588,37.203011],[111.36798,37.203951],[111.373268,37.200308],[111.374801,37.197936],[111.368526,37.192578],[111.37477,37.182927],[111.368925,37.180703],[111.36942,37.177332],[111.390891,37.156776],[111.414085,37.158273],[111.432445,37.167362],[111.452583,37.16734],[111.45544,37.159428],[111.449868,37.106846],[111.452908,37.102797],[111.465962,37.098776],[111.470201,37.089002],[111.46981,37.081224],[111.477595,37.076164],[111.479098,37.063299],[111.461477,37.048177],[111.435405,37.041692],[111.437715,37.037429],[111.464859,37.026931],[111.505959,36.97312],[111.516415,36.970147],[111.533865,36.954182],[111.535154,36.931626],[111.55064,36.925069],[111.564096,36.92871],[111.578907,36.920004],[111.559129,36.910095],[111.52853,36.88798],[111.498738,36.8862],[111.486056,36.878487],[111.481428,36.869991],[111.458268,36.86491],[111.451515,36.857528],[111.448869,36.847962],[111.442798,36.844981],[111.414547,36.844612],[111.413941,36.833252],[111.407873,36.832955],[111.405727,36.826021],[111.408155,36.803604],[111.380895,36.793407],[111.374046,36.783817],[111.359212,36.777874],[111.359278,36.765788],[111.350484,36.766657],[111.346031,36.760841],[111.351017,36.758218],[111.350495,36.754243],[111.332287,36.75047],[111.32316,36.756127],[111.317021,36.753536],[111.319022,36.740359],[111.31432,36.735758],[111.30653,36.741641],[111.298441,36.737717],[111.26849,36.738336],[111.272695,36.749174],[111.271039,36.75836],[111.267695,36.760209],[111.237694,36.757926],[111.223101,36.741021],[111.213882,36.741788],[111.205436,36.748702],[111.194309,36.805947],[111.176288,36.823046],[111.174847,36.827748],[111.178841,36.840035],[111.173693,36.847724],[111.155572,36.840825],[111.128969,36.845578],[111.109368,36.835098],[111.09838,36.839309],[111.090098,36.836195],[111.061586,36.854699]]]}},{"type":"Feature","properties":{"id":"cn:141181","name":"孝义市","level":2},"geometry":{"type":"Polygon","coordinates":[[[111.359772,37.204159],[111.3772,37.212404],[111.388111,37.224783],[111.384761,37.229995],[111.372626,37.231136],[111.370316,37.243345],[111.382461,37.244109],[111.392035,37.253385],[111.403231,37.249367],[111.40996,37.263197],[111.409256,37.269406],[111.4125,37.269715],[111.409449,37.273237],[111.411076,37.280329],[111.407202,37.290786],[111.394824,37.300242],[111.395053,37.308707],[111.404991,37.316579],[111.426522,37.312088],[111.434737,37.318624],[111.437479,37.312071],[111.433998,37.299569],[111.437264,37.289628],[111.445393,37.279439],[111.466443,37.275469],[111.462886,37.265188],[111.464521,37.260927],[111.485583,37.260019],[111.496636,37.262856],[111.519381,37.238226],[111.535701,37.227006],[111.585771,37.210122],[111.611386,37.182162],[111.640436,37.177208],[111.644549,37.167565],[111.67614,37.161981],[111.698935,37.172602],[111.7113,37.168045],[111.741422,37.172847],[111.752132,37.171726],[111.753465,37.168607],[111.760508,37.170737],[111.785424,37.167416],[111.789754,37.168669],[111.792483,37.178146],[111.798559,37.179477],[111.810196,37.176745],[111.844693,37.178106],[111.861982,37.169859],[111.864002,37.161357],[111.890616,37.162357],[111.890704,37.152308],[111.90057,37.147558],[111.928051,37.148678],[111.923286,37.119546],[111.917131,37.105992],[111.894944,37.093132],[111.887991,37.084265],[111.887078,37.074676],[111.873797,37.056893],[111.854621,37.046833],[111.854113,37.042556],[111.83567,37.039028],[111.830006,37.044156],[111.818748,37.045449],[111.819949,37.03914],[111.814839,37.035374],[111.785221,37.022163],[111.753059,37.015053],[111.73404,37.00577],[111.728945,36.997202],[111.703667,36.995418],[111.694988,36.987517],[111.680603,36.992974],[111.674381,36.987732],[111.675665,36.976425],[111.67304,36.970008],[111.668019,36.968897],[111.659823,36.973271],[111.653025,36.963907],[111.639561,36.963936],[111.632529,36.955734],[111.631087,36.943032],[111.624792,36.941093],[111.614848,36.943709],[111.611254,36.954179],[111.574165,36.966822],[111.55216,36.980677],[111.546543,36.982026],[111.539234,36.976779],[111.534763,36.977408],[111.525285,36.986392],[111.527541,36.996783],[111.525189,36.997999],[111.49222,36.990888],[111.464859,37.026931],[111.437715,37.037429],[111.435405,37.041692],[111.461477,37.048177],[111.479098,37.063299],[111.477595,37.076164],[111.46981,37.081224],[111.470201,37.089002],[111.465962,37.098776],[111.452908,37.102797],[111.449868,37.106846],[111.45544,37.159428],[111.452583,37.16734],[111.432445,37.167362],[111.414085,37.158273],[111.390891,37.156776],[111.36942,37.177332],[111.368623,37.180281],[111.37478,37.184917],[111.36876,37.193721],[111.374618,37.19852],[111.368737,37.203737],[111.359772,37.204159]]]}},{"type":"Feature","properties":{"id":"cn:141182","name":"汾阳市","level":2},"geometry":{"type":"Polygon","coordinates":[[[111.433998,37.299569],[111.437479,37.312071],[111.435112,37.322809],[111.440481,37.328463],[111.480469,37.329453],[111.491925,37.346519],[111.490781,37.35118],[111.498016,37.357476],[111.519709,37.357085],[111.527752,37.359658],[111.528654,37.365648],[111.543409,37.368566],[111.55635,37.364514],[111.576023,37.382724],[111.582304,37.383013],[111.589108,37.388534],[111.586953,37.395454],[111.594524,37.402852],[111.598913,37.420995],[111.594078,37.433488],[111.587158,37.440237],[111.587914,37.448779],[111.579066,37.45808],[111.592545,37.464816],[111.598814,37.473592],[111.619247,37.483348],[111.632631,37.484009],[111.647843,37.480289],[111.653337,37.47168],[111.675421,37.475959],[111.685647,37.472],[111.694363,37.473951],[111.699727,37.469503],[111.707786,37.470629],[111.731474,37.458045],[111.749627,37.460453],[111.769147,37.457742],[111.836699,37.458836],[111.839338,37.453302],[111.837688,37.440906],[111.844467,37.430749],[111.839485,37.412568],[111.877315,37.413457],[111.885084,37.40558],[111.887914,37.392841],[111.917749,37.391062],[111.943211,37.359905],[111.953652,37.363189],[111.959178,37.357197],[111.969146,37.354403],[111.965938,37.349181],[111.968667,37.339294],[111.981067,37.339492],[111.986993,37.331673],[111.989658,37.325254],[111.987583,37.310952],[111.996263,37.294668],[112.004193,37.287422],[112.003208,37.277627],[112.008335,37.268089],[111.995186,37.266324],[111.990925,37.270959],[111.985005,37.271488],[111.979603,37.263251],[111.97487,37.271389],[111.971073,37.258722],[111.965998,37.253617],[111.935821,37.255003],[111.934709,37.246066],[111.94735,37.243175],[111.954068,37.226786],[111.952576,37.22181],[111.942429,37.215599],[111.940173,37.209028],[111.944856,37.177691],[111.928051,37.148678],[111.908087,37.146947],[111.890704,37.152308],[111.890616,37.162357],[111.864002,37.161357],[111.861982,37.169859],[111.844693,37.178106],[111.810196,37.176745],[111.798559,37.179477],[111.792483,37.178146],[111.789754,37.168669],[111.785424,37.167416],[111.760508,37.170737],[111.753465,37.168607],[111.752132,37.171726],[111.741422,37.172847],[111.7113,37.168045],[111.698935,37.172602],[111.67614,37.161981],[111.644549,37.167565],[111.640436,37.177208],[111.611386,37.182162],[111.585771,37.210122],[111.535701,37.227006],[111.519381,37.238226],[111.496636,37.262856],[111.485583,37.260019],[111.464521,37.260927],[111.462886,37.265188],[111.467466,37.274367],[111.441628,37.281832],[111.433998,37.299569]]]}}]}