{"type":"FeatureCollection","features":[{"type":"Feature","properties":{"id":"cn:21","name":"辽宁省","level":0},"geometry":{"type":"MultiPolygon","coordinates":[[[[118.843062,40.799486],[118.840273,40.82093],[118.846309,40.824795],[118.849031,40.83912],[118.867131,40.846698],[118.867403,40.855477],[118.87453,40.86083],[118.878753,40.869945],[118.885763,40.902088],[118.87936,40.922905],[118.889429,40.924129],[118.887987,40.929963],[118.894084,40.941138],[118.891953,40.944818],[118.894789,40.94559],[118.893033,40.950954],[118.896114,40.95942],[118.908542,40.964207],[118.910702,40.968496],[118.93846,40.956677],[118.958185,40.958768],[118.967487,40.955824],[118.986381,40.965768],[118.994365,40.965361],[118.998865,40.982524],[119.014108,40.996078],[119.007242,41.005839],[118.945275,41.017184],[118.935249,41.02614],[118.93016,41.035879],[118.933403,41.042949],[118.930825,41.05098],[118.940047,41.056853],[118.958538,41.077576],[118.963721,41.074833],[118.980125,41.075712],[119.004603,41.066004],[119.023258,41.068403],[119.022006,41.061872],[119.031148,41.065449],[119.039819,41.077601],[119.053379,41.075687],[119.061064,41.078475],[119.069803,41.084463],[119.074125,41.093968],[119.07469,41.129403],[119.088882,41.135478],[119.119863,41.13659],[119.152129,41.167628],[119.175341,41.178283],[119.182485,41.196177],[119.174368,41.205062],[119.160036,41.210891],[119.158431,41.215957],[119.163197,41.220879],[119.191113,41.220218],[119.203413,41.223808],[119.205568,41.228475],[119.202764,41.242263],[119.209551,41.242881],[119.213114,41.254713],[119.224668,41.254481],[119.230988,41.260405],[119.228404,41.262002],[119.236193,41.265625],[119.24306,41.281503],[119.233274,41.302445],[119.233917,41.317063],[119.245765,41.323638],[119.263916,41.321368],[119.289975,41.323122],[119.29996,41.329711],[119.307266,41.346124],[119.309289,41.329167],[119.314011,41.325847],[119.319854,41.327302],[119.324637,41.33885],[119.311607,41.367076],[119.319437,41.37191],[119.324203,41.383],[119.303083,41.394272],[119.298795,41.400326],[119.303526,41.403868],[119.342432,41.408846],[119.358537,41.418802],[119.368142,41.418421],[119.370804,41.424211],[119.365896,41.439097],[119.371477,41.457515],[119.396886,41.472875],[119.398387,41.485414],[119.391988,41.501213],[119.3996,41.5009],[119.398317,41.507944],[119.387966,41.519691],[119.376773,41.519548],[119.376907,41.529428],[119.370333,41.534694],[119.365154,41.534593],[119.363634,41.538946],[119.360099,41.538929],[119.360839,41.542785],[119.35534,41.54315],[119.360294,41.547568],[119.355967,41.552203],[119.361908,41.553829],[119.355117,41.56366],[119.381164,41.564802],[119.391045,41.560741],[119.396687,41.564212],[119.407767,41.559803],[119.413312,41.566381],[119.404349,41.577905],[119.413206,41.580103],[119.409401,41.587796],[119.379819,41.596196],[119.372844,41.60248],[119.351905,41.606856],[119.337265,41.614351],[119.334807,41.62145],[119.318697,41.636866],[119.320748,41.64103],[119.314482,41.642533],[119.306581,41.637889],[119.30335,41.646041],[119.305879,41.650882],[119.301301,41.656026],[119.306904,41.662034],[119.307502,41.679714],[119.297998,41.691403],[119.299143,41.695184],[119.293212,41.707948],[119.299907,41.718458],[119.312081,41.724494],[119.312393,41.729212],[119.305491,41.73934],[119.296576,41.738369],[119.294287,41.740935],[119.305515,41.748703],[119.311387,41.761747],[119.292102,41.770453],[119.283737,41.7812],[119.287073,41.790017],[119.307746,41.805729],[119.312983,41.829247],[119.310541,41.83382],[119.320077,41.84867],[119.319354,41.856022],[119.32794,41.867218],[119.317051,41.887063],[119.326784,41.895936],[119.329852,41.903306],[119.327067,41.911134],[119.334742,41.92161],[119.330725,41.928273],[119.320378,41.931296],[119.317337,41.935221],[119.323811,41.94589],[119.319094,41.969135],[119.323996,41.975709],[119.342849,41.987503],[119.367822,42.01866],[119.369972,42.034945],[119.374708,42.038224],[119.377385,42.049499],[119.371375,42.063051],[119.377838,42.07544],[119.378374,42.087225],[119.37178,42.092802],[119.368928,42.103079],[119.357843,42.10577],[119.345796,42.115934],[119.318571,42.114406],[119.308499,42.117635],[119.29763,42.127643],[119.297931,42.135822],[119.302687,42.144194],[119.293605,42.149523],[119.281445,42.151471],[119.281068,42.160349],[119.276151,42.168757],[119.269891,42.172688],[119.271204,42.183084],[119.259452,42.186777],[119.243186,42.1857],[119.240107,42.192195],[119.231206,42.197905],[119.24145,42.203614],[119.245649,42.216043],[119.263998,42.233821],[119.27345,42.258489],[119.277969,42.263008],[119.303684,42.268681],[119.341647,42.298314],[119.35589,42.30083],[119.367572,42.297406],[119.385648,42.305029],[119.40897,42.307357],[119.416026,42.313261],[119.425243,42.314197],[119.434362,42.328047],[119.457139,42.335016],[119.481802,42.349267],[119.493248,42.371563],[119.495914,42.385892],[119.533654,42.36137],[119.538948,42.364564],[119.566036,42.35752],[119.565177,42.333719],[119.55954,42.326227],[119.547,42.32277],[119.551152,42.317048],[119.537628,42.304934],[119.533188,42.292063],[119.546895,42.292251],[119.547785,42.287231],[119.551802,42.286822],[119.559586,42.292396],[119.56539,42.287007],[119.56265,42.281876],[119.567121,42.278637],[119.576703,42.283625],[119.580152,42.275902],[119.602477,42.275214],[119.599178,42.2725],[119.604768,42.269034],[119.610929,42.250663],[119.620399,42.253488],[119.629011,42.248691],[119.636869,42.238434],[119.673875,42.238663],[119.679453,42.23231],[119.695716,42.225845],[119.697894,42.221389],[119.713701,42.227324],[119.716145,42.224598],[119.713538,42.218329],[119.728108,42.219289],[119.735774,42.215735],[119.737856,42.209459],[119.751763,42.212579],[119.759996,42.212137],[119.757972,42.20969],[119.763112,42.208328],[119.770136,42.210823],[119.782233,42.209254],[119.784801,42.213132],[119.799931,42.210986],[119.835851,42.213376],[119.840781,42.213233],[119.846962,42.207791],[119.850087,42.174306],[119.848828,42.168164],[119.833793,42.146645],[119.83184,42.133207],[119.837847,42.118845],[119.835651,42.112509],[119.837647,42.098042],[119.869697,42.075825],[119.876763,42.064184],[119.879063,42.049931],[119.894436,42.043985],[119.896953,42.039332],[119.891919,42.02599],[119.898595,42.018924],[119.91546,42.012249],[119.920688,42.006602],[119.920097,41.984889],[119.944915,41.972246],[119.950696,41.959945],[119.95442,41.93856],[119.948691,41.918374],[119.955992,41.911521],[119.97231,41.906902],[119.983726,41.896945],[119.986851,41.88679],[119.986026,41.872172],[119.989359,41.86589],[120.000493,41.859986],[120.017251,41.814328],[120.042949,41.825326],[120.035753,41.816477],[120.039896,41.801765],[120.036459,41.794478],[120.036878,41.785528],[120.026051,41.778934],[120.034677,41.776304],[120.035958,41.772215],[120.046079,41.773584],[120.038327,41.767198],[120.038088,41.763295],[120.031312,41.761523],[120.0307,41.754755],[120.028106,41.755088],[120.03041,41.751965],[120.025249,41.749552],[120.029976,41.745257],[120.018746,41.73599],[120.024931,41.73382],[120.019616,41.732239],[120.03054,41.723071],[120.029507,41.706282],[120.038069,41.706365],[120.06567,41.695223],[120.090149,41.69471],[120.098855,41.699967],[120.107495,41.710814],[120.125362,41.719616],[120.132277,41.726956],[120.125244,41.73451],[120.122232,41.743226],[120.118309,41.754927],[120.118986,41.765925],[120.177249,41.824214],[120.177648,41.840031],[120.182596,41.845973],[120.210235,41.851159],[120.245952,41.88178],[120.28195,41.877817],[120.28629,41.88348],[120.294675,41.8859],[120.280731,41.896696],[120.268161,41.896354],[120.254675,41.901947],[120.264291,41.906047],[120.261184,41.912713],[120.266455,41.923405],[120.270668,41.923417],[120.276011,41.914164],[120.285115,41.916895],[120.27779,41.918506],[120.274151,41.924077],[120.28125,41.932641],[120.290946,41.934447],[120.293354,41.930369],[120.299232,41.932424],[120.299596,41.926308],[120.293621,41.920402],[120.302088,41.924852],[120.306087,41.931168],[120.311833,41.93166],[120.311773,41.936239],[120.304742,41.939363],[120.304012,41.949341],[120.329388,41.963011],[120.32776,41.977301],[120.340545,41.975651],[120.367743,41.992367],[120.393731,41.982433],[120.415607,41.983351],[120.414074,41.989764],[120.405147,41.994395],[120.416756,41.998856],[120.422516,42.005388],[120.434312,42.00402],[120.450591,42.013096],[120.445894,42.020949],[120.448033,42.028326],[120.444856,42.054619],[120.45991,42.056133],[120.461124,42.058976],[120.481924,42.063442],[120.487874,42.070749],[120.477191,42.083768],[120.489332,42.085172],[120.493324,42.089066],[120.4834,42.093722],[120.474524,42.088856],[120.463795,42.095517],[120.460849,42.103029],[120.475261,42.113523],[120.530807,42.138216],[120.554627,42.145635],[120.578915,42.165191],[120.619435,42.15254],[120.683715,42.185777],[120.691259,42.196029],[120.71664,42.201567],[120.732622,42.218638],[120.739766,42.221328],[120.785044,42.216376],[120.798733,42.223598],[120.815435,42.225977],[120.821015,42.228915],[120.817891,42.228476],[120.822397,42.233131],[120.818399,42.239072],[120.824269,42.250532],[120.829939,42.245526],[120.840619,42.248887],[120.844053,42.24619],[120.852589,42.253357],[120.855016,42.252346],[120.854123,42.248376],[120.862779,42.249641],[120.882674,42.240256],[120.885018,42.242782],[120.880946,42.243937],[120.88717,42.252283],[120.883447,42.251376],[120.884965,42.254901],[120.876806,42.26408],[120.882301,42.269601],[120.900321,42.265994],[120.90724,42.270235],[120.924323,42.272253],[120.930791,42.277761],[120.953472,42.27191],[120.95551,42.264649],[120.96633,42.25968],[120.986944,42.262431],[120.994965,42.258351],[121.004991,42.258064],[121.006006,42.254983],[121.001311,42.251827],[121.023116,42.240282],[121.024757,42.243798],[121.028638,42.241896],[121.033177,42.246012],[121.02599,42.251337],[121.042318,42.257778],[121.063464,42.25043],[121.081467,42.276099],[121.097439,42.280937],[121.100338,42.276962],[121.115399,42.278424],[121.116475,42.283867],[121.125721,42.291688],[121.127812,42.297956],[121.133776,42.30053],[121.134418,42.296606],[121.142639,42.29875],[121.147561,42.307626],[121.144618,42.312235],[121.175747,42.327786],[121.18204,42.338424],[121.180121,42.347938],[121.208472,42.359636],[121.213125,42.369692],[121.239843,42.371471],[121.250582,42.375138],[121.245599,42.377487],[121.246605,42.380668],[121.25829,42.377153],[121.279141,42.385612],[121.29809,42.403138],[121.300711,42.420403],[121.308915,42.425781],[121.300894,42.42914],[121.298793,42.433364],[121.305651,42.438112],[121.336007,42.447473],[121.342777,42.452618],[121.343958,42.457799],[121.347283,42.457787],[121.348689,42.453351],[121.357153,42.458498],[121.366484,42.452231],[121.379262,42.449691],[121.380062,42.471743],[121.409714,42.47434],[121.409939,42.483815],[121.417283,42.483034],[121.427977,42.473077],[121.434565,42.47276],[121.459504,42.478907],[121.47309,42.494084],[121.490798,42.490542],[121.498222,42.480363],[121.506057,42.484519],[121.507921,42.489822],[121.518313,42.485965],[121.522479,42.481012],[121.546953,42.488545],[121.563663,42.484683],[121.573072,42.490073],[121.571389,42.495108],[121.585617,42.500365],[121.585207,42.507083],[121.591883,42.507413],[121.592439,42.511172],[121.601467,42.514388],[121.605191,42.507179],[121.596606,42.500009],[121.598412,42.493807],[121.622605,42.474045],[121.632629,42.478312],[121.64079,42.452331],[121.643533,42.45256],[121.651276,42.440972],[121.661397,42.435148],[121.668872,42.438086],[121.685078,42.435295],[121.696476,42.437448],[121.715563,42.450077],[121.741701,42.482396],[121.74163,42.486301],[121.755234,42.484292],[121.763455,42.490299],[121.777249,42.492673],[121.797569,42.512717],[121.80145,42.507287],[121.797847,42.498012],[121.802517,42.497192],[121.812214,42.502062],[121.817066,42.521558],[121.826172,42.53158],[121.834315,42.530512],[121.839097,42.520347],[121.847829,42.524527],[121.850877,42.537357],[121.858359,42.533134],[121.857865,42.527752],[121.86494,42.526241],[121.862673,42.535269],[121.864956,42.546372],[121.884852,42.554801],[121.900087,42.568663],[121.89934,42.577687],[121.901875,42.580547],[121.893039,42.586025],[121.890009,42.591619],[121.898351,42.591945],[121.90487,42.583524],[121.912223,42.586624],[121.906206,42.599119],[121.916024,42.60421],[121.904722,42.610738],[121.896832,42.6198],[121.913924,42.626633],[121.897717,42.628064],[121.8977,42.634913],[121.902908,42.637066],[121.90941,42.632396],[121.914462,42.633942],[121.91139,42.643915],[121.915096,42.650074],[121.910885,42.655199],[121.922396,42.664822],[121.935322,42.66158],[121.936475,42.66609],[121.930734,42.68251],[121.935027,42.686424],[121.955867,42.685153],[121.955026,42.695035],[121.959557,42.698416],[121.971142,42.697117],[121.976814,42.688121],[121.983507,42.693194],[121.986866,42.702609],[122.016398,42.697122],[122.021241,42.70437],[122.041952,42.708327],[122.044714,42.710538],[122.044497,42.716875],[122.058307,42.721046],[122.067483,42.717344],[122.06711,42.708251],[122.084375,42.712396],[122.091415,42.700139],[122.103585,42.699505],[122.115921,42.693659],[122.126484,42.694961],[122.127648,42.687061],[122.148203,42.683329],[122.150764,42.686558],[122.156068,42.682448],[122.15862,42.687864],[122.1673,42.684366],[122.188924,42.689266],[122.191684,42.686754],[122.190694,42.676754],[122.198707,42.68194],[122.201007,42.704552],[122.20428,42.709627],[122.19948,42.73036],[122.221441,42.725343],[122.235947,42.710547],[122.252032,42.701993],[122.254063,42.694458],[122.297692,42.689974],[122.302335,42.688173],[122.30632,42.67983],[122.318281,42.682648],[122.328559,42.678034],[122.332256,42.667895],[122.353507,42.677874],[122.354982,42.68105],[122.389314,42.68142],[122.392899,42.684236],[122.390477,42.703494],[122.394037,42.709618],[122.428431,42.726438],[122.435827,42.74478],[122.455019,42.75294],[122.451973,42.771091],[122.438223,42.770735],[122.432164,42.767645],[122.366701,42.773494],[122.355755,42.786281],[122.356397,42.792201],[122.344383,42.823481],[122.346701,42.829132],[122.353429,42.833602],[122.414193,42.840248],[122.499439,42.834398],[122.517016,42.828825],[122.558492,42.823812],[122.570506,42.818079],[122.564308,42.805554],[122.575359,42.787923],[122.612616,42.776456],[122.619821,42.771135],[122.648102,42.780167],[122.695551,42.779968],[122.725784,42.784698],[122.732747,42.76857],[122.751523,42.765832],[122.76023,42.756973],[122.768815,42.757286],[122.773866,42.753843],[122.780429,42.755406],[122.79319,42.736518],[122.799622,42.739365],[122.812478,42.734213],[122.813624,42.729382],[122.825751,42.720424],[122.83477,42.720546],[122.835378,42.715728],[122.841089,42.71798],[122.843876,42.710732],[122.84096,42.706188],[122.849787,42.704864],[122.851289,42.709391],[122.845429,42.712364],[122.852513,42.723319],[122.869865,42.737321],[122.867981,42.73851],[122.873694,42.745506],[122.877687,42.743536],[122.878155,42.749868],[122.872452,42.749027],[122.873311,42.757329],[122.881896,42.768015],[122.923407,42.770043],[122.940465,42.751566],[122.943008,42.756952],[122.948685,42.752334],[122.966003,42.759097],[122.968502,42.76105],[122.963546,42.7646],[122.965169,42.766908],[122.97431,42.775172],[122.982826,42.776783],[122.989971,42.772959],[123.00089,42.773675],[123.002261,42.770889],[123.006793,42.772855],[123.010205,42.769327],[123.016654,42.769921],[123.025959,42.765251],[123.041671,42.769166],[123.052496,42.766666],[123.052965,42.770638],[123.059796,42.771284],[123.077393,42.786237],[123.081134,42.783944],[123.0851,42.788146],[123.101819,42.791622],[123.111402,42.798627],[123.160352,42.808554],[123.174659,42.816853],[123.17326,42.820694],[123.210665,42.825025],[123.215926,42.822999],[123.22149,42.829999],[123.183408,42.845794],[123.177488,42.843333],[123.164658,42.849704],[123.165022,42.859696],[123.181671,42.886475],[123.177987,42.923104],[123.200236,42.949281],[123.213344,42.951156],[123.224186,42.959441],[123.234117,42.976846],[123.25344,42.990932],[123.272538,42.995328],[123.31582,42.998345],[123.327027,43.002906],[123.365655,43.008823],[123.396583,43.018032],[123.405768,43.026197],[123.428632,43.025198],[123.442661,43.03581],[123.465629,43.040229],[123.480221,43.033016],[123.487625,43.023349],[123.500803,43.021175],[123.510048,43.025897],[123.507374,43.021096],[123.526292,43.011398],[123.527449,43.00925],[123.522558,43.007471],[123.530039,43.005016],[123.550865,43.008415],[123.552461,43.00404],[123.560534,43.005954],[123.564926,43.000572],[123.565925,43.007603],[123.580595,43.010442],[123.582557,43.013897],[123.57484,43.017573],[123.579753,43.021848],[123.574831,43.026827],[123.575092,43.034191],[123.584658,43.029999],[123.589909,43.03878],[123.605586,43.047083],[123.602722,43.051163],[123.590907,43.055881],[123.590031,43.059699],[123.599458,43.061957],[123.610266,43.075207],[123.621046,43.078207],[123.620891,43.083224],[123.625344,43.0869],[123.621533,43.097872],[123.627539,43.109092],[123.623729,43.117946],[123.633773,43.124934],[123.629423,43.137365],[123.637435,43.141623],[123.641732,43.152308],[123.647678,43.15729],[123.641975,43.171146],[123.646211,43.173866],[123.653503,43.172469],[123.66195,43.178611],[123.659806,43.190559],[123.648747,43.192443],[123.640205,43.206492],[123.641194,43.212186],[123.651923,43.2193],[123.665387,43.219075],[123.670829,43.221826],[123.661941,43.233085],[123.670283,43.240503],[123.659388,43.25552],[123.658712,43.262481],[123.664119,43.267994],[123.674119,43.269352],[123.680986,43.275211],[123.690951,43.270121],[123.698945,43.271384],[123.69938,43.275707],[123.690092,43.279583],[123.689944,43.292534],[123.6978,43.295746],[123.693468,43.308202],[123.70977,43.308953],[123.714458,43.313172],[123.712635,43.317143],[123.701498,43.318042],[123.69648,43.324396],[123.708599,43.330251],[123.707713,43.333458],[123.698832,43.334274],[123.697713,43.340303],[123.706246,43.341956],[123.703616,43.34996],[123.714667,43.354942],[123.689779,43.352936],[123.696713,43.357913],[123.698875,43.365464],[123.699201,43.374509],[123.692902,43.375195],[123.691925,43.379434],[123.702976,43.381819],[123.693125,43.388221],[123.699544,43.394159],[123.696918,43.401059],[123.704138,43.402778],[123.700865,43.405981],[123.705488,43.410168],[123.704092,43.414791],[123.719985,43.421074],[123.726863,43.418537],[123.727612,43.420787],[123.721197,43.422415],[123.72062,43.425285],[123.728146,43.424779],[123.742967,43.43676],[123.736882,43.44025],[123.743846,43.441777],[123.738728,43.446203],[123.745504,43.451668],[123.747004,43.462106],[123.740083,43.468766],[123.765693,43.481715],[123.767565,43.477907],[123.780803,43.477369],[123.786602,43.484656],[123.785994,43.488563],[123.81984,43.46914],[123.827409,43.471188],[123.840204,43.465146],[123.843242,43.46776],[123.85517,43.459478],[123.851618,43.456858],[123.866368,43.449044],[123.850048,43.435047],[123.846759,43.425568],[123.848816,43.420611],[123.843676,43.413315],[123.846437,43.403762],[123.857679,43.39862],[123.859962,43.393337],[123.886377,43.38785],[123.895466,43.376917],[123.889945,43.359254],[123.905188,43.35582],[123.917844,43.35802],[123.935023,43.349054],[123.940909,43.349618],[123.958226,43.338502],[123.955917,43.33628],[123.98721,43.305725],[124.026742,43.278346],[124.037558,43.285452],[124.059755,43.290035],[124.094893,43.291774],[124.097071,43.28707],[124.092124,43.278498],[124.09893,43.279678],[124.102037,43.275334],[124.101568,43.278211],[124.105049,43.278529],[124.110847,43.274642],[124.105439,43.266518],[124.110891,43.260803],[124.10807,43.244682],[124.122911,43.245039],[124.122392,43.247951],[124.126538,43.247091],[124.126938,43.252739],[124.131236,43.248124],[124.133949,43.250752],[124.139758,43.247469],[124.148096,43.2517],[124.144799,43.246586],[124.152773,43.248989],[124.155079,43.246975],[124.151157,43.243768],[124.156414,43.245109],[124.164936,43.241235],[124.166273,43.246989],[124.171832,43.245346],[124.169864,43.241472],[124.172214,43.239681],[124.18375,43.243993],[124.186401,43.24049],[124.188835,43.24466],[124.19383,43.243204],[124.199667,43.249892],[124.205581,43.249849],[124.210139,43.253652],[124.213467,43.250161],[124.210974,43.243332],[124.217927,43.243085],[124.213134,43.238951],[124.220996,43.239644],[124.22272,43.232615],[124.229893,43.234327],[124.237393,43.230971],[124.244562,43.235992],[124.247308,43.229447],[124.251714,43.230409],[124.255185,43.236458],[124.25637,43.229425],[124.270236,43.230964],[124.271175,43.226381],[124.277422,43.227369],[124.27477,43.22512],[124.276811,43.218151],[124.274632,43.21378],[124.281637,43.20444],[124.271533,43.193906],[124.275908,43.184939],[124.267749,43.176315],[124.276735,43.17447],[124.27275,43.171124],[124.27761,43.168593],[124.277905,43.16358],[124.294416,43.156072],[124.286412,43.151844],[124.296925,43.14638],[124.302792,43.152574],[124.31807,43.144132],[124.334407,43.12609],[124.359598,43.118793],[124.386195,43.093199],[124.415112,43.080034],[124.419703,43.073703],[124.365215,43.024319],[124.327265,42.994678],[124.354605,42.973375],[124.375111,42.967218],[124.396092,42.968412],[124.409035,42.974132],[124.415883,42.97353],[124.423175,42.964236],[124.435397,42.957297],[124.436048,42.939024],[124.427733,42.934641],[124.425684,42.928308],[124.408583,42.923855],[124.407099,42.919368],[124.394668,42.919432],[124.39157,42.912614],[124.382323,42.907591],[124.374389,42.91003],[124.360161,42.899982],[124.360283,42.889392],[124.364702,42.88664],[124.36261,42.880889],[124.365527,42.878454],[124.408035,42.876987],[124.419502,42.871692],[124.428321,42.878359],[124.43333,42.875616],[124.431455,42.864748],[124.444294,42.859604],[124.443391,42.856172],[124.448521,42.850025],[124.445674,42.824163],[124.4486,42.82151],[124.459641,42.820143],[124.466464,42.825126],[124.460206,42.844293],[124.474624,42.856653],[124.48748,42.861319],[124.490544,42.856362],[124.4938,42.856528],[124.49557,42.862764],[124.508426,42.871315],[124.518009,42.86829],[124.526195,42.869679],[124.533174,42.86494],[124.537732,42.883645],[124.549129,42.88809],[124.557419,42.88678],[124.566317,42.894674],[124.566759,42.898767],[124.572592,42.897622],[124.573938,42.901059],[124.580353,42.902899],[124.597334,42.920487],[124.599218,42.925509],[124.596709,42.928699],[124.601987,42.935253],[124.616153,42.938838],[124.616726,42.946694],[124.626309,42.947644],[124.633401,42.953039],[124.627655,42.957132],[124.629478,42.970808],[124.641787,42.974702],[124.653957,42.971047],[124.656753,42.979141],[124.654486,42.981321],[124.665268,42.98783],[124.665571,42.992913],[124.671822,43.000366],[124.669556,43.028929],[124.673245,43.031256],[124.673184,43.036398],[124.680241,43.048091],[124.686916,43.053729],[124.712498,43.067574],[124.734122,43.065665],[124.748835,43.071407],[124.75249,43.083855],[124.778861,43.102583],[124.780076,43.115088],[124.793297,43.120179],[124.806257,43.115222],[124.814252,43.117892],[124.817316,43.122392],[124.835927,43.124679],[124.852385,43.117227],[124.86453,43.12188],[124.876934,43.131958],[124.889754,43.128412],[124.88871,43.116637],[124.875954,43.108613],[124.878089,43.102464],[124.873498,43.097992],[124.877943,43.091338],[124.878716,43.078079],[124.883327,43.072946],[124.869109,43.063795],[124.862743,43.052],[124.852368,43.048727],[124.851227,43.038201],[124.857213,43.035867],[124.857999,43.032088],[124.839813,43.03328],[124.834079,43.026431],[124.839229,43.023438],[124.844657,43.013698],[124.851151,43.010603],[124.855894,43.000939],[124.851506,42.998985],[124.855489,42.99447],[124.85493,42.989372],[124.866043,42.983396],[124.861538,42.97983],[124.863725,42.978283],[124.861698,42.973631],[124.869153,42.966388],[124.861051,42.960393],[124.866373,42.960031],[124.861964,42.955942],[124.868842,42.953848],[124.863699,42.952619],[124.859304,42.944623],[124.859155,42.936372],[124.863819,42.934191],[124.863216,42.926253],[124.858641,42.924669],[124.860763,42.916317],[124.85408,42.912151],[124.854188,42.902453],[124.849257,42.901594],[124.846297,42.897],[124.844806,42.890039],[124.848482,42.889501],[124.850612,42.884229],[124.843365,42.8797],[124.843306,42.874116],[124.847726,42.871528],[124.844943,42.869296],[124.850668,42.864624],[124.848554,42.857744],[124.850522,42.843727],[124.855847,42.841694],[124.852818,42.838155],[124.851233,42.821645],[124.861872,42.804535],[124.866404,42.789514],[124.874338,42.786342],[124.880805,42.788737],[124.895032,42.78642],[124.904867,42.800352],[124.909607,42.80227],[124.909078,42.811337],[124.905119,42.813447],[124.910874,42.815746],[124.918183,42.814076],[124.922246,42.817534],[124.942905,42.804089],[124.967975,42.801315],[124.9711,42.794527],[124.969067,42.785449],[124.973939,42.779301],[124.983695,42.776684],[124.987098,42.768672],[124.982333,42.757752],[124.976239,42.758377],[124.976629,42.753416],[124.973582,42.750834],[124.981872,42.749744],[124.990354,42.743038],[124.98893,42.736597],[124.98196,42.730391],[124.983574,42.725789],[124.972957,42.726814],[124.962159,42.720412],[124.970901,42.715039],[124.965918,42.711103],[124.972749,42.707552],[124.983235,42.693108],[124.979858,42.684428],[124.969121,42.68181],[124.959285,42.674992],[124.968444,42.670747],[124.985875,42.674792],[124.990388,42.672965],[124.990362,42.66773],[125.008861,42.663277],[125.00669,42.657878],[125.01347,42.651267],[125.007792,42.643937],[125.010865,42.639805],[125.004598,42.630192],[125.00985,42.624574],[125.014563,42.625647],[125.022246,42.620933],[125.0238,42.614406],[125.032212,42.613047],[125.048808,42.621637],[125.057741,42.618303],[125.07498,42.62365],[125.090883,42.619918],[125.093235,42.610729],[125.083409,42.604384],[125.089903,42.598342],[125.075249,42.586298],[125.081204,42.582487],[125.085076,42.569506],[125.070155,42.556433],[125.070606,42.537244],[125.060744,42.533225],[125.082541,42.516177],[125.08472,42.511355],[125.074763,42.510868],[125.071048,42.5077],[125.071283,42.503264],[125.060484,42.500361],[125.062681,42.497171],[125.078912,42.498426],[125.098184,42.488638],[125.104607,42.473794],[125.130111,42.468811],[125.13683,42.459871],[125.143506,42.456637],[125.142846,42.449089],[125.134026,42.444623],[125.134738,42.44208],[125.174616,42.430435],[125.181005,42.423086],[125.180432,42.412401],[125.190016,42.408269],[125.18709,42.394953],[125.179668,42.389054],[125.181769,42.384428],[125.179452,42.38024],[125.193861,42.374702],[125.197099,42.364272],[125.187438,42.357801],[125.179738,42.358717],[125.165884,42.353078],[125.161161,42.353929],[125.1613,42.34961],[125.170502,42.344644],[125.170276,42.33471],[125.175563,42.327028],[125.166899,42.316377],[125.168844,42.306164],[125.215276,42.298196],[125.220788,42.303872],[125.23532,42.310236],[125.247681,42.305426],[125.254965,42.310123],[125.262192,42.301216],[125.268783,42.301399],[125.272516,42.294398],[125.293037,42.287176],[125.278844,42.270709],[125.270095,42.267154],[125.271006,42.261642],[125.280936,42.252457],[125.282846,42.24515],[125.277795,42.232992],[125.269443,42.229047],[125.306622,42.217453],[125.289305,42.207167],[125.300225,42.207836],[125.301336,42.199997],[125.293471,42.198409],[125.293584,42.193686],[125.286561,42.191568],[125.286587,42.184927],[125.282916,42.182615],[125.284973,42.179767],[125.274191,42.172193],[125.276987,42.168765],[125.292351,42.173235],[125.31256,42.201677],[125.310086,42.204645],[125.313628,42.202045],[125.308819,42.195201],[125.311319,42.192875],[125.310433,42.18666],[125.304956,42.179954],[125.307057,42.173774],[125.30381,42.169355],[125.30828,42.162458],[125.3017,42.156764],[125.299782,42.143947],[125.311128,42.139828],[125.324384,42.13948],[125.329695,42.1433],[125.33888,42.140791],[125.350946,42.143439],[125.353385,42.14935],[125.345598,42.152058],[125.350615,42.164741],[125.347204,42.176182],[125.36249,42.180357],[125.378185,42.174676],[125.382525,42.166309],[125.412101,42.152237],[125.438376,42.149737],[125.451597,42.15791],[125.455529,42.157154],[125.467014,42.148162],[125.468385,42.143466],[125.473325,42.143466],[125.483854,42.133565],[125.480112,42.127814],[125.471111,42.1238],[125.471363,42.118617],[125.460512,42.115527],[125.458568,42.109281],[125.449792,42.1111],[125.449019,42.101166],[125.442317,42.096864],[125.432891,42.096881],[125.428263,42.100193],[125.405712,42.098213],[125.409792,42.088817],[125.416249,42.086061],[125.417399,42.07574],[125.413198,42.072837],[125.410906,42.062698],[125.402407,42.060016],[125.396357,42.048574],[125.357233,42.014967],[125.36358,42.000354],[125.345194,41.995032],[125.335463,41.997819],[125.32976,41.984828],[125.316712,41.980948],[125.311348,41.974754],[125.29212,41.971808],[125.291365,41.965466],[125.28653,41.961138],[125.28581,41.956482],[125.303066,41.953009],[125.311096,41.942879],[125.340575,41.936759],[125.345436,41.925826],[125.31844,41.926835],[125.301432,41.922126],[125.29767,41.911436],[125.299898,41.904381],[125.297718,41.893357],[125.290219,41.884954],[125.290384,41.873378],[125.294794,41.865222],[125.290861,41.859663],[125.292884,41.854194],[125.285592,41.849611],[125.285957,41.83724],[125.290071,41.834007],[125.287223,41.831329],[125.288586,41.820964],[125.299489,41.799289],[125.309993,41.793834],[125.31407,41.769662],[125.32763,41.76848],[125.340124,41.759544],[125.326519,41.750739],[125.327954,41.743645],[125.33244,41.739643],[125.325216,41.728769],[125.328342,41.715022],[125.318985,41.699366],[125.319836,41.69372],[125.31086,41.674948],[125.318837,41.667847],[125.324513,41.671988],[125.337699,41.670069],[125.343298,41.676011],[125.356727,41.675],[125.371284,41.684553],[125.405537,41.688953],[125.425581,41.672365],[125.444157,41.671631],[125.444469,41.663224],[125.450146,41.660164],[125.445633,41.655212],[125.448809,41.647278],[125.453159,41.640567],[125.46453,41.636327],[125.461952,41.630385],[125.447959,41.619378],[125.447298,41.611978],[125.443983,41.608996],[125.446248,41.60499],[125.443836,41.595924],[125.448045,41.586691],[125.457637,41.578653],[125.454442,41.571018],[125.456309,41.565966],[125.470527,41.558045],[125.473635,41.542646],[125.486395,41.534352],[125.501264,41.531586],[125.497654,41.521448],[125.488973,41.51979],[125.487098,41.516582],[125.487653,41.506547],[125.499407,41.501426],[125.500309,41.496777],[125.511898,41.486968],[125.510456,41.476439],[125.526576,41.47702],[125.536428,41.465809],[125.52958,41.445231],[125.534388,41.434594],[125.528416,41.426707],[125.534127,41.417856],[125.540777,41.417223],[125.541688,41.413082],[125.545342,41.412414],[125.546871,41.40734],[125.542608,41.398777],[125.557318,41.394959],[125.574409,41.394964],[125.581916,41.3801],[125.57404,41.372785],[125.576054,41.361537],[125.588451,41.356852],[125.604634,41.363063],[125.615307,41.359162],[125.631419,41.342434],[125.634088,41.336174],[125.629983,41.323755],[125.61436,41.31635],[125.636365,41.294144],[125.633336,41.276726],[125.640826,41.262746],[125.659055,41.266513],[125.664316,41.2737],[125.669775,41.275572],[125.680261,41.270715],[125.68672,41.250997],[125.68486,41.244291],[125.688454,41.242577],[125.706867,41.246327],[125.713314,41.241683],[125.743687,41.243389],[125.75243,41.230495],[125.731162,41.197499],[125.731492,41.177281],[125.758107,41.170008],[125.777309,41.170004],[125.785607,41.164848],[125.773993,41.153988],[125.759739,41.146419],[125.751778,41.127993],[125.741926,41.122803],[125.727412,41.123094],[125.707499,41.102664],[125.705937,41.093867],[125.725016,41.092676],[125.733297,41.087594],[125.733463,41.084596],[125.726587,41.074235],[125.724834,41.064175],[125.719835,41.060173],[125.720511,41.053293],[125.708419,41.043594],[125.700181,41.031349],[125.678315,41.019925],[125.679183,41.008753],[125.674383,41.005537],[125.675937,41.000525],[125.673107,40.997759],[125.678099,40.984483],[125.676128,40.978367],[125.668949,40.97279],[125.656423,40.975564],[125.643923,40.968403],[125.643454,40.961085],[125.637135,40.953489],[125.638714,40.948293],[125.629531,40.94003],[125.608793,40.940377],[125.583672,40.929423],[125.584965,40.917361],[125.580208,40.917261],[125.579515,40.911265],[125.571786,40.900343],[125.574332,40.891479],[125.581759,40.89045],[125.619728,40.905276],[125.639819,40.905008],[125.642473,40.912923],[125.646644,40.914605],[125.677336,40.899407],[125.687072,40.89006],[125.701922,40.865231],[125.692317,40.856445],[125.682804,40.855325],[125.684322,40.85007],[125.669591,40.834544],[125.642404,40.82444],[125.63079,40.806337],[125.635017,40.796719],[125.677066,40.782231],[125.682309,40.774292],[125.681554,40.769098],[125.671881,40.765635],[125.641536,40.76668],[125.601981,40.758801],[125.595443,40.761087],[125.590319,40.768106],[125.592171,40.777195],[125.589227,40.78182],[125.570683,40.792145],[125.575022,40.786014],[125.569047,40.784375],[125.56479,40.788817],[125.566919,40.7838],[125.537962,40.757704],[125.543079,40.734819],[125.538862,40.727847],[125.530799,40.724418],[125.479913,40.725347],[125.45408,40.705377],[125.447943,40.675035],[125.421745,40.674683],[125.412726,40.671393],[125.408159,40.659497],[125.415582,40.647231],[125.414575,40.632274],[125.40111,40.630078],[125.393669,40.636781],[125.388609,40.635456],[125.377595,40.6547],[125.369609,40.656502],[125.328064,40.641645],[125.323246,40.642117],[125.299426,40.659526],[125.284218,40.65658],[125.273715,40.653537],[125.267273,40.647295],[125.263697,40.628529],[125.256805,40.61862],[125.232014,40.616509],[125.208958,40.61904],[125.184114,40.613502],[125.107551,40.567556],[125.070598,40.560116],[125.045675,40.550688],[125.012117,40.534716],[124.996032,40.511861],[124.998836,40.494735],[125.011171,40.489878],[125.025216,40.490676],[125.026136,40.483129],[125.037048,40.482143],[125.038332,40.464834],[125.019,40.463011],[125.018758,40.47479],[125.006622,40.469457],[124.986257,40.475368],[124.956214,40.459139],[124.939843,40.454704],[124.92729,40.455124],[124.916794,40.457502],[124.909071,40.463225],[124.91172,40.479976],[124.905308,40.484524],[124.897445,40.482681],[124.875279,40.454701],[124.850881,40.4356],[124.749714,40.382837],[124.733574,40.370246],[124.726571,40.333212],[124.718297,40.321169],[124.644262,40.293286],[124.61039,40.286745],[124.543394,40.237509],[124.51796,40.226836],[124.518802,40.222769],[124.508794,40.218514],[124.501545,40.203211],[124.486571,40.188628],[124.484462,40.182509],[124.451771,40.175963],[124.443507,40.170803],[124.439076,40.160857],[124.42524,40.145144],[124.412034,40.141365],[124.400061,40.13312],[124.390602,40.113692],[124.370312,40.104783],[124.345043,40.082339],[124.331206,40.059921],[124.33072,40.048845],[124.338542,40.041788],[124.355,40.038147],[124.366128,40.019475],[124.360677,39.998681],[124.348177,39.975355],[124.343585,39.970829],[124.344679,39.987604],[124.324054,39.979132],[124.31881,39.972305],[124.309505,39.967408],[124.292934,39.968116],[124.291111,39.964414],[124.282673,39.961007],[124.284731,39.956502],[124.282387,39.947443],[124.290772,39.944882],[124.281285,39.930685],[124.264236,39.933412],[124.245538,39.929887],[124.234558,39.926159],[124.224652,39.917933],[124.209227,39.891006],[124.207942,39.861943],[124.184005,39.844955],[124.168762,39.840846],[124.16071,39.825724],[124.158304,39.776891],[124.145028,39.744269],[124.138958,39.743889],[124.093439,39.775942],[124.089645,39.790736],[124.101405,39.817289],[124.097422,39.821841],[124.065816,39.816398],[124.047231,39.808733],[123.993368,39.799086],[123.961475,39.806769],[123.938524,39.818186],[123.865867,39.821572],[123.815483,39.830399],[123.806718,39.829948],[123.789384,39.821389],[123.730365,39.816137],[123.686572,39.805562],[123.682355,39.806941],[123.669383,39.825494],[123.656303,39.824321],[123.652893,39.83014],[123.639618,39.822638],[123.640773,39.801284],[123.636541,39.795128],[123.607107,39.773774],[123.580944,39.77012],[123.571171,39.779782],[123.564905,39.773702],[123.564644,39.765733],[123.559982,39.760338],[123.542648,39.754588],[123.537408,39.761672],[123.542465,39.764784],[123.542757,39.773633],[123.536013,39.784802],[123.528984,39.787074],[123.53001,39.774036],[123.513195,39.769005],[123.497328,39.768839],[123.496497,39.761113],[123.487442,39.75696],[123.479135,39.761446],[123.475459,39.760238],[123.471875,39.745481],[123.452265,39.744635],[123.4421,39.730819],[123.436553,39.732643],[123.413619,39.729353],[123.386743,39.722189],[123.3802,39.731603],[123.382382,39.745954],[123.341552,39.748521],[123.334891,39.754634],[123.293905,39.75188],[123.281092,39.75726],[123.269635,39.754444],[123.277011,39.74269],[123.268854,39.736314],[123.243688,39.748744],[123.238496,39.745285],[123.240041,39.7413],[123.258259,39.736971],[123.271536,39.726535],[123.264817,39.713458],[123.282514,39.704243],[123.282194,39.69954],[123.27905,39.699301],[123.278406,39.693561],[123.267152,39.69618],[123.259836,39.691174],[123.247561,39.688586],[123.241862,39.693974],[123.227827,39.69669],[123.210058,39.695341],[123.209346,39.686973],[123.218617,39.684334],[123.221387,39.680471],[123.220292,39.675384],[123.213339,39.671664],[123.209398,39.664681],[123.213813,39.655855],[123.210013,39.654967],[123.206143,39.665688],[123.200513,39.668875],[123.161039,39.672628],[123.15432,39.668214],[123.140535,39.64571],[123.131715,39.6437],[123.126152,39.645297],[123.126803,39.654178],[123.121907,39.659499],[123.097602,39.675463],[123.093426,39.673179],[123.095718,39.660067],[123.083903,39.661841],[123.080842,39.657967],[123.072818,39.661486],[123.071291,39.667346],[123.046881,39.659594],[123.043461,39.66515],[123.039372,39.665028],[123.029606,39.659556],[123.030746,39.654118],[123.041974,39.647539],[123.040833,39.642715],[123.029694,39.641312],[123.021053,39.658284],[123.005352,39.653811],[123.00509,39.649337],[123.015703,39.639513],[122.998379,39.634646],[122.976099,39.618242],[122.97347,39.601621],[122.967545,39.593786],[122.954288,39.597539],[122.943811,39.595364],[122.937104,39.603479],[122.902801,39.601113],[122.891916,39.604694],[122.855909,39.603586],[122.838703,39.593384],[122.840943,39.576603],[122.816951,39.564173],[122.805761,39.578714],[122.794711,39.57832],[122.794131,39.57441],[122.805695,39.562755],[122.803747,39.558602],[122.725779,39.529771],[122.720376,39.530531],[122.681154,39.513741],[122.660918,39.521336],[122.649269,39.519754],[122.644503,39.515553],[122.639948,39.498455],[122.632005,39.487817],[122.621935,39.482482],[122.602821,39.479184],[122.590452,39.468828],[122.576554,39.463086],[122.564859,39.451287],[122.570115,39.436994],[122.569865,39.428826],[122.560548,39.425168],[122.561178,39.413482],[122.552867,39.399644],[122.544802,39.393344],[122.527276,39.394182],[122.504673,39.409934],[122.493845,39.400657],[122.450529,39.401803],[122.446349,39.410418],[122.407856,39.410334],[122.394126,39.390332],[122.366312,39.379224],[122.358446,39.364435],[122.338355,39.350197],[122.319213,39.344315],[122.303821,39.344918],[122.301796,39.329763],[122.287279,39.335598],[122.270034,39.320968],[122.242847,39.269501],[122.15519,39.23658],[122.136458,39.215508],[122.1121,39.212695],[122.112334,39.207543],[122.119132,39.201927],[122.11421,39.185065],[122.115616,39.173355],[122.162213,39.157669],[122.16526,39.149236],[122.159401,39.145959],[122.14184,39.147599],[122.12217,39.143615],[122.108202,39.134749],[122.080495,39.109193],[122.04513,39.107088],[122.044896,39.095143],[122.068081,39.069154],[122.065035,39.060252],[122.056605,39.059084],[122.015391,39.071727],[121.99151,39.068216],[121.984479,39.062595],[121.968559,39.03098],[121.962708,39.028407],[121.918446,39.05276],[121.902197,39.054879],[121.899748,39.05208],[121.902134,39.046307],[121.913042,39.044471],[121.924366,39.023989],[121.923246,39.0171],[121.917415,39.012985],[121.910244,39.013247],[121.902984,39.018583],[121.903597,39.024092],[121.899123,39.0276],[121.883584,39.026401],[121.847873,39.034826],[121.847473,39.028811],[121.850685,39.025199],[121.900234,38.998515],[121.896831,38.983672],[121.899036,38.974644],[121.916148,38.971007],[121.906858,38.963007],[121.892213,38.960195],[121.862357,38.942252],[121.828211,38.949565],[121.799722,38.970025],[121.80013,38.98648],[121.78789,39.009952],[121.787291,39.019783],[121.757795,39.027404],[121.751293,39.02165],[121.759001,39.012356],[121.759002,39.007543],[121.733116,38.998116],[121.700477,39.000907],[121.702941,39.006281],[121.696666,39.009974],[121.691223,39.003745],[121.676908,39.004767],[121.667995,39.009738],[121.663204,39.004498],[121.650895,39.002241],[121.67178,38.9944],[121.671614,38.987339],[121.65756,38.965356],[121.646467,38.961411],[121.644001,38.957469],[121.632829,38.95862],[121.627491,38.950564],[121.613496,38.947408],[121.616412,38.938049],[121.619889,38.936413],[121.645841,38.945685],[121.65789,38.944396],[121.672464,38.939869],[121.67494,38.931317],[121.714298,38.919159],[121.717709,38.915398],[121.718316,38.903046],[121.70658,38.886705],[121.708064,38.88069],[121.70394,38.872066],[121.698307,38.870477],[121.693047,38.864054],[121.683751,38.866174],[121.682664,38.872309],[121.678322,38.872125],[121.68046,38.874097],[121.678254,38.87539],[121.674774,38.871163],[121.677661,38.867868],[121.671466,38.861202],[121.629244,38.859674],[121.627221,38.863281],[121.612508,38.862044],[121.596501,38.871623],[121.562916,38.874974],[121.554956,38.865655],[121.540486,38.863212],[121.546663,38.861827],[121.546698,38.858173],[121.542472,38.856238],[121.537673,38.846339],[121.52256,38.840746],[121.518767,38.831327],[121.506241,38.817999],[121.490798,38.81282],[121.486944,38.814053],[121.489817,38.819722],[121.48789,38.822278],[121.45967,38.814631],[121.440112,38.816028],[121.423359,38.810195],[121.393458,38.811534],[121.354071,38.821315],[121.334965,38.818094],[121.324886,38.813272],[121.320946,38.800417],[121.305243,38.790026],[121.254679,38.785551],[121.232517,38.763224],[121.217812,38.753746],[121.214192,38.739961],[121.204166,38.727713],[121.188758,38.719149],[121.128307,38.724192],[121.121431,38.755329],[121.105937,38.778936],[121.108507,38.785425],[121.123087,38.792098],[121.123257,38.798163],[121.108237,38.821201],[121.104244,38.850116],[121.105529,38.860972],[121.109826,38.867643],[121.122569,38.875611],[121.123662,38.876853],[121.124201,38.878168],[121.124167,38.879375],[121.117977,38.889574],[121.092664,38.892005],[121.084305,38.896597],[121.081944,38.912243],[121.087231,38.927426],[121.10687,38.941488],[121.112081,38.950628],[121.122334,38.957869],[121.181762,38.957604],[121.191562,38.952274],[121.197995,38.940555],[121.216076,38.939839],[121.221484,38.942196],[121.231085,38.955165],[121.263385,38.961463],[121.274886,38.972725],[121.296701,38.973741],[121.307629,38.969266],[121.320634,38.971471],[121.335572,38.979487],[121.337586,38.986784],[121.33368,39.000599],[121.315772,39.001016],[121.312509,39.01427],[121.323836,39.016645],[121.328124,39.026757],[121.33947,39.030346],[121.336666,39.036584],[121.339653,39.041679],[121.359036,39.045382],[121.365294,39.058889],[121.37243,39.062182],[121.380556,39.059549],[121.385556,39.049301],[121.404774,39.03832],[121.411744,39.027942],[121.428985,39.026393],[121.454714,39.031276],[121.465972,39.024383],[121.502613,39.03309],[121.528567,39.051346],[121.554167,39.06344],[121.561525,39.072676],[121.580821,39.076962],[121.594164,39.09159],[121.594305,39.097776],[121.556705,39.128356],[121.587611,39.154666],[121.639765,39.114639],[121.637856,39.109758],[121.601215,39.079718],[121.598619,39.074055],[121.601731,39.072176],[121.609114,39.076558],[121.631398,39.079228],[121.631813,39.086888],[121.651701,39.094618],[121.677243,39.117032],[121.678296,39.121057],[121.661416,39.13253],[121.657204,39.145959],[121.647135,39.146741],[121.645069,39.156276],[121.638828,39.15681],[121.637717,39.16328],[121.599298,39.165374],[121.594888,39.16847],[121.582127,39.196458],[121.585747,39.202547],[121.597344,39.208316],[121.585859,39.21638],[121.584436,39.22559],[121.597647,39.229744],[121.627109,39.225438],[121.626293,39.229292],[121.618985,39.232612],[121.619271,39.237929],[121.630468,39.235269],[121.637022,39.24049],[121.634462,39.243338],[121.614999,39.243815],[121.603715,39.256063],[121.590842,39.247704],[121.584653,39.262],[121.58506,39.270616],[121.593784,39.278177],[121.615355,39.276966],[121.62105,39.284913],[121.63861,39.278268],[121.65309,39.282661],[121.667439,39.274709],[121.680851,39.281237],[121.681683,39.287643],[121.676936,39.292626],[121.664357,39.289661],[121.658785,39.291796],[121.65783,39.297018],[121.663055,39.302383],[121.662716,39.309726],[121.697093,39.325468],[121.711166,39.316526],[121.713785,39.319393],[121.713456,39.331402],[121.705978,39.34191],[121.717312,39.355271],[121.719414,39.363376],[121.716363,39.366992],[121.710667,39.365446],[121.687212,39.352077],[121.681935,39.346095],[121.667511,39.346916],[121.652147,39.342577],[121.631458,39.335972],[121.616319,39.325161],[121.557349,39.321862],[121.551016,39.315529],[121.550548,39.310604],[121.510371,39.285492],[121.506282,39.285993],[121.50316,39.291006],[121.49278,39.279992],[121.479403,39.281618],[121.469518,39.294943],[121.459854,39.299954],[121.461286,39.318564],[121.456276,39.322859],[121.430508,39.328585],[121.430865,39.342901],[121.427671,39.355934],[121.422634,39.361869],[121.415938,39.364848],[121.395998,39.360572],[121.377882,39.369492],[121.349228,39.376523],[121.318949,39.370304],[121.314357,39.373277],[121.31322,39.387291],[121.309324,39.39003],[121.302751,39.389967],[121.268429,39.373928],[121.258472,39.372626],[121.254332,39.374388],[121.251424,39.382969],[121.240703,39.38806],[121.240321,39.395108],[121.252804,39.406441],[121.242152,39.41835],[121.243229,39.424557],[121.26046,39.425399],[121.265364,39.430299],[121.264827,39.432981],[121.250192,39.434325],[121.240667,39.455574],[121.296378,39.475008],[121.29842,39.486835],[121.292795,39.490278],[121.283471,39.48547],[121.279486,39.490865],[121.288164,39.494768],[121.279349,39.506167],[121.26777,39.494804],[121.263027,39.481348],[121.252134,39.483782],[121.244123,39.498485],[121.228533,39.506454],[121.22053,39.514479],[121.218733,39.53411],[121.22133,39.553748],[121.229341,39.564562],[121.258377,39.588392],[121.273396,39.598004],[121.292015,39.604449],[121.320374,39.600095],[121.346441,39.607704],[121.37882,39.607313],[121.398291,39.611107],[121.416198,39.619709],[121.444749,39.623658],[121.451242,39.636015],[121.448716,39.640321],[121.440051,39.643327],[121.440677,39.653572],[121.446459,39.656741],[121.47717,39.657965],[121.486815,39.664586],[121.492742,39.676281],[121.489699,39.687174],[121.49744,39.702006],[121.474792,39.727015],[121.45408,39.740695],[121.456303,39.748112],[121.476407,39.755591],[121.483541,39.764119],[121.483542,39.775847],[121.468117,39.795138],[121.468368,39.810808],[121.472587,39.814562],[121.492301,39.819567],[121.504193,39.829926],[121.514193,39.843499],[121.527048,39.851976],[121.532804,39.871572],[121.541259,39.872825],[121.567066,39.864067],[121.584427,39.867035],[121.614453,39.878142],[121.6275,39.888827],[121.631198,39.90299],[121.657005,39.904084],[121.675846,39.924442],[121.694613,39.936057],[121.75921,39.932135],[121.77039,39.936567],[121.779792,39.962739],[121.758123,39.983387],[121.760637,39.994019],[121.819728,40.024256],[121.818147,40.035333],[121.82118,40.037576],[121.837927,40.04074],[121.849269,40.038102],[121.859686,40.050894],[121.879323,40.052214],[121.908967,40.075303],[121.922066,40.102343],[121.953316,40.133208],[121.960625,40.132747],[121.97533,40.122848],[121.983143,40.122847],[121.990035,40.1271],[122.005512,40.14931],[122.00099,40.167904],[121.998307,40.170816],[121.978143,40.170712],[121.954077,40.191549],[121.945319,40.202883],[121.930896,40.236623],[121.935275,40.241002],[122.021637,40.243552],[122.034515,40.258749],[122.030651,40.298413],[122.034644,40.320693],[122.074485,40.331498],[122.083398,40.329507],[122.095209,40.314207],[122.105322,40.314206],[122.132518,40.337314],[122.105684,40.347335],[122.100532,40.355577],[122.105683,40.36691],[122.118305,40.374637],[122.130152,40.373349],[122.146895,40.356093],[122.158228,40.35738],[122.17341,40.364128],[122.173411,40.367495],[122.162029,40.377754],[122.166357,40.386731],[122.171166,40.387373],[122.186556,40.38064],[122.193454,40.380892],[122.19461,40.383742],[122.193673,40.391415],[122.182764,40.41249],[122.181826,40.421379],[122.185733,40.427706],[122.193805,40.430263],[122.22397,40.42259],[122.245837,40.444339],[122.24475,40.451337],[122.235292,40.459513],[122.216047,40.459762],[122.218294,40.484671],[122.235682,40.487789],[122.225864,40.503618],[122.228067,40.509029],[122.241293,40.514038],[122.240491,40.518247],[122.145203,40.586851],[122.128677,40.612627],[122.129078,40.625451],[122.148302,40.657203],[122.147494,40.664742],[122.143015,40.670076],[122.127202,40.664478],[122.116597,40.655761],[122.091513,40.649609],[122.06075,40.646926],[122.044659,40.651974],[122.020364,40.67264],[121.972768,40.671238],[121.946211,40.679353],[121.931089,40.709966],[121.925187,40.753857],[121.936092,40.776161],[121.937745,40.787341],[121.934909,40.793714],[121.929148,40.796719],[121.8788,40.800728],[121.842278,40.823034],[121.837094,40.837059],[121.844499,40.844029],[121.843352,40.847124],[121.836825,40.854259],[121.820523,40.862553],[121.807701,40.895799],[121.799956,40.889757],[121.773213,40.885236],[121.756703,40.874111],[121.747701,40.867362],[121.746816,40.8504],[121.741269,40.851208],[121.731304,40.861333],[121.72709,40.84528],[121.694227,40.839069],[121.687415,40.830252],[121.642528,40.827647],[121.629904,40.831254],[121.626698,40.840271],[121.620887,40.842875],[121.601249,40.842675],[121.572788,40.837969],[121.565652,40.826255],[121.547675,40.816225],[121.542492,40.817097],[121.541147,40.82033],[121.553533,40.838811],[121.549889,40.848091],[121.529578,40.830798],[121.470653,40.852234],[121.467553,40.857145],[121.476429,40.880244],[121.434743,40.879817],[121.433522,40.828237],[121.337378,40.839658],[121.285403,40.849852],[121.210682,40.848975],[121.172182,40.871953],[121.161997,40.874419],[121.13033,40.871866],[121.120573,40.867288],[121.108521,40.837651],[121.091068,40.838056],[121.090608,40.829362],[121.084923,40.821493],[121.071581,40.816224],[121.079813,40.794089],[121.068104,40.796257],[121.053368,40.792092],[121.041071,40.793221],[121.024573,40.788866],[121.01834,40.777465],[121.010707,40.777233],[121.005619,40.783016],[121.001987,40.806032],[120.995662,40.808563],[120.987531,40.807116],[120.979219,40.817959],[120.974593,40.818867],[120.973967,40.811272],[120.967396,40.805781],[120.967161,40.801237],[120.970469,40.797401],[120.984766,40.793416],[120.99263,40.77977],[120.991285,40.775221],[120.979054,40.770104],[120.975217,40.764879],[120.975663,40.744729],[120.982404,40.741658],[120.986129,40.742526],[120.989545,40.745165],[121.026921,40.743216],[121.036998,40.724695],[121.032473,40.709635],[120.99823,40.705829],[120.981424,40.71198],[120.975603,40.709514],[120.966181,40.696042],[120.948802,40.695291],[120.937483,40.68556],[120.887995,40.683885],[120.86954,40.679596],[120.853377,40.683164],[120.831884,40.676758],[120.824697,40.667605],[120.831997,40.650352],[120.831858,40.643103],[120.824609,40.629596],[120.820486,40.598963],[120.810816,40.585812],[120.766883,40.558729],[120.722821,40.537899],[120.716771,40.514071],[120.704065,40.506448],[120.688797,40.504322],[120.666232,40.467461],[120.634531,40.466892],[120.613924,40.458788],[120.617358,40.450717],[120.611363,40.443645],[120.610733,40.412002],[120.590252,40.394388],[120.598282,40.375443],[120.597283,40.359736],[120.590608,40.350494],[120.576815,40.341398],[120.526632,40.320001],[120.516684,40.303368],[120.518689,40.255414],[120.505812,40.247112],[120.486415,40.19885],[120.468785,40.181862],[120.459688,40.177314],[120.392023,40.17845],[120.366146,40.173046],[120.267483,40.125851],[120.214888,40.108077],[120.156024,40.094574],[120.128546,40.073101],[120.086371,40.076094],[120.019974,40.058463],[119.950321,40.045526],[119.944062,40.041619],[119.939375,40.033407],[119.935964,40.008707],[119.912839,39.988819],[119.895017,39.986228],[119.848603,39.987309],[119.84318,39.998046],[119.839402,39.998833],[119.8406,40.003598],[119.833969,40.005324],[119.835384,40.010688],[119.843307,40.016489],[119.844921,40.022025],[119.842266,40.026725],[119.848053,40.032156],[119.838461,40.036267],[119.82956,40.049044],[119.818324,40.046521],[119.810933,40.051608],[119.812367,40.047916],[119.807732,40.049278],[119.801845,40.04282],[119.790207,40.038906],[119.788586,40.041604],[119.781061,40.040213],[119.773935,40.048219],[119.764986,40.047499],[119.762683,40.052331],[119.759567,40.051905],[119.762925,40.056746],[119.754544,40.064337],[119.759562,40.075504],[119.765673,40.080969],[119.756411,40.084287],[119.730767,40.10356],[119.75673,40.138682],[119.756546,40.143441],[119.749573,40.151854],[119.751336,40.158683],[119.740013,40.206647],[119.732961,40.205572],[119.728131,40.198835],[119.725197,40.204484],[119.713359,40.203709],[119.715295,40.198674],[119.708734,40.195057],[119.700938,40.203679],[119.690382,40.207586],[119.67037,40.223284],[119.672271,40.226859],[119.6657,40.238377],[119.641608,40.228009],[119.63384,40.228443],[119.633555,40.230776],[119.626522,40.222695],[119.618534,40.224244],[119.627661,40.248231],[119.631486,40.249103],[119.631941,40.255059],[119.638141,40.258312],[119.636312,40.263908],[119.646031,40.271219],[119.641711,40.276145],[119.64119,40.284626],[119.636319,40.290132],[119.617088,40.299993],[119.610391,40.317191],[119.59151,40.335559],[119.593975,40.355386],[119.580807,40.374275],[119.585546,40.391753],[119.594626,40.405681],[119.587629,40.43446],[119.595892,40.443836],[119.599078,40.453809],[119.589252,40.467807],[119.572143,40.473996],[119.565867,40.486974],[119.547594,40.500515],[119.544955,40.508133],[119.549513,40.515555],[119.566075,40.522417],[119.567568,40.534729],[119.565103,40.539599],[119.553115,40.546562],[119.528245,40.552864],[119.514986,40.545975],[119.50433,40.549116],[119.50467,40.552692],[119.50028,40.549784],[119.497448,40.552592],[119.484817,40.534693],[119.475172,40.53197],[119.42289,40.53861],[119.390502,40.533741],[119.374739,40.537348],[119.355433,40.535785],[119.331718,40.529756],[119.307326,40.528546],[119.270286,40.533589],[119.249904,40.541866],[119.214357,40.567664],[119.21355,40.577061],[119.226658,40.587942],[119.229696,40.595646],[119.224575,40.6024],[119.1948,40.602669],[119.174896,40.608407],[119.156186,40.598472],[119.151281,40.602433],[119.152783,40.616682],[119.147979,40.618496],[119.147986,40.62266],[119.138249,40.632218],[119.16684,40.652734],[119.172943,40.661736],[119.179497,40.674158],[119.16987,40.688563],[119.159133,40.691107],[119.15243,40.689206],[119.108646,40.664858],[119.097066,40.661692],[119.088637,40.661663],[119.070036,40.670782],[119.056778,40.66133],[119.048155,40.66312],[119.042695,40.679741],[119.033335,40.682156],[119.021696,40.690632],[119.013622,40.690506],[119.0062,40.685721],[118.995652,40.694513],[118.981271,40.696738],[118.975983,40.705429],[118.954973,40.718829],[118.949052,40.741373],[118.943301,40.746414],[118.920186,40.74865],[118.901881,40.755187],[118.889689,40.752304],[118.889494,40.756047],[118.896886,40.759907],[118.896984,40.765228],[118.904997,40.775404],[118.895342,40.779871],[118.886993,40.776478],[118.880711,40.781537],[118.874434,40.780043],[118.870106,40.788736],[118.86014,40.792944],[118.855313,40.801358],[118.843062,40.799486]]],[[[122.491262,39.299467],[122.495248,39.298743],[122.495055,39.30132],[122.509704,39.298644],[122.514188,39.30416],[122.518442,39.301922],[122.51875,39.297725],[122.522941,39.296998],[122.524956,39.301937],[122.529565,39.301531],[122.535746,39.307193],[122.545306,39.298629],[122.542688,39.29504],[122.547671,39.285229],[122.550611,39.292492],[122.555904,39.295653],[122.555405,39.298907],[122.570391,39.283206],[122.588597,39.277504],[122.620708,39.279787],[122.62625,39.287123],[122.637195,39.287046],[122.644251,39.2783],[122.660852,39.271262],[122.666111,39.272524],[122.668635,39.268393],[122.684597,39.270702],[122.660827,39.25502],[122.643465,39.264944],[122.618489,39.26453],[122.605117,39.269649],[122.586287,39.270375],[122.582019,39.266809],[122.589208,39.264565],[122.580958,39.258647],[122.582151,39.249661],[122.580826,39.255035],[122.573306,39.255245],[122.574573,39.257252],[122.569926,39.26228],[122.574011,39.266159],[122.571141,39.270045],[122.549443,39.273699],[122.521857,39.286666],[122.507132,39.288106],[122.491262,39.299467]]],[[[122.31109,39.183532],[122.332484,39.185802],[122.336102,39.1917],[122.342242,39.19368],[122.338681,39.20246],[122.369659,39.203737],[122.375139,39.206029],[122.374386,39.210409],[122.39748,39.2177],[122.403353,39.216944],[122.397414,39.210294],[122.387271,39.21144],[122.383181,39.206431],[122.384751,39.202937],[122.378688,39.198272],[122.378188,39.189706],[122.385155,39.185932],[122.389518,39.175679],[122.388004,39.171372],[122.39371,39.16748],[122.393721,39.163617],[122.397882,39.163666],[122.393438,39.160799],[122.384318,39.161795],[122.378618,39.166727],[122.373797,39.164272],[122.370594,39.165996],[122.376346,39.169519],[122.375633,39.172639],[122.363411,39.17445],[122.357244,39.170235],[122.362052,39.164013],[122.356488,39.158981],[122.358775,39.154211],[122.336471,39.143167],[122.330904,39.145749],[122.323875,39.156388],[122.314639,39.15963],[122.313276,39.169585],[122.317766,39.173436],[122.31109,39.183532]]],[[[122.623483,39.231604],[122.631297,39.240858],[122.670217,39.239581],[122.674608,39.242979],[122.685179,39.2407],[122.691525,39.244285],[122.715523,39.245784],[122.714699,39.242015],[122.718252,39.241528],[122.722169,39.245311],[122.734215,39.247423],[122.738263,39.238366],[122.749726,39.233173],[122.747581,39.229071],[122.740731,39.228513],[122.734634,39.223413],[122.730887,39.224771],[122.729285,39.220564],[122.72739,39.224359],[122.723167,39.224806],[122.720699,39.222265],[122.724331,39.21785],[122.719226,39.213268],[122.706664,39.214791],[122.703784,39.212607],[122.704912,39.20943],[122.699701,39.210431],[122.700155,39.207009],[122.690952,39.204983],[122.687331,39.199337],[122.689826,39.208089],[122.687019,39.210593],[122.695827,39.217153],[122.695367,39.221126],[122.703305,39.225613],[122.699697,39.23139],[122.691747,39.230215],[122.689891,39.233234],[122.686367,39.230642],[122.685314,39.233753],[122.681242,39.233906],[122.672961,39.227113],[122.672518,39.231029],[122.667219,39.233978],[122.658531,39.22953],[122.650111,39.233242],[122.643428,39.228972],[122.643191,39.225522],[122.638003,39.2279],[122.637718,39.224435],[122.628999,39.228866],[122.625291,39.227089],[122.626327,39.230373],[122.623483,39.231604]]],[[[122.699522,39.042387],[122.70587,39.044008],[122.710612,39.041618],[122.709523,39.045962],[122.712768,39.049528],[122.71864,39.04914],[122.718963,39.04391],[122.723813,39.042316],[122.722547,39.037392],[122.725279,39.033759],[122.733009,39.033185],[122.73557,39.0374],[122.744033,39.034312],[122.744898,39.027162],[122.749874,39.025738],[122.747012,39.021606],[122.753748,39.02098],[122.751214,39.025198],[122.754476,39.02458],[122.758638,39.012811],[122.753219,39.008661],[122.730749,39.0162],[122.727192,39.012718],[122.718928,39.017191],[122.720295,39.020441],[122.715335,39.019436],[122.710928,39.025043],[122.706708,39.023569],[122.70481,39.027549],[122.715326,39.028651],[122.699522,39.042387]]],[[[122.398234,39.175884],[122.407111,39.180643],[122.420617,39.171265],[122.398234,39.175884]]],[[[121.817624,38.87091],[121.821975,38.874049],[121.818623,38.880835],[121.827837,38.882889],[121.826779,38.886387],[121.819742,38.887897],[121.824306,38.890165],[121.822347,38.893743],[121.834819,38.894128],[121.829074,38.883099],[121.836712,38.872391],[121.825841,38.863181],[121.817624,38.87091]]],[[[122.412556,39.224641],[122.429788,39.235685],[122.438659,39.2338],[122.438684,39.230488],[122.444364,39.226491],[122.440166,39.223421],[122.437303,39.225579],[122.427313,39.223008],[122.426814,39.218931],[122.423155,39.224879],[122.412556,39.224641]]],[[[122.413888,39.266172],[122.417295,39.269154],[122.424872,39.267187],[122.429458,39.269214],[122.434697,39.263163],[122.443639,39.262982],[122.451767,39.256918],[122.439357,39.253655],[122.428453,39.263569],[122.413888,39.266172]]],[[[122.939264,39.519434],[122.951393,39.543634],[122.955386,39.542797],[122.956836,39.551139],[122.964309,39.554809],[122.969398,39.563744],[122.973364,39.563824],[122.979091,39.552459],[122.991973,39.550011],[122.999379,39.553194],[123.020541,39.544442],[123.030956,39.532675],[123.018328,39.514817],[123.012365,39.512989],[123.011691,39.50895],[123.001303,39.503852],[123.000448,39.499413],[122.990199,39.494224],[122.986587,39.497985],[122.979535,39.49479],[122.967926,39.49869],[122.963695,39.517991],[122.939264,39.519434]]],[[[122.29492,39.20025],[122.301885,39.203104],[122.307993,39.204559],[122.302999,39.199744],[122.304616,39.196855],[122.298285,39.196829],[122.29492,39.20025]]],[[[122.278203,39.278476],[122.292405,39.27544],[122.297316,39.277145],[122.298599,39.273661],[122.288264,39.265888],[122.28881,39.269542],[122.279906,39.273356],[122.280957,39.277106],[122.278203,39.278476]]],[[[123.051857,39.499808],[123.054226,39.504369],[123.052482,39.508177],[123.062941,39.507225],[123.064353,39.503084],[123.059327,39.499694],[123.058474,39.49289],[123.063165,39.486091],[123.055909,39.487889],[123.051857,39.499808]]],[[[122.582792,39.210683],[122.590746,39.212793],[122.589419,39.218972],[122.593454,39.220149],[122.593221,39.223723],[122.597724,39.2194],[122.601024,39.220114],[122.602061,39.226005],[122.606715,39.221901],[122.607375,39.214422],[122.592829,39.209156],[122.59318,39.205382],[122.582792,39.210683]]],[[[122.486367,39.232572],[122.496393,39.240016],[122.525351,39.233632],[122.54081,39.236632],[122.544334,39.234648],[122.541862,39.227318],[122.523836,39.222061],[122.49773,39.222837],[122.486367,39.232572]]],[[[122.810205,39.045465],[122.81376,39.048706],[122.813026,39.052187],[122.820135,39.050803],[122.822819,39.05355],[122.821132,39.059139],[122.82975,39.055952],[122.835455,39.048066],[122.818584,39.040359],[122.810205,39.045465]]],[[[122.795762,39.07893],[122.803324,39.081152],[122.808042,39.07549],[122.812638,39.076017],[122.812305,39.067501],[122.800516,39.071989],[122.795762,39.07893]]],[[[121.82457,38.916525],[121.828619,38.917773],[121.836744,38.91591],[121.831588,38.91171],[121.82457,38.916525]]],[[[122.844608,39.068974],[122.85269,39.068464],[122.857337,39.064794],[122.861425,39.06837],[122.867882,39.063772],[122.872899,39.065908],[122.874756,39.061727],[122.872062,39.056665],[122.868392,39.056943],[122.864908,39.048582],[122.857104,39.050904],[122.853109,39.061403],[122.844608,39.068974]]],[[[120.768433,40.482366],[120.775767,40.497105],[120.789449,40.499151],[120.787685,40.513749],[120.797136,40.511563],[120.804258,40.514806],[120.805034,40.517204],[120.800379,40.519884],[120.801367,40.525455],[120.805246,40.525033],[120.80715,40.520378],[120.816893,40.521399],[120.8166,40.516429],[120.825626,40.514031],[120.828236,40.494355],[120.825485,40.488008],[120.797841,40.486457],[120.781268,40.472211],[120.773863,40.473833],[120.768433,40.482366]]],[[[121.439703,39.203308],[121.456666,39.204742],[121.459997,39.198826],[121.471802,39.19428],[121.476873,39.187134],[121.468442,39.18619],[121.464699,39.192675],[121.454186,39.200076],[121.439703,39.203308]]],[[[123.047965,39.455177],[123.084647,39.449245],[123.098013,39.440113],[123.08227,39.439243],[123.08298,39.426703],[123.072745,39.426645],[123.070133,39.433448],[123.065557,39.434561],[123.062641,39.430806],[123.048651,39.444129],[123.050735,39.452591],[123.047965,39.455177]]],[[[122.488484,39.248104],[122.496991,39.247515],[122.498518,39.240335],[122.495616,39.240368],[122.494878,39.245737],[122.488484,39.248104]]],[[[121.480564,39.199045],[121.482097,39.202875],[121.488618,39.203027],[121.493082,39.20712],[121.497414,39.20456],[121.497655,39.201058],[121.491878,39.199921],[121.488464,39.192721],[121.480564,39.199045]]],[[[122.765276,39.227698],[122.777759,39.230584],[122.786399,39.228077],[122.804093,39.229545],[122.806929,39.226972],[122.801422,39.222322],[122.788394,39.223707],[122.776571,39.217788],[122.772069,39.221399],[122.772861,39.224433],[122.767386,39.221827],[122.765276,39.227698]]],[[[123.079164,39.475138],[123.083018,39.47519],[123.083259,39.472557],[123.080367,39.472406],[123.079164,39.475138]]],[[[122.774928,39.077849],[122.785644,39.078393],[122.794578,39.071515],[122.785392,39.068915],[122.774928,39.077849]]],[[[123.097413,39.509149],[123.103073,39.513776],[123.104314,39.508385],[123.107465,39.507543],[123.099348,39.503464],[123.097413,39.509149]]],[[[123.134921,39.07885],[123.137234,39.08957],[123.168764,39.085262],[123.171286,39.08915],[123.166242,39.101447],[123.178854,39.09924],[123.182848,39.093354],[123.180851,39.082528],[123.191571,39.079375],[123.198298,39.072334],[123.20019,39.055833],[123.191782,39.046163],[123.178013,39.039227],[123.16456,39.026194],[123.148689,39.026088],[123.142698,39.031029],[123.137023,39.042905],[123.14396,39.066973],[123.134921,39.07885]]],[[[122.560129,39.300029],[122.558297,39.304174],[122.562364,39.301389],[122.560129,39.300029]]],[[[121.303345,38.99403],[121.306622,39.00046],[121.308772,39.000596],[121.306468,38.993849],[121.303345,38.99403]]],[[[120.759825,40.441885],[120.764078,40.447225],[120.766526,40.445109],[120.765215,40.439709],[120.759825,40.441885]]],[[[122.302037,39.151224],[122.305146,39.151844],[122.307546,39.151061],[122.304448,39.149529],[122.302037,39.151224]]],[[[122.424317,39.389634],[122.425604,39.396204],[122.427488,39.389679],[122.424317,39.389634]]],[[[122.420705,39.168356],[122.422553,39.170655],[122.426815,39.168197],[122.424364,39.166502],[122.420705,39.168356]]],[[[122.583013,39.202553],[122.586461,39.203944],[122.590123,39.199901],[122.587577,39.198563],[122.583013,39.202553]]],[[[122.760984,39.234065],[122.763401,39.235617],[122.767878,39.23362],[122.764239,39.229903],[122.760984,39.234065]]],[[[123.105581,39.433584],[123.105582,39.434344],[123.106258,39.433962],[123.105581,39.433584]]],[[[122.180425,39.16414],[122.181934,39.166398],[122.18497,39.165744],[122.183074,39.16397],[122.180425,39.16414]]],[[[123.083957,39.472066],[123.087053,39.47437],[123.085872,39.47231],[123.090392,39.468164],[123.087714,39.463945],[123.083957,39.472066]]],[[[123.038706,39.482257],[123.039624,39.485114],[123.04093,39.483075],[123.038706,39.482257]]],[[[122.981819,39.254798],[122.995904,39.262372],[123.007336,39.261346],[123.011689,39.257063],[123.006062,39.256285],[123.005991,39.251295],[122.999302,39.24772],[122.98681,39.250516],[122.981819,39.254798]]],[[[121.15274,39.087541],[121.154878,39.091787],[121.163541,39.095627],[121.173158,39.090631],[121.169,39.084797],[121.164985,39.087628],[121.156293,39.083614],[121.15274,39.087541]]],[[[123.091397,39.497105],[123.08428,39.501906],[123.090886,39.499869],[123.091397,39.497105]]],[[[123.073524,39.484375],[123.076971,39.486319],[123.077447,39.48224],[123.076207,39.482122],[123.073524,39.484375]]],[[[123.802769,39.789114],[123.808395,39.793823],[123.818983,39.795044],[123.821798,39.786024],[123.814744,39.788049],[123.809672,39.785541],[123.802769,39.789114]]],[[[121.218655,39.10633],[121.225809,39.108994],[121.234123,39.106482],[121.228644,39.102981],[121.218655,39.10633]]],[[[122.729047,39.251368],[122.732256,39.253589],[122.733757,39.25226],[122.729047,39.251368]]],[[[123.101397,39.435521],[123.100842,39.436023],[123.101414,39.436171],[123.101397,39.435521]]],[[[121.523056,38.815433],[121.523281,38.821124],[121.525777,38.818842],[121.523056,38.815433]]],[[[122.409428,39.209347],[122.409673,39.210836],[122.410523,39.210899],[122.409428,39.209347]]],[[[123.705114,39.746423],[123.715682,39.757088],[123.714453,39.761722],[123.724929,39.764586],[123.742612,39.761909],[123.751004,39.752733],[123.746655,39.747981],[123.728344,39.748712],[123.71086,39.743891],[123.705114,39.746423]]],[[[121.180699,39.092241],[121.183929,39.092805],[121.184891,39.090413],[121.182335,39.090579],[121.180699,39.092241]]],[[[122.496328,39.220915],[122.49645,39.22249],[122.497422,39.221994],[122.496328,39.220915]]],[[[121.117176,38.879988],[121.118871,38.881827],[121.124003,38.878388],[121.120256,38.875965],[121.117176,38.879988]]],[[[123.039878,39.528997],[123.041476,39.529205],[123.043038,39.527986],[123.043733,39.528476],[123.043897,39.527652],[123.039878,39.528997]]],[[[123.076822,39.475751],[123.075686,39.479591],[123.07842,39.478632],[123.076822,39.475751]]],[[[123.089076,39.460701],[123.093547,39.462768],[123.0947,39.460012],[123.091719,39.45829],[123.089076,39.460701]]],[[[121.515416,38.821579],[121.51695,38.82556],[121.52109,38.821746],[121.519255,38.819753],[121.515416,38.821579]]],[[[122.45548,39.255281],[122.455919,39.256416],[122.456541,39.255742],[122.45548,39.255281]]],[[[122.314901,39.327007],[122.319098,39.343186],[122.330107,39.342059],[122.344173,39.346859],[122.347412,39.34293],[122.34946,39.336837],[122.343931,39.329106],[122.340398,39.327467],[122.334356,39.33013],[122.326625,39.324139],[122.314901,39.327007]]],[[[120.756727,40.469882],[120.760808,40.471395],[120.76506,40.469087],[120.758531,40.468271],[120.756727,40.469882]]],[[[121.623443,38.85028],[121.622361,38.853085],[121.626688,38.851282],[121.623443,38.85028]]],[[[121.021017,38.869258],[121.031501,38.872424],[121.03874,38.868303],[121.024288,38.86632],[121.021017,38.869258]]],[[[123.03294,39.274933],[123.038181,39.275355],[123.042951,39.273293],[123.0412,39.273045],[123.03294,39.274933]]],[[[123.015838,39.268129],[123.021065,39.267512],[123.022968,39.266236],[123.018242,39.266423],[123.015838,39.268129]]],[[[122.443123,39.218209],[122.443558,39.221062],[122.445114,39.220835],[122.443123,39.218209]]],[[[122.41331,39.196683],[122.41336,39.198098],[122.413754,39.19801],[122.41331,39.196683]]],[[[121.711513,38.884439],[121.713683,38.885512],[121.717213,38.883924],[121.714036,38.882955],[121.711513,38.884439]]],[[[121.605982,39.16269],[121.609748,39.164193],[121.613793,39.16204],[121.611805,39.158911],[121.605982,39.16269]]],[[[122.354641,39.233351],[122.35452,39.235583],[122.35524,39.233263],[122.354641,39.233351]]],[[[121.491843,39.23962],[121.49362,39.240962],[121.494618,39.240802],[121.494339,39.239674],[121.491843,39.23962]]],[[[121.616753,38.852255],[121.61859,38.855899],[121.618747,38.852264],[121.616753,38.852255]]],[[[121.609739,38.836145],[121.61252,38.838431],[121.614638,38.836238],[121.6129,38.835369],[121.609739,38.836145]]],[[[121.528702,38.819254],[121.527889,38.82204],[121.530299,38.821169],[121.528702,38.819254]]],[[[121.322561,38.998047],[121.326854,38.999917],[121.327925,38.998672],[121.324496,38.996766],[121.322561,38.998047]]],[[[120.983153,40.745371],[120.985746,40.745946],[120.986384,40.742788],[120.984439,40.742819],[120.983153,40.745371]]],[[[122.447055,39.215297],[122.449484,39.217485],[122.451644,39.216103],[122.45002,39.213163],[122.447055,39.215297]]],[[[123.063523,39.485342],[123.063991,39.485981],[123.063755,39.484481],[123.063523,39.485342]]],[[[122.996989,39.272211],[123.001253,39.272585],[123.00644,39.270306],[123.001148,39.269466],[122.996989,39.272211]]],[[[122.45438,39.256039],[122.45365,39.257906],[122.454198,39.258024],[122.45438,39.256039]]],[[[122.820028,39.035083],[122.818258,39.038098],[122.81946,39.038064],[122.820028,39.035083]]],[[[122.751441,39.232546],[122.754903,39.236261],[122.759225,39.232444],[122.753349,39.229574],[122.751441,39.232546]]],[[[122.985402,39.271887],[122.983404,39.274417],[122.985886,39.272132],[122.985402,39.271887]]],[[[121.53654,38.821109],[121.536768,38.823252],[121.538105,38.821707],[121.53654,38.821109]]],[[[120.609798,40.395478],[120.611636,40.403251],[120.615608,40.40558],[120.616457,40.395981],[120.609798,40.395478]]],[[[123.210481,39.03764],[123.218165,39.039217],[123.222527,39.037237],[123.212763,39.03618],[123.210481,39.03764]]],[[[122.162643,39.20208],[122.160386,39.205075],[122.166111,39.20746],[122.162643,39.20208]]],[[[123.008091,39.269886],[123.007987,39.27079],[123.008671,39.270119],[123.008091,39.269886]]],[[[123.569378,39.775313],[123.572782,39.776614],[123.572899,39.774567],[123.569378,39.775313]]],[[[124.789715,40.396912],[124.807155,40.40756],[124.823774,40.414072],[124.806074,40.402874],[124.789715,40.396912]]],[[[121.600815,39.248902],[121.604669,39.250499],[121.604384,39.246146],[121.602138,39.246326],[121.600815,39.248902]]],[[[122.518096,39.243529],[122.517812,39.245676],[122.518921,39.245955],[122.518096,39.243529]]],[[[121.98556,38.962672],[121.9847,38.965303],[121.987428,38.963628],[121.98556,38.962672]]],[[[121.56128,39.190533],[121.563116,39.193892],[121.570763,39.192987],[121.577388,39.184656],[121.564646,39.184132],[121.56128,39.190533]]],[[[123.593533,39.763259],[123.595164,39.765989],[123.596901,39.765746],[123.596293,39.762495],[123.593533,39.763259]]],[[[123.015471,39.268623],[123.015468,39.269534],[123.016106,39.268653],[123.015471,39.268623]]],[[[122.029206,39.031078],[122.0282,39.032776],[122.029266,39.032776],[122.029206,39.031078]]],[[[124.832601,40.421394],[124.835007,40.425156],[124.83646,40.425235],[124.832601,40.421394]]],[[[124.356441,40.087587],[124.361519,40.09588],[124.365613,40.097723],[124.363263,40.090039],[124.356441,40.087587]]],[[[120.815983,40.531787],[120.821338,40.536341],[120.826144,40.534922],[120.819903,40.528918],[120.815983,40.531787]]],[[[123.037214,39.545707],[123.039244,39.548525],[123.041389,39.549209],[123.040512,39.546197],[123.037214,39.545707]]],[[[122.495042,39.219548],[122.495612,39.22066],[122.496469,39.220113],[122.495042,39.219548]]],[[[122.942477,39.541713],[122.943451,39.543185],[122.943856,39.542825],[122.942477,39.541713]]],[[[122.755069,39.225547],[122.756302,39.22727],[122.760709,39.226864],[122.759949,39.224433],[122.755069,39.225547]]],[[[122.745861,39.224029],[122.747786,39.226663],[122.750252,39.226056],[122.748275,39.223353],[122.745861,39.224029]]],[[[123.073912,39.637736],[123.074068,39.638839],[123.075266,39.638453],[123.073912,39.637736]]],[[[121.660218,39.303707],[121.660581,39.305703],[121.662576,39.304789],[121.660218,39.303707]]],[[[123.073155,39.652],[123.07575,39.651168],[123.075694,39.650146],[123.074509,39.65025],[123.073155,39.652]]],[[[122.597107,39.207095],[122.596317,39.208576],[122.598173,39.20862],[122.597107,39.207095]]],[[[121.59501,38.793128],[121.594828,38.795626],[121.597991,38.795292],[121.59501,38.793128]]],[[[122.735866,39.219778],[122.738281,39.223358],[122.741624,39.223308],[122.740965,39.220859],[122.735866,39.219778]]],[[[121.459601,39.798147],[121.462031,39.799232],[121.462821,39.798455],[121.461415,39.79609],[121.459601,39.798147]]],[[[122.654453,39.514774],[122.654557,39.516324],[122.655269,39.516093],[122.654453,39.514774]]],[[[123.105512,39.502917],[123.105208,39.503993],[123.106285,39.504101],[123.105512,39.502917]]],[[[122.940975,39.550708],[122.939981,39.552815],[122.942629,39.551767],[122.940975,39.550708]]],[[[122.929083,39.508322],[122.93025,39.511597],[122.931742,39.508398],[122.929083,39.508322]]],[[[123.044334,39.642478],[123.046829,39.644225],[123.048825,39.643296],[123.044334,39.642478]]],[[[121.075129,40.810987],[121.079517,40.8092],[121.080577,40.800319],[121.07795,40.802429],[121.075129,40.810987]]],[[[123.078682,39.654735],[123.07858,39.656215],[123.07952,39.656125],[123.078682,39.654735]]],[[[122.770118,39.218977],[122.769989,39.219752],[122.770599,39.219707],[122.770118,39.218977]]],[[[121.582301,39.181922],[121.583194,39.183329],[121.583828,39.182409],[121.582301,39.181922]]],[[[122.801004,39.254805],[122.807499,39.255059],[122.809373,39.249236],[122.803229,39.247804],[122.801004,39.254805]]],[[[122.765608,39.234785],[122.76594,39.236965],[122.767179,39.235836],[122.765608,39.234785]]],[[[120.970278,38.956983],[120.973837,38.960587],[120.981079,38.957513],[120.98643,38.949678],[120.98412,38.946129],[120.978281,38.947202],[120.970278,38.956983]]],[[[122.713179,39.274943],[122.713287,39.276082],[122.714056,39.275505],[122.713179,39.274943]]],[[[122.670245,39.282333],[122.669971,39.283651],[122.670954,39.283307],[122.670245,39.282333]]],[[[121.594444,39.873572],[121.595616,39.87421],[121.597604,39.873572],[121.594444,39.873572]]],[[[123.828151,39.781185],[123.827049,39.782573],[123.828038,39.782452],[123.828151,39.781185]]],[[[123.808632,39.783914],[123.809323,39.785321],[123.809661,39.783671],[123.808632,39.783914]]],[[[123.754779,39.748326],[123.75302,39.750384],[123.755508,39.750466],[123.754779,39.748326]]],[[[123.784636,39.786137],[123.782917,39.787917],[123.784513,39.787612],[123.784636,39.786137]]],[[[123.202393,39.631586],[123.202584,39.632298],[123.202905,39.631899],[123.202393,39.631586]]],[[[122.770522,39.246359],[122.772379,39.247388],[122.773072,39.245886],[122.770522,39.246359]]],[[[121.632541,38.640873],[121.630095,38.642248],[121.632835,38.642317],[121.632541,38.640873]]],[[[121.668157,39.284675],[121.671448,39.286583],[121.67186,39.283707],[121.670746,39.282823],[121.668157,39.284675]]],[[[122.164721,38.673048],[122.162291,38.674365],[122.165311,38.674935],[122.164721,38.673048]]],[[[121.62523,38.836207],[121.624855,38.836793],[121.625499,38.836658],[121.62523,38.836207]]],[[[122.796293,39.216862],[122.796536,39.218381],[122.797074,39.21704],[122.796293,39.216862]]]]}},{"type":"Feature","properties":{"id":"cn:2101","name":"沈阳市","level":1},"geometry":{"type":"Polygon","coordinates":[[[122.591416,41.770202],[122.556598,41.769011],[122.552572,41.772822],[122.557009,41.778969],[122.555814,41.787063],[122.549334,41.790393],[122.547783,41.784768],[122.5375,41.787666],[122.539685,41.789911],[122.534886,41.798529],[122.512226,41.810586],[122.512728,41.814513],[122.506162,41.814536],[122.508312,41.818386],[122.502964,41.815765],[122.505514,41.819471],[122.500044,41.820625],[122.499698,41.82552],[122.492263,41.822339],[122.488748,41.826696],[122.453776,41.840648],[122.456139,41.844587],[122.452276,41.854468],[122.454082,41.868183],[122.447841,41.880483],[122.438344,41.888266],[122.43785,41.89883],[122.468475,41.903856],[122.503723,41.902337],[122.517865,41.897943],[122.518099,41.903523],[122.51254,41.909475],[122.515766,41.914725],[122.510486,41.924327],[122.514713,41.932389],[122.500839,41.934065],[122.502539,41.937006],[122.495519,41.955344],[122.495995,41.969665],[122.489586,41.985433],[122.491934,41.996999],[122.476289,42.021367],[122.463576,42.027299],[122.472175,42.036287],[122.471928,42.040984],[122.465112,42.03883],[122.454376,42.040807],[122.453511,42.053185],[122.441841,42.0611],[122.447631,42.070118],[122.430256,42.074568],[122.430601,42.081775],[122.443065,42.084589],[122.445462,42.08807],[122.436884,42.093008],[122.422532,42.090116],[122.430024,42.102445],[122.442105,42.108129],[122.442513,42.112017],[122.434839,42.113249],[122.433098,42.117747],[122.443518,42.120006],[122.424097,42.122747],[122.418404,42.129641],[122.416759,42.137505],[122.430508,42.137353],[122.427083,42.141818],[122.433894,42.148569],[122.450305,42.142244],[122.532365,42.180138],[122.606507,42.209118],[122.609326,42.210736],[122.60414,42.228159],[122.614899,42.22806],[122.620817,42.232671],[122.630832,42.229405],[122.631065,42.235013],[122.639912,42.235602],[122.646035,42.230573],[122.675657,42.242539],[122.729356,42.278547],[122.729287,42.282359],[122.776369,42.296704],[122.799702,42.30985],[122.805272,42.317459],[122.820915,42.328303],[122.833446,42.3298],[122.85296,42.344017],[122.895607,42.347161],[122.897853,42.351233],[122.889913,42.36683],[122.877494,42.366416],[122.873356,42.368571],[122.874598,42.372013],[122.869904,42.372771],[122.876557,42.388296],[122.868253,42.387336],[122.860814,42.39297],[122.856877,42.404702],[122.853466,42.401948],[122.843908,42.402534],[122.843421,42.399054],[122.83921,42.397571],[122.828955,42.400046],[122.824501,42.40477],[122.82282,42.408159],[122.828332,42.411658],[122.828523,42.415863],[122.818289,42.41251],[122.812325,42.414636],[122.815077,42.422315],[122.821183,42.422711],[122.819413,42.42723],[122.827392,42.429488],[122.823337,42.435355],[122.815702,42.43333],[122.821165,42.436693],[122.821814,42.443667],[122.816224,42.454688],[122.819558,42.459021],[122.812956,42.478917],[122.820998,42.488004],[122.813738,42.488805],[122.828903,42.495859],[122.866126,42.502004],[122.894346,42.497392],[122.903614,42.498603],[122.903251,42.509822],[122.906486,42.517822],[122.912294,42.519161],[122.910507,42.526217],[122.916394,42.533485],[122.937908,42.545834],[122.945691,42.543859],[122.960612,42.555467],[122.961702,42.560006],[122.968867,42.5622],[122.961832,42.57083],[122.922254,42.587795],[122.917445,42.594747],[122.9234,42.599921],[122.921311,42.602347],[122.89768,42.611615],[122.887699,42.60694],[122.880584,42.609211],[122.873677,42.605608],[122.871701,42.608909],[122.868095,42.60651],[122.857505,42.61894],[122.837101,42.631257],[122.833224,42.642658],[122.837361,42.646719],[122.819436,42.650491],[122.787405,42.648471],[122.786296,42.660568],[122.77442,42.667659],[122.773681,42.67108],[122.750705,42.677497],[122.741847,42.686199],[122.745611,42.689572],[122.745395,42.695676],[122.76396,42.707646],[122.772545,42.70863],[122.77813,42.716512],[122.783558,42.716261],[122.795568,42.724079],[122.808946,42.717006],[122.830638,42.714335],[122.833181,42.711352],[122.834293,42.716127],[122.841089,42.71798],[122.843876,42.710732],[122.84096,42.706188],[122.849787,42.704864],[122.851289,42.709391],[122.845429,42.712364],[122.852513,42.723319],[122.869865,42.737321],[122.867981,42.73851],[122.873694,42.745506],[122.877687,42.743536],[122.878155,42.749868],[122.872452,42.749027],[122.873311,42.757329],[122.881896,42.768015],[122.923407,42.770043],[122.940465,42.751566],[122.943008,42.756952],[122.948685,42.752334],[122.966003,42.759097],[122.968502,42.76105],[122.963546,42.7646],[122.965169,42.766908],[122.97431,42.775172],[122.982826,42.776783],[122.989971,42.772959],[123.00089,42.773675],[123.002261,42.770889],[123.006793,42.772855],[123.010205,42.769327],[123.016654,42.769921],[123.025959,42.765251],[123.041671,42.769166],[123.052496,42.766666],[123.052965,42.770638],[123.059796,42.771284],[123.077393,42.786237],[123.081134,42.783944],[123.0851,42.788146],[123.101819,42.791622],[123.111402,42.798627],[123.160352,42.808554],[123.174659,42.816853],[123.17326,42.820694],[123.210665,42.825025],[123.215926,42.822999],[123.22149,42.829999],[123.183408,42.845794],[123.177488,42.843333],[123.164658,42.849704],[123.165022,42.859696],[123.181671,42.886475],[123.177987,42.923104],[123.200236,42.949281],[123.21692,42.953764],[123.227571,42.96323],[123.234117,42.976846],[123.254326,42.991278],[123.31582,42.998345],[123.327027,43.002906],[123.365655,43.008823],[123.396583,43.018032],[123.405768,43.026197],[123.428632,43.025198],[123.442661,43.03581],[123.465629,43.040229],[123.480221,43.033016],[123.487625,43.023349],[123.500803,43.021175],[123.510048,43.025897],[123.507374,43.021096],[123.526694,43.011062],[123.523129,43.006996],[123.531628,43.004891],[123.551324,43.008258],[123.552253,43.004165],[123.556012,43.003168],[123.555474,42.995741],[123.560734,42.985162],[123.548162,42.982152],[123.540856,42.975094],[123.548982,42.959002],[123.562402,42.948699],[123.576848,42.947651],[123.578779,42.941145],[123.598217,42.926007],[123.592731,42.919722],[123.582889,42.919665],[123.578753,42.912443],[123.580131,42.907452],[123.593943,42.902379],[123.595928,42.898215],[123.593447,42.890717],[123.57991,42.884101],[123.576519,42.876022],[123.582033,42.870978],[123.59761,42.866345],[123.579386,42.848204],[123.587492,42.845282],[123.586974,42.837947],[123.599656,42.827552],[123.585913,42.820508],[123.587608,42.80886],[123.594776,42.794496],[123.587746,42.787576],[123.598499,42.772716],[123.59304,42.769519],[123.580233,42.773006],[123.572431,42.769201],[123.572624,42.763853],[123.580964,42.75805],[123.580426,42.751667],[123.569551,42.749034],[123.566586,42.739316],[123.553046,42.72672],[123.565366,42.709885],[123.576756,42.704182],[123.574895,42.698978],[123.56316,42.695067],[123.562644,42.691966],[123.582615,42.68154],[123.58289,42.675406],[123.576515,42.67806],[123.573138,42.674476],[123.578824,42.672271],[123.586009,42.661776],[123.596555,42.667291],[123.598002,42.672873],[123.603981,42.677784],[123.619506,42.673908],[123.61973,42.661966],[123.61301,42.653006],[123.614681,42.648888],[123.632584,42.635828],[123.659643,42.624309],[123.644357,42.613634],[123.656545,42.612783],[123.66239,42.602524],[123.667889,42.599878],[123.690378,42.600407],[123.696757,42.593311],[123.684016,42.589022],[123.688165,42.576785],[123.705372,42.576949],[123.707696,42.569966],[123.705191,42.564436],[123.722596,42.563059],[123.724592,42.55928],[123.719662,42.553809],[123.723483,42.549555],[123.729216,42.549549],[123.737779,42.557019],[123.753253,42.550381],[123.746768,42.540785],[123.730768,42.540444],[123.711744,42.532546],[123.708422,42.53465],[123.677921,42.507892],[123.673523,42.514198],[123.666832,42.51339],[123.664635,42.516883],[123.651772,42.519035],[123.662637,42.527978],[123.657577,42.53336],[123.660488,42.542019],[123.657458,42.542929],[123.661033,42.54519],[123.65826,42.549505],[123.647961,42.548027],[123.637402,42.550826],[123.621156,42.54342],[123.622779,42.539128],[123.618334,42.541674],[123.619748,42.535479],[123.615934,42.532099],[123.607066,42.533324],[123.606336,42.524386],[123.610969,42.523158],[123.60309,42.50728],[123.578199,42.510564],[123.577228,42.500708],[123.565306,42.504285],[123.560624,42.49688],[123.557781,42.499455],[123.552781,42.497876],[123.5485,42.491144],[123.536262,42.488481],[123.52827,42.479885],[123.524253,42.484515],[123.516465,42.485225],[123.512996,42.48112],[123.515412,42.481259],[123.514313,42.474995],[123.509068,42.477221],[123.503572,42.466805],[123.489725,42.460888],[123.472939,42.462624],[123.465762,42.457703],[123.467303,42.453795],[123.460744,42.447291],[123.448591,42.439427],[123.448963,42.430339],[123.456339,42.428711],[123.458144,42.422459],[123.472976,42.412083],[123.475446,42.405919],[123.469574,42.404773],[123.466026,42.396026],[123.470432,42.394855],[123.463343,42.38842],[123.45972,42.379021],[123.476378,42.369151],[123.481835,42.360753],[123.493603,42.361171],[123.499773,42.351505],[123.512539,42.346089],[123.516927,42.337628],[123.522734,42.337524],[123.522478,42.325617],[123.522149,42.319454],[123.503131,42.286394],[123.491903,42.273732],[123.48258,42.27297],[123.473377,42.266049],[123.475172,42.262513],[123.467506,42.259611],[123.462443,42.246908],[123.470682,42.230752],[123.459117,42.227919],[123.457032,42.217997],[123.453185,42.21834],[123.448616,42.213274],[123.443425,42.202343],[123.448624,42.201239],[123.451624,42.193776],[123.458558,42.191134],[123.456829,42.187889],[123.463951,42.18487],[123.463475,42.179199],[123.481183,42.178204],[123.503531,42.190656],[123.515464,42.188825],[123.530889,42.178737],[123.536161,42.180118],[123.534698,42.153913],[123.532538,42.153033],[123.535877,42.144873],[123.545665,42.140735],[123.550282,42.142563],[123.5693,42.130167],[123.584063,42.12744],[123.615003,42.1138],[123.625259,42.106226],[123.626775,42.098603],[123.641643,42.098768],[123.64805,42.09271],[123.652123,42.0944],[123.651794,42.092105],[123.656675,42.091717],[123.672339,42.096241],[123.698932,42.089068],[123.699923,42.083527],[123.72145,42.074079],[123.729403,42.062948],[123.734891,42.064348],[123.74418,42.060359],[123.749383,42.05576],[123.745777,42.050846],[123.754063,42.047216],[123.754054,42.043843],[123.761503,42.045457],[123.762644,42.042145],[123.780103,42.036244],[123.785821,42.047459],[123.783519,42.050758],[123.789258,42.058061],[123.797591,42.057305],[123.79992,42.049141],[123.807314,42.047734],[123.807927,42.042366],[123.801507,42.036774],[123.807651,42.027952],[123.800449,42.015873],[123.79695,42.014274],[123.798083,42.017024],[123.796015,42.017546],[123.792053,42.010447],[123.786687,42.010779],[123.782378,42.017327],[123.779088,42.015842],[123.773362,42.021419],[123.767238,42.021316],[123.757469,42.015386],[123.759479,42.007331],[123.755121,42.00329],[123.756366,41.997254],[123.763387,42.000414],[123.766021,41.992857],[123.771384,41.994257],[123.772495,41.99049],[123.784048,41.986985],[123.768394,41.966911],[123.760659,41.970246],[123.756866,41.970014],[123.758284,41.96795],[123.743714,41.969555],[123.733961,41.963926],[123.727496,41.964677],[123.720842,41.957071],[123.726502,41.952531],[123.717319,41.944295],[123.725818,41.931173],[123.72389,41.927931],[123.726829,41.929554],[123.722774,41.924576],[123.726271,41.924465],[123.725082,41.920829],[123.730641,41.921626],[123.730687,41.919318],[123.734569,41.92196],[123.736681,41.918402],[123.727315,41.913517],[123.728071,41.909354],[123.722509,41.904746],[123.722869,41.89515],[123.712805,41.893954],[123.709548,41.889748],[123.714445,41.884657],[123.732946,41.878293],[123.733707,41.867276],[123.737492,41.866656],[123.731735,41.864545],[123.733841,41.861506],[123.717901,41.849587],[123.700779,41.840327],[123.670899,41.835076],[123.66904,41.826259],[123.675328,41.823164],[123.673749,41.818823],[123.679567,41.809204],[123.673521,41.806048],[123.674077,41.803424],[123.66342,41.801471],[123.66114,41.796251],[123.657765,41.796152],[123.658893,41.787052],[123.663579,41.783152],[123.674981,41.779991],[123.679116,41.783081],[123.686255,41.78146],[123.68725,41.77611],[123.710266,41.777157],[123.7081,41.775819],[123.710952,41.7726],[123.738717,41.783488],[123.74267,41.779961],[123.748048,41.780234],[123.747639,41.77736],[123.750918,41.780442],[123.756368,41.777279],[123.755903,41.78638],[123.75278,41.788242],[123.754265,41.790627],[123.751602,41.789313],[123.753194,41.793534],[123.749034,41.792013],[123.750519,41.79501],[123.75656,41.794008],[123.760921,41.797181],[123.770565,41.79296],[123.77413,41.794947],[123.781093,41.781852],[123.77531,41.781139],[123.774816,41.775774],[123.766671,41.771465],[123.783116,41.764545],[123.775917,41.749887],[123.780102,41.747702],[123.780689,41.741312],[123.791092,41.730093],[123.79105,41.726165],[123.796152,41.725658],[123.79494,41.716562],[123.80264,41.713335],[123.805992,41.70792],[123.801344,41.701544],[123.802515,41.694616],[123.788353,41.688387],[123.784549,41.683731],[123.785594,41.677653],[123.790681,41.678281],[123.789176,41.672649],[123.788953,41.675325],[123.780563,41.666879],[123.778618,41.659722],[123.770436,41.653031],[123.763592,41.655066],[123.759265,41.650766],[123.759004,41.644239],[123.747485,41.641162],[123.743956,41.634566],[123.752966,41.617428],[123.76148,41.616497],[123.764367,41.606304],[123.776165,41.604387],[123.78591,41.596291],[123.773534,41.5861],[123.759706,41.584906],[123.753847,41.582493],[123.751076,41.577414],[123.744012,41.578724],[123.727783,41.569285],[123.715906,41.566329],[123.71962,41.554343],[123.729645,41.549827],[123.723342,41.542831],[123.734167,41.537947],[123.741624,41.525187],[123.739698,41.518402],[123.730457,41.514397],[123.721553,41.514941],[123.711174,41.507961],[123.697522,41.513514],[123.697138,41.519001],[123.687544,41.524431],[123.678882,41.517491],[123.671549,41.521853],[123.671874,41.526603],[123.65893,41.52497],[123.652668,41.527513],[123.651473,41.522455],[123.640871,41.51658],[123.623903,41.521761],[123.619912,41.514649],[123.614833,41.515222],[123.610123,41.511458],[123.609869,41.506014],[123.59752,41.503826],[123.59991,41.499878],[123.592652,41.49423],[123.585231,41.491901],[123.574478,41.496412],[123.540643,41.478988],[123.521684,41.489868],[123.510612,41.47791],[123.493424,41.482025],[123.490117,41.476883],[123.483005,41.476404],[123.472302,41.461666],[123.463291,41.460588],[123.454473,41.462322],[123.455648,41.46405],[123.452001,41.464359],[123.454338,41.469041],[123.449333,41.470243],[123.447077,41.467389],[123.443327,41.472667],[123.440071,41.469105],[123.434253,41.470109],[123.433292,41.467005],[123.42242,41.469915],[123.421324,41.475811],[123.423965,41.47901],[123.414625,41.481433],[123.417663,41.48637],[123.40974,41.485723],[123.409319,41.489942],[123.404363,41.492176],[123.406891,41.495829],[123.40098,41.498272],[123.396355,41.494468],[123.395325,41.498077],[123.393326,41.492886],[123.387813,41.496528],[123.383358,41.493207],[123.376814,41.499011],[123.376479,41.50687],[123.370507,41.506845],[123.370945,41.50407],[123.361025,41.505531],[123.356615,41.502365],[123.354627,41.506295],[123.358951,41.507987],[123.356296,41.510834],[123.346928,41.508391],[123.331189,41.512855],[123.326422,41.50774],[123.328328,41.504649],[123.318181,41.506045],[123.307335,41.517818],[123.293949,41.520392],[123.29524,41.525809],[123.278466,41.522212],[123.274417,41.5264],[123.277868,41.527947],[123.273872,41.535844],[123.22989,41.538194],[123.227178,41.546281],[123.229763,41.549467],[123.222385,41.553092],[123.223463,41.554897],[123.219287,41.553613],[123.222055,41.556401],[123.213659,41.556996],[123.213521,41.563255],[123.19629,41.562414],[123.186022,41.556568],[123.181774,41.553379],[123.187683,41.547241],[123.182963,41.542806],[123.17587,41.547207],[123.172318,41.544582],[123.164243,41.547101],[123.153646,41.54125],[123.152295,41.538169],[123.155946,41.539223],[123.150874,41.534473],[123.14074,41.536589],[123.137307,41.536386],[123.136731,41.533006],[123.128521,41.533771],[123.124535,41.544127],[123.121449,41.544088],[123.125247,41.547112],[123.125056,41.551857],[123.105723,41.556162],[123.109691,41.563201],[123.109799,41.575895],[123.112251,41.576317],[123.108548,41.577599],[123.108186,41.582868],[123.114555,41.588993],[123.118537,41.588115],[123.128404,41.60605],[123.106483,41.61494],[123.102886,41.612329],[123.103172,41.603889],[123.081669,41.58657],[123.082686,41.57899],[123.076475,41.574094],[123.078911,41.570293],[123.072636,41.561415],[123.075986,41.55791],[123.065317,41.552086],[123.042511,41.548402],[123.036597,41.544394],[123.025053,41.515403],[123.014495,41.504833],[123.00469,41.503149],[122.993737,41.512713],[122.960963,41.506686],[122.952456,41.494334],[122.963808,41.490509],[122.965894,41.497211],[122.976583,41.494057],[122.970043,41.486335],[122.972965,41.484398],[122.970438,41.476703],[122.960042,41.472212],[122.954749,41.474309],[122.954335,41.466049],[122.934677,41.476112],[122.943127,41.482261],[122.930476,41.479346],[122.928018,41.467201],[122.932671,41.46494],[122.929987,41.456354],[122.932343,41.454719],[122.933869,41.457325],[122.935008,41.454051],[122.928342,41.445943],[122.914309,41.452899],[122.911554,41.450103],[122.913528,41.447502],[122.923283,41.446535],[122.907384,41.430962],[122.931204,41.424623],[122.924385,41.426111],[122.920145,41.420395],[122.908323,41.415602],[122.897412,41.419435],[122.893189,41.41576],[122.887472,41.418714],[122.881483,41.415923],[122.878796,41.417801],[122.881564,41.422083],[122.86617,41.412383],[122.856511,41.422112],[122.844371,41.413861],[122.846911,41.408548],[122.846032,41.392707],[122.837847,41.383038],[122.836519,41.376592],[122.807767,41.370146],[122.798312,41.371318],[122.792667,41.364775],[122.775624,41.364237],[122.76742,41.357986],[122.764393,41.360428],[122.766126,41.366459],[122.760266,41.366215],[122.742711,41.347194],[122.743468,41.327588],[122.732431,41.32793],[122.725839,41.321386],[122.712507,41.320703],[122.718465,41.310203],[122.704347,41.306467],[122.693175,41.297248],[122.700617,41.280859],[122.691339,41.275488],[122.687276,41.266229],[122.672255,41.260076],[122.66909,41.249567],[122.661805,41.243689],[122.661512,41.227495],[122.664403,41.222222],[122.661591,41.217183],[122.646491,41.208021],[122.634557,41.210336],[122.627964,41.201253],[122.617487,41.198032],[122.610265,41.206073],[122.608003,41.213981],[122.610089,41.217136],[122.607431,41.218564],[122.609782,41.223284],[122.603487,41.22403],[122.604804,41.227181],[122.601176,41.227547],[122.591141,41.243214],[122.584238,41.245218],[122.554925,41.242259],[122.547259,41.247718],[122.571374,41.278092],[122.590168,41.291627],[122.583434,41.294943],[122.585736,41.300766],[122.602863,41.30239],[122.597917,41.31553],[122.615265,41.315604],[122.624486,41.328259],[122.653837,41.352847],[122.651253,41.356759],[122.639811,41.354692],[122.636414,41.35735],[122.639183,41.383963],[122.644018,41.393891],[122.628959,41.403267],[122.626154,41.413012],[122.627224,41.415706],[122.639626,41.418954],[122.641471,41.427664],[122.637928,41.430544],[122.624658,41.427742],[122.620724,41.430429],[122.630694,41.43549],[122.629456,41.446228],[122.619619,41.468309],[122.630472,41.474394],[122.631949,41.47838],[122.6186,41.48781],[122.631801,41.49964],[122.626338,41.504661],[122.629956,41.513814],[122.617758,41.519122],[122.599472,41.511022],[122.594074,41.512619],[122.593848,41.528222],[122.590064,41.53244],[122.577875,41.533192],[122.55584,41.547767],[122.548373,41.54858],[122.501304,41.535249],[122.490566,41.541234],[122.487521,41.54643],[122.494917,41.556074],[122.495077,41.560045],[122.48824,41.564745],[122.491485,41.564166],[122.492429,41.568228],[122.482009,41.564054],[122.483403,41.566304],[122.475951,41.571528],[122.475753,41.576714],[122.471338,41.578359],[122.474291,41.580948],[122.48048,41.579336],[122.486332,41.584923],[122.484354,41.586809],[122.487143,41.58901],[122.482626,41.589971],[122.479081,41.595312],[122.483506,41.596944],[122.481742,41.60304],[122.48551,41.611845],[122.495577,41.617823],[122.493087,41.618694],[122.49513,41.627499],[122.502774,41.625407],[122.511022,41.627957],[122.510359,41.633155],[122.514641,41.640293],[122.513213,41.645851],[122.520748,41.649514],[122.521345,41.652891],[122.510601,41.655945],[122.512236,41.674782],[122.521423,41.674097],[122.527773,41.667796],[122.545506,41.676825],[122.542806,41.686174],[122.544343,41.696968],[122.550827,41.705995],[122.567426,41.710427],[122.569621,41.714685],[122.567086,41.726364],[122.570341,41.729433],[122.565354,41.738561],[122.57481,41.752899],[122.595262,41.764513],[122.591416,41.770202]],[[123.060816,41.931924],[123.043979,41.936257],[123.042386,41.931282],[123.052281,41.922496],[123.060816,41.931924]]]}},{"type":"Feature","properties":{"id":"cn:210102","name":"和平区","level":2},"geometry":{"type":"Polygon","coordinates":[[[123.312536,41.694808],[123.321787,41.707368],[123.320251,41.712477],[123.324125,41.712938],[123.322513,41.718755],[123.331755,41.723893],[123.345602,41.741477],[123.369891,41.74694],[123.368281,41.755809],[123.377004,41.77643],[123.397421,41.804458],[123.407334,41.810727],[123.423123,41.814961],[123.424233,41.808428],[123.416451,41.78744],[123.419014,41.786908],[123.422013,41.775737],[123.429593,41.775804],[123.428793,41.757345],[123.439637,41.745947],[123.427066,41.740651],[123.427722,41.737348],[123.420983,41.736979],[123.414472,41.731014],[123.415771,41.727234],[123.389966,41.721486],[123.387718,41.721256],[123.384638,41.729787],[123.378495,41.728423],[123.373908,41.732443],[123.375737,41.721985],[123.369845,41.710601],[123.410447,41.699459],[123.409297,41.69757],[123.405083,41.698777],[123.401736,41.695616],[123.39069,41.697802],[123.380236,41.688274],[123.37175,41.691437],[123.368161,41.689223],[123.351336,41.69544],[123.35501,41.702586],[123.352737,41.708397],[123.346433,41.711333],[123.344185,41.709435],[123.348314,41.705856],[123.345926,41.700983],[123.348226,41.699232],[123.342773,41.696465],[123.342129,41.692446],[123.335635,41.691834],[123.328852,41.695909],[123.326634,41.691442],[123.322599,41.694453],[123.319268,41.691784],[123.312536,41.694808]]]}},{"type":"Feature","properties":{"id":"cn:210103","name":"沈河区","level":2},"geometry":{"type":"Polygon","coordinates":[[[123.416451,41.78744],[123.424233,41.808428],[123.423123,41.814961],[123.449901,41.823961],[123.442437,41.802459],[123.458279,41.802452],[123.458339,41.790604],[123.463004,41.790226],[123.468774,41.78252],[123.476687,41.786787],[123.476485,41.782227],[123.482609,41.782013],[123.482204,41.774587],[123.49529,41.775604],[123.498234,41.780122],[123.505611,41.779942],[123.512252,41.789736],[123.510257,41.796154],[123.513765,41.798986],[123.508058,41.803699],[123.511387,41.810606],[123.514443,41.810276],[123.506242,41.818377],[123.521124,41.822293],[123.525002,41.825503],[123.521154,41.829739],[123.55603,41.839095],[123.565409,41.845548],[123.57285,41.828225],[123.570275,41.815536],[123.575778,41.809414],[123.553963,41.792311],[123.518591,41.778908],[123.507383,41.759168],[123.498357,41.754471],[123.476453,41.750588],[123.451954,41.750954],[123.439637,41.745947],[123.428793,41.757345],[123.429593,41.775804],[123.422013,41.775737],[123.419014,41.786908],[123.416451,41.78744]]]}},{"type":"Feature","properties":{"id":"cn:210104","name":"大东区","level":2},"geometry":{"type":"Polygon","coordinates":[[[123.442437,41.802459],[123.446037,41.808168],[123.447304,41.82201],[123.46191,41.8361],[123.468871,41.859347],[123.472763,41.887756],[123.487179,41.913906],[123.489631,41.911329],[123.488677,41.915361],[123.49093,41.912563],[123.499802,41.920073],[123.500977,41.915214],[123.507594,41.91943],[123.518852,41.944637],[123.560545,41.945162],[123.55241,41.933898],[123.539559,41.92703],[123.539157,41.920503],[123.546597,41.917274],[123.541631,41.912061],[123.553314,41.904708],[123.549327,41.900139],[123.553365,41.895887],[123.547656,41.896702],[123.540664,41.892992],[123.550926,41.886852],[123.54752,41.885265],[123.548933,41.879873],[123.561826,41.866827],[123.56175,41.854873],[123.565409,41.845548],[123.55603,41.839095],[123.521154,41.829739],[123.525002,41.825503],[123.521124,41.822293],[123.506242,41.818377],[123.514443,41.810276],[123.511387,41.810606],[123.508058,41.803699],[123.513765,41.798986],[123.510257,41.796154],[123.512252,41.789736],[123.505611,41.779942],[123.498234,41.780122],[123.49529,41.775604],[123.482204,41.774587],[123.482609,41.782013],[123.476485,41.782227],[123.476687,41.786787],[123.468774,41.78252],[123.463004,41.790226],[123.458339,41.790604],[123.458279,41.802452],[123.442437,41.802459]]]}},{"type":"Feature","properties":{"id":"cn:210105","name":"皇姑区","level":2},"geometry":{"type":"Polygon","coordinates":[[[123.345637,41.830438],[123.350762,41.832892],[123.350721,41.835947],[123.357491,41.832],[123.359736,41.83482],[123.352868,41.844066],[123.347807,41.845868],[123.36578,41.853298],[123.368705,41.851205],[123.375622,41.853739],[123.383726,41.836281],[123.400056,41.834641],[123.412953,41.842394],[123.412819,41.844523],[123.404216,41.843474],[123.403002,41.852764],[123.411875,41.855317],[123.409329,41.884965],[123.41262,41.885756],[123.411365,41.888548],[123.4082,41.892937],[123.398506,41.88941],[123.393185,41.892492],[123.395169,41.8935],[123.371469,41.891391],[123.372196,41.899438],[123.366566,41.897026],[123.365443,41.89975],[123.36957,41.907],[123.382425,41.902509],[123.387326,41.906892],[123.404578,41.905012],[123.402818,41.907444],[123.410727,41.904396],[123.410532,41.899936],[123.412144,41.904092],[123.427568,41.90542],[123.429497,41.90853],[123.429357,41.905104],[123.434098,41.902119],[123.447481,41.897995],[123.448898,41.900686],[123.459999,41.902047],[123.462092,41.905807],[123.468157,41.904148],[123.466926,41.899557],[123.473246,41.897708],[123.472601,41.894462],[123.480097,41.901937],[123.472763,41.887756],[123.462109,41.836603],[123.452693,41.825357],[123.406068,41.810197],[123.392056,41.797567],[123.396024,41.804672],[123.393194,41.810405],[123.351499,41.821063],[123.345637,41.830438]]]}},{"type":"Feature","properties":{"id":"cn:210106","name":"铁西区","level":2},"geometry":{"type":"Polygon","coordinates":[[[123.016099,41.692154],[123.02233,41.692845],[123.033712,41.707397],[123.029573,41.706793],[123.032388,41.713947],[123.027426,41.715511],[123.031567,41.718934],[123.020442,41.727633],[123.021492,41.731811],[123.067004,41.735604],[123.073278,41.731785],[123.088863,41.731774],[123.104092,41.735352],[123.10986,41.731588],[123.107362,41.726778],[123.110524,41.723064],[123.121888,41.722743],[123.130241,41.726318],[123.140921,41.723388],[123.149619,41.734028],[123.144933,41.737527],[123.147668,41.741374],[123.146788,41.747818],[123.148392,41.744293],[123.157592,41.743529],[123.156372,41.746753],[123.159542,41.746808],[123.163684,41.754952],[123.161736,41.757175],[123.16681,41.758328],[123.157862,41.761033],[123.174617,41.768707],[123.200402,41.775012],[123.207471,41.780143],[123.216331,41.77991],[123.220015,41.785796],[123.237407,41.793689],[123.264666,41.795663],[123.267291,41.79461],[123.266125,41.787913],[123.270026,41.779821],[123.313798,41.776459],[123.310859,41.781451],[123.312609,41.832453],[123.33023,41.834286],[123.351499,41.821063],[123.392247,41.810879],[123.395981,41.805431],[123.377638,41.77761],[123.368895,41.757534],[123.36677,41.760483],[123.347224,41.763881],[123.322491,41.772902],[123.306489,41.761827],[123.280399,41.756011],[123.303573,41.712774],[123.271691,41.71505],[123.281979,41.700728],[123.282886,41.692129],[123.257517,41.686413],[123.232219,41.693383],[123.217295,41.678934],[123.200559,41.679932],[123.194278,41.661696],[123.18934,41.66099],[123.192879,41.656938],[123.181842,41.660201],[123.166292,41.654673],[123.172996,41.645102],[123.1709,41.641823],[123.158672,41.647539],[123.153947,41.656385],[123.147129,41.655003],[123.143934,41.6513],[123.146821,41.645185],[123.143236,41.642056],[123.118111,41.634936],[123.123117,41.629403],[123.116332,41.625162],[123.113381,41.617406],[123.1088,41.617263],[123.104783,41.62404],[123.099106,41.621807],[123.103391,41.616048],[123.104186,41.606432],[123.09722,41.599996],[123.082995,41.610003],[123.070435,41.633159],[123.042513,41.652063],[123.048176,41.654961],[123.045274,41.658849],[123.032431,41.661376],[123.02533,41.667722],[123.020194,41.675401],[123.016099,41.692154]]]}},{"type":"Feature","properties":{"id":"cn:210111","name":"苏家屯区","level":2},"geometry":{"type":"Polygon","coordinates":[[[123.099017,41.621603],[123.104783,41.62404],[123.1088,41.617263],[123.113381,41.617406],[123.116332,41.625162],[123.123117,41.629403],[123.118111,41.634936],[123.143236,41.642056],[123.146821,41.645185],[123.144355,41.652484],[123.150669,41.656329],[123.155632,41.654996],[123.163659,41.643342],[123.171325,41.642013],[123.172996,41.645102],[123.170976,41.650203],[123.16578,41.651998],[123.166642,41.655098],[123.181842,41.660201],[123.192879,41.656938],[123.18934,41.66099],[123.194278,41.661696],[123.200218,41.679713],[123.217295,41.678934],[123.232219,41.693383],[123.257517,41.686413],[123.282886,41.692129],[123.283901,41.696508],[123.271545,41.71378],[123.273027,41.715712],[123.301154,41.712135],[123.322513,41.718755],[123.324125,41.712938],[123.320251,41.712477],[123.321928,41.70771],[123.313829,41.69887],[123.313437,41.692982],[123.319268,41.691784],[123.322599,41.694453],[123.326634,41.691442],[123.328852,41.695909],[123.335635,41.691834],[123.342129,41.692446],[123.342773,41.696465],[123.348226,41.699232],[123.345926,41.700983],[123.348314,41.705856],[123.344185,41.709435],[123.346433,41.711333],[123.352737,41.708397],[123.35501,41.702586],[123.351336,41.69544],[123.368161,41.689223],[123.37175,41.691437],[123.380236,41.688274],[123.39069,41.697802],[123.399857,41.695709],[123.389945,41.669469],[123.384727,41.668568],[123.379354,41.661977],[123.372901,41.661313],[123.371315,41.656819],[123.374045,41.65594],[123.366587,41.650592],[123.365761,41.644378],[123.390324,41.637232],[123.388372,41.632003],[123.393802,41.629755],[123.399976,41.63455],[123.412805,41.634054],[123.419061,41.629167],[123.424167,41.6336],[123.444161,41.6333],[123.455564,41.626012],[123.455953,41.616425],[123.47884,41.607369],[123.482559,41.610657],[123.497855,41.611254],[123.509087,41.618418],[123.521116,41.61626],[123.527849,41.624857],[123.528149,41.630322],[123.537348,41.635205],[123.547677,41.629379],[123.554181,41.629774],[123.554124,41.626346],[123.564272,41.628714],[123.565027,41.632758],[123.571556,41.631751],[123.571635,41.62746],[123.576505,41.627416],[123.577552,41.614113],[123.585774,41.613394],[123.589786,41.606818],[123.599622,41.610741],[123.61537,41.60478],[123.629589,41.612319],[123.63805,41.610769],[123.644083,41.615499],[123.654962,41.608264],[123.668838,41.610682],[123.668802,41.605324],[123.672434,41.602563],[123.690371,41.612032],[123.694379,41.610925],[123.71308,41.618024],[123.718362,41.610785],[123.729268,41.610793],[123.735613,41.614229],[123.750331,41.607757],[123.753647,41.617175],[123.75926,41.617478],[123.764367,41.606304],[123.776165,41.604387],[123.786089,41.596804],[123.773534,41.5861],[123.759706,41.584906],[123.753847,41.582493],[123.751076,41.577414],[123.744012,41.578724],[123.727783,41.569285],[123.715906,41.566329],[123.71962,41.554343],[123.729745,41.549548],[123.723171,41.545595],[123.723971,41.540989],[123.728329,41.54202],[123.734167,41.537947],[123.741624,41.525187],[123.73609,41.516097],[123.721553,41.514941],[123.711174,41.507961],[123.697522,41.513514],[123.697138,41.519001],[123.687544,41.524431],[123.678882,41.517491],[123.671549,41.521853],[123.671874,41.526603],[123.65893,41.52497],[123.652668,41.527513],[123.651473,41.522455],[123.640871,41.51658],[123.623903,41.521761],[123.619912,41.514649],[123.614833,41.515222],[123.610123,41.511458],[123.609869,41.506014],[123.59752,41.503826],[123.59991,41.499878],[123.592652,41.49423],[123.585231,41.491901],[123.574478,41.496412],[123.540643,41.478988],[123.521684,41.489868],[123.510612,41.47791],[123.493424,41.482025],[123.490117,41.476883],[123.483005,41.476404],[123.472302,41.461666],[123.463291,41.460588],[123.454473,41.462322],[123.455648,41.46405],[123.452001,41.464359],[123.454338,41.469041],[123.449333,41.470243],[123.447077,41.467389],[123.443327,41.472667],[123.440071,41.469105],[123.434253,41.470109],[123.433292,41.467005],[123.42242,41.469915],[123.421324,41.475811],[123.423965,41.47901],[123.414625,41.481433],[123.417663,41.48637],[123.40974,41.485723],[123.409319,41.489942],[123.404363,41.492176],[123.406891,41.495829],[123.40098,41.498272],[123.396355,41.494468],[123.395325,41.498077],[123.393326,41.492886],[123.387813,41.496528],[123.383358,41.493207],[123.376814,41.499011],[123.376479,41.50687],[123.370507,41.506845],[123.370945,41.50407],[123.361025,41.505531],[123.356615,41.502365],[123.354627,41.506295],[123.358951,41.507987],[123.356296,41.510834],[123.346928,41.508391],[123.331189,41.512855],[123.326422,41.50774],[123.328328,41.504649],[123.318181,41.506045],[123.307335,41.517818],[123.293949,41.520392],[123.29524,41.525809],[123.278466,41.522212],[123.274417,41.5264],[123.277868,41.527947],[123.273872,41.535844],[123.22989,41.538194],[123.227178,41.546281],[123.229763,41.549467],[123.222385,41.553092],[123.223463,41.554897],[123.219287,41.553613],[123.222055,41.556401],[123.213659,41.556996],[123.213521,41.563255],[123.19629,41.562414],[123.186022,41.556568],[123.181774,41.553379],[123.187683,41.547241],[123.182963,41.542806],[123.17587,41.547207],[123.172318,41.544582],[123.164243,41.547101],[123.153646,41.54125],[123.152295,41.538169],[123.155946,41.539223],[123.150874,41.534473],[123.14074,41.536589],[123.137307,41.536386],[123.136731,41.533006],[123.128521,41.533771],[123.124535,41.544127],[123.121449,41.544088],[123.125247,41.547112],[123.125056,41.551857],[123.105723,41.556162],[123.109691,41.563201],[123.109799,41.575895],[123.112251,41.576317],[123.108548,41.577599],[123.108186,41.582868],[123.114555,41.588993],[123.118537,41.588115],[123.128404,41.60605],[123.119531,41.611725],[123.115295,41.609301],[123.108075,41.614695],[123.104079,41.613249],[123.099017,41.621603]]]}},{"type":"Feature","properties":{"id":"cn:210112","name":"浑南区","level":2},"geometry":{"type":"Polygon","coordinates":[[[123.365691,41.64452],[123.366587,41.650592],[123.374045,41.65594],[123.371315,41.656819],[123.372901,41.661313],[123.379354,41.661977],[123.384727,41.668568],[123.389945,41.669469],[123.396259,41.684251],[123.394614,41.687488],[123.400151,41.69168],[123.399949,41.695921],[123.410447,41.699459],[123.369845,41.710601],[123.375737,41.721985],[123.373908,41.732443],[123.378495,41.728423],[123.384638,41.729787],[123.387718,41.721256],[123.389966,41.721486],[123.415771,41.727234],[123.414472,41.731014],[123.420983,41.736979],[123.427722,41.737348],[123.427066,41.740651],[123.450203,41.75054],[123.479749,41.75089],[123.502752,41.755968],[123.518591,41.778908],[123.553963,41.792311],[123.575778,41.809414],[123.570359,41.815048],[123.573102,41.827062],[123.561909,41.853978],[123.562205,41.865857],[123.550364,41.879169],[123.552957,41.881004],[123.558054,41.876659],[123.570278,41.878957],[123.575868,41.888116],[123.583973,41.891633],[123.588862,41.886277],[123.589827,41.877223],[123.59723,41.87755],[123.614789,41.886595],[123.616402,41.88006],[123.624427,41.879814],[123.62569,41.87658],[123.633989,41.879668],[123.635189,41.882071],[123.63192,41.882572],[123.63439,41.884835],[123.622171,41.905964],[123.62799,41.912332],[123.631757,41.911713],[123.632144,41.919454],[123.623716,41.925139],[123.6229,41.92882],[123.614732,41.928893],[123.60987,41.932548],[123.604617,41.940447],[123.618066,41.94357],[123.620701,41.951836],[123.630276,41.952605],[123.644044,41.959646],[123.662387,41.95407],[123.677092,41.964818],[123.690133,41.969608],[123.687593,41.973219],[123.693513,41.976299],[123.687475,41.980012],[123.691656,41.987176],[123.71625,41.998749],[123.729067,42.010695],[123.729174,42.025396],[123.722027,42.049396],[123.725168,42.06519],[123.740449,42.062931],[123.74922,42.055991],[123.745682,42.051042],[123.754063,42.047216],[123.754054,42.043843],[123.761503,42.045457],[123.762644,42.042145],[123.772194,42.040901],[123.777178,42.035461],[123.785112,42.04465],[123.783519,42.050758],[123.789006,42.058],[123.797591,42.057305],[123.79992,42.049141],[123.807201,42.047919],[123.807927,42.042366],[123.801507,42.036774],[123.807651,42.027952],[123.800449,42.015873],[123.79695,42.014274],[123.798083,42.017024],[123.796015,42.017546],[123.792053,42.010447],[123.786687,42.010779],[123.782378,42.017327],[123.779088,42.015842],[123.773362,42.021419],[123.767238,42.021316],[123.757469,42.015386],[123.759479,42.007331],[123.755121,42.00329],[123.756366,41.997254],[123.763387,42.000414],[123.766021,41.992857],[123.771384,41.994257],[123.772495,41.99049],[123.784048,41.986985],[123.768394,41.966911],[123.760659,41.970246],[123.756866,41.970014],[123.758284,41.96795],[123.743714,41.969555],[123.733961,41.963926],[123.727496,41.964677],[123.720842,41.957071],[123.726502,41.952531],[123.717319,41.944295],[123.725818,41.931173],[123.72389,41.927931],[123.726829,41.929554],[123.722774,41.924576],[123.726271,41.924465],[123.725082,41.920829],[123.730641,41.921626],[123.730687,41.919318],[123.734569,41.92196],[123.736681,41.918402],[123.727315,41.913517],[123.728071,41.909354],[123.722509,41.904746],[123.722869,41.89515],[123.712805,41.893954],[123.709548,41.889748],[123.714445,41.884657],[123.732946,41.878293],[123.733707,41.867276],[123.737492,41.866656],[123.731735,41.864545],[123.733841,41.861506],[123.717901,41.849587],[123.700779,41.840327],[123.670899,41.835076],[123.66904,41.826259],[123.675328,41.823164],[123.673749,41.818823],[123.679567,41.809204],[123.673521,41.806048],[123.674077,41.803424],[123.66342,41.801471],[123.66114,41.796251],[123.657765,41.796152],[123.658893,41.787052],[123.663579,41.783152],[123.674981,41.779991],[123.679116,41.783081],[123.686255,41.78146],[123.68725,41.77611],[123.710266,41.777157],[123.7081,41.775819],[123.710952,41.7726],[123.738717,41.783488],[123.74267,41.779961],[123.748048,41.780234],[123.747639,41.77736],[123.750918,41.780442],[123.756368,41.777279],[123.754397,41.790465],[123.751602,41.789313],[123.753315,41.793384],[123.749028,41.792277],[123.751191,41.795489],[123.75656,41.794008],[123.760738,41.797173],[123.770565,41.79296],[123.77413,41.794947],[123.780717,41.783204],[123.766671,41.771465],[123.783116,41.764545],[123.775917,41.749887],[123.780102,41.747702],[123.780689,41.741312],[123.791092,41.730093],[123.79105,41.726165],[123.796152,41.725658],[123.79494,41.716562],[123.80264,41.713335],[123.805992,41.707502],[123.801344,41.701544],[123.802515,41.694616],[123.788353,41.688387],[123.784549,41.683731],[123.785594,41.677653],[123.790681,41.678281],[123.789176,41.672649],[123.788953,41.675325],[123.780563,41.666879],[123.778618,41.659722],[123.770436,41.653031],[123.763592,41.655066],[123.759265,41.650766],[123.759004,41.644239],[123.747028,41.640693],[123.743956,41.634377],[123.753647,41.617175],[123.751378,41.60814],[123.735613,41.614229],[123.729268,41.610793],[123.718362,41.610785],[123.71308,41.618024],[123.694379,41.610925],[123.690371,41.612032],[123.672434,41.602563],[123.668802,41.605324],[123.668838,41.610682],[123.654962,41.608264],[123.644083,41.615499],[123.63805,41.610769],[123.629589,41.612319],[123.61537,41.60478],[123.599622,41.610741],[123.589786,41.606818],[123.585774,41.613394],[123.577552,41.614113],[123.576505,41.627416],[123.571635,41.62746],[123.571556,41.631751],[123.565027,41.632758],[123.564272,41.628714],[123.554124,41.626346],[123.554181,41.629774],[123.547677,41.629379],[123.537348,41.635205],[123.528149,41.630322],[123.527849,41.624857],[123.521116,41.61626],[123.509087,41.618418],[123.497855,41.611254],[123.482559,41.610657],[123.47884,41.607369],[123.455953,41.616425],[123.455564,41.626012],[123.444161,41.6333],[123.424167,41.6336],[123.419061,41.629167],[123.412805,41.634054],[123.399976,41.63455],[123.393802,41.629755],[123.388372,41.632003],[123.390324,41.637232],[123.365691,41.64452]]]}},{"type":"Feature","properties":{"id":"cn:210113","name":"沈北新区","level":2},"geometry":{"type":"Polygon","coordinates":[[[123.266732,42.030506],[123.272975,42.045198],[123.280118,42.047738],[123.282379,42.057525],[123.279063,42.05987],[123.281576,42.063787],[123.267078,42.070514],[123.279431,42.085334],[123.285188,42.081627],[123.297052,42.094023],[123.303939,42.107197],[123.318013,42.121125],[123.313759,42.128413],[123.319073,42.132705],[123.329556,42.132246],[123.331796,42.147851],[123.35386,42.147325],[123.362229,42.138111],[123.369626,42.136616],[123.382618,42.146737],[123.40151,42.147235],[123.403291,42.160068],[123.408852,42.168337],[123.412987,42.16848],[123.413652,42.16225],[123.417835,42.160638],[123.425534,42.161351],[123.43751,42.169905],[123.451412,42.166199],[123.463621,42.179296],[123.481183,42.178204],[123.503531,42.190656],[123.515464,42.188825],[123.530889,42.178737],[123.536161,42.180118],[123.534698,42.153913],[123.532538,42.153033],[123.535877,42.144873],[123.545665,42.140735],[123.550282,42.142563],[123.5693,42.130167],[123.584063,42.12744],[123.615003,42.1138],[123.625259,42.106226],[123.626775,42.098603],[123.641643,42.098768],[123.648373,42.092564],[123.652123,42.0944],[123.652111,42.091991],[123.664868,42.092351],[123.671452,42.096197],[123.686817,42.093975],[123.692371,42.08946],[123.698932,42.089068],[123.701561,42.082292],[123.723742,42.072462],[123.727065,42.066547],[123.723581,42.06358],[123.722027,42.049396],[123.730162,42.013985],[123.71625,41.998749],[123.691656,41.987176],[123.687475,41.980012],[123.693513,41.976299],[123.687593,41.973219],[123.690133,41.969608],[123.677092,41.964818],[123.662387,41.95407],[123.644044,41.959646],[123.630276,41.952605],[123.620701,41.951836],[123.618066,41.94357],[123.604617,41.940447],[123.60987,41.932548],[123.614732,41.928893],[123.6229,41.92882],[123.623716,41.925139],[123.632144,41.919454],[123.631757,41.911713],[123.62799,41.912332],[123.622171,41.905964],[123.63439,41.884835],[123.63192,41.882572],[123.635189,41.882071],[123.633989,41.879668],[123.62569,41.87658],[123.624427,41.879814],[123.616402,41.88006],[123.614789,41.886595],[123.59723,41.87755],[123.589827,41.877223],[123.588862,41.886277],[123.583973,41.891633],[123.575868,41.888116],[123.570278,41.878957],[123.558054,41.876659],[123.552957,41.881004],[123.548933,41.879873],[123.54752,41.885265],[123.550926,41.886852],[123.540664,41.892992],[123.547656,41.896702],[123.553365,41.895887],[123.549327,41.900139],[123.553348,41.904587],[123.541631,41.912061],[123.546597,41.917274],[123.540166,41.919106],[123.539147,41.922444],[123.539559,41.92703],[123.55241,41.933898],[123.560545,41.945162],[123.518852,41.944637],[123.507594,41.91943],[123.500977,41.915214],[123.499802,41.920073],[123.49093,41.912563],[123.488677,41.915361],[123.490341,41.911694],[123.487179,41.913906],[123.473025,41.894498],[123.473246,41.897708],[123.466926,41.899557],[123.468157,41.904148],[123.462092,41.905807],[123.459999,41.902047],[123.448898,41.900686],[123.447481,41.897995],[123.434098,41.902119],[123.429357,41.905104],[123.429497,41.90853],[123.427568,41.90542],[123.412144,41.904092],[123.410532,41.899936],[123.410727,41.904396],[123.402818,41.907444],[123.404578,41.905012],[123.387326,41.906892],[123.38714,41.904149],[123.381935,41.902566],[123.367898,41.90744],[123.3667,41.911442],[123.366547,41.915753],[123.370433,41.919029],[123.365919,41.923899],[123.374749,41.932248],[123.373705,41.934971],[123.377873,41.935565],[123.376594,41.940907],[123.372455,41.940275],[123.372912,41.943546],[123.368382,41.944283],[123.373491,41.950207],[123.3575,41.948364],[123.357052,41.953338],[123.335835,41.956663],[123.333499,41.961145],[123.33677,41.972436],[123.313372,41.984729],[123.305754,41.981851],[123.303208,41.990539],[123.297161,41.992062],[123.299439,41.99693],[123.296772,42.004978],[123.289567,42.003853],[123.28894,42.010019],[123.281986,42.013239],[123.281094,42.019806],[123.273601,42.026037],[123.274125,42.029425],[123.266732,42.030506]]]}},{"type":"Feature","properties":{"id":"cn:210114","name":"于洪区","level":2},"geometry":{"type":"MultiPolygon","coordinates":[[[[123.106203,41.954494],[123.110716,41.959792],[123.115237,41.954215],[123.123857,41.956984],[123.129167,41.965541],[123.124828,41.968668],[123.127077,41.973511],[123.136671,41.971809],[123.140345,41.977783],[123.146068,41.975073],[123.145681,41.984407],[123.14952,41.983987],[123.150689,41.990897],[123.168758,41.988075],[123.174254,41.997046],[123.170535,41.999668],[123.182062,42.008873],[123.180881,42.012736],[123.191775,42.016536],[123.190126,42.020123],[123.19306,42.016964],[123.197044,42.018706],[123.199181,42.015231],[123.198597,42.019386],[123.201435,42.017054],[123.206078,42.019213],[123.214629,42.034792],[123.222886,42.034407],[123.228705,42.047345],[123.234722,42.045931],[123.239615,42.050625],[123.244968,42.050265],[123.243598,42.054919],[123.256396,42.067693],[123.262496,42.065089],[123.267078,42.070514],[123.272052,42.067574],[123.274015,42.069296],[123.281576,42.063787],[123.279063,42.05987],[123.282345,42.057238],[123.280118,42.047738],[123.272975,42.045198],[123.26674,42.030353],[123.274125,42.029425],[123.273601,42.026037],[123.281094,42.019806],[123.281986,42.013239],[123.28894,42.010019],[123.289567,42.003853],[123.296772,42.004978],[123.299439,41.99693],[123.297161,41.992062],[123.303208,41.990539],[123.305754,41.981851],[123.313372,41.984729],[123.33677,41.972436],[123.333499,41.961145],[123.335835,41.956663],[123.357052,41.953338],[123.3575,41.948364],[123.373491,41.950207],[123.368382,41.944283],[123.372912,41.943546],[123.372455,41.940275],[123.376594,41.940907],[123.377873,41.935565],[123.373705,41.934971],[123.374749,41.932248],[123.365919,41.923899],[123.370433,41.919029],[123.366547,41.915753],[123.36957,41.907],[123.365443,41.89975],[123.366566,41.897026],[123.372196,41.899438],[123.371469,41.891391],[123.395169,41.8935],[123.393185,41.892492],[123.398506,41.88941],[123.4082,41.892937],[123.412663,41.886028],[123.409329,41.884965],[123.411875,41.855317],[123.403047,41.851804],[123.404216,41.843474],[123.412819,41.844523],[123.412953,41.842394],[123.400056,41.834641],[123.383726,41.836281],[123.375622,41.853739],[123.368705,41.851205],[123.36578,41.853298],[123.346807,41.844579],[123.352868,41.844066],[123.359736,41.83482],[123.357491,41.832],[123.350721,41.835947],[123.350762,41.832892],[123.345637,41.830438],[123.34794,41.823115],[123.33023,41.834286],[123.311337,41.832014],[123.310859,41.781451],[123.313798,41.776459],[123.270026,41.779821],[123.266125,41.787913],[123.267291,41.79461],[123.245361,41.795322],[123.220984,41.786311],[123.216331,41.77991],[123.207471,41.780143],[123.200402,41.775012],[123.174617,41.768707],[123.157862,41.761033],[123.152264,41.768183],[123.157705,41.776514],[123.153763,41.779761],[123.155471,41.787926],[123.152669,41.788614],[123.168032,41.806801],[123.161545,41.81161],[123.161825,41.814991],[123.155095,41.814987],[123.156694,41.829191],[123.150703,41.844644],[123.143566,41.843177],[123.135072,41.846329],[123.134904,41.850194],[123.124658,41.855074],[123.133301,41.868381],[123.134916,41.874489],[123.12949,41.875539],[123.132593,41.879898],[123.142656,41.876296],[123.141875,41.879305],[123.152123,41.887139],[123.135615,41.900706],[123.128617,41.895757],[123.117196,41.903017],[123.119509,41.914669],[123.122418,41.914587],[123.123478,41.919332],[123.129073,41.923437],[123.108273,41.934463],[123.111326,41.940414],[123.108129,41.944628],[123.113276,41.945704],[123.106203,41.954494]]],[[[123.280399,41.756011],[123.306489,41.761827],[123.322491,41.772902],[123.367403,41.760205],[123.369891,41.74694],[123.347856,41.743037],[123.329,41.722005],[123.303573,41.712774],[123.280399,41.756011]]]]}},{"type":"Feature","properties":{"id":"cn:210115","name":"辽中区","level":2},"geometry":{"type":"Polygon","coordinates":[[[122.471338,41.578359],[122.474291,41.580948],[122.48048,41.579336],[122.486332,41.584923],[122.484354,41.586809],[122.487143,41.58901],[122.482626,41.589971],[122.479081,41.595312],[122.483506,41.596944],[122.481742,41.60304],[122.48551,41.611845],[122.495577,41.617823],[122.493087,41.618694],[122.49513,41.627499],[122.502774,41.625407],[122.511022,41.627957],[122.510359,41.633155],[122.514641,41.640293],[122.513213,41.645851],[122.520748,41.649514],[122.521345,41.652891],[122.510601,41.655945],[122.512236,41.674782],[122.521423,41.674097],[122.527773,41.667796],[122.545506,41.676825],[122.542806,41.686174],[122.544343,41.696968],[122.550827,41.705995],[122.567426,41.710427],[122.569621,41.714685],[122.567086,41.726364],[122.570341,41.729433],[122.565354,41.738561],[122.569436,41.747329],[122.605275,41.771074],[122.611448,41.784131],[122.617052,41.781563],[122.622871,41.784482],[122.622599,41.775327],[122.635573,41.771567],[122.636118,41.766026],[122.647172,41.761924],[122.648197,41.757797],[122.654645,41.754279],[122.660279,41.755446],[122.656741,41.753352],[122.652517,41.754923],[122.654056,41.753456],[122.657387,41.752692],[122.662707,41.754328],[122.661515,41.752495],[122.664575,41.751786],[122.66633,41.754326],[122.666912,41.750134],[122.671365,41.748089],[122.675256,41.752923],[122.680988,41.753415],[122.682074,41.744244],[122.687322,41.745453],[122.693815,41.737071],[122.700249,41.742536],[122.706193,41.741807],[122.702963,41.740745],[122.704073,41.735776],[122.708649,41.735538],[122.707151,41.732081],[122.710138,41.728016],[122.718101,41.722928],[122.723603,41.70881],[122.72837,41.712161],[122.732146,41.721701],[122.736682,41.726164],[122.741703,41.725767],[122.755804,41.740985],[122.757277,41.738016],[122.768515,41.740811],[122.768894,41.744849],[122.764477,41.746966],[122.769282,41.753139],[122.769818,41.758154],[122.766743,41.759838],[122.779149,41.767347],[122.780574,41.762198],[122.79496,41.757607],[122.845768,41.74871],[122.876778,41.739858],[122.884765,41.739907],[122.889576,41.746823],[122.901639,41.743691],[122.910449,41.746433],[122.912075,41.741909],[122.941279,41.735612],[122.958186,41.713113],[122.965319,41.709713],[122.968587,41.716874],[122.971927,41.709096],[122.977413,41.710539],[122.973668,41.708034],[122.978208,41.7076],[122.985851,41.713664],[122.998664,41.729508],[123.021492,41.731811],[123.020442,41.727633],[123.031567,41.718934],[123.027426,41.715511],[123.032388,41.713947],[123.029573,41.706793],[123.033712,41.707397],[123.02233,41.692845],[123.016113,41.692274],[123.020194,41.675401],[123.032431,41.661376],[123.045274,41.658849],[123.048176,41.654961],[123.042513,41.652063],[123.070435,41.633159],[123.082995,41.610003],[123.09722,41.599996],[123.081669,41.58657],[123.082686,41.57899],[123.076475,41.574094],[123.078911,41.570293],[123.072636,41.561415],[123.075986,41.55791],[123.065317,41.552086],[123.042511,41.548402],[123.036597,41.544394],[123.025053,41.515403],[123.014495,41.504833],[123.00469,41.503149],[122.993737,41.512713],[122.960963,41.506686],[122.952456,41.494334],[122.963808,41.490509],[122.965894,41.497211],[122.976583,41.494057],[122.970043,41.486335],[122.972965,41.484398],[122.970438,41.476703],[122.960042,41.472212],[122.954749,41.474309],[122.954335,41.466049],[122.934677,41.476112],[122.943127,41.482261],[122.930476,41.479346],[122.928018,41.467201],[122.932671,41.46494],[122.929987,41.456354],[122.932343,41.454719],[122.933869,41.457325],[122.935008,41.454051],[122.928342,41.445943],[122.914309,41.452899],[122.911554,41.450103],[122.913528,41.447502],[122.923283,41.446535],[122.907384,41.430962],[122.931204,41.424623],[122.924385,41.426111],[122.920145,41.420395],[122.908323,41.415602],[122.897412,41.419435],[122.893189,41.41576],[122.887472,41.418714],[122.881483,41.415923],[122.878796,41.417801],[122.881564,41.422083],[122.86617,41.412383],[122.856511,41.422112],[122.844371,41.413861],[122.846911,41.408548],[122.846032,41.392707],[122.837847,41.383038],[122.836519,41.376592],[122.807767,41.370146],[122.798312,41.371318],[122.792667,41.364775],[122.775624,41.364237],[122.76742,41.357986],[122.764393,41.360428],[122.766126,41.366459],[122.760266,41.366215],[122.742711,41.347194],[122.743468,41.327588],[122.732431,41.32793],[122.725839,41.321386],[122.712507,41.320703],[122.718465,41.310203],[122.704347,41.306467],[122.693175,41.297248],[122.700617,41.280859],[122.691339,41.275488],[122.687276,41.266229],[122.672255,41.260076],[122.66909,41.249567],[122.661805,41.243689],[122.661512,41.227495],[122.664403,41.222222],[122.661591,41.217183],[122.646491,41.208021],[122.634557,41.210336],[122.627964,41.201253],[122.617487,41.198032],[122.610265,41.206073],[122.608003,41.213981],[122.610089,41.217136],[122.607431,41.218564],[122.609782,41.223284],[122.603487,41.22403],[122.604804,41.227181],[122.601176,41.227547],[122.591141,41.243214],[122.584238,41.245218],[122.554925,41.242259],[122.547259,41.247718],[122.571374,41.278092],[122.590168,41.291627],[122.583434,41.294943],[122.585736,41.300766],[122.602863,41.30239],[122.597917,41.31553],[122.615265,41.315604],[122.624486,41.328259],[122.653837,41.352847],[122.651253,41.356759],[122.639811,41.354692],[122.636414,41.35735],[122.639183,41.383963],[122.644018,41.393891],[122.628959,41.403267],[122.626154,41.413012],[122.627224,41.415706],[122.639626,41.418954],[122.641471,41.427664],[122.637928,41.430544],[122.624658,41.427742],[122.620724,41.430429],[122.630694,41.43549],[122.629456,41.446228],[122.619619,41.468309],[122.630472,41.474394],[122.631949,41.47838],[122.6186,41.48781],[122.631801,41.49964],[122.626338,41.504661],[122.629956,41.513814],[122.617758,41.519122],[122.599472,41.511022],[122.594074,41.512619],[122.593848,41.528222],[122.590064,41.53244],[122.577875,41.533192],[122.55584,41.547767],[122.548373,41.54858],[122.501304,41.535249],[122.490566,41.541234],[122.487521,41.54643],[122.494917,41.556074],[122.495077,41.560045],[122.48824,41.564745],[122.491485,41.564166],[122.492429,41.568228],[122.482009,41.564054],[122.483403,41.566304],[122.475951,41.571528],[122.475753,41.576714],[122.471338,41.578359]]]}},{"type":"Feature","properties":{"id":"cn:210123","name":"康平县","level":2},"geometry":{"type":"Polygon","coordinates":[[[122.741792,42.686945],[122.750577,42.700133],[122.764322,42.707815],[122.772545,42.70863],[122.77813,42.716512],[122.783558,42.716261],[122.795568,42.724079],[122.808946,42.717006],[122.830638,42.714335],[122.833181,42.711352],[122.834293,42.716127],[122.841089,42.71798],[122.843876,42.710732],[122.84096,42.706188],[122.84997,42.704968],[122.851289,42.709391],[122.845429,42.712364],[122.853086,42.724009],[122.869865,42.737321],[122.867981,42.73851],[122.873694,42.745506],[122.877687,42.743536],[122.878155,42.749868],[122.872452,42.749027],[122.873311,42.757329],[122.881896,42.768015],[122.923407,42.770043],[122.940465,42.751566],[122.943008,42.756952],[122.948685,42.752334],[122.966003,42.759097],[122.968502,42.76105],[122.963546,42.7646],[122.965169,42.766908],[122.97431,42.775172],[122.982826,42.776783],[122.989971,42.772959],[123.00089,42.773675],[123.002261,42.770889],[123.006793,42.772855],[123.010205,42.769327],[123.016654,42.769921],[123.025959,42.765251],[123.041671,42.769166],[123.052496,42.766666],[123.052965,42.770638],[123.059796,42.771284],[123.077393,42.786237],[123.081134,42.783944],[123.0851,42.788146],[123.101819,42.791622],[123.111402,42.798627],[123.160352,42.808554],[123.174659,42.816853],[123.17326,42.820694],[123.210665,42.825025],[123.215926,42.822999],[123.22149,42.829999],[123.183408,42.845794],[123.177488,42.843333],[123.164658,42.849704],[123.165022,42.859696],[123.181671,42.886475],[123.177987,42.923104],[123.200236,42.949281],[123.21692,42.953764],[123.227571,42.96323],[123.234117,42.976846],[123.254326,42.991278],[123.31582,42.998345],[123.327027,43.002906],[123.365655,43.008823],[123.396583,43.018032],[123.405768,43.026197],[123.428632,43.025198],[123.442661,43.03581],[123.46746,43.039982],[123.481549,43.031965],[123.487625,43.023349],[123.500803,43.021175],[123.510048,43.025897],[123.507374,43.021096],[123.526694,43.011062],[123.523129,43.006996],[123.531628,43.004891],[123.551324,43.008258],[123.552253,43.004165],[123.556012,43.003168],[123.555474,42.995741],[123.560734,42.985162],[123.548162,42.982152],[123.540856,42.975094],[123.548982,42.959002],[123.562402,42.948699],[123.576848,42.947651],[123.578779,42.941145],[123.598162,42.927083],[123.594247,42.920411],[123.582889,42.919665],[123.578753,42.912443],[123.580131,42.907452],[123.593943,42.902379],[123.595928,42.898215],[123.593447,42.890717],[123.57991,42.884101],[123.576519,42.876022],[123.582033,42.870978],[123.59761,42.866345],[123.579386,42.848204],[123.587492,42.845282],[123.586974,42.837947],[123.599656,42.827552],[123.585913,42.820508],[123.587608,42.80886],[123.594776,42.794496],[123.587746,42.787576],[123.598499,42.772716],[123.59304,42.769519],[123.580233,42.773006],[123.572431,42.769201],[123.572624,42.763853],[123.580964,42.75805],[123.580426,42.751667],[123.569551,42.749034],[123.566586,42.739316],[123.552805,42.723998],[123.56678,42.708576],[123.576756,42.704182],[123.574895,42.698978],[123.562368,42.693723],[123.583235,42.680472],[123.58289,42.675406],[123.576515,42.67806],[123.573138,42.674476],[123.578824,42.672271],[123.586802,42.661605],[123.596555,42.667291],[123.601207,42.676699],[123.61401,42.676406],[123.620402,42.670564],[123.615698,42.655694],[123.595097,42.652064],[123.592615,42.642206],[123.583537,42.640045],[123.591705,42.638082],[123.586385,42.63303],[123.58076,42.631917],[123.564805,42.642768],[123.542687,42.637052],[123.511523,42.636209],[123.453156,42.611427],[123.425673,42.614808],[123.409043,42.608849],[123.4027,42.615216],[123.380417,42.608702],[123.353598,42.621609],[123.343789,42.618692],[123.329848,42.597316],[123.28398,42.566336],[123.26023,42.563831],[123.239626,42.54494],[123.220997,42.52231],[123.207794,42.513516],[123.197429,42.528504],[123.189286,42.5331],[123.172178,42.530148],[123.166312,42.533086],[123.163921,42.530028],[123.153658,42.529843],[123.156345,42.532627],[123.154292,42.533475],[123.136779,42.531864],[123.126536,42.527709],[123.127402,42.523066],[123.103145,42.515142],[123.101564,42.516839],[123.106707,42.519381],[123.10127,42.521542],[123.096532,42.519544],[123.098729,42.523068],[123.088633,42.522585],[123.091786,42.526004],[123.074426,42.536687],[123.058915,42.541332],[123.053316,42.540011],[123.052117,42.544584],[123.055621,42.552461],[123.043897,42.567133],[123.025875,42.571524],[123.021195,42.567041],[123.024702,42.568049],[123.022914,42.565192],[123.014181,42.560765],[123.014904,42.56314],[123.008076,42.566245],[123.001687,42.565198],[123.004899,42.562916],[123.002897,42.561817],[122.990621,42.568812],[122.987346,42.564424],[122.978175,42.56945],[122.968807,42.568437],[122.965882,42.571872],[122.962794,42.570246],[122.924804,42.585653],[122.921974,42.591],[122.917838,42.591733],[122.917445,42.594747],[122.9234,42.599921],[122.921311,42.602347],[122.89768,42.611615],[122.887699,42.60694],[122.880584,42.609211],[122.868538,42.60633],[122.857505,42.61894],[122.837101,42.631257],[122.833224,42.642658],[122.837361,42.646719],[122.819436,42.650491],[122.788067,42.648183],[122.786296,42.660568],[122.769994,42.67338],[122.750705,42.677497],[122.741792,42.686945]]]}},{"type":"Feature","properties":{"id":"cn:210124","name":"法库县","level":2},"geometry":{"type":"Polygon","coordinates":[[[122.739502,42.273478],[122.747981,42.273436],[122.746053,42.277192],[122.749503,42.279388],[122.740899,42.283797],[122.743242,42.286202],[122.776369,42.296704],[122.799702,42.30985],[122.805272,42.317459],[122.820915,42.328303],[122.833446,42.3298],[122.852708,42.343902],[122.895607,42.347161],[122.897853,42.351233],[122.889913,42.36683],[122.877494,42.366416],[122.873356,42.368571],[122.874598,42.372013],[122.869904,42.372771],[122.876557,42.388296],[122.868253,42.387336],[122.860814,42.39297],[122.856877,42.404702],[122.853466,42.401948],[122.843908,42.402534],[122.843421,42.399054],[122.83921,42.397571],[122.828955,42.400046],[122.824501,42.40477],[122.82282,42.408159],[122.828332,42.411658],[122.828523,42.415863],[122.818289,42.41251],[122.812325,42.414636],[122.815077,42.422315],[122.821183,42.422711],[122.819413,42.42723],[122.827392,42.429488],[122.823337,42.435355],[122.815702,42.43333],[122.821165,42.436693],[122.821814,42.443667],[122.816224,42.454688],[122.819558,42.459021],[122.812956,42.478917],[122.820998,42.488004],[122.813738,42.488805],[122.828903,42.495859],[122.866126,42.502004],[122.894346,42.497392],[122.903802,42.498703],[122.903078,42.509295],[122.906486,42.517822],[122.912294,42.519161],[122.911455,42.527648],[122.934623,42.544241],[122.937908,42.545834],[122.94392,42.542999],[122.950342,42.546585],[122.957997,42.555956],[122.960612,42.555467],[122.961469,42.559821],[122.967645,42.560629],[122.962549,42.571415],[122.968807,42.568437],[122.978175,42.56945],[122.987346,42.564424],[122.990621,42.568812],[123.002897,42.561817],[123.004899,42.562916],[123.001687,42.565198],[123.008076,42.566245],[123.014904,42.56314],[123.014181,42.560765],[123.022914,42.565192],[123.024702,42.568049],[123.021195,42.567041],[123.025875,42.571524],[123.043559,42.567282],[123.055621,42.552461],[123.052117,42.544584],[123.053316,42.540011],[123.058915,42.541332],[123.074426,42.536687],[123.091786,42.526004],[123.088633,42.522585],[123.098729,42.523068],[123.096532,42.519544],[123.10127,42.521542],[123.106707,42.519381],[123.101564,42.516839],[123.103145,42.515142],[123.127402,42.523066],[123.126536,42.527709],[123.136779,42.531864],[123.154292,42.533475],[123.156345,42.532627],[123.153658,42.529843],[123.163921,42.530028],[123.166312,42.533086],[123.172178,42.530148],[123.189286,42.5331],[123.197429,42.528504],[123.207794,42.513516],[123.220997,42.52231],[123.239626,42.54494],[123.26023,42.563831],[123.28398,42.566336],[123.329848,42.597316],[123.343789,42.618692],[123.353598,42.621609],[123.380417,42.608702],[123.4027,42.615216],[123.409043,42.608849],[123.425673,42.614808],[123.453156,42.611427],[123.511523,42.636209],[123.542687,42.637052],[123.564805,42.642768],[123.58076,42.631917],[123.586385,42.63303],[123.591705,42.638082],[123.583537,42.640045],[123.592615,42.642206],[123.595097,42.652064],[123.613484,42.655137],[123.616473,42.646958],[123.632584,42.635828],[123.659139,42.625259],[123.658776,42.621539],[123.644357,42.613634],[123.656545,42.612783],[123.665119,42.600793],[123.688805,42.601075],[123.69475,42.596856],[123.695542,42.591533],[123.684016,42.589022],[123.688165,42.576785],[123.705372,42.576949],[123.707696,42.569966],[123.705191,42.564436],[123.717872,42.565224],[123.724697,42.560335],[123.719662,42.553809],[123.722444,42.5503],[123.729216,42.549549],[123.737779,42.557019],[123.75316,42.551086],[123.746768,42.540785],[123.730768,42.540444],[123.711744,42.532546],[123.708422,42.53465],[123.677921,42.507892],[123.673523,42.514198],[123.666832,42.51339],[123.664635,42.516883],[123.651772,42.519035],[123.662637,42.527978],[123.657577,42.53336],[123.660488,42.542019],[123.657458,42.542929],[123.661033,42.54519],[123.65826,42.549505],[123.647961,42.548027],[123.637402,42.550826],[123.621156,42.54342],[123.622779,42.539128],[123.618334,42.541674],[123.619748,42.535479],[123.615934,42.532099],[123.607066,42.533324],[123.606336,42.524386],[123.610969,42.523158],[123.60309,42.50728],[123.578199,42.510564],[123.577228,42.500708],[123.565306,42.504285],[123.560624,42.49688],[123.557781,42.499455],[123.552781,42.497876],[123.5485,42.491144],[123.536262,42.488481],[123.52827,42.479885],[123.524253,42.484515],[123.516465,42.485225],[123.512996,42.48112],[123.515412,42.481259],[123.514313,42.474995],[123.509068,42.477221],[123.503572,42.466805],[123.489725,42.460888],[123.472939,42.462624],[123.465762,42.457703],[123.467303,42.453795],[123.460744,42.447291],[123.448591,42.439427],[123.448963,42.430339],[123.456339,42.428711],[123.458144,42.422459],[123.472976,42.412083],[123.475446,42.405919],[123.469574,42.404773],[123.466026,42.396026],[123.470432,42.394855],[123.463343,42.38842],[123.45972,42.379021],[123.476378,42.369151],[123.481835,42.360753],[123.493603,42.361171],[123.499773,42.351505],[123.512539,42.346089],[123.516927,42.337628],[123.522734,42.337524],[123.522149,42.319454],[123.509804,42.29605],[123.493086,42.274782],[123.487213,42.271367],[123.48258,42.27297],[123.473377,42.266049],[123.475172,42.262513],[123.467506,42.259611],[123.462443,42.246908],[123.470682,42.230752],[123.459117,42.227919],[123.457032,42.217997],[123.453185,42.21834],[123.445147,42.208708],[123.443425,42.202343],[123.448624,42.201239],[123.451624,42.193776],[123.458558,42.191134],[123.456829,42.187889],[123.463951,42.18487],[123.463475,42.179199],[123.451412,42.166199],[123.43751,42.169905],[123.425534,42.161351],[123.417835,42.160638],[123.413652,42.16225],[123.412987,42.16848],[123.408852,42.168337],[123.403291,42.160068],[123.40151,42.147235],[123.382618,42.146737],[123.369626,42.136616],[123.362229,42.138111],[123.351803,42.147774],[123.304627,42.149089],[123.300207,42.154722],[123.302417,42.166127],[123.296429,42.170048],[123.284808,42.168124],[123.276611,42.159426],[123.253727,42.163775],[123.251736,42.169339],[123.255294,42.177248],[123.252685,42.181726],[123.25434,42.19267],[123.250695,42.196429],[123.248373,42.208921],[123.216093,42.211774],[123.212992,42.231558],[123.208897,42.233542],[123.195728,42.227442],[123.187091,42.230412],[123.176572,42.228182],[123.156717,42.242952],[123.154467,42.248661],[123.147646,42.248327],[123.148393,42.252477],[123.135196,42.260048],[123.128617,42.26793],[123.093218,42.268665],[123.086019,42.262137],[123.071284,42.260982],[123.055347,42.25156],[123.035554,42.246176],[123.014351,42.254478],[122.984067,42.2607],[122.970652,42.257164],[122.972902,42.255199],[122.968645,42.255503],[122.965406,42.249242],[122.9524,42.252044],[122.951194,42.255416],[122.93618,42.254727],[122.937309,42.258341],[122.931574,42.260882],[122.93219,42.263794],[122.922362,42.26875],[122.915059,42.261678],[122.913131,42.262819],[122.915683,42.266667],[122.893485,42.270527],[122.879032,42.25589],[122.865764,42.26116],[122.846864,42.255204],[122.809252,42.26265],[122.810412,42.267375],[122.800912,42.268801],[122.797925,42.263844],[122.788931,42.261682],[122.787258,42.257347],[122.779659,42.257123],[122.775451,42.250804],[122.766055,42.253455],[122.759052,42.26225],[122.747522,42.263391],[122.751562,42.264806],[122.748216,42.266196],[122.750167,42.268458],[122.739502,42.273478]]]}},{"type":"Feature","properties":{"id":"cn:210181","name":"新民市","level":2},"geometry":{"type":"Polygon","coordinates":[[[123.108397,41.934307],[123.129073,41.923437],[123.123478,41.919332],[123.122418,41.914587],[123.119509,41.914669],[123.117339,41.902827],[123.128617,41.895757],[123.135615,41.900706],[123.152123,41.887139],[123.141875,41.879305],[123.142656,41.876296],[123.132593,41.879898],[123.12949,41.875539],[123.134916,41.874489],[123.133301,41.868381],[123.12467,41.85489],[123.134904,41.850194],[123.135072,41.846329],[123.143566,41.843177],[123.150703,41.844644],[123.156694,41.829191],[123.155095,41.814987],[123.161825,41.814991],[123.161545,41.81161],[123.168032,41.806801],[123.152669,41.788614],[123.155471,41.787926],[123.153763,41.779761],[123.157705,41.776514],[123.152465,41.771684],[123.153815,41.7635],[123.16681,41.758328],[123.161736,41.757175],[123.163684,41.754952],[123.159542,41.746808],[123.156372,41.746753],[123.157592,41.743529],[123.148392,41.744293],[123.146788,41.747818],[123.147668,41.741374],[123.144933,41.737527],[123.149619,41.734028],[123.141148,41.723497],[123.130241,41.726318],[123.121888,41.722743],[123.110524,41.723064],[123.107362,41.726778],[123.10986,41.731588],[123.104092,41.735352],[123.085369,41.731629],[123.073278,41.731785],[123.067004,41.735604],[123.026534,41.733773],[122.998664,41.729508],[122.985851,41.713664],[122.978208,41.7076],[122.973668,41.708034],[122.977413,41.710539],[122.971927,41.709096],[122.968587,41.716874],[122.965319,41.709713],[122.958186,41.713113],[122.941279,41.735612],[122.912075,41.741909],[122.910449,41.746433],[122.901639,41.743691],[122.889576,41.746823],[122.884765,41.739907],[122.876778,41.739858],[122.845768,41.74871],[122.79496,41.757607],[122.780574,41.762198],[122.779149,41.767347],[122.766743,41.759838],[122.769818,41.758154],[122.769282,41.753139],[122.764477,41.746966],[122.768894,41.744849],[122.768515,41.740811],[122.757277,41.738016],[122.755804,41.740985],[122.741703,41.725767],[122.736682,41.726164],[122.732146,41.721701],[122.72837,41.712161],[122.723603,41.70881],[122.718101,41.722928],[122.710138,41.728016],[122.707151,41.732081],[122.708649,41.735538],[122.704073,41.735776],[122.702963,41.740745],[122.706193,41.741807],[122.700249,41.742536],[122.693815,41.737071],[122.687322,41.745453],[122.682074,41.744244],[122.680988,41.753415],[122.675256,41.752923],[122.671365,41.748089],[122.666912,41.750134],[122.66633,41.754326],[122.664575,41.751786],[122.661515,41.752495],[122.662707,41.754328],[122.657387,41.752692],[122.65295,41.754],[122.657516,41.753467],[122.660279,41.755446],[122.654645,41.754279],[122.648197,41.757797],[122.647172,41.761924],[122.636118,41.766026],[122.635573,41.771567],[122.62407,41.774109],[122.622871,41.784482],[122.617052,41.781563],[122.611448,41.784131],[122.606499,41.772313],[122.596007,41.763544],[122.590596,41.770469],[122.556598,41.769011],[122.552572,41.772822],[122.557009,41.778969],[122.555814,41.787063],[122.549334,41.790393],[122.547783,41.784768],[122.5375,41.787666],[122.539685,41.789911],[122.534886,41.798529],[122.512226,41.810586],[122.512728,41.814513],[122.506162,41.814536],[122.508312,41.818386],[122.502964,41.815765],[122.505514,41.819471],[122.500044,41.820625],[122.499698,41.82552],[122.492263,41.822339],[122.488748,41.826696],[122.453776,41.840648],[122.456139,41.844587],[122.452276,41.854468],[122.454082,41.868183],[122.447841,41.880483],[122.438344,41.888266],[122.43785,41.89883],[122.468475,41.903856],[122.503723,41.902337],[122.517865,41.897943],[122.518099,41.903523],[122.51254,41.909475],[122.515766,41.914725],[122.510486,41.924327],[122.514713,41.932389],[122.500839,41.934065],[122.502539,41.937006],[122.495519,41.955344],[122.495995,41.969665],[122.489586,41.985433],[122.491934,41.996999],[122.476289,42.021367],[122.463576,42.027299],[122.472175,42.036287],[122.471928,42.040984],[122.465112,42.03883],[122.454376,42.040807],[122.453511,42.053185],[122.441841,42.0611],[122.447631,42.070118],[122.430256,42.074568],[122.430601,42.081775],[122.443065,42.084589],[122.445462,42.08807],[122.436884,42.093008],[122.422532,42.090116],[122.430024,42.102445],[122.442105,42.108129],[122.442513,42.112017],[122.434839,42.113249],[122.433098,42.117747],[122.443518,42.120006],[122.424097,42.122747],[122.416524,42.1368],[122.430508,42.137353],[122.427083,42.141818],[122.433894,42.148569],[122.450305,42.142244],[122.532365,42.180138],[122.606507,42.209118],[122.609326,42.210736],[122.60414,42.228159],[122.614899,42.22806],[122.620817,42.232671],[122.630832,42.229405],[122.631065,42.235013],[122.639912,42.235602],[122.646035,42.230573],[122.675657,42.242539],[122.729356,42.278547],[122.728839,42.282075],[122.736861,42.286391],[122.743242,42.286202],[122.740899,42.283797],[122.749503,42.279388],[122.746053,42.277192],[122.747095,42.272066],[122.739502,42.273478],[122.750167,42.268458],[122.748216,42.266196],[122.751562,42.264806],[122.747522,42.263391],[122.759052,42.26225],[122.766055,42.253455],[122.775451,42.250804],[122.779659,42.257123],[122.787258,42.257347],[122.788931,42.261682],[122.797925,42.263844],[122.800912,42.268801],[122.810412,42.267375],[122.809252,42.26265],[122.846864,42.255204],[122.865764,42.26116],[122.879032,42.25589],[122.893485,42.270527],[122.915683,42.266667],[122.913131,42.262819],[122.915059,42.261678],[122.922362,42.26875],[122.93219,42.263794],[122.931574,42.260882],[122.937309,42.258341],[122.93618,42.254727],[122.951194,42.255416],[122.9524,42.252044],[122.965406,42.249242],[122.968645,42.255503],[122.972902,42.255199],[122.970652,42.257164],[122.984067,42.2607],[123.014351,42.254478],[123.035554,42.246176],[123.055347,42.25156],[123.071284,42.260982],[123.086019,42.262137],[123.093218,42.268665],[123.129045,42.267836],[123.135196,42.260048],[123.148393,42.252477],[123.147646,42.248327],[123.154467,42.248661],[123.156717,42.242952],[123.176572,42.228182],[123.187091,42.230412],[123.195728,42.227442],[123.208897,42.233542],[123.212992,42.231558],[123.216093,42.211774],[123.248373,42.208921],[123.250695,42.196429],[123.25434,42.19267],[123.252685,42.181726],[123.255294,42.177248],[123.251736,42.169339],[123.253727,42.163775],[123.276611,42.159426],[123.284808,42.168124],[123.296429,42.170048],[123.302417,42.166127],[123.300207,42.154722],[123.304627,42.149089],[123.338044,42.149555],[123.337832,42.14704],[123.329992,42.145983],[123.329452,42.132153],[123.319073,42.132705],[123.313759,42.128413],[123.318013,42.121125],[123.285188,42.081627],[123.279431,42.085334],[123.262632,42.065138],[123.256396,42.067693],[123.246418,42.059018],[123.243478,42.054687],[123.244968,42.050265],[123.239615,42.050625],[123.234722,42.045931],[123.228561,42.047257],[123.222886,42.034407],[123.214629,42.034792],[123.206078,42.019213],[123.201435,42.017054],[123.198597,42.019386],[123.199181,42.015231],[123.197044,42.018706],[123.19306,42.016964],[123.190126,42.020123],[123.191775,42.016536],[123.181041,42.012873],[123.182062,42.008873],[123.170535,41.999668],[123.174254,41.997046],[123.168758,41.988075],[123.150689,41.990897],[123.14952,41.983987],[123.145681,41.984407],[123.146068,41.975073],[123.140345,41.977783],[123.136671,41.971809],[123.127077,41.973511],[123.124828,41.968668],[123.129167,41.965541],[123.123282,41.956526],[123.1157,41.954125],[123.110957,41.959738],[123.107422,41.958441],[123.106296,41.95416],[123.113276,41.945704],[123.108129,41.944628],[123.111326,41.940414],[123.108397,41.934307]],[[123.060816,41.931924],[123.043979,41.936257],[123.042386,41.931282],[123.052281,41.922496],[123.060816,41.931924]]]}},{"type":"Feature","properties":{"id":"cn:2102","name":"大连市","level":1},"geometry":{"type":"MultiPolygon","coordinates":[[[[121.081397,38.906145],[121.087231,38.927426],[121.10687,38.941488],[121.112081,38.950628],[121.122334,38.957869],[121.181762,38.957604],[121.191562,38.952274],[121.197995,38.940555],[121.216076,38.939839],[121.221484,38.942196],[121.231085,38.955165],[121.263385,38.961463],[121.274886,38.972725],[121.296701,38.973741],[121.308663,38.969349],[121.320634,38.971471],[121.333463,38.978316],[121.337812,38.984774],[121.335173,38.998233],[121.331944,39.001154],[121.315772,39.001016],[121.312509,39.01427],[121.323836,39.016645],[121.328124,39.026757],[121.338333,39.029119],[121.336666,39.036584],[121.339653,39.041679],[121.359036,39.045382],[121.368368,39.061085],[121.380556,39.059549],[121.385556,39.049301],[121.404774,39.03832],[121.411744,39.027942],[121.428985,39.026393],[121.454714,39.031276],[121.465972,39.024383],[121.502613,39.03309],[121.528567,39.051346],[121.554167,39.06344],[121.561525,39.072676],[121.580821,39.076962],[121.594164,39.09159],[121.594305,39.097776],[121.556705,39.128356],[121.585716,39.154066],[121.590063,39.153664],[121.639765,39.114639],[121.637856,39.109758],[121.601215,39.079718],[121.599916,39.072403],[121.612561,39.07733],[121.629922,39.078246],[121.631813,39.086888],[121.651701,39.094618],[121.677243,39.117032],[121.678296,39.121057],[121.66742,39.126689],[121.659307,39.135531],[121.658168,39.144913],[121.647742,39.146163],[121.645069,39.156276],[121.638828,39.15681],[121.637717,39.16328],[121.599298,39.165374],[121.594888,39.16847],[121.582127,39.196458],[121.585747,39.202547],[121.597344,39.208316],[121.585859,39.21638],[121.584436,39.22559],[121.597647,39.229744],[121.627109,39.225438],[121.626293,39.229292],[121.618985,39.232612],[121.619271,39.237929],[121.630468,39.235269],[121.637022,39.24049],[121.634462,39.243338],[121.614999,39.243815],[121.603715,39.256063],[121.590842,39.247704],[121.584253,39.266424],[121.590365,39.277035],[121.615355,39.276966],[121.61868,39.284557],[121.63861,39.278268],[121.65309,39.282661],[121.667439,39.274709],[121.680851,39.281237],[121.681683,39.287643],[121.676936,39.292626],[121.664357,39.289661],[121.658785,39.291796],[121.65783,39.297018],[121.663055,39.302383],[121.662716,39.309726],[121.697093,39.325468],[121.711166,39.316526],[121.713785,39.319393],[121.713456,39.331402],[121.705978,39.34191],[121.717312,39.355271],[121.718515,39.36625],[121.710667,39.365446],[121.687212,39.352077],[121.681935,39.346095],[121.667511,39.346916],[121.652147,39.342577],[121.631458,39.335972],[121.616319,39.325161],[121.557349,39.321862],[121.551016,39.315529],[121.550548,39.310604],[121.510371,39.285492],[121.506282,39.285993],[121.50316,39.291006],[121.49278,39.279992],[121.479403,39.281618],[121.469518,39.294943],[121.459854,39.299954],[121.461286,39.318564],[121.456276,39.322859],[121.430508,39.328585],[121.430865,39.342901],[121.427671,39.355934],[121.422634,39.361869],[121.415938,39.364848],[121.395998,39.360572],[121.377882,39.369492],[121.349228,39.376523],[121.318949,39.370304],[121.314357,39.373277],[121.31322,39.387291],[121.309324,39.39003],[121.302751,39.389967],[121.268429,39.373928],[121.258472,39.372626],[121.254332,39.374388],[121.251424,39.382969],[121.240703,39.38806],[121.240321,39.395108],[121.252804,39.406441],[121.242152,39.41835],[121.243229,39.424557],[121.26046,39.425399],[121.265364,39.430299],[121.264827,39.432981],[121.250192,39.434325],[121.240667,39.455574],[121.296378,39.475008],[121.29842,39.486835],[121.292795,39.490278],[121.283471,39.48547],[121.279486,39.490865],[121.288164,39.494768],[121.279349,39.506167],[121.26777,39.494804],[121.263027,39.481348],[121.252134,39.483782],[121.244123,39.498485],[121.228533,39.506454],[121.22053,39.514479],[121.218733,39.53411],[121.22133,39.553748],[121.229341,39.564562],[121.258377,39.588392],[121.273396,39.598004],[121.292015,39.604449],[121.320374,39.600095],[121.346441,39.607704],[121.37882,39.607313],[121.398291,39.611107],[121.416198,39.619709],[121.444749,39.623658],[121.451242,39.636015],[121.448716,39.640321],[121.440051,39.643327],[121.440677,39.653572],[121.446459,39.656741],[121.47717,39.657965],[121.486815,39.664586],[121.492742,39.676281],[121.489699,39.687174],[121.49744,39.702006],[121.474792,39.727015],[121.45408,39.740695],[121.456303,39.748112],[121.476407,39.755591],[121.483541,39.764119],[121.483542,39.775847],[121.468117,39.795138],[121.469775,39.813151],[121.492301,39.819567],[121.504193,39.829926],[121.514193,39.843499],[121.527048,39.851976],[121.532804,39.871572],[121.541259,39.872825],[121.567066,39.864067],[121.584427,39.867035],[121.614453,39.878142],[121.6275,39.888827],[121.631198,39.90299],[121.657005,39.904084],[121.675846,39.924442],[121.694613,39.936057],[121.75921,39.932135],[121.77039,39.936567],[121.779792,39.962739],[121.758123,39.983387],[121.760637,39.994019],[121.819728,40.024256],[121.818147,40.035333],[121.82118,40.037576],[121.837927,40.04074],[121.849269,40.038102],[121.859686,40.050894],[121.879323,40.052214],[121.908967,40.075303],[121.919462,40.098898],[121.939795,40.119288],[121.970974,40.107592],[121.982804,40.086528],[121.981423,40.08059],[121.974827,40.075656],[121.977691,40.060573],[121.988315,40.05105],[122.00533,40.050512],[122.015694,40.057],[122.03899,40.061074],[122.042611,40.06683],[122.055642,40.062822],[122.063844,40.066248],[122.068062,40.054921],[122.076979,40.053638],[122.084715,40.037426],[122.096846,40.042024],[122.112818,40.042317],[122.121095,40.040124],[122.135059,40.029092],[122.152068,40.0343],[122.169762,40.025832],[122.175059,40.011338],[122.191502,40.004706],[122.193875,39.996839],[122.213565,39.998821],[122.237518,40.020828],[122.243674,40.01626],[122.244172,40.010893],[122.257137,40.002624],[122.254087,39.988201],[122.264431,39.982796],[122.264695,39.97776],[122.277403,39.965028],[122.299331,39.978068],[122.328915,39.983571],[122.338853,39.981055],[122.352473,39.968112],[122.36812,39.9648],[122.394895,39.970707],[122.398403,39.964495],[122.412479,39.970625],[122.413013,39.967129],[122.472239,39.938138],[122.491936,39.934518],[122.496415,39.925731],[122.508489,39.919085],[122.511059,39.920089],[122.506274,39.928451],[122.522274,39.939558],[122.546621,39.937918],[122.556136,39.941062],[122.555504,39.944708],[122.544565,39.953266],[122.551222,39.971837],[122.53446,39.970528],[122.538114,39.990977],[122.522337,39.993958],[122.514137,39.999254],[122.519884,40.012728],[122.532704,40.015502],[122.538742,40.011578],[122.546795,40.01928],[122.54604,40.023431],[122.530491,40.030957],[122.524837,40.043835],[122.532373,40.059777],[122.538754,40.061014],[122.546348,40.056103],[122.553828,40.057462],[122.564547,40.048683],[122.572787,40.054542],[122.601972,40.051468],[122.61255,40.062903],[122.623801,40.060738],[122.645573,40.064679],[122.653687,40.060946],[122.68938,40.069728],[122.704704,40.066157],[122.708952,40.069804],[122.710413,40.07761],[122.722329,40.084328],[122.728071,40.093401],[122.741633,40.09631],[122.761754,40.108402],[122.773867,40.11072],[122.792267,40.10529],[122.795395,40.101593],[122.808644,40.102107],[122.810387,40.110042],[122.819226,40.119405],[122.825374,40.121106],[122.830048,40.117983],[122.8464,40.123838],[122.848881,40.13102],[122.853148,40.133255],[122.850789,40.139583],[122.844474,40.142496],[122.843584,40.154233],[122.848801,40.153383],[122.853578,40.157958],[122.860129,40.174256],[122.864601,40.17767],[122.863263,40.180582],[122.873463,40.184249],[122.875974,40.193876],[122.888865,40.203982],[122.885687,40.186151],[122.930747,40.177566],[122.934801,40.168507],[122.935434,40.150604],[122.955296,40.122301],[122.964315,40.117236],[122.98336,40.115547],[122.976423,40.101983],[122.988524,40.080543],[123.004818,40.071597],[123.02041,40.070959],[123.026141,40.060692],[123.048369,40.058646],[123.066189,40.038867],[123.074688,40.053529],[123.095572,40.072181],[123.106061,40.06862],[123.104691,40.065675],[123.112224,40.061929],[123.121105,40.074594],[123.1284,40.077915],[123.13766,40.070549],[123.162207,40.066129],[123.167135,40.068991],[123.175563,40.063791],[123.186294,40.063516],[123.22014,40.048273],[123.23678,40.035377],[123.261094,40.037843],[123.271789,40.020082],[123.281276,40.013138],[123.290955,40.015586],[123.294036,40.02306],[123.305182,40.025005],[123.333177,40.01816],[123.354617,40.000298],[123.36798,40.002184],[123.371985,39.998649],[123.382031,40.010412],[123.393498,40.010837],[123.399376,40.007187],[123.402113,39.998935],[123.395172,39.991622],[123.395785,39.980271],[123.37104,39.969613],[123.379134,39.953319],[123.387437,39.952836],[123.387969,39.948414],[123.390172,39.949087],[123.389821,39.945571],[123.384945,39.944723],[123.387693,39.942919],[123.385389,39.934378],[123.393181,39.932912],[123.389896,39.926589],[123.392169,39.924435],[123.3994,39.927295],[123.401459,39.933234],[123.405486,39.933464],[123.415514,39.932045],[123.431286,39.921142],[123.442714,39.926994],[123.441349,39.920784],[123.443669,39.920003],[123.450884,39.927648],[123.458586,39.923042],[123.453241,39.916711],[123.465737,39.923469],[123.474873,39.90845],[123.484129,39.900972],[123.484789,39.896629],[123.475038,39.889995],[123.46846,39.87983],[123.468576,39.875056],[123.4773,39.858489],[123.494444,39.850499],[123.498739,39.842448],[123.490702,39.84006],[123.488584,39.826253],[123.493389,39.823506],[123.494385,39.817817],[123.50901,39.812977],[123.512127,39.807075],[123.513195,39.769005],[123.497328,39.768839],[123.496497,39.761113],[123.487442,39.75696],[123.479135,39.761446],[123.475459,39.760238],[123.471875,39.745481],[123.452265,39.744635],[123.4421,39.730819],[123.436553,39.732643],[123.413619,39.729353],[123.386743,39.722189],[123.3802,39.731603],[123.382382,39.745954],[123.341552,39.748521],[123.334891,39.754634],[123.299006,39.75134],[123.286405,39.756735],[123.27664,39.7568],[123.269635,39.754444],[123.277011,39.74269],[123.268854,39.736314],[123.243688,39.748744],[123.238496,39.745285],[123.240041,39.7413],[123.258259,39.736971],[123.271536,39.726535],[123.264817,39.713458],[123.282514,39.704243],[123.282194,39.69954],[123.27905,39.699301],[123.278406,39.693561],[123.267152,39.69618],[123.259836,39.691174],[123.247561,39.688586],[123.241862,39.693974],[123.227827,39.69669],[123.210058,39.695341],[123.209346,39.686973],[123.218617,39.684334],[123.221387,39.680471],[123.220292,39.675384],[123.213339,39.671664],[123.209398,39.664681],[123.213813,39.655855],[123.210013,39.654967],[123.206143,39.665688],[123.200513,39.668875],[123.161039,39.672628],[123.15432,39.668214],[123.140535,39.64571],[123.131715,39.6437],[123.126152,39.645297],[123.126803,39.654178],[123.121907,39.659499],[123.097602,39.675463],[123.093426,39.673179],[123.095718,39.660067],[123.083903,39.661841],[123.080842,39.657967],[123.072818,39.661486],[123.071291,39.667346],[123.046881,39.659594],[123.043461,39.66515],[123.039372,39.665028],[123.029606,39.659556],[123.030746,39.654118],[123.041974,39.647539],[123.040833,39.642715],[123.029694,39.641312],[123.021053,39.658284],[123.005352,39.653811],[123.00509,39.649337],[123.015703,39.639513],[122.998379,39.634646],[122.976099,39.618242],[122.97347,39.601621],[122.967545,39.593786],[122.954288,39.597539],[122.943811,39.595364],[122.937104,39.603479],[122.902801,39.601113],[122.891916,39.604694],[122.855909,39.603586],[122.838703,39.593384],[122.840943,39.576603],[122.816951,39.564173],[122.805761,39.578714],[122.794711,39.57832],[122.794131,39.57441],[122.805695,39.562755],[122.803747,39.558602],[122.725779,39.529771],[122.720376,39.530531],[122.681154,39.513741],[122.660918,39.521336],[122.649269,39.519754],[122.644503,39.515553],[122.639948,39.498455],[122.632005,39.487817],[122.621935,39.482482],[122.602821,39.479184],[122.590452,39.468828],[122.576554,39.463086],[122.564859,39.451287],[122.570115,39.436994],[122.569865,39.428826],[122.560548,39.425168],[122.561178,39.413482],[122.552867,39.399644],[122.544802,39.393344],[122.527276,39.394182],[122.504673,39.409934],[122.493845,39.400657],[122.450529,39.401803],[122.446349,39.410418],[122.407856,39.410334],[122.394126,39.390332],[122.366312,39.379224],[122.358446,39.364435],[122.338355,39.350197],[122.319213,39.344315],[122.303821,39.344918],[122.301796,39.329763],[122.287279,39.335598],[122.270034,39.320968],[122.242847,39.269501],[122.15519,39.23658],[122.136458,39.215508],[122.1121,39.212695],[122.112334,39.207543],[122.119132,39.201927],[122.11421,39.185065],[122.115616,39.173355],[122.162213,39.157669],[122.16526,39.149236],[122.159401,39.145959],[122.14184,39.147599],[122.12217,39.143615],[122.108202,39.134749],[122.080495,39.109193],[122.04513,39.107088],[122.044896,39.095143],[122.068081,39.069154],[122.065035,39.060252],[122.056605,39.059084],[122.015391,39.071727],[121.99151,39.068216],[121.984479,39.062595],[121.968559,39.03098],[121.962708,39.028407],[121.918446,39.05276],[121.902197,39.054879],[121.899748,39.05208],[121.902134,39.046307],[121.913042,39.044471],[121.924366,39.023989],[121.923246,39.0171],[121.917415,39.012985],[121.910244,39.013247],[121.902984,39.018583],[121.903597,39.024092],[121.899123,39.0276],[121.883584,39.026401],[121.847873,39.034826],[121.847473,39.028811],[121.850685,39.025199],[121.900234,38.998515],[121.896831,38.983672],[121.899036,38.974644],[121.916148,38.971007],[121.906858,38.963007],[121.892213,38.960195],[121.862357,38.942252],[121.828211,38.949565],[121.799722,38.970025],[121.80013,38.98648],[121.78789,39.009952],[121.787291,39.019783],[121.757795,39.027404],[121.751293,39.02165],[121.759001,39.012356],[121.759002,39.007543],[121.733116,38.998116],[121.700477,39.000907],[121.702941,39.006281],[121.696666,39.009974],[121.693254,39.003906],[121.676908,39.004767],[121.667995,39.009738],[121.663204,39.004498],[121.651561,39.003513],[121.651957,39.0012],[121.670139,38.996197],[121.671614,38.987339],[121.656657,38.964535],[121.646467,38.961411],[121.644001,38.957469],[121.632829,38.95862],[121.627491,38.950564],[121.614071,38.949222],[121.614245,38.944874],[121.619889,38.936413],[121.645841,38.945685],[121.65789,38.944396],[121.672464,38.939869],[121.67494,38.931317],[121.714298,38.919159],[121.717709,38.915398],[121.718316,38.903046],[121.70658,38.886705],[121.708064,38.88069],[121.70394,38.872066],[121.698307,38.870477],[121.692847,38.863966],[121.683751,38.866174],[121.682664,38.872309],[121.678322,38.872125],[121.68046,38.874097],[121.678254,38.87539],[121.674774,38.871163],[121.677661,38.867868],[121.671466,38.861202],[121.629244,38.859674],[121.627221,38.863281],[121.612508,38.862044],[121.596501,38.871623],[121.562916,38.874974],[121.554956,38.865655],[121.540486,38.863212],[121.546663,38.861827],[121.546698,38.858173],[121.542472,38.856238],[121.537673,38.846339],[121.52256,38.840746],[121.518767,38.831327],[121.506241,38.817999],[121.490798,38.81282],[121.486944,38.814053],[121.489817,38.819722],[121.48789,38.822278],[121.45967,38.814631],[121.440112,38.816028],[121.423359,38.810195],[121.393458,38.811534],[121.354071,38.821315],[121.334965,38.818094],[121.324886,38.813272],[121.320946,38.800417],[121.305243,38.790026],[121.254679,38.785551],[121.232517,38.763224],[121.219426,38.755473],[121.20901,38.732638],[121.193923,38.720634],[121.139019,38.721375],[121.128307,38.724192],[121.121431,38.755329],[121.105937,38.778936],[121.108507,38.785425],[121.123087,38.792098],[121.123257,38.798163],[121.108237,38.821201],[121.104244,38.850116],[121.105529,38.860972],[121.109826,38.867643],[121.122569,38.875611],[121.123662,38.876853],[121.124201,38.878168],[121.124167,38.879375],[121.117977,38.889574],[121.088498,38.89322],[121.084305,38.896597],[121.081397,38.906145]]],[[[122.491262,39.299467],[122.495248,39.298743],[122.495055,39.30132],[122.509704,39.298644],[122.514188,39.30416],[122.518442,39.301922],[122.51875,39.297725],[122.522941,39.296998],[122.524956,39.301937],[122.529565,39.301531],[122.535746,39.307193],[122.545306,39.298629],[122.542688,39.29504],[122.547671,39.285229],[122.550611,39.292492],[122.555904,39.295653],[122.555405,39.298907],[122.570391,39.283206],[122.588597,39.277504],[122.620708,39.279787],[122.62625,39.287123],[122.637195,39.287046],[122.644251,39.2783],[122.660852,39.271262],[122.666111,39.272524],[122.668635,39.268393],[122.684597,39.270702],[122.660827,39.25502],[122.643465,39.264944],[122.618489,39.26453],[122.605117,39.269649],[122.586287,39.270375],[122.582019,39.266809],[122.589208,39.264565],[122.580958,39.258647],[122.582151,39.249661],[122.580826,39.255035],[122.573306,39.255245],[122.574573,39.257252],[122.569926,39.26228],[122.574011,39.266159],[122.571141,39.270045],[122.549443,39.273699],[122.521857,39.286666],[122.507132,39.288106],[122.491262,39.299467]]],[[[122.31109,39.183532],[122.332484,39.185802],[122.336102,39.1917],[122.342242,39.19368],[122.338681,39.20246],[122.369659,39.203737],[122.375139,39.206029],[122.374386,39.210409],[122.39748,39.2177],[122.403353,39.216944],[122.397414,39.210294],[122.387271,39.21144],[122.383181,39.206431],[122.384751,39.202937],[122.378688,39.198272],[122.378188,39.189706],[122.385155,39.185932],[122.389518,39.175679],[122.388004,39.171372],[122.39371,39.16748],[122.393721,39.163617],[122.397882,39.163666],[122.393438,39.160799],[122.384318,39.161795],[122.378618,39.166727],[122.373797,39.164272],[122.370594,39.165996],[122.376346,39.169519],[122.375633,39.172639],[122.363411,39.17445],[122.357244,39.170235],[122.362052,39.164013],[122.356488,39.158981],[122.358775,39.154211],[122.336471,39.143167],[122.330904,39.145749],[122.323875,39.156388],[122.314639,39.15963],[122.313276,39.169585],[122.317766,39.173436],[122.31109,39.183532]]],[[[122.623483,39.231604],[122.631297,39.240858],[122.670217,39.239581],[122.674608,39.242979],[122.685179,39.2407],[122.691525,39.244285],[122.715523,39.245784],[122.714699,39.242015],[122.718252,39.241528],[122.722169,39.245311],[122.734215,39.247423],[122.738263,39.238366],[122.749726,39.233173],[122.747581,39.229071],[122.740731,39.228513],[122.734634,39.223413],[122.730887,39.224771],[122.729285,39.220564],[122.72739,39.224359],[122.723167,39.224806],[122.720699,39.222265],[122.724331,39.21785],[122.719226,39.213268],[122.706664,39.214791],[122.703784,39.212607],[122.704912,39.20943],[122.699701,39.210431],[122.700155,39.207009],[122.690952,39.204983],[122.687331,39.199337],[122.689826,39.208089],[122.687019,39.210593],[122.695827,39.217153],[122.695367,39.221126],[122.703305,39.225613],[122.699697,39.23139],[122.691747,39.230215],[122.689891,39.233234],[122.686367,39.230642],[122.685314,39.233753],[122.681242,39.233906],[122.672961,39.227113],[122.672518,39.231029],[122.667219,39.233978],[122.658531,39.22953],[122.650111,39.233242],[122.643428,39.228972],[122.643191,39.225522],[122.638003,39.2279],[122.637718,39.224435],[122.628999,39.228866],[122.625291,39.227089],[122.626327,39.230373],[122.623483,39.231604]]],[[[122.699522,39.042387],[122.70587,39.044008],[122.710612,39.041618],[122.709523,39.045962],[122.712768,39.049528],[122.71864,39.04914],[122.718963,39.04391],[122.723813,39.042316],[122.722547,39.037392],[122.725279,39.033759],[122.733009,39.033185],[122.73557,39.0374],[122.744033,39.034312],[122.744898,39.027162],[122.749874,39.025738],[122.747012,39.021606],[122.753748,39.02098],[122.751214,39.025198],[122.754476,39.02458],[122.758638,39.012811],[122.753219,39.008661],[122.730749,39.0162],[122.727192,39.012718],[122.718928,39.017191],[122.720295,39.020441],[122.715335,39.019436],[122.710928,39.025043],[122.706708,39.023569],[122.70481,39.027549],[122.715326,39.028651],[122.699522,39.042387]]],[[[122.398234,39.175884],[122.407111,39.180643],[122.420617,39.171265],[122.398234,39.175884]]],[[[121.817624,38.87091],[121.821975,38.874049],[121.818623,38.880835],[121.827837,38.882889],[121.826779,38.886387],[121.819742,38.887897],[121.824306,38.890165],[121.822347,38.893743],[121.834819,38.894128],[121.829074,38.883099],[121.836712,38.872391],[121.825841,38.863181],[121.817624,38.87091]]],[[[122.412556,39.224641],[122.429788,39.235685],[122.438659,39.2338],[122.438684,39.230488],[122.444364,39.226491],[122.440166,39.223421],[122.437303,39.225579],[122.427313,39.223008],[122.426814,39.218931],[122.423155,39.224879],[122.412556,39.224641]]],[[[122.413888,39.266172],[122.417295,39.269154],[122.424872,39.267187],[122.429458,39.269214],[122.434697,39.263163],[122.443639,39.262982],[122.451767,39.256918],[122.439357,39.253655],[122.428453,39.263569],[122.413888,39.266172]]],[[[122.939264,39.519434],[122.951393,39.543634],[122.955386,39.542797],[122.956836,39.551139],[122.964309,39.554809],[122.969398,39.563744],[122.973364,39.563824],[122.979091,39.552459],[122.991973,39.550011],[122.999379,39.553194],[123.020541,39.544442],[123.030956,39.532675],[123.018328,39.514817],[123.012365,39.512989],[123.011691,39.50895],[123.001303,39.503852],[123.000448,39.499413],[122.990199,39.494224],[122.986587,39.497985],[122.979535,39.49479],[122.967926,39.49869],[122.963695,39.517991],[122.939264,39.519434]]],[[[122.29492,39.20025],[122.301885,39.203104],[122.307993,39.204559],[122.302999,39.199744],[122.304616,39.196855],[122.298285,39.196829],[122.29492,39.20025]]],[[[122.278203,39.278476],[122.292405,39.27544],[122.297316,39.277145],[122.298599,39.273661],[122.288264,39.265888],[122.28881,39.269542],[122.279906,39.273356],[122.280957,39.277106],[122.278203,39.278476]]],[[[123.051857,39.499808],[123.054226,39.504369],[123.052482,39.508177],[123.062941,39.507225],[123.064353,39.503084],[123.059327,39.499694],[123.058474,39.49289],[123.063165,39.486091],[123.055909,39.487889],[123.051857,39.499808]]],[[[122.582792,39.210683],[122.590746,39.212793],[122.589419,39.218972],[122.593454,39.220149],[122.593221,39.223723],[122.597724,39.2194],[122.601024,39.220114],[122.602061,39.226005],[122.606715,39.221901],[122.607375,39.214422],[122.592829,39.209156],[122.59318,39.205382],[122.582792,39.210683]]],[[[122.486367,39.232572],[122.496393,39.240016],[122.525351,39.233632],[122.54081,39.236632],[122.544334,39.234648],[122.541862,39.227318],[122.523836,39.222061],[122.49773,39.222837],[122.486367,39.232572]]],[[[122.810205,39.045465],[122.81376,39.048706],[122.813026,39.052187],[122.820135,39.050803],[122.822819,39.05355],[122.821132,39.059139],[122.82975,39.055952],[122.835455,39.048066],[122.818584,39.040359],[122.810205,39.045465]]],[[[122.795762,39.07893],[122.803324,39.081152],[122.808042,39.07549],[122.812638,39.076017],[122.812305,39.067501],[122.800516,39.071989],[122.795762,39.07893]]],[[[121.82457,38.916525],[121.828619,38.917773],[121.836744,38.91591],[121.831588,38.91171],[121.82457,38.916525]]],[[[122.844608,39.068974],[122.85269,39.068464],[122.857337,39.064794],[122.861425,39.06837],[122.867882,39.063772],[122.872899,39.065908],[122.874756,39.061727],[122.872062,39.056665],[122.868392,39.056943],[122.864908,39.048582],[122.857104,39.050904],[122.853109,39.061403],[122.844608,39.068974]]],[[[121.439703,39.203308],[121.456666,39.204742],[121.459997,39.198826],[121.471802,39.19428],[121.476873,39.187134],[121.468442,39.18619],[121.464699,39.192675],[121.454186,39.200076],[121.439703,39.203308]]],[[[123.047965,39.455177],[123.084647,39.449245],[123.098013,39.440113],[123.08227,39.439243],[123.08298,39.426703],[123.072745,39.426645],[123.070133,39.433448],[123.065557,39.434561],[123.062641,39.430806],[123.048651,39.444129],[123.050735,39.452591],[123.047965,39.455177]]],[[[122.488484,39.248104],[122.496991,39.247515],[122.498518,39.240335],[122.495616,39.240368],[122.494878,39.245737],[122.488484,39.248104]]],[[[121.480564,39.199045],[121.482097,39.202875],[121.488618,39.203027],[121.493082,39.20712],[121.497414,39.20456],[121.497655,39.201058],[121.491878,39.199921],[121.488464,39.192721],[121.480564,39.199045]]],[[[122.765276,39.227698],[122.777759,39.230584],[122.786399,39.228077],[122.804093,39.229545],[122.806929,39.226972],[122.801422,39.222322],[122.788394,39.223707],[122.776571,39.217788],[122.772069,39.221399],[122.772861,39.224433],[122.767386,39.221827],[122.765276,39.227698]]],[[[123.079164,39.475138],[123.083018,39.47519],[123.083259,39.472557],[123.080367,39.472406],[123.079164,39.475138]]],[[[122.774928,39.077849],[122.785644,39.078393],[122.794578,39.071515],[122.785392,39.068915],[122.774928,39.077849]]],[[[123.097413,39.509149],[123.103073,39.513776],[123.104314,39.508385],[123.107465,39.507543],[123.099348,39.503464],[123.097413,39.509149]]],[[[123.134921,39.07885],[123.137234,39.08957],[123.168764,39.085262],[123.171286,39.08915],[123.166242,39.101447],[123.178854,39.09924],[123.182848,39.093354],[123.180851,39.082528],[123.191571,39.079375],[123.198298,39.072334],[123.20019,39.055833],[123.191782,39.046163],[123.178013,39.039227],[123.16456,39.026194],[123.148689,39.026088],[123.142698,39.031029],[123.137023,39.042905],[123.14396,39.066973],[123.134921,39.07885]]],[[[122.560129,39.300029],[122.558297,39.304174],[122.562364,39.301389],[122.560129,39.300029]]],[[[121.303345,38.99403],[121.306622,39.00046],[121.308772,39.000596],[121.306468,38.993849],[121.303345,38.99403]]],[[[122.302037,39.151224],[122.305146,39.151844],[122.307546,39.151061],[122.304448,39.149529],[122.302037,39.151224]]],[[[122.424317,39.389634],[122.425604,39.396204],[122.427488,39.389679],[122.424317,39.389634]]],[[[122.420705,39.168356],[122.422553,39.170655],[122.426815,39.168197],[122.424364,39.166502],[122.420705,39.168356]]],[[[122.583013,39.202553],[122.586461,39.203944],[122.590123,39.199901],[122.587577,39.198563],[122.583013,39.202553]]],[[[122.760984,39.234065],[122.763401,39.235617],[122.767878,39.23362],[122.764239,39.229903],[122.760984,39.234065]]],[[[123.105581,39.433584],[123.105582,39.434344],[123.106258,39.433962],[123.105581,39.433584]]],[[[122.180425,39.16414],[122.181934,39.166398],[122.18497,39.165744],[122.183074,39.16397],[122.180425,39.16414]]],[[[123.083957,39.472066],[123.087053,39.47437],[123.085872,39.47231],[123.090392,39.468164],[123.087714,39.463945],[123.083957,39.472066]]],[[[123.038706,39.482257],[123.039624,39.485114],[123.04093,39.483075],[123.038706,39.482257]]],[[[122.981819,39.254798],[122.995904,39.262372],[123.007336,39.261346],[123.011689,39.257063],[123.006062,39.256285],[123.005991,39.251295],[122.999302,39.24772],[122.98681,39.250516],[122.981819,39.254798]]],[[[121.15274,39.087541],[121.154878,39.091787],[121.163541,39.095627],[121.173158,39.090631],[121.169,39.084797],[121.164985,39.087628],[121.156293,39.083614],[121.15274,39.087541]]],[[[123.091397,39.497105],[123.08428,39.501906],[123.090886,39.499869],[123.091397,39.497105]]],[[[123.073524,39.484375],[123.076971,39.486319],[123.077447,39.48224],[123.076207,39.482122],[123.073524,39.484375]]],[[[121.218655,39.10633],[121.225809,39.108994],[121.234123,39.106482],[121.228644,39.102981],[121.218655,39.10633]]],[[[122.729047,39.251368],[122.732256,39.253589],[122.733757,39.25226],[122.729047,39.251368]]],[[[123.101397,39.435521],[123.100842,39.436023],[123.101414,39.436171],[123.101397,39.435521]]],[[[121.523056,38.815433],[121.523281,38.821124],[121.525777,38.818842],[121.523056,38.815433]]],[[[122.409428,39.209347],[122.409673,39.210836],[122.410523,39.210899],[122.409428,39.209347]]],[[[121.180699,39.092241],[121.183929,39.092805],[121.184891,39.090413],[121.182335,39.090579],[121.180699,39.092241]]],[[[122.496328,39.220915],[122.49645,39.22249],[122.497422,39.221994],[122.496328,39.220915]]],[[[121.117176,38.879988],[121.118871,38.881827],[121.124003,38.878388],[121.120256,38.875965],[121.117176,38.879988]]],[[[123.039878,39.528997],[123.041476,39.529205],[123.043038,39.527986],[123.043733,39.528476],[123.043897,39.527652],[123.039878,39.528997]]],[[[123.076822,39.475751],[123.075686,39.479591],[123.07842,39.478632],[123.076822,39.475751]]],[[[123.089076,39.460701],[123.093547,39.462768],[123.0947,39.460012],[123.091719,39.45829],[123.089076,39.460701]]],[[[121.515416,38.821579],[121.51695,38.82556],[121.52109,38.821746],[121.519255,38.819753],[121.515416,38.821579]]],[[[122.45548,39.255281],[122.455919,39.256416],[122.456541,39.255742],[122.45548,39.255281]]],[[[122.314901,39.327007],[122.319098,39.343186],[122.330107,39.342059],[122.344173,39.346859],[122.347412,39.34293],[122.34946,39.336837],[122.343931,39.329106],[122.340398,39.327467],[122.334356,39.33013],[122.326625,39.324139],[122.314901,39.327007]]],[[[121.623443,38.85028],[121.622361,38.853085],[121.626688,38.851282],[121.623443,38.85028]]],[[[121.021017,38.869258],[121.031501,38.872424],[121.03874,38.868303],[121.024288,38.86632],[121.021017,38.869258]]],[[[123.03294,39.274933],[123.038181,39.275355],[123.042951,39.273293],[123.0412,39.273045],[123.03294,39.274933]]],[[[123.015838,39.268129],[123.021065,39.267512],[123.022968,39.266236],[123.018242,39.266423],[123.015838,39.268129]]],[[[122.443123,39.218209],[122.443558,39.221062],[122.445114,39.220835],[122.443123,39.218209]]],[[[122.41331,39.196683],[122.41336,39.198098],[122.413754,39.19801],[122.41331,39.196683]]],[[[121.711513,38.884439],[121.713683,38.885512],[121.717213,38.883924],[121.714036,38.882955],[121.711513,38.884439]]],[[[121.605982,39.16269],[121.609748,39.164193],[121.613793,39.16204],[121.611805,39.158911],[121.605982,39.16269]]],[[[122.354641,39.233351],[122.35452,39.235583],[122.35524,39.233263],[122.354641,39.233351]]],[[[121.491843,39.23962],[121.49362,39.240962],[121.494618,39.240802],[121.494339,39.239674],[121.491843,39.23962]]],[[[121.616753,38.852255],[121.61859,38.855899],[121.618747,38.852264],[121.616753,38.852255]]],[[[121.609739,38.836145],[121.61252,38.838431],[121.614638,38.836238],[121.6129,38.835369],[121.609739,38.836145]]],[[[121.528702,38.819254],[121.527889,38.82204],[121.530299,38.821169],[121.528702,38.819254]]],[[[121.322561,38.998047],[121.326854,38.999917],[121.327925,38.998672],[121.324496,38.996766],[121.322561,38.998047]]],[[[122.447055,39.215297],[122.449484,39.217485],[122.451644,39.216103],[122.45002,39.213163],[122.447055,39.215297]]],[[[123.063523,39.485342],[123.063991,39.485981],[123.063755,39.484481],[123.063523,39.485342]]],[[[122.996989,39.272211],[123.001253,39.272585],[123.00644,39.270306],[123.001148,39.269466],[122.996989,39.272211]]],[[[122.45438,39.256039],[122.45365,39.257906],[122.454198,39.258024],[122.45438,39.256039]]],[[[122.820028,39.035083],[122.818258,39.038098],[122.81946,39.038064],[122.820028,39.035083]]],[[[122.751441,39.232546],[122.754903,39.236261],[122.759225,39.232444],[122.753349,39.229574],[122.751441,39.232546]]],[[[122.985402,39.271887],[122.983404,39.274417],[122.985886,39.272132],[122.985402,39.271887]]],[[[121.53654,38.821109],[121.536768,38.823252],[121.538105,38.821707],[121.53654,38.821109]]],[[[123.210481,39.03764],[123.218165,39.039217],[123.222527,39.037237],[123.212763,39.03618],[123.210481,39.03764]]],[[[122.162643,39.20208],[122.160386,39.205075],[122.166111,39.20746],[122.162643,39.20208]]],[[[123.008091,39.269886],[123.007987,39.27079],[123.008671,39.270119],[123.008091,39.269886]]],[[[121.600815,39.248902],[121.604669,39.250499],[121.604384,39.246146],[121.602138,39.246326],[121.600815,39.248902]]],[[[122.518096,39.243529],[122.517812,39.245676],[122.518921,39.245955],[122.518096,39.243529]]],[[[121.98556,38.962672],[121.9847,38.965303],[121.987428,38.963628],[121.98556,38.962672]]],[[[121.56128,39.190533],[121.563116,39.193892],[121.570763,39.192987],[121.577388,39.184656],[121.564646,39.184132],[121.56128,39.190533]]],[[[123.015471,39.268623],[123.015468,39.269534],[123.016106,39.268653],[123.015471,39.268623]]],[[[122.029206,39.031078],[122.0282,39.032776],[122.029266,39.032776],[122.029206,39.031078]]],[[[123.037214,39.545707],[123.039244,39.548525],[123.041389,39.549209],[123.040512,39.546197],[123.037214,39.545707]]],[[[122.495042,39.219548],[122.495612,39.22066],[122.496469,39.220113],[122.495042,39.219548]]],[[[122.942477,39.541713],[122.943451,39.543185],[122.943856,39.542825],[122.942477,39.541713]]],[[[122.755069,39.225547],[122.756302,39.22727],[122.760709,39.226864],[122.759949,39.224433],[122.755069,39.225547]]],[[[122.745861,39.224029],[122.747786,39.226663],[122.750252,39.226056],[122.748275,39.223353],[122.745861,39.224029]]],[[[123.073912,39.637736],[123.074068,39.638839],[123.075266,39.638453],[123.073912,39.637736]]],[[[121.660218,39.303707],[121.660581,39.305703],[121.662576,39.304789],[121.660218,39.303707]]],[[[123.073155,39.652],[123.07575,39.651168],[123.075694,39.650146],[123.074509,39.65025],[123.073155,39.652]]],[[[122.597107,39.207095],[122.596317,39.208576],[122.598173,39.20862],[122.597107,39.207095]]],[[[121.59501,38.793128],[121.594828,38.795626],[121.597991,38.795292],[121.59501,38.793128]]],[[[122.735866,39.219778],[122.738281,39.223358],[122.741624,39.223308],[122.740965,39.220859],[122.735866,39.219778]]],[[[121.459601,39.798147],[121.462031,39.799232],[121.462821,39.798455],[121.461415,39.79609],[121.459601,39.798147]]],[[[122.654453,39.514774],[122.654557,39.516324],[122.655269,39.516093],[122.654453,39.514774]]],[[[123.105512,39.502917],[123.105208,39.503993],[123.106285,39.504101],[123.105512,39.502917]]],[[[122.940975,39.550708],[122.939981,39.552815],[122.942629,39.551767],[122.940975,39.550708]]],[[[122.929083,39.508322],[122.93025,39.511597],[122.931742,39.508398],[122.929083,39.508322]]],[[[123.044334,39.642478],[123.046829,39.644225],[123.048825,39.643296],[123.044334,39.642478]]],[[[123.078682,39.654735],[123.07858,39.656215],[123.07952,39.656125],[123.078682,39.654735]]],[[[122.770118,39.218977],[122.769989,39.219752],[122.770599,39.219707],[122.770118,39.218977]]],[[[121.582301,39.181922],[121.583194,39.183329],[121.583828,39.182409],[121.582301,39.181922]]],[[[122.801004,39.254805],[122.807499,39.255059],[122.809373,39.249236],[122.803229,39.247804],[122.801004,39.254805]]],[[[122.765608,39.234785],[122.76594,39.236965],[122.767179,39.235836],[122.765608,39.234785]]],[[[120.970278,38.956983],[120.973837,38.960587],[120.981079,38.957513],[120.98643,38.949678],[120.98412,38.946129],[120.978281,38.947202],[120.970278,38.956983]]],[[[122.713179,39.274943],[122.713287,39.276082],[122.714056,39.275505],[122.713179,39.274943]]],[[[122.670245,39.282333],[122.669971,39.283651],[122.670954,39.283307],[122.670245,39.282333]]],[[[121.594444,39.873572],[121.595616,39.87421],[121.597604,39.873572],[121.594444,39.873572]]],[[[123.202393,39.631586],[123.202584,39.632298],[123.202905,39.631899],[123.202393,39.631586]]],[[[122.770522,39.246359],[122.772379,39.247388],[122.773072,39.245886],[122.770522,39.246359]]],[[[121.632541,38.640873],[121.630095,38.642248],[121.632835,38.642317],[121.632541,38.640873]]],[[[121.668157,39.284675],[121.671448,39.286583],[121.67186,39.283707],[121.670746,39.282823],[121.668157,39.284675]]],[[[122.164721,38.673048],[122.162291,38.674365],[122.165311,38.674935],[122.164721,38.673048]]],[[[121.62523,38.836207],[121.624855,38.836793],[121.625499,38.836658],[121.62523,38.836207]]],[[[122.796293,39.216862],[122.796536,39.218381],[122.797074,39.21704],[122.796293,39.216862]]]]}},{"type":"Feature","properties":{"id":"cn:210202","name":"中山区","level":2},"geometry":{"type":"MultiPolygon","coordinates":[[[[121.621328,38.917178],[121.646102,38.932521],[121.65263,38.945638],[121.672005,38.940208],[121.672928,38.933065],[121.68222,38.928097],[121.714298,38.919159],[121.717709,38.915398],[121.718316,38.903046],[121.70658,38.886705],[121.708064,38.88069],[121.70394,38.872066],[121.698307,38.870477],[121.693047,38.864054],[121.683751,38.866174],[121.682664,38.872309],[121.678322,38.872125],[121.68046,38.874097],[121.677768,38.875377],[121.674774,38.871163],[121.677661,38.867868],[121.671466,38.861202],[121.628376,38.859792],[121.627221,38.863281],[121.621363,38.862157],[121.621562,38.865299],[121.630147,38.879002],[121.643681,38.879727],[121.645399,38.884731],[121.628517,38.897866],[121.625651,38.903646],[121.627032,38.913006],[121.624296,38.912721],[121.626093,38.915768],[121.621328,38.917178]]],[[[121.817624,38.87091],[121.821975,38.874049],[121.818623,38.880835],[121.827837,38.882889],[121.826779,38.886387],[121.819742,38.887897],[121.824306,38.890165],[121.822347,38.893743],[121.834819,38.894128],[121.829074,38.883099],[121.836712,38.872391],[121.825841,38.863181],[121.817624,38.87091]]],[[[121.82457,38.916525],[121.828619,38.917773],[121.836744,38.91591],[121.831588,38.91171],[121.82457,38.916525]]],[[[121.623443,38.85028],[121.622361,38.853085],[121.626688,38.851282],[121.623443,38.85028]]],[[[121.711513,38.884439],[121.713683,38.885512],[121.717213,38.883924],[121.714036,38.882955],[121.711513,38.884439]]],[[[121.609739,38.836145],[121.61252,38.838431],[121.614638,38.836238],[121.6129,38.835369],[121.609739,38.836145]]],[[[121.632541,38.640873],[121.630095,38.642248],[121.632835,38.642317],[121.632541,38.640873]]],[[[122.164721,38.673048],[122.162291,38.674365],[122.165311,38.674935],[122.164721,38.673048]]],[[[121.62523,38.836207],[121.624855,38.836793],[121.625499,38.836658],[121.62523,38.836207]]]]}},{"type":"Feature","properties":{"id":"cn:210203","name":"西岗区","level":2},"geometry":{"type":"MultiPolygon","coordinates":[[[[121.581934,38.931737],[121.587717,38.937079],[121.590547,38.947886],[121.614071,38.949222],[121.616412,38.938049],[121.619889,38.936413],[121.65263,38.945638],[121.646102,38.932521],[121.621588,38.919232],[121.626093,38.915768],[121.624296,38.912721],[121.627032,38.913006],[121.625651,38.903646],[121.628517,38.897866],[121.637482,38.889627],[121.644487,38.887569],[121.643862,38.879826],[121.630147,38.879002],[121.621363,38.862157],[121.612508,38.862044],[121.599305,38.870755],[121.595781,38.880741],[121.599114,38.885776],[121.596744,38.886896],[121.600018,38.891028],[121.605737,38.891939],[121.599005,38.89187],[121.595573,38.896833],[121.598633,38.900111],[121.594566,38.905959],[121.602465,38.909409],[121.600564,38.92115],[121.587885,38.925547],[121.581934,38.931737]]],[[[121.616753,38.852255],[121.61859,38.855899],[121.618747,38.852264],[121.616753,38.852255]]]]}},{"type":"Feature","properties":{"id":"cn:210204","name":"沙河口区","level":2},"geometry":{"type":"Polygon","coordinates":[[[121.528403,38.876904],[121.533424,38.887122],[121.536932,38.886132],[121.531658,38.894018],[121.534786,38.894287],[121.532917,38.901485],[121.537994,38.904111],[121.531582,38.911394],[121.541886,38.918768],[121.540076,38.923201],[121.549082,38.91967],[121.549831,38.921639],[121.547063,38.930601],[121.534252,38.937984],[121.535181,38.945619],[121.55696,38.947769],[121.558784,38.943176],[121.577753,38.946004],[121.582283,38.943985],[121.590399,38.94783],[121.587717,38.937079],[121.581934,38.931737],[121.587885,38.925547],[121.600564,38.92115],[121.602465,38.909409],[121.594566,38.905959],[121.598633,38.900111],[121.595573,38.896833],[121.599005,38.89187],[121.605737,38.891939],[121.600018,38.891028],[121.596744,38.886896],[121.599114,38.885776],[121.595781,38.880741],[121.599305,38.870755],[121.562916,38.874974],[121.554956,38.865655],[121.540486,38.863212],[121.532056,38.867876],[121.528403,38.876904]]]}},{"type":"Feature","properties":{"id":"cn:210211","name":"甘井子区","level":2},"geometry":{"type":"MultiPolygon","coordinates":[[[[121.274882,38.954907],[121.281333,38.965128],[121.274898,38.972726],[121.296701,38.973741],[121.308663,38.969349],[121.320634,38.971471],[121.335572,38.979487],[121.337812,38.984774],[121.33368,39.000599],[121.315772,39.001016],[121.312509,39.01427],[121.323836,39.016645],[121.328124,39.026757],[121.338333,39.029119],[121.336666,39.036584],[121.339653,39.041679],[121.359036,39.045382],[121.368368,39.061085],[121.380556,39.059549],[121.385556,39.049301],[121.404774,39.03832],[121.411744,39.027942],[121.428985,39.026393],[121.454714,39.031276],[121.465972,39.024383],[121.502613,39.03309],[121.528567,39.051346],[121.554167,39.06344],[121.561525,39.072676],[121.580821,39.076962],[121.594164,39.09159],[121.594305,39.097776],[121.556705,39.128356],[121.587611,39.154666],[121.639765,39.114639],[121.637856,39.109758],[121.601215,39.079718],[121.599916,39.072403],[121.612561,39.07733],[121.629922,39.078246],[121.630694,39.085763],[121.639074,39.08971],[121.647306,39.078629],[121.65563,39.075106],[121.676122,39.086446],[121.698443,39.07597],[121.694068,39.071136],[121.695175,39.064771],[121.707286,39.058151],[121.705255,39.049637],[121.713762,39.038482],[121.72476,39.032213],[121.751736,39.024637],[121.752379,39.018376],[121.7596,39.009952],[121.755677,39.005569],[121.728507,38.997512],[121.700477,39.000907],[121.702941,39.006281],[121.696666,39.009974],[121.691223,39.003745],[121.676908,39.004767],[121.667995,39.009738],[121.663204,39.004498],[121.650895,39.002241],[121.670139,38.996197],[121.671614,38.987339],[121.65756,38.965356],[121.646467,38.961411],[121.644001,38.957469],[121.632829,38.95862],[121.627491,38.950564],[121.590547,38.947886],[121.584551,38.944161],[121.577753,38.946004],[121.558784,38.943176],[121.55696,38.947769],[121.535181,38.945619],[121.534252,38.937984],[121.547063,38.930601],[121.549831,38.921639],[121.549082,38.91967],[121.540076,38.923201],[121.541886,38.918768],[121.531582,38.911394],[121.537994,38.904111],[121.532917,38.901485],[121.534786,38.894287],[121.531658,38.894018],[121.536932,38.886132],[121.533424,38.887122],[121.528462,38.874395],[121.532056,38.867876],[121.546663,38.861827],[121.546698,38.858173],[121.542472,38.856238],[121.537673,38.846339],[121.52256,38.840746],[121.518767,38.831327],[121.506241,38.817999],[121.490798,38.81282],[121.486944,38.814053],[121.48901,38.821787],[121.470891,38.817761],[121.4708,38.824099],[121.465612,38.82837],[121.464399,38.831519],[121.472791,38.835388],[121.460822,38.849703],[121.465079,38.867138],[121.437182,38.876631],[121.440281,38.880332],[121.437722,38.879095],[121.431873,38.888478],[121.418075,38.892235],[121.416616,38.899737],[121.40795,38.901966],[121.393513,38.896021],[121.378779,38.901168],[121.378153,38.908737],[121.370277,38.912455],[121.373276,38.917821],[121.371819,38.924366],[121.357733,38.926364],[121.354471,38.937079],[121.342642,38.938809],[121.340196,38.935696],[121.341353,38.938188],[121.335222,38.942446],[121.334176,38.948761],[121.324562,38.947018],[121.326976,38.951685],[121.324078,38.954534],[121.307927,38.953748],[121.296232,38.945263],[121.277446,38.947081],[121.274882,38.954907]]],[[[121.303345,38.99403],[121.306622,39.00046],[121.308772,39.000596],[121.306468,38.993849],[121.303345,38.99403]]],[[[121.15274,39.087541],[121.154878,39.091787],[121.163541,39.095627],[121.173158,39.090631],[121.169,39.084797],[121.164985,39.087628],[121.156293,39.083614],[121.15274,39.087541]]],[[[121.218655,39.10633],[121.225809,39.108994],[121.234123,39.106482],[121.228644,39.102981],[121.218655,39.10633]]],[[[121.523056,38.815433],[121.523281,38.821124],[121.525777,38.818842],[121.523056,38.815433]]],[[[121.180699,39.092241],[121.183929,39.092805],[121.184891,39.090413],[121.182335,39.090579],[121.180699,39.092241]]],[[[121.515416,38.821579],[121.51695,38.82556],[121.52109,38.821746],[121.519255,38.819753],[121.515416,38.821579]]],[[[121.322561,38.998047],[121.326854,38.999917],[121.327925,38.998672],[121.324496,38.996766],[121.322561,38.998047]]],[[[121.528702,38.819254],[121.527889,38.82204],[121.530299,38.821169],[121.528702,38.819254]]],[[[121.53654,38.821109],[121.536768,38.823252],[121.538105,38.821707],[121.53654,38.821109]]],[[[121.59501,38.793128],[121.594828,38.795626],[121.597991,38.795292],[121.59501,38.793128]]]]}},{"type":"Feature","properties":{"id":"cn:210212","name":"旅顺口区","level":2},"geometry":{"type":"MultiPolygon","coordinates":[[[[121.081397,38.906145],[121.087231,38.927426],[121.10687,38.941488],[121.118117,38.956545],[121.174896,38.958923],[121.191562,38.952274],[121.199019,38.940039],[121.216076,38.939839],[121.221484,38.942196],[121.231085,38.955165],[121.263385,38.961463],[121.274898,38.972726],[121.281333,38.965128],[121.274882,38.954907],[121.277446,38.947081],[121.296232,38.945263],[121.307927,38.953748],[121.324078,38.954534],[121.326976,38.951685],[121.324562,38.947018],[121.334176,38.948761],[121.335222,38.942446],[121.341353,38.938188],[121.340196,38.935696],[121.342642,38.938809],[121.354471,38.937079],[121.357733,38.926364],[121.371819,38.924366],[121.373276,38.917821],[121.370277,38.912455],[121.378153,38.908737],[121.378779,38.901168],[121.393513,38.896021],[121.40795,38.901966],[121.416616,38.899737],[121.418075,38.892235],[121.431873,38.888478],[121.437722,38.879095],[121.440281,38.880332],[121.437182,38.876631],[121.442743,38.876419],[121.451727,38.86965],[121.464388,38.867781],[121.460822,38.849703],[121.465987,38.845718],[121.466182,38.841633],[121.47231,38.83864],[121.471109,38.833214],[121.464399,38.831519],[121.4708,38.824099],[121.470891,38.817761],[121.45967,38.814631],[121.440112,38.816028],[121.423359,38.810195],[121.393458,38.811534],[121.354071,38.821315],[121.334965,38.818094],[121.324886,38.813272],[121.320946,38.800417],[121.305243,38.790026],[121.254679,38.785551],[121.232517,38.763224],[121.219426,38.755473],[121.20901,38.732638],[121.193923,38.720634],[121.177734,38.718914],[121.132526,38.721849],[121.128307,38.724192],[121.121431,38.755329],[121.105937,38.778936],[121.108507,38.785425],[121.123087,38.792098],[121.123257,38.798163],[121.108237,38.821201],[121.104244,38.850116],[121.105529,38.860972],[121.109826,38.867643],[121.122569,38.875611],[121.123662,38.876853],[121.124201,38.878168],[121.124167,38.879375],[121.117977,38.889574],[121.088498,38.89322],[121.084305,38.896597],[121.081397,38.906145]]],[[[121.117176,38.879988],[121.118871,38.881827],[121.124003,38.878388],[121.120256,38.875965],[121.117176,38.879988]]],[[[121.021017,38.869258],[121.031501,38.872424],[121.03874,38.868303],[121.024288,38.86632],[121.021017,38.869258]]],[[[120.970278,38.956983],[120.973837,38.960587],[120.981079,38.957513],[120.98643,38.949678],[120.98412,38.946129],[120.978281,38.947202],[120.970278,38.956983]]]]}},{"type":"Feature","properties":{"id":"cn:210213","name":"金州区","level":2},"geometry":{"type":"MultiPolygon","coordinates":[[[[121.560354,39.438806],[121.594603,39.471233],[121.601376,39.471633],[121.599413,39.478398],[121.618561,39.493842],[121.633924,39.493776],[121.644322,39.490443],[121.645664,39.48558],[121.652474,39.481692],[121.662726,39.481809],[121.672553,39.484762],[121.675065,39.493985],[121.672014,39.498523],[121.678183,39.507015],[121.6936,39.508543],[121.704438,39.516697],[121.716193,39.518592],[121.729828,39.509885],[121.738687,39.51767],[121.737234,39.522259],[121.750456,39.53661],[121.765941,39.538575],[121.772975,39.529082],[121.781236,39.523554],[121.784876,39.526011],[121.786705,39.52081],[121.790485,39.522573],[121.793655,39.519517],[121.800313,39.524139],[121.806471,39.535626],[121.817835,39.529783],[121.829206,39.532994],[121.830431,39.529968],[121.824452,39.529568],[121.833753,39.526719],[121.822711,39.511032],[121.843794,39.510591],[121.840348,39.516032],[121.848203,39.521559],[121.850695,39.513248],[121.854764,39.510435],[121.880776,39.502284],[121.886482,39.489822],[121.894854,39.499151],[121.904599,39.502039],[121.906732,39.4926],[121.898651,39.491746],[121.890879,39.480258],[121.894994,39.46699],[121.891812,39.463],[121.89362,39.455987],[121.888322,39.450558],[121.889252,39.439172],[121.879763,39.433248],[121.885004,39.427087],[121.896905,39.425701],[121.905321,39.418614],[121.916008,39.416953],[121.926188,39.403689],[121.922544,39.40081],[121.894382,39.400431],[121.894543,39.397332],[121.902616,39.397333],[121.905878,39.392028],[121.897636,39.391233],[121.897697,39.395717],[121.891107,39.396403],[121.89042,39.390434],[121.879179,39.393618],[121.880967,39.390827],[121.870019,39.383412],[121.859122,39.390801],[121.848366,39.381873],[121.854433,39.369265],[121.866152,39.360559],[121.861211,39.352628],[121.866051,39.353166],[121.880667,39.34498],[121.899221,39.350863],[121.91686,39.348171],[121.920806,39.339744],[121.915187,39.329003],[121.92079,39.329116],[121.927955,39.324364],[121.935092,39.328851],[121.953827,39.326301],[121.964926,39.332896],[121.966055,39.326534],[121.973969,39.326973],[121.976489,39.330447],[121.978565,39.324559],[121.981226,39.328912],[121.984323,39.326254],[121.991052,39.329041],[121.996071,39.326399],[121.996831,39.321376],[122.014223,39.320354],[122.024723,39.333278],[122.034285,39.335927],[122.04165,39.326425],[122.042459,39.333327],[122.046271,39.335481],[122.043277,39.329253],[122.047191,39.332252],[122.049505,39.328316],[122.053294,39.33162],[122.054546,39.323355],[122.061462,39.328777],[122.088917,39.321442],[122.092196,39.324785],[122.099564,39.32286],[122.1051,39.328656],[122.112305,39.321348],[122.122153,39.327345],[122.129808,39.317866],[122.141283,39.324913],[122.151591,39.318322],[122.159698,39.321582],[122.168789,39.315191],[122.1685,39.306067],[122.171849,39.303858],[122.173292,39.311588],[122.17613,39.310009],[122.182466,39.31399],[122.188115,39.307469],[122.190798,39.312835],[122.200991,39.310163],[122.202052,39.313409],[122.225288,39.316175],[122.229071,39.311111],[122.26411,39.310848],[122.242847,39.269501],[122.15519,39.23658],[122.136458,39.215508],[122.1121,39.212695],[122.112334,39.207543],[122.119132,39.201927],[122.11421,39.185065],[122.115616,39.173355],[122.162213,39.157669],[122.16526,39.149236],[122.159401,39.145959],[122.14184,39.147599],[122.12217,39.143615],[122.108202,39.134749],[122.080495,39.109193],[122.04513,39.107088],[122.044896,39.095143],[122.068081,39.069154],[122.065035,39.060252],[122.056605,39.059084],[122.015391,39.071727],[121.99151,39.068216],[121.984479,39.062595],[121.968559,39.03098],[121.962708,39.028407],[121.918446,39.05276],[121.902197,39.054879],[121.899748,39.05208],[121.902134,39.046307],[121.913042,39.044471],[121.924366,39.023989],[121.923246,39.0171],[121.917415,39.012985],[121.910244,39.013247],[121.902984,39.018583],[121.903597,39.024092],[121.899123,39.0276],[121.883584,39.026401],[121.847873,39.034826],[121.847473,39.028811],[121.850685,39.025199],[121.900234,38.998515],[121.896831,38.983672],[121.899036,38.974644],[121.916148,38.971007],[121.906858,38.963007],[121.892213,38.960195],[121.858311,38.941658],[121.828211,38.949565],[121.799722,38.970025],[121.80013,38.98648],[121.785078,39.021388],[121.757795,39.027404],[121.751736,39.024637],[121.72476,39.032213],[121.706754,39.046362],[121.707286,39.058151],[121.695175,39.064771],[121.694068,39.071136],[121.698443,39.07597],[121.694286,39.079173],[121.685351,39.080413],[121.676046,39.086456],[121.65563,39.075106],[121.647306,39.078629],[121.639074,39.08971],[121.651701,39.094618],[121.677243,39.117032],[121.678296,39.121057],[121.661416,39.13253],[121.657204,39.145959],[121.647135,39.146741],[121.645069,39.156276],[121.638828,39.15681],[121.637717,39.16328],[121.599298,39.165374],[121.594888,39.16847],[121.582127,39.196458],[121.585747,39.202547],[121.597344,39.208316],[121.585859,39.21638],[121.584436,39.22559],[121.597647,39.229744],[121.627109,39.225438],[121.626293,39.229292],[121.618985,39.232612],[121.619271,39.237929],[121.630468,39.235269],[121.637022,39.24049],[121.634462,39.243338],[121.614999,39.243815],[121.603715,39.256063],[121.590842,39.247704],[121.584653,39.262],[121.58506,39.270616],[121.593784,39.278177],[121.615355,39.276966],[121.62105,39.284913],[121.63861,39.278268],[121.65309,39.282661],[121.667439,39.274709],[121.680851,39.281237],[121.681683,39.287643],[121.676936,39.292626],[121.664357,39.289661],[121.658785,39.291796],[121.65783,39.297018],[121.663055,39.302383],[121.662716,39.309726],[121.697093,39.325468],[121.711166,39.316526],[121.713785,39.319393],[121.713456,39.331402],[121.705978,39.34191],[121.717312,39.355271],[121.719414,39.363376],[121.716363,39.366992],[121.710667,39.365446],[121.687212,39.352077],[121.681935,39.346095],[121.667511,39.346916],[121.652147,39.342577],[121.631458,39.335972],[121.616319,39.325161],[121.566571,39.321107],[121.584815,39.370214],[121.585767,39.384774],[121.603878,39.389687],[121.592025,39.400308],[121.602504,39.412144],[121.597341,39.425601],[121.587209,39.425709],[121.588473,39.4299],[121.579536,39.428723],[121.566895,39.43811],[121.560354,39.438806]]],[[[122.278203,39.278476],[122.292405,39.27544],[122.297316,39.277145],[122.298599,39.273661],[122.288264,39.265888],[122.28881,39.269542],[122.279906,39.273356],[122.280957,39.277106],[122.278203,39.278476]]],[[[121.439703,39.203308],[121.456666,39.204742],[121.459997,39.198826],[121.471802,39.19428],[121.476873,39.187134],[121.468442,39.18619],[121.464699,39.192675],[121.454186,39.200076],[121.439703,39.203308]]],[[[121.480564,39.199045],[121.482097,39.202875],[121.488618,39.203027],[121.493082,39.20712],[121.497414,39.20456],[121.497655,39.201058],[121.491878,39.199921],[121.488464,39.192721],[121.480564,39.199045]]],[[[122.180425,39.16414],[122.181934,39.166398],[122.18497,39.165744],[122.183074,39.16397],[122.180425,39.16414]]],[[[121.605982,39.16269],[121.609748,39.164193],[121.613793,39.16204],[121.611805,39.158911],[121.605982,39.16269]]],[[[121.491843,39.23962],[121.49362,39.240962],[121.494618,39.240802],[121.494339,39.239674],[121.491843,39.23962]]],[[[122.162643,39.20208],[122.160386,39.205075],[122.166111,39.20746],[122.162643,39.20208]]],[[[121.600815,39.248902],[121.604669,39.250499],[121.604384,39.246146],[121.602138,39.246326],[121.600815,39.248902]]],[[[121.98556,38.962672],[121.9847,38.965303],[121.987428,38.963628],[121.98556,38.962672]]],[[[121.56128,39.190533],[121.563116,39.193892],[121.570763,39.192987],[121.577388,39.184656],[121.564646,39.184132],[121.56128,39.190533]]],[[[122.029206,39.031078],[122.0282,39.032776],[122.029266,39.032776],[122.029206,39.031078]]],[[[121.660218,39.303707],[121.660581,39.305703],[121.662576,39.304789],[121.660218,39.303707]]],[[[121.582301,39.181922],[121.583194,39.183329],[121.583828,39.182409],[121.582301,39.181922]]],[[[121.668157,39.284675],[121.671448,39.286583],[121.67186,39.283707],[121.670746,39.282823],[121.668157,39.284675]]]]}},{"type":"Feature","properties":{"id":"cn:210214","name":"普兰店区","level":2},"geometry":{"type":"MultiPolygon","coordinates":[[[[121.848366,39.381873],[121.859122,39.390801],[121.870019,39.383412],[121.880967,39.390827],[121.879179,39.393618],[121.89042,39.390434],[121.891107,39.396403],[121.897697,39.395717],[121.897636,39.391233],[121.905878,39.392028],[121.902616,39.397333],[121.894543,39.397332],[121.894382,39.400431],[121.926469,39.401562],[121.916008,39.416953],[121.905321,39.418614],[121.896905,39.425701],[121.885004,39.427087],[121.879763,39.433248],[121.889252,39.439172],[121.888322,39.450558],[121.89362,39.455987],[121.891812,39.463],[121.894994,39.46699],[121.890879,39.480258],[121.898651,39.491746],[121.906732,39.4926],[121.906879,39.479772],[121.914615,39.479044],[121.924591,39.501979],[121.932049,39.507448],[121.962081,39.508178],[121.964509,39.512381],[121.965679,39.509438],[121.982356,39.503579],[121.998975,39.504611],[122.005792,39.507517],[122.006467,39.513247],[122.028425,39.51847],[122.050315,39.503871],[122.062745,39.506345],[122.063398,39.502183],[122.066333,39.502354],[122.069897,39.505994],[122.069067,39.512637],[122.072512,39.518445],[122.081513,39.522077],[122.08049,39.528848],[122.084065,39.534658],[122.09224,39.540082],[122.093646,39.54532],[122.102681,39.547356],[122.118428,39.561814],[122.12628,39.563067],[122.136727,39.559348],[122.144512,39.568839],[122.152289,39.569307],[122.158312,39.564805],[122.163235,39.570358],[122.183441,39.578004],[122.190628,39.592843],[122.171108,39.598349],[122.155512,39.611468],[122.146216,39.613998],[122.143755,39.62769],[122.123609,39.647184],[122.123183,39.657045],[122.132035,39.67268],[122.127427,39.691283],[122.137656,39.709287],[122.15915,39.717516],[122.147398,39.728774],[122.148341,39.741604],[122.127534,39.749911],[122.120584,39.748963],[122.115832,39.757204],[122.099126,39.758614],[122.116374,39.77796],[122.108498,39.782024],[122.109734,39.790929],[122.134801,39.792456],[122.129657,39.803134],[122.133095,39.812498],[122.162325,39.813285],[122.182213,39.807147],[122.19032,39.812382],[122.171518,39.82815],[122.172586,39.859283],[122.203271,39.879934],[122.211796,39.889522],[122.220859,39.922443],[122.233332,39.93052],[122.244652,39.930568],[122.258723,39.935937],[122.275234,39.954857],[122.280729,39.966194],[122.289704,39.972808],[122.299331,39.978068],[122.328915,39.983571],[122.338853,39.981055],[122.352473,39.968112],[122.36812,39.9648],[122.394895,39.970707],[122.398403,39.964495],[122.412479,39.970625],[122.413013,39.967129],[122.472239,39.938138],[122.491936,39.934518],[122.496415,39.925731],[122.510703,39.918832],[122.513993,39.914717],[122.504209,39.901198],[122.504817,39.896167],[122.522395,39.895972],[122.522421,39.889335],[122.494947,39.874587],[122.492829,39.869331],[122.495285,39.86039],[122.503341,39.850642],[122.504608,39.842759],[122.487569,39.826058],[122.497829,39.81203],[122.486214,39.782954],[122.491387,39.752907],[122.496474,39.745195],[122.523679,39.734673],[122.544916,39.731391],[122.551707,39.726637],[122.557052,39.713244],[122.589287,39.678145],[122.585979,39.647503],[122.604295,39.635549],[122.607767,39.62936],[122.603279,39.621817],[122.580476,39.623215],[122.567671,39.612195],[122.562758,39.604186],[122.56327,39.598336],[122.579963,39.587741],[122.579538,39.580623],[122.553437,39.5752],[122.512413,39.535147],[122.509357,39.526966],[122.512578,39.512812],[122.535469,39.502807],[122.553524,39.489375],[122.577031,39.463319],[122.564859,39.451287],[122.570115,39.436994],[122.569865,39.428826],[122.560548,39.425168],[122.561178,39.413482],[122.552867,39.399644],[122.544802,39.393344],[122.536734,39.392321],[122.513904,39.401432],[122.504673,39.409934],[122.493845,39.400657],[122.450529,39.401803],[122.446349,39.410418],[122.407856,39.410334],[122.394126,39.390332],[122.366312,39.379224],[122.358446,39.364435],[122.338355,39.350197],[122.319213,39.344315],[122.303821,39.344918],[122.301796,39.329763],[122.287279,39.335598],[122.270034,39.320968],[122.26411,39.310848],[122.229071,39.311111],[122.225288,39.316175],[122.202052,39.313409],[122.200991,39.310163],[122.190798,39.312835],[122.188115,39.307469],[122.182466,39.31399],[122.17613,39.310009],[122.173292,39.311588],[122.171849,39.303858],[122.1685,39.306067],[122.168789,39.315191],[122.159698,39.321582],[122.151591,39.318322],[122.141283,39.324913],[122.129808,39.317866],[122.122153,39.327345],[122.112305,39.321348],[122.1051,39.328656],[122.099564,39.32286],[122.092196,39.324785],[122.088917,39.321442],[122.061462,39.328777],[122.054546,39.323355],[122.053294,39.33162],[122.049505,39.328316],[122.047191,39.332252],[122.043277,39.329253],[122.046271,39.335481],[122.042459,39.333327],[122.04165,39.326425],[122.034285,39.335927],[122.024723,39.333278],[122.014223,39.320354],[121.996831,39.321376],[121.996071,39.326399],[121.991052,39.329041],[121.984323,39.326254],[121.981226,39.328912],[121.978565,39.324559],[121.976489,39.330447],[121.973969,39.326973],[121.966055,39.326534],[121.964926,39.332896],[121.953827,39.326301],[121.935092,39.328851],[121.927955,39.324364],[121.92079,39.329116],[121.915187,39.329003],[121.920806,39.339744],[121.91686,39.348171],[121.899221,39.350863],[121.880667,39.34498],[121.866051,39.353166],[121.861211,39.352628],[121.866152,39.360559],[121.854433,39.369265],[121.848366,39.381873]]],[[[122.424317,39.389634],[122.425604,39.396204],[122.427488,39.389679],[122.424317,39.389634]]],[[[122.314901,39.327007],[122.319098,39.343186],[122.330107,39.342059],[122.344173,39.346859],[122.347412,39.34293],[122.34946,39.336837],[122.343931,39.329106],[122.340398,39.327467],[122.334356,39.33013],[122.326625,39.324139],[122.314901,39.327007]]]]}},{"type":"Feature","properties":{"id":"cn:210224","name":"长海县","level":2},"geometry":{"type":"MultiPolygon","coordinates":[[[[122.491262,39.299467],[122.495248,39.298743],[122.495055,39.30132],[122.509704,39.298644],[122.514188,39.30416],[122.518442,39.301922],[122.51875,39.297725],[122.522941,39.296998],[122.524956,39.301937],[122.529565,39.301531],[122.535746,39.307193],[122.545306,39.298629],[122.542688,39.29504],[122.547671,39.285229],[122.550611,39.292492],[122.555904,39.295653],[122.555405,39.298907],[122.570391,39.283206],[122.588597,39.277504],[122.620708,39.279787],[122.62625,39.287123],[122.637195,39.287046],[122.644251,39.2783],[122.660852,39.271262],[122.666111,39.272524],[122.668635,39.268393],[122.684597,39.270702],[122.660827,39.25502],[122.643465,39.264944],[122.618489,39.26453],[122.605117,39.269649],[122.586287,39.270375],[122.582019,39.266809],[122.589208,39.264565],[122.580958,39.258647],[122.582151,39.249661],[122.580826,39.255035],[122.573306,39.255245],[122.574573,39.257252],[122.569926,39.26228],[122.574011,39.266159],[122.571141,39.270045],[122.549443,39.273699],[122.521857,39.286666],[122.507132,39.288106],[122.491262,39.299467]]],[[[122.31109,39.183532],[122.332484,39.185802],[122.336102,39.1917],[122.342242,39.19368],[122.338681,39.20246],[122.369659,39.203737],[122.375139,39.206029],[122.374386,39.210409],[122.39748,39.2177],[122.403353,39.216944],[122.397414,39.210294],[122.387271,39.21144],[122.383181,39.206431],[122.384751,39.202937],[122.378688,39.198272],[122.378188,39.189706],[122.385155,39.185932],[122.389518,39.175679],[122.388004,39.171372],[122.39371,39.16748],[122.393721,39.163617],[122.397882,39.163666],[122.393438,39.160799],[122.384318,39.161795],[122.378618,39.166727],[122.373797,39.164272],[122.370594,39.165996],[122.376346,39.169519],[122.375633,39.172639],[122.363411,39.17445],[122.357244,39.170235],[122.362052,39.164013],[122.356488,39.158981],[122.358775,39.154211],[122.336471,39.143167],[122.330904,39.145749],[122.323875,39.156388],[122.314639,39.15963],[122.313276,39.169585],[122.317766,39.173436],[122.31109,39.183532]]],[[[122.623483,39.231604],[122.631297,39.240858],[122.670217,39.239581],[122.674608,39.242979],[122.685179,39.2407],[122.691525,39.244285],[122.715523,39.245784],[122.714699,39.242015],[122.718252,39.241528],[122.722169,39.245311],[122.734215,39.247423],[122.738263,39.238366],[122.749726,39.233173],[122.747581,39.229071],[122.740731,39.228513],[122.734634,39.223413],[122.730887,39.224771],[122.729285,39.220564],[122.72739,39.224359],[122.723167,39.224806],[122.720699,39.222265],[122.724331,39.21785],[122.719226,39.213268],[122.706664,39.214791],[122.703784,39.212607],[122.704912,39.20943],[122.699701,39.210431],[122.700155,39.207009],[122.690952,39.204983],[122.687331,39.199337],[122.689826,39.208089],[122.687019,39.210593],[122.695827,39.217153],[122.695367,39.221126],[122.703305,39.225613],[122.699697,39.23139],[122.691747,39.230215],[122.689891,39.233234],[122.686367,39.230642],[122.685314,39.233753],[122.681242,39.233906],[122.672961,39.227113],[122.672518,39.231029],[122.667219,39.233978],[122.658531,39.22953],[122.650111,39.233242],[122.643428,39.228972],[122.643191,39.225522],[122.638003,39.2279],[122.637718,39.224435],[122.628999,39.228866],[122.625291,39.227089],[122.626327,39.230373],[122.623483,39.231604]]],[[[122.699522,39.042387],[122.70587,39.044008],[122.710612,39.041618],[122.709523,39.045962],[122.712768,39.049528],[122.71864,39.04914],[122.718963,39.04391],[122.723813,39.042316],[122.722547,39.037392],[122.725279,39.033759],[122.733009,39.033185],[122.73557,39.0374],[122.744033,39.034312],[122.744898,39.027162],[122.749874,39.025738],[122.747012,39.021606],[122.753748,39.02098],[122.751214,39.025198],[122.754476,39.02458],[122.758638,39.012811],[122.753219,39.008661],[122.730749,39.0162],[122.727192,39.012718],[122.718928,39.017191],[122.720295,39.020441],[122.715335,39.019436],[122.710928,39.025043],[122.706708,39.023569],[122.70481,39.027549],[122.715326,39.028651],[122.699522,39.042387]]],[[[122.398234,39.175884],[122.407111,39.180643],[122.420617,39.171265],[122.398234,39.175884]]],[[[122.412556,39.224641],[122.429788,39.235685],[122.438659,39.2338],[122.438684,39.230488],[122.444364,39.226491],[122.440166,39.223421],[122.437303,39.225579],[122.427313,39.223008],[122.426814,39.218931],[122.423155,39.224879],[122.412556,39.224641]]],[[[122.413888,39.266172],[122.417295,39.269154],[122.424872,39.267187],[122.429458,39.269214],[122.434697,39.263163],[122.443639,39.262982],[122.451767,39.256918],[122.439357,39.253655],[122.428453,39.263569],[122.413888,39.266172]]],[[[122.29492,39.20025],[122.301885,39.203104],[122.307993,39.204559],[122.302999,39.199744],[122.304616,39.196855],[122.298285,39.196829],[122.29492,39.20025]]],[[[122.582792,39.210683],[122.590746,39.212793],[122.589419,39.218972],[122.593454,39.220149],[122.593221,39.223723],[122.597724,39.2194],[122.601024,39.220114],[122.602061,39.226005],[122.606715,39.221901],[122.607375,39.214422],[122.592829,39.209156],[122.59318,39.205382],[122.582792,39.210683]]],[[[122.486367,39.232572],[122.496393,39.240016],[122.525351,39.233632],[122.54081,39.236632],[122.544334,39.234648],[122.541862,39.227318],[122.523836,39.222061],[122.49773,39.222837],[122.486367,39.232572]]],[[[122.810205,39.045465],[122.81376,39.048706],[122.813026,39.052187],[122.820135,39.050803],[122.822819,39.05355],[122.821132,39.059139],[122.82975,39.055952],[122.835455,39.048066],[122.818584,39.040359],[122.810205,39.045465]]],[[[122.795762,39.07893],[122.803324,39.081152],[122.808042,39.07549],[122.812638,39.076017],[122.812305,39.067501],[122.800516,39.071989],[122.795762,39.07893]]],[[[122.844608,39.068974],[122.85269,39.068464],[122.857337,39.064794],[122.861425,39.06837],[122.867882,39.063772],[122.872899,39.065908],[122.874756,39.061727],[122.872062,39.056665],[122.868392,39.056943],[122.864908,39.048582],[122.857104,39.050904],[122.853109,39.061403],[122.844608,39.068974]]],[[[122.488484,39.248104],[122.496991,39.247515],[122.498518,39.240335],[122.495616,39.240368],[122.494878,39.245737],[122.488484,39.248104]]],[[[122.765276,39.227698],[122.777759,39.230584],[122.786399,39.228077],[122.804093,39.229545],[122.806929,39.226972],[122.801422,39.222322],[122.788394,39.223707],[122.776571,39.217788],[122.772069,39.221399],[122.772861,39.224433],[122.767386,39.221827],[122.765276,39.227698]]],[[[122.774928,39.077849],[122.785644,39.078393],[122.794578,39.071515],[122.785392,39.068915],[122.774928,39.077849]]],[[[123.134921,39.07885],[123.137234,39.08957],[123.168764,39.085262],[123.171286,39.08915],[123.166242,39.101447],[123.178854,39.09924],[123.182848,39.093354],[123.180851,39.082528],[123.191571,39.079375],[123.198298,39.072334],[123.20019,39.055833],[123.191782,39.046163],[123.178013,39.039227],[123.16456,39.026194],[123.148689,39.026088],[123.142698,39.031029],[123.137023,39.042905],[123.14396,39.066973],[123.134921,39.07885]]],[[[122.560129,39.300029],[122.558297,39.304174],[122.562364,39.301389],[122.560129,39.300029]]],[[[122.302037,39.151224],[122.305146,39.151844],[122.307546,39.151061],[122.304448,39.149529],[122.302037,39.151224]]],[[[122.420705,39.168356],[122.422553,39.170655],[122.426815,39.168197],[122.424364,39.166502],[122.420705,39.168356]]],[[[122.583013,39.202553],[122.586461,39.203944],[122.590123,39.199901],[122.587577,39.198563],[122.583013,39.202553]]],[[[122.760984,39.234065],[122.763401,39.235617],[122.767878,39.23362],[122.764239,39.229903],[122.760984,39.234065]]],[[[122.981819,39.254798],[122.995904,39.262372],[123.007336,39.261346],[123.011689,39.257063],[123.006062,39.256285],[123.005991,39.251295],[122.999302,39.24772],[122.98681,39.250516],[122.981819,39.254798]]],[[[122.729047,39.251368],[122.732256,39.253589],[122.733757,39.25226],[122.729047,39.251368]]],[[[122.409428,39.209347],[122.409673,39.210836],[122.410523,39.210899],[122.409428,39.209347]]],[[[122.496328,39.220915],[122.49645,39.22249],[122.497422,39.221994],[122.496328,39.220915]]],[[[122.45548,39.255281],[122.455919,39.256416],[122.456541,39.255742],[122.45548,39.255281]]],[[[123.03294,39.274933],[123.038181,39.275355],[123.042951,39.273293],[123.0412,39.273045],[123.03294,39.274933]]],[[[123.015838,39.268129],[123.021065,39.267512],[123.022968,39.266236],[123.018242,39.266423],[123.015838,39.268129]]],[[[122.443123,39.218209],[122.443558,39.221062],[122.445114,39.220835],[122.443123,39.218209]]],[[[122.41331,39.196683],[122.41336,39.198098],[122.413754,39.19801],[122.41331,39.196683]]],[[[122.354641,39.233351],[122.35452,39.235583],[122.35524,39.233263],[122.354641,39.233351]]],[[[122.447055,39.215297],[122.449484,39.217485],[122.451644,39.216103],[122.45002,39.213163],[122.447055,39.215297]]],[[[122.996989,39.272211],[123.001253,39.272585],[123.00644,39.270306],[123.001148,39.269466],[122.996989,39.272211]]],[[[122.45438,39.256039],[122.45365,39.257906],[122.454198,39.258024],[122.45438,39.256039]]],[[[122.820028,39.035083],[122.818258,39.038098],[122.81946,39.038064],[122.820028,39.035083]]],[[[122.751441,39.232546],[122.754903,39.236261],[122.759225,39.232444],[122.753349,39.229574],[122.751441,39.232546]]],[[[122.985402,39.271887],[122.983404,39.274417],[122.985886,39.272132],[122.985402,39.271887]]],[[[123.210481,39.03764],[123.218165,39.039217],[123.222527,39.037237],[123.212763,39.03618],[123.210481,39.03764]]],[[[123.008091,39.269886],[123.007987,39.27079],[123.008671,39.270119],[123.008091,39.269886]]],[[[122.518096,39.243529],[122.517812,39.245676],[122.518921,39.245955],[122.518096,39.243529]]],[[[123.015471,39.268623],[123.015468,39.269534],[123.016106,39.268653],[123.015471,39.268623]]],[[[122.495042,39.219548],[122.495612,39.22066],[122.496469,39.220113],[122.495042,39.219548]]],[[[122.755069,39.225547],[122.756302,39.22727],[122.760709,39.226864],[122.759949,39.224433],[122.755069,39.225547]]],[[[122.745861,39.224029],[122.747786,39.226663],[122.750252,39.226056],[122.748275,39.223353],[122.745861,39.224029]]],[[[122.735866,39.219778],[122.738281,39.223358],[122.741624,39.223308],[122.740965,39.220859],[122.735866,39.219778]]],[[[122.597107,39.207095],[122.596317,39.208576],[122.598173,39.20862],[122.597107,39.207095]]],[[[122.770118,39.218977],[122.769989,39.219752],[122.770599,39.219707],[122.770118,39.218977]]],[[[122.801004,39.254805],[122.807499,39.255059],[122.809373,39.249236],[122.803229,39.247804],[122.801004,39.254805]]],[[[122.765608,39.234785],[122.76594,39.236965],[122.767179,39.235836],[122.765608,39.234785]]],[[[122.713179,39.274943],[122.713287,39.276082],[122.714056,39.275505],[122.713179,39.274943]]],[[[122.670245,39.282333],[122.669971,39.283651],[122.670954,39.283307],[122.670245,39.282333]]],[[[122.770522,39.246359],[122.772379,39.247388],[122.773072,39.245886],[122.770522,39.246359]]],[[[122.796293,39.216862],[122.796536,39.218381],[122.797074,39.21704],[122.796293,39.216862]]]]}},{"type":"Feature","properties":{"id":"cn:210281","name":"瓦房店市","level":2},"geometry":{"type":"MultiPolygon","coordinates":[[[[121.218733,39.53411],[121.22133,39.553748],[121.229341,39.564562],[121.273396,39.598004],[121.294141,39.604653],[121.320374,39.600095],[121.346441,39.607704],[121.390781,39.608993],[121.416198,39.619709],[121.444749,39.623658],[121.451242,39.636015],[121.448716,39.640321],[121.440051,39.643327],[121.440677,39.653572],[121.446459,39.656741],[121.47717,39.657965],[121.486815,39.664586],[121.492742,39.676281],[121.489699,39.687174],[121.49744,39.702006],[121.474792,39.727015],[121.45408,39.740695],[121.456303,39.748112],[121.476407,39.755591],[121.483541,39.764119],[121.483542,39.775847],[121.468117,39.795138],[121.469775,39.813151],[121.492301,39.819567],[121.504193,39.829926],[121.514193,39.843499],[121.527048,39.851976],[121.532804,39.871572],[121.541259,39.872825],[121.567066,39.864067],[121.584427,39.867035],[121.614453,39.878142],[121.6275,39.888827],[121.631198,39.90299],[121.657005,39.904084],[121.675846,39.924442],[121.694613,39.936057],[121.75921,39.932135],[121.77039,39.936567],[121.779792,39.962739],[121.758123,39.983387],[121.760637,39.994019],[121.819728,40.024256],[121.818147,40.035333],[121.82118,40.037576],[121.837927,40.04074],[121.849269,40.038102],[121.859686,40.050894],[121.879323,40.052214],[121.908967,40.075303],[121.919462,40.098898],[121.939795,40.119288],[121.970974,40.107592],[121.982804,40.086528],[121.981423,40.08059],[121.974827,40.075656],[121.977691,40.060573],[121.988315,40.05105],[122.00533,40.050512],[122.015694,40.057],[122.03899,40.061074],[122.042611,40.06683],[122.055642,40.062822],[122.063844,40.066248],[122.068062,40.054921],[122.076979,40.053638],[122.084715,40.037426],[122.096846,40.042024],[122.112818,40.042317],[122.121095,40.040124],[122.135059,40.029092],[122.152068,40.0343],[122.169762,40.025832],[122.175059,40.011338],[122.188884,40.006683],[122.195662,39.99648],[122.215112,39.999698],[122.237518,40.020828],[122.243674,40.01626],[122.244172,40.010893],[122.257137,40.002624],[122.254087,39.988201],[122.264431,39.982796],[122.264695,39.97776],[122.279974,39.964637],[122.275234,39.954857],[122.258723,39.935937],[122.244652,39.930568],[122.233332,39.93052],[122.220859,39.922443],[122.211796,39.889522],[122.203271,39.879934],[122.172586,39.859283],[122.171518,39.82815],[122.19032,39.812382],[122.182213,39.807147],[122.162325,39.813285],[122.133095,39.812498],[122.129657,39.803134],[122.134801,39.792456],[122.117973,39.793037],[122.109734,39.790929],[122.107398,39.786544],[122.108498,39.782024],[122.116374,39.77796],[122.099147,39.758364],[122.115832,39.757204],[122.120584,39.748963],[122.127534,39.749911],[122.148341,39.741604],[122.147398,39.728774],[122.15915,39.717516],[122.137656,39.709287],[122.127427,39.691283],[122.132035,39.67268],[122.123183,39.657045],[122.123609,39.647184],[122.143755,39.62769],[122.146216,39.613998],[122.155512,39.611468],[122.171108,39.598349],[122.190628,39.592843],[122.181225,39.575679],[122.163235,39.570358],[122.158312,39.564805],[122.152289,39.569307],[122.144512,39.568839],[122.136727,39.559348],[122.12628,39.563067],[122.118428,39.561814],[122.102681,39.547356],[122.093646,39.54532],[122.09224,39.540082],[122.08049,39.528848],[122.081513,39.522077],[122.070981,39.516084],[122.069897,39.505994],[122.066333,39.502354],[122.063398,39.502183],[122.062745,39.506345],[122.050315,39.503871],[122.028425,39.51847],[122.006467,39.513247],[122.005792,39.507517],[121.998975,39.504611],[121.982356,39.503579],[121.962946,39.512204],[121.962081,39.508178],[121.932049,39.507448],[121.924591,39.501979],[121.914615,39.479044],[121.906879,39.479772],[121.903453,39.502875],[121.90038,39.499164],[121.894854,39.499151],[121.886482,39.489822],[121.880776,39.502284],[121.854764,39.510435],[121.850695,39.513248],[121.848203,39.521559],[121.840348,39.516032],[121.843794,39.510591],[121.822711,39.511032],[121.833753,39.526719],[121.824452,39.529568],[121.830431,39.529968],[121.829206,39.532994],[121.817835,39.529783],[121.806471,39.535626],[121.800313,39.524139],[121.793655,39.519517],[121.790485,39.522573],[121.786705,39.52081],[121.784876,39.526011],[121.781236,39.523554],[121.772975,39.529082],[121.765941,39.538575],[121.748524,39.535849],[121.743281,39.526294],[121.737234,39.522259],[121.738687,39.51767],[121.729828,39.509885],[121.716193,39.518592],[121.704438,39.516697],[121.6936,39.508543],[121.678183,39.507015],[121.672014,39.498523],[121.675065,39.493985],[121.670724,39.484049],[121.652474,39.481692],[121.645664,39.48558],[121.644322,39.490443],[121.633924,39.493776],[121.61565,39.492805],[121.599413,39.478398],[121.601376,39.471633],[121.594603,39.471233],[121.560498,39.440096],[121.560962,39.437454],[121.566895,39.43811],[121.579536,39.428723],[121.586874,39.430414],[121.587209,39.425709],[121.597341,39.425601],[121.602504,39.412144],[121.592025,39.400308],[121.603878,39.389687],[121.585767,39.384774],[121.584815,39.370214],[121.566571,39.321107],[121.557349,39.321862],[121.551016,39.315529],[121.550548,39.310604],[121.510371,39.285492],[121.506282,39.285993],[121.50316,39.291006],[121.49278,39.279992],[121.479403,39.281618],[121.469518,39.294943],[121.459854,39.299954],[121.461286,39.318564],[121.456276,39.322859],[121.430508,39.328585],[121.427671,39.355934],[121.415938,39.364848],[121.395998,39.360572],[121.377882,39.369492],[121.349228,39.376523],[121.318949,39.370304],[121.314357,39.373277],[121.31322,39.387291],[121.309324,39.39003],[121.302751,39.389967],[121.26506,39.372856],[121.254332,39.374388],[121.251424,39.382969],[121.240008,39.3899],[121.240321,39.395108],[121.252804,39.406441],[121.243845,39.415516],[121.242309,39.422869],[121.246901,39.426163],[121.26046,39.425399],[121.265364,39.430299],[121.264827,39.432981],[121.250192,39.434325],[121.240667,39.455574],[121.296378,39.475008],[121.29842,39.486835],[121.292795,39.490278],[121.283471,39.48547],[121.279486,39.490865],[121.288164,39.494768],[121.279349,39.506167],[121.26777,39.494804],[121.263027,39.481348],[121.255338,39.481604],[121.244123,39.498485],[121.228533,39.506454],[121.22053,39.514479],[121.218733,39.53411]]],[[[121.459601,39.798147],[121.462031,39.799232],[121.462821,39.798455],[121.461415,39.79609],[121.459601,39.798147]]],[[[121.594444,39.873572],[121.595616,39.87421],[121.597604,39.873572],[121.594444,39.873572]]]]}},{"type":"Feature","properties":{"id":"cn:210283","name":"庄河市","level":2},"geometry":{"type":"MultiPolygon","coordinates":[[[[122.486215,39.779652],[122.497916,39.81025],[122.487907,39.827668],[122.502916,39.838519],[122.504608,39.842759],[122.503341,39.850642],[122.492829,39.866874],[122.493758,39.872469],[122.522421,39.889335],[122.522395,39.895972],[122.504817,39.896167],[122.504209,39.901198],[122.513993,39.914717],[122.505667,39.927341],[122.524983,39.940488],[122.546621,39.937918],[122.556136,39.941062],[122.555504,39.944708],[122.544565,39.953266],[122.551222,39.971837],[122.53446,39.970528],[122.538114,39.990977],[122.522337,39.993958],[122.514137,39.999254],[122.519884,40.012728],[122.532704,40.015502],[122.538742,40.011578],[122.546795,40.01928],[122.54604,40.023431],[122.530491,40.030957],[122.524837,40.043835],[122.532373,40.059777],[122.538754,40.061014],[122.546348,40.056103],[122.553828,40.057462],[122.564547,40.048683],[122.572787,40.054542],[122.601972,40.051468],[122.61255,40.062903],[122.623801,40.060738],[122.645573,40.064679],[122.653687,40.060946],[122.68938,40.069728],[122.704704,40.066157],[122.708952,40.069804],[122.710413,40.07761],[122.722329,40.084328],[122.728071,40.093401],[122.741633,40.09631],[122.761754,40.108402],[122.773867,40.11072],[122.792267,40.10529],[122.795395,40.101593],[122.808644,40.102107],[122.810387,40.110042],[122.819226,40.119405],[122.825374,40.121106],[122.830048,40.117983],[122.8464,40.123838],[122.848881,40.13102],[122.853148,40.133255],[122.850789,40.139583],[122.844474,40.142496],[122.843584,40.154233],[122.848801,40.153383],[122.853578,40.157958],[122.860129,40.174256],[122.864601,40.17767],[122.863263,40.180582],[122.873463,40.184249],[122.875974,40.193876],[122.888865,40.203982],[122.885687,40.186151],[122.930747,40.177566],[122.934801,40.168507],[122.935434,40.150604],[122.955296,40.122301],[122.964315,40.117236],[122.98336,40.115547],[122.976423,40.101983],[122.988524,40.080543],[123.004818,40.071597],[123.02041,40.070959],[123.026141,40.060692],[123.048369,40.058646],[123.066189,40.038867],[123.074688,40.053529],[123.095572,40.072181],[123.106061,40.06862],[123.104691,40.065675],[123.112224,40.061929],[123.121105,40.074594],[123.1284,40.077915],[123.13766,40.070549],[123.162207,40.066129],[123.167135,40.068991],[123.175563,40.063791],[123.186294,40.063516],[123.22014,40.048273],[123.23678,40.035377],[123.261094,40.037843],[123.271789,40.020082],[123.281276,40.013138],[123.290955,40.015586],[123.294036,40.02306],[123.305182,40.025005],[123.333177,40.01816],[123.354617,40.000298],[123.36798,40.002184],[123.37243,39.99869],[123.386277,40.012159],[123.39893,40.007679],[123.401985,39.997533],[123.395172,39.991622],[123.395785,39.980271],[123.37104,39.969613],[123.379134,39.953319],[123.387437,39.952836],[123.387969,39.948414],[123.390172,39.949087],[123.389821,39.945571],[123.384945,39.944723],[123.387693,39.942919],[123.385389,39.934378],[123.393181,39.932912],[123.389177,39.928866],[123.391976,39.924461],[123.3994,39.927295],[123.401459,39.933234],[123.405486,39.933464],[123.415514,39.932045],[123.431286,39.921142],[123.442714,39.926994],[123.441349,39.920784],[123.443669,39.920003],[123.450884,39.927648],[123.458586,39.923042],[123.453241,39.916711],[123.466302,39.922925],[123.484902,39.897845],[123.46917,39.881425],[123.470859,39.866857],[123.4773,39.858489],[123.494444,39.850499],[123.498739,39.842448],[123.490702,39.84006],[123.488584,39.826253],[123.493389,39.823506],[123.494385,39.817817],[123.50901,39.812977],[123.513246,39.797261],[123.513195,39.769005],[123.497328,39.768839],[123.496497,39.761113],[123.487442,39.75696],[123.479135,39.761446],[123.475459,39.760238],[123.471875,39.745481],[123.452265,39.744635],[123.440659,39.730299],[123.436553,39.732643],[123.413619,39.729353],[123.386743,39.722189],[123.3802,39.731603],[123.382382,39.745954],[123.341552,39.748521],[123.334891,39.754634],[123.299006,39.75134],[123.286405,39.756735],[123.27664,39.7568],[123.269635,39.754444],[123.277011,39.74269],[123.268854,39.736314],[123.258352,39.739502],[123.252143,39.746384],[123.241326,39.747919],[123.238496,39.745285],[123.240041,39.7413],[123.258259,39.736971],[123.270541,39.727782],[123.264817,39.713458],[123.282514,39.704243],[123.282194,39.69954],[123.27905,39.699301],[123.278406,39.693561],[123.267152,39.69618],[123.259836,39.691174],[123.247561,39.688586],[123.241862,39.693974],[123.227827,39.69669],[123.210058,39.695341],[123.209346,39.686973],[123.218617,39.684334],[123.221387,39.680471],[123.220292,39.675384],[123.213339,39.671664],[123.209398,39.664681],[123.213813,39.655855],[123.210013,39.654967],[123.206143,39.665688],[123.200513,39.668875],[123.161039,39.672628],[123.15432,39.668214],[123.140535,39.64571],[123.131715,39.6437],[123.126152,39.645297],[123.126803,39.654178],[123.121907,39.659499],[123.097602,39.675463],[123.093426,39.673179],[123.095718,39.660067],[123.083903,39.661841],[123.080842,39.657967],[123.072818,39.661486],[123.071291,39.667346],[123.046881,39.659594],[123.043461,39.66515],[123.039372,39.665028],[123.029606,39.659556],[123.030746,39.654118],[123.041974,39.647539],[123.040833,39.642715],[123.029694,39.641312],[123.021053,39.658284],[123.005352,39.653811],[123.00509,39.649337],[123.015703,39.639513],[122.998379,39.634646],[122.976099,39.618242],[122.97347,39.601621],[122.967545,39.593786],[122.954288,39.597539],[122.943811,39.595364],[122.937104,39.603479],[122.902801,39.601113],[122.891916,39.604694],[122.855909,39.603586],[122.838703,39.593384],[122.842307,39.580579],[122.833857,39.571631],[122.816951,39.564173],[122.805761,39.578714],[122.794711,39.57832],[122.794131,39.57441],[122.805695,39.562755],[122.803747,39.558602],[122.725779,39.529771],[122.720376,39.530531],[122.681154,39.513741],[122.660918,39.521336],[122.649269,39.519754],[122.644503,39.515553],[122.639948,39.498455],[122.632005,39.487817],[122.621935,39.482482],[122.602821,39.479184],[122.590452,39.468828],[122.577031,39.463319],[122.553524,39.489375],[122.535469,39.502807],[122.512578,39.512812],[122.509357,39.526966],[122.512413,39.535147],[122.553437,39.5752],[122.579538,39.580623],[122.579963,39.587741],[122.56327,39.598336],[122.562758,39.604186],[122.567671,39.612195],[122.580476,39.623215],[122.603279,39.621817],[122.607263,39.626647],[122.607004,39.63216],[122.585979,39.647503],[122.589287,39.678145],[122.557052,39.713244],[122.551707,39.726637],[122.544916,39.731391],[122.523679,39.734673],[122.494522,39.746636],[122.486215,39.779652]]],[[[122.939264,39.519434],[122.951393,39.543634],[122.955386,39.542797],[122.956836,39.551139],[122.964309,39.554809],[122.969398,39.563744],[122.973364,39.563824],[122.979091,39.552459],[122.991973,39.550011],[122.999379,39.553194],[123.020541,39.544442],[123.030956,39.532675],[123.018328,39.514817],[123.012365,39.512989],[123.011691,39.50895],[123.001303,39.503852],[123.000448,39.499413],[122.990199,39.494224],[122.986587,39.497985],[122.979535,39.49479],[122.967926,39.49869],[122.963695,39.517991],[122.939264,39.519434]]],[[[123.051857,39.499808],[123.054226,39.504369],[123.052482,39.508177],[123.062941,39.507225],[123.064353,39.503084],[123.059327,39.499694],[123.058474,39.49289],[123.063165,39.486091],[123.055909,39.487889],[123.051857,39.499808]]],[[[123.047965,39.455177],[123.084647,39.449245],[123.098013,39.440113],[123.08227,39.439243],[123.08298,39.426703],[123.072745,39.426645],[123.070133,39.433448],[123.065557,39.434561],[123.062641,39.430806],[123.048651,39.444129],[123.050735,39.452591],[123.047965,39.455177]]],[[[123.079164,39.475138],[123.083018,39.47519],[123.083259,39.472557],[123.080367,39.472406],[123.079164,39.475138]]],[[[123.097413,39.509149],[123.103073,39.513776],[123.104314,39.508385],[123.107465,39.507543],[123.099348,39.503464],[123.097413,39.509149]]],[[[123.105581,39.433584],[123.105582,39.434344],[123.106258,39.433962],[123.105581,39.433584]]],[[[123.083957,39.472066],[123.087053,39.47437],[123.085872,39.47231],[123.090392,39.468164],[123.087714,39.463945],[123.083957,39.472066]]],[[[123.038706,39.482257],[123.039624,39.485114],[123.04093,39.483075],[123.038706,39.482257]]],[[[123.091397,39.497105],[123.08428,39.501906],[123.090886,39.499869],[123.091397,39.497105]]],[[[123.073524,39.484375],[123.076971,39.486319],[123.077447,39.48224],[123.076207,39.482122],[123.073524,39.484375]]],[[[123.101397,39.435521],[123.100842,39.436023],[123.101414,39.436171],[123.101397,39.435521]]],[[[123.039878,39.528997],[123.041476,39.529205],[123.043038,39.527986],[123.043733,39.528476],[123.043897,39.527652],[123.039878,39.528997]]],[[[123.076822,39.475751],[123.075686,39.479591],[123.07842,39.478632],[123.076822,39.475751]]],[[[123.089076,39.460701],[123.093547,39.462768],[123.0947,39.460012],[123.091719,39.45829],[123.089076,39.460701]]],[[[123.063523,39.485342],[123.063991,39.485981],[123.063755,39.484481],[123.063523,39.485342]]],[[[123.037214,39.545707],[123.039244,39.548525],[123.041389,39.549209],[123.040512,39.546197],[123.037214,39.545707]]],[[[122.942477,39.541713],[122.943451,39.543185],[122.943856,39.542825],[122.942477,39.541713]]],[[[123.073155,39.652],[123.07575,39.651168],[123.075694,39.650146],[123.074509,39.65025],[123.073155,39.652]]],[[[123.073912,39.637736],[123.074068,39.638839],[123.075266,39.638453],[123.073912,39.637736]]],[[[122.940975,39.550708],[122.939981,39.552815],[122.942629,39.551767],[122.940975,39.550708]]],[[[122.654453,39.514774],[122.654557,39.516324],[122.655269,39.516093],[122.654453,39.514774]]],[[[123.105512,39.502917],[123.105208,39.503993],[123.106285,39.504101],[123.105512,39.502917]]],[[[122.929083,39.508322],[122.93025,39.511597],[122.931742,39.508398],[122.929083,39.508322]]],[[[123.044334,39.642478],[123.046829,39.644225],[123.048825,39.643296],[123.044334,39.642478]]],[[[123.078682,39.654735],[123.07858,39.656215],[123.07952,39.656125],[123.078682,39.654735]]],[[[123.202393,39.631586],[123.202584,39.632298],[123.202905,39.631899],[123.202393,39.631586]]]]}},{"type":"Feature","properties":{"id":"cn:2103","name":"鞍山市","level":1},"geometry":{"type":"Polygon","coordinates":[[[122.186903,41.446754],[122.193965,41.455744],[122.188412,41.457389],[122.210261,41.483148],[122.278577,41.513689],[122.29296,41.51234],[122.324688,41.523203],[122.362625,41.543054],[122.447346,41.547011],[122.492429,41.568228],[122.491485,41.564166],[122.48824,41.564745],[122.495077,41.560045],[122.494917,41.556074],[122.487521,41.54643],[122.490566,41.541234],[122.501304,41.535249],[122.548373,41.54858],[122.55584,41.547767],[122.577875,41.533192],[122.590064,41.53244],[122.593848,41.528222],[122.594074,41.512619],[122.599472,41.511022],[122.617758,41.519122],[122.629513,41.514922],[122.626338,41.504661],[122.631801,41.49964],[122.6186,41.48781],[122.631949,41.47838],[122.630472,41.474394],[122.619619,41.468309],[122.629456,41.446228],[122.630694,41.43549],[122.620724,41.430429],[122.624658,41.427742],[122.637928,41.430544],[122.641471,41.427664],[122.639626,41.418954],[122.627224,41.415706],[122.626154,41.413012],[122.628959,41.403267],[122.644018,41.393891],[122.639183,41.383963],[122.636414,41.35735],[122.639811,41.354692],[122.651253,41.356759],[122.653837,41.352847],[122.624486,41.328259],[122.615265,41.315604],[122.597917,41.31553],[122.602863,41.30239],[122.585736,41.300766],[122.583434,41.294943],[122.590168,41.291627],[122.571374,41.278092],[122.547259,41.247718],[122.554925,41.242259],[122.584238,41.245218],[122.591141,41.243214],[122.601176,41.227547],[122.604804,41.227181],[122.603487,41.22403],[122.609782,41.223284],[122.607431,41.218564],[122.610089,41.217136],[122.608003,41.213981],[122.610265,41.206073],[122.617487,41.198032],[122.608138,41.200325],[122.588606,41.193062],[122.596861,41.183856],[122.593033,41.177107],[122.598702,41.17262],[122.613684,41.167897],[122.634614,41.153393],[122.673424,41.138887],[122.685043,41.126418],[122.685591,41.1189],[122.699004,41.112953],[122.757498,41.102454],[122.755636,41.09929],[122.760258,41.097898],[122.779692,41.099426],[122.786299,41.094207],[122.794715,41.098387],[122.796088,41.09167],[122.806065,41.091996],[122.803571,41.087575],[122.811218,41.084279],[122.818251,41.085303],[122.818165,41.080315],[122.827639,41.080636],[122.825353,41.087583],[122.829782,41.096383],[122.837111,41.100482],[122.838731,41.106771],[122.851524,41.113181],[122.848053,41.116119],[122.851106,41.119073],[122.84349,41.127964],[122.849994,41.134284],[122.845652,41.136916],[122.852939,41.143129],[122.861507,41.143786],[122.863438,41.149797],[122.870747,41.155913],[122.86153,41.161348],[122.87038,41.168806],[122.880281,41.165035],[122.885243,41.169819],[122.890696,41.169715],[122.901733,41.19102],[122.907104,41.191468],[122.906369,41.187788],[122.909962,41.187758],[122.91248,41.192249],[122.916623,41.189622],[122.921031,41.193791],[122.930314,41.194218],[122.933792,41.18995],[122.940862,41.194731],[122.953054,41.190604],[122.951858,41.186209],[122.96908,41.200784],[122.982158,41.19852],[122.979717,41.194806],[122.984493,41.194916],[122.984758,41.185624],[122.991789,41.184694],[123.00535,41.188868],[123.004163,41.192381],[123.009352,41.194451],[123.00901,41.198833],[123.016826,41.204772],[123.024541,41.200485],[123.032547,41.206337],[123.039246,41.205837],[123.039445,41.203327],[123.050636,41.200877],[123.050305,41.197152],[123.056458,41.1986],[123.051381,41.189342],[123.054459,41.188572],[123.054554,41.182562],[123.05723,41.183411],[123.055374,41.181511],[123.07001,41.182441],[123.093431,41.17592],[123.104029,41.182466],[123.11319,41.182093],[123.113471,41.175054],[123.124057,41.171377],[123.126315,41.161748],[123.130101,41.161358],[123.13129,41.155887],[123.143531,41.151922],[123.141796,41.145483],[123.137066,41.143255],[123.137654,41.139089],[123.134021,41.137735],[123.142054,41.129415],[123.136678,41.123665],[123.14098,41.108205],[123.134851,41.105088],[123.137896,41.101116],[123.149576,41.10417],[123.16072,41.0961],[123.171432,41.098388],[123.178182,41.104035],[123.183922,41.100248],[123.19287,41.101337],[123.19742,41.09573],[123.205336,41.097124],[123.207882,41.088718],[123.201869,41.077188],[123.22643,41.065529],[123.22089,41.056781],[123.229708,41.047858],[123.227523,41.044465],[123.199429,41.037608],[123.194348,41.032697],[123.197578,41.022646],[123.206703,41.013818],[123.195832,40.999504],[123.185178,40.994924],[123.186608,40.985534],[123.182713,40.983619],[123.172475,40.987993],[123.155767,40.986493],[123.145238,40.981984],[123.132634,40.985451],[123.1307,40.990629],[123.126832,40.986103],[123.097282,40.982178],[123.082103,40.973498],[123.077259,40.967452],[123.078068,40.959627],[123.091295,40.939978],[123.090592,40.9322],[123.083952,40.926423],[123.054647,40.921531],[123.067931,40.904948],[123.069311,40.896419],[123.049545,40.882305],[123.042271,40.869895],[123.044563,40.861345],[123.050031,40.855912],[123.044571,40.843684],[123.048582,40.833246],[123.067228,40.837531],[123.074102,40.835955],[123.101108,40.820491],[123.085596,40.800525],[123.069068,40.790221],[123.066065,40.778615],[123.073634,40.761193],[123.095171,40.739466],[123.124285,40.724852],[123.13031,40.718712],[123.130397,40.712661],[123.144503,40.723459],[123.171335,40.71096],[123.208582,40.730504],[123.225276,40.732301],[123.239043,40.729822],[123.248679,40.740773],[123.278162,40.750201],[123.291903,40.764238],[123.309229,40.771733],[123.321764,40.768825],[123.351068,40.774167],[123.369455,40.773534],[123.388204,40.78465],[123.401052,40.803981],[123.436268,40.801255],[123.455678,40.807747],[123.493985,40.811562],[123.528039,40.825369],[123.539219,40.819635],[123.551346,40.804545],[123.578654,40.78023],[123.579357,40.771488],[123.56217,40.761962],[123.551686,40.74615],[123.550376,40.726804],[123.545794,40.721452],[123.548764,40.717774],[123.554535,40.718447],[123.553324,40.711533],[123.564814,40.710708],[123.575465,40.703161],[123.571651,40.690858],[123.574131,40.6872],[123.58697,40.684709],[123.617586,40.692179],[123.630702,40.689435],[123.658167,40.674274],[123.723097,40.650016],[123.735345,40.623193],[123.742923,40.613974],[123.742931,40.609156],[123.725588,40.601496],[123.71169,40.590962],[123.715562,40.585089],[123.732376,40.574178],[123.735406,40.547698],[123.72917,40.53739],[123.735305,40.530561],[123.732171,40.524567],[123.735088,40.509808],[123.73242,40.50631],[123.743923,40.504178],[123.747551,40.499842],[123.761534,40.498448],[123.763755,40.490909],[123.75102,40.469551],[123.760387,40.455457],[123.763486,40.442037],[123.741767,40.416169],[123.755902,40.401445],[123.732795,40.362095],[123.712265,40.340313],[123.710243,40.331667],[123.702335,40.324821],[123.699808,40.312743],[123.705573,40.29878],[123.675153,40.289435],[123.67481,40.283709],[123.66722,40.274637],[123.652745,40.268655],[123.64297,40.259311],[123.630271,40.26355],[123.623872,40.258184],[123.620646,40.249964],[123.606054,40.240086],[123.588258,40.240291],[123.585634,40.225944],[123.578152,40.220392],[123.570587,40.203106],[123.554976,40.188755],[123.564556,40.17332],[123.575733,40.165313],[123.594296,40.169132],[123.600816,40.167352],[123.60118,40.158164],[123.585784,40.127373],[123.569639,40.114517],[123.561805,40.112867],[123.557723,40.101263],[123.546637,40.098049],[123.540486,40.101345],[123.523229,40.102022],[123.507807,40.092413],[123.508087,40.089118],[123.472962,40.073386],[123.470485,40.06992],[123.477122,40.049531],[123.469014,40.046903],[123.469085,40.043628],[123.465281,40.045423],[123.462296,40.039626],[123.458107,40.041949],[123.459555,40.04808],[123.456463,40.053886],[123.452313,40.056579],[123.443193,40.055745],[123.451428,40.054432],[123.458257,40.036738],[123.46705,40.035969],[123.471623,40.029857],[123.453699,40.030907],[123.442618,40.035604],[123.41987,40.030359],[123.39926,40.007765],[123.386277,40.012159],[123.371985,39.998649],[123.36798,40.002184],[123.354617,40.000298],[123.333177,40.01816],[123.305182,40.025005],[123.294036,40.02306],[123.290955,40.015586],[123.281276,40.013138],[123.271789,40.020082],[123.261094,40.037843],[123.23678,40.035377],[123.22014,40.048273],[123.186294,40.063516],[123.175563,40.063791],[123.167135,40.068991],[123.162207,40.066129],[123.13766,40.070549],[123.130583,40.077658],[123.121105,40.074594],[123.112224,40.061929],[123.104691,40.065675],[123.106061,40.06862],[123.095572,40.072181],[123.074688,40.053529],[123.067691,40.038828],[123.062994,40.040747],[123.048369,40.058646],[123.026141,40.060692],[123.02041,40.070959],[123.004818,40.071597],[122.988524,40.080543],[122.976423,40.101983],[122.98336,40.115547],[122.964315,40.117236],[122.955296,40.122301],[122.935434,40.150604],[122.934801,40.168507],[122.930747,40.177566],[122.885687,40.186151],[122.891634,40.217512],[122.886544,40.225197],[122.886458,40.232982],[122.879726,40.235132],[122.874879,40.245859],[122.876405,40.249053],[122.868264,40.260824],[122.867763,40.268518],[122.876972,40.2883],[122.875645,40.304821],[122.886562,40.315121],[122.886226,40.318313],[122.910736,40.33032],[122.928267,40.344658],[122.928687,40.351203],[122.924695,40.357059],[122.929655,40.372754],[122.926842,40.395535],[122.931357,40.408027],[122.936126,40.413628],[122.965987,40.416463],[122.984789,40.426259],[122.987558,40.433746],[122.981135,40.462136],[122.993808,40.475542],[122.978982,40.48559],[122.968756,40.503998],[122.944606,40.514305],[122.923426,40.532346],[122.892247,40.537325],[122.874338,40.527434],[122.857743,40.526342],[122.84255,40.533655],[122.824116,40.535026],[122.813799,40.554166],[122.806268,40.556719],[122.802201,40.568854],[122.792366,40.577374],[122.765821,40.576007],[122.738182,40.583606],[122.720656,40.582226],[122.692264,40.599026],[122.674301,40.591162],[122.657829,40.59321],[122.654342,40.589999],[122.656446,40.58555],[122.654496,40.582222],[122.64643,40.58305],[122.642946,40.594931],[122.620729,40.606774],[122.638545,40.609712],[122.645808,40.615558],[122.649542,40.627265],[122.640149,40.635621],[122.650211,40.639565],[122.651982,40.643719],[122.649277,40.648986],[122.654688,40.656987],[122.664393,40.66113],[122.666464,40.668272],[122.647215,40.66688],[122.633663,40.657592],[122.628925,40.66467],[122.619328,40.66761],[122.616883,40.679928],[122.620123,40.682991],[122.618108,40.687809],[122.639936,40.701322],[122.646121,40.709096],[122.642842,40.742898],[122.634579,40.747234],[122.595795,40.750259],[122.574983,40.746922],[122.567976,40.756528],[122.54559,40.764282],[122.536712,40.759199],[122.526666,40.763901],[122.510898,40.764671],[122.536834,40.796123],[122.53289,40.799144],[122.536933,40.817132],[122.516404,40.825174],[122.518313,40.832547],[122.509306,40.838231],[122.51141,40.846437],[122.493639,40.845956],[122.478946,40.849805],[122.482407,40.858833],[122.497342,40.871213],[122.49722,40.877777],[122.487808,40.881114],[122.486393,40.891179],[122.487296,40.898267],[122.49792,40.913609],[122.499509,40.929855],[122.433764,40.938461],[122.427875,40.928743],[122.420335,40.928823],[122.412031,40.922495],[122.406074,40.925918],[122.395944,40.921105],[122.376237,40.922459],[122.372236,40.917505],[122.372214,40.907288],[122.358253,40.907179],[122.355799,40.911792],[122.349608,40.914202],[122.340876,40.912248],[122.330798,40.903848],[122.32651,40.907708],[122.313939,40.908338],[122.323277,40.914619],[122.31359,40.925493],[122.318551,40.927635],[122.327872,40.92152],[122.33662,40.923572],[122.338393,40.927065],[122.333531,40.941692],[122.346049,40.950787],[122.323629,40.961385],[122.320722,40.968335],[122.333625,40.966261],[122.346141,40.968631],[122.35333,40.973377],[122.35923,40.985083],[122.355284,40.986135],[122.339283,40.978522],[122.33537,40.981093],[122.337231,40.986867],[122.356822,41.00016],[122.371058,40.989557],[122.384712,40.98607],[122.385931,40.997454],[122.393596,40.99761],[122.39923,40.989476],[122.405449,40.991052],[122.414691,41.004616],[122.412952,41.013243],[122.406384,41.018832],[122.408536,41.027973],[122.40154,41.027972],[122.397342,41.039263],[122.403796,41.056038],[122.40218,41.063349],[122.407992,41.071523],[122.407971,41.086615],[122.391087,41.099568],[122.391052,41.118356],[122.379196,41.131376],[122.381217,41.158031],[122.366877,41.160266],[122.360913,41.17504],[122.363526,41.181438],[122.379175,41.193445],[122.400991,41.197158],[122.410992,41.211127],[122.441809,41.213388],[122.458518,41.231174],[122.483474,41.248894],[122.475384,41.252853],[122.458352,41.254641],[122.452311,41.245921],[122.41916,41.25109],[122.418222,41.241051],[122.415578,41.240085],[122.40336,41.24944],[122.383413,41.229459],[122.381017,41.222124],[122.364351,41.215426],[122.36166,41.207866],[122.356512,41.204406],[122.338005,41.201598],[122.347154,41.195904],[122.333231,41.187874],[122.325627,41.190557],[122.299515,41.188856],[122.283209,41.184255],[122.278274,41.186702],[122.269498,41.182544],[122.260931,41.192809],[122.24909,41.192071],[122.221686,41.199958],[122.209723,41.214554],[122.199828,41.221264],[122.233491,41.23165],[122.244828,41.240526],[122.244584,41.258811],[122.24921,41.275846],[122.259141,41.28908],[122.261421,41.305334],[122.269497,41.317674],[122.266413,41.326268],[122.272809,41.330701],[122.277191,41.339591],[122.272275,41.346797],[122.274679,41.353072],[122.240009,41.371764],[122.227145,41.384965],[122.193622,41.427032],[122.19068,41.432657],[122.195033,41.439598],[122.186903,41.446754]]]}},{"type":"Feature","properties":{"id":"cn:210302","name":"铁东区","level":2},"geometry":{"type":"Polygon","coordinates":[[[122.932735,41.057376],[122.939139,41.05959],[122.956173,41.076718],[122.987623,41.124314],[122.994915,41.13101],[123.016882,41.123043],[123.018633,41.120502],[123.016087,41.115641],[123.030575,41.105321],[123.031827,41.093294],[123.058315,41.089154],[123.061957,41.091845],[123.066779,41.084941],[123.06233,41.077061],[123.068408,41.074337],[123.068665,41.069165],[123.088732,41.069105],[123.097305,41.076085],[123.103485,41.047893],[123.115497,41.066781],[123.134392,41.066801],[123.145393,41.05673],[123.154825,41.056921],[123.167402,41.040988],[123.209893,41.040316],[123.199429,41.037608],[123.194348,41.032697],[123.197578,41.022646],[123.206703,41.013818],[123.195832,40.999504],[123.185178,40.994924],[123.185574,40.984704],[123.172475,40.987993],[123.155767,40.986493],[123.145238,40.981984],[123.132634,40.985451],[123.1307,40.990629],[123.126832,40.986103],[123.097282,40.982178],[123.089352,40.976972],[123.048242,41.004424],[123.049951,41.009729],[123.065352,41.020703],[123.065651,41.027045],[123.077126,41.026966],[123.048793,41.044282],[123.03382,41.041035],[123.030598,41.050222],[123.032179,41.05523],[123.027904,41.0587],[123.021751,41.055969],[123.00657,41.058929],[122.996321,41.053592],[122.986753,41.05679],[122.985131,41.048841],[122.977013,41.041686],[122.962571,41.036743],[122.944984,41.042081],[122.943534,41.049954],[122.940126,41.051939],[122.943331,41.055749],[122.932735,41.057376]]]}},{"type":"Feature","properties":{"id":"cn:210303","name":"铁西区","level":2},"geometry":{"type":"Polygon","coordinates":[[[122.825353,41.087583],[122.829782,41.096383],[122.837111,41.100482],[122.838731,41.106771],[122.851524,41.113181],[122.848053,41.116119],[122.851106,41.119073],[122.84349,41.127964],[122.849994,41.134284],[122.845652,41.136916],[122.852939,41.143129],[122.861507,41.143786],[122.863438,41.149797],[122.870747,41.155913],[122.86153,41.161348],[122.87038,41.168806],[122.880281,41.165035],[122.885243,41.169819],[122.890696,41.169715],[122.896034,41.183661],[122.904403,41.192393],[122.907104,41.191468],[122.906369,41.187788],[122.909962,41.187758],[122.91248,41.192249],[122.916623,41.189622],[122.921031,41.193791],[122.930314,41.194218],[122.933792,41.18995],[122.940862,41.194731],[122.953054,41.190604],[122.951858,41.186209],[122.96908,41.200784],[122.982158,41.19852],[122.979717,41.194806],[122.982881,41.187063],[122.980726,41.176046],[123.003327,41.167212],[123.009984,41.162369],[123.010088,41.158767],[123.016946,41.157976],[123.016477,41.153141],[122.987623,41.124314],[122.968664,41.09216],[122.948027,41.067639],[122.934747,41.06942],[122.928637,41.063135],[122.922148,41.070304],[122.888846,41.073392],[122.890018,41.07663],[122.885061,41.079108],[122.883803,41.084716],[122.874332,41.082846],[122.870096,41.086244],[122.861137,41.08064],[122.855444,41.082307],[122.852067,41.077585],[122.845261,41.081395],[122.836198,41.079412],[122.833117,41.083301],[122.827639,41.080636],[122.825353,41.087583]]]}},{"type":"Feature","properties":{"id":"cn:210304","name":"立山区","level":2},"geometry":{"type":"Polygon","coordinates":[[[122.979717,41.194806],[122.984493,41.194916],[122.98588,41.184617],[122.991789,41.184694],[123.00535,41.188868],[123.004163,41.192381],[123.009352,41.194451],[123.00901,41.198833],[123.016826,41.204772],[123.024541,41.200485],[123.032547,41.206337],[123.039246,41.205837],[123.039445,41.203327],[123.050636,41.200877],[123.050305,41.197152],[123.056458,41.1986],[123.051381,41.189342],[123.054459,41.188572],[123.054554,41.182562],[123.05723,41.183411],[123.055374,41.181511],[123.07001,41.182441],[123.093431,41.17592],[123.104029,41.182466],[123.11319,41.182093],[123.113471,41.175054],[123.124057,41.171377],[123.126315,41.161748],[123.130101,41.161358],[123.13129,41.155887],[123.143531,41.151922],[123.141796,41.145483],[123.137066,41.143255],[123.137654,41.139089],[123.134021,41.137735],[123.142054,41.129415],[123.136678,41.123665],[123.14098,41.108205],[123.134851,41.105088],[123.137153,41.101905],[123.139464,41.099776],[123.149576,41.10417],[123.16072,41.0961],[123.171432,41.098388],[123.178182,41.104035],[123.183922,41.100248],[123.19287,41.101337],[123.19742,41.09573],[123.205336,41.097124],[123.207882,41.088718],[123.201869,41.077188],[123.22643,41.065529],[123.22089,41.056781],[123.229535,41.046547],[123.214516,41.04038],[123.167402,41.040988],[123.154825,41.056921],[123.145393,41.05673],[123.134392,41.066801],[123.115497,41.066781],[123.103485,41.047893],[123.097305,41.076085],[123.088732,41.069105],[123.068665,41.069165],[123.068408,41.074337],[123.06233,41.077061],[123.066779,41.084941],[123.061957,41.091845],[123.058315,41.089154],[123.031827,41.093294],[123.030575,41.105321],[123.016087,41.115641],[123.018633,41.120502],[123.016882,41.123043],[122.994915,41.13101],[123.016477,41.153141],[123.016946,41.157976],[123.010088,41.158767],[123.009984,41.162369],[123.003327,41.167212],[122.980726,41.176046],[122.982881,41.187063],[122.979717,41.194806]]]}},{"type":"Feature","properties":{"id":"cn:210311","name":"千山区","level":2},"geometry":{"type":"Polygon","coordinates":[[[122.754609,40.993725],[122.758027,40.99632],[122.757967,41.001673],[122.774682,41.002144],[122.786878,41.008999],[122.789686,41.013586],[122.788001,41.018452],[122.793156,41.022011],[122.796895,41.01777],[122.800843,41.021033],[122.805639,41.014956],[122.817556,41.01949],[122.819251,41.015545],[122.825634,41.016297],[122.839788,41.0085],[122.840251,41.01396],[122.845252,41.018728],[122.846105,41.028145],[122.851424,41.026538],[122.869098,41.044303],[122.873455,41.045241],[122.870608,41.051304],[122.873949,41.055271],[122.881745,41.05449],[122.884619,41.05795],[122.879237,41.062793],[122.888759,41.069169],[122.889531,41.07325],[122.922148,41.070304],[122.928637,41.063135],[122.934747,41.06942],[122.946826,41.06829],[122.939139,41.05959],[122.932735,41.057376],[122.943331,41.055749],[122.940126,41.051939],[122.943534,41.049954],[122.944984,41.042081],[122.962571,41.036743],[122.977013,41.041686],[122.985131,41.048841],[122.986753,41.05679],[122.996321,41.053592],[123.00657,41.058929],[123.021751,41.055969],[123.027904,41.0587],[123.032179,41.05523],[123.030598,41.050222],[123.03382,41.041035],[123.048793,41.044282],[123.077126,41.026966],[123.065651,41.027045],[123.065352,41.020703],[123.049951,41.009729],[123.048242,41.004424],[123.089352,40.976972],[123.077259,40.967452],[123.078068,40.959627],[123.091295,40.939978],[123.090592,40.9322],[123.083952,40.926423],[123.0614,40.923407],[123.033577,40.914038],[123.023461,40.912343],[123.006731,40.915044],[122.980196,40.906777],[122.961355,40.906464],[122.956436,40.911552],[122.924694,40.908103],[122.917689,40.910871],[122.91551,40.915736],[122.905834,40.917898],[122.896584,40.918218],[122.892619,40.913183],[122.876987,40.925387],[122.870059,40.92199],[122.865966,40.9338],[122.853632,40.934922],[122.851319,40.93982],[122.840083,40.941069],[122.836625,40.946079],[122.83729,40.951368],[122.822344,40.948418],[122.81879,40.957061],[122.809956,40.954998],[122.800361,40.960877],[122.786929,40.958856],[122.786822,40.966392],[122.78277,40.967257],[122.780269,40.97604],[122.771213,40.97858],[122.763745,40.989535],[122.754609,40.993725]]]}},{"type":"Feature","properties":{"id":"cn:210321","name":"台安县","level":2},"geometry":{"type":"Polygon","coordinates":[[[122.186903,41.446754],[122.193965,41.455744],[122.188412,41.457389],[122.210261,41.483148],[122.278577,41.513689],[122.29296,41.51234],[122.324688,41.523203],[122.362625,41.543054],[122.447346,41.547011],[122.492429,41.568228],[122.491485,41.564166],[122.48824,41.564745],[122.495077,41.560045],[122.494917,41.556074],[122.487521,41.54643],[122.490566,41.541234],[122.501304,41.535249],[122.548373,41.54858],[122.55584,41.547767],[122.577875,41.533192],[122.590064,41.53244],[122.593848,41.528222],[122.594074,41.512619],[122.599472,41.511022],[122.617758,41.519122],[122.629513,41.514922],[122.626338,41.504661],[122.631801,41.49964],[122.6186,41.48781],[122.631949,41.47838],[122.630472,41.474394],[122.619619,41.468309],[122.629456,41.446228],[122.630694,41.43549],[122.620724,41.430429],[122.624658,41.427742],[122.637928,41.430544],[122.641471,41.427664],[122.639626,41.418954],[122.627224,41.415706],[122.626154,41.413012],[122.628959,41.403267],[122.644018,41.393891],[122.639183,41.383963],[122.636414,41.35735],[122.639811,41.354692],[122.651253,41.356759],[122.653837,41.352847],[122.624486,41.328259],[122.615265,41.315604],[122.597917,41.31553],[122.602863,41.30239],[122.585736,41.300766],[122.583434,41.294943],[122.590168,41.291627],[122.571374,41.278092],[122.547259,41.247718],[122.554925,41.242259],[122.584238,41.245218],[122.591141,41.243214],[122.601176,41.227547],[122.604804,41.227181],[122.603487,41.22403],[122.609822,41.223197],[122.607431,41.218564],[122.610089,41.217136],[122.608003,41.213981],[122.610265,41.206073],[122.617487,41.198032],[122.608138,41.200325],[122.588606,41.193062],[122.597443,41.181995],[122.584934,41.174212],[122.590446,41.143153],[122.577252,41.128257],[122.55608,41.126274],[122.537816,41.114842],[122.535004,41.111691],[122.533666,41.096539],[122.513015,41.097537],[122.508138,41.089199],[122.474873,41.077355],[122.46838,41.081352],[122.453475,41.083131],[122.446044,41.078409],[122.434664,41.065133],[122.440932,41.059985],[122.445065,41.066374],[122.449361,41.066782],[122.448467,41.055458],[122.441574,41.056148],[122.438614,41.052484],[122.424074,41.051777],[122.419474,41.048744],[122.422,41.035527],[122.432572,41.029798],[122.435698,41.019886],[122.436705,41.026929],[122.433068,41.032637],[122.437894,41.030983],[122.440863,41.024738],[122.438571,41.014724],[122.418605,41.010757],[122.414691,41.004616],[122.412952,41.013243],[122.406384,41.018832],[122.408536,41.027973],[122.40154,41.027972],[122.397342,41.039263],[122.403796,41.056038],[122.40218,41.063349],[122.407992,41.071523],[122.407971,41.086615],[122.391087,41.099568],[122.391052,41.118356],[122.379196,41.131376],[122.381217,41.158031],[122.366877,41.160266],[122.360913,41.17504],[122.363526,41.181438],[122.379175,41.193445],[122.400991,41.197158],[122.410992,41.211127],[122.441809,41.213388],[122.458518,41.231174],[122.483474,41.248894],[122.475384,41.252853],[122.458352,41.254641],[122.452311,41.245921],[122.41916,41.25109],[122.418222,41.241051],[122.415578,41.240085],[122.40336,41.24944],[122.383413,41.229459],[122.381017,41.222124],[122.364351,41.215426],[122.36166,41.207866],[122.356512,41.204406],[122.338005,41.201598],[122.347154,41.195904],[122.333231,41.187874],[122.325627,41.190557],[122.299515,41.188856],[122.283209,41.184255],[122.278274,41.186702],[122.269498,41.182544],[122.260931,41.192809],[122.24909,41.192071],[122.221686,41.199958],[122.209723,41.214554],[122.199828,41.221264],[122.233491,41.23165],[122.244828,41.240526],[122.244584,41.258811],[122.24921,41.275846],[122.259141,41.28908],[122.261421,41.305334],[122.269497,41.317674],[122.266413,41.326268],[122.272809,41.330701],[122.277191,41.339591],[122.272275,41.346797],[122.274679,41.353072],[122.240009,41.371764],[122.227145,41.384965],[122.193622,41.427032],[122.19068,41.432657],[122.195033,41.439598],[122.186903,41.446754]]]}},{"type":"Feature","properties":{"id":"cn:210323","name":"岫岩满族自治县","level":2},"geometry":{"type":"Polygon","coordinates":[[[122.867763,40.268518],[122.876972,40.2883],[122.875645,40.304821],[122.886562,40.315121],[122.886226,40.318313],[122.910736,40.33032],[122.928267,40.344658],[122.928687,40.351203],[122.924695,40.357059],[122.929655,40.372754],[122.926842,40.395535],[122.933609,40.411176],[122.941004,40.4151],[122.974207,40.418755],[122.984789,40.426259],[122.987558,40.433746],[122.981135,40.462136],[122.986977,40.470916],[123.019537,40.494197],[123.03228,40.496589],[123.034033,40.501584],[123.029251,40.508142],[123.029685,40.516845],[123.044841,40.525356],[123.058122,40.538047],[123.058756,40.556836],[123.064043,40.560126],[123.082133,40.560747],[123.099529,40.565746],[123.112672,40.58142],[123.11156,40.618612],[123.128044,40.63464],[123.144971,40.658915],[123.142429,40.673898],[123.130874,40.701307],[123.133322,40.707886],[123.130397,40.712661],[123.144503,40.723459],[123.171335,40.71096],[123.208582,40.730504],[123.225276,40.732301],[123.239043,40.729822],[123.248679,40.740773],[123.278162,40.750201],[123.291903,40.764238],[123.309229,40.771733],[123.321764,40.768825],[123.351068,40.774167],[123.369455,40.773534],[123.388204,40.78465],[123.401052,40.803981],[123.436268,40.801255],[123.455678,40.807747],[123.493985,40.811562],[123.528039,40.825369],[123.539219,40.819635],[123.551346,40.804545],[123.578654,40.78023],[123.579357,40.771488],[123.56217,40.761962],[123.551686,40.74615],[123.550376,40.726804],[123.545794,40.721452],[123.548764,40.717774],[123.554535,40.718447],[123.553324,40.711533],[123.564814,40.710708],[123.575465,40.703161],[123.571651,40.690858],[123.574131,40.6872],[123.58697,40.684709],[123.617586,40.692179],[123.630702,40.689435],[123.658167,40.674274],[123.689278,40.664486],[123.70473,40.655467],[123.719633,40.652659],[123.725354,40.647411],[123.735345,40.623193],[123.742923,40.613974],[123.742931,40.609156],[123.725588,40.601496],[123.71169,40.590962],[123.715562,40.585089],[123.732376,40.574178],[123.735406,40.547698],[123.72917,40.53739],[123.735305,40.530561],[123.732171,40.524567],[123.735088,40.509808],[123.73242,40.50631],[123.743923,40.504178],[123.747551,40.499842],[123.75679,40.500531],[123.763024,40.496011],[123.759919,40.482329],[123.75102,40.469551],[123.760387,40.455457],[123.763486,40.442037],[123.741767,40.416169],[123.755364,40.402386],[123.753759,40.395785],[123.732795,40.362095],[123.712265,40.340313],[123.710243,40.331667],[123.702335,40.324821],[123.699808,40.312743],[123.705573,40.29878],[123.675153,40.289435],[123.67481,40.283709],[123.66722,40.274637],[123.652745,40.268655],[123.64297,40.259311],[123.630271,40.26355],[123.623872,40.258184],[123.620646,40.249964],[123.606054,40.240086],[123.588258,40.240291],[123.585634,40.225944],[123.578152,40.220392],[123.570587,40.203106],[123.554976,40.188755],[123.564556,40.17332],[123.575733,40.165313],[123.594296,40.169132],[123.600816,40.167352],[123.60118,40.158164],[123.585784,40.127373],[123.569639,40.114517],[123.561805,40.112867],[123.557723,40.101263],[123.546637,40.098049],[123.540486,40.101345],[123.523229,40.102022],[123.507807,40.092413],[123.508087,40.089118],[123.472962,40.073386],[123.470485,40.06992],[123.477122,40.049531],[123.469014,40.046903],[123.469085,40.043628],[123.465281,40.045423],[123.462296,40.039626],[123.458107,40.041949],[123.459555,40.04808],[123.456463,40.053886],[123.452313,40.056579],[123.443193,40.055745],[123.451428,40.054432],[123.458257,40.036738],[123.46705,40.035969],[123.471623,40.029857],[123.453699,40.030907],[123.442618,40.035604],[123.424656,40.031753],[123.417374,40.02929],[123.39926,40.007765],[123.386277,40.012159],[123.37243,39.99869],[123.36798,40.002184],[123.355665,40.000143],[123.333177,40.01816],[123.305182,40.025005],[123.294036,40.02306],[123.290955,40.015586],[123.281276,40.013138],[123.271789,40.020082],[123.261094,40.037843],[123.23678,40.035377],[123.22014,40.048273],[123.186294,40.063516],[123.175563,40.063791],[123.167135,40.068991],[123.162207,40.066129],[123.13766,40.070549],[123.1284,40.077915],[123.121105,40.074594],[123.112224,40.061929],[123.104691,40.065675],[123.106061,40.06862],[123.095572,40.072181],[123.074688,40.053529],[123.066189,40.038867],[123.048369,40.058646],[123.026141,40.060692],[123.02041,40.070959],[123.004818,40.071597],[122.988524,40.080543],[122.976423,40.101983],[122.98336,40.115547],[122.964315,40.117236],[122.955296,40.122301],[122.935434,40.150604],[122.934801,40.168507],[122.930747,40.177566],[122.885687,40.186151],[122.891634,40.217512],[122.886544,40.225197],[122.886458,40.232982],[122.879726,40.235132],[122.874879,40.245859],[122.876405,40.249053],[122.868264,40.260824],[122.867763,40.268518]]]}},{"type":"Feature","properties":{"id":"cn:210381","name":"海城市","level":2},"geometry":{"type":"Polygon","coordinates":[[[122.313431,40.924213],[122.318551,40.927635],[122.329607,40.921382],[122.338043,40.925395],[122.333531,40.941692],[122.344926,40.94828],[122.345986,40.952214],[122.323629,40.961385],[122.320722,40.968335],[122.333625,40.966261],[122.346141,40.968631],[122.35333,40.973377],[122.35923,40.985083],[122.355284,40.986135],[122.339283,40.978522],[122.33537,40.981093],[122.337231,40.986867],[122.356822,41.00016],[122.371058,40.989557],[122.384712,40.98607],[122.384681,40.995419],[122.388595,40.998704],[122.393596,40.99761],[122.39923,40.989476],[122.405449,40.991052],[122.418605,41.010757],[122.437981,41.014004],[122.440863,41.024738],[122.437894,41.030983],[122.433068,41.032637],[122.436705,41.026929],[122.435698,41.019886],[122.432572,41.029798],[122.422,41.035527],[122.419448,41.048466],[122.424074,41.051777],[122.438614,41.052484],[122.441574,41.056148],[122.448467,41.055458],[122.449361,41.066782],[122.445065,41.066374],[122.441323,41.060063],[122.435671,41.062988],[122.438666,41.072537],[122.453475,41.083131],[122.46838,41.081352],[122.474873,41.077355],[122.508138,41.089199],[122.513015,41.097537],[122.533666,41.096539],[122.535004,41.111691],[122.537816,41.114842],[122.55608,41.126274],[122.577252,41.128257],[122.590446,41.143153],[122.584656,41.171695],[122.586227,41.175606],[122.593033,41.177107],[122.613684,41.167897],[122.634614,41.153393],[122.673424,41.138887],[122.685043,41.126418],[122.685591,41.1189],[122.699004,41.112953],[122.757498,41.102454],[122.755636,41.09929],[122.760258,41.097898],[122.779692,41.099426],[122.786299,41.094207],[122.794715,41.098387],[122.796088,41.09167],[122.806065,41.091996],[122.803571,41.087575],[122.811218,41.084279],[122.817553,41.085643],[122.819266,41.080012],[122.833117,41.083301],[122.836198,41.079412],[122.845261,41.081395],[122.852067,41.077585],[122.855444,41.082307],[122.861137,41.08064],[122.870096,41.086244],[122.874332,41.082846],[122.883803,41.084716],[122.885061,41.079108],[122.890018,41.07663],[122.888759,41.069169],[122.879237,41.062793],[122.884619,41.05795],[122.881615,41.054425],[122.873734,41.05508],[122.870608,41.051304],[122.873455,41.045241],[122.869098,41.044303],[122.851424,41.026538],[122.846105,41.028145],[122.845252,41.018728],[122.840251,41.01396],[122.839788,41.0085],[122.825634,41.016297],[122.819251,41.015545],[122.817556,41.01949],[122.805639,41.014956],[122.800843,41.021033],[122.796895,41.01777],[122.793156,41.022011],[122.788001,41.018452],[122.789686,41.013586],[122.786878,41.008999],[122.774682,41.002144],[122.757967,41.001673],[122.758027,40.99632],[122.754609,40.993725],[122.763745,40.989535],[122.771213,40.97858],[122.780269,40.97604],[122.78277,40.967257],[122.786822,40.966392],[122.786929,40.958856],[122.800361,40.960877],[122.809956,40.954998],[122.81879,40.957061],[122.822344,40.948418],[122.83729,40.951368],[122.836625,40.946079],[122.840083,40.941069],[122.851319,40.93982],[122.853632,40.934922],[122.865966,40.9338],[122.870059,40.92199],[122.876987,40.925387],[122.890593,40.913649],[122.897078,40.918358],[122.905834,40.917898],[122.91551,40.915736],[122.917689,40.910871],[122.924694,40.908103],[122.956436,40.911552],[122.960182,40.906866],[122.969346,40.906168],[123.006731,40.915044],[123.026689,40.912566],[123.055422,40.920902],[123.067931,40.904948],[123.069311,40.896419],[123.049545,40.882305],[123.042271,40.869895],[123.044563,40.861345],[123.050031,40.855912],[123.044571,40.843684],[123.048582,40.833246],[123.067228,40.837531],[123.074102,40.835955],[123.101108,40.820491],[123.085596,40.800525],[123.069068,40.790221],[123.066065,40.778615],[123.068036,40.769839],[123.095171,40.739466],[123.124285,40.724852],[123.13031,40.718712],[123.133322,40.707886],[123.130874,40.701307],[123.142429,40.673898],[123.144971,40.658915],[123.128044,40.63464],[123.11156,40.618612],[123.114294,40.589627],[123.106499,40.572426],[123.099529,40.565746],[123.090032,40.562357],[123.064043,40.560126],[123.058756,40.556836],[123.058122,40.538047],[123.044841,40.525356],[123.029685,40.516845],[123.029251,40.508142],[123.034033,40.501584],[123.03228,40.496589],[123.019537,40.494197],[122.993808,40.475542],[122.978982,40.48559],[122.968756,40.503998],[122.944606,40.514305],[122.923426,40.532346],[122.892247,40.537325],[122.874338,40.527434],[122.857743,40.526342],[122.84255,40.533655],[122.824116,40.535026],[122.813799,40.554166],[122.806268,40.556719],[122.802201,40.568854],[122.792366,40.577374],[122.765821,40.576007],[122.738182,40.583606],[122.720656,40.582226],[122.692264,40.599026],[122.674301,40.591162],[122.657829,40.59321],[122.654342,40.589999],[122.656446,40.58555],[122.654496,40.582222],[122.64643,40.58305],[122.642946,40.594931],[122.620729,40.606774],[122.638545,40.609712],[122.645808,40.615558],[122.649542,40.627265],[122.640149,40.635621],[122.650211,40.639565],[122.651982,40.643719],[122.649277,40.648986],[122.654688,40.656987],[122.664393,40.66113],[122.666464,40.668272],[122.647215,40.66688],[122.633663,40.657592],[122.628925,40.66467],[122.619328,40.66761],[122.616883,40.679928],[122.620123,40.682991],[122.618108,40.687809],[122.639936,40.701322],[122.646121,40.709096],[122.642842,40.742898],[122.634579,40.747234],[122.595795,40.750259],[122.574983,40.746922],[122.567976,40.756528],[122.54559,40.764282],[122.536712,40.759199],[122.526666,40.763901],[122.510898,40.764671],[122.536834,40.796123],[122.53289,40.799144],[122.536933,40.817132],[122.516404,40.825174],[122.518313,40.832547],[122.509306,40.838231],[122.51141,40.846437],[122.493639,40.845956],[122.478946,40.849805],[122.482407,40.858833],[122.497342,40.871213],[122.49722,40.877777],[122.487808,40.881114],[122.486393,40.891179],[122.487296,40.898267],[122.49792,40.913609],[122.499509,40.929855],[122.433764,40.938461],[122.427875,40.928743],[122.420335,40.928823],[122.412031,40.922495],[122.406074,40.925918],[122.395944,40.921105],[122.376237,40.922459],[122.372236,40.917505],[122.372214,40.907288],[122.358253,40.907179],[122.354724,40.912598],[122.347326,40.914155],[122.330798,40.903848],[122.32651,40.907708],[122.313939,40.908338],[122.323277,40.914619],[122.313431,40.924213]]]}},{"type":"Feature","properties":{"id":"cn:2104","name":"抚顺市","level":1},"geometry":{"type":"Polygon","coordinates":[[[123.657765,41.796152],[123.66114,41.796251],[123.66342,41.801471],[123.674077,41.803424],[123.673521,41.806048],[123.679567,41.809204],[123.673749,41.818823],[123.675328,41.823164],[123.66904,41.826259],[123.670899,41.835076],[123.700779,41.840327],[123.717901,41.849587],[123.733841,41.861506],[123.731735,41.864545],[123.737492,41.866656],[123.733707,41.867276],[123.732946,41.878293],[123.714445,41.884657],[123.709548,41.889748],[123.712805,41.893954],[123.722869,41.89515],[123.722509,41.904746],[123.728071,41.909354],[123.727315,41.913517],[123.736681,41.918402],[123.734569,41.92196],[123.730687,41.919318],[123.730641,41.921626],[123.725082,41.920829],[123.726271,41.924465],[123.722774,41.924576],[123.726829,41.929554],[123.72389,41.927931],[123.725818,41.931173],[123.717289,41.943864],[123.72644,41.952246],[123.72109,41.955713],[123.722165,41.959705],[123.727496,41.964677],[123.733961,41.963926],[123.743714,41.969555],[123.758284,41.96795],[123.756866,41.970014],[123.760659,41.970246],[123.768148,41.966752],[123.769525,41.971204],[123.77848,41.97758],[123.779488,41.98418],[123.795751,41.991888],[123.817644,42.011788],[123.836993,42.020755],[123.869712,42.026648],[123.879662,42.031523],[123.896149,42.027198],[123.899992,42.029063],[123.920435,42.016735],[123.941524,42.021661],[123.944588,42.016496],[123.937783,42.00664],[123.948981,42.003485],[123.980127,42.003597],[123.998373,42.009371],[124.018391,42.009332],[124.028121,42.016553],[124.033851,42.042742],[124.061342,42.06194],[124.073755,42.063086],[124.089076,42.071019],[124.134676,42.065646],[124.164042,42.053068],[124.18557,42.056619],[124.215257,42.053416],[124.228382,42.055902],[124.247835,42.065034],[124.258747,42.062317],[124.262708,42.043742],[124.269918,42.04087],[124.270773,42.032887],[124.279394,42.026251],[124.275302,42.018615],[124.277898,42.010849],[124.2742,42.005072],[124.288787,42.00376],[124.314302,42.014017],[124.33138,42.014238],[124.335944,42.006995],[124.345484,42.00981],[124.363156,42.018452],[124.358831,42.022062],[124.360532,42.030463],[124.377904,42.031468],[124.403673,42.042052],[124.408049,42.047653],[124.417438,42.049717],[124.44156,42.065382],[124.508539,42.082656],[124.541899,42.112296],[124.544398,42.116792],[124.535718,42.128859],[124.537314,42.135322],[124.554347,42.152929],[124.555492,42.161879],[124.538218,42.174814],[124.530761,42.190733],[124.522193,42.200269],[124.51018,42.234513],[124.530934,42.25572],[124.547618,42.267895],[124.555344,42.280204],[124.559087,42.301623],[124.572185,42.319015],[124.563808,42.33957],[124.568568,42.349354],[124.574106,42.347133],[124.587956,42.348943],[124.599488,42.343248],[124.617911,42.346278],[124.628268,42.344408],[124.627536,42.339035],[124.620141,42.332399],[124.620013,42.325187],[124.645691,42.313672],[124.673594,42.317414],[124.690157,42.314941],[124.707078,42.322867],[124.719686,42.322239],[124.726561,42.333446],[124.732477,42.336423],[124.745538,42.336062],[124.75546,42.340722],[124.76952,42.334025],[124.776417,42.335666],[124.781706,42.337653],[124.786387,42.352363],[124.79121,42.357268],[124.781894,42.363294],[124.783786,42.367124],[124.781327,42.378419],[124.768406,42.380851],[124.771008,42.382537],[124.766113,42.389104],[124.769628,42.398106],[124.773416,42.398573],[124.780428,42.407352],[124.794452,42.413655],[124.81375,42.408495],[124.815816,42.416063],[124.858185,42.40569],[124.880455,42.408147],[124.883745,42.399198],[124.889486,42.396145],[124.917718,42.394465],[124.925488,42.400711],[124.938873,42.398645],[124.946361,42.386996],[124.955103,42.382318],[124.950096,42.371778],[124.954838,42.368063],[124.968698,42.366005],[124.978926,42.376984],[124.985935,42.37498],[124.984704,42.370693],[124.993017,42.373804],[124.997241,42.372108],[124.999786,42.376174],[124.991728,42.39032],[124.995122,42.396834],[125.009261,42.401256],[125.018198,42.399557],[125.033373,42.405668],[125.035405,42.411607],[125.030145,42.418432],[125.029997,42.435742],[125.067826,42.450245],[125.073536,42.454894],[125.072116,42.462414],[125.09117,42.475522],[125.101578,42.476425],[125.130111,42.468811],[125.13683,42.459871],[125.143506,42.456637],[125.142846,42.449089],[125.134026,42.444623],[125.134738,42.44208],[125.174616,42.430435],[125.181005,42.423086],[125.180432,42.412401],[125.191248,42.405795],[125.186683,42.394268],[125.179668,42.389054],[125.181769,42.384428],[125.179452,42.38024],[125.193861,42.374702],[125.197099,42.364272],[125.187438,42.357801],[125.179738,42.358717],[125.165884,42.353078],[125.161161,42.353929],[125.1613,42.34961],[125.170502,42.344644],[125.170276,42.33471],[125.175563,42.327028],[125.166899,42.316377],[125.168844,42.306164],[125.215276,42.298196],[125.220788,42.303872],[125.23532,42.310236],[125.247681,42.305426],[125.254965,42.310123],[125.262192,42.301216],[125.268783,42.301399],[125.272516,42.294398],[125.293037,42.287176],[125.278844,42.270709],[125.270095,42.267154],[125.271006,42.261642],[125.280936,42.252457],[125.282846,42.24515],[125.277795,42.232992],[125.269443,42.229047],[125.306622,42.217453],[125.289305,42.207167],[125.300225,42.207836],[125.301336,42.199997],[125.293471,42.198409],[125.293584,42.193686],[125.286561,42.191568],[125.286587,42.184927],[125.282916,42.182615],[125.284973,42.179767],[125.274191,42.172193],[125.276987,42.168765],[125.292351,42.173235],[125.31256,42.201677],[125.310086,42.204645],[125.313628,42.202045],[125.308819,42.195201],[125.311319,42.192875],[125.310433,42.18666],[125.304956,42.179954],[125.307057,42.173774],[125.30381,42.169355],[125.30828,42.162458],[125.3017,42.156764],[125.299782,42.143947],[125.311128,42.139828],[125.324384,42.13948],[125.329695,42.1433],[125.33888,42.140791],[125.350946,42.143439],[125.353385,42.14935],[125.345598,42.152058],[125.350615,42.164741],[125.347204,42.176182],[125.36249,42.180357],[125.378185,42.174676],[125.382525,42.166309],[125.412101,42.152237],[125.438376,42.149737],[125.451597,42.15791],[125.455529,42.157154],[125.467014,42.148162],[125.468385,42.143466],[125.473325,42.143466],[125.483854,42.133565],[125.480112,42.127814],[125.471111,42.1238],[125.471363,42.118617],[125.460512,42.115527],[125.458568,42.109281],[125.449792,42.1111],[125.449019,42.101166],[125.442317,42.096864],[125.432891,42.096881],[125.428263,42.100193],[125.405712,42.098213],[125.409792,42.088817],[125.416249,42.086061],[125.417399,42.07574],[125.413198,42.072837],[125.410906,42.062698],[125.402407,42.060016],[125.396357,42.048574],[125.357233,42.014967],[125.36358,42.000354],[125.345194,41.995032],[125.335463,41.997819],[125.32976,41.984828],[125.316712,41.980948],[125.311348,41.974754],[125.291843,41.971595],[125.285758,41.956564],[125.303066,41.953009],[125.311096,41.942879],[125.340575,41.936759],[125.345436,41.925826],[125.31844,41.926835],[125.301432,41.922126],[125.29767,41.911436],[125.299898,41.904381],[125.297718,41.893357],[125.290219,41.884954],[125.290384,41.873378],[125.294794,41.865222],[125.290861,41.859663],[125.292884,41.854194],[125.285592,41.849611],[125.285957,41.83724],[125.290071,41.834007],[125.287223,41.831329],[125.288586,41.820964],[125.299489,41.799289],[125.309993,41.793834],[125.31407,41.769662],[125.32763,41.76848],[125.340124,41.759544],[125.326519,41.750739],[125.327954,41.743645],[125.33244,41.739643],[125.325216,41.728769],[125.328342,41.715022],[125.318985,41.699366],[125.319836,41.69372],[125.31086,41.674948],[125.318837,41.667847],[125.324513,41.671988],[125.337699,41.670069],[125.343298,41.676011],[125.356727,41.675],[125.371284,41.684553],[125.405537,41.688953],[125.425581,41.672365],[125.444157,41.671631],[125.444469,41.663224],[125.450146,41.660164],[125.445633,41.655212],[125.448809,41.647278],[125.453159,41.640567],[125.46453,41.636327],[125.461952,41.630385],[125.447959,41.619378],[125.447298,41.611978],[125.443983,41.608996],[125.446439,41.589326],[125.457819,41.578049],[125.454442,41.571018],[125.456309,41.565966],[125.448843,41.549407],[125.419954,41.548098],[125.407775,41.5418],[125.39367,41.545021],[125.375354,41.559929],[125.361083,41.536492],[125.322299,41.508957],[125.316474,41.49453],[125.289843,41.490754],[125.274249,41.492086],[125.250785,41.50269],[125.244799,41.493862],[125.243706,41.484754],[125.216134,41.477743],[125.213111,41.480593],[125.202887,41.480696],[125.202679,41.486854],[125.197821,41.49001],[125.193726,41.499171],[125.188834,41.498412],[125.187951,41.494494],[125.169867,41.490349],[125.165843,41.483339],[125.148429,41.485955],[125.126554,41.498924],[125.117474,41.500035],[125.091355,41.491133],[125.062031,41.491563],[125.061052,41.472079],[125.051224,41.471611],[125.004585,41.492354],[124.964186,41.499693],[124.9539,41.508656],[124.951269,41.517961],[124.934446,41.502635],[124.910919,41.495956],[124.910785,41.490455],[124.90021,41.482078],[124.895861,41.473349],[124.874735,41.468544],[124.883101,41.454416],[124.876206,41.442918],[124.863825,41.444304],[124.858442,41.441135],[124.855275,41.431939],[124.859092,41.427869],[124.857569,41.423828],[124.848818,41.422915],[124.847611,41.418557],[124.856862,41.398475],[124.851001,41.394364],[124.850721,41.387421],[124.854585,41.382166],[124.850712,41.371522],[124.863011,41.366724],[124.858493,41.359123],[124.863517,41.351633],[124.869828,41.350643],[124.86209,41.333701],[124.866906,41.325441],[124.834242,41.319866],[124.829076,41.308376],[124.78662,41.291632],[124.757419,41.272686],[124.706195,41.2602],[124.671664,41.262821],[124.665431,41.252982],[124.648457,41.237854],[124.643814,41.236903],[124.635115,41.24278],[124.634424,41.257973],[124.627445,41.262404],[124.59017,41.265121],[124.561464,41.284926],[124.54116,41.307353],[124.511369,41.316854],[124.494615,41.329718],[124.482341,41.332973],[124.458391,41.326372],[124.452796,41.316787],[124.460822,41.305147],[124.45689,41.301402],[124.432845,41.301919],[124.41814,41.309401],[124.414876,41.323541],[124.40754,41.336007],[124.387818,41.341853],[124.383374,41.35237],[124.382593,41.367092],[124.354624,41.381528],[124.339537,41.405781],[124.339815,41.427123],[124.378444,41.459349],[124.365231,41.471354],[124.347082,41.470504],[124.326932,41.474254],[124.326574,41.486437],[124.304361,41.493088],[124.301082,41.496343],[124.304156,41.501934],[124.313402,41.507909],[124.301498,41.515833],[124.294528,41.53569],[124.285023,41.539735],[124.251578,41.538282],[124.231959,41.546614],[124.224329,41.546909],[124.196082,41.531922],[124.172297,41.53306],[124.16307,41.518715],[124.134711,41.515425],[124.109459,41.503515],[124.099329,41.525942],[124.091855,41.533107],[124.046873,41.528122],[124.019755,41.543812],[123.969322,41.558512],[123.93301,41.545816],[123.928193,41.546906],[123.916274,41.56639],[123.910458,41.566368],[123.88222,41.564848],[123.862038,41.560282],[123.854589,41.548838],[123.856456,41.529948],[123.853809,41.521776],[123.801413,41.505248],[123.786074,41.504397],[123.775753,41.510495],[123.781309,41.521324],[123.780978,41.535799],[123.777836,41.539349],[123.765787,41.53724],[123.741649,41.525005],[123.734167,41.537947],[123.728329,41.54202],[123.723971,41.540989],[123.723171,41.545595],[123.729745,41.549548],[123.71962,41.554343],[123.715906,41.566329],[123.727783,41.569285],[123.744012,41.578724],[123.751076,41.577414],[123.753847,41.582493],[123.759706,41.584906],[123.773534,41.5861],[123.78591,41.596291],[123.776165,41.604387],[123.764367,41.606304],[123.76148,41.616497],[123.752966,41.617428],[123.743956,41.634566],[123.747485,41.641162],[123.759004,41.644239],[123.759265,41.650766],[123.763592,41.655066],[123.770436,41.653031],[123.778618,41.659722],[123.780563,41.666879],[123.788953,41.675325],[123.789176,41.672649],[123.790681,41.678281],[123.785594,41.677653],[123.784549,41.683731],[123.788353,41.688387],[123.802515,41.694616],[123.801344,41.701544],[123.805992,41.70792],[123.80264,41.713335],[123.79494,41.716562],[123.796152,41.725658],[123.79105,41.726165],[123.791092,41.730093],[123.780689,41.741312],[123.780102,41.747702],[123.775917,41.749887],[123.783116,41.764545],[123.766671,41.771465],[123.774816,41.775774],[123.77531,41.781139],[123.781093,41.781852],[123.77413,41.794947],[123.770565,41.79296],[123.760921,41.797181],[123.75656,41.794008],[123.750519,41.79501],[123.749034,41.792013],[123.753194,41.793534],[123.751602,41.789313],[123.754265,41.790627],[123.75278,41.788242],[123.755903,41.78638],[123.756368,41.777279],[123.750918,41.780442],[123.747639,41.77736],[123.748048,41.780234],[123.74267,41.779961],[123.738717,41.783488],[123.710952,41.7726],[123.7081,41.775819],[123.710266,41.777157],[123.68725,41.77611],[123.686255,41.78146],[123.679116,41.783081],[123.674981,41.779991],[123.663579,41.783152],[123.658893,41.787052],[123.657765,41.796152]]]}},{"type":"Feature","properties":{"id":"cn:210402","name":"新抚区","level":2},"geometry":{"type":"Polygon","coordinates":[[[123.817818,41.857261],[123.83692,41.856482],[123.9257,41.873416],[123.945181,41.872413],[123.972974,41.87784],[123.992954,41.875431],[123.989075,41.867723],[123.992998,41.863516],[123.974165,41.858439],[123.977325,41.854677],[123.969768,41.849165],[123.926018,41.849756],[123.922227,41.846233],[123.923513,41.833184],[123.920855,41.825448],[123.930287,41.814117],[123.939198,41.810905],[123.960261,41.813933],[123.963341,41.820449],[123.977969,41.829428],[123.981305,41.812085],[123.990799,41.809881],[123.991567,41.816468],[123.998579,41.81907],[123.995928,41.813512],[123.997468,41.809157],[123.992167,41.805848],[124.005836,41.783952],[124.001414,41.778746],[123.984177,41.778682],[123.979043,41.773227],[123.978753,41.764163],[123.984732,41.763742],[123.983768,41.755777],[123.978413,41.748522],[123.982183,41.745914],[123.981727,41.742423],[123.985499,41.743134],[123.987323,41.740182],[123.982442,41.738656],[123.972506,41.725486],[123.95145,41.727738],[123.944415,41.731638],[123.944666,41.740977],[123.933843,41.744285],[123.927744,41.75933],[123.914538,41.760757],[123.908962,41.775313],[123.898859,41.774652],[123.879363,41.804488],[123.881816,41.832371],[123.851602,41.838647],[123.853667,41.844469],[123.864503,41.849046],[123.845469,41.846891],[123.831593,41.841023],[123.817818,41.857261]]]}},{"type":"Feature","properties":{"id":"cn:210403","name":"东洲区","level":2},"geometry":{"type":"Polygon","coordinates":[[[123.920855,41.825448],[123.923513,41.833184],[123.922227,41.846233],[123.926018,41.849756],[123.969768,41.849165],[123.977325,41.854677],[123.974165,41.858439],[123.992998,41.863516],[123.989075,41.867723],[123.993,41.875631],[124.016586,41.87449],[124.01422,41.888324],[124.021574,41.891561],[124.024653,41.897431],[124.033465,41.895858],[124.0383,41.899328],[124.039669,41.896035],[124.045232,41.896533],[124.05155,41.900716],[124.046902,41.928028],[124.049893,41.942902],[124.036962,41.989874],[124.02254,42.011475],[124.028121,42.016553],[124.033851,42.042742],[124.061342,42.06194],[124.073755,42.063086],[124.089076,42.071019],[124.134676,42.065646],[124.164042,42.053068],[124.18557,42.056619],[124.215257,42.053416],[124.228382,42.055902],[124.247835,42.065034],[124.258747,42.062317],[124.262708,42.043742],[124.269918,42.04087],[124.270773,42.032887],[124.279394,42.026251],[124.275302,42.018615],[124.277898,42.010849],[124.274078,42.005149],[124.288787,42.00376],[124.307321,42.012921],[124.33138,42.014238],[124.346464,41.995052],[124.349268,41.982538],[124.357415,41.97609],[124.359232,41.970304],[124.367546,41.971922],[124.377672,41.968382],[124.378884,41.964035],[124.384668,41.960595],[124.386276,41.952033],[124.394461,41.950203],[124.390051,41.940661],[124.394147,41.936426],[124.376524,41.93707],[124.368831,41.930308],[124.359349,41.933363],[124.352593,41.927307],[124.347216,41.933277],[124.335373,41.932313],[124.334701,41.937007],[124.314515,41.943236],[124.309046,41.939571],[124.312045,41.938029],[124.306242,41.927055],[124.270241,41.924475],[124.212217,41.888608],[124.154341,41.870695],[124.115125,41.87079],[124.126647,41.857012],[124.114701,41.842553],[124.110149,41.82522],[124.116079,41.820107],[124.119689,41.809491],[124.125277,41.808664],[124.128546,41.802911],[124.115106,41.793719],[124.113757,41.786619],[124.120518,41.781092],[124.125961,41.781446],[124.120667,41.772423],[124.124355,41.763594],[124.119324,41.755187],[124.138352,41.72838],[124.133853,41.722242],[124.119244,41.727335],[124.114174,41.73688],[124.098904,41.750121],[124.097468,41.756949],[124.075663,41.762834],[124.068872,41.776249],[124.071785,41.784071],[124.066334,41.801429],[124.06222,41.779662],[124.048287,41.766325],[124.041613,41.743373],[124.028879,41.749201],[124.027539,41.766262],[124.022726,41.77214],[124.016503,41.770968],[124.014041,41.779757],[124.002942,41.786938],[123.997556,41.795466],[123.999095,41.797701],[123.993707,41.801684],[123.992167,41.805848],[123.997468,41.809157],[123.995928,41.813512],[123.998579,41.81907],[123.991567,41.816468],[123.990799,41.809881],[123.981305,41.812085],[123.977969,41.829428],[123.963341,41.820449],[123.960261,41.813933],[123.939198,41.810905],[123.930287,41.814117],[123.920855,41.825448]]]}},{"type":"Feature","properties":{"id":"cn:210404","name":"望花区","level":2},"geometry":{"type":"Polygon","coordinates":[[[123.657765,41.796152],[123.66114,41.796251],[123.66342,41.801471],[123.674077,41.803424],[123.673521,41.806048],[123.679567,41.809204],[123.673749,41.818823],[123.675328,41.823164],[123.66904,41.826259],[123.670899,41.835076],[123.700779,41.840327],[123.717901,41.849587],[123.733841,41.861506],[123.731735,41.864545],[123.737492,41.866656],[123.733707,41.867276],[123.732946,41.878293],[123.714445,41.884657],[123.709548,41.889748],[123.712805,41.893954],[123.722869,41.89515],[123.722509,41.904746],[123.728071,41.909354],[123.727315,41.913517],[123.736681,41.918402],[123.734569,41.92196],[123.730687,41.919318],[123.730641,41.921626],[123.725082,41.920829],[123.726271,41.924465],[123.722774,41.924576],[123.726829,41.929554],[123.72389,41.927931],[123.725818,41.931173],[123.717289,41.943864],[123.72644,41.952246],[123.72109,41.955713],[123.722165,41.959705],[123.727496,41.964677],[123.733961,41.963926],[123.743714,41.969555],[123.758284,41.96795],[123.756866,41.970014],[123.760659,41.970246],[123.768148,41.966752],[123.769525,41.971204],[123.77848,41.97758],[123.779488,41.98418],[123.792201,41.990121],[123.777123,41.952221],[123.761411,41.929995],[123.753998,41.913693],[123.754597,41.89947],[123.765265,41.88628],[123.768226,41.874127],[123.782158,41.864644],[123.817818,41.857261],[123.831593,41.841023],[123.845469,41.846891],[123.864503,41.849046],[123.853667,41.844469],[123.851602,41.838647],[123.881816,41.832371],[123.879363,41.804488],[123.898859,41.774652],[123.908962,41.775313],[123.914538,41.760757],[123.927744,41.75933],[123.933843,41.744285],[123.944666,41.740977],[123.944415,41.731638],[123.934305,41.730554],[123.933345,41.735547],[123.926748,41.738969],[123.910297,41.736192],[123.890809,41.738096],[123.889957,41.735416],[123.887851,41.738466],[123.875206,41.737726],[123.869876,41.754618],[123.864832,41.738316],[123.860987,41.738911],[123.854459,41.749284],[123.84557,41.745135],[123.848126,41.743914],[123.845373,41.739939],[123.832982,41.732872],[123.8483,41.727136],[123.849678,41.724063],[123.860862,41.722031],[123.86396,41.71371],[123.854498,41.693319],[123.847788,41.690234],[123.846928,41.679721],[123.839356,41.672272],[123.829375,41.668666],[123.823353,41.65237],[123.829029,41.649942],[123.826965,41.642884],[123.813712,41.637089],[123.822321,41.619017],[123.798229,41.605503],[123.79221,41.595613],[123.78591,41.596291],[123.776165,41.604387],[123.764367,41.606304],[123.76148,41.616497],[123.752966,41.617428],[123.743956,41.634377],[123.747485,41.641162],[123.759004,41.644239],[123.759265,41.650766],[123.763592,41.655066],[123.770436,41.653031],[123.778618,41.659722],[123.780563,41.666879],[123.788953,41.675325],[123.789176,41.672649],[123.790681,41.678281],[123.785594,41.677653],[123.784549,41.683731],[123.788353,41.688387],[123.802515,41.694616],[123.801344,41.701544],[123.805992,41.707502],[123.80264,41.713335],[123.79494,41.716562],[123.796152,41.725658],[123.79105,41.726165],[123.791092,41.730093],[123.780689,41.741312],[123.780102,41.747702],[123.775917,41.749887],[123.783116,41.764545],[123.766671,41.771465],[123.774816,41.775774],[123.77531,41.781139],[123.781093,41.781852],[123.775699,41.79306],[123.762637,41.797122],[123.75656,41.794008],[123.751191,41.795489],[123.749034,41.792013],[123.753315,41.793384],[123.751602,41.789313],[123.754397,41.790465],[123.752679,41.788638],[123.755903,41.78638],[123.757301,41.777754],[123.750918,41.780442],[123.747639,41.77736],[123.748048,41.780234],[123.74267,41.779961],[123.738717,41.783488],[123.710952,41.7726],[123.7081,41.775819],[123.710266,41.777157],[123.68725,41.77611],[123.686255,41.78146],[123.679116,41.783081],[123.674981,41.779991],[123.663579,41.783152],[123.658893,41.787052],[123.657765,41.796152]]]}},{"type":"Feature","properties":{"id":"cn:210411","name":"顺城区","level":2},"geometry":{"type":"Polygon","coordinates":[[[123.753408,41.906285],[123.756967,41.922586],[123.777123,41.952221],[123.792201,41.990121],[123.817644,42.011788],[123.836993,42.020755],[123.869712,42.026648],[123.874928,42.031033],[123.896149,42.027198],[123.899765,42.029137],[123.920832,42.016679],[123.941524,42.021661],[123.944588,42.016496],[123.937783,42.00664],[123.948981,42.003485],[123.980127,42.003597],[123.998373,42.009371],[124.02254,42.011475],[124.036962,41.989874],[124.049893,41.942902],[124.046902,41.928028],[124.05155,41.900716],[124.045232,41.896533],[124.039669,41.896035],[124.0383,41.899328],[124.033465,41.895858],[124.024653,41.897431],[124.021574,41.891561],[124.01422,41.888324],[124.016586,41.87449],[123.972974,41.87784],[123.945181,41.872413],[123.9257,41.873416],[123.844624,41.857717],[123.821551,41.856058],[123.782158,41.864644],[123.7703,41.872057],[123.753408,41.906285]]]}},{"type":"Feature","properties":{"id":"cn:210421","name":"抚顺县","level":2},"geometry":{"type":"Polygon","coordinates":[[[123.715852,41.566096],[123.744012,41.578724],[123.751076,41.577414],[123.753847,41.582493],[123.759706,41.584906],[123.773534,41.5861],[123.780173,41.593587],[123.79221,41.595613],[123.798229,41.605503],[123.822321,41.619017],[123.813712,41.637089],[123.826965,41.642884],[123.829029,41.649942],[123.823353,41.65237],[123.829375,41.668666],[123.839356,41.672272],[123.846928,41.679721],[123.847788,41.690234],[123.854498,41.693319],[123.86396,41.71371],[123.860862,41.722031],[123.849678,41.724063],[123.8483,41.727136],[123.832982,41.732872],[123.845373,41.739939],[123.848126,41.743914],[123.84557,41.745135],[123.851499,41.748689],[123.857428,41.74721],[123.860987,41.738911],[123.864832,41.738316],[123.869876,41.754618],[123.875206,41.737726],[123.887851,41.738466],[123.889957,41.735416],[123.890809,41.738096],[123.910297,41.736192],[123.926748,41.738969],[123.933345,41.735547],[123.934305,41.730554],[123.944415,41.731638],[123.95145,41.727738],[123.972506,41.725486],[123.982442,41.738656],[123.98753,41.740547],[123.981727,41.742423],[123.982183,41.745914],[123.978413,41.748522],[123.983839,41.756178],[123.984687,41.763869],[123.978534,41.764987],[123.979043,41.773227],[123.982891,41.777975],[123.994505,41.777416],[124.001414,41.778746],[124.005836,41.783952],[124.011406,41.782839],[124.016676,41.776062],[124.016503,41.770968],[124.022726,41.77214],[124.027539,41.766262],[124.028879,41.749201],[124.041613,41.743373],[124.048287,41.766325],[124.06222,41.779662],[124.066334,41.801429],[124.071785,41.784071],[124.068872,41.776249],[124.075663,41.762834],[124.097468,41.756949],[124.098904,41.750121],[124.114174,41.73688],[124.119244,41.727335],[124.134997,41.722805],[124.13834,41.727433],[124.135762,41.733981],[124.127118,41.740844],[124.124579,41.750519],[124.119324,41.755187],[124.124355,41.763594],[124.120667,41.772423],[124.125961,41.781446],[124.120518,41.781092],[124.113757,41.786619],[124.115106,41.793719],[124.128546,41.802911],[124.125277,41.808664],[124.119689,41.809491],[124.116079,41.820107],[124.110149,41.82522],[124.114701,41.842553],[124.126647,41.857012],[124.115125,41.87079],[124.154341,41.870695],[124.193933,41.882253],[124.216796,41.89086],[124.270661,41.9246],[124.300321,41.925532],[124.309659,41.921912],[124.317698,41.925039],[124.317336,41.92214],[124.322075,41.923357],[124.318885,41.920795],[124.323511,41.917777],[124.320331,41.913425],[124.328782,41.911787],[124.333567,41.915911],[124.332075,41.912422],[124.335666,41.907209],[124.360421,41.905913],[124.360855,41.901224],[124.372091,41.901335],[124.37602,41.898094],[124.373576,41.895345],[124.357152,41.894551],[124.346686,41.882389],[124.348734,41.876699],[124.344879,41.860863],[124.336269,41.858532],[124.335064,41.854745],[124.341323,41.844162],[124.35742,41.837406],[124.366094,41.841386],[124.369911,41.847444],[124.378511,41.846029],[124.383712,41.850479],[124.398244,41.848236],[124.402185,41.851802],[124.40962,41.840011],[124.425193,41.850257],[124.428469,41.846936],[124.435092,41.847894],[124.435688,41.838897],[124.438928,41.835362],[124.430544,41.824458],[124.430336,41.812991],[124.422903,41.81009],[124.426596,41.803603],[124.412358,41.797763],[124.419114,41.792774],[124.418972,41.784238],[124.429611,41.781601],[124.431818,41.766805],[124.44003,41.762102],[124.440885,41.758293],[124.415941,41.746135],[124.408071,41.746195],[124.395631,41.738785],[124.393204,41.73371],[124.397984,41.727879],[124.395715,41.718665],[124.401932,41.712309],[124.414205,41.707343],[124.416445,41.701402],[124.429061,41.702152],[124.43204,41.699302],[124.43971,41.703365],[124.443385,41.701487],[124.443158,41.689687],[124.446254,41.685839],[124.435383,41.684177],[124.433729,41.68128],[124.436597,41.675953],[124.418301,41.667917],[124.431117,41.651371],[124.417905,41.629631],[124.392176,41.616884],[124.384311,41.609849],[124.384937,41.597196],[124.389486,41.588055],[124.411308,41.584887],[124.423929,41.568993],[124.444277,41.558298],[124.443269,41.548689],[124.427045,41.544297],[124.422376,41.538972],[124.439624,41.519444],[124.428417,41.504053],[124.436594,41.490174],[124.433661,41.479271],[124.412176,41.452578],[124.378444,41.459349],[124.365231,41.471354],[124.347082,41.470504],[124.326932,41.474254],[124.326574,41.486437],[124.301082,41.496343],[124.304265,41.5021],[124.313402,41.507909],[124.301498,41.515833],[124.294528,41.53569],[124.285023,41.539735],[124.251578,41.538282],[124.231959,41.546614],[124.224329,41.546909],[124.196082,41.531922],[124.172297,41.53306],[124.16307,41.518715],[124.134711,41.515425],[124.109459,41.503515],[124.099329,41.525942],[124.091855,41.533107],[124.046873,41.528122],[124.019755,41.543812],[123.980858,41.557171],[123.969322,41.558512],[123.953801,41.55517],[123.93301,41.545816],[123.928193,41.546906],[123.916274,41.56639],[123.88222,41.564848],[123.862038,41.560282],[123.855363,41.551338],[123.856456,41.529948],[123.853809,41.521776],[123.801413,41.505248],[123.786074,41.504397],[123.775753,41.510495],[123.781309,41.521324],[123.780978,41.535799],[123.777836,41.539349],[123.765787,41.53724],[123.741649,41.525005],[123.734167,41.537947],[123.728329,41.54202],[123.723971,41.540989],[123.723171,41.545595],[123.729745,41.549548],[123.71962,41.554343],[123.715852,41.566096]]]}},{"type":"Feature","properties":{"id":"cn:210422","name":"新宾满族自治县","level":2},"geometry":{"type":"Polygon","coordinates":[[[124.300405,41.924383],[124.307929,41.929282],[124.312045,41.938029],[124.309046,41.939571],[124.314515,41.943236],[124.334701,41.937007],[124.335373,41.932313],[124.347216,41.933277],[124.352593,41.927307],[124.359349,41.933363],[124.368831,41.930308],[124.376524,41.93707],[124.394147,41.936426],[124.390051,41.940661],[124.394461,41.950203],[124.386276,41.952033],[124.384668,41.960595],[124.378884,41.964035],[124.377672,41.968382],[124.385416,41.972328],[124.383623,41.976299],[124.394295,41.977171],[124.391732,41.982682],[124.395258,41.98004],[124.40377,41.981988],[124.406336,41.976719],[124.409592,41.981497],[124.417277,41.982246],[124.416485,41.978017],[124.422431,41.977183],[124.433485,41.980588],[124.44087,41.977352],[124.451777,41.97823],[124.456177,41.97039],[124.462914,41.965845],[124.470748,41.965401],[124.469363,41.960125],[124.480422,41.948809],[124.480937,41.935236],[124.485289,41.932919],[124.489555,41.920838],[124.482089,41.913721],[124.487732,41.913903],[124.492374,41.908539],[124.495892,41.91009],[124.510406,41.906125],[124.510042,41.899686],[124.518673,41.894307],[124.523427,41.885914],[124.528403,41.887297],[124.546004,41.879683],[124.605882,41.868073],[124.636065,41.877262],[124.679963,41.879743],[124.68728,41.874188],[124.686872,41.868247],[124.673435,41.852009],[124.69051,41.845169],[124.694806,41.818169],[124.714476,41.808932],[124.740518,41.802895],[124.756065,41.805278],[124.779971,41.817245],[124.791472,41.834937],[124.810998,41.831029],[124.814168,41.8234],[124.820217,41.828259],[124.829627,41.828566],[124.839647,41.837168],[124.853174,41.838429],[124.861482,41.833972],[124.894112,41.834058],[124.900284,41.825781],[124.911143,41.822826],[124.945542,41.830397],[124.965194,41.84245],[124.970238,41.835593],[124.977738,41.832993],[124.992252,41.833556],[125.018111,41.850167],[125.042694,41.845493],[125.061652,41.852051],[125.088553,41.85347],[125.118753,41.870106],[125.132711,41.887649],[125.15548,41.883252],[125.162077,41.884815],[125.223753,41.929468],[125.239707,41.933986],[125.246018,41.931729],[125.264118,41.94028],[125.28588,41.957523],[125.296165,41.952614],[125.303066,41.953009],[125.311096,41.942879],[125.340575,41.936759],[125.345436,41.925826],[125.31844,41.926835],[125.301432,41.922126],[125.29767,41.911436],[125.299898,41.904381],[125.297718,41.893357],[125.290219,41.884954],[125.290384,41.873378],[125.294794,41.865222],[125.290861,41.859663],[125.292884,41.854194],[125.285592,41.849611],[125.285957,41.83724],[125.290071,41.834007],[125.287223,41.831329],[125.288586,41.820964],[125.299489,41.799289],[125.309993,41.793834],[125.31407,41.769662],[125.32763,41.76848],[125.340124,41.759544],[125.326519,41.750739],[125.327954,41.743645],[125.33244,41.739643],[125.325216,41.728769],[125.328342,41.715022],[125.318985,41.699366],[125.319836,41.69372],[125.31086,41.674948],[125.318837,41.667847],[125.324513,41.671988],[125.337699,41.670069],[125.343298,41.676011],[125.356727,41.675],[125.371284,41.684553],[125.405537,41.688953],[125.425581,41.672365],[125.444157,41.671631],[125.444469,41.663224],[125.450146,41.660164],[125.445633,41.655212],[125.448809,41.647278],[125.453159,41.640567],[125.464477,41.636887],[125.461952,41.630385],[125.447959,41.619378],[125.447298,41.611978],[125.443983,41.608996],[125.446439,41.589326],[125.457819,41.578049],[125.454442,41.571018],[125.456309,41.565966],[125.448635,41.549195],[125.419954,41.548098],[125.410823,41.541652],[125.39367,41.545021],[125.375354,41.559929],[125.361083,41.536492],[125.322299,41.508957],[125.316474,41.49453],[125.289843,41.490754],[125.274249,41.492086],[125.250785,41.50269],[125.244799,41.493862],[125.243706,41.484754],[125.216134,41.477743],[125.213111,41.480593],[125.202887,41.480696],[125.202679,41.486854],[125.197821,41.49001],[125.193726,41.499171],[125.188834,41.498412],[125.187951,41.494494],[125.169867,41.490349],[125.165843,41.483339],[125.148429,41.485955],[125.126554,41.498924],[125.117474,41.500035],[125.091355,41.491133],[125.062031,41.491563],[125.061052,41.472079],[125.051224,41.471611],[125.004585,41.492354],[124.964186,41.499693],[124.9539,41.508656],[124.951269,41.517961],[124.934446,41.502635],[124.910919,41.495956],[124.910785,41.490455],[124.90021,41.482078],[124.895861,41.473349],[124.874735,41.468544],[124.883101,41.454416],[124.876206,41.442918],[124.863825,41.444304],[124.858442,41.441135],[124.855275,41.431939],[124.859092,41.427869],[124.857569,41.423828],[124.848818,41.422915],[124.847611,41.418557],[124.856862,41.398475],[124.851001,41.394364],[124.850721,41.387421],[124.854585,41.382166],[124.850712,41.371522],[124.863011,41.366724],[124.858493,41.359123],[124.863517,41.351633],[124.869828,41.350643],[124.86209,41.333701],[124.866906,41.325441],[124.834242,41.319866],[124.829076,41.308376],[124.78662,41.291632],[124.757419,41.272686],[124.706195,41.2602],[124.671664,41.262821],[124.665431,41.252982],[124.648457,41.237854],[124.643814,41.236903],[124.635115,41.24278],[124.634424,41.257973],[124.627445,41.262404],[124.59017,41.265121],[124.561464,41.284926],[124.54116,41.307353],[124.511369,41.316854],[124.494615,41.329718],[124.482341,41.332973],[124.465353,41.329995],[124.453186,41.320616],[124.460032,41.302652],[124.444598,41.300065],[124.432845,41.301919],[124.416187,41.312006],[124.414876,41.323541],[124.40754,41.336007],[124.387818,41.341853],[124.383374,41.35237],[124.382593,41.367092],[124.36301,41.374996],[124.347593,41.390078],[124.339537,41.405781],[124.338721,41.420278],[124.344815,41.433129],[124.378444,41.459349],[124.412176,41.452578],[124.433661,41.479271],[124.435683,41.486076],[124.436594,41.490174],[124.428417,41.504053],[124.439624,41.519444],[124.422376,41.538972],[124.427045,41.544297],[124.443269,41.548689],[124.444277,41.558298],[124.423929,41.568993],[124.411308,41.584887],[124.389486,41.588055],[124.384189,41.60388],[124.384311,41.609849],[124.392176,41.616884],[124.417905,41.629631],[124.428973,41.647096],[124.431117,41.651371],[124.418634,41.668441],[124.436597,41.675953],[124.433729,41.68128],[124.435383,41.684177],[124.446254,41.685839],[124.443158,41.689687],[124.443385,41.701487],[124.43971,41.703365],[124.43204,41.699302],[124.429061,41.702152],[124.416445,41.701402],[124.414205,41.707343],[124.401932,41.712309],[124.395715,41.718665],[124.397984,41.727879],[124.393204,41.73371],[124.395631,41.738785],[124.408071,41.746195],[124.415941,41.746135],[124.440885,41.758293],[124.44003,41.762102],[124.431818,41.766805],[124.429611,41.781601],[124.418972,41.784238],[124.419114,41.792774],[124.412358,41.797763],[124.426596,41.803603],[124.422903,41.81009],[124.430511,41.813269],[124.430544,41.824458],[124.438914,41.8362],[124.435688,41.838897],[124.434958,41.848095],[124.428469,41.846936],[124.425573,41.850355],[124.40962,41.840011],[124.402185,41.851802],[124.398244,41.848236],[124.383712,41.850479],[124.378511,41.846029],[124.370303,41.847584],[124.366094,41.841386],[124.35742,41.837406],[124.341323,41.844162],[124.335064,41.854745],[124.336269,41.858532],[124.344879,41.860863],[124.348734,41.876699],[124.346686,41.882389],[124.357152,41.894551],[124.373576,41.895345],[124.37602,41.898094],[124.372091,41.901335],[124.360855,41.901224],[124.360421,41.905913],[124.335666,41.907209],[124.332075,41.912422],[124.333567,41.915911],[124.328782,41.911787],[124.320331,41.913425],[124.323511,41.917777],[124.318885,41.920795],[124.321637,41.92368],[124.309659,41.921912],[124.300405,41.924383]]]}},{"type":"Feature","properties":{"id":"cn:210423","name":"清原满族自治县","level":2},"geometry":{"type":"Polygon","coordinates":[[[124.335944,42.006995],[124.363156,42.018452],[124.358831,42.022062],[124.360532,42.030463],[124.377904,42.031468],[124.403673,42.042052],[124.408049,42.047653],[124.417438,42.049717],[124.44156,42.065382],[124.508539,42.082656],[124.541899,42.112296],[124.544398,42.116792],[124.535718,42.128859],[124.537314,42.135322],[124.554347,42.152929],[124.555492,42.161879],[124.538218,42.174814],[124.530761,42.190733],[124.522193,42.200269],[124.51018,42.234513],[124.530934,42.25572],[124.547618,42.267895],[124.555344,42.280204],[124.559087,42.301623],[124.572185,42.319015],[124.563808,42.33957],[124.568568,42.349354],[124.574106,42.347133],[124.587956,42.348943],[124.599488,42.343248],[124.617911,42.346278],[124.628268,42.344408],[124.627536,42.339035],[124.620141,42.332399],[124.620013,42.325187],[124.645691,42.313672],[124.673594,42.317414],[124.690157,42.314941],[124.707078,42.322867],[124.719686,42.322239],[124.726561,42.333446],[124.732477,42.336423],[124.745538,42.336062],[124.75546,42.340722],[124.76952,42.334025],[124.776417,42.335666],[124.781706,42.337653],[124.786387,42.352363],[124.79121,42.357268],[124.781894,42.363294],[124.783786,42.367124],[124.781327,42.378419],[124.768406,42.380851],[124.771008,42.382537],[124.766113,42.389104],[124.769628,42.398106],[124.773416,42.398573],[124.780428,42.407352],[124.794452,42.413655],[124.81375,42.408495],[124.815816,42.416063],[124.858185,42.40569],[124.880455,42.408147],[124.883745,42.399198],[124.889486,42.396145],[124.917718,42.394465],[124.925488,42.400711],[124.938873,42.398645],[124.946361,42.386996],[124.955103,42.382318],[124.950096,42.371778],[124.954838,42.368063],[124.968698,42.366005],[124.978926,42.376984],[124.985935,42.37498],[124.984704,42.370693],[124.993017,42.373804],[124.997241,42.372108],[124.999786,42.376174],[124.991728,42.39032],[124.995122,42.396834],[125.009261,42.401256],[125.018198,42.399557],[125.033373,42.405668],[125.035405,42.411607],[125.030145,42.418432],[125.029997,42.435742],[125.067826,42.450245],[125.073536,42.454894],[125.072116,42.462414],[125.09117,42.475522],[125.101578,42.476425],[125.130111,42.468811],[125.13683,42.459871],[125.143506,42.456637],[125.142846,42.449089],[125.134026,42.444623],[125.134738,42.44208],[125.174616,42.430435],[125.181005,42.423086],[125.180432,42.412401],[125.191248,42.405795],[125.186683,42.394268],[125.179668,42.389054],[125.181769,42.384428],[125.179452,42.38024],[125.193861,42.374702],[125.197099,42.364272],[125.187438,42.357801],[125.179738,42.358717],[125.165884,42.353078],[125.161161,42.353929],[125.1613,42.34961],[125.170502,42.344644],[125.170276,42.33471],[125.175563,42.327028],[125.166899,42.316377],[125.168844,42.306164],[125.215276,42.298196],[125.220788,42.303872],[125.23532,42.310236],[125.247681,42.305426],[125.254965,42.310123],[125.262192,42.301216],[125.268783,42.301399],[125.272516,42.294398],[125.293037,42.287176],[125.278844,42.270709],[125.270095,42.267154],[125.271006,42.261642],[125.280936,42.252457],[125.282846,42.24515],[125.277795,42.232992],[125.269443,42.229047],[125.306622,42.217453],[125.289305,42.207167],[125.300225,42.207836],[125.301336,42.199997],[125.293471,42.198409],[125.293584,42.193686],[125.286561,42.191568],[125.286587,42.184927],[125.282916,42.182615],[125.284973,42.179767],[125.274191,42.172193],[125.276987,42.168765],[125.292351,42.173235],[125.31256,42.201677],[125.310086,42.204645],[125.313628,42.202045],[125.308819,42.195201],[125.311319,42.192875],[125.310433,42.18666],[125.304956,42.179954],[125.307057,42.173774],[125.30381,42.169355],[125.30828,42.162458],[125.3017,42.156764],[125.299782,42.143947],[125.311128,42.139828],[125.324384,42.13948],[125.329695,42.1433],[125.33888,42.140791],[125.350946,42.143439],[125.353385,42.14935],[125.345598,42.152058],[125.350615,42.164741],[125.347204,42.176182],[125.36249,42.180357],[125.378185,42.174676],[125.382525,42.166309],[125.412101,42.152237],[125.438376,42.149737],[125.451597,42.15791],[125.455529,42.157154],[125.467014,42.148162],[125.468385,42.143466],[125.473325,42.143466],[125.483854,42.133565],[125.480112,42.127814],[125.471111,42.1238],[125.471363,42.118617],[125.460512,42.115527],[125.458568,42.109281],[125.449792,42.1111],[125.449019,42.101166],[125.442317,42.096864],[125.432891,42.096881],[125.428263,42.100193],[125.405712,42.098213],[125.409792,42.088817],[125.416249,42.086061],[125.417399,42.07574],[125.413198,42.072837],[125.410906,42.062698],[125.402407,42.060016],[125.396357,42.048574],[125.357233,42.014967],[125.363093,41.999971],[125.345194,41.995032],[125.335463,41.997819],[125.32976,41.984828],[125.316712,41.980948],[125.311348,41.974754],[125.291843,41.971595],[125.291365,41.965466],[125.281417,41.951851],[125.264118,41.94028],[125.246018,41.931729],[125.239707,41.933986],[125.223753,41.929468],[125.162077,41.884815],[125.15548,41.883252],[125.132711,41.887649],[125.118753,41.870106],[125.093943,41.85554],[125.061652,41.852051],[125.042694,41.845493],[125.018111,41.850167],[124.992252,41.833556],[124.977738,41.832993],[124.970238,41.835593],[124.965194,41.84245],[124.945542,41.830397],[124.911143,41.822826],[124.900284,41.825781],[124.894112,41.834058],[124.872167,41.832861],[124.847671,41.838876],[124.814168,41.8234],[124.810998,41.831029],[124.791472,41.834937],[124.779971,41.817245],[124.746065,41.803138],[124.714476,41.808932],[124.694806,41.818169],[124.69051,41.845169],[124.673435,41.852009],[124.686872,41.868247],[124.68728,41.874188],[124.679963,41.879743],[124.636065,41.877262],[124.605882,41.868073],[124.546004,41.879683],[124.528403,41.887297],[124.523427,41.885914],[124.518673,41.894307],[124.510042,41.899686],[124.510406,41.906125],[124.495892,41.91009],[124.492374,41.908539],[124.487732,41.913903],[124.482089,41.913721],[124.489555,41.920838],[124.485289,41.932919],[124.480937,41.935236],[124.480422,41.948809],[124.469363,41.960125],[124.470748,41.965401],[124.462914,41.965845],[124.456177,41.97039],[124.451777,41.97823],[124.44087,41.977352],[124.433485,41.980588],[124.422431,41.977183],[124.416485,41.978017],[124.417277,41.982246],[124.409592,41.981497],[124.406336,41.976719],[124.40377,41.981988],[124.395258,41.98004],[124.392101,41.982722],[124.393691,41.978613],[124.391418,41.978933],[124.394295,41.977171],[124.383623,41.976299],[124.385416,41.972328],[124.381221,41.969192],[124.367546,41.971922],[124.359232,41.970304],[124.357415,41.97609],[124.349268,41.982538],[124.346464,41.995052],[124.335944,42.006995]]]}},{"type":"Feature","properties":{"id":"cn:2105","name":"本溪市","level":1},"geometry":{"type":"Polygon","coordinates":[[[123.576685,40.855899],[123.59934,40.872444],[123.603594,40.88309],[123.603058,40.89068],[123.614073,40.89532],[123.61902,40.90261],[123.618032,40.910631],[123.626405,40.921906],[123.639354,40.927682],[123.646057,40.93622],[123.643862,40.938489],[123.652567,40.951292],[123.642371,40.962986],[123.650916,40.972082],[123.646439,40.973484],[123.641294,41.003627],[123.645191,41.008884],[123.64447,41.014565],[123.655121,41.016053],[123.654283,41.039856],[123.675399,41.045663],[123.683968,41.057827],[123.673874,41.068038],[123.66516,41.069911],[123.661399,41.079282],[123.654831,41.085369],[123.654808,41.094066],[123.648675,41.097517],[123.650296,41.101143],[123.645642,41.110973],[123.649597,41.127304],[123.658917,41.137289],[123.657131,41.142269],[123.652112,41.144423],[123.644318,41.155087],[123.63277,41.157409],[123.633324,41.167479],[123.630078,41.169457],[123.628556,41.179382],[123.618631,41.188696],[123.617941,41.197527],[123.61337,41.201119],[123.595387,41.202135],[123.593282,41.204681],[123.598082,41.207486],[123.59655,41.211107],[123.600502,41.218504],[123.603132,41.218161],[123.591268,41.23293],[123.602967,41.248298],[123.610712,41.253508],[123.614305,41.244434],[123.630709,41.245013],[123.661886,41.25697],[123.666205,41.264618],[123.659814,41.267187],[123.658315,41.281739],[123.651924,41.285045],[123.649602,41.290426],[123.650314,41.296476],[123.657029,41.301046],[123.654707,41.310577],[123.657683,41.316111],[123.65606,41.322918],[123.648348,41.32649],[123.652613,41.343823],[123.646941,41.351255],[123.649761,41.370353],[123.643626,41.381638],[123.646916,41.384952],[123.636881,41.390569],[123.625492,41.414822],[123.64711,41.436572],[123.646959,41.447388],[123.638634,41.456163],[123.601924,41.465646],[123.600605,41.47441],[123.594865,41.478816],[123.5955,41.485021],[123.586002,41.488012],[123.585332,41.492544],[123.599413,41.499078],[123.59752,41.503826],[123.609869,41.506014],[123.610123,41.511458],[123.614833,41.515222],[123.619912,41.514649],[123.623903,41.521761],[123.640871,41.51658],[123.651473,41.522455],[123.652668,41.527513],[123.65893,41.52497],[123.671874,41.526603],[123.671549,41.521853],[123.678882,41.517491],[123.687544,41.524431],[123.697138,41.519001],[123.697522,41.513514],[123.713021,41.508014],[123.721553,41.514941],[123.738418,41.517114],[123.741649,41.525005],[123.773548,41.539267],[123.777836,41.539349],[123.781908,41.530946],[123.781309,41.521324],[123.775753,41.510495],[123.786074,41.504397],[123.801413,41.505248],[123.853809,41.521776],[123.856456,41.529948],[123.855363,41.551338],[123.862038,41.560282],[123.88222,41.564848],[123.916274,41.56639],[123.928193,41.546906],[123.93301,41.545816],[123.953801,41.55517],[123.969322,41.558512],[123.980858,41.557171],[124.019755,41.543812],[124.046873,41.528122],[124.091855,41.533107],[124.099329,41.525942],[124.109459,41.503515],[124.134711,41.515425],[124.16307,41.518715],[124.172297,41.53306],[124.196082,41.531922],[124.224329,41.546909],[124.231959,41.546614],[124.251578,41.538282],[124.277132,41.540734],[124.287705,41.538711],[124.294528,41.53569],[124.303222,41.513706],[124.313402,41.507909],[124.304156,41.501934],[124.301082,41.496343],[124.304361,41.493088],[124.326574,41.486437],[124.326932,41.474254],[124.347082,41.470504],[124.365231,41.471354],[124.378444,41.459349],[124.339815,41.427123],[124.339537,41.405781],[124.354624,41.381528],[124.382593,41.367092],[124.383374,41.35237],[124.387818,41.341853],[124.40754,41.336007],[124.414876,41.323541],[124.41814,41.309401],[124.432845,41.301919],[124.45689,41.301402],[124.460822,41.305147],[124.452796,41.316787],[124.458391,41.326372],[124.482341,41.332973],[124.494615,41.329718],[124.511369,41.316854],[124.54116,41.307353],[124.561464,41.284926],[124.59017,41.265121],[124.627445,41.262404],[124.634424,41.257973],[124.635115,41.24278],[124.643814,41.236903],[124.648457,41.237854],[124.665431,41.252982],[124.671664,41.262821],[124.706195,41.2602],[124.757419,41.272686],[124.78662,41.291632],[124.829076,41.308376],[124.834242,41.319866],[124.866906,41.325441],[124.86209,41.333701],[124.869828,41.350643],[124.863517,41.351633],[124.858493,41.359123],[124.863011,41.366724],[124.850712,41.371522],[124.854585,41.382166],[124.850721,41.387421],[124.851001,41.394364],[124.856862,41.398475],[124.847611,41.418557],[124.848818,41.422915],[124.857569,41.423828],[124.859092,41.427869],[124.855275,41.431939],[124.858442,41.441135],[124.863825,41.444304],[124.876206,41.442918],[124.883101,41.454416],[124.874735,41.468544],[124.895861,41.473349],[124.90021,41.482078],[124.910785,41.490455],[124.910919,41.495956],[124.934446,41.502635],[124.951269,41.517961],[124.9539,41.508656],[124.964186,41.499693],[125.004585,41.492354],[125.051224,41.471611],[125.061052,41.472079],[125.062031,41.491563],[125.091355,41.491133],[125.117474,41.500035],[125.126554,41.498924],[125.148429,41.485955],[125.165843,41.483339],[125.169867,41.490349],[125.187951,41.494494],[125.188834,41.498412],[125.193726,41.499171],[125.197821,41.49001],[125.202679,41.486854],[125.202887,41.480696],[125.213111,41.480593],[125.216134,41.477743],[125.243706,41.484754],[125.244799,41.493862],[125.250785,41.50269],[125.274249,41.492086],[125.289843,41.490754],[125.316474,41.49453],[125.322299,41.508957],[125.361083,41.536492],[125.375354,41.559929],[125.39367,41.545021],[125.410823,41.541652],[125.419954,41.548098],[125.448635,41.549195],[125.456309,41.565966],[125.470527,41.558045],[125.473635,41.542646],[125.486395,41.534352],[125.501264,41.531586],[125.49807,41.521907],[125.488973,41.51979],[125.48623,41.511643],[125.488113,41.505992],[125.499407,41.501426],[125.500309,41.496777],[125.511898,41.486968],[125.510456,41.476439],[125.526576,41.47702],[125.536428,41.465809],[125.52958,41.445231],[125.534388,41.434594],[125.528416,41.426707],[125.534127,41.417856],[125.540777,41.417223],[125.541688,41.413082],[125.545342,41.412414],[125.546871,41.40734],[125.542608,41.398777],[125.557318,41.394959],[125.574409,41.394964],[125.581916,41.3801],[125.57404,41.372785],[125.576054,41.361537],[125.588451,41.356852],[125.604634,41.363063],[125.615307,41.359162],[125.631419,41.342434],[125.634088,41.336174],[125.629983,41.323755],[125.61436,41.31635],[125.636365,41.294144],[125.633336,41.276726],[125.640826,41.262746],[125.659055,41.266513],[125.664316,41.2737],[125.669775,41.275572],[125.680261,41.270715],[125.68672,41.250997],[125.68486,41.244291],[125.688454,41.242577],[125.706867,41.246327],[125.713314,41.241683],[125.743687,41.243389],[125.75243,41.230495],[125.731162,41.197499],[125.731492,41.177281],[125.758107,41.170008],[125.777309,41.170004],[125.785607,41.164848],[125.773993,41.153988],[125.759739,41.146419],[125.751778,41.127993],[125.741926,41.122803],[125.727412,41.123094],[125.707499,41.102664],[125.705937,41.093867],[125.725016,41.092676],[125.733297,41.087594],[125.733463,41.084596],[125.726587,41.074235],[125.724834,41.064175],[125.719835,41.060173],[125.720511,41.053293],[125.708419,41.043594],[125.700181,41.031349],[125.678315,41.019925],[125.679183,41.008753],[125.674383,41.005537],[125.675937,41.000525],[125.673107,40.997759],[125.678099,40.984483],[125.676128,40.978367],[125.668949,40.97279],[125.656423,40.975564],[125.643923,40.968403],[125.643454,40.961085],[125.637135,40.953489],[125.638714,40.948293],[125.629531,40.94003],[125.608793,40.940377],[125.583672,40.929423],[125.586154,40.92293],[125.584036,40.91611],[125.566466,40.930282],[125.560063,40.929857],[125.54973,40.925194],[125.542198,40.910542],[125.532404,40.906485],[125.515103,40.910515],[125.494905,40.938108],[125.497952,40.943849],[125.520129,40.957768],[125.526073,40.97505],[125.523726,40.984224],[125.517197,40.986869],[125.496352,40.985995],[125.484725,40.980463],[125.483514,40.973411],[125.497317,40.963675],[125.495213,40.951984],[125.459414,40.96036],[125.450378,40.967123],[125.448798,40.972282],[125.460971,40.991469],[125.454457,41.005049],[125.454572,41.018655],[125.446275,41.026558],[125.437458,41.029435],[125.428049,41.026145],[125.425234,41.008793],[125.387576,41.014586],[125.379749,41.011352],[125.385113,41.00199],[125.383451,40.997253],[125.348532,40.996448],[125.340925,41.006937],[125.335108,41.009263],[125.340801,41.022563],[125.350138,41.028986],[125.346144,41.035714],[125.33261,41.033347],[125.327278,41.035158],[125.3205,41.044242],[125.307678,41.041838],[125.312439,41.052196],[125.303196,41.062904],[125.297856,41.082216],[125.268912,41.098616],[125.257237,41.095143],[125.217995,41.112518],[125.19106,41.099553],[125.162916,41.104787],[125.097379,41.087865],[125.039245,41.115882],[125.02858,41.109811],[125.00977,41.108275],[125.000631,41.096728],[124.991503,41.096483],[124.980869,41.105629],[124.965877,41.112053],[124.954593,41.115098],[124.942944,41.113296],[124.915248,41.117829],[124.906425,41.116452],[124.886597,41.120742],[124.850141,41.136768],[124.831217,41.135995],[124.80824,41.141603],[124.788882,41.131195],[124.766287,41.134021],[124.753057,41.13988],[124.743761,41.149702],[124.730255,41.152812],[124.714702,41.140875],[124.71355,41.131301],[124.702519,41.12547],[124.696716,41.122982],[124.673952,41.12384],[124.672461,41.116161],[124.666824,41.111561],[124.664896,41.100266],[124.667696,41.097504],[124.665048,41.093437],[124.648067,41.088816],[124.63415,41.101689],[124.628465,41.094552],[124.605404,41.088551],[124.601638,41.092551],[124.579625,41.100231],[124.562442,41.098645],[124.535859,41.087232],[124.532299,41.077525],[124.533953,41.0728],[124.512762,41.060996],[124.511446,41.054538],[124.504783,41.047526],[124.414533,41.07507],[124.399559,41.06948],[124.369402,41.050943],[124.359602,41.054089],[124.35086,41.063621],[124.332788,41.070084],[124.305895,41.054615],[124.291442,41.051971],[124.286147,41.054476],[124.291738,41.087093],[124.289793,41.094059],[124.27975,41.09813],[124.262797,41.099024],[124.25085,41.096526],[124.245201,41.087899],[124.231562,41.078821],[124.235973,41.071102],[124.229933,41.062176],[124.229589,41.052639],[124.232129,41.050206],[124.22555,41.039473],[124.210387,41.039823],[124.203162,41.044072],[124.194411,41.031416],[124.178812,41.025123],[124.14001,41.053013],[124.127361,41.046599],[124.114174,41.044523],[124.117196,41.037814],[124.089973,41.035504],[124.087567,41.033947],[124.09225,41.024054],[124.100999,41.01408],[124.11198,40.992084],[124.121355,40.982544],[124.123525,40.965013],[124.14198,40.955357],[124.141598,40.949631],[124.126198,40.923121],[124.125469,40.907535],[124.143855,40.888012],[124.135313,40.878004],[124.137526,40.861159],[124.12842,40.851636],[124.109974,40.851875],[124.097083,40.844553],[124.08816,40.846957],[124.087822,40.855698],[124.078375,40.859265],[124.025607,40.86392],[124.010593,40.858097],[123.990861,40.860127],[123.982494,40.865773],[123.974934,40.866011],[123.967288,40.855627],[123.96889,40.851073],[123.949936,40.844504],[123.947018,40.838222],[123.941065,40.837536],[123.933096,40.827477],[123.925874,40.825065],[123.910378,40.833464],[123.892406,40.829973],[123.89335,40.833853],[123.889738,40.838623],[123.861561,40.839555],[123.843109,40.855094],[123.832415,40.851289],[123.820134,40.861644],[123.809493,40.853675],[123.795874,40.855588],[123.785859,40.849181],[123.770389,40.854388],[123.761917,40.847485],[123.73692,40.850398],[123.731774,40.845184],[123.727067,40.829353],[123.716694,40.828429],[123.709881,40.824333],[123.708349,40.818776],[123.689583,40.813705],[123.683541,40.820859],[123.683246,40.831198],[123.680885,40.832201],[123.666189,40.824201],[123.658082,40.825169],[123.630586,40.845543],[123.592084,40.855391],[123.576685,40.855899]]]}},{"type":"Feature","properties":{"id":"cn:210502","name":"平山区","level":2},"geometry":{"type":"Polygon","coordinates":[[[123.591268,41.23293],[123.594842,41.240305],[123.610712,41.253508],[123.613639,41.244984],[123.619284,41.243346],[123.643375,41.248427],[123.66443,41.258744],[123.666205,41.264618],[123.659814,41.267187],[123.658315,41.281739],[123.651924,41.285045],[123.649602,41.290426],[123.650314,41.296476],[123.658424,41.304818],[123.678247,41.301972],[123.683268,41.297327],[123.682425,41.285633],[123.676198,41.286262],[123.678975,41.28048],[123.673271,41.269815],[123.677562,41.267124],[123.70967,41.275875],[123.733345,41.289767],[123.741672,41.298586],[123.758057,41.295745],[123.765802,41.299611],[123.770009,41.294856],[123.780526,41.292805],[123.782495,41.288618],[123.779817,41.289223],[123.781596,41.284274],[123.778831,41.282495],[123.78549,41.281606],[123.781622,41.271802],[123.768078,41.271352],[123.762491,41.266389],[123.772707,41.257908],[123.77911,41.257243],[123.777841,41.25198],[123.783527,41.240566],[123.771079,41.235842],[123.749712,41.236175],[123.746468,41.227716],[123.749056,41.222396],[123.7444,41.218392],[123.743983,41.207477],[123.74817,41.204391],[123.753074,41.192017],[123.776505,41.173743],[123.781516,41.162627],[123.775516,41.151275],[123.770594,41.151135],[123.763469,41.157561],[123.755204,41.154947],[123.745294,41.144907],[123.730769,41.148202],[123.728623,41.144578],[123.717796,41.145732],[123.714232,41.155253],[123.722559,41.160777],[123.719262,41.161161],[123.704121,41.155834],[123.700709,41.150305],[123.692934,41.147538],[123.683514,41.153306],[123.670723,41.155116],[123.657512,41.153405],[123.649137,41.148775],[123.643422,41.155614],[123.63277,41.157409],[123.633324,41.167479],[123.630078,41.169457],[123.628556,41.179382],[123.618631,41.188696],[123.617941,41.197527],[123.61337,41.201119],[123.5934,41.204324],[123.598082,41.207486],[123.59655,41.211107],[123.600502,41.218504],[123.603132,41.218161],[123.591268,41.23293]]]}},{"type":"Feature","properties":{"id":"cn:210503","name":"溪湖区","level":2},"geometry":{"type":"Polygon","coordinates":[[[123.585332,41.492453],[123.599413,41.499078],[123.59752,41.503826],[123.609869,41.506014],[123.610123,41.511458],[123.614833,41.515222],[123.619912,41.514649],[123.623903,41.521761],[123.640871,41.51658],[123.651473,41.522455],[123.652668,41.527513],[123.65893,41.52497],[123.671874,41.526603],[123.671549,41.521853],[123.678882,41.517491],[123.687544,41.524431],[123.697138,41.519001],[123.697522,41.513514],[123.713021,41.508014],[123.721553,41.514941],[123.738418,41.517114],[123.741649,41.525005],[123.773548,41.539267],[123.780978,41.535799],[123.781309,41.521324],[123.775753,41.510495],[123.781291,41.506172],[123.801413,41.505248],[123.843401,41.516632],[123.849941,41.503245],[123.832419,41.489538],[123.835524,41.485655],[123.834691,41.478794],[123.828946,41.4789],[123.821078,41.470354],[123.784361,41.462199],[123.775255,41.448059],[123.776965,41.440298],[123.76652,41.426089],[123.771417,41.425893],[123.769352,41.420597],[123.773255,41.412491],[123.767892,41.412506],[123.763393,41.406402],[123.755016,41.402941],[123.743692,41.385915],[123.74395,41.376712],[123.74077,41.373846],[123.760818,41.361973],[123.769215,41.360887],[123.775678,41.337619],[123.786023,41.333121],[123.780749,41.317588],[123.769819,41.318052],[123.757671,41.311445],[123.733345,41.289767],[123.70967,41.275875],[123.677562,41.267124],[123.673271,41.269815],[123.678975,41.28048],[123.676198,41.286262],[123.682425,41.285633],[123.683268,41.297327],[123.678247,41.301972],[123.669115,41.301874],[123.664661,41.305304],[123.655,41.304134],[123.656225,41.322683],[123.648348,41.32649],[123.652613,41.343823],[123.646941,41.351255],[123.649761,41.370353],[123.643626,41.381638],[123.646916,41.384952],[123.636881,41.390569],[123.625492,41.414822],[123.64711,41.436572],[123.646959,41.447388],[123.638634,41.456163],[123.601924,41.465646],[123.600605,41.47441],[123.594865,41.478816],[123.5955,41.485021],[123.586002,41.488012],[123.585332,41.492453]]]}},{"type":"Feature","properties":{"id":"cn:210504","name":"明山区","level":2},"geometry":{"type":"Polygon","coordinates":[[[123.74077,41.373846],[123.74395,41.376712],[123.746411,41.392295],[123.755016,41.402941],[123.763393,41.406402],[123.767892,41.412506],[123.773255,41.412491],[123.769352,41.420597],[123.771417,41.425893],[123.76652,41.426089],[123.776965,41.440298],[123.775255,41.448059],[123.784361,41.462199],[123.821078,41.470354],[123.828946,41.4789],[123.834691,41.478794],[123.835524,41.485655],[123.832419,41.489538],[123.849941,41.503245],[123.857993,41.481181],[123.856031,41.474102],[123.862985,41.453873],[123.876821,41.442735],[123.879738,41.435378],[123.877811,41.414328],[123.847709,41.404706],[123.847867,41.398366],[123.859594,41.39455],[123.854376,41.385006],[123.856913,41.373232],[123.883504,41.375491],[123.890422,41.371456],[123.892453,41.378101],[123.905364,41.382549],[123.931761,41.379384],[123.944096,41.370995],[123.950259,41.358561],[123.961353,41.349507],[123.971388,41.318014],[123.992542,41.30906],[124.007187,41.309576],[124.008228,41.301317],[124.002326,41.281464],[123.9873,41.261946],[123.986579,41.25692],[123.990373,41.248631],[124.006744,41.237831],[123.999959,41.222406],[124.002695,41.217807],[124.000803,41.213576],[123.988319,41.210582],[123.976596,41.201586],[123.95599,41.202727],[123.948687,41.207772],[123.931014,41.209987],[123.914436,41.221318],[123.897495,41.219281],[123.895621,41.214486],[123.884371,41.212116],[123.876113,41.206097],[123.845705,41.211864],[123.841915,41.222701],[123.826387,41.230972],[123.826769,41.239143],[123.820014,41.230079],[123.809058,41.229029],[123.807785,41.23287],[123.800968,41.23329],[123.795545,41.240506],[123.783527,41.240566],[123.777841,41.25198],[123.77911,41.257243],[123.772707,41.257908],[123.762491,41.266389],[123.768078,41.271352],[123.781827,41.271954],[123.78549,41.281606],[123.778831,41.282495],[123.781596,41.284274],[123.779817,41.289223],[123.782495,41.288618],[123.780526,41.292805],[123.770009,41.294856],[123.765802,41.299611],[123.758057,41.295745],[123.741672,41.298586],[123.769819,41.318052],[123.780478,41.317295],[123.786023,41.333121],[123.775678,41.337619],[123.769215,41.360887],[123.760818,41.361973],[123.74077,41.373846]]]}},{"type":"Feature","properties":{"id":"cn:210505","name":"南芬区","level":2},"geometry":{"type":"Polygon","coordinates":[[[123.641294,41.003627],[123.645191,41.008884],[123.64447,41.014565],[123.655121,41.016053],[123.654283,41.039856],[123.675399,41.045663],[123.683968,41.057827],[123.673874,41.068038],[123.66516,41.069911],[123.661399,41.079282],[123.654831,41.085369],[123.654808,41.094066],[123.648675,41.097517],[123.650296,41.101143],[123.645642,41.110973],[123.649597,41.127304],[123.658917,41.137289],[123.649776,41.148579],[123.657512,41.153405],[123.670723,41.155116],[123.683514,41.153306],[123.692934,41.147538],[123.700709,41.150305],[123.704121,41.155834],[123.719262,41.161161],[123.722559,41.160777],[123.714232,41.155253],[123.717796,41.145732],[123.728623,41.144578],[123.730769,41.148202],[123.745294,41.144907],[123.755204,41.154947],[123.763469,41.157561],[123.770594,41.151135],[123.775516,41.151275],[123.781516,41.162627],[123.776505,41.173743],[123.753074,41.192017],[123.74817,41.204391],[123.744222,41.206853],[123.749712,41.236175],[123.771079,41.235842],[123.790745,41.241764],[123.79946,41.23728],[123.800968,41.23329],[123.807785,41.23287],[123.808928,41.229087],[123.817646,41.228938],[123.826769,41.239143],[123.826387,41.230972],[123.841915,41.222701],[123.845705,41.211864],[123.876113,41.206097],[123.884371,41.212116],[123.895621,41.214486],[123.897495,41.219281],[123.914436,41.221318],[123.931014,41.209987],[123.948687,41.207772],[123.95599,41.202727],[123.976596,41.201586],[123.985582,41.187886],[123.984489,41.179567],[123.991518,41.169881],[123.979961,41.162665],[123.987959,41.15011],[123.98249,41.127179],[123.973626,41.119111],[123.960093,41.119033],[123.94907,41.113999],[123.951226,41.080546],[123.954535,41.075323],[123.945494,41.068865],[123.933185,41.066121],[123.93272,41.062896],[123.939803,41.056226],[123.937529,41.054475],[123.944005,41.048635],[123.949158,41.029989],[123.931217,41.026315],[123.928906,41.006379],[123.919359,41.006018],[123.910071,40.99934],[123.91584,40.986834],[123.905545,40.972062],[123.888935,40.970451],[123.877729,40.975172],[123.873243,40.970943],[123.856522,40.969947],[123.83589,40.962902],[123.834362,40.957155],[123.821851,40.948049],[123.79506,40.953691],[123.796685,40.971253],[123.792072,40.980761],[123.773916,40.987544],[123.758071,40.985896],[123.742659,40.993473],[123.731741,40.992674],[123.722076,40.999063],[123.707906,40.987732],[123.692913,40.988389],[123.67749,40.984759],[123.669455,40.986648],[123.660688,40.976454],[123.646953,40.972768],[123.641294,41.003627]]]}},{"type":"Feature","properties":{"id":"cn:210521","name":"本溪满族自治县","level":2},"geometry":{"type":"Polygon","coordinates":[[[123.576685,40.855899],[123.59934,40.872444],[123.603594,40.88309],[123.603058,40.89068],[123.614073,40.89532],[123.61902,40.90261],[123.618032,40.910631],[123.626405,40.921906],[123.639354,40.927682],[123.646057,40.93622],[123.643862,40.938489],[123.652567,40.951292],[123.642371,40.962986],[123.669455,40.986648],[123.67749,40.984759],[123.692913,40.988389],[123.707906,40.987732],[123.722076,40.999063],[123.731741,40.992674],[123.742659,40.993473],[123.758071,40.985896],[123.776992,40.986768],[123.792193,40.980629],[123.796685,40.971253],[123.79506,40.953691],[123.821851,40.948049],[123.834362,40.957155],[123.83589,40.962902],[123.856522,40.969947],[123.873243,40.970943],[123.877729,40.975172],[123.888935,40.970451],[123.905545,40.972062],[123.91584,40.986834],[123.910071,40.99934],[123.919359,41.006018],[123.928906,41.006379],[123.931217,41.026315],[123.949158,41.029989],[123.944005,41.048635],[123.93261,41.063461],[123.93385,41.066958],[123.945494,41.068865],[123.954535,41.075323],[123.951226,41.080546],[123.94907,41.113999],[123.960093,41.119033],[123.973626,41.119111],[123.982592,41.127448],[123.987959,41.15011],[123.979961,41.162665],[123.991518,41.169881],[123.984489,41.179567],[123.985582,41.187886],[123.976596,41.201586],[123.988319,41.210582],[124.000803,41.213576],[124.002617,41.217085],[123.999959,41.222406],[124.006402,41.238759],[123.990373,41.248631],[123.986579,41.25692],[123.9873,41.261946],[124.002326,41.281464],[124.008958,41.306807],[124.002022,41.310553],[123.992542,41.30906],[123.971388,41.318014],[123.961353,41.349507],[123.950259,41.358561],[123.944096,41.370995],[123.931761,41.379384],[123.905364,41.382549],[123.892453,41.378101],[123.890422,41.371456],[123.883504,41.375491],[123.856913,41.373232],[123.854376,41.385006],[123.859594,41.39455],[123.847867,41.398366],[123.848181,41.40585],[123.860223,41.406723],[123.879382,41.417058],[123.878618,41.440656],[123.862985,41.453873],[123.856031,41.474102],[123.857993,41.481181],[123.843401,41.516632],[123.853809,41.521776],[123.856456,41.529948],[123.854589,41.548838],[123.862038,41.560282],[123.88222,41.564848],[123.916274,41.56639],[123.928193,41.546906],[123.93301,41.545816],[123.969322,41.558512],[124.019755,41.543812],[124.046873,41.528122],[124.091855,41.533107],[124.099329,41.525942],[124.109459,41.503515],[124.134711,41.515425],[124.16307,41.518715],[124.172297,41.53306],[124.196082,41.531922],[124.224329,41.546909],[124.231959,41.546614],[124.251578,41.538282],[124.285023,41.539735],[124.294528,41.53569],[124.301498,41.515833],[124.313402,41.507909],[124.304156,41.501934],[124.301082,41.496343],[124.304361,41.493088],[124.326574,41.486437],[124.326932,41.474254],[124.347082,41.470504],[124.365231,41.471354],[124.378444,41.459349],[124.339815,41.427123],[124.339537,41.405781],[124.354624,41.381528],[124.382593,41.367092],[124.383374,41.35237],[124.387818,41.341853],[124.40754,41.336007],[124.414876,41.323541],[124.41814,41.309401],[124.432845,41.301919],[124.45689,41.301402],[124.460822,41.305147],[124.452796,41.316787],[124.458391,41.326372],[124.482341,41.332973],[124.494615,41.329718],[124.511369,41.316854],[124.54116,41.307353],[124.561464,41.284926],[124.59017,41.265121],[124.627445,41.262404],[124.634424,41.257973],[124.635115,41.24278],[124.643814,41.236903],[124.648457,41.237854],[124.665431,41.252982],[124.671664,41.262821],[124.706195,41.2602],[124.757419,41.272686],[124.761533,41.267825],[124.732104,41.234008],[124.741157,41.212771],[124.74061,41.205223],[124.723778,41.183543],[124.721347,41.173964],[124.727919,41.160557],[124.727884,41.152914],[124.730245,41.152657],[124.714702,41.140875],[124.71355,41.131301],[124.702519,41.12547],[124.696716,41.122982],[124.673952,41.12384],[124.672461,41.116161],[124.666824,41.111561],[124.664896,41.100266],[124.667696,41.097504],[124.665048,41.093437],[124.648067,41.088816],[124.63415,41.101689],[124.628465,41.094552],[124.605404,41.088551],[124.601638,41.092551],[124.579625,41.100231],[124.562442,41.098645],[124.535859,41.087232],[124.532299,41.077525],[124.533953,41.0728],[124.512762,41.060996],[124.511446,41.054538],[124.504783,41.047526],[124.414533,41.07507],[124.399559,41.06948],[124.369402,41.050943],[124.359602,41.054089],[124.35086,41.063621],[124.332788,41.070084],[124.305895,41.054615],[124.291442,41.051971],[124.286147,41.054476],[124.291738,41.087093],[124.289793,41.094059],[124.27975,41.09813],[124.262797,41.099024],[124.25085,41.096526],[124.245201,41.087899],[124.231562,41.078821],[124.235973,41.071102],[124.229933,41.062176],[124.229589,41.052639],[124.232129,41.050206],[124.22555,41.039473],[124.210387,41.039823],[124.203162,41.044072],[124.194411,41.031416],[124.178812,41.025123],[124.14001,41.053013],[124.127361,41.046599],[124.114174,41.044523],[124.117196,41.037814],[124.087567,41.033947],[124.11198,40.992084],[124.121355,40.982544],[124.123525,40.965013],[124.14198,40.955357],[124.141598,40.949631],[124.126198,40.923121],[124.125469,40.907535],[124.143855,40.888012],[124.135313,40.878004],[124.137526,40.861159],[124.12842,40.851636],[124.109974,40.851875],[124.097083,40.844553],[124.08816,40.846957],[124.087822,40.855698],[124.078375,40.859265],[124.025607,40.86392],[124.010593,40.858097],[123.990861,40.860127],[123.982494,40.865773],[123.974934,40.866011],[123.967288,40.855627],[123.96889,40.851073],[123.949936,40.844504],[123.947018,40.838222],[123.941065,40.837536],[123.933096,40.827477],[123.925874,40.825065],[123.910378,40.833464],[123.892406,40.829973],[123.89335,40.833853],[123.889738,40.838623],[123.861561,40.839555],[123.843109,40.855094],[123.832415,40.851289],[123.820134,40.861644],[123.809493,40.853675],[123.795874,40.855588],[123.785859,40.849181],[123.770389,40.854388],[123.761917,40.847485],[123.73692,40.850398],[123.731774,40.845184],[123.727067,40.829353],[123.716694,40.828429],[123.709881,40.824333],[123.708349,40.818776],[123.689583,40.813705],[123.683541,40.820859],[123.683246,40.831198],[123.680885,40.832201],[123.666189,40.824201],[123.658082,40.825169],[123.630586,40.845543],[123.592084,40.855391],[123.576685,40.855899]]]}},{"type":"Feature","properties":{"id":"cn:210522","name":"桓仁满族自治县","level":2},"geometry":{"type":"Polygon","coordinates":[[[124.721226,41.170075],[124.723778,41.183543],[124.74061,41.205223],[124.741157,41.212771],[124.732104,41.234008],[124.757975,41.26125],[124.761533,41.267825],[124.757419,41.272686],[124.78662,41.291632],[124.829076,41.308376],[124.834242,41.319866],[124.866906,41.325441],[124.86209,41.333701],[124.869828,41.350643],[124.863517,41.351633],[124.858493,41.359123],[124.863011,41.366724],[124.850712,41.371522],[124.854585,41.382166],[124.850721,41.387421],[124.851001,41.394364],[124.856862,41.398475],[124.847978,41.420779],[124.850765,41.423974],[124.857569,41.423828],[124.859092,41.427869],[124.855275,41.431939],[124.858442,41.441135],[124.863825,41.444304],[124.876206,41.442918],[124.883101,41.454416],[124.874735,41.468544],[124.895861,41.473349],[124.915519,41.498772],[124.934446,41.502635],[124.951269,41.517961],[124.9539,41.508656],[124.964186,41.499693],[125.004585,41.492354],[125.051224,41.471611],[125.061052,41.472079],[125.062031,41.491563],[125.091355,41.491133],[125.117474,41.500035],[125.126554,41.498924],[125.148429,41.485955],[125.165843,41.483339],[125.169867,41.490349],[125.187951,41.494494],[125.188834,41.498412],[125.193726,41.499171],[125.197821,41.49001],[125.202679,41.486854],[125.202887,41.480696],[125.213111,41.480593],[125.216134,41.477743],[125.243706,41.484754],[125.244799,41.493862],[125.250785,41.50269],[125.274249,41.492086],[125.289843,41.490754],[125.316474,41.49453],[125.322299,41.508957],[125.361083,41.536492],[125.375354,41.559929],[125.39367,41.545021],[125.410823,41.541652],[125.419954,41.548098],[125.448635,41.549195],[125.456309,41.565966],[125.470527,41.558045],[125.473635,41.542646],[125.486395,41.534352],[125.501264,41.531586],[125.49807,41.521907],[125.488973,41.51979],[125.48623,41.511643],[125.488113,41.505992],[125.499407,41.501426],[125.500309,41.496777],[125.511898,41.486968],[125.510456,41.476439],[125.526576,41.47702],[125.536428,41.465809],[125.52958,41.445231],[125.534388,41.434594],[125.528416,41.426707],[125.534127,41.417856],[125.540777,41.417223],[125.541688,41.413082],[125.545342,41.412414],[125.546871,41.40734],[125.542608,41.398777],[125.557318,41.394959],[125.574409,41.394964],[125.581916,41.3801],[125.57404,41.372785],[125.576054,41.361537],[125.588451,41.356852],[125.604634,41.363063],[125.615307,41.359162],[125.631419,41.342434],[125.634088,41.336174],[125.629983,41.323755],[125.61436,41.31635],[125.636365,41.294144],[125.633336,41.276726],[125.640826,41.262746],[125.659055,41.266513],[125.664316,41.2737],[125.669775,41.275572],[125.680261,41.270715],[125.68672,41.250997],[125.68486,41.244291],[125.688454,41.242577],[125.706867,41.246327],[125.713314,41.241683],[125.743687,41.243389],[125.75243,41.230495],[125.731162,41.197499],[125.731492,41.177281],[125.758107,41.170008],[125.777309,41.170004],[125.785607,41.164848],[125.773993,41.153988],[125.759739,41.146419],[125.751778,41.127993],[125.741926,41.122803],[125.727412,41.123094],[125.707499,41.102664],[125.705937,41.093867],[125.725016,41.092676],[125.733297,41.087594],[125.733463,41.084596],[125.726587,41.074235],[125.724834,41.064175],[125.719835,41.060173],[125.720511,41.053293],[125.708419,41.043594],[125.700181,41.031349],[125.678315,41.019925],[125.679183,41.008753],[125.674383,41.005537],[125.675937,41.000525],[125.673107,40.997759],[125.678099,40.984483],[125.676128,40.978367],[125.668949,40.97279],[125.656423,40.975564],[125.643923,40.968403],[125.643454,40.961085],[125.637135,40.953489],[125.638714,40.948293],[125.629531,40.94003],[125.608793,40.940377],[125.583672,40.929423],[125.586154,40.92293],[125.584036,40.91611],[125.566466,40.930282],[125.560063,40.929857],[125.54973,40.925194],[125.542198,40.910542],[125.528851,40.906125],[125.515103,40.910515],[125.494905,40.938108],[125.497952,40.943849],[125.520129,40.957768],[125.526073,40.97505],[125.523726,40.984224],[125.517197,40.986869],[125.496352,40.985995],[125.484725,40.980463],[125.483514,40.973411],[125.497317,40.963675],[125.495213,40.951984],[125.459414,40.96036],[125.450378,40.967123],[125.448798,40.972282],[125.460971,40.991469],[125.454457,41.005049],[125.454572,41.018655],[125.446275,41.026558],[125.437458,41.029435],[125.428049,41.026145],[125.425234,41.008793],[125.387576,41.014586],[125.379749,41.011352],[125.385113,41.00199],[125.383451,40.997253],[125.348532,40.996448],[125.340925,41.006937],[125.335108,41.009263],[125.340801,41.022563],[125.350138,41.028986],[125.346144,41.035714],[125.33261,41.033347],[125.327278,41.035158],[125.3205,41.044242],[125.307678,41.041838],[125.312439,41.052196],[125.303196,41.062904],[125.297856,41.082216],[125.268912,41.098616],[125.257237,41.095143],[125.217995,41.112518],[125.19106,41.099553],[125.162916,41.104787],[125.097379,41.087865],[125.039245,41.115882],[125.02858,41.109811],[125.00977,41.108275],[125.000631,41.096728],[124.991503,41.096483],[124.980869,41.105629],[124.965877,41.112053],[124.954593,41.115098],[124.942944,41.113296],[124.915248,41.117829],[124.906425,41.116452],[124.886597,41.120742],[124.850141,41.136768],[124.831217,41.135995],[124.812494,41.141646],[124.788882,41.131195],[124.758839,41.135952],[124.743761,41.149702],[124.727884,41.152914],[124.727919,41.160557],[124.721226,41.170075]]]}},{"type":"Feature","properties":{"id":"cn:2106","name":"丹东市","level":1},"geometry":{"type":"MultiPolygon","coordinates":[[[[123.37104,39.969613],[123.395785,39.980271],[123.395172,39.991622],[123.401985,39.997533],[123.40042,40.011984],[123.417374,40.02929],[123.442618,40.035604],[123.453699,40.030907],[123.471623,40.029857],[123.46705,40.035969],[123.458257,40.036738],[123.451428,40.054432],[123.443193,40.055745],[123.452313,40.056579],[123.456463,40.053886],[123.459555,40.04808],[123.458107,40.041949],[123.462296,40.039626],[123.465281,40.045423],[123.469085,40.043628],[123.469014,40.046903],[123.477122,40.049531],[123.470485,40.06992],[123.472962,40.073386],[123.508087,40.089118],[123.507807,40.092413],[123.523229,40.102022],[123.540486,40.101345],[123.546637,40.098049],[123.557723,40.101263],[123.561805,40.112867],[123.569639,40.114517],[123.585784,40.127373],[123.60118,40.158164],[123.600816,40.167352],[123.594296,40.169132],[123.575733,40.165313],[123.564556,40.17332],[123.554976,40.188755],[123.570587,40.203106],[123.578152,40.220392],[123.585634,40.225944],[123.588258,40.240291],[123.606054,40.240086],[123.620646,40.249964],[123.623872,40.258184],[123.630271,40.26355],[123.64297,40.259311],[123.652745,40.268655],[123.66722,40.274637],[123.67481,40.283709],[123.675153,40.289435],[123.705573,40.29878],[123.699808,40.312743],[123.702335,40.324821],[123.710243,40.331667],[123.712265,40.340313],[123.732795,40.362095],[123.755902,40.401445],[123.741767,40.416169],[123.763486,40.442037],[123.760387,40.455457],[123.75102,40.469551],[123.759919,40.482329],[123.763024,40.496011],[123.75679,40.500531],[123.747551,40.499842],[123.743923,40.504178],[123.73242,40.50631],[123.735088,40.509808],[123.732171,40.524567],[123.735305,40.530561],[123.72917,40.53739],[123.735406,40.547698],[123.732376,40.574178],[123.715562,40.585089],[123.71169,40.590962],[123.725588,40.601496],[123.742931,40.609156],[123.742923,40.613974],[123.735345,40.623193],[123.725354,40.647411],[123.719633,40.652659],[123.70473,40.655467],[123.689278,40.664486],[123.658167,40.674274],[123.630702,40.689435],[123.611536,40.691922],[123.58697,40.684709],[123.577326,40.685026],[123.571651,40.690858],[123.575496,40.70293],[123.572542,40.706638],[123.564814,40.710708],[123.553324,40.711533],[123.554535,40.718447],[123.548764,40.717774],[123.545794,40.721452],[123.550376,40.726804],[123.550127,40.742512],[123.56217,40.761962],[123.575478,40.767252],[123.579922,40.776059],[123.575633,40.785382],[123.551346,40.804545],[123.539219,40.819635],[123.528039,40.825369],[123.533933,40.833212],[123.531849,40.849805],[123.538768,40.85945],[123.592084,40.855391],[123.617378,40.850273],[123.636769,40.842966],[123.658082,40.825169],[123.666189,40.824201],[123.680885,40.832201],[123.683246,40.831198],[123.683541,40.820859],[123.689583,40.813705],[123.708349,40.818776],[123.709881,40.824333],[123.716694,40.828429],[123.727067,40.829353],[123.731774,40.845184],[123.73692,40.850398],[123.761917,40.847485],[123.770389,40.854388],[123.785859,40.849181],[123.795874,40.855588],[123.809493,40.853675],[123.820134,40.861644],[123.832415,40.851289],[123.843109,40.855094],[123.861561,40.839555],[123.889738,40.838623],[123.89335,40.833853],[123.892406,40.829973],[123.910378,40.833464],[123.925874,40.825065],[123.933096,40.827477],[123.941065,40.837536],[123.947018,40.838222],[123.949936,40.844504],[123.96889,40.851073],[123.967288,40.855627],[123.974934,40.866011],[123.982494,40.865773],[123.990861,40.860127],[124.010593,40.858097],[124.025607,40.86392],[124.078375,40.859265],[124.087822,40.855698],[124.08816,40.846957],[124.097083,40.844553],[124.109974,40.851875],[124.12842,40.851636],[124.137526,40.861159],[124.135313,40.878004],[124.143855,40.888012],[124.125469,40.907535],[124.126198,40.923121],[124.141598,40.949631],[124.14198,40.955357],[124.123525,40.965013],[124.121355,40.982544],[124.11198,40.992084],[124.100999,41.01408],[124.09225,41.024054],[124.087567,41.033947],[124.089973,41.035504],[124.117196,41.037814],[124.114174,41.044523],[124.127361,41.046599],[124.14001,41.053013],[124.178812,41.025123],[124.194411,41.031416],[124.203162,41.044072],[124.210387,41.039823],[124.22555,41.039473],[124.232129,41.050206],[124.229589,41.052639],[124.229933,41.062176],[124.235973,41.071102],[124.231562,41.078821],[124.245201,41.087899],[124.25085,41.096526],[124.262797,41.099024],[124.27975,41.09813],[124.289793,41.094059],[124.291738,41.087093],[124.286147,41.054476],[124.291442,41.051971],[124.305895,41.054615],[124.332788,41.070084],[124.35086,41.063621],[124.359602,41.054089],[124.369402,41.050943],[124.399559,41.06948],[124.414533,41.07507],[124.504783,41.047526],[124.511446,41.054538],[124.512762,41.060996],[124.533953,41.0728],[124.532299,41.077525],[124.535859,41.087232],[124.562442,41.098645],[124.579625,41.100231],[124.601638,41.092551],[124.605404,41.088551],[124.628465,41.094552],[124.63415,41.101689],[124.648067,41.088816],[124.665048,41.093437],[124.667696,41.097504],[124.664896,41.100266],[124.666824,41.111561],[124.672461,41.116161],[124.673952,41.12384],[124.696716,41.122982],[124.702519,41.12547],[124.71355,41.131301],[124.714702,41.140875],[124.730255,41.152812],[124.743761,41.149702],[124.753057,41.13988],[124.766287,41.134021],[124.788882,41.131195],[124.80824,41.141603],[124.831217,41.135995],[124.850141,41.136768],[124.886597,41.120742],[124.906425,41.116452],[124.915248,41.117829],[124.942944,41.113296],[124.954593,41.115098],[124.965877,41.112053],[124.980869,41.105629],[124.991503,41.096483],[125.000631,41.096728],[125.00977,41.108275],[125.02858,41.109811],[125.039245,41.115882],[125.097379,41.087865],[125.162916,41.104787],[125.19106,41.099553],[125.211797,41.111202],[125.224895,41.111501],[125.257237,41.095143],[125.268912,41.098616],[125.297856,41.082216],[125.303196,41.062904],[125.312439,41.052196],[125.306143,41.043181],[125.3205,41.044242],[125.327852,41.034935],[125.344659,41.036332],[125.347254,41.034208],[125.350138,41.028986],[125.340801,41.022563],[125.335108,41.009263],[125.340925,41.006937],[125.348532,40.996448],[125.383451,40.997253],[125.385113,41.00199],[125.379749,41.011352],[125.387576,41.014586],[125.425234,41.008793],[125.428049,41.026145],[125.437458,41.029435],[125.446275,41.026558],[125.454572,41.018655],[125.454457,41.005049],[125.460971,40.991469],[125.448798,40.972282],[125.450378,40.967123],[125.459414,40.96036],[125.495213,40.951984],[125.497317,40.963675],[125.483514,40.973411],[125.484725,40.980463],[125.496352,40.985995],[125.517197,40.986869],[125.523726,40.984224],[125.526073,40.97505],[125.520129,40.957768],[125.497952,40.943849],[125.494905,40.938108],[125.516537,40.909515],[125.525065,40.90632],[125.537851,40.908034],[125.542198,40.910542],[125.54973,40.925194],[125.566466,40.930282],[125.580208,40.917261],[125.571216,40.897321],[125.574332,40.891479],[125.578531,40.890227],[125.619728,40.905276],[125.639819,40.905008],[125.642473,40.912923],[125.649686,40.914262],[125.682176,40.895734],[125.699756,40.87248],[125.701922,40.865231],[125.692317,40.856445],[125.682804,40.855325],[125.685346,40.851961],[125.675286,40.839262],[125.667552,40.833333],[125.642404,40.82444],[125.63079,40.806337],[125.635017,40.796719],[125.677066,40.782231],[125.682309,40.774292],[125.679523,40.767504],[125.641536,40.76668],[125.608733,40.758907],[125.598821,40.759509],[125.590319,40.768106],[125.592171,40.777195],[125.589227,40.78182],[125.570683,40.792145],[125.575022,40.786014],[125.569047,40.784375],[125.56479,40.788817],[125.566919,40.7838],[125.537962,40.757704],[125.543079,40.734819],[125.538862,40.727847],[125.530799,40.724418],[125.479913,40.725347],[125.45408,40.705377],[125.447943,40.675035],[125.421745,40.674683],[125.412726,40.671393],[125.408159,40.659497],[125.415582,40.647231],[125.414575,40.632274],[125.40111,40.630078],[125.393669,40.636781],[125.388609,40.635456],[125.377595,40.6547],[125.369609,40.656502],[125.328064,40.641645],[125.323246,40.642117],[125.299426,40.659526],[125.284218,40.65658],[125.273715,40.653537],[125.267273,40.647295],[125.263697,40.628529],[125.256805,40.61862],[125.232014,40.616509],[125.208958,40.61904],[125.184114,40.613502],[125.107551,40.567556],[125.070598,40.560116],[125.045675,40.550688],[125.012117,40.534716],[124.996032,40.511861],[124.998836,40.494735],[125.011171,40.489878],[125.025216,40.490676],[125.026136,40.483129],[125.037048,40.482143],[125.038332,40.464834],[125.019,40.463011],[125.018758,40.47479],[125.006622,40.469457],[124.986257,40.475368],[124.956214,40.459139],[124.939843,40.454704],[124.92729,40.455124],[124.909991,40.462089],[124.91172,40.479976],[124.900707,40.484497],[124.891864,40.477641],[124.875279,40.454701],[124.850881,40.4356],[124.749714,40.382837],[124.733574,40.370246],[124.726571,40.333212],[124.718297,40.321169],[124.644262,40.293286],[124.615217,40.289253],[124.543394,40.237509],[124.521042,40.229236],[124.51717,40.225942],[124.518802,40.222769],[124.508794,40.218514],[124.501545,40.203211],[124.486571,40.188628],[124.484609,40.182613],[124.451771,40.175963],[124.443507,40.170803],[124.439076,40.160857],[124.42524,40.145144],[124.412034,40.141365],[124.400061,40.13312],[124.390602,40.113692],[124.370312,40.104783],[124.341389,40.078185],[124.330824,40.058949],[124.33072,40.048845],[124.338542,40.041788],[124.355,40.038147],[124.366128,40.019475],[124.360677,39.998681],[124.348177,39.975355],[124.343585,39.970829],[124.344679,39.987604],[124.324054,39.979132],[124.31881,39.972305],[124.309505,39.967408],[124.292934,39.968116],[124.291111,39.964414],[124.282673,39.961007],[124.284731,39.956502],[124.282387,39.947443],[124.290772,39.944882],[124.281285,39.930685],[124.264236,39.933412],[124.245538,39.929887],[124.234558,39.926159],[124.224652,39.917933],[124.209227,39.891006],[124.207942,39.861943],[124.184005,39.844955],[124.168762,39.840846],[124.16071,39.825724],[124.158304,39.776891],[124.145028,39.744269],[124.138958,39.743889],[124.093439,39.775942],[124.089645,39.790736],[124.101405,39.817289],[124.097422,39.821841],[124.065816,39.816398],[124.047231,39.808733],[123.993368,39.799086],[123.961475,39.806769],[123.938524,39.818186],[123.865867,39.821572],[123.815483,39.830399],[123.806718,39.829948],[123.789384,39.821389],[123.730365,39.816137],[123.686572,39.805562],[123.682355,39.806941],[123.669383,39.825494],[123.656303,39.824321],[123.652893,39.83014],[123.639618,39.822638],[123.640773,39.801284],[123.636541,39.795128],[123.618458,39.780892],[123.607107,39.773774],[123.580944,39.77012],[123.571171,39.779782],[123.564905,39.773702],[123.564644,39.765733],[123.559982,39.760338],[123.542648,39.754588],[123.537408,39.761672],[123.542465,39.764784],[123.542757,39.773633],[123.536013,39.784802],[123.528984,39.787074],[123.53001,39.774036],[123.513195,39.769005],[123.512127,39.807075],[123.50901,39.812977],[123.494385,39.817817],[123.493389,39.823506],[123.488584,39.826253],[123.490702,39.84006],[123.498739,39.842448],[123.494444,39.850499],[123.4773,39.858489],[123.470859,39.866857],[123.46846,39.87983],[123.475038,39.889995],[123.484789,39.896629],[123.48369,39.901587],[123.474873,39.90845],[123.465737,39.923469],[123.453241,39.916711],[123.458586,39.923042],[123.450884,39.927648],[123.443669,39.920003],[123.441349,39.920784],[123.442714,39.926994],[123.431286,39.921142],[123.415514,39.932045],[123.405486,39.933464],[123.401459,39.933234],[123.3994,39.927295],[123.391976,39.924461],[123.389177,39.928866],[123.393181,39.932912],[123.385217,39.935787],[123.387693,39.942919],[123.384945,39.944723],[123.389821,39.945571],[123.390172,39.949087],[123.387969,39.948414],[123.387437,39.952836],[123.379134,39.953319],[123.37104,39.969613]]],[[[123.802769,39.789114],[123.808395,39.793823],[123.818983,39.795044],[123.821798,39.786024],[123.814744,39.788049],[123.809672,39.785541],[123.802769,39.789114]]],[[[123.705114,39.746423],[123.715682,39.757088],[123.714453,39.761722],[123.724929,39.764586],[123.742612,39.761909],[123.751004,39.752733],[123.746655,39.747981],[123.728344,39.748712],[123.71086,39.743891],[123.705114,39.746423]]],[[[123.569378,39.775313],[123.572782,39.776614],[123.572899,39.774567],[123.569378,39.775313]]],[[[124.789715,40.396912],[124.807155,40.40756],[124.823774,40.414072],[124.806074,40.402874],[124.789715,40.396912]]],[[[123.593533,39.763259],[123.595164,39.765989],[123.596901,39.765746],[123.596293,39.762495],[123.593533,39.763259]]],[[[124.832601,40.421394],[124.835007,40.425156],[124.83646,40.425235],[124.832601,40.421394]]],[[[124.356441,40.087587],[124.361519,40.09588],[124.365613,40.097723],[124.363263,40.090039],[124.356441,40.087587]]],[[[123.828151,39.781185],[123.827049,39.782573],[123.828038,39.782452],[123.828151,39.781185]]],[[[123.808632,39.783914],[123.809323,39.785321],[123.809661,39.783671],[123.808632,39.783914]]],[[[123.754779,39.748326],[123.75302,39.750384],[123.755508,39.750466],[123.754779,39.748326]]],[[[123.784636,39.786137],[123.782917,39.787917],[123.784513,39.787612],[123.784636,39.786137]]]]}},{"type":"Feature","properties":{"id":"cn:210602","name":"元宝区","level":2},"geometry":{"type":"Polygon","coordinates":[[[124.222043,40.15274],[124.227309,40.161495],[124.227446,40.174654],[124.23106,40.17655],[124.232629,40.182912],[124.240191,40.18727],[124.236954,40.201545],[124.248147,40.210049],[124.25641,40.209654],[124.259624,40.206238],[124.269632,40.211493],[124.279862,40.205287],[124.281183,40.208505],[124.288232,40.209226],[124.292957,40.220847],[124.307813,40.221153],[124.309102,40.22752],[124.313838,40.22946],[124.330062,40.211141],[124.345133,40.213735],[124.352714,40.211427],[124.360467,40.202207],[124.362909,40.193388],[124.382115,40.174957],[124.392195,40.169082],[124.4071,40.169721],[124.414316,40.160469],[124.401546,40.147144],[124.402739,40.144145],[124.412034,40.141365],[124.401128,40.134232],[124.395525,40.126144],[124.387975,40.132403],[124.36634,40.132518],[124.361595,40.13515],[124.359399,40.142145],[124.361779,40.14448],[124.349916,40.156221],[124.343823,40.157007],[124.328071,40.140486],[124.319986,40.150057],[124.299501,40.156275],[124.284802,40.155526],[124.256992,40.164313],[124.244502,40.161379],[124.235948,40.148654],[124.222043,40.15274]]]}},{"type":"Feature","properties":{"id":"cn:210603","name":"振兴区","level":2},"geometry":{"type":"MultiPolygon","coordinates":[[[[124.125335,39.839612],[124.137374,39.850505],[124.142051,39.842546],[124.139536,39.833154],[124.142358,39.830816],[124.152628,39.846646],[124.156976,39.84561],[124.176571,39.872249],[124.174462,39.881731],[124.17971,39.882703],[124.178868,39.886436],[124.181902,39.884981],[124.191247,39.889245],[124.189691,39.89464],[124.201525,39.90156],[124.211671,39.921398],[124.207935,39.93223],[124.213926,39.936965],[124.215589,39.93421],[124.221005,39.936062],[124.218877,39.938938],[124.229077,39.943008],[124.228818,39.947154],[124.238491,39.945928],[124.239983,39.953872],[124.245907,39.954993],[124.244534,39.959927],[124.249599,39.964662],[124.254064,39.959993],[124.260327,39.961175],[124.261528,39.965516],[124.257793,39.965858],[124.260197,39.970665],[124.276039,39.96378],[124.27897,39.967028],[124.27242,39.967401],[124.271349,39.970625],[124.289822,39.97203],[124.287974,39.975401],[124.284751,39.974251],[124.284133,39.981426],[124.279776,39.975816],[124.280074,39.982823],[124.272681,39.98185],[124.273688,39.979176],[124.264334,39.975969],[124.250045,39.979696],[124.249835,39.985208],[124.238987,40.004445],[124.238659,40.020218],[124.227816,40.004836],[124.219221,40.002593],[124.220595,40.011666],[124.212514,40.018687],[124.195135,40.044225],[124.1861,40.040791],[124.168371,40.042913],[124.173576,40.043924],[124.170735,40.046613],[124.172973,40.049048],[124.160911,40.053899],[124.17055,40.058841],[124.1724,40.061505],[124.167322,40.060543],[124.174074,40.071014],[124.173276,40.076895],[124.190399,40.083758],[124.200036,40.079571],[124.201929,40.075831],[124.204337,40.082992],[124.215344,40.091148],[124.223167,40.090697],[124.229526,40.086097],[124.234065,40.087943],[124.247771,40.085175],[124.254519,40.090352],[124.259067,40.087415],[124.261617,40.077239],[124.273957,40.070156],[124.279479,40.084112],[124.287845,40.081361],[124.299657,40.083266],[124.312755,40.090506],[124.324673,40.091443],[124.329609,40.096684],[124.338879,40.090405],[124.339062,40.098657],[124.327434,40.10418],[124.329899,40.107086],[124.324489,40.112099],[124.331135,40.11797],[124.330898,40.121167],[124.325596,40.123211],[124.326507,40.130229],[124.320529,40.13274],[124.32431,40.142196],[124.328071,40.140486],[124.343823,40.157007],[124.350948,40.155934],[124.358904,40.14815],[124.361779,40.14448],[124.359399,40.142145],[124.361595,40.13515],[124.365821,40.132663],[124.381865,40.13364],[124.39452,40.128559],[124.392642,40.115564],[124.370312,40.104783],[124.345043,40.082339],[124.330824,40.058949],[124.331649,40.047217],[124.338542,40.041788],[124.355,40.038147],[124.366094,40.019796],[124.360677,39.998681],[124.34809,39.975226],[124.343585,39.970829],[124.344679,39.987604],[124.324054,39.979132],[124.31881,39.972305],[124.309505,39.967408],[124.292934,39.968116],[124.291111,39.964414],[124.282673,39.961007],[124.284731,39.956502],[124.282387,39.947443],[124.290772,39.944882],[124.281285,39.930685],[124.261901,39.93319],[124.238446,39.927882],[124.228681,39.922135],[124.209227,39.891006],[124.207942,39.861943],[124.184005,39.844955],[124.167564,39.839808],[124.16071,39.825724],[124.160249,39.810399],[124.14385,39.830182],[124.135536,39.831614],[124.136256,39.836199],[124.125335,39.839612]]],[[[124.356441,40.087587],[124.361519,40.09588],[124.365613,40.097723],[124.363263,40.090039],[124.356441,40.087587]]]]}},{"type":"Feature","properties":{"id":"cn:210604","name":"振安区","level":2},"geometry":{"type":"MultiPolygon","coordinates":[[[[124.085702,40.240709],[124.088201,40.244748],[124.086543,40.253575],[124.094754,40.263797],[124.09413,40.269513],[124.101909,40.276068],[124.099512,40.278837],[124.101314,40.28329],[124.113504,40.289771],[124.118625,40.30071],[124.121727,40.301521],[124.128354,40.294927],[124.131348,40.299118],[124.14576,40.30156],[124.149151,40.307407],[124.161612,40.31018],[124.162682,40.317102],[124.172777,40.318177],[124.179093,40.330806],[124.176691,40.338525],[124.183411,40.350067],[124.181208,40.361706],[124.188173,40.368802],[124.184107,40.375417],[124.191091,40.381232],[124.191164,40.385981],[124.200986,40.383955],[124.226566,40.395459],[124.245166,40.39075],[124.246112,40.376851],[124.260016,40.38253],[124.27133,40.367374],[124.266345,40.360135],[124.267261,40.35508],[124.281697,40.347191],[124.289765,40.346526],[124.295405,40.340828],[124.313288,40.3405],[124.326445,40.350285],[124.346626,40.351726],[124.34899,40.342823],[124.360215,40.343358],[124.363123,40.340867],[124.358956,40.334915],[124.364057,40.32939],[124.393415,40.318975],[124.410316,40.291001],[124.429019,40.289504],[124.461089,40.292873],[124.483027,40.286659],[124.493873,40.272571],[124.501077,40.238724],[124.500343,40.22471],[124.507751,40.215495],[124.484609,40.182613],[124.451406,40.175781],[124.440073,40.167034],[124.439076,40.160857],[124.42524,40.145144],[124.412034,40.141365],[124.40151,40.146037],[124.414263,40.159719],[124.407707,40.169275],[124.392195,40.169082],[124.386036,40.171827],[124.362909,40.193388],[124.360467,40.202207],[124.352714,40.211427],[124.345133,40.213735],[124.330062,40.211141],[124.314613,40.229187],[124.309102,40.22752],[124.307813,40.221153],[124.292957,40.220847],[124.288232,40.209226],[124.281183,40.208505],[124.279862,40.205287],[124.269632,40.211493],[124.259624,40.206238],[124.25641,40.209654],[124.247686,40.209862],[124.236414,40.200945],[124.240191,40.18727],[124.232629,40.182912],[124.23106,40.17655],[124.227446,40.174654],[124.227309,40.161495],[124.222043,40.15274],[124.235948,40.148654],[124.244502,40.161379],[124.256992,40.164313],[124.284802,40.155526],[124.299501,40.156275],[124.319986,40.150057],[124.324876,40.14382],[124.320529,40.13274],[124.326507,40.130229],[124.325596,40.123211],[124.330898,40.121167],[124.331135,40.11797],[124.324489,40.112099],[124.329899,40.107086],[124.327434,40.10418],[124.340306,40.096371],[124.338879,40.090405],[124.329609,40.096684],[124.324673,40.091443],[124.312755,40.090506],[124.299657,40.083266],[124.287845,40.081361],[124.279479,40.084112],[124.273957,40.070156],[124.261617,40.077239],[124.259067,40.087415],[124.254519,40.090352],[124.247771,40.085175],[124.234065,40.087943],[124.229243,40.086187],[124.225918,40.090328],[124.233492,40.094594],[124.235881,40.10165],[124.24416,40.101398],[124.23795,40.104151],[124.237519,40.107797],[124.234816,40.107954],[124.233869,40.104135],[124.227998,40.105203],[124.226366,40.112327],[124.220402,40.112364],[124.218288,40.119809],[124.205409,40.124999],[124.193529,40.122076],[124.188326,40.108873],[124.171097,40.098367],[124.160709,40.096408],[124.159515,40.100708],[124.155933,40.094711],[124.149647,40.095505],[124.147808,40.104406],[124.139968,40.107129],[124.142283,40.11822],[124.147765,40.123942],[124.149354,40.132732],[124.162759,40.13959],[124.167033,40.151247],[124.173298,40.154696],[124.18479,40.176015],[124.18453,40.181767],[124.168962,40.186356],[124.155279,40.181074],[124.145891,40.185364],[124.143739,40.20041],[124.135637,40.203423],[124.133847,40.208191],[124.127339,40.211906],[124.130312,40.216789],[124.117049,40.217016],[124.112727,40.220542],[124.10023,40.217651],[124.092559,40.220467],[124.086675,40.228839],[124.090713,40.233545],[124.085702,40.240709]]],[[[124.681303,40.371668],[124.688441,40.381116],[124.706375,40.367167],[124.722166,40.366162],[124.727547,40.361065],[124.730899,40.355459],[124.729358,40.34257],[124.724854,40.329079],[124.718297,40.321169],[124.713132,40.318351],[124.707927,40.320451],[124.713565,40.327706],[124.707141,40.33243],[124.706506,40.338642],[124.697019,40.337115],[124.700148,40.335038],[124.694151,40.33327],[124.696869,40.339609],[124.686735,40.349012],[124.688361,40.353997],[124.682881,40.360812],[124.685635,40.363417],[124.681303,40.371668]]]]}},{"type":"Feature","properties":{"id":"cn:210624","name":"宽甸满族自治县","level":2},"geometry":{"type":"MultiPolygon","coordinates":[[[[124.340658,40.62465],[124.343104,40.628363],[124.341608,40.643076],[124.350279,40.643448],[124.364277,40.634048],[124.389339,40.642907],[124.413774,40.638467],[124.424773,40.644678],[124.428775,40.650029],[124.424834,40.658224],[124.426266,40.669873],[124.434252,40.680342],[124.450468,40.687481],[124.445311,40.703997],[124.466822,40.71322],[124.480528,40.723216],[124.48308,40.733445],[124.478402,40.74397],[124.480459,40.74733],[124.493513,40.750798],[124.500994,40.748936],[124.510323,40.762989],[124.522353,40.766654],[124.526808,40.772689],[124.527125,40.77986],[124.522515,40.793605],[124.517552,40.798171],[124.516525,40.81009],[124.506516,40.814157],[124.500396,40.822848],[124.488427,40.827599],[124.486315,40.832025],[124.487974,40.835078],[124.507852,40.838826],[124.507685,40.846591],[124.499208,40.852401],[124.504804,40.87071],[124.526414,40.886908],[124.520681,40.888811],[124.525147,40.893068],[124.523557,40.899665],[124.52655,40.9055],[124.539451,40.907109],[124.538945,40.920923],[124.533153,40.932988],[124.534805,40.94688],[124.528204,40.951426],[124.527576,40.960484],[124.523995,40.962878],[124.527366,40.982123],[124.516548,40.996841],[124.520357,41.00622],[124.520015,41.019256],[124.505086,41.036422],[124.504783,41.047526],[124.511446,41.054538],[124.512762,41.060996],[124.533953,41.0728],[124.532299,41.077525],[124.536236,41.087525],[124.562442,41.098645],[124.579625,41.100231],[124.601638,41.092551],[124.605404,41.088551],[124.628465,41.094552],[124.63415,41.101689],[124.648067,41.088816],[124.665048,41.093437],[124.667696,41.097504],[124.664896,41.100266],[124.666824,41.111561],[124.672461,41.116161],[124.673952,41.12384],[124.696716,41.122982],[124.702519,41.12547],[124.71355,41.131301],[124.714702,41.140875],[124.730255,41.152812],[124.743761,41.149702],[124.753057,41.13988],[124.766287,41.134021],[124.788882,41.131195],[124.80824,41.141603],[124.831217,41.135995],[124.850141,41.136768],[124.886597,41.120742],[124.906425,41.116452],[124.915248,41.117829],[124.942944,41.113296],[124.954593,41.115098],[124.965877,41.112053],[124.980869,41.105629],[124.991503,41.096483],[125.000631,41.096728],[125.00977,41.108275],[125.02858,41.109811],[125.039245,41.115882],[125.097379,41.087865],[125.162916,41.104787],[125.19106,41.099553],[125.217995,41.112518],[125.257237,41.095143],[125.268912,41.098616],[125.297856,41.082216],[125.303196,41.062904],[125.312439,41.052196],[125.307678,41.041838],[125.3205,41.044242],[125.327278,41.035158],[125.33261,41.033347],[125.346144,41.035714],[125.350138,41.028986],[125.340801,41.022563],[125.335108,41.009263],[125.340925,41.006937],[125.348532,40.996448],[125.383451,40.997253],[125.385113,41.00199],[125.379749,41.011352],[125.387576,41.014586],[125.425234,41.008793],[125.428049,41.026145],[125.433328,41.029145],[125.442146,41.028291],[125.454572,41.018655],[125.454457,41.005049],[125.460971,40.991469],[125.448798,40.972282],[125.450378,40.967123],[125.459414,40.96036],[125.493377,40.951322],[125.497757,40.955427],[125.498071,40.960913],[125.496044,40.965503],[125.483514,40.973411],[125.486557,40.982443],[125.496352,40.985995],[125.517197,40.986869],[125.525282,40.982085],[125.526073,40.97505],[125.520129,40.957768],[125.497952,40.943849],[125.494905,40.938108],[125.516537,40.909515],[125.525065,40.90632],[125.537851,40.908034],[125.542198,40.910542],[125.54973,40.925194],[125.566466,40.930282],[125.580208,40.917261],[125.571216,40.897321],[125.574332,40.891479],[125.578531,40.890227],[125.619728,40.905276],[125.639819,40.905008],[125.642473,40.912923],[125.649686,40.914262],[125.682176,40.895734],[125.701929,40.865858],[125.692317,40.856445],[125.682804,40.855325],[125.684322,40.85007],[125.669591,40.834544],[125.642404,40.82444],[125.63079,40.806337],[125.635017,40.796719],[125.677066,40.782231],[125.682309,40.774292],[125.679523,40.767504],[125.641536,40.76668],[125.608733,40.758907],[125.598821,40.759509],[125.590319,40.768106],[125.592171,40.777195],[125.589227,40.78182],[125.570683,40.792145],[125.575022,40.786014],[125.569047,40.784375],[125.56479,40.788817],[125.566919,40.7838],[125.537962,40.757704],[125.543079,40.734819],[125.538862,40.727847],[125.530799,40.724418],[125.479913,40.725347],[125.45408,40.705377],[125.447943,40.675035],[125.421745,40.674683],[125.412726,40.671393],[125.408159,40.659497],[125.415582,40.647231],[125.414575,40.632274],[125.40111,40.630078],[125.393669,40.636781],[125.388609,40.635456],[125.377595,40.6547],[125.369609,40.656502],[125.328064,40.641645],[125.323246,40.642117],[125.299426,40.659526],[125.284218,40.65658],[125.273715,40.653537],[125.267273,40.647295],[125.263697,40.628529],[125.256805,40.61862],[125.232014,40.616509],[125.208958,40.61904],[125.184114,40.613502],[125.107551,40.567556],[125.070598,40.560116],[125.045675,40.550688],[125.012117,40.534716],[124.996032,40.511861],[124.998836,40.494735],[125.011171,40.489878],[125.025216,40.490676],[125.026136,40.483129],[125.037048,40.482143],[125.038332,40.464834],[125.019,40.463011],[125.018758,40.47479],[125.006622,40.469457],[124.986257,40.475368],[124.956214,40.459139],[124.939843,40.454704],[124.92729,40.455124],[124.909991,40.462089],[124.91172,40.479976],[124.900707,40.484497],[124.891864,40.477641],[124.875279,40.454701],[124.850881,40.4356],[124.749714,40.382837],[124.733574,40.370246],[124.730899,40.355459],[124.722536,40.365947],[124.706375,40.367167],[124.688194,40.381053],[124.681305,40.371756],[124.685635,40.363417],[124.682881,40.360812],[124.688361,40.353997],[124.686735,40.349012],[124.696869,40.339609],[124.694473,40.333039],[124.700148,40.335038],[124.697019,40.337115],[124.706506,40.338642],[124.707141,40.33243],[124.713565,40.327706],[124.707167,40.321991],[124.713132,40.318351],[124.643576,40.293077],[124.612925,40.288134],[124.543394,40.237509],[124.521701,40.229692],[124.51717,40.225942],[124.518802,40.222769],[124.509292,40.219016],[124.507751,40.215495],[124.500343,40.22471],[124.501077,40.238724],[124.493873,40.272571],[124.483027,40.286659],[124.461089,40.292873],[124.429019,40.289504],[124.410316,40.291001],[124.393415,40.318975],[124.375578,40.323457],[124.359286,40.333887],[124.37523,40.354328],[124.377635,40.343778],[124.391025,40.345862],[124.403135,40.342306],[124.412813,40.348979],[124.421839,40.349622],[124.428661,40.356107],[124.429888,40.362291],[124.433151,40.361098],[124.43748,40.36494],[124.435594,40.372139],[124.443179,40.377949],[124.436651,40.382209],[124.456872,40.391433],[124.457966,40.396393],[124.466858,40.395646],[124.474934,40.411398],[124.470038,40.416255],[124.462952,40.41533],[124.456321,40.422015],[124.461296,40.434403],[124.446555,40.442052],[124.433173,40.440935],[124.422957,40.445453],[124.421308,40.451946],[124.441056,40.454581],[124.437445,40.462997],[124.420084,40.472888],[124.410102,40.489143],[124.417793,40.508345],[124.417481,40.520987],[124.414294,40.527086],[124.404512,40.533453],[124.398965,40.544469],[124.390809,40.548488],[124.390468,40.553805],[124.385996,40.55777],[124.389572,40.569429],[124.384282,40.577043],[124.382658,40.589869],[124.366307,40.593568],[124.35753,40.6084],[124.358553,40.61177],[124.348974,40.615023],[124.340658,40.62465]]],[[[124.789715,40.396912],[124.807155,40.40756],[124.823774,40.414072],[124.806074,40.402874],[124.789715,40.396912]]],[[[124.832601,40.421394],[124.835007,40.425156],[124.83646,40.425235],[124.832601,40.421394]]]]}},{"type":"Feature","properties":{"id":"cn:210681","name":"东港市","level":2},"geometry":{"type":"MultiPolygon","coordinates":[[[[123.37104,39.969613],[123.395785,39.980271],[123.395172,39.991622],[123.401985,39.997533],[123.40042,40.011984],[123.417374,40.02929],[123.442618,40.035604],[123.453699,40.030907],[123.471623,40.029857],[123.46705,40.035969],[123.458257,40.036738],[123.45268,40.05326],[123.443732,40.056128],[123.456463,40.053886],[123.459555,40.04808],[123.458107,40.041949],[123.462296,40.039626],[123.465281,40.045423],[123.469085,40.043628],[123.469014,40.046903],[123.477122,40.049531],[123.470485,40.06992],[123.472962,40.073386],[123.508087,40.089118],[123.507807,40.092413],[123.523229,40.102022],[123.540486,40.101345],[123.546637,40.098049],[123.557723,40.101263],[123.561805,40.112867],[123.569639,40.114517],[123.585784,40.127373],[123.60118,40.158164],[123.600816,40.167352],[123.594296,40.169132],[123.606588,40.176888],[123.627622,40.181345],[123.639381,40.179989],[123.649808,40.174279],[123.650942,40.166591],[123.663909,40.149267],[123.681277,40.154846],[123.692772,40.144489],[123.691525,40.126791],[123.668909,40.109749],[123.666027,40.094013],[123.671405,40.08304],[123.690696,40.065369],[123.694791,40.054559],[123.709492,40.036207],[123.715538,40.038353],[123.723526,40.033765],[123.727823,40.040458],[123.738712,40.045358],[123.738892,40.049621],[123.756179,40.038357],[123.763071,40.053181],[123.780787,40.059736],[123.809413,40.049534],[123.836764,40.045477],[123.842896,40.03976],[123.850882,40.045177],[123.850284,40.049837],[123.854993,40.05319],[123.853189,40.057917],[123.864983,40.062329],[123.871753,40.058593],[123.872795,40.051211],[123.880034,40.047504],[123.890893,40.048945],[123.908507,40.058173],[123.98289,40.053191],[123.986408,40.059757],[123.980531,40.061909],[123.977183,40.067702],[123.981084,40.084142],[123.985689,40.086663],[123.987067,40.092677],[123.987161,40.096901],[123.982292,40.099187],[123.983086,40.102917],[123.991627,40.107897],[123.991786,40.114175],[124.003392,40.121923],[124.012041,40.121333],[124.022798,40.132871],[124.032493,40.135693],[124.040788,40.150751],[124.046897,40.15005],[124.049925,40.159304],[124.044076,40.171674],[124.062929,40.185725],[124.070534,40.186738],[124.074488,40.180158],[124.090187,40.185592],[124.087138,40.191728],[124.096858,40.197344],[124.105935,40.209522],[124.113384,40.210756],[124.117049,40.217016],[124.121428,40.217851],[124.130312,40.216789],[124.127339,40.211906],[124.133847,40.208191],[124.135637,40.203423],[124.143739,40.20041],[124.145891,40.185364],[124.155279,40.181074],[124.168962,40.186356],[124.18453,40.181767],[124.18479,40.176015],[124.173298,40.154696],[124.167033,40.151247],[124.162759,40.13959],[124.149354,40.132732],[124.147765,40.123942],[124.142283,40.11822],[124.139968,40.107129],[124.147808,40.104406],[124.149647,40.095505],[124.155933,40.094711],[124.158049,40.099869],[124.159515,40.100708],[124.160709,40.096408],[124.168628,40.097398],[124.179726,40.105843],[124.186482,40.107014],[124.193529,40.122076],[124.20246,40.125203],[124.218288,40.119809],[124.220402,40.112364],[124.226366,40.112327],[124.227998,40.105203],[124.233869,40.104135],[124.234816,40.107954],[124.237519,40.107797],[124.23795,40.104151],[124.24416,40.101398],[124.236904,40.102371],[124.233694,40.094833],[124.225956,40.089278],[124.210786,40.089501],[124.201929,40.075831],[124.200036,40.079571],[124.190399,40.083758],[124.173276,40.076895],[124.174074,40.071014],[124.167322,40.060543],[124.1724,40.061505],[124.160955,40.053275],[124.172973,40.049048],[124.170735,40.046613],[124.173576,40.043924],[124.168326,40.043717],[124.170866,40.041767],[124.1861,40.040791],[124.195135,40.044225],[124.212514,40.018687],[124.220595,40.011666],[124.219221,40.002593],[124.227816,40.004836],[124.238659,40.020218],[124.238987,40.004445],[124.249835,39.985208],[124.250045,39.979696],[124.254095,39.980546],[124.252967,39.977516],[124.269041,39.976514],[124.273688,39.979176],[124.272681,39.98185],[124.278526,39.983121],[124.281638,39.980813],[124.279776,39.975816],[124.284133,39.981426],[124.284751,39.974251],[124.287974,39.975401],[124.289822,39.97203],[124.271349,39.970625],[124.27242,39.967401],[124.27897,39.967028],[124.276039,39.96378],[124.260197,39.970665],[124.257793,39.965858],[124.261528,39.965516],[124.260327,39.961175],[124.254064,39.959993],[124.249599,39.964662],[124.244534,39.959927],[124.245907,39.954993],[124.239983,39.953872],[124.238491,39.945928],[124.228818,39.947154],[124.229077,39.943008],[124.218877,39.938938],[124.221005,39.936062],[124.215589,39.93421],[124.213926,39.936965],[124.207935,39.93223],[124.211671,39.921398],[124.201525,39.90156],[124.189691,39.89464],[124.191247,39.889245],[124.181902,39.884981],[124.178868,39.886436],[124.17971,39.882703],[124.174462,39.881731],[124.176183,39.871526],[124.156976,39.84561],[124.152628,39.846646],[124.142979,39.831018],[124.139536,39.833154],[124.142051,39.842546],[124.137374,39.850505],[124.129118,39.845582],[124.125421,39.839183],[124.136256,39.836199],[124.135536,39.831614],[124.14385,39.830182],[124.160249,39.810399],[124.158304,39.776891],[124.145028,39.744269],[124.138958,39.743889],[124.093439,39.775942],[124.089645,39.790736],[124.101405,39.817289],[124.097422,39.821841],[124.065816,39.816398],[124.047231,39.808733],[123.993368,39.799086],[123.961475,39.806769],[123.938524,39.818186],[123.865867,39.821572],[123.815483,39.830399],[123.806718,39.829948],[123.789384,39.821389],[123.730365,39.816137],[123.686572,39.805562],[123.682355,39.806941],[123.669383,39.825494],[123.656303,39.824321],[123.652893,39.83014],[123.639618,39.822638],[123.640773,39.801284],[123.636541,39.795128],[123.618458,39.780892],[123.607107,39.773774],[123.580944,39.77012],[123.571171,39.779782],[123.564905,39.773702],[123.564644,39.765733],[123.559982,39.760338],[123.542648,39.754588],[123.537408,39.761672],[123.542465,39.764784],[123.542757,39.773633],[123.536013,39.784802],[123.528984,39.787074],[123.53001,39.774036],[123.513195,39.769005],[123.512127,39.807075],[123.50901,39.812977],[123.494385,39.817817],[123.493389,39.823506],[123.488584,39.826253],[123.490702,39.84006],[123.498739,39.842448],[123.494444,39.850499],[123.4773,39.858489],[123.470859,39.866857],[123.46846,39.87983],[123.475038,39.889995],[123.484789,39.896629],[123.48369,39.901587],[123.474873,39.90845],[123.465737,39.923469],[123.453241,39.916711],[123.458586,39.923042],[123.450884,39.927648],[123.443669,39.920003],[123.441349,39.920784],[123.442714,39.926994],[123.431286,39.921142],[123.415514,39.932045],[123.405486,39.933464],[123.401459,39.933234],[123.3994,39.927295],[123.391976,39.924461],[123.389177,39.928866],[123.393181,39.932912],[123.385217,39.935787],[123.387693,39.942919],[123.384945,39.944723],[123.389821,39.945571],[123.390172,39.949087],[123.387969,39.948414],[123.387437,39.952836],[123.379134,39.953319],[123.37104,39.969613]]],[[[123.802769,39.789114],[123.808395,39.793823],[123.818983,39.795044],[123.821798,39.786024],[123.814744,39.788049],[123.809672,39.785541],[123.802769,39.789114]]],[[[123.705114,39.746423],[123.715682,39.757088],[123.714453,39.761722],[123.724929,39.764586],[123.742612,39.761909],[123.751004,39.752733],[123.746655,39.747981],[123.728344,39.748712],[123.71086,39.743891],[123.705114,39.746423]]],[[[123.569378,39.775313],[123.572782,39.776614],[123.572899,39.774567],[123.569378,39.775313]]],[[[123.593533,39.763259],[123.595164,39.765989],[123.596901,39.765746],[123.596293,39.762495],[123.593533,39.763259]]],[[[123.808632,39.783914],[123.809323,39.785321],[123.809661,39.783671],[123.808632,39.783914]]],[[[123.828151,39.781185],[123.827049,39.782573],[123.828038,39.782452],[123.828151,39.781185]]],[[[123.754779,39.748326],[123.75302,39.750384],[123.755508,39.750466],[123.754779,39.748326]]],[[[123.784636,39.786137],[123.782917,39.787917],[123.784513,39.787612],[123.784636,39.786137]]]]}},{"type":"Feature","properties":{"id":"cn:210682","name":"凤城市","level":2},"geometry":{"type":"Polygon","coordinates":[[[123.528039,40.825369],[123.533933,40.833212],[123.531849,40.849805],[123.538768,40.85945],[123.592084,40.855391],[123.617378,40.850273],[123.636769,40.842966],[123.658082,40.825169],[123.666189,40.824201],[123.680885,40.832201],[123.683246,40.831198],[123.683541,40.820859],[123.689583,40.813705],[123.708349,40.818776],[123.709881,40.824333],[123.716694,40.828429],[123.727067,40.829353],[123.731774,40.845184],[123.73692,40.850398],[123.761917,40.847485],[123.770389,40.854388],[123.785859,40.849181],[123.795874,40.855588],[123.809493,40.853675],[123.820134,40.861644],[123.832415,40.851289],[123.843109,40.855094],[123.861561,40.839555],[123.889738,40.838623],[123.89335,40.833853],[123.892406,40.829973],[123.910378,40.833464],[123.925874,40.825065],[123.933096,40.827477],[123.941065,40.837536],[123.947018,40.838222],[123.949936,40.844504],[123.96889,40.851073],[123.967288,40.855627],[123.974934,40.866011],[123.982494,40.865773],[123.990861,40.860127],[124.010593,40.858097],[124.025607,40.86392],[124.078375,40.859265],[124.087822,40.855698],[124.08816,40.846957],[124.097083,40.844553],[124.109974,40.851875],[124.12842,40.851636],[124.137526,40.861159],[124.135313,40.878004],[124.143855,40.888012],[124.125469,40.907535],[124.126198,40.923121],[124.141598,40.949631],[124.14198,40.955357],[124.123525,40.965013],[124.121355,40.982544],[124.11198,40.992084],[124.100999,41.01408],[124.09225,41.024054],[124.087567,41.033947],[124.089973,41.035504],[124.117196,41.037814],[124.114174,41.044523],[124.127361,41.046599],[124.14001,41.053013],[124.178812,41.025123],[124.194411,41.031416],[124.203162,41.044072],[124.210387,41.039823],[124.22555,41.039473],[124.232129,41.050206],[124.229589,41.052639],[124.229933,41.062176],[124.235973,41.071102],[124.231562,41.078821],[124.245201,41.087899],[124.25085,41.096526],[124.262797,41.099024],[124.27975,41.09813],[124.289793,41.094059],[124.291738,41.087093],[124.286147,41.054476],[124.291442,41.051971],[124.305895,41.054615],[124.332788,41.070084],[124.35086,41.063621],[124.359602,41.054089],[124.369402,41.050943],[124.399559,41.06948],[124.414533,41.07507],[124.504783,41.047526],[124.505562,41.035467],[124.520015,41.019256],[124.520357,41.00622],[124.516548,40.996841],[124.527366,40.982123],[124.523995,40.962878],[124.527576,40.960484],[124.528204,40.951426],[124.534805,40.94688],[124.533153,40.932988],[124.538945,40.920923],[124.539451,40.907109],[124.52655,40.9055],[124.523557,40.899665],[124.525147,40.893068],[124.520681,40.888811],[124.526414,40.886908],[124.504804,40.87071],[124.499208,40.852401],[124.507685,40.846591],[124.507852,40.838826],[124.487974,40.835078],[124.486315,40.832025],[124.488427,40.827599],[124.500396,40.822848],[124.506516,40.814157],[124.516525,40.81009],[124.517552,40.798171],[124.522515,40.793605],[124.527125,40.77986],[124.526808,40.772689],[124.522353,40.766654],[124.510323,40.762989],[124.500994,40.748936],[124.493513,40.750798],[124.480459,40.74733],[124.478402,40.74397],[124.48308,40.733445],[124.480528,40.723216],[124.466822,40.71322],[124.445311,40.703997],[124.450468,40.687481],[124.434252,40.680342],[124.426266,40.669873],[124.424834,40.658224],[124.428775,40.650029],[124.424773,40.644678],[124.413774,40.638467],[124.389339,40.642907],[124.364277,40.634048],[124.350279,40.643448],[124.341608,40.643076],[124.343104,40.628363],[124.340658,40.62465],[124.348974,40.615023],[124.358553,40.61177],[124.35753,40.6084],[124.366307,40.593568],[124.382658,40.589869],[124.384282,40.577043],[124.389572,40.569429],[124.385996,40.55777],[124.390468,40.553805],[124.390809,40.548488],[124.398965,40.544469],[124.404512,40.533453],[124.414294,40.527086],[124.417481,40.520987],[124.417793,40.508345],[124.410102,40.489143],[124.420084,40.472888],[124.437445,40.462997],[124.441056,40.454581],[124.421308,40.451946],[124.422957,40.445453],[124.433173,40.440935],[124.446555,40.442052],[124.461296,40.434403],[124.456321,40.422015],[124.462952,40.41533],[124.47026,40.416097],[124.474934,40.411398],[124.473539,40.406266],[124.466858,40.395646],[124.457966,40.396393],[124.456872,40.391433],[124.436651,40.382209],[124.443179,40.377949],[124.435594,40.372139],[124.43748,40.36494],[124.433151,40.361098],[124.429888,40.362291],[124.428661,40.356107],[124.421839,40.349622],[124.412813,40.348979],[124.403135,40.342306],[124.391025,40.345862],[124.377635,40.343778],[124.375664,40.354342],[124.363123,40.340867],[124.360215,40.343358],[124.34899,40.342823],[124.345971,40.347845],[124.348077,40.350738],[124.342078,40.352558],[124.326131,40.350176],[124.315686,40.341021],[124.295405,40.340828],[124.289765,40.346526],[124.26899,40.353206],[124.266345,40.360135],[124.271463,40.366403],[124.267621,40.373373],[124.263466,40.374897],[124.259346,40.382907],[124.245871,40.376975],[124.246741,40.388476],[124.241109,40.39291],[124.22405,40.395186],[124.200986,40.383955],[124.191164,40.385981],[124.191091,40.381232],[124.184107,40.375417],[124.188173,40.368802],[124.181208,40.361706],[124.183411,40.350067],[124.176691,40.338525],[124.179093,40.330806],[124.172777,40.318177],[124.162682,40.317102],[124.161612,40.31018],[124.149151,40.307407],[124.14576,40.30156],[124.131348,40.299118],[124.128354,40.294927],[124.121727,40.301521],[124.118625,40.30071],[124.113504,40.289771],[124.101314,40.28329],[124.099512,40.278837],[124.101909,40.276068],[124.09413,40.269513],[124.094754,40.263797],[124.086543,40.253575],[124.088201,40.244748],[124.085752,40.240427],[124.090713,40.233545],[124.086675,40.228839],[124.09146,40.22164],[124.102279,40.217475],[124.11431,40.220324],[124.116167,40.21426],[124.113384,40.210756],[124.105935,40.209522],[124.096858,40.197344],[124.087138,40.191728],[124.090187,40.185592],[124.074488,40.180158],[124.070534,40.186738],[124.062929,40.185725],[124.044076,40.171674],[124.049925,40.159304],[124.046897,40.15005],[124.040788,40.150751],[124.032493,40.135693],[124.022798,40.132871],[124.012041,40.121333],[124.003392,40.121923],[123.991786,40.114175],[123.991627,40.107897],[123.983086,40.102917],[123.982292,40.099187],[123.987161,40.096901],[123.987067,40.092677],[123.985689,40.086663],[123.981084,40.084142],[123.977183,40.067702],[123.980531,40.061909],[123.986408,40.059757],[123.98289,40.053191],[123.908507,40.058173],[123.890893,40.048945],[123.880034,40.047504],[123.872795,40.051211],[123.871753,40.058593],[123.864983,40.062329],[123.853189,40.057917],[123.854993,40.05319],[123.850284,40.049837],[123.850328,40.04421],[123.841525,40.039682],[123.836764,40.045477],[123.821498,40.046504],[123.77762,40.059604],[123.762139,40.052323],[123.756179,40.038357],[123.738892,40.049621],[123.738712,40.045358],[123.727823,40.040458],[123.723526,40.033765],[123.715538,40.038353],[123.709492,40.036207],[123.694791,40.054559],[123.690696,40.065369],[123.671405,40.08304],[123.666027,40.094013],[123.668909,40.109749],[123.686323,40.120506],[123.692742,40.129265],[123.693739,40.141757],[123.688792,40.14936],[123.680192,40.154872],[123.671596,40.149739],[123.663909,40.149267],[123.650942,40.166591],[123.649808,40.174279],[123.639381,40.179989],[123.627622,40.181345],[123.606588,40.176888],[123.594296,40.169132],[123.577785,40.164889],[123.564556,40.17332],[123.554535,40.187723],[123.570587,40.203106],[123.578152,40.220392],[123.585634,40.225944],[123.588258,40.240291],[123.606054,40.240086],[123.620646,40.249964],[123.623872,40.258184],[123.630271,40.26355],[123.64297,40.259311],[123.652745,40.268655],[123.66722,40.274637],[123.67481,40.283709],[123.675153,40.289435],[123.705573,40.29878],[123.699808,40.312743],[123.702335,40.324821],[123.710243,40.331667],[123.712265,40.340313],[123.732795,40.362095],[123.753759,40.395785],[123.755364,40.402386],[123.741767,40.416169],[123.763486,40.442037],[123.760387,40.455457],[123.75102,40.469551],[123.759919,40.482329],[123.763024,40.496011],[123.75679,40.500531],[123.747551,40.499842],[123.743923,40.504178],[123.73242,40.50631],[123.735088,40.509808],[123.732171,40.524567],[123.735305,40.530561],[123.72917,40.53739],[123.735406,40.547698],[123.732376,40.574178],[123.715562,40.585089],[123.71169,40.590962],[123.725588,40.601496],[123.742931,40.609156],[123.742923,40.613974],[123.735345,40.623193],[123.725354,40.647411],[123.719633,40.652659],[123.70473,40.655467],[123.689278,40.664486],[123.658167,40.674274],[123.630702,40.689435],[123.617586,40.692179],[123.58697,40.684709],[123.574131,40.6872],[123.571651,40.690858],[123.575465,40.703161],[123.564814,40.710708],[123.553324,40.711533],[123.554535,40.718447],[123.548764,40.717774],[123.545794,40.721452],[123.550376,40.726804],[123.551686,40.74615],[123.56217,40.761962],[123.579357,40.771488],[123.578654,40.78023],[123.551346,40.804545],[123.539219,40.819635],[123.528039,40.825369]]]}},{"type":"Feature","properties":{"id":"cn:2107","name":"锦州市","level":1},"geometry":{"type":"MultiPolygon","coordinates":[[[[121.079517,40.8092],[121.081178,40.801582],[121.080577,40.800319],[121.075129,40.810987],[121.079517,40.8092]]],[[[121.642579,40.936134],[121.623604,40.906532],[121.608499,40.904567],[121.587588,40.892059],[121.570704,40.873781],[121.562223,40.857626],[121.529578,40.830798],[121.470653,40.852234],[121.467553,40.857145],[121.476429,40.880244],[121.434743,40.879817],[121.433522,40.828237],[121.337378,40.839658],[121.285403,40.849852],[121.210682,40.848975],[121.172182,40.871953],[121.161997,40.874419],[121.13033,40.871866],[121.120573,40.867288],[121.108521,40.837651],[121.091068,40.838056],[121.090608,40.829362],[121.084923,40.821493],[121.071581,40.816224],[121.079813,40.794089],[121.068104,40.796257],[121.053368,40.792092],[121.041071,40.793221],[121.024573,40.788866],[121.01834,40.777465],[121.010707,40.777233],[121.005619,40.783016],[121.001987,40.806032],[121.007708,40.830056],[121.001935,40.85122],[121.006233,40.862235],[121.014618,40.866484],[121.025174,40.882258],[121.028476,40.90537],[121.023652,40.912043],[121.028749,40.913169],[121.031451,40.919588],[121.026767,40.924789],[121.022744,40.922153],[121.018183,40.926386],[121.026524,40.927825],[121.031431,40.932031],[121.029217,40.937485],[121.033231,40.93763],[121.029482,40.93831],[121.033267,40.938188],[121.029147,40.938637],[121.028683,40.941798],[121.019214,40.940458],[121.019034,40.948446],[121.017852,40.945234],[121.016198,40.947852],[121.014758,40.940684],[121.011848,40.94046],[121.006544,40.946108],[121.007779,40.950573],[121.004319,40.950802],[121.004459,40.954323],[121.01141,40.957583],[121.01057,40.971527],[121.006235,40.971153],[121.008541,40.984193],[121.015156,41.007574],[121.026823,41.031758],[121.029208,41.048584],[121.007851,41.040772],[121.001253,41.03401],[120.988444,41.031643],[120.975509,41.038069],[120.977182,41.044433],[120.957406,41.048564],[120.947431,41.04426],[120.942764,41.049527],[120.941684,41.062753],[120.938906,41.064987],[120.940762,41.069773],[120.944355,41.070184],[120.941841,41.073123],[120.947378,41.070917],[120.949456,41.079096],[120.943186,41.08375],[120.93508,41.12071],[120.930212,41.121414],[120.925455,41.115818],[120.916639,41.120631],[120.90136,41.120392],[120.892586,41.127584],[120.905639,41.133909],[120.906916,41.136671],[120.902574,41.143932],[120.890934,41.142495],[120.890878,41.147867],[120.877606,41.148984],[120.87091,41.154284],[120.854796,41.143208],[120.852658,41.138582],[120.845787,41.138984],[120.838483,41.130756],[120.829234,41.129727],[120.820234,41.138953],[120.800608,41.145507],[120.798488,41.148947],[120.800242,41.156217],[120.783116,41.159923],[120.778922,41.168344],[120.790464,41.182029],[120.779908,41.200547],[120.760105,41.190928],[120.758404,41.193785],[120.76411,41.201359],[120.758433,41.208092],[120.747268,41.211031],[120.737319,41.21934],[120.731005,41.216199],[120.71217,41.218819],[120.715293,41.226209],[120.725336,41.229002],[120.733044,41.238263],[120.764446,41.246829],[120.758622,41.259547],[120.750586,41.259561],[120.747864,41.266156],[120.739446,41.265702],[120.740958,41.268248],[120.737588,41.26857],[120.737939,41.27121],[120.73333,41.268662],[120.727994,41.272815],[120.731731,41.286358],[120.743117,41.28948],[120.74377,41.295876],[120.750086,41.299491],[120.74232,41.317195],[120.7512,41.334989],[120.747162,41.340686],[120.751565,41.345719],[120.753101,41.355072],[120.764647,41.356052],[120.769309,41.365995],[120.763022,41.367476],[120.76491,41.374497],[120.77805,41.380193],[120.785676,41.393892],[120.796295,41.393885],[120.801623,41.399621],[120.809792,41.402289],[120.809716,41.408782],[120.799839,41.417558],[120.806112,41.423894],[120.813676,41.420356],[120.817092,41.407674],[120.828428,41.396005],[120.838113,41.402967],[120.836813,41.416293],[120.84451,41.421847],[120.855779,41.41337],[120.865623,41.419364],[120.871973,41.416112],[120.878558,41.419264],[120.870819,41.433251],[120.874023,41.436796],[120.871282,41.439639],[120.874167,41.46048],[120.872368,41.474583],[120.882337,41.47514],[120.888381,41.473769],[120.887431,41.470352],[120.89489,41.470545],[120.899797,41.479231],[120.891509,41.484599],[120.895412,41.490735],[120.896042,41.510728],[120.900831,41.521463],[120.908723,41.525981],[120.919187,41.522903],[120.920968,41.529144],[120.929547,41.52844],[120.938245,41.537599],[120.952069,41.539304],[120.952224,41.546392],[120.976392,41.564596],[120.970002,41.572053],[120.97367,41.573547],[120.968431,41.58159],[120.970692,41.597329],[120.978765,41.598345],[120.983514,41.594419],[120.987207,41.597492],[120.991765,41.593893],[120.999608,41.602452],[121.008031,41.604134],[121.011435,41.600361],[121.01426,41.603359],[121.009026,41.606293],[121.02038,41.60531],[121.025675,41.608653],[121.025114,41.604957],[121.031806,41.60969],[121.037343,41.609198],[121.042819,41.61385],[121.041034,41.619906],[121.042704,41.614866],[121.044904,41.613854],[121.044733,41.617334],[121.045212,41.614151],[121.048571,41.611351],[121.051631,41.613846],[121.050012,41.616389],[121.046396,41.61469],[121.044378,41.62173],[121.050421,41.623894],[121.056591,41.618643],[121.056596,41.624326],[121.06173,41.627242],[121.06652,41.621646],[121.06128,41.615989],[121.065435,41.616045],[121.069691,41.611489],[121.071724,41.61526],[121.087772,41.613631],[121.099622,41.621859],[121.108293,41.617575],[121.113519,41.627479],[121.119505,41.630024],[121.117286,41.637819],[121.141402,41.646955],[121.141227,41.65626],[121.138312,41.659099],[121.150018,41.668463],[121.161458,41.664675],[121.168278,41.671551],[121.171787,41.668745],[121.172163,41.662171],[121.18861,41.675781],[121.196439,41.67139],[121.204984,41.675732],[121.218968,41.675852],[121.221425,41.68624],[121.212366,41.687779],[121.218015,41.697388],[121.222413,41.697227],[121.224363,41.700771],[121.220839,41.705405],[121.228061,41.719024],[121.223419,41.724512],[121.21667,41.725395],[121.210381,41.73799],[121.221989,41.751251],[121.217777,41.754923],[121.221218,41.761029],[121.23705,41.766125],[121.241503,41.764748],[121.244354,41.769474],[121.254482,41.769858],[121.255758,41.772274],[121.250737,41.778282],[121.258143,41.792327],[121.302361,41.773507],[121.30633,41.768714],[121.324648,41.770302],[121.33711,41.766417],[121.338044,41.746365],[121.327069,41.739508],[121.33592,41.729739],[121.360868,41.723216],[121.397327,41.73579],[121.429974,41.73098],[121.446762,41.717218],[121.45245,41.705199],[121.451908,41.693653],[121.455961,41.694612],[121.462084,41.690669],[121.470176,41.693272],[121.468608,41.699174],[121.47197,41.70963],[121.47979,41.716619],[121.48771,41.719429],[121.500774,41.715073],[121.509608,41.718207],[121.509843,41.728213],[121.501109,41.739904],[121.507158,41.746902],[121.507453,41.761697],[121.514444,41.760894],[121.517493,41.766807],[121.532461,41.771186],[121.529675,41.773748],[121.532737,41.780685],[121.53998,41.783246],[121.599597,41.785241],[121.623759,41.781974],[121.631763,41.772003],[121.649583,41.774228],[121.66605,41.771441],[121.669748,41.772071],[121.698203,41.801415],[121.71698,41.793537],[121.748872,41.793924],[121.7731,41.804063],[121.792578,41.799601],[121.817118,41.780604],[121.825121,41.78161],[121.857335,41.811077],[121.835582,41.811462],[121.826302,41.818503],[121.827786,41.826732],[121.838447,41.83388],[121.843654,41.843195],[121.889841,41.843549],[121.911094,41.856333],[121.902197,41.859498],[121.903284,41.862113],[121.921965,41.860109],[121.92507,41.862872],[121.919555,41.863704],[121.919365,41.866846],[121.924295,41.865354],[121.923498,41.868406],[121.927837,41.872587],[121.936501,41.870944],[121.938076,41.874102],[121.955548,41.876553],[121.953479,41.878486],[121.957164,41.886812],[121.950435,41.889322],[121.952507,41.893744],[121.957044,41.891768],[121.957297,41.888392],[121.963033,41.892753],[121.967018,41.890347],[121.975881,41.900351],[121.980683,41.899036],[121.987227,41.904452],[121.992062,41.909447],[121.988162,41.90875],[121.991023,41.911462],[121.985781,41.917493],[121.991081,41.926459],[121.999201,41.928375],[122.013694,41.922646],[122.013942,41.925578],[122.028828,41.928339],[122.036567,41.933008],[122.033661,41.935241],[122.036998,41.943247],[122.056697,41.95867],[122.057471,41.966895],[122.060346,41.96868],[122.063332,41.963013],[122.081056,41.967373],[122.092417,41.978694],[122.08932,41.984065],[122.104188,41.990171],[122.108608,41.997127],[122.112912,41.999365],[122.11821,41.998291],[122.11914,41.994669],[122.125273,41.996617],[122.132856,42.007846],[122.1303,42.011985],[122.132443,42.015855],[122.148827,42.015608],[122.140329,42.022656],[122.146461,42.030112],[122.169522,42.024896],[122.180785,42.026473],[122.17888,42.029628],[122.186905,42.031532],[122.195229,42.030592],[122.201824,42.041836],[122.209842,42.039983],[122.205001,42.043576],[122.207233,42.047854],[122.222651,42.044805],[122.230988,42.049977],[122.230486,42.05306],[122.239453,42.053559],[122.288246,42.077786],[122.307482,42.081267],[122.361154,42.106011],[122.420373,42.126634],[122.424097,42.122747],[122.442614,42.120978],[122.442998,42.118221],[122.432872,42.116977],[122.434839,42.113249],[122.442513,42.112017],[122.442105,42.108129],[122.430024,42.102445],[122.422532,42.090116],[122.436884,42.093008],[122.445462,42.08807],[122.443065,42.084589],[122.430601,42.081775],[122.430256,42.074568],[122.447631,42.070118],[122.441841,42.0611],[122.453511,42.053185],[122.454376,42.040807],[122.465112,42.03883],[122.471928,42.040984],[122.472175,42.036287],[122.463364,42.027864],[122.476289,42.021367],[122.491934,41.996999],[122.489586,41.985433],[122.495995,41.969665],[122.495519,41.955344],[122.502539,41.937006],[122.500839,41.934065],[122.514368,41.933147],[122.510486,41.924327],[122.515766,41.914725],[122.512694,41.908865],[122.518217,41.903031],[122.515901,41.897802],[122.503723,41.902337],[122.468475,41.903856],[122.43785,41.89883],[122.438344,41.888266],[122.447841,41.880483],[122.454082,41.868183],[122.452276,41.854468],[122.456139,41.844587],[122.453776,41.840648],[122.488748,41.826696],[122.492263,41.822339],[122.499698,41.82552],[122.500044,41.820625],[122.505514,41.819471],[122.502964,41.815765],[122.508312,41.818386],[122.506162,41.814536],[122.512728,41.814513],[122.512226,41.810586],[122.534886,41.798529],[122.539685,41.789911],[122.5375,41.787666],[122.547783,41.784768],[122.549334,41.790393],[122.555814,41.787063],[122.557009,41.778969],[122.552572,41.772822],[122.556598,41.769011],[122.589019,41.770661],[122.595262,41.764513],[122.569436,41.747329],[122.565354,41.738561],[122.570341,41.729433],[122.567086,41.726364],[122.569621,41.714685],[122.567426,41.710427],[122.550827,41.705995],[122.544343,41.696968],[122.542806,41.686174],[122.545506,41.676825],[122.527773,41.667796],[122.521423,41.674097],[122.512236,41.674782],[122.510601,41.655945],[122.521345,41.652891],[122.520748,41.649514],[122.513213,41.645851],[122.514641,41.640293],[122.510359,41.633155],[122.511022,41.627957],[122.502774,41.625407],[122.49513,41.627499],[122.493087,41.618694],[122.495577,41.617823],[122.48551,41.611845],[122.481742,41.60304],[122.483506,41.596944],[122.479081,41.595312],[122.482626,41.589971],[122.487143,41.58901],[122.484354,41.586809],[122.486383,41.585009],[122.48048,41.579336],[122.474291,41.580948],[122.471338,41.578359],[122.475753,41.576714],[122.475951,41.571528],[122.483403,41.566304],[122.482009,41.564054],[122.447346,41.547011],[122.362625,41.543054],[122.324688,41.523203],[122.29296,41.51234],[122.278577,41.513689],[122.241233,41.497682],[122.210261,41.483148],[122.1797,41.446333],[122.172172,41.449709],[122.16384,41.440883],[122.161432,41.442923],[122.152706,41.434895],[122.131759,41.426444],[122.137818,41.420322],[122.113479,41.411348],[122.103656,41.402594],[122.088962,41.397514],[122.085725,41.389889],[122.080729,41.391565],[122.071533,41.384201],[122.063206,41.385265],[122.035269,41.369366],[122.020947,41.368954],[122.014948,41.380308],[122.005321,41.383932],[121.969913,41.381854],[121.951102,41.384271],[121.945504,41.379062],[121.941084,41.367642],[121.919996,41.36434],[121.905743,41.353877],[121.896626,41.352728],[121.900425,41.348866],[121.895871,41.340989],[121.898343,41.335123],[121.879545,41.320656],[121.863898,41.328278],[121.86257,41.339027],[121.840489,41.350746],[121.798318,41.347],[121.7985,41.333995],[121.780311,41.334831],[121.779969,41.338617],[121.773617,41.338228],[121.773233,41.342524],[121.769269,41.342691],[121.769485,41.330476],[121.753661,41.329195],[121.75014,41.333703],[121.73495,41.333513],[121.711711,41.314436],[121.696172,41.313777],[121.657483,41.291481],[121.64718,41.291458],[121.595652,41.255776],[121.575061,41.247843],[121.571667,41.230768],[121.575642,41.214132],[121.586095,41.207552],[121.597484,41.209792],[121.615227,41.204953],[121.615773,41.199037],[121.610392,41.180209],[121.597127,41.178946],[121.562465,41.144175],[121.561545,41.13273],[121.579922,41.106306],[121.605574,41.10155],[121.677081,41.098184],[121.690066,41.10305],[121.711514,41.101743],[121.716662,41.102986],[121.716881,41.10621],[121.73719,41.105321],[121.733823,41.11269],[121.758188,41.098269],[121.75409,41.096816],[121.753205,41.086754],[121.743229,41.087409],[121.742163,41.083966],[121.709068,41.08543],[121.709158,41.089621],[121.702012,41.089585],[121.702101,41.092441],[121.699635,41.092812],[121.698663,41.089022],[121.692866,41.089219],[121.686159,41.091466],[121.686766,41.094794],[121.680499,41.095127],[121.675468,41.092842],[121.67392,41.087949],[121.667291,41.08847],[121.668809,41.082632],[121.674866,41.082998],[121.661622,41.058054],[121.642042,41.060783],[121.645988,41.052454],[121.657533,41.048735],[121.656029,41.032661],[121.660647,41.030174],[121.671025,41.006047],[121.670453,40.996885],[121.66159,40.98396],[121.656902,40.968217],[121.658272,40.957618],[121.644064,40.949038],[121.642579,40.936134]],[[121.581871,40.952445],[121.585308,40.947913],[121.591711,40.94917],[121.589901,40.95428],[121.593561,40.954983],[121.589859,40.965985],[121.586202,40.964208],[121.589704,40.954234],[121.581871,40.952445]],[[121.479984,41.005026],[121.484856,40.99796],[121.495899,40.998234],[121.4989,40.994802],[121.498745,41.005423],[121.479984,41.005026]]]]}},{"type":"Feature","properties":{"id":"cn:210702","name":"古塔区","level":2},"geometry":{"type":"Polygon","coordinates":[[[120.994015,41.134621],[120.998647,41.137098],[121.002133,41.147689],[121.010912,41.154544],[121.014593,41.15247],[121.034567,41.181428],[121.042926,41.188907],[121.074341,41.194988],[121.096506,41.191742],[121.115912,41.18035],[121.117802,41.172557],[121.11501,41.171523],[121.122512,41.164309],[121.122836,41.153838],[121.129585,41.157244],[121.129556,41.153773],[121.134305,41.151256],[121.131668,41.147563],[121.124488,41.146584],[121.124282,41.143672],[121.126352,41.134244],[121.124423,41.122639],[121.135116,41.121712],[121.133123,41.10045],[121.109181,41.105852],[121.100209,41.120471],[121.076564,41.12241],[121.049665,41.135244],[121.024751,41.128299],[121.011526,41.11755],[121.005681,41.119229],[120.994015,41.134621]]]}},{"type":"Feature","properties":{"id":"cn:210703","name":"凌河区","level":2},"geometry":{"type":"Polygon","coordinates":[[[121.126352,41.134244],[121.124488,41.146584],[121.131668,41.147563],[121.134305,41.151256],[121.147521,41.147953],[121.152477,41.142173],[121.160921,41.148456],[121.166437,41.146896],[121.156263,41.143529],[121.164615,41.139289],[121.172573,41.147477],[121.157218,41.149709],[121.155926,41.155324],[121.167232,41.15721],[121.178333,41.151119],[121.191023,41.156767],[121.192462,41.148712],[121.196747,41.150104],[121.197194,41.146744],[121.202944,41.146548],[121.201355,41.140373],[121.204866,41.136608],[121.209882,41.136324],[121.210739,41.13893],[121.222626,41.13329],[121.240352,41.132485],[121.250196,41.127154],[121.239451,41.124934],[121.228114,41.115493],[121.219569,41.114374],[121.218119,41.112845],[121.222192,41.109982],[121.207992,41.110044],[121.196919,41.113828],[121.188871,41.111974],[121.178281,41.106717],[121.173255,41.097595],[121.16117,41.093116],[121.133123,41.10045],[121.135116,41.121712],[121.124423,41.122639],[121.126352,41.134244]]]}},{"type":"Feature","properties":{"id":"cn:210711","name":"太和区","level":2},"geometry":{"type":"MultiPolygon","coordinates":[[[[120.943186,41.08375],[120.936953,41.114481],[120.954754,41.11626],[120.956026,41.118939],[120.946961,41.122386],[120.960401,41.123105],[120.961589,41.133439],[120.970005,41.136703],[120.994015,41.134621],[121.005681,41.119229],[121.011526,41.11755],[121.024751,41.128299],[121.044926,41.135922],[121.078075,41.121976],[121.100209,41.120471],[121.106358,41.108002],[121.113324,41.103975],[121.16117,41.093116],[121.173255,41.097595],[121.178281,41.106717],[121.188871,41.111974],[121.196919,41.113828],[121.207992,41.110044],[121.222387,41.110603],[121.230496,41.102754],[121.229296,41.089129],[121.240118,41.079621],[121.233249,41.067593],[121.215893,41.064603],[121.216022,41.054224],[121.225004,41.048155],[121.235097,41.054597],[121.246603,41.056476],[121.250422,41.05444],[121.250265,41.04826],[121.259023,41.040429],[121.260568,41.044198],[121.27356,41.044125],[121.273314,41.057308],[121.282215,41.060737],[121.303285,41.060451],[121.304571,41.055276],[121.361289,41.060002],[121.36155,41.044048],[121.38006,41.042603],[121.385114,41.018346],[121.389831,41.018472],[121.385629,41.01414],[121.386681,41.000518],[121.396182,41.000538],[121.396526,40.990377],[121.377317,40.988321],[121.375337,40.99556],[121.363704,40.994937],[121.36652,40.987103],[121.364207,40.979726],[121.346142,40.956182],[121.338349,40.953866],[121.341003,40.950558],[121.33561,40.946683],[121.328079,40.931667],[121.32123,40.929088],[121.329751,40.917605],[121.327019,40.910133],[121.337378,40.839658],[121.285403,40.849852],[121.210682,40.848975],[121.172182,40.871953],[121.139567,40.87365],[121.120573,40.867288],[121.108521,40.837651],[121.091068,40.838056],[121.090608,40.829362],[121.084923,40.821493],[121.071581,40.816224],[121.079813,40.794089],[121.068104,40.796257],[121.053368,40.792092],[121.041071,40.793221],[121.024573,40.788866],[121.01834,40.777465],[121.010707,40.777233],[121.005619,40.783016],[121.001987,40.806032],[121.007708,40.830056],[121.001935,40.85122],[121.006233,40.862235],[121.014618,40.866484],[121.025174,40.882258],[121.028476,40.90537],[121.023652,40.912043],[121.028749,40.913169],[121.031451,40.919588],[121.026767,40.924789],[121.022744,40.922153],[121.018183,40.926386],[121.026524,40.927825],[121.031431,40.932031],[121.029217,40.937485],[121.033231,40.93763],[121.029482,40.93831],[121.033267,40.938188],[121.029147,40.938637],[121.028683,40.941798],[121.019214,40.940458],[121.019034,40.948446],[121.017852,40.945234],[121.016198,40.947852],[121.014758,40.940684],[121.011848,40.94046],[121.006544,40.946108],[121.007779,40.950573],[121.004319,40.950802],[121.004459,40.954323],[121.01141,40.957583],[121.01057,40.971527],[121.006235,40.971153],[121.008541,40.984193],[121.015156,41.007574],[121.026823,41.031758],[121.029208,41.048584],[121.007851,41.040772],[121.001253,41.03401],[120.988444,41.031643],[120.975509,41.038069],[120.977182,41.044433],[120.957406,41.048564],[120.947431,41.04426],[120.942764,41.049527],[120.941684,41.062753],[120.938906,41.064987],[120.940762,41.069773],[120.944355,41.070184],[120.941841,41.073123],[120.947378,41.070917],[120.949456,41.079096],[120.943186,41.08375]]],[[[121.11501,41.171523],[121.117802,41.172557],[121.115912,41.18035],[121.129939,41.179232],[121.137604,41.182582],[121.145209,41.19763],[121.151086,41.202153],[121.16987,41.213629],[121.183299,41.215994],[121.208203,41.215238],[121.216016,41.210782],[121.219913,41.208212],[121.220478,41.192613],[121.236172,41.174067],[121.245023,41.16883],[121.262721,41.170324],[121.262231,41.166121],[121.251114,41.165089],[121.250705,41.159864],[121.255285,41.152275],[121.250599,41.147137],[121.249647,41.14168],[121.253433,41.13693],[121.249041,41.128999],[121.239834,41.132611],[121.222626,41.13329],[121.210739,41.13893],[121.209882,41.136324],[121.204866,41.136608],[121.201355,41.140373],[121.202944,41.146548],[121.197194,41.146744],[121.196747,41.150104],[121.192462,41.148712],[121.191023,41.156767],[121.178333,41.151119],[121.162616,41.157948],[121.15425,41.153933],[121.157218,41.149709],[121.172573,41.147477],[121.164615,41.139289],[121.156263,41.143529],[121.166437,41.146896],[121.160921,41.148456],[121.152477,41.142173],[121.147521,41.147953],[121.133146,41.151249],[121.129585,41.157244],[121.122836,41.153838],[121.122512,41.164309],[121.11501,41.171523]]],[[[121.22405,41.288615],[121.232878,41.296504],[121.230762,41.303773],[121.251154,41.302436],[121.250595,41.298059],[121.259616,41.297082],[121.258991,41.28726],[121.265324,41.278683],[121.261003,41.265133],[121.25773,41.267199],[121.255806,41.263072],[121.241236,41.268258],[121.239627,41.26606],[121.236757,41.268546],[121.238027,41.275343],[121.23229,41.276155],[121.231124,41.279279],[121.233186,41.282991],[121.239001,41.282909],[121.241169,41.28571],[121.237358,41.286709],[121.240517,41.288598],[121.232114,41.288397],[121.229672,41.284219],[121.22405,41.288615]]],[[[121.182063,41.267505],[121.194375,41.271259],[121.205863,41.281394],[121.222211,41.275561],[121.219662,41.270977],[121.228849,41.269355],[121.225691,41.259063],[121.217214,41.259177],[121.207847,41.25033],[121.190062,41.25579],[121.182063,41.267505]]],[[[121.256702,41.254755],[121.255413,41.262594],[121.266657,41.259014],[121.271447,41.250863],[121.256702,41.254755]]],[[[121.075129,40.810987],[121.079517,40.8092],[121.080577,40.800319],[121.07795,40.802429],[121.075129,40.810987]]]]}},{"type":"Feature","properties":{"id":"cn:210726","name":"黑山县","level":2},"geometry":{"type":"Polygon","coordinates":[[[121.826302,41.818503],[121.827786,41.826732],[121.838447,41.83388],[121.843654,41.843195],[121.889841,41.843549],[121.911094,41.856333],[121.902197,41.859498],[121.903284,41.862113],[121.921965,41.860109],[121.92507,41.862872],[121.919555,41.863704],[121.919365,41.866846],[121.924295,41.865354],[121.923498,41.868406],[121.927837,41.872587],[121.936501,41.870944],[121.938076,41.874102],[121.955548,41.876553],[121.953479,41.878486],[121.957164,41.886812],[121.950435,41.889322],[121.952507,41.893744],[121.957044,41.891768],[121.957297,41.888392],[121.963033,41.892753],[121.967018,41.890347],[121.975881,41.900351],[121.980683,41.899036],[121.987227,41.904452],[121.992062,41.909447],[121.988162,41.90875],[121.991023,41.911462],[121.985781,41.917493],[121.991081,41.926459],[121.999201,41.928375],[122.013694,41.922646],[122.013942,41.925578],[122.028828,41.928339],[122.036567,41.933008],[122.033661,41.935241],[122.036998,41.943247],[122.056697,41.95867],[122.057471,41.966895],[122.060346,41.96868],[122.063332,41.963013],[122.081056,41.967373],[122.092417,41.978694],[122.08932,41.984065],[122.104188,41.990171],[122.108608,41.997127],[122.112912,41.999365],[122.11821,41.998291],[122.11914,41.994669],[122.125273,41.996617],[122.132856,42.007846],[122.1303,42.011985],[122.132443,42.015855],[122.148827,42.015608],[122.140329,42.022656],[122.146461,42.030112],[122.169522,42.024896],[122.180785,42.026473],[122.17888,42.029628],[122.186905,42.031532],[122.195447,42.030663],[122.201824,42.041836],[122.209842,42.039983],[122.205001,42.043576],[122.207233,42.047854],[122.222651,42.044805],[122.230988,42.049977],[122.230486,42.05306],[122.239453,42.053559],[122.288246,42.077786],[122.307482,42.081267],[122.361154,42.106011],[122.420373,42.126634],[122.424097,42.122747],[122.443518,42.120006],[122.433098,42.117747],[122.434839,42.113249],[122.442513,42.112017],[122.442105,42.108129],[122.430024,42.102445],[122.422532,42.090116],[122.436884,42.093008],[122.445462,42.08807],[122.443065,42.084589],[122.430601,42.081775],[122.430256,42.074568],[122.447631,42.070118],[122.441841,42.0611],[122.453511,42.053185],[122.454376,42.040807],[122.465112,42.03883],[122.471928,42.040984],[122.472175,42.036287],[122.463364,42.027864],[122.476289,42.021367],[122.491934,41.996999],[122.489586,41.985433],[122.495995,41.969665],[122.495519,41.955344],[122.502539,41.937006],[122.500839,41.934065],[122.514368,41.933147],[122.510486,41.924327],[122.515766,41.914725],[122.512694,41.908865],[122.518217,41.903031],[122.515901,41.897802],[122.503723,41.902337],[122.468475,41.903856],[122.43785,41.89883],[122.438344,41.888266],[122.447841,41.880483],[122.454082,41.868183],[122.452276,41.854468],[122.456139,41.844587],[122.453776,41.840648],[122.488748,41.826696],[122.492263,41.822339],[122.499698,41.82552],[122.500044,41.820625],[122.505514,41.819471],[122.502964,41.815765],[122.508312,41.818386],[122.506162,41.814536],[122.512728,41.814513],[122.512226,41.810586],[122.534886,41.798529],[122.539685,41.789911],[122.5375,41.787666],[122.547783,41.784768],[122.549334,41.790393],[122.555814,41.787063],[122.557009,41.778969],[122.552572,41.772822],[122.556598,41.769011],[122.589019,41.770661],[122.595262,41.764513],[122.569436,41.747329],[122.565354,41.738561],[122.570341,41.729433],[122.567086,41.726364],[122.569621,41.714685],[122.567426,41.710427],[122.550827,41.705995],[122.544343,41.696968],[122.542806,41.686174],[122.545506,41.676825],[122.527773,41.667796],[122.521423,41.674097],[122.512236,41.674782],[122.510601,41.655945],[122.521345,41.652891],[122.520748,41.649514],[122.513213,41.645851],[122.514641,41.640293],[122.510359,41.633155],[122.511022,41.627957],[122.502774,41.625407],[122.49513,41.627499],[122.493087,41.618694],[122.495577,41.617823],[122.48551,41.611845],[122.481742,41.60304],[122.483506,41.596944],[122.479081,41.595312],[122.482626,41.589971],[122.487143,41.58901],[122.484354,41.586809],[122.486383,41.585009],[122.48048,41.579336],[122.474291,41.580948],[122.471338,41.578359],[122.483403,41.566304],[122.478986,41.561715],[122.447346,41.547011],[122.362625,41.543054],[122.324688,41.523203],[122.29296,41.51234],[122.278577,41.513689],[122.210261,41.483148],[122.188855,41.457963],[122.183407,41.460055],[122.191467,41.470207],[122.188357,41.471157],[122.199801,41.487951],[122.202033,41.49634],[122.155841,41.520809],[122.123394,41.533763],[122.076693,41.561068],[122.066463,41.563294],[122.054124,41.554487],[122.05,41.556891],[122.048553,41.551189],[122.041632,41.552558],[122.042708,41.556383],[122.037188,41.561228],[122.037947,41.568308],[122.033477,41.561533],[122.029317,41.562019],[122.028592,41.567325],[122.018079,41.574442],[122.021636,41.581621],[122.027602,41.584056],[122.029158,41.591815],[122.040469,41.600317],[122.043256,41.609896],[122.039206,41.61663],[122.033246,41.647479],[122.022413,41.661679],[122.011684,41.670139],[121.993021,41.670494],[121.971588,41.679614],[121.973316,41.685547],[121.988064,41.69582],[121.966797,41.718923],[121.961214,41.733883],[121.953422,41.734173],[121.949571,41.740823],[121.941384,41.742349],[121.939349,41.748729],[121.932744,41.753674],[121.917691,41.757625],[121.89139,41.78974],[121.885001,41.786856],[121.876265,41.789749],[121.861136,41.784654],[121.829818,41.784739],[121.857335,41.811077],[121.835582,41.811462],[121.826302,41.818503]]]}},{"type":"Feature","properties":{"id":"cn:210727","name":"义县","level":2},"geometry":{"type":"Polygon","coordinates":[[[120.870819,41.433251],[120.874023,41.436796],[120.871282,41.439639],[120.874167,41.46048],[120.872368,41.474583],[120.888381,41.473769],[120.887199,41.470438],[120.892731,41.469576],[120.899797,41.479231],[120.891509,41.484599],[120.895412,41.490735],[120.896042,41.510728],[120.900831,41.521463],[120.908723,41.525981],[120.919187,41.522903],[120.920968,41.529144],[120.929547,41.52844],[120.938245,41.537599],[120.952069,41.539304],[120.952224,41.546392],[120.976392,41.564596],[120.970002,41.572053],[120.97367,41.573547],[120.968431,41.58159],[120.970692,41.597329],[120.978765,41.598345],[120.983514,41.594419],[120.987207,41.597492],[120.991765,41.593893],[120.999608,41.602452],[121.008031,41.604134],[121.011435,41.600361],[121.01426,41.603359],[121.009026,41.606293],[121.02038,41.60531],[121.025675,41.608653],[121.025114,41.604957],[121.031806,41.60969],[121.037343,41.609198],[121.042819,41.61385],[121.041034,41.619906],[121.042704,41.614866],[121.044904,41.613854],[121.044733,41.617334],[121.045212,41.614151],[121.048571,41.611351],[121.051631,41.613846],[121.050012,41.616389],[121.046396,41.61469],[121.044378,41.62173],[121.050421,41.623894],[121.056591,41.618643],[121.056596,41.624326],[121.06173,41.627242],[121.06652,41.621646],[121.06128,41.615989],[121.065435,41.616045],[121.069691,41.611489],[121.071724,41.61526],[121.087772,41.613631],[121.099622,41.621859],[121.108293,41.617575],[121.113519,41.627479],[121.119505,41.630024],[121.117286,41.637819],[121.141402,41.646955],[121.141227,41.65626],[121.138312,41.659099],[121.150018,41.668463],[121.161458,41.664675],[121.168278,41.671551],[121.171787,41.668745],[121.172163,41.662171],[121.18861,41.675781],[121.196439,41.67139],[121.204984,41.675732],[121.218968,41.675852],[121.221425,41.68624],[121.212366,41.687779],[121.218015,41.697388],[121.222413,41.697227],[121.224363,41.700771],[121.220839,41.705405],[121.228061,41.719024],[121.223419,41.724512],[121.21667,41.725395],[121.210381,41.73799],[121.221989,41.751251],[121.217777,41.754923],[121.221218,41.761029],[121.23705,41.766125],[121.241503,41.764748],[121.244354,41.769474],[121.254482,41.769858],[121.255758,41.772274],[121.250737,41.778282],[121.258143,41.792327],[121.302361,41.773507],[121.30633,41.768714],[121.324648,41.770302],[121.33711,41.766417],[121.338044,41.746365],[121.327069,41.739508],[121.33592,41.729739],[121.360868,41.723216],[121.397327,41.73579],[121.429974,41.73098],[121.446762,41.717218],[121.45245,41.705199],[121.451908,41.693653],[121.455961,41.694612],[121.462084,41.690669],[121.470176,41.693272],[121.468608,41.699174],[121.47197,41.70963],[121.47979,41.716619],[121.48771,41.719429],[121.500774,41.715073],[121.509608,41.718207],[121.509843,41.728213],[121.501109,41.739904],[121.507158,41.746902],[121.507453,41.761697],[121.514444,41.760894],[121.517493,41.766807],[121.532461,41.771186],[121.529675,41.773748],[121.532737,41.780685],[121.53998,41.783246],[121.599597,41.785241],[121.623759,41.781974],[121.631763,41.772003],[121.649583,41.774228],[121.66605,41.771441],[121.669748,41.772071],[121.691623,41.796706],[121.701892,41.80181],[121.71698,41.793537],[121.716588,41.772583],[121.731165,41.763828],[121.731478,41.756266],[121.739898,41.75469],[121.739309,41.747107],[121.723647,41.74189],[121.697917,41.712231],[121.699332,41.698221],[121.69158,41.674497],[121.693637,41.650838],[121.691458,41.639406],[121.683108,41.626011],[121.669314,41.614761],[121.608229,41.596919],[121.593525,41.584987],[121.573958,41.585516],[121.579974,41.559965],[121.572986,41.528881],[121.586806,41.509406],[121.606068,41.499249],[121.607092,41.470791],[121.600347,41.458967],[121.591658,41.453828],[121.581372,41.434948],[121.576962,41.433103],[121.577309,41.42879],[121.562057,41.418012],[121.552691,41.399115],[121.526216,41.389649],[121.533351,41.34918],[121.507682,41.34635],[121.478819,41.349523],[121.430059,41.343215],[121.421817,41.347344],[121.423304,41.350596],[121.406328,41.350087],[121.376953,41.344987],[121.360921,41.337174],[121.324826,41.343616],[121.313533,41.342387],[121.247136,41.316628],[121.239479,41.309908],[121.241292,41.301938],[121.230762,41.303773],[121.232878,41.296504],[121.230705,41.294029],[121.22405,41.288615],[121.213301,41.285828],[121.203395,41.293249],[121.199808,41.301893],[121.167164,41.310791],[121.17177,41.316482],[121.14513,41.330925],[121.128203,41.337309],[121.118911,41.335417],[121.113483,41.33775],[121.078655,41.326849],[121.040125,41.31007],[121.035767,41.304137],[121.025129,41.29995],[121.024073,41.290068],[121.016954,41.28922],[121.013016,41.285409],[121.014817,41.28257],[121.00271,41.282856],[121.003823,41.285555],[120.999687,41.286645],[120.995582,41.296736],[120.982838,41.300343],[120.969123,41.299336],[120.943646,41.287661],[120.93111,41.287503],[120.925608,41.280996],[120.926815,41.283721],[120.924886,41.281192],[120.91716,41.290898],[120.90853,41.289246],[120.881723,41.302672],[120.882213,41.309137],[120.89087,41.318891],[120.886911,41.338326],[120.879329,41.334906],[120.873269,41.337624],[120.886979,41.348783],[120.896006,41.383972],[120.892814,41.392591],[120.887183,41.396003],[120.880549,41.389432],[120.876457,41.391252],[120.876653,41.401062],[120.883742,41.412921],[120.881397,41.421234],[120.870819,41.433251]]]}},{"type":"Feature","properties":{"id":"cn:210781","name":"凌海市","level":2},"geometry":{"type":"Polygon","coordinates":[[[121.642579,40.936134],[121.623604,40.906532],[121.608499,40.904567],[121.587588,40.892059],[121.570704,40.873781],[121.562223,40.857626],[121.529578,40.830798],[121.470653,40.852234],[121.467553,40.857145],[121.476429,40.880244],[121.434743,40.879817],[121.433522,40.828237],[121.337378,40.839658],[121.327019,40.910133],[121.329751,40.917605],[121.32123,40.929088],[121.328079,40.931667],[121.33561,40.946683],[121.341003,40.950558],[121.338349,40.953866],[121.346142,40.956182],[121.364207,40.979726],[121.36652,40.987103],[121.363704,40.994937],[121.375337,40.99556],[121.377317,40.988321],[121.396526,40.990377],[121.396182,41.000538],[121.386681,41.000518],[121.385629,41.01414],[121.389831,41.018472],[121.385114,41.018346],[121.38006,41.042603],[121.36155,41.044048],[121.361289,41.060002],[121.304571,41.055276],[121.303285,41.060451],[121.282215,41.060737],[121.273314,41.057308],[121.27356,41.044125],[121.260568,41.044198],[121.259023,41.040429],[121.250265,41.04826],[121.250422,41.05444],[121.246603,41.056476],[121.235097,41.054597],[121.225004,41.048155],[121.216022,41.054224],[121.215893,41.064603],[121.231359,41.066428],[121.240118,41.078328],[121.229296,41.089129],[121.229196,41.105589],[121.218119,41.112845],[121.233492,41.118515],[121.239451,41.124934],[121.250196,41.127154],[121.249535,41.131563],[121.253433,41.13693],[121.249647,41.14168],[121.250599,41.147137],[121.255285,41.152275],[121.250705,41.159864],[121.251114,41.165089],[121.262231,41.166121],[121.262721,41.170324],[121.245023,41.16883],[121.236172,41.174067],[121.220478,41.192613],[121.219913,41.208212],[121.208203,41.215238],[121.16987,41.213629],[121.145209,41.19763],[121.137604,41.182582],[121.129939,41.179232],[121.114237,41.180882],[121.099295,41.190935],[121.083152,41.194892],[121.042926,41.188907],[121.034567,41.181428],[121.014593,41.15247],[121.010912,41.154544],[121.002133,41.147689],[120.997902,41.136339],[120.964416,41.135282],[120.961589,41.133439],[120.960401,41.123105],[120.946961,41.122386],[120.956026,41.118939],[120.952535,41.115079],[120.94771,41.117527],[120.941795,41.113422],[120.936953,41.114481],[120.932456,41.122225],[120.925455,41.115818],[120.916639,41.120631],[120.90136,41.120392],[120.892586,41.127584],[120.905639,41.133909],[120.906916,41.136671],[120.902574,41.143932],[120.890934,41.142495],[120.890878,41.147867],[120.877606,41.148984],[120.87091,41.154284],[120.854796,41.143208],[120.852658,41.138582],[120.845787,41.138984],[120.838483,41.130756],[120.829234,41.129727],[120.820234,41.138953],[120.800608,41.145507],[120.798488,41.148947],[120.800242,41.156217],[120.783116,41.159923],[120.778922,41.168344],[120.790464,41.182029],[120.779908,41.200547],[120.760105,41.190928],[120.758404,41.193785],[120.76411,41.201359],[120.758433,41.208092],[120.747268,41.211031],[120.737319,41.21934],[120.731005,41.216199],[120.711463,41.219783],[120.715441,41.226336],[120.725336,41.229002],[120.733044,41.238263],[120.764446,41.246829],[120.758622,41.259547],[120.750586,41.259561],[120.747864,41.266156],[120.739446,41.265702],[120.740958,41.268248],[120.737588,41.26857],[120.737939,41.27121],[120.73333,41.268662],[120.727994,41.272815],[120.731731,41.286358],[120.743117,41.28948],[120.74377,41.295876],[120.750086,41.299491],[120.74232,41.317195],[120.7512,41.334989],[120.747162,41.340686],[120.751565,41.345719],[120.753101,41.355072],[120.764647,41.356052],[120.769309,41.365995],[120.763022,41.367476],[120.76491,41.374497],[120.77805,41.380193],[120.785676,41.393892],[120.796295,41.393885],[120.801623,41.399621],[120.809792,41.402289],[120.809716,41.408782],[120.799839,41.417558],[120.806112,41.423894],[120.813676,41.420356],[120.817179,41.40754],[120.829993,41.39596],[120.838113,41.402967],[120.836813,41.416293],[120.840642,41.420047],[120.847862,41.420943],[120.855779,41.41337],[120.865623,41.419364],[120.872759,41.416236],[120.879971,41.422072],[120.883742,41.412921],[120.876653,41.401062],[120.876457,41.391252],[120.880549,41.389432],[120.887183,41.396003],[120.892814,41.392591],[120.896006,41.383972],[120.886979,41.348783],[120.873269,41.337624],[120.879329,41.334906],[120.886911,41.338326],[120.89087,41.318891],[120.882213,41.309137],[120.881723,41.302672],[120.90853,41.289246],[120.91716,41.290898],[120.924886,41.281192],[120.93111,41.287503],[120.943646,41.287661],[120.969123,41.299336],[120.982838,41.300343],[120.995582,41.296736],[120.999687,41.286645],[121.003823,41.285555],[121.00271,41.282856],[121.014817,41.28257],[121.013016,41.285409],[121.016954,41.28922],[121.024073,41.290068],[121.025129,41.29995],[121.035767,41.304137],[121.042247,41.311123],[121.104409,41.335286],[121.128203,41.337309],[121.17177,41.316482],[121.167164,41.310791],[121.199808,41.301893],[121.203395,41.293249],[121.213301,41.285828],[121.222231,41.289511],[121.229672,41.284219],[121.232114,41.288397],[121.240517,41.288598],[121.237358,41.286709],[121.241169,41.28571],[121.238854,41.282772],[121.233186,41.282991],[121.231231,41.279964],[121.23229,41.276155],[121.238027,41.275343],[121.236757,41.268546],[121.255806,41.263072],[121.263161,41.26916],[121.265083,41.280642],[121.258991,41.28726],[121.259616,41.297082],[121.250595,41.298059],[121.251154,41.302436],[121.241488,41.302443],[121.239452,41.305955],[121.239479,41.309908],[121.247136,41.316628],[121.313533,41.342387],[121.324826,41.343616],[121.360921,41.337174],[121.376953,41.344987],[121.406328,41.350087],[121.423304,41.350596],[121.421817,41.347344],[121.430059,41.343215],[121.478819,41.349523],[121.507682,41.34635],[121.533351,41.34918],[121.526216,41.389649],[121.528107,41.391914],[121.552691,41.399115],[121.556675,41.410751],[121.577309,41.42879],[121.576962,41.433103],[121.608472,41.420774],[121.610721,41.414668],[121.625262,41.408569],[121.622144,41.394451],[121.639677,41.383918],[121.639969,41.374015],[121.635385,41.371943],[121.63551,41.366183],[121.637896,41.360271],[121.641638,41.360275],[121.641512,41.35549],[121.646966,41.352956],[121.646123,41.345081],[121.650141,41.343878],[121.654507,41.347006],[121.67459,41.344474],[121.676909,41.347448],[121.678862,41.344754],[121.680845,41.350307],[121.690196,41.346419],[121.701546,41.347956],[121.716927,41.342656],[121.729862,41.330873],[121.711711,41.314436],[121.696172,41.313777],[121.657483,41.291481],[121.64718,41.291458],[121.595652,41.255776],[121.575061,41.247843],[121.571667,41.230768],[121.575642,41.214132],[121.586095,41.207552],[121.597484,41.209792],[121.615227,41.204953],[121.615773,41.199037],[121.610392,41.180209],[121.597127,41.178946],[121.562465,41.144175],[121.561545,41.13273],[121.579922,41.106306],[121.594697,41.103095],[121.677081,41.098184],[121.690066,41.10305],[121.711514,41.101743],[121.716662,41.102986],[121.716881,41.10621],[121.73719,41.105321],[121.733823,41.11269],[121.758188,41.098269],[121.75409,41.096816],[121.753205,41.086754],[121.743229,41.087409],[121.742163,41.083966],[121.709068,41.08543],[121.709158,41.089621],[121.702012,41.089585],[121.702101,41.092441],[121.699635,41.092812],[121.698663,41.089022],[121.692866,41.089219],[121.686159,41.091466],[121.686766,41.094794],[121.680499,41.095127],[121.675468,41.092842],[121.67392,41.087949],[121.667291,41.08847],[121.668809,41.082632],[121.674866,41.082998],[121.661622,41.058054],[121.642042,41.060783],[121.645988,41.052454],[121.657533,41.048735],[121.656029,41.032661],[121.660647,41.030174],[121.671025,41.006047],[121.670453,40.996885],[121.66159,40.98396],[121.656902,40.968217],[121.658272,40.957618],[121.644064,40.949038],[121.642579,40.936134]],[[121.589704,40.954234],[121.581871,40.952445],[121.58264,40.948992],[121.591711,40.94917],[121.589901,40.95428],[121.593561,40.954983],[121.589859,40.965985],[121.586202,40.964208],[121.589704,40.954234]],[[121.498745,41.005423],[121.479984,41.005026],[121.484856,40.99796],[121.495899,40.998234],[121.4989,40.994802],[121.498745,41.005423]],[[121.268082,41.258168],[121.255004,41.262432],[121.256304,41.255044],[121.271447,41.250863],[121.268082,41.258168]],[[121.228849,41.269355],[121.219662,41.270977],[121.222211,41.275561],[121.205863,41.281394],[121.194375,41.271259],[121.182063,41.267505],[121.190062,41.25579],[121.207847,41.25033],[121.217214,41.259177],[121.225691,41.259063],[121.228849,41.269355]]]}},{"type":"Feature","properties":{"id":"cn:210782","name":"北镇市","level":2},"geometry":{"type":"Polygon","coordinates":[[[121.572483,41.532791],[121.579974,41.559965],[121.573958,41.585516],[121.593525,41.584987],[121.613811,41.599358],[121.669314,41.614761],[121.683108,41.626011],[121.691458,41.639406],[121.693637,41.650838],[121.69158,41.674497],[121.699332,41.698221],[121.697917,41.712231],[121.723647,41.74189],[121.739309,41.747107],[121.740457,41.751802],[121.73952,41.755059],[121.731478,41.756266],[121.731165,41.763828],[121.716588,41.772583],[121.71698,41.793537],[121.748872,41.793924],[121.7731,41.804063],[121.792578,41.799601],[121.817118,41.780604],[121.829818,41.784739],[121.861136,41.784654],[121.876265,41.789749],[121.885001,41.786856],[121.89139,41.78974],[121.917691,41.757625],[121.932744,41.753674],[121.939349,41.748729],[121.941384,41.742349],[121.949571,41.740823],[121.953422,41.734173],[121.961214,41.733883],[121.966797,41.718923],[121.988064,41.69582],[121.973316,41.685547],[121.971588,41.679614],[121.993021,41.670494],[122.011684,41.670139],[122.033246,41.647479],[122.039206,41.61663],[122.043256,41.609896],[122.040469,41.600317],[122.029158,41.591815],[122.027602,41.584056],[122.021636,41.581621],[122.018002,41.573973],[122.028592,41.567325],[122.029317,41.562019],[122.033477,41.561533],[122.037947,41.568308],[122.037188,41.561228],[122.042708,41.556383],[122.041632,41.552558],[122.048553,41.551189],[122.05,41.556891],[122.054124,41.554487],[122.066463,41.563294],[122.076693,41.561068],[122.123394,41.533763],[122.155841,41.520809],[122.202033,41.49634],[122.199801,41.487951],[122.188357,41.471157],[122.191467,41.470207],[122.183407,41.460055],[122.188855,41.457963],[122.1797,41.446333],[122.172172,41.449709],[122.16384,41.440883],[122.161432,41.442923],[122.152706,41.434895],[122.131759,41.426444],[122.137818,41.420322],[122.113479,41.411348],[122.103656,41.402594],[122.088962,41.397514],[122.085725,41.389889],[122.080729,41.391565],[122.071533,41.384201],[122.063206,41.385265],[122.031285,41.368525],[122.020947,41.368954],[122.014948,41.380308],[122.005321,41.383932],[121.969913,41.381854],[121.951102,41.384271],[121.945504,41.379062],[121.941084,41.367642],[121.919996,41.36434],[121.905743,41.353877],[121.896626,41.352728],[121.900425,41.348866],[121.895871,41.340989],[121.898343,41.335123],[121.879545,41.320656],[121.863898,41.328278],[121.86257,41.339027],[121.840489,41.350746],[121.798318,41.347],[121.7985,41.333995],[121.780311,41.334831],[121.779969,41.338617],[121.773617,41.338228],[121.773233,41.342524],[121.769269,41.342691],[121.769485,41.330476],[121.760235,41.32921],[121.741642,41.334993],[121.729862,41.330873],[121.716927,41.342656],[121.701546,41.347956],[121.690196,41.346419],[121.680845,41.350307],[121.678862,41.344754],[121.676909,41.347448],[121.67459,41.344474],[121.654507,41.347006],[121.650141,41.343878],[121.646123,41.345081],[121.646966,41.352956],[121.641512,41.35549],[121.641638,41.360275],[121.637896,41.360271],[121.63551,41.366183],[121.635385,41.371943],[121.639969,41.374015],[121.639677,41.383918],[121.622144,41.394451],[121.625532,41.401612],[121.6237,41.410854],[121.610721,41.414668],[121.608472,41.420774],[121.576962,41.433103],[121.581372,41.434948],[121.591658,41.453828],[121.600347,41.458967],[121.606077,41.467365],[121.607952,41.490274],[121.603707,41.502265],[121.586806,41.509406],[121.572483,41.532791]]]}},{"type":"Feature","properties":{"id":"cn:2108","name":"营口市","level":1},"geometry":{"type":"Polygon","coordinates":[[[121.930896,40.236623],[121.935275,40.241002],[122.021637,40.243552],[122.034515,40.258749],[122.030651,40.298413],[122.034644,40.320693],[122.074485,40.331498],[122.083398,40.329507],[122.095209,40.314207],[122.105322,40.314206],[122.132518,40.337314],[122.105684,40.347335],[122.100532,40.355577],[122.105683,40.36691],[122.118305,40.374637],[122.130152,40.373349],[122.146895,40.356093],[122.158228,40.35738],[122.17341,40.364128],[122.173411,40.367495],[122.162029,40.377754],[122.166357,40.386731],[122.171166,40.387373],[122.186556,40.38064],[122.193454,40.380892],[122.19461,40.383742],[122.193673,40.391415],[122.182764,40.41249],[122.181826,40.421379],[122.185733,40.427706],[122.193805,40.430263],[122.22397,40.42259],[122.245837,40.444339],[122.24475,40.451337],[122.235292,40.459513],[122.216047,40.459762],[122.218294,40.484671],[122.235682,40.487789],[122.225864,40.503618],[122.228067,40.509029],[122.241293,40.514038],[122.240491,40.518247],[122.145203,40.586851],[122.128677,40.612627],[122.127675,40.619439],[122.148302,40.657203],[122.147494,40.664742],[122.143015,40.670076],[122.148755,40.683833],[122.147024,40.70041],[122.153356,40.707979],[122.162882,40.709719],[122.182793,40.694298],[122.189246,40.700251],[122.200186,40.691443],[122.211779,40.691766],[122.213541,40.689032],[122.227134,40.686545],[122.229338,40.68125],[122.24014,40.681717],[122.264464,40.691881],[122.268029,40.695461],[122.267054,40.704349],[122.252292,40.709368],[122.19936,40.709496],[122.196396,40.711761],[122.204883,40.725476],[122.201072,40.738316],[122.178548,40.745285],[122.122828,40.777973],[122.103224,40.785679],[122.091752,40.794],[122.091449,40.798297],[122.129491,40.820083],[122.146175,40.838921],[122.181412,40.832322],[122.181788,40.839384],[122.173481,40.8482],[122.170192,40.857588],[122.172653,40.871576],[122.177141,40.875722],[122.18356,40.873766],[122.20381,40.85425],[122.211598,40.850922],[122.217242,40.851248],[122.223267,40.861886],[122.248327,40.868667],[122.261826,40.868551],[122.270341,40.862194],[122.299012,40.888053],[122.307582,40.906689],[122.317242,40.905319],[122.313883,40.894784],[122.327826,40.892338],[122.32996,40.90393],[122.33581,40.905481],[122.342197,40.912884],[122.35326,40.913325],[122.358253,40.907179],[122.372214,40.907288],[122.372236,40.917505],[122.376237,40.922459],[122.395944,40.921105],[122.406074,40.925918],[122.412031,40.922495],[122.420335,40.928823],[122.427875,40.928743],[122.433764,40.938461],[122.459734,40.933995],[122.483337,40.933905],[122.500915,40.927528],[122.49792,40.913609],[122.486583,40.895762],[122.487808,40.881114],[122.49722,40.877777],[122.497342,40.871213],[122.482407,40.858833],[122.478946,40.849805],[122.493639,40.845956],[122.51141,40.846437],[122.509306,40.838231],[122.518313,40.832547],[122.516404,40.825174],[122.536933,40.817132],[122.53289,40.799144],[122.536834,40.796123],[122.510898,40.764671],[122.526666,40.763901],[122.536712,40.759199],[122.54559,40.764282],[122.567976,40.756528],[122.574983,40.746922],[122.595795,40.750259],[122.634579,40.747234],[122.642842,40.742898],[122.646121,40.709096],[122.639936,40.701322],[122.618108,40.687809],[122.620123,40.682991],[122.616883,40.679928],[122.619328,40.66761],[122.628925,40.66467],[122.633663,40.657592],[122.647215,40.66688],[122.666464,40.668272],[122.664393,40.66113],[122.654688,40.656987],[122.649277,40.648986],[122.651982,40.643719],[122.650211,40.639565],[122.640149,40.635621],[122.649542,40.627265],[122.645808,40.615558],[122.638545,40.609712],[122.620729,40.606774],[122.642946,40.594931],[122.64643,40.58305],[122.654496,40.582222],[122.656446,40.58555],[122.654342,40.589999],[122.657829,40.59321],[122.674301,40.591162],[122.692264,40.599026],[122.720656,40.582226],[122.738182,40.583606],[122.765821,40.576007],[122.792366,40.577374],[122.802201,40.568854],[122.806268,40.556719],[122.813799,40.554166],[122.824116,40.535026],[122.84255,40.533655],[122.857743,40.526342],[122.874338,40.527434],[122.892247,40.537325],[122.923426,40.532346],[122.944606,40.514305],[122.968756,40.503998],[122.978982,40.48559],[122.993808,40.475542],[122.981135,40.462136],[122.987558,40.433746],[122.984789,40.426259],[122.974207,40.418755],[122.941004,40.4151],[122.933609,40.411176],[122.926842,40.395535],[122.929655,40.372754],[122.924695,40.357059],[122.928687,40.351203],[122.928267,40.344658],[122.910736,40.33032],[122.886226,40.318313],[122.886562,40.315121],[122.875645,40.304821],[122.877035,40.288603],[122.867763,40.268518],[122.868264,40.260824],[122.876405,40.249053],[122.874879,40.245859],[122.879809,40.234972],[122.886682,40.232641],[122.886544,40.225197],[122.891634,40.217512],[122.890853,40.206232],[122.884981,40.198462],[122.875974,40.193876],[122.873463,40.184249],[122.863263,40.180582],[122.864601,40.17767],[122.860129,40.174256],[122.853578,40.157958],[122.848801,40.153383],[122.843584,40.154233],[122.844474,40.142496],[122.850789,40.139583],[122.853148,40.133255],[122.848881,40.13102],[122.846007,40.123366],[122.830048,40.117983],[122.825374,40.121106],[122.819226,40.119405],[122.810387,40.110042],[122.808644,40.102107],[122.795395,40.101593],[122.792267,40.10529],[122.773867,40.11072],[122.761193,40.108194],[122.741633,40.09631],[122.728071,40.093401],[122.722329,40.084328],[122.710413,40.07761],[122.708952,40.069804],[122.704704,40.066157],[122.68938,40.069728],[122.653687,40.060946],[122.645573,40.064679],[122.623801,40.060738],[122.61255,40.062903],[122.601972,40.051468],[122.572787,40.054542],[122.564547,40.048683],[122.553828,40.057462],[122.546348,40.056103],[122.538754,40.061014],[122.533288,40.060456],[122.524837,40.043835],[122.530491,40.030957],[122.54604,40.023431],[122.546795,40.01928],[122.538742,40.011578],[122.532704,40.015502],[122.519884,40.012728],[122.514137,39.999254],[122.522337,39.993958],[122.538114,39.990977],[122.53446,39.970528],[122.551222,39.971837],[122.544565,39.953266],[122.555504,39.944708],[122.556136,39.941062],[122.546621,39.937918],[122.522274,39.939558],[122.506274,39.928451],[122.511059,39.920089],[122.508777,39.91913],[122.496415,39.925731],[122.491936,39.934518],[122.472239,39.938138],[122.413013,39.967129],[122.412479,39.970625],[122.398403,39.964495],[122.394895,39.970707],[122.36812,39.9648],[122.352473,39.968112],[122.338853,39.981055],[122.328915,39.983571],[122.299331,39.978068],[122.277403,39.965028],[122.264695,39.97776],[122.264431,39.982796],[122.254087,39.988201],[122.257137,40.002624],[122.244172,40.010893],[122.243674,40.01626],[122.237518,40.020828],[122.213565,39.998821],[122.193875,39.996839],[122.191502,40.004706],[122.175059,40.011338],[122.169762,40.025832],[122.152068,40.0343],[122.135059,40.029092],[122.121095,40.040124],[122.112818,40.042317],[122.096846,40.042024],[122.084715,40.037426],[122.076979,40.053638],[122.068062,40.054921],[122.063844,40.066248],[122.055642,40.062822],[122.042611,40.06683],[122.03899,40.061074],[122.015694,40.057],[122.00533,40.050512],[121.988315,40.05105],[121.977691,40.060573],[121.974827,40.075656],[121.981423,40.08059],[121.982804,40.086528],[121.970974,40.107592],[121.939795,40.119288],[121.955764,40.133628],[121.97533,40.122848],[121.985903,40.123846],[122.005512,40.14931],[122.00329,40.162617],[121.999081,40.170586],[121.978143,40.170712],[121.954077,40.191549],[121.945319,40.202883],[121.930896,40.236623]]]}},{"type":"Feature","properties":{"id":"cn:210802","name":"站前区","level":2},"geometry":{"type":"MultiPolygon","coordinates":[[[[122.196396,40.711761],[122.202845,40.718704],[122.204595,40.733414],[122.212523,40.739891],[122.214875,40.736224],[122.230057,40.736858],[122.229258,40.734268],[122.241027,40.73205],[122.234134,40.74372],[122.240932,40.737272],[122.245432,40.738654],[122.276813,40.72319],[122.300836,40.723544],[122.292425,40.710863],[122.286259,40.709398],[122.289248,40.708606],[122.288736,40.702514],[122.29356,40.701403],[122.294013,40.694545],[122.28834,40.695999],[122.285115,40.688674],[122.271276,40.678793],[122.279073,40.673703],[122.278158,40.670652],[122.292052,40.67077],[122.289564,40.665257],[122.2836,40.665234],[122.284801,40.66895],[122.274147,40.67147],[122.271441,40.673522],[122.267983,40.671184],[122.270388,40.667893],[122.263981,40.665954],[122.268236,40.665062],[122.265105,40.663566],[122.266434,40.659877],[122.259541,40.661918],[122.259544,40.658971],[122.254793,40.657486],[122.257312,40.653391],[122.243722,40.649035],[122.243794,40.64585],[122.233787,40.646545],[122.234373,40.643331],[122.224115,40.643222],[122.227242,40.64529],[122.226894,40.664575],[122.222399,40.666452],[122.229338,40.68125],[122.24014,40.681717],[122.264464,40.691881],[122.268029,40.695461],[122.267054,40.704349],[122.260579,40.708644],[122.203123,40.708337],[122.196396,40.711761]]],[[[122.327374,40.834757],[122.336258,40.848643],[122.331091,40.870044],[122.33666,40.880069],[122.348323,40.881989],[122.348439,40.87914],[122.374527,40.878807],[122.374571,40.873105],[122.384149,40.873288],[122.386526,40.876483],[122.383821,40.877031],[122.383645,40.888168],[122.372307,40.888482],[122.372285,40.91551],[122.406254,40.915757],[122.40815,40.892618],[122.404484,40.85724],[122.397252,40.830718],[122.389662,40.81957],[122.378593,40.809512],[122.377353,40.816251],[122.37235,40.81638],[122.372245,40.825161],[122.356851,40.825183],[122.354145,40.821393],[122.359902,40.81942],[122.359969,40.81633],[122.336362,40.816405],[122.339578,40.8346],[122.327374,40.834757]]],[[[122.299012,40.888053],[122.302201,40.892951],[122.309619,40.89139],[122.306945,40.886874],[122.304227,40.88975],[122.299012,40.888053]]],[[[122.345745,40.794319],[122.345938,40.807098],[122.360018,40.807083],[122.36002,40.79858],[122.345745,40.794319]]]]}},{"type":"Feature","properties":{"id":"cn:210803","name":"西市区","level":2},"geometry":{"type":"Polygon","coordinates":[[[122.127675,40.619439],[122.148302,40.657203],[122.147494,40.664742],[122.143015,40.670076],[122.148755,40.683833],[122.147024,40.70041],[122.153356,40.707979],[122.15981,40.709993],[122.167138,40.708193],[122.182793,40.694298],[122.189246,40.700251],[122.200186,40.691443],[122.211779,40.691766],[122.213541,40.689032],[122.227134,40.686545],[122.229338,40.68125],[122.222158,40.66452],[122.226894,40.664575],[122.227242,40.64529],[122.224115,40.643222],[122.234373,40.643331],[122.233787,40.646545],[122.238619,40.647687],[122.243794,40.64585],[122.243799,40.634141],[122.25954,40.627049],[122.271023,40.648995],[122.281054,40.657526],[122.286968,40.656593],[122.263501,40.625309],[122.289996,40.613236],[122.283826,40.604974],[122.301394,40.583717],[122.321519,40.609993],[122.340699,40.601556],[122.35492,40.620349],[122.348582,40.623419],[122.360484,40.639151],[122.382939,40.629361],[122.324188,40.550896],[122.329118,40.550566],[122.334256,40.541822],[122.33357,40.538303],[122.327445,40.536269],[122.331216,40.515135],[122.331549,40.47348],[122.308754,40.452862],[122.303289,40.451235],[122.292438,40.452117],[122.288692,40.461629],[122.271969,40.473883],[122.273555,40.481376],[122.252514,40.485584],[122.23949,40.48358],[122.225864,40.503618],[122.228067,40.509029],[122.241293,40.514038],[122.240491,40.518247],[122.145203,40.586851],[122.128677,40.612627],[122.127675,40.619439]]]}},{"type":"Feature","properties":{"id":"cn:210804","name":"鲅鱼圈区","level":2},"geometry":{"type":"Polygon","coordinates":[[[122.01512,40.241517],[122.021637,40.243552],[122.034515,40.258749],[122.030651,40.298413],[122.034644,40.320693],[122.074485,40.331498],[122.083398,40.329507],[122.098221,40.313],[122.105322,40.314206],[122.132518,40.337314],[122.105684,40.347335],[122.100532,40.355577],[122.105683,40.36691],[122.118305,40.374637],[122.130152,40.373349],[122.146895,40.356093],[122.158228,40.35738],[122.17341,40.364128],[122.20404,40.355368],[122.204528,40.343604],[122.210928,40.33056],[122.222143,40.331047],[122.230159,40.31974],[122.244362,40.316144],[122.25387,40.304807],[122.270724,40.306849],[122.283341,40.315199],[122.293612,40.3095],[122.308546,40.312426],[122.312386,40.315961],[122.324516,40.311999],[122.348685,40.311664],[122.350818,40.308921],[122.340334,40.290939],[122.344326,40.282498],[122.344996,40.26921],[122.350757,40.260218],[122.330947,40.26412],[122.326589,40.272866],[122.306656,40.276219],[122.292332,40.27372],[122.276576,40.263023],[122.260666,40.258207],[122.257588,40.257689],[122.251859,40.263906],[122.24625,40.258908],[122.238449,40.258908],[122.225313,40.253331],[122.210318,40.241079],[122.208856,40.238519],[122.214981,40.232941],[122.203973,40.221853],[122.211546,40.219519],[122.214365,40.22211],[122.221991,40.213924],[122.236133,40.211242],[122.246159,40.199143],[122.235187,40.194083],[122.230349,40.201188],[122.210663,40.198283],[122.21573,40.18823],[122.211433,40.18262],[122.192367,40.190152],[122.183345,40.18814],[122.182616,40.175327],[122.176291,40.174627],[122.176292,40.169218],[122.179943,40.162235],[122.192205,40.158093],[122.17237,40.154482],[122.164783,40.149191],[122.160437,40.149215],[122.154721,40.160003],[122.148675,40.163124],[122.126537,40.167981],[122.111868,40.163885],[122.098,40.170263],[122.086824,40.170751],[122.081635,40.176876],[122.080211,40.185009],[122.062774,40.186764],[122.059633,40.196459],[122.049564,40.208701],[122.01512,40.241517]]]}},{"type":"Feature","properties":{"id":"cn:210811","name":"老边区","level":2},"geometry":{"type":"Polygon","coordinates":[[[122.243799,40.634141],[122.243722,40.649035],[122.257312,40.653391],[122.254793,40.657486],[122.259544,40.658971],[122.259541,40.661918],[122.266434,40.659877],[122.265105,40.663566],[122.268236,40.665062],[122.264051,40.665068],[122.263981,40.665954],[122.270388,40.667893],[122.267983,40.671184],[122.271441,40.673522],[122.274147,40.67147],[122.284801,40.66895],[122.2836,40.665234],[122.292036,40.668262],[122.292052,40.67077],[122.284966,40.672278],[122.28491,40.669116],[122.278158,40.670652],[122.279073,40.673703],[122.271276,40.678793],[122.285115,40.688674],[122.28834,40.695999],[122.294013,40.694545],[122.29356,40.701403],[122.288736,40.702514],[122.287592,40.706085],[122.289892,40.706806],[122.286412,40.710015],[122.292425,40.710863],[122.300836,40.723544],[122.310512,40.72495],[122.313512,40.736208],[122.318302,40.735118],[122.334715,40.742798],[122.341902,40.739509],[122.349624,40.743212],[122.353851,40.741993],[122.348788,40.736506],[122.353932,40.733482],[122.355227,40.725483],[122.352281,40.725483],[122.350828,40.721382],[122.361636,40.71667],[122.361127,40.710053],[122.36895,40.708683],[122.377083,40.718223],[122.385813,40.717545],[122.384141,40.713051],[122.393474,40.705422],[122.397098,40.707861],[122.404977,40.704225],[122.402193,40.69727],[122.410489,40.694328],[122.413901,40.698088],[122.433419,40.695444],[122.433539,40.689244],[122.439119,40.685196],[122.439872,40.678117],[122.435156,40.666264],[122.441253,40.660069],[122.439732,40.657688],[122.434471,40.660561],[122.427855,40.654796],[122.44121,40.651105],[122.438685,40.644785],[122.44604,40.642862],[122.446526,40.645664],[122.453705,40.645613],[122.454847,40.638873],[122.451206,40.637493],[122.451273,40.62581],[122.445285,40.620693],[122.441355,40.622621],[122.439569,40.619469],[122.443706,40.616165],[122.43133,40.603422],[122.435665,40.602875],[122.433982,40.595794],[122.437914,40.591907],[122.433086,40.590676],[122.432775,40.585699],[122.438628,40.582763],[122.433426,40.578877],[122.444247,40.579104],[122.432052,40.567895],[122.43428,40.565234],[122.428509,40.564726],[122.412418,40.549709],[122.394888,40.524552],[122.39981,40.523464],[122.402618,40.518604],[122.39834,40.518176],[122.39786,40.515278],[122.378438,40.51781],[122.372734,40.515746],[122.359425,40.498306],[122.331549,40.47348],[122.331216,40.515135],[122.327445,40.536269],[122.33357,40.538303],[122.334256,40.541822],[122.329118,40.550566],[122.324188,40.550896],[122.382939,40.629361],[122.360484,40.639151],[122.348582,40.623419],[122.35492,40.620349],[122.340699,40.601556],[122.321519,40.609993],[122.301394,40.583717],[122.283826,40.604974],[122.289996,40.613236],[122.263501,40.625309],[122.286968,40.656593],[122.281054,40.657526],[122.271023,40.648995],[122.25954,40.627049],[122.243799,40.634141]]]}},{"type":"Feature","properties":{"id":"cn:210881","name":"盖州市","level":2},"geometry":{"type":"Polygon","coordinates":[[[121.930896,40.236623],[121.935275,40.241002],[122.01512,40.241517],[122.049564,40.208701],[122.059633,40.196459],[122.062774,40.186764],[122.080211,40.185009],[122.081635,40.176876],[122.086824,40.170751],[122.098,40.170263],[122.111868,40.163885],[122.126537,40.167981],[122.148675,40.163124],[122.154721,40.160003],[122.160437,40.149215],[122.164783,40.149191],[122.17237,40.154482],[122.192205,40.158093],[122.179943,40.162235],[122.176292,40.169218],[122.176291,40.174627],[122.182616,40.175327],[122.183345,40.18814],[122.192367,40.190152],[122.211433,40.18262],[122.21573,40.18823],[122.210663,40.198283],[122.230349,40.201188],[122.235187,40.194083],[122.246159,40.199143],[122.236133,40.211242],[122.221991,40.213924],[122.214365,40.22211],[122.211546,40.219519],[122.203973,40.221853],[122.214981,40.232941],[122.209099,40.23986],[122.225313,40.253331],[122.238449,40.258908],[122.24625,40.258908],[122.251859,40.263906],[122.257588,40.257689],[122.260666,40.258207],[122.276576,40.263023],[122.292332,40.27372],[122.310131,40.276584],[122.326589,40.272866],[122.330947,40.26412],[122.335213,40.262169],[122.350757,40.260218],[122.344996,40.26921],[122.344326,40.282498],[122.340395,40.287526],[122.341675,40.294353],[122.350878,40.305569],[122.348685,40.311664],[122.324516,40.311999],[122.312386,40.315961],[122.308546,40.312426],[122.293612,40.3095],[122.283341,40.315199],[122.270724,40.306849],[122.25387,40.304807],[122.244362,40.316144],[122.230159,40.31974],[122.222143,40.331047],[122.210928,40.33056],[122.204528,40.343604],[122.20404,40.355368],[122.17341,40.364128],[122.173411,40.367495],[122.162831,40.37519],[122.16251,40.38096],[122.166357,40.386731],[122.171166,40.387373],[122.186556,40.38064],[122.193454,40.380892],[122.193673,40.391415],[122.182764,40.41249],[122.181826,40.421379],[122.185733,40.427706],[122.193805,40.430263],[122.22397,40.42259],[122.245837,40.444339],[122.24475,40.451337],[122.235292,40.459513],[122.216047,40.459762],[122.216887,40.479652],[122.220231,40.486106],[122.235682,40.487789],[122.23949,40.48358],[122.252514,40.485584],[122.273555,40.481376],[122.271969,40.473883],[122.288692,40.461629],[122.292438,40.452117],[122.306526,40.451705],[122.359425,40.498306],[122.372734,40.515746],[122.378438,40.51781],[122.39786,40.515278],[122.39834,40.518176],[122.402618,40.518604],[122.39981,40.523464],[122.394888,40.524552],[122.412418,40.549709],[122.431287,40.565042],[122.432844,40.56056],[122.442208,40.555954],[122.441789,40.54592],[122.445199,40.543374],[122.445428,40.537474],[122.439685,40.536973],[122.433536,40.525585],[122.419854,40.526455],[122.418857,40.522686],[122.41192,40.522967],[122.408603,40.514922],[122.425803,40.512819],[122.430276,40.515632],[122.431169,40.510045],[122.451782,40.505681],[122.45014,40.500998],[122.47133,40.500019],[122.472766,40.490245],[122.48022,40.487776],[122.482629,40.482188],[122.48909,40.479248],[122.509501,40.484057],[122.536202,40.496952],[122.594631,40.491631],[122.611715,40.483181],[122.623225,40.45743],[122.631976,40.451249],[122.656498,40.455221],[122.670322,40.462967],[122.680375,40.453252],[122.685461,40.452688],[122.68532,40.448678],[122.710546,40.44307],[122.715876,40.43662],[122.725258,40.445347],[122.733489,40.442815],[122.745713,40.451352],[122.752228,40.451393],[122.755422,40.447229],[122.737693,40.42858],[122.738956,40.414503],[122.745792,40.414119],[122.75843,40.401473],[122.76361,40.402571],[122.772516,40.396171],[122.774339,40.382479],[122.781071,40.376668],[122.794292,40.375061],[122.810595,40.366732],[122.819008,40.35398],[122.810769,40.334923],[122.816078,40.331215],[122.835092,40.336733],[122.842035,40.333145],[122.861311,40.33148],[122.870619,40.321347],[122.886744,40.317917],[122.875645,40.304821],[122.876972,40.2883],[122.867763,40.268518],[122.86959,40.257359],[122.876405,40.249053],[122.874879,40.245859],[122.879809,40.234972],[122.886682,40.232641],[122.886544,40.225197],[122.891736,40.214656],[122.890698,40.205815],[122.884981,40.198462],[122.875974,40.193876],[122.873555,40.184349],[122.863263,40.180582],[122.864601,40.17767],[122.860129,40.174256],[122.853578,40.157958],[122.848801,40.153383],[122.843584,40.154233],[122.844474,40.142496],[122.850789,40.139583],[122.853148,40.133255],[122.848881,40.13102],[122.8464,40.123838],[122.830048,40.117983],[122.825374,40.121106],[122.819226,40.119405],[122.810387,40.110042],[122.808644,40.102107],[122.795395,40.101593],[122.792267,40.10529],[122.773867,40.11072],[122.761754,40.108402],[122.741633,40.09631],[122.728071,40.093401],[122.722329,40.084328],[122.710413,40.07761],[122.708952,40.069804],[122.704704,40.066157],[122.68938,40.069728],[122.653687,40.060946],[122.645573,40.064679],[122.623801,40.060738],[122.61255,40.062903],[122.601972,40.051468],[122.572787,40.054542],[122.564547,40.048683],[122.553828,40.057462],[122.546348,40.056103],[122.538754,40.061014],[122.532373,40.059777],[122.524837,40.043835],[122.530491,40.030957],[122.54604,40.023431],[122.546795,40.01928],[122.538742,40.011578],[122.532704,40.015502],[122.519884,40.012728],[122.514137,39.999254],[122.522337,39.993958],[122.538114,39.990977],[122.53446,39.970528],[122.551222,39.971837],[122.544565,39.953266],[122.555504,39.944708],[122.556136,39.941062],[122.546621,39.937918],[122.522274,39.939558],[122.506274,39.928451],[122.511059,39.920089],[122.508028,39.919075],[122.496415,39.925731],[122.491936,39.934518],[122.472239,39.938138],[122.413013,39.967129],[122.412479,39.970625],[122.398403,39.964495],[122.394895,39.970707],[122.36812,39.9648],[122.352473,39.968112],[122.338853,39.981055],[122.328915,39.983571],[122.299331,39.978068],[122.277403,39.965028],[122.264695,39.97776],[122.264431,39.982796],[122.254087,39.988201],[122.257137,40.002624],[122.244172,40.010893],[122.243674,40.01626],[122.237518,40.020828],[122.213565,39.998821],[122.193875,39.996839],[122.191502,40.004706],[122.175059,40.011338],[122.169762,40.025832],[122.152068,40.0343],[122.135059,40.029092],[122.121095,40.040124],[122.112818,40.042317],[122.096846,40.042024],[122.084715,40.037426],[122.076979,40.053638],[122.068062,40.054921],[122.063844,40.066248],[122.055642,40.062822],[122.042611,40.06683],[122.03899,40.061074],[122.015694,40.057],[122.00533,40.050512],[121.988315,40.05105],[121.977691,40.060573],[121.974827,40.075656],[121.981423,40.08059],[121.982804,40.086528],[121.970974,40.107592],[121.939795,40.119288],[121.955764,40.133628],[121.97533,40.122848],[121.985903,40.123846],[122.005512,40.14931],[122.00329,40.162617],[121.999081,40.170586],[121.978143,40.170712],[121.954077,40.191549],[121.945319,40.202883],[121.930896,40.236623]]]}},{"type":"Feature","properties":{"id":"cn:210882","name":"大石桥市","level":2},"geometry":{"type":"Polygon","coordinates":[[[122.091449,40.798297],[122.129491,40.820083],[122.146175,40.838921],[122.181412,40.832322],[122.181788,40.839384],[122.173481,40.8482],[122.170192,40.857588],[122.172653,40.871576],[122.177141,40.875722],[122.18356,40.873766],[122.20381,40.85425],[122.211598,40.850922],[122.217242,40.851248],[122.223267,40.861886],[122.248327,40.868667],[122.261826,40.868551],[122.270341,40.862194],[122.301552,40.889926],[122.306945,40.886874],[122.309041,40.889099],[122.309619,40.89139],[122.302201,40.892951],[122.304234,40.903634],[122.307582,40.906689],[122.317242,40.905319],[122.313883,40.894784],[122.327826,40.892338],[122.32996,40.90393],[122.33581,40.905481],[122.340876,40.912248],[122.349608,40.914202],[122.355799,40.911792],[122.358253,40.907179],[122.372214,40.907288],[122.372307,40.888482],[122.383645,40.888168],[122.383821,40.877031],[122.386554,40.875215],[122.374571,40.873105],[122.374527,40.878807],[122.348439,40.87914],[122.348323,40.881989],[122.33666,40.880069],[122.331091,40.870044],[122.336258,40.848643],[122.327374,40.834757],[122.339578,40.8346],[122.336362,40.816405],[122.359969,40.81633],[122.359902,40.81942],[122.354145,40.821393],[122.356851,40.825183],[122.372245,40.825161],[122.37235,40.81638],[122.377353,40.816251],[122.378593,40.809512],[122.393224,40.82437],[122.400893,40.840088],[122.40815,40.892618],[122.406254,40.915757],[122.372285,40.91551],[122.375016,40.92128],[122.395944,40.921105],[122.406074,40.925918],[122.412031,40.922495],[122.420335,40.928823],[122.427875,40.928743],[122.433764,40.938461],[122.499509,40.929855],[122.49792,40.913609],[122.487296,40.898267],[122.486393,40.891179],[122.487808,40.881114],[122.49722,40.877777],[122.497342,40.871213],[122.482407,40.858833],[122.478946,40.849805],[122.493639,40.845956],[122.51141,40.846437],[122.509306,40.838231],[122.518313,40.832547],[122.516404,40.825174],[122.536933,40.817132],[122.53289,40.799144],[122.536834,40.796123],[122.510898,40.764671],[122.526666,40.763901],[122.536712,40.759199],[122.54559,40.764282],[122.567976,40.756528],[122.574983,40.746922],[122.595795,40.750259],[122.634579,40.747234],[122.640552,40.745706],[122.644753,40.738267],[122.646121,40.709096],[122.639936,40.701322],[122.618108,40.687809],[122.620147,40.683237],[122.616883,40.679928],[122.618095,40.670239],[122.631032,40.663056],[122.629834,40.660348],[122.63189,40.661495],[122.633663,40.657592],[122.642143,40.665044],[122.657254,40.669475],[122.665866,40.669529],[122.666615,40.664632],[122.653087,40.654978],[122.648572,40.647511],[122.651982,40.643719],[122.64817,40.637254],[122.640149,40.635621],[122.649542,40.627265],[122.645808,40.615558],[122.638545,40.609712],[122.620729,40.606774],[122.642946,40.594931],[122.646731,40.582964],[122.654496,40.582222],[122.656446,40.58555],[122.654342,40.589999],[122.657829,40.59321],[122.674301,40.591162],[122.692264,40.599026],[122.720656,40.582226],[122.738182,40.583606],[122.765821,40.576007],[122.792366,40.577374],[122.802201,40.568854],[122.806268,40.556719],[122.813799,40.554166],[122.824116,40.535026],[122.84255,40.533655],[122.857743,40.526342],[122.874338,40.527434],[122.892247,40.537325],[122.923426,40.532346],[122.944606,40.514305],[122.968756,40.503998],[122.978982,40.48559],[122.993808,40.475542],[122.981135,40.462136],[122.987558,40.433746],[122.984789,40.426259],[122.974207,40.418755],[122.941004,40.4151],[122.933609,40.411176],[122.926842,40.395535],[122.929655,40.372754],[122.924695,40.357059],[122.928856,40.346077],[122.910243,40.330033],[122.886226,40.318313],[122.870619,40.321347],[122.861311,40.33148],[122.842035,40.333145],[122.836093,40.336657],[122.815412,40.3314],[122.81054,40.337501],[122.818992,40.355563],[122.810595,40.366732],[122.794292,40.375061],[122.781071,40.376668],[122.774339,40.382479],[122.772516,40.396171],[122.76361,40.402571],[122.75843,40.401473],[122.745792,40.414119],[122.738956,40.414503],[122.737693,40.42858],[122.755422,40.447229],[122.752228,40.451393],[122.745713,40.451352],[122.733489,40.442815],[122.725258,40.445347],[122.715876,40.43662],[122.710546,40.44307],[122.68532,40.448678],[122.685461,40.452688],[122.680375,40.453252],[122.670322,40.462967],[122.656498,40.455221],[122.631976,40.451249],[122.623225,40.45743],[122.611715,40.483181],[122.594631,40.491631],[122.536202,40.496952],[122.509501,40.484057],[122.48909,40.479248],[122.482629,40.482188],[122.48022,40.487776],[122.472766,40.490245],[122.47133,40.500019],[122.45014,40.500998],[122.451782,40.505681],[122.431169,40.510045],[122.430276,40.515632],[122.425803,40.512819],[122.408603,40.514922],[122.41192,40.522967],[122.418857,40.522686],[122.419854,40.526455],[122.433536,40.525585],[122.439685,40.536973],[122.445428,40.537474],[122.445199,40.543374],[122.441789,40.54592],[122.442208,40.555954],[122.432844,40.56056],[122.431413,40.564368],[122.444247,40.579104],[122.433426,40.578877],[122.438628,40.582763],[122.432775,40.585699],[122.433086,40.590676],[122.437914,40.591907],[122.433982,40.595794],[122.435665,40.602875],[122.43133,40.603422],[122.443706,40.616165],[122.439569,40.619469],[122.441355,40.622621],[122.445285,40.620693],[122.451273,40.62581],[122.449257,40.630172],[122.451297,40.6378],[122.454844,40.639225],[122.453705,40.645613],[122.446526,40.645664],[122.44604,40.642862],[122.438685,40.644785],[122.44121,40.651105],[122.427855,40.654796],[122.434471,40.660561],[122.439732,40.657688],[122.441253,40.660069],[122.435156,40.666264],[122.439872,40.678117],[122.432681,40.696087],[122.413901,40.698088],[122.410489,40.694328],[122.402193,40.69727],[122.404977,40.704225],[122.397098,40.707861],[122.393474,40.705422],[122.384141,40.713051],[122.385813,40.717545],[122.377083,40.718223],[122.36895,40.708683],[122.361127,40.710053],[122.361636,40.71667],[122.350828,40.721382],[122.352281,40.725483],[122.355227,40.725483],[122.353932,40.733482],[122.348788,40.736506],[122.353851,40.741993],[122.349624,40.743212],[122.341902,40.739509],[122.334715,40.742798],[122.318302,40.735118],[122.313512,40.736208],[122.310512,40.72495],[122.292192,40.722643],[122.276813,40.72319],[122.245432,40.738654],[122.240932,40.737272],[122.234134,40.74372],[122.241027,40.73205],[122.229258,40.734268],[122.230057,40.736858],[122.214875,40.736224],[122.212878,40.740002],[122.204595,40.733414],[122.201072,40.738316],[122.178548,40.745285],[122.094269,40.791686],[122.091449,40.798297]],[[122.345938,40.807098],[122.347249,40.79281],[122.36002,40.79858],[122.360018,40.807083],[122.345938,40.807098]]]}},{"type":"Feature","properties":{"id":"cn:2109","name":"阜新市","level":1},"geometry":{"type":"Polygon","coordinates":[[[121.021866,42.241172],[121.033177,42.246012],[121.02599,42.251337],[121.042318,42.257778],[121.063464,42.25043],[121.082145,42.276484],[121.097439,42.280937],[121.100633,42.276922],[121.115685,42.278559],[121.116475,42.283867],[121.125721,42.291688],[121.127812,42.297956],[121.134054,42.300511],[121.133645,42.296927],[121.139835,42.296722],[121.14296,42.299088],[121.143577,42.304535],[121.147561,42.307626],[121.144618,42.312235],[121.177743,42.329562],[121.182291,42.339796],[121.180121,42.347938],[121.208472,42.359636],[121.213125,42.369692],[121.248186,42.374018],[121.250616,42.375264],[121.245295,42.377947],[121.247126,42.380781],[121.25829,42.377153],[121.278247,42.385108],[121.293386,42.396705],[121.301129,42.411202],[121.300711,42.420403],[121.308915,42.425781],[121.300894,42.42914],[121.298793,42.433364],[121.306337,42.438386],[121.336007,42.447473],[121.342777,42.452618],[121.343958,42.457799],[121.347283,42.457787],[121.348689,42.453351],[121.357153,42.458498],[121.366484,42.452231],[121.379262,42.449691],[121.380062,42.471743],[121.409714,42.47434],[121.409939,42.483815],[121.417283,42.483034],[121.427977,42.473077],[121.434565,42.47276],[121.459504,42.478907],[121.47309,42.494084],[121.490798,42.490542],[121.498222,42.480363],[121.506057,42.484519],[121.507921,42.489822],[121.518313,42.485965],[121.522479,42.481012],[121.546953,42.488545],[121.563663,42.484683],[121.573072,42.490073],[121.571389,42.495108],[121.585617,42.500365],[121.585207,42.507083],[121.591883,42.507413],[121.592439,42.511172],[121.601467,42.514388],[121.605191,42.507179],[121.596606,42.500009],[121.598412,42.493807],[121.622605,42.474045],[121.632629,42.478312],[121.64079,42.452331],[121.643533,42.45256],[121.651276,42.440972],[121.660772,42.435199],[121.670824,42.438108],[121.685078,42.435295],[121.705886,42.441566],[121.734289,42.472695],[121.74163,42.486301],[121.755234,42.484292],[121.763455,42.490299],[121.777249,42.492673],[121.797569,42.512717],[121.80145,42.507287],[121.797847,42.498012],[121.802517,42.497192],[121.812214,42.502062],[121.817066,42.521558],[121.826172,42.53158],[121.834315,42.530512],[121.839097,42.520347],[121.847829,42.524527],[121.850877,42.537357],[121.858359,42.533134],[121.857865,42.527752],[121.86494,42.526241],[121.862673,42.535269],[121.864956,42.546372],[121.884852,42.554801],[121.900087,42.568663],[121.89934,42.577687],[121.901875,42.580547],[121.893039,42.586025],[121.890009,42.591619],[121.898351,42.591945],[121.90487,42.583524],[121.912223,42.586624],[121.906206,42.599119],[121.916024,42.60421],[121.904722,42.610738],[121.896832,42.6198],[121.913924,42.626633],[121.897717,42.628064],[121.8977,42.634913],[121.902908,42.637066],[121.90941,42.632396],[121.914462,42.633942],[121.91139,42.643915],[121.915096,42.650074],[121.910885,42.655199],[121.922396,42.664822],[121.935322,42.66158],[121.936475,42.66609],[121.930734,42.68251],[121.935027,42.686424],[121.955867,42.685153],[121.955026,42.695035],[121.959557,42.698416],[121.971142,42.697117],[121.976814,42.688121],[121.983507,42.693194],[121.986866,42.702609],[122.016398,42.697122],[122.021241,42.70437],[122.041952,42.708327],[122.044714,42.710538],[122.044497,42.716875],[122.058307,42.721046],[122.067483,42.717344],[122.06711,42.708251],[122.084375,42.712396],[122.091415,42.700139],[122.103585,42.699505],[122.115921,42.693659],[122.126484,42.694961],[122.127648,42.687061],[122.148203,42.683329],[122.150764,42.686558],[122.156068,42.682448],[122.15862,42.687864],[122.1673,42.684366],[122.188924,42.689266],[122.191684,42.686754],[122.190694,42.676754],[122.198707,42.68194],[122.201007,42.704552],[122.20428,42.709627],[122.19948,42.73036],[122.221441,42.725343],[122.235947,42.710547],[122.252032,42.701993],[122.254063,42.694458],[122.297692,42.689974],[122.302335,42.688173],[122.30632,42.67983],[122.318281,42.682648],[122.328559,42.678034],[122.332256,42.667895],[122.353507,42.677874],[122.354982,42.68105],[122.390312,42.681784],[122.392899,42.684236],[122.390477,42.703494],[122.394037,42.709618],[122.428431,42.726438],[122.434941,42.743739],[122.454404,42.75232],[122.455072,42.76077],[122.45028,42.772476],[122.432164,42.767645],[122.365808,42.774127],[122.355755,42.786281],[122.350356,42.810013],[122.344375,42.819163],[122.346701,42.829132],[122.355113,42.833928],[122.42495,42.840857],[122.499439,42.834398],[122.517016,42.828825],[122.557537,42.824069],[122.570506,42.818079],[122.564308,42.805554],[122.575359,42.787923],[122.612616,42.776456],[122.619821,42.771135],[122.648102,42.780167],[122.695551,42.779968],[122.726522,42.784408],[122.732747,42.76857],[122.751523,42.765832],[122.76023,42.756973],[122.768815,42.757286],[122.773866,42.753843],[122.780429,42.755406],[122.79319,42.736518],[122.800273,42.739109],[122.812478,42.734213],[122.813624,42.729382],[122.825751,42.720424],[122.835152,42.719825],[122.833181,42.711352],[122.830638,42.714335],[122.808946,42.717006],[122.795568,42.724079],[122.783558,42.716261],[122.778283,42.716604],[122.772545,42.70863],[122.76396,42.707646],[122.745395,42.695676],[122.745611,42.689572],[122.741847,42.686199],[122.750705,42.677497],[122.773681,42.67108],[122.77442,42.667659],[122.786296,42.660568],[122.788067,42.648183],[122.819436,42.650491],[122.837361,42.646719],[122.833224,42.642658],[122.837101,42.631257],[122.857505,42.61894],[122.868095,42.60651],[122.871701,42.608909],[122.873677,42.605608],[122.880584,42.609211],[122.887699,42.60694],[122.89768,42.611615],[122.921311,42.602347],[122.9234,42.599921],[122.917445,42.594747],[122.922254,42.587795],[122.961832,42.57083],[122.968867,42.5622],[122.961702,42.560006],[122.960612,42.555467],[122.945691,42.543859],[122.937908,42.545834],[122.916394,42.533485],[122.910507,42.526217],[122.912294,42.519161],[122.906486,42.517822],[122.903251,42.509822],[122.903614,42.498603],[122.894346,42.497392],[122.866126,42.502004],[122.828903,42.495859],[122.813738,42.488805],[122.820998,42.488004],[122.812956,42.478917],[122.819558,42.459021],[122.816224,42.454688],[122.821814,42.443667],[122.821165,42.436693],[122.815702,42.43333],[122.823337,42.435355],[122.827392,42.429488],[122.819413,42.42723],[122.821183,42.422711],[122.815077,42.422315],[122.812325,42.414636],[122.818289,42.41251],[122.828523,42.415863],[122.828332,42.411658],[122.82282,42.408159],[122.824501,42.40477],[122.828955,42.400046],[122.83921,42.397571],[122.843421,42.399054],[122.843908,42.402534],[122.853466,42.401948],[122.856877,42.404702],[122.860814,42.39297],[122.868253,42.387336],[122.876557,42.388296],[122.869904,42.372771],[122.874598,42.372013],[122.873356,42.368571],[122.877494,42.366416],[122.889913,42.36683],[122.897853,42.351233],[122.895607,42.347161],[122.852708,42.343902],[122.833446,42.3298],[122.820915,42.328303],[122.805272,42.317459],[122.799702,42.30985],[122.776369,42.296704],[122.729287,42.282359],[122.729356,42.278547],[122.675657,42.242539],[122.646035,42.230573],[122.639912,42.235602],[122.631065,42.235013],[122.630832,42.229405],[122.620817,42.232671],[122.614899,42.22806],[122.60414,42.228159],[122.609326,42.210736],[122.606507,42.209118],[122.532365,42.180138],[122.450305,42.142244],[122.433588,42.148437],[122.427083,42.141818],[122.430508,42.137353],[122.416759,42.137505],[122.420373,42.126634],[122.411415,42.121861],[122.361154,42.106011],[122.307482,42.081267],[122.288246,42.077786],[122.239453,42.053559],[122.230486,42.05306],[122.230988,42.049977],[122.222651,42.044805],[122.207233,42.047854],[122.205001,42.043576],[122.209842,42.039983],[122.201824,42.041836],[122.195447,42.030663],[122.186905,42.031532],[122.17888,42.029628],[122.180785,42.026473],[122.169522,42.024896],[122.146461,42.030112],[122.140329,42.022656],[122.148827,42.015608],[122.132443,42.015855],[122.1303,42.011985],[122.132856,42.007846],[122.125273,41.996617],[122.11914,41.994669],[122.11821,41.998291],[122.112912,41.999365],[122.108608,41.997127],[122.104188,41.990171],[122.08932,41.984065],[122.092417,41.978694],[122.081056,41.967373],[122.063332,41.963013],[122.060346,41.96868],[122.057471,41.966895],[122.056697,41.95867],[122.036998,41.943247],[122.033661,41.935241],[122.036567,41.933008],[122.028828,41.928339],[122.013942,41.925578],[122.013694,41.922646],[121.999201,41.928375],[121.991081,41.926459],[121.985781,41.917493],[121.991023,41.911462],[121.988162,41.90875],[121.992062,41.909447],[121.987227,41.904452],[121.980683,41.899036],[121.975881,41.900351],[121.967018,41.890347],[121.963033,41.892753],[121.957297,41.888392],[121.957044,41.891768],[121.952507,41.893744],[121.950435,41.889322],[121.957164,41.886812],[121.953479,41.878486],[121.955548,41.876553],[121.938076,41.874102],[121.936501,41.870944],[121.927837,41.872587],[121.923498,41.868406],[121.924295,41.865354],[121.919365,41.866846],[121.919555,41.863704],[121.92507,41.862872],[121.921965,41.860109],[121.903284,41.862113],[121.902197,41.859498],[121.911094,41.856333],[121.889841,41.843549],[121.843654,41.843195],[121.838447,41.83388],[121.827786,41.826732],[121.826302,41.818503],[121.835582,41.811462],[121.857335,41.811077],[121.829471,41.783373],[121.817118,41.780604],[121.792578,41.799601],[121.7731,41.804063],[121.748872,41.793924],[121.71698,41.793537],[121.698203,41.801415],[121.669748,41.772071],[121.66605,41.771441],[121.649583,41.774228],[121.631763,41.772003],[121.623759,41.781974],[121.599597,41.785241],[121.53998,41.783246],[121.532737,41.780685],[121.529675,41.773748],[121.532461,41.771186],[121.517493,41.766807],[121.514444,41.760894],[121.507453,41.761697],[121.507158,41.746902],[121.501109,41.739904],[121.509843,41.728213],[121.509608,41.718207],[121.500774,41.715073],[121.48771,41.719429],[121.47979,41.716619],[121.47197,41.70963],[121.468608,41.699174],[121.470176,41.693272],[121.467181,41.691184],[121.451908,41.693653],[121.45245,41.705199],[121.446762,41.717218],[121.423585,41.732903],[121.397327,41.73579],[121.360868,41.723216],[121.332891,41.731154],[121.327069,41.739508],[121.338044,41.746365],[121.33711,41.766417],[121.324648,41.770302],[121.30633,41.768714],[121.302361,41.773507],[121.258143,41.792327],[121.261413,41.799866],[121.267166,41.801386],[121.262767,41.808575],[121.263218,41.819441],[121.272544,41.825514],[121.272341,41.835337],[121.279848,41.833947],[121.277348,41.836339],[121.278222,41.843161],[121.285099,41.854047],[121.296331,41.863387],[121.292797,41.872166],[121.293272,41.881827],[121.286971,41.887643],[121.232952,41.901384],[121.207405,41.912696],[121.194184,41.953203],[121.186424,41.963845],[121.157474,41.975187],[121.144245,41.974649],[121.109879,41.96312],[121.099115,41.962552],[121.07494,41.970653],[121.068809,41.9764],[121.043626,41.97338],[121.035878,41.977834],[121.033681,41.985461],[121.044914,42.002799],[121.049176,42.016146],[121.038759,42.049193],[121.040409,42.056545],[121.061008,42.069219],[121.068827,42.099562],[121.078759,42.108863],[121.072222,42.134096],[121.066769,42.140788],[121.065766,42.151706],[121.049635,42.173003],[121.049305,42.185368],[121.045165,42.190113],[121.051858,42.205555],[121.050087,42.216845],[121.041658,42.227478],[121.021866,42.241172]]]}},{"type":"Feature","properties":{"id":"cn:210902","name":"海州区","level":2},"geometry":{"type":"Polygon","coordinates":[[[121.56639,41.917549],[121.571174,41.920358],[121.56826,41.922202],[121.569575,41.931617],[121.575999,41.936195],[121.584562,41.936255],[121.584254,41.939317],[121.576378,41.9438],[121.580256,41.947911],[121.587541,41.944916],[121.582684,41.955519],[121.583898,41.978101],[121.592235,41.973488],[121.599681,41.976078],[121.602433,41.986924],[121.623235,41.987167],[121.625906,41.995503],[121.619632,42.004898],[121.627079,42.014576],[121.641945,42.01168],[121.675308,42.023172],[121.681683,42.021955],[121.683344,42.01956],[121.677865,42.015703],[121.649315,42.000417],[121.654014,41.994606],[121.646703,41.988535],[121.654406,41.989841],[121.650163,41.98044],[121.663807,41.968036],[121.664394,41.951063],[121.666158,41.948517],[121.68287,41.949104],[121.712312,41.965947],[121.716945,41.951317],[121.704175,41.953276],[121.689635,41.942595],[121.684386,41.942209],[121.685461,41.938866],[121.681842,41.93927],[121.676564,41.929326],[121.675173,41.933004],[121.670263,41.933307],[121.668617,41.930431],[121.657361,41.929134],[121.659515,41.927306],[121.654529,41.927061],[121.65784,41.924387],[121.651472,41.921273],[121.644988,41.924442],[121.637303,41.9207],[121.631268,41.921773],[121.631831,41.917888],[121.621963,41.911511],[121.614343,41.914125],[121.61406,41.909887],[121.609949,41.912186],[121.60323,41.907783],[121.594561,41.908349],[121.59565,41.905703],[121.586937,41.907638],[121.588885,41.906348],[121.586685,41.90478],[121.581292,41.907767],[121.577364,41.90606],[121.573283,41.917164],[121.56639,41.917549]]]}},{"type":"Feature","properties":{"id":"cn:210903","name":"新邱区","level":2},"geometry":{"type":"Polygon","coordinates":[[[121.747571,42.081385],[121.763726,42.085672],[121.760479,42.092345],[121.751669,42.098727],[121.754082,42.100126],[121.748917,42.106797],[121.754003,42.105249],[121.753651,42.109666],[121.766661,42.112456],[121.772821,42.123791],[121.779002,42.123212],[121.781385,42.128057],[121.788018,42.129739],[121.796486,42.125035],[121.801683,42.127683],[121.811097,42.124158],[121.811769,42.108985],[121.840063,42.112041],[121.843624,42.109472],[121.841682,42.105408],[121.847157,42.105151],[121.848489,42.098754],[121.856831,42.097079],[121.854071,42.093367],[121.860337,42.09012],[121.863474,42.091375],[121.86599,42.091323],[121.863244,42.088335],[121.8694,42.08952],[121.872494,42.085943],[121.88296,42.084948],[121.877667,42.080232],[121.879563,42.07544],[121.875091,42.069242],[121.877161,42.065336],[121.872029,42.036596],[121.875014,42.029915],[121.872268,42.026332],[121.876813,42.01586],[121.883447,42.012469],[121.887274,42.001999],[121.881627,41.998761],[121.882281,41.988594],[121.872923,41.986152],[121.869804,41.982231],[121.856854,41.984849],[121.851014,41.982402],[121.852993,41.991935],[121.841158,41.99556],[121.819685,41.982058],[121.811859,41.983501],[121.807857,41.988053],[121.807245,41.999812],[121.802093,41.999813],[121.801895,42.005559],[121.795354,42.004569],[121.780888,42.015665],[121.786041,42.018043],[121.784654,42.021412],[121.789212,42.024781],[121.787824,42.031717],[121.767413,42.030528],[121.754726,42.042119],[121.751844,42.049021],[121.76798,42.055146],[121.764105,42.062104],[121.755223,42.063998],[121.7583,42.066252],[121.752663,42.070679],[121.75489,42.073623],[121.74838,42.076672],[121.747571,42.081385]]]}},{"type":"Feature","properties":{"id":"cn:210904","name":"太平区","level":2},"geometry":{"type":"Polygon","coordinates":[[[121.646703,41.988535],[121.654014,41.994606],[121.649315,42.000417],[121.680851,42.019045],[121.695708,42.023363],[121.703544,42.031702],[121.71133,42.032259],[121.712833,42.036841],[121.726971,42.043193],[121.732716,42.043364],[121.738117,42.037302],[121.754726,42.042119],[121.767413,42.030528],[121.787824,42.031717],[121.789212,42.024781],[121.784654,42.021412],[121.786041,42.018043],[121.780888,42.015665],[121.795354,42.004569],[121.801895,42.005559],[121.802093,41.999813],[121.807245,41.999812],[121.808037,41.995849],[121.807857,41.988053],[121.790491,41.980631],[121.783865,41.966534],[121.771726,41.960933],[121.76438,41.950276],[121.758589,41.947641],[121.749884,41.950096],[121.734727,41.943192],[121.729262,41.949107],[121.716945,41.951317],[121.712312,41.965947],[121.68287,41.949104],[121.666158,41.948517],[121.663807,41.968036],[121.650163,41.98044],[121.654406,41.989841],[121.646703,41.988535]]]}},{"type":"Feature","properties":{"id":"cn:210905","name":"清河门区","level":2},"geometry":{"type":"Polygon","coordinates":[[[121.327069,41.739508],[121.338044,41.746365],[121.33721,41.766251],[121.339961,41.76171],[121.347544,41.761502],[121.353383,41.767258],[121.359101,41.764611],[121.367281,41.768887],[121.37582,41.767739],[121.386759,41.774703],[121.385338,41.783201],[121.389044,41.779873],[121.40331,41.783205],[121.401485,41.7899],[121.408429,41.798792],[121.421756,41.800192],[121.423507,41.803237],[121.434461,41.797266],[121.433454,41.793908],[121.438346,41.792176],[121.438302,41.789366],[121.447549,41.789797],[121.450788,41.786177],[121.453793,41.790015],[121.455731,41.785076],[121.462128,41.786644],[121.46338,41.782863],[121.45602,41.779901],[121.459803,41.770004],[121.457801,41.768911],[121.46162,41.765823],[121.464701,41.767805],[121.465409,41.764729],[121.467833,41.766833],[121.469467,41.763871],[121.475959,41.763262],[121.476176,41.769401],[121.484126,41.765379],[121.485125,41.768877],[121.488913,41.767782],[121.49265,41.775511],[121.499838,41.77239],[121.499513,41.775254],[121.503929,41.777486],[121.51167,41.776761],[121.518571,41.770702],[121.532877,41.771562],[121.517493,41.766807],[121.514444,41.760894],[121.507453,41.761697],[121.507158,41.746902],[121.501109,41.739904],[121.509843,41.728213],[121.509608,41.718207],[121.500774,41.715073],[121.48771,41.719429],[121.47979,41.716619],[121.47197,41.70963],[121.468608,41.699174],[121.470176,41.693272],[121.467181,41.691184],[121.451908,41.693653],[121.45245,41.705199],[121.446762,41.717218],[121.429974,41.73098],[121.397327,41.73579],[121.36855,41.724258],[121.354445,41.723303],[121.332891,41.731154],[121.327069,41.739508]]]}},{"type":"Feature","properties":{"id":"cn:210911","name":"细河区","level":2},"geometry":{"type":"Polygon","coordinates":[[[121.52593,41.974248],[121.526429,41.982889],[121.527924,41.980341],[121.536,41.985081],[121.532714,41.988028],[121.535475,41.990978],[121.540947,41.98775],[121.544834,41.990065],[121.547801,41.984725],[121.548847,41.986874],[121.557886,41.984823],[121.55903,41.980894],[121.56626,41.983505],[121.566031,41.986195],[121.570533,41.983447],[121.58263,41.988436],[121.585355,41.991288],[121.582777,41.992598],[121.590906,41.991812],[121.589568,41.995602],[121.585448,41.995111],[121.584458,42.003336],[121.567311,42.013232],[121.578179,42.010298],[121.580104,42.012125],[121.577163,42.013783],[121.58333,42.017916],[121.582903,42.021378],[121.574116,42.027134],[121.578062,42.035201],[121.57397,42.038688],[121.580287,42.040488],[121.578484,42.043956],[121.574405,42.043205],[121.57789,42.050972],[121.58267,42.051323],[121.579536,42.052064],[121.587769,42.050875],[121.583961,42.053225],[121.590339,42.059971],[121.588971,42.073231],[121.58527,42.078486],[121.579278,42.074593],[121.574998,42.081094],[121.566121,42.075892],[121.559874,42.083015],[121.550025,42.08526],[121.548378,42.090429],[121.55493,42.089185],[121.550848,42.094615],[121.55725,42.099998],[121.550545,42.102996],[121.553405,42.106822],[121.565379,42.111485],[121.569479,42.109905],[121.578471,42.117654],[121.588214,42.116028],[121.588315,42.103055],[121.591415,42.101228],[121.590775,42.097119],[121.596507,42.093913],[121.593171,42.082346],[121.598933,42.085285],[121.60464,42.078632],[121.613925,42.07957],[121.609983,42.072078],[121.613593,42.074161],[121.611775,42.071611],[121.618005,42.068327],[121.625149,42.071498],[121.640444,42.071285],[121.645426,42.075054],[121.648748,42.068556],[121.652932,42.067518],[121.680156,42.076974],[121.691484,42.075085],[121.700878,42.064821],[121.697803,42.05275],[121.702083,42.039222],[121.699695,42.031389],[121.703544,42.031702],[121.70067,42.026845],[121.690137,42.021187],[121.683344,42.01956],[121.675308,42.023172],[121.641945,42.01168],[121.627079,42.014576],[121.619632,42.004898],[121.625906,41.995503],[121.623235,41.987167],[121.602433,41.986924],[121.599681,41.976078],[121.592235,41.973488],[121.586083,41.978182],[121.582117,41.976321],[121.583331,41.951473],[121.587541,41.944916],[121.580256,41.947911],[121.576378,41.9438],[121.569542,41.950279],[121.559339,41.952455],[121.552482,41.960802],[121.538262,41.964717],[121.52593,41.974248]]]}},{"type":"Feature","properties":{"id":"cn:210921","name":"阜新蒙古族自治县","level":2},"geometry":{"type":"Polygon","coordinates":[[[121.023437,42.240738],[121.024757,42.243798],[121.028638,42.241896],[121.033177,42.246012],[121.02599,42.251337],[121.042318,42.257778],[121.063464,42.25043],[121.082145,42.276484],[121.097439,42.280937],[121.100633,42.276922],[121.115685,42.278559],[121.116475,42.283867],[121.125721,42.291688],[121.127812,42.297956],[121.134054,42.300511],[121.133645,42.296927],[121.139835,42.296722],[121.14296,42.299088],[121.143577,42.304535],[121.147561,42.307626],[121.144618,42.312235],[121.177743,42.329562],[121.182291,42.339796],[121.180121,42.347938],[121.208472,42.359636],[121.213125,42.369692],[121.248186,42.374018],[121.250616,42.375264],[121.245295,42.377947],[121.247126,42.380781],[121.25829,42.377153],[121.278247,42.385108],[121.293386,42.396705],[121.301129,42.411202],[121.300711,42.420403],[121.308915,42.425781],[121.300894,42.42914],[121.298793,42.433364],[121.306337,42.438386],[121.336007,42.447473],[121.342777,42.452618],[121.343958,42.457799],[121.347283,42.457787],[121.348689,42.453351],[121.357153,42.458498],[121.366484,42.452231],[121.379262,42.449691],[121.380062,42.471743],[121.409714,42.47434],[121.409557,42.483685],[121.417283,42.483034],[121.423194,42.475547],[121.434565,42.47276],[121.459504,42.478907],[121.47309,42.494084],[121.490798,42.490542],[121.498222,42.480363],[121.506057,42.484519],[121.507921,42.489822],[121.518313,42.485965],[121.522479,42.481012],[121.546953,42.488545],[121.563663,42.484683],[121.573072,42.490073],[121.571389,42.495108],[121.585617,42.500365],[121.585207,42.507083],[121.591883,42.507413],[121.592439,42.511172],[121.601884,42.514319],[121.605191,42.507179],[121.596606,42.500009],[121.598412,42.493807],[121.622605,42.474045],[121.632629,42.478312],[121.64079,42.452331],[121.643533,42.45256],[121.651276,42.440972],[121.660772,42.435199],[121.668872,42.438086],[121.692135,42.436328],[121.705886,42.441566],[121.715563,42.450077],[121.741701,42.482396],[121.74163,42.486301],[121.755234,42.484292],[121.763455,42.490299],[121.777249,42.492673],[121.797569,42.512717],[121.80145,42.507287],[121.797847,42.498012],[121.802517,42.497192],[121.812214,42.502062],[121.817066,42.521558],[121.826172,42.53158],[121.834315,42.530512],[121.839097,42.520347],[121.847829,42.524527],[121.850877,42.537357],[121.858359,42.533134],[121.857865,42.527752],[121.86494,42.526241],[121.862673,42.535269],[121.864956,42.546372],[121.884852,42.554801],[121.900356,42.570352],[121.904002,42.570152],[121.933985,42.555169],[121.95474,42.533472],[121.98447,42.526723],[122.00257,42.517687],[122.020721,42.502695],[122.042847,42.492304],[122.057049,42.468811],[122.066624,42.442083],[122.072561,42.435941],[122.086138,42.441288],[122.087465,42.4326],[122.097075,42.431276],[122.108594,42.424935],[122.117552,42.427274],[122.120876,42.43576],[122.141006,42.435186],[122.156676,42.414661],[122.170685,42.405806],[122.165512,42.395707],[122.193394,42.392183],[122.193515,42.377535],[122.204358,42.377356],[122.217752,42.36483],[122.210669,42.361367],[122.2098,42.354262],[122.221875,42.352261],[122.233759,42.336519],[122.245486,42.338632],[122.248315,42.33292],[122.257005,42.327695],[122.305894,42.320572],[122.302135,42.312669],[122.31177,42.308143],[122.318073,42.296723],[122.318151,42.289392],[122.330217,42.289001],[122.330633,42.278234],[122.343975,42.273493],[122.346693,42.279926],[122.359383,42.276032],[122.36829,42.267474],[122.386188,42.267773],[122.393897,42.257495],[122.391206,42.24809],[122.395954,42.235737],[122.394773,42.23],[122.386563,42.224878],[122.380366,42.214573],[122.388885,42.212158],[122.391713,42.205394],[122.386418,42.202965],[122.393324,42.199624],[122.39399,42.195452],[122.402305,42.202311],[122.404942,42.200792],[122.404111,42.194383],[122.411714,42.191331],[122.403365,42.188407],[122.405785,42.186879],[122.401515,42.186008],[122.405653,42.18336],[122.39862,42.181272],[122.406212,42.176837],[122.403199,42.174759],[122.407784,42.169845],[122.404761,42.170357],[122.40381,42.167421],[122.405083,42.156605],[122.414366,42.152681],[122.426775,42.139416],[122.417228,42.138048],[122.420373,42.126634],[122.411415,42.121861],[122.361154,42.106011],[122.307482,42.081267],[122.288246,42.077786],[122.239453,42.053559],[122.230486,42.05306],[122.230988,42.049977],[122.222651,42.044805],[122.207233,42.047854],[122.205001,42.043576],[122.209842,42.039983],[122.201824,42.041836],[122.195447,42.030663],[122.186905,42.031532],[122.17888,42.029628],[122.180785,42.026473],[122.169522,42.024896],[122.146461,42.030112],[122.140329,42.022656],[122.148827,42.015608],[122.132443,42.015855],[122.1303,42.011985],[122.132856,42.007846],[122.125273,41.996617],[122.11914,41.994669],[122.11821,41.998291],[122.112912,41.999365],[122.108608,41.997127],[122.104188,41.990171],[122.08932,41.984065],[122.092417,41.978694],[122.081056,41.967373],[122.063332,41.963013],[122.060346,41.96868],[122.057471,41.966895],[122.056697,41.95867],[122.036998,41.943247],[122.033661,41.935241],[122.036567,41.933008],[122.028828,41.928339],[122.013942,41.925578],[122.013694,41.922646],[121.999201,41.928375],[121.991081,41.926459],[121.985781,41.917493],[121.991023,41.911462],[121.988162,41.90875],[121.992062,41.909447],[121.987227,41.904452],[121.980683,41.899036],[121.975881,41.900351],[121.967018,41.890347],[121.963033,41.892753],[121.957297,41.888392],[121.957044,41.891768],[121.952507,41.893744],[121.950435,41.889322],[121.957164,41.886812],[121.953479,41.878486],[121.955548,41.876553],[121.938076,41.874102],[121.936501,41.870944],[121.927837,41.872587],[121.923498,41.868406],[121.924295,41.865354],[121.919365,41.866846],[121.919555,41.863704],[121.92507,41.862872],[121.921965,41.860109],[121.903284,41.862113],[121.902197,41.859498],[121.911094,41.856333],[121.889841,41.843549],[121.843654,41.843195],[121.838447,41.83388],[121.827786,41.826732],[121.826302,41.818503],[121.835582,41.811462],[121.857335,41.811077],[121.825121,41.78161],[121.817118,41.780604],[121.801319,41.794635],[121.784384,41.802266],[121.7731,41.804063],[121.748872,41.793924],[121.726163,41.793386],[121.71698,41.793537],[121.701892,41.80181],[121.691623,41.796706],[121.669748,41.772071],[121.649583,41.774228],[121.631763,41.772003],[121.623759,41.781974],[121.599597,41.785241],[121.53998,41.783246],[121.532737,41.780685],[121.529675,41.773748],[121.532877,41.771562],[121.518571,41.770702],[121.51167,41.776761],[121.503929,41.777486],[121.499513,41.775254],[121.499838,41.77239],[121.49265,41.775511],[121.488913,41.767782],[121.485125,41.768877],[121.484126,41.765379],[121.476176,41.769401],[121.475633,41.763233],[121.457801,41.768911],[121.459803,41.770004],[121.45602,41.779901],[121.46338,41.782863],[121.462128,41.786644],[121.455731,41.785076],[121.453793,41.790015],[121.450788,41.786177],[121.447549,41.789797],[121.438302,41.789366],[121.438346,41.792176],[121.433454,41.793908],[121.434461,41.797266],[121.423507,41.803237],[121.421756,41.800192],[121.408429,41.798792],[121.401485,41.7899],[121.40331,41.783205],[121.389044,41.779873],[121.385338,41.783201],[121.387418,41.77579],[121.383397,41.771042],[121.374843,41.767338],[121.365879,41.768567],[121.359101,41.764611],[121.353383,41.767258],[121.347544,41.761502],[121.339961,41.76171],[121.339771,41.765239],[121.330721,41.769697],[121.30633,41.768714],[121.302361,41.773507],[121.258143,41.792327],[121.261413,41.799866],[121.267166,41.801386],[121.262767,41.808575],[121.263218,41.819441],[121.272544,41.825514],[121.272341,41.835337],[121.279848,41.833947],[121.277348,41.836339],[121.278222,41.843161],[121.285099,41.854047],[121.296331,41.863387],[121.292797,41.872166],[121.293272,41.881827],[121.286971,41.887643],[121.232952,41.901384],[121.207405,41.912696],[121.194184,41.953203],[121.186424,41.963845],[121.157474,41.975187],[121.144245,41.974649],[121.109879,41.96312],[121.099115,41.962552],[121.07494,41.970653],[121.068809,41.9764],[121.043626,41.97338],[121.035878,41.977834],[121.033681,41.985461],[121.044914,42.002799],[121.049176,42.016146],[121.038759,42.049193],[121.040409,42.056545],[121.061008,42.069219],[121.068827,42.099562],[121.078759,42.108863],[121.072222,42.134096],[121.066769,42.140788],[121.065766,42.151706],[121.049635,42.173003],[121.049305,42.185368],[121.045165,42.190113],[121.051858,42.205555],[121.050087,42.216845],[121.041658,42.227478],[121.027977,42.234536],[121.023437,42.240738]],[[121.850494,41.983108],[121.856854,41.984849],[121.869804,41.982231],[121.872923,41.986152],[121.881462,41.98807],[121.881627,41.998761],[121.887236,42.001705],[121.885273,42.009607],[121.878116,42.01383],[121.872268,42.026332],[121.875016,42.029787],[121.872029,42.036596],[121.877161,42.065336],[121.875091,42.069242],[121.879563,42.07544],[121.877667,42.080232],[121.883153,42.084731],[121.872494,42.085943],[121.8694,42.08952],[121.863244,42.088335],[121.86599,42.091323],[121.860337,42.09012],[121.854071,42.093367],[121.856831,42.097079],[121.848489,42.098754],[121.847157,42.105151],[121.841682,42.105408],[121.843624,42.109472],[121.840063,42.112041],[121.811769,42.108985],[121.811097,42.124158],[121.801683,42.127683],[121.796486,42.125035],[121.788018,42.129739],[121.781385,42.128057],[121.779002,42.123212],[121.772821,42.123791],[121.766661,42.112456],[121.753651,42.109666],[121.754003,42.105249],[121.748917,42.106797],[121.754082,42.100126],[121.751669,42.098727],[121.760479,42.092345],[121.763726,42.085672],[121.747718,42.082793],[121.74838,42.076672],[121.75489,42.073623],[121.752663,42.070679],[121.7583,42.066252],[121.755223,42.063998],[121.764105,42.062104],[121.767721,42.054522],[121.751844,42.049021],[121.75594,42.043745],[121.750265,42.039336],[121.738117,42.037302],[121.732716,42.043364],[121.725437,42.04304],[121.712833,42.036841],[121.710567,42.031963],[121.699695,42.031389],[121.702083,42.039222],[121.697803,42.05275],[121.700878,42.064821],[121.691484,42.075085],[121.672558,42.075995],[121.652932,42.067518],[121.648748,42.068556],[121.645426,42.075054],[121.640444,42.071285],[121.625149,42.071498],[121.618005,42.068327],[121.611775,42.071611],[121.613593,42.074161],[121.609983,42.072078],[121.613925,42.07957],[121.60464,42.078632],[121.598933,42.085285],[121.593171,42.082346],[121.596507,42.093913],[121.590775,42.097119],[121.591415,42.101228],[121.588315,42.103055],[121.588214,42.116028],[121.578471,42.117654],[121.569479,42.109905],[121.565379,42.111485],[121.551644,42.105928],[121.550545,42.102996],[121.55725,42.099998],[121.550848,42.094615],[121.55493,42.089185],[121.548378,42.090429],[121.550025,42.08526],[121.559874,42.083015],[121.566121,42.075892],[121.574998,42.081094],[121.579278,42.074593],[121.58527,42.078486],[121.588971,42.073231],[121.590339,42.059971],[121.583961,42.053225],[121.587769,42.050875],[121.579536,42.052064],[121.58267,42.051323],[121.57789,42.050972],[121.574405,42.043205],[121.578484,42.043956],[121.580287,42.040488],[121.57397,42.038688],[121.578062,42.035201],[121.574116,42.027134],[121.582903,42.021378],[121.58333,42.017916],[121.577163,42.013783],[121.580104,42.012125],[121.578179,42.010298],[121.567311,42.013232],[121.584458,42.003336],[121.585448,41.995111],[121.589568,41.995602],[121.590906,41.991812],[121.582777,41.992598],[121.585355,41.991288],[121.58263,41.988436],[121.570533,41.983447],[121.566031,41.986195],[121.56626,41.983505],[121.55903,41.980894],[121.557886,41.984823],[121.548847,41.986874],[121.547801,41.984725],[121.544834,41.990065],[121.540947,41.98775],[121.535475,41.990978],[121.532714,41.988028],[121.536,41.985081],[121.527924,41.980341],[121.526429,41.982889],[121.524412,41.979612],[121.52593,41.974248],[121.538262,41.964717],[121.552482,41.960802],[121.559339,41.952455],[121.569542,41.950279],[121.584254,41.939317],[121.583886,41.935711],[121.575999,41.936195],[121.569575,41.931617],[121.56826,41.922202],[121.571174,41.920358],[121.56639,41.917549],[121.573283,41.917164],[121.577364,41.90606],[121.581292,41.907767],[121.586685,41.90478],[121.588885,41.906348],[121.586937,41.907638],[121.59565,41.905703],[121.594561,41.908349],[121.60323,41.907783],[121.609949,41.912186],[121.61406,41.909887],[121.614343,41.914125],[121.621963,41.911511],[121.631831,41.917888],[121.631268,41.921773],[121.637303,41.9207],[121.644988,41.924442],[121.651472,41.921273],[121.65784,41.924387],[121.654529,41.927061],[121.659515,41.927306],[121.657361,41.929134],[121.668617,41.930431],[121.670263,41.933307],[121.675173,41.933004],[121.676564,41.929326],[121.681842,41.93927],[121.685461,41.938866],[121.684386,41.942209],[121.689635,41.942595],[121.705147,41.953627],[121.713654,41.950416],[121.721706,41.9518],[121.734727,41.943192],[121.749884,41.950096],[121.760765,41.948433],[121.771726,41.960933],[121.783865,41.966534],[121.788777,41.978926],[121.800148,41.986219],[121.807857,41.988053],[121.818515,41.981661],[121.841158,41.99556],[121.852993,41.991935],[121.850494,41.983108]]]}},{"type":"Feature","properties":{"id":"cn:210922","name":"彰武县","level":2},"geometry":{"type":"Polygon","coordinates":[[[121.889818,42.591137],[121.898351,42.591945],[121.90487,42.583524],[121.912223,42.586624],[121.906206,42.599119],[121.916024,42.60421],[121.904722,42.610738],[121.896832,42.6198],[121.913924,42.626633],[121.898629,42.6278],[121.896094,42.63095],[121.902144,42.637001],[121.90941,42.632396],[121.914879,42.634462],[121.911381,42.643446],[121.915096,42.650074],[121.910625,42.654679],[121.917787,42.661988],[121.923334,42.665039],[121.935322,42.66158],[121.936129,42.667448],[121.930115,42.680652],[121.93316,42.685829],[121.955867,42.685153],[121.955026,42.695035],[121.962832,42.698839],[121.972658,42.696026],[121.976814,42.688121],[121.983507,42.693194],[121.985078,42.701423],[121.989132,42.702943],[122.016398,42.697122],[122.021241,42.70437],[122.043413,42.709123],[122.043993,42.716411],[122.055364,42.721011],[122.067483,42.717344],[122.06711,42.708251],[122.084375,42.712396],[122.091415,42.700139],[122.103585,42.699505],[122.115921,42.693659],[122.126484,42.694961],[122.127648,42.687061],[122.148203,42.683329],[122.150764,42.686558],[122.156068,42.682448],[122.15862,42.687864],[122.1673,42.684366],[122.188924,42.689266],[122.191684,42.686754],[122.190694,42.676754],[122.198707,42.68194],[122.201007,42.704552],[122.20428,42.709627],[122.19948,42.73036],[122.221441,42.725343],[122.235947,42.710547],[122.252032,42.701993],[122.254063,42.694458],[122.297692,42.689974],[122.302335,42.688173],[122.30632,42.67983],[122.318281,42.682648],[122.328559,42.678034],[122.332256,42.667895],[122.353507,42.677874],[122.354982,42.68105],[122.390312,42.681784],[122.392899,42.684236],[122.390477,42.703494],[122.394037,42.709618],[122.428431,42.726438],[122.435827,42.74478],[122.455019,42.75294],[122.451973,42.771091],[122.438223,42.770735],[122.432164,42.767645],[122.366701,42.773494],[122.355755,42.786281],[122.356397,42.792201],[122.344383,42.823481],[122.346701,42.829132],[122.353429,42.833602],[122.42495,42.840857],[122.499439,42.834398],[122.517016,42.828825],[122.561184,42.822892],[122.570506,42.818079],[122.564308,42.805554],[122.575359,42.787923],[122.612616,42.776456],[122.619821,42.771135],[122.648102,42.780167],[122.695551,42.779968],[122.726522,42.784408],[122.732747,42.76857],[122.751523,42.765832],[122.76023,42.756973],[122.768815,42.757286],[122.773866,42.753843],[122.780429,42.755406],[122.79319,42.736518],[122.800273,42.739109],[122.812478,42.734213],[122.813624,42.729382],[122.825751,42.720424],[122.835152,42.719825],[122.833181,42.711352],[122.830638,42.714335],[122.808946,42.717006],[122.795568,42.724079],[122.783558,42.716261],[122.778283,42.716604],[122.772545,42.70863],[122.76396,42.707646],[122.745395,42.695676],[122.745611,42.689572],[122.741847,42.686199],[122.750705,42.677497],[122.773681,42.67108],[122.77442,42.667659],[122.786296,42.660568],[122.788067,42.648183],[122.819436,42.650491],[122.837361,42.646719],[122.833224,42.642658],[122.837101,42.631257],[122.857505,42.61894],[122.868095,42.60651],[122.871701,42.608909],[122.873677,42.605608],[122.880584,42.609211],[122.887699,42.60694],[122.89768,42.611615],[122.921311,42.602347],[122.9234,42.599921],[122.917445,42.594747],[122.922254,42.587795],[122.961832,42.57083],[122.968867,42.5622],[122.961702,42.560006],[122.960612,42.555467],[122.945691,42.543859],[122.937908,42.545834],[122.916394,42.533485],[122.910507,42.526217],[122.912294,42.519161],[122.906486,42.517822],[122.903251,42.509822],[122.903614,42.498603],[122.894346,42.497392],[122.866126,42.502004],[122.828903,42.495859],[122.813738,42.488805],[122.820998,42.488004],[122.812956,42.478917],[122.819558,42.459021],[122.816224,42.454688],[122.821814,42.443667],[122.821165,42.436693],[122.815702,42.43333],[122.823337,42.435355],[122.827392,42.429488],[122.819413,42.42723],[122.821183,42.422711],[122.815077,42.422315],[122.812325,42.414636],[122.818289,42.41251],[122.828523,42.415863],[122.828332,42.411658],[122.82282,42.408159],[122.824501,42.40477],[122.828955,42.400046],[122.83921,42.397571],[122.843421,42.399054],[122.843908,42.402534],[122.853466,42.401948],[122.856877,42.404702],[122.860814,42.39297],[122.868253,42.387336],[122.876557,42.388296],[122.869904,42.372771],[122.874598,42.372013],[122.873356,42.368571],[122.877494,42.366416],[122.889913,42.36683],[122.897853,42.351233],[122.895607,42.347161],[122.85296,42.344017],[122.833446,42.3298],[122.820915,42.328303],[122.805272,42.317459],[122.799702,42.30985],[122.776369,42.296704],[122.729287,42.282359],[122.729356,42.278547],[122.675657,42.242539],[122.646035,42.230573],[122.639912,42.235602],[122.631065,42.235013],[122.630832,42.229405],[122.620817,42.232671],[122.614899,42.22806],[122.60414,42.228159],[122.609326,42.210736],[122.606507,42.209118],[122.532365,42.180138],[122.450305,42.142244],[122.433894,42.148569],[122.427083,42.141818],[122.431046,42.137759],[122.42694,42.136583],[122.414897,42.152236],[122.405083,42.156605],[122.40381,42.167421],[122.404761,42.170357],[122.407784,42.169845],[122.403199,42.174759],[122.406212,42.176837],[122.39862,42.181272],[122.405653,42.18336],[122.401515,42.186008],[122.405785,42.186879],[122.403365,42.188407],[122.411714,42.191331],[122.404111,42.194383],[122.404942,42.200792],[122.402305,42.202311],[122.39399,42.195452],[122.393324,42.199624],[122.386418,42.202965],[122.391713,42.205394],[122.388885,42.212158],[122.380366,42.214573],[122.386563,42.224878],[122.394773,42.23],[122.395954,42.235737],[122.391206,42.24809],[122.393897,42.257495],[122.386188,42.267773],[122.36829,42.267474],[122.359383,42.276032],[122.346693,42.279926],[122.343975,42.273493],[122.330633,42.278234],[122.330217,42.289001],[122.318151,42.289392],[122.318073,42.296723],[122.31177,42.308143],[122.302135,42.312669],[122.305894,42.320572],[122.257005,42.327695],[122.248315,42.33292],[122.245486,42.338632],[122.233759,42.336519],[122.221875,42.352261],[122.2098,42.354262],[122.210669,42.361367],[122.217752,42.36483],[122.204358,42.377356],[122.193515,42.377535],[122.193394,42.392183],[122.165512,42.395707],[122.170685,42.405806],[122.156676,42.414661],[122.141006,42.435186],[122.120876,42.43576],[122.117552,42.427274],[122.108594,42.424935],[122.097075,42.431276],[122.087465,42.4326],[122.086138,42.441288],[122.072561,42.435941],[122.066624,42.442083],[122.057049,42.468811],[122.042847,42.492304],[122.020721,42.502695],[122.00257,42.517687],[121.98447,42.526723],[121.95474,42.533472],[121.932526,42.55622],[121.900356,42.570352],[121.89934,42.577687],[121.901875,42.580547],[121.889818,42.591137]]]}},{"type":"Feature","properties":{"id":"cn:2110","name":"辽阳市","level":1},"geometry":{"type":"Polygon","coordinates":[[[122.588606,41.193062],[122.608138,41.200325],[122.616196,41.197786],[122.626841,41.200619],[122.634557,41.210336],[122.646491,41.208021],[122.660242,41.215757],[122.664403,41.222222],[122.661512,41.227495],[122.661805,41.243689],[122.66909,41.249567],[122.672255,41.260076],[122.687276,41.266229],[122.691339,41.275488],[122.700617,41.280859],[122.693175,41.297248],[122.704347,41.306467],[122.718465,41.310203],[122.712507,41.320703],[122.725839,41.321386],[122.732431,41.32793],[122.743468,41.327588],[122.742711,41.347194],[122.760266,41.366215],[122.766126,41.366459],[122.764393,41.360428],[122.76742,41.357986],[122.775624,41.364237],[122.792667,41.364775],[122.798312,41.371318],[122.807767,41.370146],[122.836519,41.376592],[122.837847,41.383038],[122.846032,41.392707],[122.846911,41.408548],[122.844371,41.413861],[122.856511,41.422112],[122.86617,41.412383],[122.881564,41.422083],[122.878796,41.417801],[122.881483,41.415923],[122.887472,41.418714],[122.893189,41.41576],[122.897412,41.419435],[122.908323,41.415602],[122.920145,41.420395],[122.924385,41.426111],[122.931204,41.424623],[122.907384,41.430962],[122.923283,41.446535],[122.913528,41.447502],[122.911554,41.450103],[122.914309,41.452899],[122.928342,41.445943],[122.935008,41.454051],[122.933869,41.457325],[122.932343,41.454719],[122.929987,41.456354],[122.932671,41.46494],[122.928018,41.467201],[122.930476,41.479346],[122.943127,41.482261],[122.934677,41.476112],[122.954335,41.466049],[122.954749,41.474309],[122.960042,41.472212],[122.970438,41.476703],[122.972965,41.484398],[122.970043,41.486335],[122.976583,41.494057],[122.965894,41.497211],[122.963808,41.490509],[122.952456,41.494334],[122.960963,41.506686],[122.993737,41.512713],[123.00469,41.503149],[123.014495,41.504833],[123.025053,41.515403],[123.036597,41.544394],[123.042511,41.548402],[123.065317,41.552086],[123.075986,41.55791],[123.072636,41.561415],[123.078911,41.570293],[123.076475,41.574094],[123.082686,41.57899],[123.081669,41.58657],[123.103172,41.603889],[123.102886,41.612329],[123.106939,41.614974],[123.11475,41.609438],[123.119531,41.611725],[123.128404,41.60605],[123.118537,41.588115],[123.114555,41.588993],[123.108186,41.582868],[123.108548,41.577599],[123.112251,41.576317],[123.109799,41.575895],[123.109691,41.563201],[123.105723,41.556162],[123.125056,41.551857],[123.125247,41.547112],[123.121449,41.544088],[123.124535,41.544127],[123.128521,41.533771],[123.136731,41.533006],[123.137307,41.536386],[123.14074,41.536589],[123.150874,41.534473],[123.155946,41.539223],[123.152295,41.538169],[123.153646,41.54125],[123.164243,41.547101],[123.172318,41.544582],[123.17587,41.547207],[123.182963,41.542806],[123.187683,41.547241],[123.181774,41.553379],[123.186022,41.556568],[123.19629,41.562414],[123.213521,41.563255],[123.213659,41.556996],[123.222055,41.556401],[123.219287,41.553613],[123.223463,41.554897],[123.222385,41.553092],[123.229763,41.549467],[123.227178,41.546281],[123.22989,41.538194],[123.273872,41.535844],[123.277868,41.527947],[123.274417,41.5264],[123.278466,41.522212],[123.29524,41.525809],[123.293949,41.520392],[123.307335,41.517818],[123.318181,41.506045],[123.328328,41.504649],[123.326422,41.50774],[123.331189,41.512855],[123.346928,41.508391],[123.355546,41.511022],[123.358942,41.508109],[123.354442,41.505841],[123.356615,41.502365],[123.361025,41.505531],[123.370945,41.50407],[123.370507,41.506845],[123.376479,41.50687],[123.376814,41.499011],[123.383358,41.493207],[123.387813,41.496528],[123.393326,41.492886],[123.395033,41.497974],[123.396743,41.494468],[123.401509,41.498234],[123.407198,41.49555],[123.404363,41.492176],[123.409319,41.489942],[123.40974,41.485723],[123.418362,41.485935],[123.414625,41.481433],[123.423965,41.47901],[123.422099,41.470208],[123.432038,41.46729],[123.443327,41.472667],[123.447077,41.467389],[123.449333,41.470243],[123.454338,41.469041],[123.452001,41.464359],[123.455648,41.46405],[123.454618,41.462265],[123.471998,41.461556],[123.483005,41.476404],[123.490117,41.476883],[123.493424,41.482025],[123.497307,41.479638],[123.507057,41.480755],[123.510416,41.477845],[123.521684,41.489868],[123.540643,41.478988],[123.57492,41.496462],[123.585808,41.492001],[123.586002,41.488012],[123.59063,41.48493],[123.5955,41.485021],[123.594865,41.478816],[123.600605,41.47441],[123.601924,41.465646],[123.643626,41.452778],[123.646959,41.447388],[123.64711,41.436572],[123.625492,41.414822],[123.636881,41.390569],[123.646916,41.384952],[123.643626,41.381638],[123.649761,41.370353],[123.646941,41.351255],[123.652613,41.343823],[123.648348,41.32649],[123.65606,41.322918],[123.657683,41.316111],[123.654707,41.310577],[123.657029,41.301046],[123.650314,41.296476],[123.649602,41.290426],[123.651924,41.285045],[123.658315,41.281739],[123.659814,41.267187],[123.66599,41.262843],[123.658594,41.255287],[123.630709,41.245013],[123.614305,41.244434],[123.610712,41.253508],[123.602967,41.248298],[123.591268,41.23293],[123.603132,41.218161],[123.600502,41.218504],[123.59655,41.211107],[123.598082,41.207486],[123.593282,41.204681],[123.595387,41.202135],[123.61337,41.201119],[123.617941,41.197527],[123.618631,41.188696],[123.628556,41.179382],[123.630078,41.169457],[123.633324,41.167479],[123.63277,41.157409],[123.644318,41.155087],[123.652112,41.144423],[123.657131,41.142269],[123.658917,41.137289],[123.649597,41.127304],[123.645642,41.110973],[123.650296,41.101143],[123.648675,41.097517],[123.654808,41.094066],[123.654831,41.085369],[123.661399,41.079282],[123.66516,41.069911],[123.673874,41.068038],[123.683968,41.057827],[123.675399,41.045663],[123.654283,41.039856],[123.655121,41.016053],[123.64447,41.014565],[123.645191,41.008884],[123.641294,41.003627],[123.646439,40.973484],[123.650916,40.972082],[123.642371,40.962986],[123.652567,40.951292],[123.643862,40.938489],[123.646057,40.93622],[123.639354,40.927682],[123.626405,40.921906],[123.618032,40.910631],[123.61827,40.90083],[123.613804,40.89506],[123.602916,40.89045],[123.603594,40.88309],[123.59934,40.872444],[123.584462,40.861233],[123.576685,40.855899],[123.538768,40.85945],[123.534957,40.856359],[123.531624,40.845682],[123.533933,40.833212],[123.528039,40.825369],[123.493985,40.811562],[123.455678,40.807747],[123.436268,40.801255],[123.405044,40.805235],[123.396642,40.800678],[123.388204,40.78465],[123.369455,40.773534],[123.351068,40.774167],[123.321764,40.768825],[123.309229,40.771733],[123.291903,40.764238],[123.278162,40.750201],[123.248679,40.740773],[123.239043,40.729822],[123.225276,40.732301],[123.208582,40.730504],[123.171335,40.71096],[123.144503,40.723459],[123.130397,40.712661],[123.13031,40.718712],[123.124285,40.724852],[123.095171,40.739466],[123.068036,40.769839],[123.066065,40.778615],[123.069068,40.790221],[123.085596,40.800525],[123.101108,40.820491],[123.074102,40.835955],[123.067228,40.837531],[123.048582,40.833246],[123.044571,40.843684],[123.050031,40.855912],[123.044563,40.861345],[123.042271,40.869895],[123.049545,40.882305],[123.069311,40.896419],[123.067931,40.904948],[123.054647,40.921531],[123.083952,40.926423],[123.090592,40.9322],[123.091295,40.939978],[123.078068,40.959627],[123.077259,40.967452],[123.082103,40.973498],[123.097282,40.982178],[123.126832,40.986103],[123.1307,40.990629],[123.132634,40.985451],[123.145238,40.981984],[123.155767,40.986493],[123.172475,40.987993],[123.185574,40.984704],[123.185178,40.994924],[123.195832,40.999504],[123.206703,41.013818],[123.197578,41.022646],[123.193483,41.029985],[123.194686,41.033208],[123.199429,41.037608],[123.208603,41.037922],[123.229818,41.047603],[123.22089,41.056781],[123.22643,41.065529],[123.201869,41.077188],[123.207882,41.088718],[123.205336,41.097124],[123.19742,41.09573],[123.19287,41.101337],[123.183922,41.100248],[123.178182,41.104035],[123.171432,41.098388],[123.16072,41.0961],[123.149576,41.10417],[123.139464,41.099776],[123.137153,41.101905],[123.134851,41.105088],[123.14098,41.108205],[123.136678,41.123665],[123.142054,41.129415],[123.134021,41.137735],[123.137654,41.139089],[123.137066,41.143255],[123.141796,41.145483],[123.143531,41.151922],[123.13129,41.155887],[123.130101,41.161358],[123.126315,41.161748],[123.124057,41.171377],[123.113471,41.175054],[123.11319,41.182093],[123.104029,41.182466],[123.093431,41.17592],[123.07001,41.182441],[123.056587,41.181132],[123.053084,41.185866],[123.054459,41.188572],[123.051381,41.189342],[123.056458,41.1986],[123.050305,41.197152],[123.050636,41.200877],[123.032547,41.206337],[123.024541,41.200485],[123.016826,41.204772],[123.00901,41.198833],[123.009352,41.194451],[123.004163,41.192381],[123.00535,41.188868],[122.991789,41.184694],[122.984758,41.185624],[122.984493,41.194916],[122.979717,41.194806],[122.982158,41.19852],[122.96908,41.200784],[122.951858,41.186209],[122.953054,41.190604],[122.940862,41.194731],[122.933792,41.18995],[122.930314,41.194218],[122.921031,41.193791],[122.916623,41.189622],[122.91248,41.192249],[122.909962,41.187758],[122.906369,41.187788],[122.907104,41.191468],[122.904403,41.192393],[122.896034,41.183661],[122.890696,41.169715],[122.885243,41.169819],[122.880281,41.165035],[122.87038,41.168806],[122.86153,41.161348],[122.870747,41.155913],[122.863438,41.149797],[122.861507,41.143786],[122.852939,41.143129],[122.845652,41.136916],[122.849994,41.134284],[122.84349,41.127964],[122.851106,41.119073],[122.848053,41.116119],[122.851524,41.113181],[122.838731,41.106771],[122.837111,41.100482],[122.829782,41.096383],[122.825353,41.087583],[122.827639,41.080636],[122.82319,41.082377],[122.819266,41.080012],[122.817553,41.085643],[122.811218,41.084279],[122.803571,41.087575],[122.806065,41.091996],[122.796088,41.09167],[122.794715,41.098387],[122.786299,41.094207],[122.779692,41.099426],[122.760258,41.097898],[122.755636,41.09929],[122.757498,41.102454],[122.699004,41.112953],[122.685591,41.1189],[122.685043,41.126418],[122.673424,41.138887],[122.634614,41.153393],[122.613684,41.167897],[122.598702,41.17262],[122.593033,41.177107],[122.596861,41.183856],[122.588606,41.193062]]]}},{"type":"Feature","properties":{"id":"cn:211002","name":"白塔区","level":2},"geometry":{"type":"Polygon","coordinates":[[[123.132847,41.261084],[123.185063,41.292467],[123.189833,41.290204],[123.188715,41.287389],[123.203493,41.287823],[123.205662,41.274263],[123.203194,41.267702],[123.19841,41.267257],[123.197855,41.257758],[123.210158,41.25936],[123.230444,41.246511],[123.221609,41.247675],[123.217776,41.242599],[123.214888,41.245973],[123.216196,41.24149],[123.206412,41.245095],[123.204441,41.241172],[123.196386,41.242584],[123.196019,41.239292],[123.186968,41.240201],[123.18017,41.236677],[123.164898,41.239266],[123.165322,41.234272],[123.158358,41.238107],[123.149834,41.234452],[123.149388,41.226834],[123.143883,41.227254],[123.138077,41.252227],[123.142288,41.252614],[123.132847,41.261084]]]}},{"type":"Feature","properties":{"id":"cn:211003","name":"文圣区","level":2},"geometry":{"type":"Polygon","coordinates":[[[123.197855,41.257758],[123.19841,41.267257],[123.203194,41.267702],[123.205662,41.274263],[123.203062,41.285824],[123.210003,41.305309],[123.218084,41.318669],[123.225752,41.316767],[123.227495,41.329972],[123.250238,41.332881],[123.254867,41.339773],[123.279293,41.339769],[123.301767,41.34802],[123.307627,41.355528],[123.301534,41.361922],[123.301491,41.367383],[123.31995,41.372918],[123.341465,41.374766],[123.348299,41.36918],[123.349154,41.374455],[123.357831,41.375198],[123.366393,41.371164],[123.390856,41.371288],[123.395799,41.364274],[123.383627,41.35509],[123.388687,41.353446],[123.383759,41.350374],[123.385106,41.344044],[123.394245,41.340754],[123.399832,41.332313],[123.404514,41.33492],[123.413333,41.332374],[123.412732,41.328464],[123.404214,41.326913],[123.403605,41.321638],[123.406627,41.321018],[123.40912,41.308154],[123.415816,41.305772],[123.422086,41.295403],[123.421829,41.290376],[123.42862,41.287354],[123.453899,41.293068],[123.491527,41.294013],[123.495877,41.296385],[123.492788,41.292505],[123.495493,41.289246],[123.463159,41.262265],[123.465482,41.251084],[123.471663,41.247649],[123.444274,41.240758],[123.436129,41.241683],[123.420289,41.229705],[123.393265,41.219567],[123.383578,41.221186],[123.366149,41.233387],[123.355621,41.216308],[123.3498,41.214253],[123.36062,41.191668],[123.357031,41.174187],[123.348472,41.167746],[123.345392,41.158326],[123.324169,41.171666],[123.320059,41.19078],[123.283076,41.200655],[123.287971,41.205724],[123.280681,41.223061],[123.283257,41.223963],[123.283128,41.233919],[123.262368,41.229389],[123.241036,41.239182],[123.210158,41.25936],[123.197855,41.257758]]]}},{"type":"Feature","properties":{"id":"cn:211004","name":"宏伟区","level":2},"geometry":{"type":"Polygon","coordinates":[[[123.124507,41.166675],[123.128335,41.175467],[123.141097,41.18241],[123.135572,41.182417],[123.139203,41.186354],[123.138178,41.189878],[123.144645,41.192535],[123.139554,41.197624],[123.143338,41.198444],[123.144494,41.207122],[123.132658,41.210096],[123.137816,41.217654],[123.131262,41.221339],[123.132088,41.223689],[123.134925,41.225008],[123.13998,41.22045],[123.143396,41.222055],[123.143883,41.227254],[123.149388,41.226834],[123.149834,41.234452],[123.158358,41.238107],[123.165322,41.234272],[123.164898,41.239266],[123.18017,41.236677],[123.186968,41.240201],[123.196019,41.239292],[123.196386,41.242584],[123.204441,41.241172],[123.206412,41.245095],[123.216196,41.24149],[123.214888,41.245973],[123.217776,41.242599],[123.223542,41.247917],[123.225981,41.245478],[123.233205,41.246328],[123.241036,41.239182],[123.264704,41.228814],[123.283128,41.233919],[123.283257,41.223963],[123.280681,41.223061],[123.287971,41.205724],[123.283076,41.200655],[123.320059,41.19078],[123.324169,41.171666],[123.341883,41.15859],[123.292494,41.147949],[123.249198,41.125594],[123.228278,41.133362],[123.204444,41.128222],[123.186736,41.130518],[123.175607,41.125947],[123.170295,41.131959],[123.169135,41.128694],[123.167071,41.131888],[123.165459,41.130661],[123.167027,41.126657],[123.154348,41.130189],[123.141881,41.12704],[123.14095,41.13173],[123.134021,41.137735],[123.137654,41.139089],[123.137066,41.143255],[123.141796,41.145483],[123.143531,41.151922],[123.13129,41.155887],[123.124507,41.166675]]]}},{"type":"Feature","properties":{"id":"cn:211005","name":"弓长岭区","level":2},"geometry":{"type":"Polygon","coordinates":[[[123.243678,41.09497],[123.244589,41.119909],[123.249198,41.125594],[123.265368,41.135098],[123.292494,41.147949],[123.345392,41.158326],[123.348472,41.167746],[123.357031,41.174187],[123.36062,41.191668],[123.3498,41.214253],[123.355621,41.216308],[123.366149,41.233387],[123.383578,41.221186],[123.393265,41.219567],[123.420289,41.229705],[123.436129,41.241683],[123.444274,41.240758],[123.471663,41.247649],[123.465482,41.251084],[123.463159,41.262265],[123.495493,41.289246],[123.492788,41.292505],[123.496604,41.296466],[123.495704,41.299882],[123.514434,41.301434],[123.520691,41.298164],[123.518579,41.284118],[123.527708,41.281503],[123.518092,41.273187],[123.515103,41.256238],[123.519891,41.252497],[123.527707,41.254184],[123.527103,41.242474],[123.53928,41.230163],[123.52642,41.222753],[123.512654,41.222077],[123.492452,41.207776],[123.484536,41.205537],[123.465393,41.186204],[123.469344,41.180482],[123.475359,41.179675],[123.476105,41.173083],[123.48252,41.165878],[123.496855,41.169414],[123.50128,41.165373],[123.500142,41.162522],[123.503698,41.16375],[123.507766,41.160617],[123.509231,41.151156],[123.505633,41.145488],[123.498496,41.14546],[123.495684,41.134459],[123.508046,41.128845],[123.513312,41.121463],[123.526765,41.122473],[123.527661,41.118335],[123.533769,41.116864],[123.537592,41.110056],[123.535784,41.103449],[123.54462,41.099181],[123.548978,41.088152],[123.547355,41.082219],[123.512892,41.047523],[123.504698,41.045769],[123.499906,41.048331],[123.461712,41.082076],[123.438912,41.087044],[123.433037,41.093595],[123.403537,41.088089],[123.393956,41.080919],[123.384744,41.079703],[123.376842,41.083176],[123.375959,41.07375],[123.366461,41.06253],[123.349646,41.068023],[123.341372,41.06357],[123.314872,41.06237],[123.307537,41.055984],[123.301927,41.06177],[123.270631,41.06873],[123.243678,41.09497]]]}},{"type":"Feature","properties":{"id":"cn:211011","name":"太子河区","level":2},"geometry":{"type":"Polygon","coordinates":[[[122.945579,41.281453],[122.955498,41.297477],[122.974644,41.3002],[122.974685,41.312549],[122.987798,41.314922],[122.990949,41.343621],[122.985414,41.344568],[122.982231,41.349027],[122.985277,41.356936],[122.981818,41.365057],[122.995499,41.361364],[122.998751,41.368148],[122.996983,41.374236],[123.014759,41.376916],[123.007656,41.387091],[123.010644,41.392147],[123.034929,41.402386],[123.048611,41.404305],[123.057763,41.410065],[123.074388,41.410703],[123.087526,41.41947],[123.104718,41.416397],[123.106518,41.420557],[123.110997,41.421582],[123.113587,41.417869],[123.130375,41.417612],[123.135241,41.413644],[123.14058,41.417036],[123.160217,41.413963],[123.161868,41.408651],[123.16652,41.41025],[123.175693,41.406729],[123.176829,41.400201],[123.174195,41.397706],[123.1547,41.396938],[123.15353,41.386186],[123.133419,41.381771],[123.132451,41.375884],[123.123526,41.366412],[123.125166,41.359628],[123.122122,41.355692],[123.159756,41.331331],[123.182406,41.333124],[123.211065,41.325959],[123.218084,41.318669],[123.203493,41.287823],[123.188715,41.287389],[123.187888,41.291642],[123.181542,41.291691],[123.132847,41.261084],[123.142288,41.252614],[123.138077,41.252227],[123.143883,41.227254],[123.143396,41.222055],[123.13998,41.22045],[123.134925,41.225008],[123.130966,41.222269],[123.137816,41.217654],[123.132658,41.210096],[123.144494,41.207122],[123.143338,41.198444],[123.139554,41.197624],[123.144645,41.192535],[123.138178,41.189878],[123.139203,41.186354],[123.135475,41.182999],[123.140901,41.182175],[123.128335,41.175467],[123.124611,41.169012],[123.123544,41.171926],[123.114156,41.174275],[123.11319,41.182093],[123.110255,41.182976],[123.117725,41.192173],[123.111535,41.204182],[123.103049,41.210168],[123.096245,41.210667],[123.097132,41.213078],[123.090572,41.217213],[123.090899,41.22457],[123.0952,41.225985],[123.093461,41.230233],[123.099544,41.235277],[123.104489,41.235372],[123.109008,41.241088],[123.1154,41.238444],[123.114797,41.241186],[123.100424,41.250435],[123.093281,41.25165],[123.091845,41.255408],[123.083779,41.256063],[123.085682,41.259254],[123.077515,41.255611],[123.07933,41.263949],[123.068669,41.264757],[123.066009,41.261301],[123.052765,41.269446],[123.045754,41.262146],[123.005886,41.258549],[122.985012,41.26848],[122.980081,41.265503],[122.964078,41.270033],[122.945579,41.281453]]]}},{"type":"Feature","properties":{"id":"cn:211021","name":"辽阳县","level":2},"geometry":{"type":"MultiPolygon","coordinates":[[[[123.042271,40.869895],[123.049545,40.882305],[123.069311,40.896419],[123.067931,40.904948],[123.054647,40.921531],[123.083952,40.926423],[123.090592,40.9322],[123.091295,40.939978],[123.078068,40.959627],[123.077259,40.967452],[123.082103,40.973498],[123.097282,40.982178],[123.126832,40.986103],[123.1307,40.990629],[123.132634,40.985451],[123.145238,40.981984],[123.155767,40.986493],[123.172475,40.987993],[123.185574,40.984704],[123.185178,40.994924],[123.195832,40.999504],[123.206703,41.013818],[123.197578,41.022646],[123.193483,41.029985],[123.194686,41.033208],[123.199429,41.037608],[123.208603,41.037922],[123.229781,41.047074],[123.22089,41.056781],[123.22643,41.065529],[123.201869,41.077188],[123.207882,41.088718],[123.205013,41.091476],[123.205888,41.096723],[123.199935,41.098188],[123.19742,41.09573],[123.19287,41.101337],[123.183922,41.100248],[123.178182,41.104035],[123.166095,41.096627],[123.156786,41.096961],[123.149576,41.10417],[123.139225,41.099834],[123.134851,41.105088],[123.140957,41.106211],[123.136678,41.123665],[123.139091,41.126709],[123.149447,41.126918],[123.154348,41.130189],[123.167027,41.126657],[123.167071,41.131888],[123.167546,41.12866],[123.170295,41.131959],[123.175607,41.125947],[123.186736,41.130518],[123.204444,41.128222],[123.228278,41.133362],[123.240295,41.130978],[123.249198,41.125594],[123.244589,41.119909],[123.243678,41.09497],[123.250535,41.086003],[123.270631,41.06873],[123.301927,41.06177],[123.307537,41.055984],[123.314872,41.06237],[123.341372,41.06357],[123.349646,41.068023],[123.366461,41.06253],[123.375959,41.07375],[123.376842,41.083176],[123.384744,41.079703],[123.393956,41.080919],[123.403537,41.088089],[123.433037,41.093595],[123.438912,41.087044],[123.461712,41.082076],[123.499906,41.048331],[123.504698,41.045769],[123.512892,41.047523],[123.547355,41.082219],[123.548978,41.088152],[123.54462,41.099181],[123.535784,41.103449],[123.537592,41.110056],[123.533769,41.116864],[123.527661,41.118335],[123.526765,41.122473],[123.513312,41.121463],[123.508046,41.128845],[123.495684,41.134459],[123.498496,41.14546],[123.505633,41.145488],[123.509231,41.151156],[123.507766,41.160617],[123.503698,41.16375],[123.500142,41.162522],[123.50128,41.165373],[123.496855,41.169414],[123.48252,41.165878],[123.476105,41.173083],[123.475359,41.179675],[123.469344,41.180482],[123.465393,41.186204],[123.484536,41.205537],[123.492452,41.207776],[123.512654,41.222077],[123.52642,41.222753],[123.539127,41.2299],[123.527103,41.242474],[123.527707,41.254184],[123.519547,41.252589],[123.520099,41.256257],[123.535927,41.256687],[123.538336,41.242155],[123.550113,41.235523],[123.552079,41.231263],[123.565327,41.23932],[123.554035,41.250956],[123.552556,41.258825],[123.543925,41.262492],[123.559269,41.263531],[123.566682,41.271573],[123.577706,41.273793],[123.610159,41.261246],[123.610712,41.253508],[123.591603,41.234385],[123.603132,41.218161],[123.600502,41.218504],[123.59655,41.211107],[123.598082,41.207486],[123.5934,41.204324],[123.61337,41.201119],[123.617941,41.197527],[123.618631,41.188696],[123.628556,41.179382],[123.630078,41.169457],[123.633324,41.167479],[123.63277,41.157409],[123.644318,41.155087],[123.652112,41.144423],[123.657131,41.142269],[123.658917,41.137289],[123.649597,41.127304],[123.645642,41.110973],[123.650296,41.101143],[123.648675,41.097517],[123.654808,41.094066],[123.654831,41.085369],[123.661399,41.079282],[123.66516,41.069911],[123.673874,41.068038],[123.683968,41.057827],[123.675399,41.045663],[123.654283,41.039856],[123.655121,41.016053],[123.64447,41.014565],[123.645191,41.008884],[123.641294,41.003627],[123.646439,40.973484],[123.650916,40.972082],[123.642371,40.962986],[123.652567,40.951292],[123.643862,40.938489],[123.646057,40.93622],[123.639354,40.927682],[123.626405,40.921906],[123.618032,40.910631],[123.61827,40.90083],[123.613804,40.89506],[123.602916,40.89045],[123.603594,40.88309],[123.59934,40.872444],[123.584462,40.861233],[123.576685,40.855899],[123.569384,40.855226],[123.538768,40.85945],[123.531849,40.849805],[123.532501,40.829354],[123.503829,40.814458],[123.455678,40.807747],[123.436268,40.801255],[123.405044,40.805235],[123.396642,40.800678],[123.388204,40.78465],[123.369455,40.773534],[123.351068,40.774167],[123.321764,40.768825],[123.309229,40.771733],[123.291903,40.764238],[123.278162,40.750201],[123.248679,40.740773],[123.239043,40.729822],[123.225276,40.732301],[123.208582,40.730504],[123.171335,40.71096],[123.144503,40.723459],[123.130397,40.712661],[123.13031,40.718712],[123.124285,40.724852],[123.095171,40.739466],[123.073634,40.761193],[123.066065,40.778615],[123.069068,40.790221],[123.085596,40.800525],[123.101108,40.820491],[123.074102,40.835955],[123.067228,40.837531],[123.048582,40.833246],[123.044571,40.843684],[123.050031,40.855912],[123.044563,40.861345],[123.042271,40.869895]]],[[[122.588606,41.193062],[122.608138,41.200325],[122.616196,41.197786],[122.626841,41.200619],[122.634557,41.210336],[122.646491,41.208021],[122.660242,41.215757],[122.664403,41.222222],[122.661512,41.227495],[122.661805,41.243689],[122.66909,41.249567],[122.672255,41.260076],[122.687276,41.266229],[122.691339,41.275488],[122.700617,41.280859],[122.693175,41.297248],[122.704347,41.306467],[122.718465,41.310203],[122.712507,41.320703],[122.725839,41.321386],[122.732431,41.32793],[122.743468,41.327588],[122.742711,41.347194],[122.760266,41.366215],[122.766126,41.366459],[122.764393,41.360428],[122.76742,41.357986],[122.775624,41.364237],[122.792667,41.364775],[122.798312,41.371318],[122.807767,41.370146],[122.836519,41.376592],[122.837847,41.383038],[122.846032,41.392707],[122.846911,41.408548],[122.844371,41.413861],[122.856511,41.422112],[122.86617,41.412383],[122.881564,41.422083],[122.878796,41.417801],[122.881483,41.415923],[122.887472,41.418714],[122.893189,41.41576],[122.897412,41.419435],[122.908323,41.415602],[122.922053,41.42282],[122.920988,41.415694],[122.929664,41.398591],[122.929671,41.387283],[122.924782,41.380025],[122.930916,41.380759],[122.932384,41.377861],[122.941516,41.383596],[122.951188,41.381802],[122.95237,41.371564],[122.955965,41.37091],[122.955904,41.365792],[122.96021,41.365701],[122.962038,41.359212],[122.979883,41.369999],[122.985277,41.356936],[122.982231,41.349027],[122.985414,41.344568],[122.990949,41.343621],[122.987798,41.314922],[122.974685,41.312549],[122.974644,41.3002],[122.955498,41.297477],[122.945579,41.281453],[122.964078,41.270033],[122.980081,41.265503],[122.985012,41.26848],[123.005886,41.258549],[123.045754,41.262146],[123.052765,41.269446],[123.066009,41.261301],[123.068669,41.264757],[123.07933,41.263949],[123.077515,41.255611],[123.085682,41.259254],[123.083779,41.256063],[123.091845,41.255408],[123.093281,41.25165],[123.100424,41.250435],[123.114797,41.241186],[123.11329,41.237547],[123.109008,41.241088],[123.104489,41.235372],[123.097863,41.234413],[123.09259,41.228061],[123.094922,41.224831],[123.090183,41.223188],[123.092409,41.221849],[123.090572,41.217213],[123.097132,41.213078],[123.096245,41.210667],[123.108122,41.207501],[123.117743,41.192897],[123.110255,41.182976],[123.093431,41.17592],[123.07001,41.182441],[123.055374,41.181511],[123.05723,41.183411],[123.054554,41.182562],[123.054459,41.188572],[123.051381,41.189342],[123.056458,41.1986],[123.050305,41.197152],[123.050636,41.200877],[123.039445,41.203327],[123.039028,41.205856],[123.032547,41.206337],[123.024541,41.200485],[123.016826,41.204772],[123.00901,41.198833],[123.009352,41.194451],[123.004163,41.192381],[123.00535,41.188868],[122.991789,41.184694],[122.984758,41.185624],[122.984493,41.194916],[122.979717,41.194806],[122.982158,41.19852],[122.96908,41.200784],[122.951858,41.186209],[122.953054,41.190604],[122.940862,41.194731],[122.933792,41.18995],[122.930314,41.194218],[122.921031,41.193791],[122.916623,41.189622],[122.91248,41.192249],[122.909962,41.187758],[122.906369,41.187788],[122.907104,41.191468],[122.904403,41.192393],[122.896034,41.183661],[122.890696,41.169715],[122.885243,41.169819],[122.880281,41.165035],[122.87038,41.168806],[122.86153,41.161348],[122.870747,41.155913],[122.863438,41.149797],[122.861507,41.143786],[122.852939,41.143129],[122.845652,41.136916],[122.849994,41.134284],[122.84349,41.127964],[122.851106,41.119073],[122.848053,41.116119],[122.851524,41.113181],[122.838731,41.106771],[122.837111,41.100482],[122.829782,41.096383],[122.825353,41.087583],[122.827639,41.080636],[122.82319,41.082377],[122.819266,41.080012],[122.817553,41.085643],[122.811218,41.084279],[122.803571,41.087575],[122.806065,41.091996],[122.796088,41.09167],[122.794715,41.098387],[122.786299,41.094207],[122.779692,41.099426],[122.760258,41.097898],[122.755636,41.09929],[122.757498,41.102454],[122.699004,41.112953],[122.685591,41.1189],[122.685043,41.126418],[122.673424,41.138887],[122.634614,41.153393],[122.613684,41.167897],[122.598702,41.17262],[122.593033,41.177107],[122.596861,41.183856],[122.588606,41.193062]]]]}},{"type":"Feature","properties":{"id":"cn:211081","name":"灯塔市","level":2},"geometry":{"type":"Polygon","coordinates":[[[122.907384,41.430962],[122.923283,41.446535],[122.913528,41.447502],[122.911554,41.450103],[122.914309,41.452899],[122.928342,41.445943],[122.935008,41.454051],[122.933869,41.457325],[122.932343,41.454719],[122.929987,41.456354],[122.932671,41.46494],[122.928018,41.467201],[122.931641,41.480372],[122.943289,41.482163],[122.934677,41.476112],[122.954335,41.466049],[122.954749,41.474309],[122.960042,41.472212],[122.970438,41.476703],[122.972965,41.484398],[122.970043,41.486335],[122.976583,41.494057],[122.965894,41.497211],[122.963808,41.490509],[122.952456,41.494334],[122.960148,41.506077],[122.993737,41.512713],[123.00469,41.503149],[123.013426,41.504298],[123.025053,41.515403],[123.036597,41.544394],[123.042511,41.548402],[123.065317,41.552086],[123.075986,41.55791],[123.072636,41.561415],[123.078911,41.570293],[123.076475,41.574094],[123.082686,41.57899],[123.081669,41.58657],[123.103172,41.603889],[123.102886,41.612329],[123.107554,41.614853],[123.11475,41.609438],[123.119531,41.611725],[123.128404,41.60605],[123.118537,41.588115],[123.114555,41.588993],[123.108186,41.582868],[123.108548,41.577599],[123.112251,41.576317],[123.109799,41.575895],[123.109691,41.563201],[123.105723,41.556162],[123.125056,41.551857],[123.125247,41.547112],[123.121449,41.544088],[123.124535,41.544127],[123.128521,41.533771],[123.136731,41.533006],[123.137307,41.536386],[123.14074,41.536589],[123.150874,41.534473],[123.155946,41.539223],[123.152295,41.538169],[123.153646,41.54125],[123.164243,41.547101],[123.172318,41.544582],[123.17587,41.547207],[123.182963,41.542806],[123.187683,41.547241],[123.181774,41.553379],[123.186022,41.556568],[123.19629,41.562414],[123.213521,41.563255],[123.213659,41.556996],[123.222055,41.556401],[123.219287,41.553613],[123.223463,41.554897],[123.222385,41.553092],[123.229763,41.549467],[123.227178,41.546281],[123.22989,41.538194],[123.273872,41.535844],[123.277868,41.527947],[123.274417,41.5264],[123.278466,41.522212],[123.29524,41.525809],[123.293949,41.520392],[123.307335,41.517818],[123.318181,41.506045],[123.328328,41.504649],[123.326422,41.50774],[123.331189,41.512855],[123.346928,41.508391],[123.356296,41.510834],[123.358951,41.507987],[123.354627,41.506295],[123.356615,41.502365],[123.361025,41.505531],[123.370945,41.50407],[123.370507,41.506845],[123.376479,41.50687],[123.376814,41.499011],[123.383358,41.493207],[123.387813,41.496528],[123.393326,41.492886],[123.395325,41.498077],[123.396355,41.494468],[123.40098,41.498272],[123.406891,41.495829],[123.404363,41.492176],[123.409319,41.489942],[123.40974,41.485723],[123.417663,41.48637],[123.414625,41.481433],[123.423965,41.47901],[123.421324,41.475811],[123.42242,41.469915],[123.433292,41.467005],[123.434253,41.470109],[123.440071,41.469105],[123.443327,41.472667],[123.447077,41.467389],[123.449333,41.470243],[123.454338,41.469041],[123.452001,41.464359],[123.455648,41.46405],[123.454473,41.462322],[123.463291,41.460588],[123.472302,41.461666],[123.483005,41.476404],[123.490117,41.476883],[123.493424,41.482025],[123.510612,41.47791],[123.521684,41.489868],[123.540643,41.478988],[123.574478,41.496412],[123.585808,41.492001],[123.586002,41.488012],[123.5955,41.485021],[123.594865,41.478816],[123.600605,41.47441],[123.601924,41.465646],[123.638634,41.456163],[123.646959,41.447388],[123.64711,41.436572],[123.625492,41.414822],[123.636881,41.390569],[123.646916,41.384952],[123.643626,41.381638],[123.649761,41.370353],[123.646941,41.351255],[123.652613,41.343823],[123.648348,41.32649],[123.65606,41.322918],[123.657683,41.316111],[123.654707,41.310577],[123.657029,41.301046],[123.650314,41.296476],[123.649602,41.290426],[123.651924,41.285045],[123.658315,41.281739],[123.659814,41.267187],[123.66599,41.262843],[123.66396,41.258272],[123.643375,41.248427],[123.619284,41.243346],[123.611061,41.248415],[123.607569,41.263968],[123.584068,41.272921],[123.566682,41.271573],[123.559269,41.263531],[123.543925,41.262492],[123.552556,41.258825],[123.554035,41.250956],[123.565327,41.23932],[123.552079,41.231263],[123.550113,41.235523],[123.538336,41.242155],[123.535927,41.256687],[123.520344,41.256378],[123.518711,41.253242],[123.515103,41.256238],[123.518092,41.273187],[123.527708,41.281503],[123.518579,41.284118],[123.521392,41.296671],[123.514434,41.301434],[123.497011,41.300608],[123.496423,41.296224],[123.491527,41.294013],[123.453899,41.293068],[123.42862,41.287354],[123.421829,41.290376],[123.422086,41.295403],[123.415816,41.305772],[123.40912,41.308154],[123.406627,41.321018],[123.403446,41.322321],[123.404214,41.326913],[123.412732,41.328464],[123.413333,41.332374],[123.404514,41.33492],[123.399832,41.332313],[123.394245,41.340754],[123.385106,41.344044],[123.383759,41.350374],[123.388687,41.353446],[123.383627,41.35509],[123.395799,41.364274],[123.389878,41.371659],[123.368437,41.370979],[123.349976,41.374889],[123.348299,41.36918],[123.343506,41.374145],[123.333775,41.374581],[123.303627,41.368871],[123.300571,41.364529],[123.307627,41.355528],[123.301767,41.34802],[123.279293,41.339769],[123.254867,41.339773],[123.247201,41.332082],[123.228269,41.330554],[123.225752,41.316767],[123.220688,41.316774],[123.211065,41.325959],[123.182406,41.333124],[123.159756,41.331331],[123.122122,41.355692],[123.125166,41.359628],[123.123526,41.366412],[123.132451,41.375884],[123.133419,41.381771],[123.15353,41.386186],[123.1547,41.396938],[123.176315,41.39905],[123.175693,41.406729],[123.16652,41.41025],[123.161868,41.408651],[123.160217,41.413963],[123.14058,41.417036],[123.135241,41.413644],[123.130375,41.417612],[123.113587,41.417869],[123.110997,41.421582],[123.106518,41.420557],[123.104718,41.416397],[123.086598,41.41928],[123.074388,41.410703],[123.057763,41.410065],[123.048611,41.404305],[123.026762,41.399377],[123.007418,41.389268],[123.014759,41.376916],[122.996983,41.374236],[122.998751,41.368148],[122.996346,41.361877],[122.981818,41.365057],[122.981178,41.368958],[122.97737,41.370165],[122.962038,41.359212],[122.96021,41.365701],[122.955904,41.365792],[122.955965,41.37091],[122.95237,41.371564],[122.951188,41.381802],[122.941516,41.383596],[122.932384,41.377861],[122.930916,41.380759],[122.924782,41.380025],[122.929671,41.387283],[122.929664,41.398591],[122.920988,41.415694],[122.921624,41.423609],[122.924385,41.426111],[122.931635,41.425237],[122.907384,41.430962]]]}},{"type":"Feature","properties":{"id":"cn:2111","name":"盘锦市","level":1},"geometry":{"type":"MultiPolygon","coordinates":[[[[121.541147,40.82033],[121.553533,40.838811],[121.549889,40.848091],[121.562223,40.857626],[121.579324,40.88415],[121.608499,40.904567],[121.623604,40.906532],[121.642579,40.936134],[121.644064,40.949038],[121.658272,40.957618],[121.656902,40.968217],[121.66159,40.98396],[121.668135,40.990274],[121.671025,41.006047],[121.660647,41.030174],[121.656029,41.032661],[121.657533,41.048735],[121.645988,41.052454],[121.642042,41.060783],[121.661622,41.058054],[121.674866,41.082998],[121.668809,41.082632],[121.667291,41.08847],[121.67392,41.087949],[121.675468,41.092842],[121.680499,41.095127],[121.686766,41.094794],[121.686159,41.091466],[121.692866,41.089219],[121.698663,41.089022],[121.699635,41.092812],[121.702101,41.092441],[121.702012,41.089585],[121.709158,41.089621],[121.709068,41.08543],[121.742163,41.083966],[121.743229,41.087409],[121.753205,41.086754],[121.75409,41.096816],[121.758188,41.098269],[121.733823,41.11269],[121.73719,41.105321],[121.716881,41.10621],[121.716662,41.102986],[121.711514,41.101743],[121.690066,41.10305],[121.677081,41.098184],[121.605574,41.10155],[121.579922,41.106306],[121.561545,41.13273],[121.562465,41.144175],[121.597127,41.178946],[121.610392,41.180209],[121.615773,41.199037],[121.615227,41.204953],[121.597484,41.209792],[121.586095,41.207552],[121.575642,41.214132],[121.571667,41.230768],[121.575061,41.247843],[121.595652,41.255776],[121.64718,41.291458],[121.657483,41.291481],[121.696172,41.313777],[121.711711,41.314436],[121.73495,41.333513],[121.75014,41.333703],[121.753661,41.329195],[121.769485,41.330476],[121.769269,41.342691],[121.773233,41.342524],[121.773617,41.338228],[121.779969,41.338617],[121.780311,41.334831],[121.7985,41.333995],[121.798318,41.347],[121.840489,41.350746],[121.86257,41.339027],[121.863898,41.328278],[121.879545,41.320656],[121.898343,41.335123],[121.895871,41.340989],[121.900425,41.348866],[121.896626,41.352728],[121.905743,41.353877],[121.919996,41.36434],[121.941084,41.367642],[121.945504,41.379062],[121.951102,41.384271],[121.969913,41.381854],[122.005321,41.383932],[122.014948,41.380308],[122.020947,41.368954],[122.035269,41.369366],[122.063206,41.385265],[122.071533,41.384201],[122.080729,41.391565],[122.085725,41.389889],[122.088962,41.397514],[122.103656,41.402594],[122.113479,41.411348],[122.137818,41.420322],[122.131759,41.426444],[122.152706,41.434895],[122.161432,41.442923],[122.16384,41.440883],[122.172172,41.449709],[122.1797,41.446333],[122.188412,41.457389],[122.193965,41.455744],[122.186903,41.446754],[122.195033,41.439598],[122.19068,41.432657],[122.193622,41.427032],[122.240009,41.371764],[122.274679,41.353072],[122.272275,41.346797],[122.277191,41.339591],[122.272809,41.330701],[122.266413,41.326268],[122.269497,41.317674],[122.261421,41.305334],[122.259141,41.28908],[122.24921,41.275846],[122.244584,41.258811],[122.244828,41.240526],[122.233491,41.23165],[122.199828,41.221264],[122.209723,41.214554],[122.221686,41.199958],[122.24909,41.192071],[122.260931,41.192809],[122.269498,41.182544],[122.278274,41.186702],[122.283209,41.184255],[122.299515,41.188856],[122.325627,41.190557],[122.333231,41.187874],[122.347154,41.195904],[122.338005,41.201598],[122.356512,41.204406],[122.36166,41.207866],[122.364351,41.215426],[122.381017,41.222124],[122.383413,41.229459],[122.40336,41.24944],[122.415578,41.240085],[122.418222,41.241051],[122.41916,41.25109],[122.452311,41.245921],[122.458352,41.254641],[122.475384,41.252853],[122.483474,41.248894],[122.458518,41.231174],[122.441809,41.213388],[122.410992,41.211127],[122.400991,41.197158],[122.379175,41.193445],[122.363526,41.181438],[122.360913,41.17504],[122.366877,41.160266],[122.381217,41.158031],[122.379196,41.131376],[122.391052,41.118356],[122.391087,41.099568],[122.407971,41.086615],[122.407992,41.071523],[122.40218,41.063349],[122.403796,41.056038],[122.397342,41.039263],[122.40154,41.027972],[122.408536,41.027973],[122.406384,41.018832],[122.412952,41.013243],[122.414691,41.004616],[122.405449,40.991052],[122.39923,40.989476],[122.393596,40.99761],[122.385931,40.997454],[122.384712,40.98607],[122.371058,40.989557],[122.362636,40.998209],[122.354599,40.999879],[122.337231,40.986867],[122.335262,40.982074],[122.34125,40.978552],[122.358978,40.985859],[122.35333,40.973377],[122.340193,40.966984],[122.320722,40.968335],[122.323629,40.961385],[122.345986,40.952214],[122.344926,40.94828],[122.333531,40.941692],[122.338393,40.927065],[122.33662,40.923572],[122.327872,40.92152],[122.318551,40.927635],[122.31359,40.925493],[122.323277,40.914619],[122.313939,40.908338],[122.328522,40.906766],[122.328919,40.892881],[122.315063,40.894014],[122.317242,40.905319],[122.307582,40.906689],[122.299012,40.888053],[122.272091,40.862835],[122.268338,40.862275],[122.261826,40.868551],[122.248327,40.868667],[122.223267,40.861886],[122.215467,40.850698],[122.20381,40.85425],[122.18356,40.873766],[122.177141,40.875722],[122.172653,40.871576],[122.170192,40.857588],[122.173481,40.8482],[122.181788,40.839384],[122.181412,40.832322],[122.146175,40.838921],[122.129491,40.820083],[122.091449,40.798297],[122.091752,40.794],[122.103224,40.785679],[122.122828,40.777973],[122.178548,40.745285],[122.201072,40.738316],[122.204883,40.725476],[122.196396,40.711761],[122.19936,40.709496],[122.260579,40.708644],[122.267966,40.701131],[122.267557,40.693976],[122.264464,40.691881],[122.24014,40.681717],[122.229338,40.68125],[122.227134,40.686545],[122.213541,40.689032],[122.211779,40.691766],[122.200186,40.691443],[122.189246,40.700251],[122.182793,40.694298],[122.167138,40.708193],[122.157474,40.70979],[122.147024,40.70041],[122.148755,40.683833],[122.143015,40.670076],[122.127202,40.664478],[122.116597,40.655761],[122.091513,40.649609],[122.06075,40.646926],[122.044659,40.651974],[122.020364,40.67264],[121.972768,40.671238],[121.946211,40.679353],[121.931089,40.709966],[121.925187,40.753857],[121.936092,40.776161],[121.937745,40.787341],[121.934909,40.793714],[121.929148,40.796719],[121.8788,40.800728],[121.842278,40.823034],[121.837094,40.837059],[121.844499,40.844029],[121.843352,40.847124],[121.836825,40.854259],[121.820523,40.862553],[121.807701,40.895799],[121.799956,40.889757],[121.773213,40.885236],[121.756703,40.874111],[121.747701,40.867362],[121.746816,40.8504],[121.741269,40.851208],[121.731304,40.861333],[121.72709,40.84528],[121.694227,40.839069],[121.687415,40.830252],[121.642528,40.827647],[121.629904,40.831254],[121.626698,40.840271],[121.620887,40.842875],[121.601249,40.842675],[121.572788,40.837969],[121.565652,40.826255],[121.547675,40.816225],[121.542492,40.817097],[121.541147,40.82033]]],[[[123.042386,41.931282],[123.043979,41.936257],[123.060816,41.931924],[123.052281,41.922496],[123.042386,41.931282]]],[[[121.581871,40.952445],[121.589704,40.954234],[121.586202,40.964208],[121.589859,40.965985],[121.593561,40.954983],[121.589901,40.95428],[121.591711,40.94917],[121.585308,40.947913],[121.581871,40.952445]]],[[[121.479984,41.005026],[121.498745,41.005423],[121.4989,40.994802],[121.495899,40.998234],[121.484856,40.99796],[121.479984,41.005026]]]]}},{"type":"Feature","properties":{"id":"cn:211102","name":"双台子区","level":2},"geometry":{"type":"Polygon","coordinates":[[[121.922099,41.167206],[121.9274,41.187527],[121.94969,41.190054],[121.956596,41.193753],[121.96675,41.212412],[121.980185,41.212597],[121.977201,41.217894],[122.013299,41.228409],[122.026008,41.239328],[122.037625,41.225274],[122.046891,41.225603],[122.051577,41.23794],[122.046894,41.241884],[122.053992,41.258815],[122.081205,41.26952],[122.106343,41.249845],[122.134401,41.205995],[122.127422,41.201751],[122.125908,41.189041],[122.109874,41.183834],[122.109727,41.190132],[122.100241,41.186244],[122.079236,41.186727],[122.069396,41.179705],[122.062121,41.183915],[122.071416,41.169102],[122.063641,41.165311],[122.031717,41.165165],[122.031658,41.17666],[122.008271,41.172404],[121.99951,41.179225],[121.99222,41.170403],[121.999978,41.164518],[121.998499,41.157998],[121.993027,41.157083],[121.985267,41.160945],[121.948274,41.155753],[121.941244,41.152654],[121.940585,41.145001],[121.932909,41.143854],[121.931832,41.150369],[121.935035,41.152745],[121.936927,41.164757],[121.928344,41.168539],[121.922099,41.167206]]]}},{"type":"Feature","properties":{"id":"cn:211103","name":"兴隆台区","level":2},"geometry":{"type":"MultiPolygon","coordinates":[[[[121.541147,40.82033],[121.553533,40.838811],[121.549889,40.848091],[121.562223,40.857626],[121.579324,40.88415],[121.608499,40.904567],[121.623604,40.906532],[121.642579,40.936134],[121.644064,40.949038],[121.658272,40.957618],[121.656902,40.968217],[121.66159,40.98396],[121.668135,40.990274],[121.671025,41.006047],[121.660647,41.030174],[121.656029,41.032661],[121.657533,41.048735],[121.645988,41.052454],[121.642042,41.060783],[121.661622,41.058054],[121.674866,41.082998],[121.668809,41.082632],[121.667291,41.08847],[121.67392,41.087949],[121.675468,41.092842],[121.680499,41.095127],[121.686766,41.094794],[121.686159,41.091466],[121.692866,41.089219],[121.698663,41.089022],[121.699635,41.092812],[121.702101,41.092441],[121.702012,41.089585],[121.709158,41.089621],[121.709068,41.08543],[121.742163,41.083966],[121.743229,41.087409],[121.753205,41.086754],[121.75409,41.096816],[121.758188,41.098269],[121.70478,41.132691],[121.684897,41.15666],[121.657501,41.170429],[121.640308,41.170459],[121.627944,41.178543],[121.617459,41.175596],[121.610196,41.178021],[121.615343,41.196242],[121.631706,41.194676],[121.642992,41.198963],[121.632242,41.204896],[121.636273,41.211076],[121.644872,41.206759],[121.655079,41.211583],[121.659914,41.204581],[121.668777,41.206716],[121.669852,41.200797],[121.747807,41.18187],[121.749423,41.17676],[121.76909,41.162513],[121.773401,41.16655],[121.78949,41.151657],[121.790808,41.153665],[121.806257,41.146177],[121.812428,41.150577],[121.817522,41.147409],[121.822454,41.152727],[121.831802,41.153967],[121.840817,41.167975],[121.846656,41.170213],[121.844871,41.173965],[121.849379,41.177383],[121.843025,41.181498],[121.841664,41.189304],[121.8603,41.19838],[121.858551,41.200874],[121.862114,41.202485],[121.854261,41.204592],[121.866606,41.213359],[121.874753,41.228988],[121.878201,41.221542],[121.89342,41.223457],[121.888758,41.213716],[121.929669,41.213249],[121.928441,41.208657],[121.937959,41.205277],[121.940912,41.189049],[121.9274,41.187527],[121.922099,41.167206],[121.928344,41.168539],[121.936927,41.164757],[121.935035,41.152745],[121.931832,41.150369],[121.932909,41.143854],[121.940585,41.145001],[121.941244,41.152654],[121.948274,41.155753],[121.985267,41.160945],[121.993027,41.157083],[121.998499,41.157998],[121.999978,41.164518],[121.99222,41.170403],[121.99951,41.179225],[122.008271,41.172404],[122.031658,41.17666],[122.031717,41.165165],[122.063641,41.165311],[122.071416,41.169102],[122.062121,41.183915],[122.069396,41.179705],[122.079236,41.186727],[122.100241,41.186244],[122.109727,41.190132],[122.108366,41.173248],[122.114007,41.172746],[122.117036,41.162581],[122.120448,41.16188],[122.116629,41.159574],[122.115502,41.162817],[122.113539,41.153191],[122.130703,41.151745],[122.129779,41.148026],[122.153608,41.157508],[122.191173,41.148736],[122.189846,41.136245],[122.183134,41.135329],[122.183823,41.131713],[122.158518,41.131666],[122.158003,41.119133],[122.151634,41.122223],[122.15178,41.116127],[122.167645,41.113982],[122.169401,41.103639],[122.175736,41.104306],[122.175909,41.100558],[122.048756,41.087443],[122.049309,41.090012],[122.013909,41.099711],[122.014692,41.095114],[121.998077,41.089168],[121.996365,41.111034],[121.987494,41.111589],[121.991062,41.106628],[121.981417,41.10662],[121.97429,41.120091],[121.963186,41.121831],[121.950678,41.118446],[121.937471,41.125623],[121.937064,41.134847],[121.909293,41.138941],[121.903846,41.127684],[121.899205,41.099836],[121.895491,41.094876],[121.890915,41.094924],[121.883087,41.102116],[121.872036,41.101382],[121.858225,41.086423],[121.830576,41.080522],[121.81567,41.069051],[121.816052,41.060739],[121.819844,41.05676],[121.87111,41.057755],[121.886404,41.054501],[121.887231,41.047705],[121.881335,41.031858],[121.848829,40.983378],[121.801547,40.955543],[121.789289,40.944368],[121.787936,40.931954],[121.799956,40.889757],[121.773213,40.885236],[121.756703,40.874111],[121.747701,40.867362],[121.746816,40.8504],[121.741269,40.851208],[121.731304,40.861333],[121.72709,40.84528],[121.694227,40.839069],[121.687415,40.830252],[121.642528,40.827647],[121.629904,40.831254],[121.626698,40.840271],[121.620887,40.842875],[121.601249,40.842675],[121.572788,40.837969],[121.565652,40.826255],[121.547675,40.816225],[121.542492,40.817097],[121.541147,40.82033]]],[[[122.232593,41.331681],[122.2407,41.341495],[122.251756,41.335017],[122.245013,41.328379],[122.232593,41.331681]]],[[[123.042386,41.931282],[123.043979,41.936257],[123.060816,41.931924],[123.052281,41.922496],[123.042386,41.931282]]],[[[121.581871,40.952445],[121.589704,40.954234],[121.586202,40.964208],[121.589859,40.965985],[121.593561,40.954983],[121.589901,40.95428],[121.591711,40.94917],[121.585308,40.947913],[121.581871,40.952445]]],[[[121.479984,41.005026],[121.498745,41.005423],[121.4989,40.994802],[121.495899,40.998234],[121.484856,40.99796],[121.479984,41.005026]]]]}},{"type":"Feature","properties":{"id":"cn:211104","name":"大洼区","level":2},"geometry":{"type":"Polygon","coordinates":[[[121.787545,40.937367],[121.792388,40.948677],[121.848829,40.983378],[121.881335,41.031858],[121.887231,41.047705],[121.886404,41.054501],[121.87111,41.057755],[121.819844,41.05676],[121.816052,41.060739],[121.81567,41.069051],[121.830576,41.080522],[121.858225,41.086423],[121.872036,41.101382],[121.883087,41.102116],[121.890915,41.094924],[121.895491,41.094876],[121.899545,41.101137],[121.904303,41.129237],[121.909795,41.139126],[121.937064,41.134847],[121.937471,41.125623],[121.950678,41.118446],[121.963186,41.121831],[121.97429,41.120091],[121.981417,41.10662],[121.991062,41.106628],[121.987494,41.111589],[121.996365,41.111034],[121.998077,41.089168],[122.014692,41.095114],[122.013909,41.099711],[122.049309,41.090012],[122.048756,41.087443],[122.175909,41.100558],[122.175736,41.104306],[122.169401,41.103639],[122.167645,41.113982],[122.15178,41.116127],[122.151634,41.122223],[122.158003,41.119133],[122.158518,41.131666],[122.183823,41.131713],[122.183134,41.135329],[122.189846,41.136245],[122.191173,41.148736],[122.214307,41.142617],[122.226729,41.135537],[122.253253,41.130981],[122.25806,41.124098],[122.274113,41.114103],[122.297376,41.106264],[122.296363,41.091168],[122.293173,41.086819],[122.313183,41.065011],[122.309995,41.060517],[122.313039,41.057463],[122.30985,41.051953],[122.311406,41.020393],[122.318946,41.003522],[122.317832,40.997506],[122.332676,40.986193],[122.33682,40.986121],[122.33537,40.981093],[122.337949,40.978653],[122.355284,40.986135],[122.35923,40.985083],[122.35333,40.973377],[122.346141,40.968631],[122.333625,40.966261],[122.320722,40.968335],[122.323629,40.961385],[122.345986,40.952214],[122.344926,40.94828],[122.333531,40.941692],[122.338393,40.927065],[122.33662,40.923572],[122.327872,40.92152],[122.318551,40.927635],[122.31359,40.925493],[122.323277,40.914619],[122.313939,40.908338],[122.328522,40.906766],[122.328919,40.892881],[122.315063,40.894014],[122.317242,40.905319],[122.307582,40.906689],[122.299012,40.888053],[122.272091,40.862835],[122.268338,40.862275],[122.261826,40.868551],[122.248327,40.868667],[122.223267,40.861886],[122.215467,40.850698],[122.20381,40.85425],[122.18356,40.873766],[122.177141,40.875722],[122.172653,40.871576],[122.170192,40.857588],[122.173481,40.8482],[122.181788,40.839384],[122.181412,40.832322],[122.146175,40.838921],[122.129491,40.820083],[122.091449,40.798297],[122.091752,40.794],[122.103224,40.785679],[122.122828,40.777973],[122.178548,40.745285],[122.201072,40.738316],[122.204883,40.725476],[122.196396,40.711761],[122.19936,40.709496],[122.260579,40.708644],[122.267054,40.704349],[122.267557,40.693976],[122.24014,40.681717],[122.229338,40.68125],[122.227134,40.686545],[122.213541,40.689032],[122.211779,40.691766],[122.200186,40.691443],[122.189246,40.700251],[122.182793,40.694298],[122.167138,40.708193],[122.157474,40.70979],[122.147024,40.70041],[122.148755,40.683833],[122.143015,40.670076],[122.127202,40.664478],[122.116597,40.655761],[122.091513,40.649609],[122.06075,40.646926],[122.044659,40.651974],[122.020364,40.67264],[121.972768,40.671238],[121.946211,40.679353],[121.931089,40.709966],[121.925187,40.753857],[121.936092,40.776161],[121.937745,40.787341],[121.934909,40.793714],[121.929148,40.796719],[121.8788,40.800728],[121.842278,40.823034],[121.837094,40.837059],[121.844499,40.844029],[121.843352,40.847124],[121.836825,40.854259],[121.820523,40.862553],[121.810809,40.893157],[121.807701,40.895799],[121.799956,40.889757],[121.787545,40.937367]]]}},{"type":"Feature","properties":{"id":"cn:211122","name":"盘山县","level":2},"geometry":{"type":"MultiPolygon","coordinates":[[[[121.561545,41.13273],[121.566251,41.148933],[121.597127,41.178946],[121.607797,41.180723],[121.617459,41.175596],[121.627944,41.178543],[121.640308,41.170459],[121.657501,41.170429],[121.684897,41.15666],[121.70478,41.132691],[121.733952,41.111625],[121.73719,41.105321],[121.716881,41.10621],[121.716662,41.102986],[121.711514,41.101743],[121.690066,41.10305],[121.677081,41.098184],[121.660357,41.097701],[121.594697,41.103095],[121.579922,41.106306],[121.561545,41.13273]]],[[[121.595652,41.255776],[121.64718,41.291458],[121.657483,41.291481],[121.696172,41.313777],[121.711711,41.314436],[121.73495,41.333513],[121.75014,41.333703],[121.753661,41.329195],[121.769485,41.330476],[121.769269,41.342691],[121.773233,41.342524],[121.773617,41.338228],[121.779969,41.338617],[121.780311,41.334831],[121.7985,41.333995],[121.798318,41.347],[121.840489,41.350746],[121.86257,41.339027],[121.863898,41.328278],[121.879545,41.320656],[121.898343,41.335123],[121.895871,41.340989],[121.900425,41.348866],[121.896626,41.352728],[121.905743,41.353877],[121.919996,41.36434],[121.941084,41.367642],[121.945504,41.379062],[121.951102,41.384271],[121.969913,41.381854],[122.005321,41.383932],[122.014948,41.380308],[122.020947,41.368954],[122.035269,41.369366],[122.063206,41.385265],[122.071533,41.384201],[122.080729,41.391565],[122.085725,41.389889],[122.088962,41.397514],[122.103656,41.402594],[122.113479,41.411348],[122.137818,41.420322],[122.131759,41.426444],[122.152706,41.434895],[122.161432,41.442923],[122.16384,41.440883],[122.172172,41.449709],[122.1797,41.446333],[122.188412,41.457389],[122.193965,41.455744],[122.186903,41.446754],[122.195033,41.439598],[122.19068,41.432657],[122.193622,41.427032],[122.240009,41.371764],[122.274679,41.353072],[122.272275,41.346797],[122.277191,41.339591],[122.272809,41.330701],[122.266413,41.326268],[122.269497,41.317674],[122.261421,41.305334],[122.259141,41.28908],[122.24921,41.275846],[122.244584,41.258811],[122.244828,41.240526],[122.233491,41.23165],[122.199828,41.221264],[122.209723,41.214554],[122.221686,41.199958],[122.24909,41.192071],[122.260931,41.192809],[122.269498,41.182544],[122.278274,41.186702],[122.283209,41.184255],[122.299515,41.188856],[122.325627,41.190557],[122.333231,41.187874],[122.347154,41.195904],[122.338005,41.201598],[122.356512,41.204406],[122.36166,41.207866],[122.364351,41.215426],[122.381017,41.222124],[122.383413,41.229459],[122.40336,41.24944],[122.415578,41.240085],[122.418222,41.241051],[122.41916,41.25109],[122.452311,41.245921],[122.458352,41.254641],[122.475384,41.252853],[122.483474,41.248894],[122.458518,41.231174],[122.441809,41.213388],[122.410992,41.211127],[122.400991,41.197158],[122.379175,41.193445],[122.363526,41.181438],[122.360913,41.17504],[122.366877,41.160266],[122.381217,41.158031],[122.379196,41.131376],[122.391052,41.118356],[122.391087,41.099568],[122.407971,41.086615],[122.407992,41.071523],[122.40218,41.063349],[122.403796,41.056038],[122.397342,41.039263],[122.40154,41.027972],[122.408536,41.027973],[122.406384,41.018832],[122.412952,41.013243],[122.414691,41.004616],[122.405449,40.991052],[122.39923,40.989476],[122.393596,40.99761],[122.388595,40.998704],[122.384681,40.995419],[122.384712,40.98607],[122.375219,40.987885],[122.356822,41.00016],[122.334989,40.985739],[122.317832,40.997506],[122.318946,41.003522],[122.311406,41.020393],[122.30985,41.051953],[122.313039,41.057463],[122.309995,41.060517],[122.313183,41.065011],[122.293173,41.086819],[122.296363,41.091168],[122.297376,41.106264],[122.274113,41.114103],[122.25806,41.124098],[122.253253,41.130981],[122.226729,41.135537],[122.214307,41.142617],[122.200592,41.144296],[122.182907,41.152066],[122.153608,41.157508],[122.129779,41.148026],[122.130703,41.151745],[122.113539,41.153191],[122.115502,41.162817],[122.116629,41.159574],[122.120448,41.16188],[122.117036,41.162581],[122.114007,41.172746],[122.108366,41.173248],[122.108703,41.183975],[122.125908,41.189041],[122.127422,41.201751],[122.134401,41.205995],[122.106343,41.249845],[122.081205,41.26952],[122.053992,41.258815],[122.046894,41.241884],[122.051577,41.23794],[122.046891,41.225603],[122.037625,41.225274],[122.026008,41.239328],[122.013299,41.228409],[121.977201,41.217894],[121.980185,41.212597],[121.96675,41.212412],[121.956596,41.193753],[121.94969,41.190054],[121.940912,41.189049],[121.937959,41.205277],[121.928441,41.208657],[121.929669,41.213249],[121.888758,41.213716],[121.89342,41.223457],[121.878201,41.221542],[121.874753,41.228988],[121.866606,41.213359],[121.854261,41.204592],[121.862114,41.202485],[121.858551,41.200874],[121.8603,41.19838],[121.841664,41.189304],[121.843025,41.181498],[121.849379,41.177383],[121.844871,41.173965],[121.846656,41.170213],[121.840817,41.167975],[121.831802,41.153967],[121.822454,41.152727],[121.817522,41.147409],[121.812428,41.150577],[121.806257,41.146177],[121.790808,41.153665],[121.78949,41.151657],[121.773401,41.16655],[121.76909,41.162513],[121.749423,41.17676],[121.747807,41.18187],[121.669852,41.200797],[121.668777,41.206716],[121.659914,41.204581],[121.655079,41.211583],[121.644872,41.206759],[121.636273,41.211076],[121.632242,41.204896],[121.642992,41.198963],[121.631706,41.194676],[121.615343,41.196242],[121.615227,41.204953],[121.597484,41.209792],[121.586095,41.207552],[121.573811,41.217322],[121.572206,41.238833],[121.575061,41.247843],[121.595652,41.255776]],[[122.251488,41.334264],[122.2407,41.341495],[122.232593,41.331681],[122.245013,41.328379],[122.248259,41.334277],[122.251488,41.334264]]]]}},{"type":"Feature","properties":{"id":"cn:2112","name":"铁岭市","level":1},"geometry":{"type":"Polygon","coordinates":[[[123.443425,42.202343],[123.448616,42.213274],[123.453185,42.21834],[123.457032,42.217997],[123.459117,42.227919],[123.470682,42.230752],[123.462443,42.246908],[123.467506,42.259611],[123.475172,42.262513],[123.473377,42.266049],[123.48258,42.27297],[123.491903,42.273732],[123.503131,42.286394],[123.522149,42.319454],[123.522478,42.325617],[123.522734,42.337524],[123.516927,42.337628],[123.512539,42.346089],[123.499773,42.351505],[123.493603,42.361171],[123.481835,42.360753],[123.476378,42.369151],[123.45972,42.379021],[123.463343,42.38842],[123.470432,42.394855],[123.466026,42.396026],[123.469574,42.404773],[123.475446,42.405919],[123.472976,42.412083],[123.458144,42.422459],[123.456339,42.428711],[123.448963,42.430339],[123.448591,42.439427],[123.460744,42.447291],[123.467303,42.453795],[123.465762,42.457703],[123.472939,42.462624],[123.489725,42.460888],[123.503572,42.466805],[123.509068,42.477221],[123.514313,42.474995],[123.515412,42.481259],[123.512996,42.48112],[123.516465,42.485225],[123.524253,42.484515],[123.52827,42.479885],[123.536262,42.488481],[123.5485,42.491144],[123.552781,42.497876],[123.557781,42.499455],[123.560624,42.49688],[123.565306,42.504285],[123.577228,42.500708],[123.578199,42.510564],[123.60309,42.50728],[123.610969,42.523158],[123.606336,42.524386],[123.607066,42.533324],[123.615934,42.532099],[123.619748,42.535479],[123.618334,42.541674],[123.622779,42.539128],[123.621156,42.54342],[123.637402,42.550826],[123.647961,42.548027],[123.65826,42.549505],[123.661033,42.54519],[123.657458,42.542929],[123.660488,42.542019],[123.657577,42.53336],[123.662637,42.527978],[123.651772,42.519035],[123.664635,42.516883],[123.666832,42.51339],[123.673523,42.514198],[123.677921,42.507892],[123.708422,42.53465],[123.711744,42.532546],[123.730768,42.540444],[123.746768,42.540785],[123.753007,42.548974],[123.752491,42.55172],[123.737779,42.557019],[123.729216,42.549549],[123.723483,42.549555],[123.719662,42.553809],[123.724592,42.55928],[123.722596,42.563059],[123.705191,42.564436],[123.707696,42.569966],[123.705372,42.576949],[123.688165,42.576785],[123.684016,42.589022],[123.696757,42.593311],[123.690378,42.600407],[123.667889,42.599878],[123.66239,42.602524],[123.656545,42.612783],[123.644357,42.613634],[123.659643,42.624309],[123.632584,42.635828],[123.614681,42.648888],[123.61301,42.653006],[123.61973,42.661966],[123.619506,42.673908],[123.603981,42.677784],[123.598002,42.672873],[123.596555,42.667291],[123.586009,42.661776],[123.578824,42.672271],[123.573138,42.674476],[123.576515,42.67806],[123.58289,42.675406],[123.582615,42.68154],[123.562644,42.691966],[123.56316,42.695067],[123.574895,42.698978],[123.576756,42.704182],[123.565366,42.709885],[123.553046,42.72672],[123.566586,42.739316],[123.569551,42.749034],[123.580426,42.751667],[123.580964,42.75805],[123.572624,42.763853],[123.572431,42.769201],[123.580233,42.773006],[123.59304,42.769519],[123.598499,42.772716],[123.587746,42.787576],[123.594776,42.794496],[123.587608,42.80886],[123.585913,42.820508],[123.599656,42.827552],[123.586974,42.837947],[123.587492,42.845282],[123.579386,42.848204],[123.59761,42.866345],[123.582033,42.870978],[123.576519,42.876022],[123.57991,42.884101],[123.593447,42.890717],[123.595928,42.898215],[123.593943,42.902379],[123.580131,42.907452],[123.578753,42.912443],[123.582889,42.919665],[123.594247,42.920411],[123.598162,42.927083],[123.578779,42.941145],[123.576848,42.947651],[123.56447,42.948093],[123.554323,42.953445],[123.540856,42.975094],[123.548162,42.982152],[123.560734,42.985162],[123.555474,42.995741],[123.556879,43.005108],[123.56109,43.005672],[123.561984,43.001076],[123.564926,43.000572],[123.565925,43.007603],[123.576793,43.007868],[123.582505,43.013046],[123.57484,43.017573],[123.579753,43.021848],[123.574658,43.027316],[123.5753,43.034479],[123.584658,43.029999],[123.589909,43.03878],[123.605586,43.047083],[123.602722,43.051163],[123.590907,43.055881],[123.590178,43.059981],[123.599458,43.061957],[123.610266,43.075207],[123.620066,43.077005],[123.620891,43.083224],[123.625265,43.086587],[123.621533,43.097872],[123.62754,43.109534],[123.623729,43.117946],[123.633773,43.124934],[123.629423,43.137365],[123.637435,43.141623],[123.641732,43.152308],[123.647678,43.15729],[123.641975,43.171146],[123.646211,43.173866],[123.653503,43.172469],[123.662027,43.179049],[123.662019,43.187599],[123.658938,43.191271],[123.648747,43.192443],[123.647983,43.197486],[123.642123,43.20161],[123.640439,43.210932],[123.652809,43.219717],[123.665387,43.219075],[123.671003,43.222378],[123.661941,43.233085],[123.670283,43.240503],[123.659388,43.25552],[123.658712,43.262481],[123.664119,43.267994],[123.674119,43.269352],[123.680986,43.275211],[123.690951,43.270121],[123.698945,43.271384],[123.69938,43.275707],[123.690092,43.279583],[123.689944,43.292534],[123.6978,43.295746],[123.693468,43.308202],[123.70977,43.308953],[123.714458,43.313172],[123.713572,43.316696],[123.703026,43.317326],[123.696507,43.323875],[123.70892,43.33151],[123.698832,43.334274],[123.697956,43.340993],[123.706246,43.341956],[123.703616,43.34996],[123.714718,43.354669],[123.703407,43.355893],[123.689779,43.352936],[123.696713,43.357913],[123.698875,43.365464],[123.699201,43.374509],[123.692902,43.375195],[123.691925,43.379434],[123.703045,43.382317],[123.693194,43.389045],[123.699544,43.394159],[123.696918,43.401059],[123.704138,43.402778],[123.700865,43.405981],[123.705488,43.410168],[123.704092,43.414791],[123.719985,43.421074],[123.726863,43.418537],[123.727612,43.420787],[123.721197,43.422415],[123.72062,43.425285],[123.728146,43.424779],[123.742967,43.43676],[123.736882,43.44025],[123.743673,43.441474],[123.738728,43.446203],[123.745749,43.452259],[123.747004,43.462106],[123.740242,43.466171],[123.740746,43.469256],[123.755503,43.477323],[123.760394,43.476825],[123.765693,43.481715],[123.767565,43.477907],[123.780803,43.477369],[123.786602,43.484656],[123.785994,43.488563],[123.81984,43.46914],[123.827409,43.471188],[123.850422,43.463584],[123.85517,43.459478],[123.851523,43.456935],[123.866368,43.449044],[123.849684,43.434453],[123.846759,43.425568],[123.848816,43.420611],[123.843676,43.413315],[123.846437,43.403762],[123.857679,43.39862],[123.859962,43.393337],[123.886377,43.38785],[123.895466,43.376917],[123.890595,43.35878],[123.905188,43.35582],[123.917844,43.35802],[123.935023,43.349054],[123.940909,43.349618],[123.958226,43.338502],[123.955917,43.33628],[123.98721,43.305725],[124.026742,43.278346],[124.037558,43.285452],[124.059755,43.290035],[124.094893,43.291774],[124.097071,43.28707],[124.092124,43.278498],[124.09893,43.279678],[124.102037,43.275334],[124.101568,43.278211],[124.105049,43.278529],[124.110847,43.274642],[124.105439,43.266518],[124.110891,43.260803],[124.10807,43.244682],[124.122911,43.245039],[124.122392,43.247951],[124.126538,43.247091],[124.126938,43.252739],[124.131236,43.248124],[124.133949,43.250752],[124.139758,43.247469],[124.148096,43.2517],[124.144799,43.246586],[124.152773,43.248989],[124.155079,43.246975],[124.151157,43.243768],[124.156414,43.245109],[124.164936,43.241235],[124.166273,43.246989],[124.171832,43.245346],[124.169864,43.241472],[124.172214,43.239681],[124.18375,43.243993],[124.186401,43.24049],[124.188835,43.24466],[124.19383,43.243204],[124.199667,43.249892],[124.205581,43.249849],[124.210139,43.253652],[124.213467,43.250161],[124.210974,43.243332],[124.217927,43.243085],[124.213134,43.238951],[124.220996,43.239644],[124.22272,43.232615],[124.229893,43.234327],[124.237393,43.230971],[124.244562,43.235992],[124.247308,43.229447],[124.251714,43.230409],[124.255185,43.236458],[124.25637,43.229425],[124.270236,43.230964],[124.271175,43.226381],[124.277422,43.227369],[124.27477,43.22512],[124.276811,43.218151],[124.274632,43.21378],[124.281637,43.20444],[124.271533,43.193906],[124.275908,43.184939],[124.267749,43.176315],[124.276735,43.17447],[124.27275,43.171124],[124.27761,43.168593],[124.277905,43.16358],[124.294416,43.156072],[124.286412,43.151844],[124.296925,43.14638],[124.302792,43.152574],[124.31807,43.144132],[124.334407,43.12609],[124.359598,43.118793],[124.386195,43.093199],[124.415112,43.080034],[124.419703,43.073703],[124.365215,43.024319],[124.327265,42.994678],[124.354605,42.973375],[124.375111,42.967218],[124.396092,42.968412],[124.409035,42.974132],[124.415883,42.97353],[124.423175,42.964236],[124.435397,42.957297],[124.436048,42.939024],[124.427733,42.934641],[124.425684,42.928308],[124.408583,42.923855],[124.407099,42.919368],[124.394668,42.919432],[124.39157,42.912614],[124.382323,42.907591],[124.374389,42.91003],[124.360161,42.899982],[124.360283,42.889392],[124.364702,42.88664],[124.36261,42.880889],[124.365527,42.878454],[124.408035,42.876987],[124.419502,42.871692],[124.428321,42.878359],[124.43333,42.875616],[124.431455,42.864748],[124.444294,42.859604],[124.443391,42.856172],[124.448521,42.850025],[124.445674,42.824163],[124.4486,42.82151],[124.459641,42.820143],[124.466464,42.825126],[124.460206,42.844293],[124.474624,42.856653],[124.48748,42.861319],[124.490544,42.856362],[124.4938,42.856528],[124.49557,42.862764],[124.508426,42.871315],[124.518009,42.86829],[124.526195,42.869679],[124.533174,42.86494],[124.537732,42.883645],[124.549129,42.88809],[124.557419,42.88678],[124.566317,42.894674],[124.566759,42.898767],[124.572592,42.897622],[124.573938,42.901059],[124.580353,42.902899],[124.597334,42.920487],[124.599218,42.925509],[124.596709,42.928699],[124.601987,42.935253],[124.616153,42.938838],[124.616726,42.946694],[124.626309,42.947644],[124.633401,42.953039],[124.627655,42.957132],[124.629478,42.970808],[124.641787,42.974702],[124.653957,42.971047],[124.656753,42.979141],[124.654486,42.981321],[124.665268,42.98783],[124.665571,42.992913],[124.671822,43.000366],[124.669556,43.028929],[124.673245,43.031256],[124.673184,43.036398],[124.680241,43.048091],[124.686916,43.053729],[124.712498,43.067574],[124.734122,43.065665],[124.748835,43.071407],[124.75249,43.083855],[124.778861,43.102583],[124.780076,43.115088],[124.793297,43.120179],[124.806257,43.115222],[124.814252,43.117892],[124.817316,43.122392],[124.835927,43.124679],[124.852385,43.117227],[124.86453,43.12188],[124.876934,43.131958],[124.89023,43.127731],[124.888422,43.116115],[124.875954,43.108613],[124.878089,43.102464],[124.873498,43.097992],[124.877943,43.091338],[124.878716,43.078079],[124.883327,43.072946],[124.869109,43.063795],[124.862743,43.052],[124.852368,43.048727],[124.851227,43.038201],[124.857213,43.035867],[124.857999,43.032088],[124.839813,43.03328],[124.834079,43.026431],[124.839229,43.023438],[124.844657,43.013698],[124.851151,43.010603],[124.855894,43.000939],[124.851506,42.998985],[124.855489,42.99447],[124.85493,42.989372],[124.866043,42.983396],[124.861538,42.97983],[124.863725,42.978283],[124.861698,42.973631],[124.869153,42.966388],[124.861051,42.960393],[124.866373,42.960031],[124.861964,42.955942],[124.868842,42.953848],[124.863699,42.952619],[124.859304,42.944623],[124.859155,42.936372],[124.863819,42.934191],[124.863216,42.926253],[124.858641,42.924669],[124.860763,42.916317],[124.85408,42.912151],[124.854188,42.902453],[124.849257,42.901594],[124.846297,42.897],[124.844806,42.890039],[124.848482,42.889501],[124.850612,42.884229],[124.843365,42.8797],[124.843306,42.874116],[124.847726,42.871528],[124.844943,42.869296],[124.850668,42.864624],[124.848554,42.857744],[124.850522,42.843727],[124.855847,42.841694],[124.852818,42.838155],[124.851233,42.821645],[124.861872,42.804535],[124.866404,42.789514],[124.874078,42.786385],[124.880805,42.788737],[124.895032,42.78642],[124.904867,42.800352],[124.909607,42.80227],[124.909078,42.811337],[124.905119,42.813447],[124.910874,42.815746],[124.918183,42.814076],[124.922246,42.817534],[124.942905,42.804089],[124.964433,42.803199],[124.969043,42.800416],[124.971328,42.790476],[124.969067,42.785449],[124.973939,42.779301],[124.983695,42.776684],[124.987098,42.768672],[124.982333,42.757752],[124.976239,42.758377],[124.976629,42.753416],[124.973582,42.750834],[124.981872,42.749744],[124.990354,42.743038],[124.98893,42.736597],[124.98196,42.730391],[124.983574,42.725789],[124.972957,42.726814],[124.962159,42.720412],[124.970901,42.715039],[124.965918,42.711103],[124.972749,42.707552],[124.983235,42.693108],[124.979858,42.684428],[124.969121,42.68181],[124.959285,42.674992],[124.968444,42.670747],[124.985875,42.674792],[124.990388,42.672965],[124.990362,42.66773],[125.008861,42.663277],[125.00669,42.657878],[125.01347,42.651267],[125.007792,42.643937],[125.010865,42.639805],[125.004598,42.630192],[125.00985,42.624574],[125.014563,42.625647],[125.022246,42.620933],[125.0238,42.614406],[125.032212,42.613047],[125.048808,42.621637],[125.057741,42.618303],[125.07498,42.62365],[125.090883,42.619918],[125.093235,42.610729],[125.083522,42.604987],[125.089903,42.598342],[125.075249,42.586298],[125.081204,42.582487],[125.085076,42.569506],[125.070155,42.556433],[125.070606,42.537244],[125.060744,42.533225],[125.082541,42.516177],[125.08472,42.511355],[125.074763,42.510868],[125.071048,42.5077],[125.071283,42.503264],[125.060484,42.500361],[125.062681,42.497171],[125.078912,42.498426],[125.098618,42.48836],[125.102827,42.47912],[125.099634,42.475487],[125.090762,42.47543],[125.074972,42.46507],[125.072116,42.462414],[125.073536,42.454894],[125.067826,42.450245],[125.029997,42.435742],[125.030145,42.418432],[125.035405,42.411607],[125.033373,42.405668],[125.018198,42.399557],[125.009261,42.401256],[124.995122,42.396834],[124.991728,42.39032],[124.999786,42.376174],[124.997465,42.372175],[124.993017,42.373804],[124.984704,42.370693],[124.985935,42.37498],[124.978926,42.376984],[124.968698,42.366005],[124.954838,42.368063],[124.950096,42.371778],[124.955103,42.382318],[124.946361,42.386996],[124.938873,42.398645],[124.925488,42.400711],[124.917718,42.394465],[124.889486,42.396145],[124.883745,42.399198],[124.880455,42.408147],[124.858185,42.40569],[124.815816,42.416063],[124.81375,42.408495],[124.794452,42.413655],[124.780428,42.407352],[124.773416,42.398573],[124.769628,42.398106],[124.766113,42.389104],[124.771008,42.382537],[124.768406,42.380851],[124.781327,42.378419],[124.783786,42.367124],[124.781894,42.363294],[124.79121,42.357268],[124.786387,42.352363],[124.781706,42.337653],[124.776417,42.335666],[124.76952,42.334025],[124.75546,42.340722],[124.745538,42.336062],[124.732477,42.336423],[124.726561,42.333446],[124.719686,42.322239],[124.707078,42.322867],[124.690157,42.314941],[124.673594,42.317414],[124.645691,42.313672],[124.620013,42.325187],[124.620141,42.332399],[124.627536,42.339035],[124.628268,42.344408],[124.617911,42.346278],[124.599488,42.343248],[124.587956,42.348943],[124.574106,42.347133],[124.568568,42.349354],[124.563808,42.33957],[124.572185,42.319015],[124.559087,42.301623],[124.555344,42.280204],[124.547618,42.267895],[124.530934,42.25572],[124.51018,42.234513],[124.522193,42.200269],[124.530761,42.190733],[124.538218,42.174814],[124.555492,42.161879],[124.554347,42.152929],[124.537314,42.135322],[124.535718,42.128859],[124.544398,42.116792],[124.541899,42.112296],[124.508539,42.082656],[124.44156,42.065382],[124.417438,42.049717],[124.408049,42.047653],[124.403673,42.042052],[124.377904,42.031468],[124.360532,42.030463],[124.358831,42.022062],[124.363156,42.018452],[124.335944,42.006995],[124.33138,42.014238],[124.324356,42.014352],[124.307321,42.012921],[124.288787,42.00376],[124.274078,42.005149],[124.277898,42.010849],[124.275302,42.018615],[124.279394,42.026251],[124.270773,42.032887],[124.269918,42.04087],[124.262708,42.043742],[124.258747,42.062317],[124.247835,42.065034],[124.228382,42.055902],[124.215257,42.053416],[124.18557,42.056619],[124.164042,42.053068],[124.134676,42.065646],[124.089076,42.071019],[124.073755,42.063086],[124.061342,42.06194],[124.033851,42.042742],[124.028121,42.016553],[124.018391,42.009332],[123.998373,42.009371],[123.980127,42.003597],[123.948981,42.003485],[123.937783,42.00664],[123.944588,42.016496],[123.941524,42.021661],[123.920435,42.016735],[123.899992,42.029063],[123.896149,42.027198],[123.879662,42.031523],[123.869712,42.026648],[123.836993,42.020755],[123.817644,42.011788],[123.795751,41.991888],[123.78484,41.986456],[123.772495,41.99049],[123.771384,41.994257],[123.766021,41.992857],[123.763387,42.000414],[123.756789,41.996835],[123.755062,42.002996],[123.759479,42.007331],[123.757469,42.015386],[123.767238,42.021316],[123.774223,42.021246],[123.779088,42.015842],[123.782378,42.017327],[123.786549,42.01084],[123.791617,42.010382],[123.796015,42.017546],[123.797134,42.014267],[123.804717,42.020132],[123.807626,42.0284],[123.801507,42.036774],[123.806931,42.040806],[123.807886,42.046105],[123.799844,42.049223],[123.797591,42.057305],[123.788797,42.057837],[123.783519,42.050758],[123.785821,42.047459],[123.780103,42.036244],[123.762644,42.042145],[123.761503,42.045457],[123.754054,42.043843],[123.754063,42.047216],[123.745777,42.050846],[123.749383,42.05576],[123.74418,42.060359],[123.734891,42.064348],[123.729403,42.062948],[123.72145,42.074079],[123.699923,42.083527],[123.698932,42.089068],[123.672339,42.096241],[123.656675,42.091717],[123.651794,42.092105],[123.652123,42.0944],[123.64805,42.09271],[123.641643,42.098768],[123.626775,42.098603],[123.625259,42.106226],[123.615003,42.1138],[123.584063,42.12744],[123.5693,42.130167],[123.550282,42.142563],[123.545665,42.140735],[123.535877,42.144873],[123.532538,42.153033],[123.534698,42.153913],[123.536161,42.180118],[123.530889,42.178737],[123.515464,42.188825],[123.503531,42.190656],[123.481183,42.178204],[123.463475,42.179199],[123.463951,42.18487],[123.456829,42.187889],[123.458558,42.191134],[123.451624,42.193776],[123.448624,42.201239],[123.443425,42.202343]]]}},{"type":"Feature","properties":{"id":"cn:211202","name":"银州区","level":2},"geometry":{"type":"Polygon","coordinates":[[[123.748076,42.180871],[123.758302,42.189963],[123.759756,42.205384],[123.785008,42.211312],[123.793883,42.218288],[123.787901,42.219744],[123.779129,42.228847],[123.781595,42.230214],[123.773834,42.236029],[123.777345,42.24124],[123.768996,42.240154],[123.767114,42.246509],[123.771265,42.246169],[123.767779,42.247834],[123.774874,42.246503],[123.777411,42.247888],[123.773729,42.251467],[123.783235,42.256516],[123.78984,42.264481],[123.801751,42.266352],[123.816689,42.274286],[123.807252,42.277644],[123.804018,42.284676],[123.795797,42.285483],[123.796657,42.297284],[123.809831,42.304484],[123.799879,42.302269],[123.794207,42.31222],[123.827269,42.319029],[123.839707,42.331968],[123.843367,42.327927],[123.856528,42.331991],[123.858728,42.330717],[123.857387,42.324554],[123.866541,42.330299],[123.86503,42.334491],[123.87157,42.337715],[123.883395,42.333147],[123.894436,42.323701],[123.89965,42.326834],[123.920217,42.324627],[123.923239,42.321904],[123.922598,42.315594],[123.914683,42.308075],[123.898023,42.299608],[123.901739,42.295592],[123.895457,42.295409],[123.894795,42.291183],[123.904266,42.283575],[123.902888,42.279046],[123.914816,42.273989],[123.904621,42.273883],[123.905746,42.265252],[123.901997,42.261266],[123.898327,42.263221],[123.899028,42.260012],[123.893885,42.259897],[123.897039,42.259118],[123.893548,42.257605],[123.896398,42.257026],[123.895088,42.252266],[123.899228,42.250692],[123.892062,42.246079],[123.893565,42.236069],[123.898268,42.235682],[123.895952,42.233281],[123.906257,42.228456],[123.928972,42.232283],[123.944435,42.223674],[123.941069,42.21722],[123.947708,42.213053],[123.96263,42.215735],[123.964869,42.205093],[123.972952,42.203462],[123.9698,42.198305],[123.960837,42.197473],[123.940179,42.199125],[123.928289,42.204638],[123.90287,42.198942],[123.889626,42.20199],[123.877799,42.197513],[123.863413,42.203879],[123.862365,42.200354],[123.855795,42.19793],[123.856893,42.19283],[123.851907,42.192021],[123.8549,42.189265],[123.850513,42.190755],[123.827385,42.184755],[123.824418,42.187956],[123.820408,42.187233],[123.823149,42.180862],[123.818477,42.173967],[123.818751,42.170488],[123.822888,42.168938],[123.820037,42.16606],[123.807688,42.165507],[123.799413,42.172142],[123.790295,42.171359],[123.790127,42.166348],[123.79587,42.159996],[123.792039,42.156162],[123.788104,42.156546],[123.787451,42.159521],[123.776467,42.157478],[123.764762,42.165502],[123.757919,42.164609],[123.749535,42.172628],[123.748076,42.180871]]]}},{"type":"Feature","properties":{"id":"cn:211204","name":"清河区","level":2},"geometry":{"type":"Polygon","coordinates":[[[124.06401,42.535071],[124.065836,42.543251],[124.06333,42.548413],[124.083007,42.586752],[124.105336,42.588375],[124.110173,42.590181],[124.111993,42.595411],[124.120508,42.593154],[124.127433,42.595754],[124.136213,42.602185],[124.142417,42.602935],[124.148061,42.612582],[124.169805,42.619121],[124.177793,42.629001],[124.183294,42.625056],[124.188936,42.626156],[124.200181,42.618467],[124.213049,42.622528],[124.213789,42.619265],[124.216279,42.62042],[124.222449,42.615426],[124.223059,42.611622],[124.243098,42.610673],[124.255324,42.61426],[124.263055,42.608335],[124.276444,42.608487],[124.286036,42.601996],[124.288339,42.593478],[124.298217,42.588572],[124.314606,42.589802],[124.323335,42.583647],[124.33229,42.586088],[124.346337,42.578603],[124.354384,42.579513],[124.360074,42.569178],[124.388907,42.568365],[124.423357,42.5751],[124.444483,42.559252],[124.434551,42.554855],[124.431115,42.550004],[124.436133,42.533799],[124.440108,42.531021],[124.438998,42.52483],[124.425773,42.516844],[124.4348,42.520948],[124.440709,42.508343],[124.435402,42.506043],[124.39784,42.506059],[124.399192,42.497267],[124.394465,42.505312],[124.387605,42.504204],[124.39356,42.501805],[124.393622,42.499032],[124.389281,42.499614],[124.393802,42.495526],[124.39348,42.491273],[124.400342,42.491877],[124.399165,42.488208],[124.402629,42.483919],[124.400599,42.481545],[124.409192,42.471866],[124.40777,42.450873],[124.412217,42.446677],[124.416539,42.424502],[124.430286,42.420638],[124.433143,42.407874],[124.436639,42.405394],[124.42862,42.400136],[124.430332,42.393852],[124.42185,42.380273],[124.411515,42.380084],[124.400554,42.385907],[124.389001,42.385642],[124.380201,42.39593],[124.36337,42.400411],[124.359874,42.407437],[124.345207,42.411699],[124.343194,42.417804],[124.320674,42.426922],[124.255512,42.438846],[124.25435,42.445482],[124.237668,42.447042],[124.229476,42.454619],[124.214996,42.456993],[124.206541,42.462177],[124.197755,42.460164],[124.194388,42.456163],[124.159276,42.466466],[124.14945,42.472582],[124.143902,42.48478],[124.128567,42.486674],[124.119908,42.496638],[124.109401,42.497934],[124.104412,42.503662],[124.096305,42.502451],[124.092459,42.50589],[124.086084,42.503848],[124.087161,42.50639],[124.082678,42.508476],[124.081088,42.506411],[124.079904,42.511181],[124.075853,42.508475],[124.072531,42.516241],[124.076715,42.531471],[124.071761,42.534146],[124.075145,42.537012],[124.069936,42.533814],[124.06723,42.534753],[124.06874,42.537461],[124.06401,42.535071]]]}},{"type":"Feature","properties":{"id":"cn:211221","name":"铁岭县","level":2},"geometry":{"type":"Polygon","coordinates":[[[123.910822,42.394219],[123.911833,42.381776],[123.918649,42.381643],[123.923178,42.388769],[123.921104,42.40015],[123.926778,42.398622],[123.934181,42.404629],[123.945175,42.401289],[123.950715,42.404632],[123.946821,42.409985],[123.956386,42.411898],[123.954587,42.40995],[123.958467,42.406542],[123.956156,42.402563],[123.961289,42.40417],[123.977123,42.398911],[123.977812,42.395441],[123.999051,42.396911],[123.995564,42.391614],[123.997529,42.385176],[124.00093,42.386073],[123.987384,42.380978],[123.998913,42.378238],[124.001233,42.374673],[123.997085,42.374223],[123.999252,42.368537],[123.994958,42.366218],[124.002652,42.357635],[123.99804,42.355622],[123.997986,42.349976],[124.00642,42.34282],[124.001146,42.337098],[123.993497,42.336852],[123.990914,42.326655],[123.999412,42.31946],[124.043232,42.317181],[124.061847,42.32979],[124.070751,42.331823],[124.071254,42.326224],[124.077737,42.323926],[124.079064,42.32025],[124.069929,42.315917],[124.068468,42.300095],[124.072706,42.295862],[124.083117,42.296178],[124.091627,42.286225],[124.096644,42.284868],[124.101773,42.289726],[124.110282,42.288151],[124.115167,42.276122],[124.114939,42.264648],[124.103898,42.263492],[124.102179,42.257477],[124.092806,42.254125],[124.090823,42.242331],[124.097712,42.238547],[124.106164,42.236185],[124.12057,42.245575],[124.140199,42.249743],[124.140607,42.240983],[124.144402,42.241418],[124.145357,42.237682],[124.143031,42.234163],[124.151723,42.231312],[124.149919,42.226519],[124.155963,42.222037],[124.160046,42.221659],[124.165024,42.230203],[124.167221,42.224726],[124.183876,42.230183],[124.191509,42.224641],[124.210544,42.229069],[124.216662,42.223667],[124.220235,42.211105],[124.221438,42.213357],[124.230475,42.212388],[124.234067,42.215952],[124.241345,42.213613],[124.246105,42.217762],[124.248017,42.212332],[124.258168,42.206076],[124.247084,42.197028],[124.259892,42.192895],[124.277158,42.19223],[124.315969,42.198988],[124.322158,42.190481],[124.322957,42.175755],[124.335578,42.16631],[124.34872,42.164418],[124.374621,42.171251],[124.382855,42.162739],[124.393348,42.16442],[124.397054,42.159975],[124.430694,42.15331],[124.423573,42.139696],[124.416204,42.137971],[124.432502,42.122047],[124.442615,42.123484],[124.452869,42.119724],[124.457247,42.121255],[124.466713,42.116018],[124.480955,42.115819],[124.490396,42.120881],[124.535718,42.128859],[124.544398,42.116792],[124.514311,42.085638],[124.44156,42.065382],[124.417438,42.049717],[124.408049,42.047653],[124.403673,42.042052],[124.377904,42.031468],[124.360532,42.030463],[124.358831,42.022062],[124.363156,42.018452],[124.335944,42.006995],[124.33138,42.014238],[124.324356,42.014352],[124.307321,42.012921],[124.288787,42.00376],[124.274078,42.005149],[124.277898,42.010849],[124.275302,42.018615],[124.279394,42.026251],[124.270773,42.032887],[124.269918,42.04087],[124.262708,42.043742],[124.258747,42.062317],[124.247835,42.065034],[124.228382,42.055902],[124.215257,42.053416],[124.18557,42.056619],[124.164042,42.053068],[124.134676,42.065646],[124.089076,42.071019],[124.073755,42.063086],[124.061342,42.06194],[124.033851,42.042742],[124.028121,42.016553],[124.018391,42.009332],[123.998373,42.009371],[123.980127,42.003597],[123.948981,42.003485],[123.937783,42.00664],[123.944588,42.016496],[123.941524,42.021661],[123.920435,42.016735],[123.899992,42.029063],[123.896149,42.027198],[123.879662,42.031523],[123.869712,42.026648],[123.836993,42.020755],[123.817644,42.011788],[123.795751,41.991888],[123.78484,41.986456],[123.772495,41.99049],[123.771384,41.994257],[123.766021,41.992857],[123.763387,42.000414],[123.756789,41.996835],[123.755062,42.002996],[123.759479,42.007331],[123.757469,42.015386],[123.767238,42.021316],[123.774223,42.021246],[123.779088,42.015842],[123.782378,42.017327],[123.786549,42.01084],[123.791617,42.010382],[123.796015,42.017546],[123.797134,42.014267],[123.804717,42.020132],[123.807626,42.0284],[123.801507,42.036774],[123.806931,42.040806],[123.807886,42.046105],[123.799844,42.049223],[123.797591,42.057305],[123.788797,42.057837],[123.783519,42.050758],[123.785821,42.047459],[123.780103,42.036244],[123.762644,42.042145],[123.761503,42.045457],[123.754054,42.043843],[123.754063,42.047216],[123.745777,42.050846],[123.749383,42.05576],[123.74418,42.060359],[123.734891,42.064348],[123.729403,42.062948],[123.72145,42.074079],[123.699923,42.083527],[123.698932,42.089068],[123.672339,42.096241],[123.656675,42.091717],[123.651794,42.092105],[123.652123,42.0944],[123.64805,42.09271],[123.641643,42.098768],[123.626775,42.098603],[123.625259,42.106226],[123.615003,42.1138],[123.584063,42.12744],[123.5693,42.130167],[123.550282,42.142563],[123.545665,42.140735],[123.535877,42.144873],[123.532538,42.153033],[123.534698,42.153913],[123.536161,42.180118],[123.530889,42.178737],[123.515464,42.188825],[123.503531,42.190656],[123.481183,42.178204],[123.463475,42.179199],[123.463951,42.18487],[123.456829,42.187889],[123.458558,42.191134],[123.451624,42.193776],[123.448624,42.201239],[123.443425,42.202343],[123.448616,42.213274],[123.453185,42.21834],[123.457032,42.217997],[123.459117,42.227919],[123.470682,42.230752],[123.462443,42.246908],[123.467506,42.259611],[123.475172,42.262513],[123.473377,42.266049],[123.48258,42.27297],[123.487213,42.271367],[123.493086,42.274782],[123.509804,42.29605],[123.522149,42.319454],[123.522734,42.337524],[123.516927,42.337628],[123.515863,42.342952],[123.510871,42.346523],[123.51335,42.350001],[123.507746,42.355729],[123.520869,42.36039],[123.516136,42.362093],[123.525026,42.362811],[123.525869,42.366461],[123.536148,42.36204],[123.535409,42.365641],[123.536675,42.36003],[123.547899,42.352342],[123.555091,42.359095],[123.564672,42.352978],[123.576439,42.355739],[123.574369,42.351218],[123.581157,42.355112],[123.580692,42.34959],[123.583244,42.351326],[123.584066,42.348402],[123.580383,42.345248],[123.593256,42.342226],[123.594251,42.346771],[123.601158,42.346359],[123.600627,42.344374],[123.60253,42.347626],[123.602198,42.342165],[123.6075,42.353397],[123.610143,42.353271],[123.609886,42.349192],[123.612844,42.35284],[123.61073,42.348789],[123.616324,42.349686],[123.624404,42.353253],[123.62494,42.35734],[123.627038,42.35362],[123.631087,42.354058],[123.630839,42.351425],[123.634923,42.351731],[123.63447,42.356112],[123.638891,42.357455],[123.642066,42.365371],[123.652207,42.36925],[123.649303,42.371078],[123.651911,42.371661],[123.653354,42.379734],[123.647288,42.379369],[123.65362,42.388036],[123.649748,42.390049],[123.655391,42.40049],[123.663655,42.395822],[123.666245,42.398077],[123.696407,42.396707],[123.694963,42.398902],[123.698055,42.399984],[123.692705,42.401275],[123.694444,42.404917],[123.692232,42.405805],[123.695882,42.413287],[123.684855,42.416937],[123.682624,42.414021],[123.671572,42.416479],[123.671405,42.421551],[123.653447,42.43154],[123.657133,42.441569],[123.662622,42.446055],[123.663862,42.453379],[123.662678,42.473575],[123.657691,42.48865],[123.659761,42.494328],[123.646205,42.506247],[123.651772,42.519035],[123.664635,42.516883],[123.666832,42.51339],[123.673523,42.514198],[123.677921,42.507892],[123.708422,42.53465],[123.711744,42.532546],[123.730768,42.540444],[123.746459,42.541032],[123.741974,42.5341],[123.742987,42.52972],[123.748428,42.525724],[123.761705,42.529714],[123.763573,42.523172],[123.759351,42.516973],[123.760992,42.509533],[123.774921,42.505092],[123.773339,42.500121],[123.767036,42.497425],[123.765084,42.490166],[123.774664,42.487734],[123.778465,42.495751],[123.782888,42.496795],[123.785519,42.491669],[123.781435,42.482028],[123.791412,42.480137],[123.797884,42.474676],[123.796457,42.464693],[123.811625,42.456581],[123.804565,42.440721],[123.791896,42.445976],[123.789649,42.443864],[123.792202,42.431146],[123.800967,42.434317],[123.803179,42.430834],[123.794914,42.414133],[123.811205,42.417614],[123.813038,42.413637],[123.80854,42.406737],[123.813297,42.40505],[123.823149,42.40905],[123.830934,42.417345],[123.840681,42.408077],[123.83992,42.39927],[123.844159,42.401081],[123.846084,42.408343],[123.86708,42.4256],[123.875236,42.42009],[123.876521,42.406366],[123.883672,42.402538],[123.897271,42.406186],[123.902401,42.394077],[123.910822,42.394219]],[[123.863413,42.203879],[123.877799,42.197513],[123.889626,42.20199],[123.90287,42.198942],[123.928289,42.204638],[123.940179,42.199125],[123.960837,42.197473],[123.9698,42.198305],[123.972952,42.203462],[123.964869,42.205093],[123.96263,42.215735],[123.947708,42.213053],[123.941069,42.21722],[123.944435,42.223674],[123.928972,42.232283],[123.906257,42.228456],[123.895952,42.233281],[123.898268,42.235682],[123.893565,42.236069],[123.892062,42.246079],[123.899228,42.250692],[123.895088,42.252266],[123.896398,42.257026],[123.893548,42.257605],[123.897039,42.259118],[123.893885,42.259897],[123.899028,42.260012],[123.898327,42.263221],[123.901997,42.261266],[123.905746,42.265252],[123.904621,42.273883],[123.914816,42.273989],[123.902888,42.279046],[123.904266,42.283575],[123.894795,42.291183],[123.895457,42.295409],[123.901739,42.295592],[123.898023,42.299608],[123.914683,42.308075],[123.922598,42.315594],[123.923239,42.321904],[123.920217,42.324627],[123.89965,42.326834],[123.894436,42.323701],[123.883395,42.333147],[123.87157,42.337715],[123.86503,42.334491],[123.866541,42.330299],[123.857387,42.324554],[123.858728,42.330717],[123.856528,42.331991],[123.843367,42.327927],[123.839707,42.331968],[123.827269,42.319029],[123.794207,42.31222],[123.799879,42.302269],[123.809831,42.304484],[123.796657,42.297284],[123.795797,42.285483],[123.804018,42.284676],[123.807252,42.277644],[123.816689,42.274286],[123.801751,42.266352],[123.78984,42.264481],[123.783235,42.256516],[123.773729,42.251467],[123.777411,42.247888],[123.774874,42.246503],[123.767779,42.247834],[123.771265,42.246169],[123.767114,42.246509],[123.768996,42.240154],[123.777345,42.24124],[123.773834,42.236029],[123.781595,42.230214],[123.779129,42.228847],[123.787901,42.219744],[123.793883,42.218288],[123.785008,42.211312],[123.759756,42.205384],[123.758302,42.189963],[123.748076,42.180871],[123.749535,42.172628],[123.757919,42.164609],[123.764762,42.165502],[123.77195,42.159077],[123.787451,42.159521],[123.788104,42.156546],[123.792039,42.156162],[123.79587,42.159996],[123.790127,42.166348],[123.790295,42.171359],[123.799413,42.172142],[123.807688,42.165507],[123.820037,42.16606],[123.822888,42.168938],[123.818751,42.170488],[123.818477,42.173967],[123.823149,42.180862],[123.820408,42.187233],[123.824418,42.187956],[123.827385,42.184755],[123.850513,42.190755],[123.8549,42.189265],[123.851907,42.192021],[123.856893,42.19283],[123.8574,42.199567],[123.862365,42.200354],[123.863413,42.203879]]]}},{"type":"Feature","properties":{"id":"cn:211223","name":"西丰县","level":2},"geometry":{"type":"Polygon","coordinates":[[[124.274315,42.666498],[124.294123,42.673579],[124.292805,42.676464],[124.27987,42.680123],[124.295539,42.693605],[124.301169,42.703359],[124.322536,42.714217],[124.325888,42.734659],[124.330796,42.740211],[124.359162,42.732523],[124.378797,42.733759],[124.407396,42.740617],[124.423739,42.748633],[124.423087,42.761054],[124.431125,42.77704],[124.460231,42.799297],[124.46616,42.807552],[124.465092,42.814254],[124.459554,42.820147],[124.466065,42.824588],[124.466924,42.828893],[124.460206,42.844293],[124.475856,42.857175],[124.48748,42.861319],[124.490544,42.856362],[124.494624,42.856975],[124.495049,42.862226],[124.508426,42.871315],[124.518009,42.86829],[124.526195,42.869679],[124.533174,42.86494],[124.537732,42.883645],[124.549129,42.88809],[124.557419,42.88678],[124.566317,42.894674],[124.566759,42.898767],[124.572592,42.897622],[124.573938,42.901059],[124.580353,42.902899],[124.597334,42.920487],[124.599218,42.925509],[124.596709,42.928699],[124.601987,42.935253],[124.616153,42.938838],[124.616726,42.946694],[124.626309,42.947644],[124.633401,42.953039],[124.627655,42.957132],[124.629478,42.970808],[124.641787,42.974702],[124.654565,42.971646],[124.656753,42.979141],[124.654486,42.981321],[124.665268,42.98783],[124.665571,42.992913],[124.671822,43.000366],[124.669556,43.028929],[124.673245,43.031256],[124.673184,43.036398],[124.680241,43.048091],[124.686213,43.053234],[124.712498,43.067574],[124.734122,43.065665],[124.748835,43.071407],[124.75249,43.083855],[124.778861,43.102583],[124.780459,43.115339],[124.794712,43.120483],[124.801161,43.1153],[124.806631,43.115283],[124.814252,43.117892],[124.817316,43.122392],[124.835927,43.124679],[124.852385,43.117227],[124.86453,43.12188],[124.876934,43.131958],[124.883037,43.131871],[124.89023,43.127731],[124.88871,43.116637],[124.875954,43.108613],[124.878089,43.102464],[124.873498,43.097992],[124.877943,43.091338],[124.878716,43.078079],[124.883327,43.072946],[124.869109,43.063795],[124.862743,43.052],[124.852368,43.048727],[124.851227,43.038201],[124.857213,43.035867],[124.857999,43.032088],[124.839813,43.03328],[124.834079,43.026431],[124.839229,43.023438],[124.844657,43.013698],[124.851151,43.010603],[124.855894,43.000939],[124.851506,42.998985],[124.855489,42.99447],[124.85493,42.989372],[124.866043,42.983396],[124.861538,42.97983],[124.863725,42.978283],[124.861698,42.973631],[124.869153,42.966388],[124.861051,42.960393],[124.866373,42.960031],[124.861964,42.955942],[124.868842,42.953848],[124.863699,42.952619],[124.859304,42.944623],[124.859155,42.936372],[124.863819,42.934191],[124.863216,42.926253],[124.858641,42.924669],[124.860763,42.916317],[124.85408,42.912151],[124.854188,42.902453],[124.849257,42.901594],[124.846297,42.897],[124.844806,42.890039],[124.848482,42.889501],[124.850612,42.884229],[124.843365,42.8797],[124.843306,42.874116],[124.847726,42.871528],[124.844943,42.869296],[124.850668,42.864624],[124.848554,42.857744],[124.850522,42.843727],[124.855847,42.841694],[124.852818,42.838155],[124.851233,42.821645],[124.861872,42.804535],[124.866404,42.789514],[124.874078,42.786385],[124.880805,42.788737],[124.895032,42.78642],[124.904867,42.800352],[124.909607,42.80227],[124.909078,42.811337],[124.905119,42.813447],[124.910874,42.815746],[124.918183,42.814076],[124.922246,42.817534],[124.942905,42.804089],[124.964433,42.803199],[124.969468,42.8],[124.971328,42.790007],[124.969067,42.785449],[124.973939,42.779301],[124.983695,42.776684],[124.987098,42.768672],[124.982333,42.757752],[124.976239,42.758377],[124.976629,42.753416],[124.973582,42.750834],[124.981872,42.749744],[124.990354,42.743038],[124.98893,42.736597],[124.98196,42.730391],[124.983574,42.725789],[124.972957,42.726814],[124.962159,42.720412],[124.970901,42.715039],[124.965918,42.711103],[124.972749,42.707552],[124.983235,42.693108],[124.979858,42.684428],[124.959173,42.675226],[124.96255,42.671302],[124.968444,42.670747],[124.978965,42.674818],[124.987541,42.674397],[124.990683,42.672375],[124.990362,42.66773],[125.008861,42.663277],[125.00669,42.657878],[125.01347,42.651267],[125.007792,42.643937],[125.010865,42.639805],[125.004598,42.630192],[125.00985,42.624574],[125.014563,42.625647],[125.022246,42.620933],[125.0238,42.614406],[125.032212,42.613047],[125.048808,42.621637],[125.057741,42.618303],[125.07498,42.62365],[125.090883,42.619918],[125.093235,42.610729],[125.083409,42.604384],[125.089903,42.598342],[125.075249,42.586298],[125.081204,42.582487],[125.085076,42.569506],[125.070155,42.556433],[125.070606,42.537244],[125.060744,42.533225],[125.082541,42.516177],[125.08472,42.511355],[125.074763,42.510868],[125.071048,42.5077],[125.071283,42.503264],[125.060484,42.500361],[125.062681,42.497171],[125.078912,42.498426],[125.098618,42.48836],[125.102975,42.479618],[125.101578,42.476425],[125.090762,42.47543],[125.074972,42.46507],[125.072116,42.462414],[125.073536,42.454894],[125.067826,42.450245],[125.029997,42.435742],[125.030145,42.418432],[125.035405,42.411607],[125.033373,42.405668],[125.018198,42.399557],[125.009261,42.401256],[124.995122,42.396834],[124.991728,42.39032],[124.999786,42.376174],[124.997465,42.372175],[124.993017,42.373804],[124.984704,42.370693],[124.985935,42.37498],[124.978926,42.376984],[124.968698,42.366005],[124.954838,42.368063],[124.950096,42.371778],[124.955103,42.382318],[124.946361,42.386996],[124.938873,42.398645],[124.925488,42.400711],[124.917718,42.394465],[124.889486,42.396145],[124.883745,42.399198],[124.880455,42.408147],[124.858185,42.40569],[124.815816,42.416063],[124.80881,42.422752],[124.790869,42.425389],[124.792652,42.429848],[124.804818,42.437126],[124.802083,42.440921],[124.805415,42.44777],[124.803271,42.451923],[124.797857,42.457059],[124.785887,42.460191],[124.781319,42.472423],[124.771526,42.477244],[124.773405,42.484229],[124.766376,42.489591],[124.763031,42.497091],[124.748548,42.500756],[124.737709,42.512678],[124.728186,42.515205],[124.713686,42.509723],[124.708987,42.505367],[124.709268,42.495022],[124.697678,42.489105],[124.691134,42.491979],[124.682,42.502532],[124.647787,42.512881],[124.645273,42.51991],[124.633297,42.519448],[124.628446,42.520869],[124.625449,42.526522],[124.615336,42.526897],[124.613813,42.522718],[124.599414,42.518191],[124.597887,42.512803],[124.586913,42.502848],[124.567187,42.497647],[124.557763,42.503703],[124.559461,42.510333],[124.550134,42.517598],[124.550311,42.521927],[124.535905,42.53108],[124.538112,42.535995],[124.521954,42.540763],[124.517371,42.545317],[124.484414,42.550373],[124.480837,42.54497],[124.472855,42.544057],[124.446395,42.557294],[124.423357,42.5751],[124.388907,42.568365],[124.360074,42.569178],[124.354384,42.579513],[124.346337,42.578603],[124.33229,42.586088],[124.333954,42.590839],[124.340647,42.594886],[124.331282,42.611081],[124.315937,42.616227],[124.298182,42.644357],[124.274315,42.666498]]]}},{"type":"Feature","properties":{"id":"cn:211224","name":"昌图县","level":2},"geometry":{"type":"Polygon","coordinates":[[[123.540856,42.975094],[123.548162,42.982152],[123.560734,42.985162],[123.555474,42.995741],[123.556879,43.005108],[123.56109,43.005672],[123.561984,43.001076],[123.564926,43.000572],[123.565925,43.007603],[123.576793,43.007868],[123.582505,43.013046],[123.57484,43.017573],[123.579753,43.021848],[123.574658,43.027316],[123.5753,43.034479],[123.584658,43.029999],[123.589909,43.03878],[123.605586,43.047083],[123.602722,43.051163],[123.590907,43.055881],[123.590178,43.059981],[123.599458,43.061957],[123.610266,43.075207],[123.620066,43.077005],[123.620891,43.083224],[123.625265,43.086587],[123.621533,43.097872],[123.62754,43.109534],[123.623729,43.117946],[123.633773,43.124934],[123.629423,43.137365],[123.637435,43.141623],[123.641732,43.152308],[123.647678,43.15729],[123.641975,43.171146],[123.646211,43.173866],[123.653503,43.172469],[123.662027,43.179049],[123.662019,43.187599],[123.658938,43.191271],[123.648747,43.192443],[123.647983,43.197486],[123.642123,43.20161],[123.640439,43.210932],[123.652809,43.219717],[123.665387,43.219075],[123.671003,43.222378],[123.661941,43.233085],[123.670283,43.240503],[123.659388,43.25552],[123.658876,43.262833],[123.680986,43.275211],[123.69247,43.269847],[123.699875,43.272807],[123.69938,43.275707],[123.690092,43.279583],[123.689944,43.292534],[123.6978,43.295746],[123.693468,43.308202],[123.70977,43.308953],[123.714484,43.31411],[123.712635,43.317143],[123.701498,43.318042],[123.697123,43.322595],[123.696801,43.325086],[123.70622,43.327798],[123.70892,43.33151],[123.698832,43.334274],[123.697713,43.340303],[123.706246,43.341956],[123.703616,43.34996],[123.714718,43.354669],[123.703407,43.355893],[123.689779,43.352936],[123.696713,43.357913],[123.698875,43.365464],[123.699201,43.374509],[123.692902,43.375195],[123.691925,43.379434],[123.702976,43.381819],[123.693125,43.388221],[123.699544,43.394159],[123.696918,43.401059],[123.704138,43.402778],[123.700865,43.405981],[123.705488,43.410168],[123.704092,43.414791],[123.719985,43.421074],[123.726863,43.418537],[123.727612,43.420787],[123.721197,43.422415],[123.72062,43.425285],[123.728146,43.424779],[123.742967,43.43676],[123.736882,43.44025],[123.743846,43.441777],[123.738728,43.446203],[123.745504,43.451668],[123.747004,43.462106],[123.740083,43.468766],[123.765693,43.481715],[123.767565,43.477907],[123.780803,43.477369],[123.786602,43.484656],[123.785994,43.488563],[123.81984,43.46914],[123.827409,43.471188],[123.840204,43.465146],[123.843242,43.46776],[123.85517,43.459478],[123.851618,43.456858],[123.866368,43.449044],[123.850048,43.435047],[123.846759,43.425568],[123.848816,43.420611],[123.843676,43.413315],[123.846437,43.403762],[123.857679,43.39862],[123.859962,43.393337],[123.886377,43.38785],[123.895466,43.376917],[123.889945,43.359254],[123.905188,43.35582],[123.917844,43.35802],[123.935023,43.349054],[123.940909,43.349618],[123.958226,43.338502],[123.955917,43.33628],[123.98721,43.305725],[124.026742,43.278346],[124.037558,43.285452],[124.059755,43.290035],[124.094893,43.291774],[124.097071,43.28707],[124.092124,43.278498],[124.09893,43.279678],[124.102037,43.275334],[124.101568,43.278211],[124.105049,43.278529],[124.110847,43.274642],[124.105439,43.266518],[124.110891,43.260803],[124.10807,43.244682],[124.122911,43.245039],[124.122392,43.247951],[124.126538,43.247091],[124.126938,43.252739],[124.131236,43.248124],[124.133949,43.250752],[124.139758,43.247469],[124.148096,43.2517],[124.144799,43.246586],[124.152773,43.248989],[124.155079,43.246975],[124.151157,43.243768],[124.156414,43.245109],[124.164936,43.241235],[124.166273,43.246989],[124.171832,43.245346],[124.169864,43.241472],[124.172214,43.239681],[124.18375,43.243993],[124.186401,43.24049],[124.188835,43.24466],[124.19383,43.243204],[124.199667,43.249892],[124.205581,43.249849],[124.210139,43.253652],[124.213467,43.250161],[124.210974,43.243332],[124.217927,43.243085],[124.213134,43.238951],[124.220996,43.239644],[124.22272,43.232615],[124.229893,43.234327],[124.237393,43.230971],[124.244562,43.235992],[124.247308,43.229447],[124.251714,43.230409],[124.255185,43.236458],[124.25637,43.229425],[124.270236,43.230964],[124.271175,43.226381],[124.277422,43.227369],[124.27477,43.22512],[124.276811,43.218151],[124.274632,43.21378],[124.281637,43.20444],[124.271533,43.193906],[124.275908,43.184939],[124.267749,43.176315],[124.276735,43.17447],[124.27275,43.171124],[124.27761,43.168593],[124.277905,43.16358],[124.294416,43.156072],[124.286412,43.151844],[124.296925,43.14638],[124.302792,43.152574],[124.31807,43.144132],[124.334407,43.12609],[124.359598,43.118793],[124.386195,43.093199],[124.415112,43.080034],[124.419703,43.073703],[124.365215,43.024319],[124.327265,42.994678],[124.354367,42.973475],[124.374451,42.967236],[124.416526,42.973308],[124.423175,42.964236],[124.435927,42.956507],[124.433923,42.948972],[124.436109,42.939467],[124.427733,42.934641],[124.425684,42.928308],[124.408583,42.923855],[124.40729,42.919428],[124.394668,42.919432],[124.39157,42.912614],[124.382323,42.907591],[124.374389,42.91003],[124.360161,42.899982],[124.360292,42.88934],[124.331086,42.887487],[124.319694,42.879275],[124.313922,42.8797],[124.314186,42.876212],[124.30857,42.873709],[124.308105,42.865764],[124.312585,42.86405],[124.311249,42.860001],[124.316093,42.858154],[124.303532,42.852324],[124.297898,42.839717],[124.300425,42.831507],[124.297321,42.826416],[124.303035,42.814081],[124.298771,42.816292],[124.290732,42.814436],[124.282719,42.818769],[124.276885,42.81534],[124.269558,42.821914],[124.2639,42.816932],[124.259452,42.819901],[124.245156,42.813999],[124.2444,42.795692],[124.23611,42.793615],[124.235844,42.786839],[124.223943,42.782126],[124.228456,42.77628],[124.218941,42.774085],[124.226776,42.765086],[124.206611,42.750708],[124.208767,42.74834],[124.206129,42.744533],[124.194104,42.742217],[124.194447,42.731495],[124.187016,42.726649],[124.185918,42.720108],[124.165106,42.720503],[124.157741,42.715882],[124.15866,42.710587],[124.153822,42.705145],[124.124048,42.700512],[124.109373,42.678495],[124.11401,42.670464],[124.111213,42.667106],[124.089946,42.65998],[124.074355,42.67958],[124.065903,42.684952],[124.039437,42.687119],[123.975853,42.685589],[123.915955,42.673881],[123.87916,42.655528],[123.8526,42.634261],[123.843461,42.614065],[123.831377,42.600383],[123.830047,42.594517],[123.822683,42.589045],[123.81611,42.587341],[123.797876,42.573356],[123.741124,42.5665],[123.732009,42.559924],[123.731047,42.550875],[123.72495,42.549179],[123.719709,42.553164],[123.724592,42.55928],[123.722596,42.563059],[123.705191,42.564436],[123.707696,42.569966],[123.705372,42.576949],[123.688165,42.576785],[123.684016,42.589022],[123.696757,42.593311],[123.690378,42.600407],[123.667889,42.599878],[123.66239,42.602524],[123.656545,42.612783],[123.644357,42.613634],[123.659643,42.624309],[123.632584,42.635828],[123.614681,42.648888],[123.61301,42.653006],[123.61973,42.661966],[123.619506,42.673908],[123.603981,42.677784],[123.598002,42.672873],[123.596555,42.667291],[123.586009,42.661776],[123.578824,42.672271],[123.573138,42.674476],[123.576515,42.67806],[123.58289,42.675406],[123.582615,42.68154],[123.562644,42.691966],[123.56316,42.695067],[123.574895,42.698978],[123.576756,42.704182],[123.565366,42.709885],[123.553046,42.72672],[123.566586,42.739316],[123.569551,42.749034],[123.580426,42.751667],[123.580964,42.75805],[123.572624,42.763853],[123.572431,42.769201],[123.580233,42.773006],[123.59304,42.769519],[123.598499,42.772716],[123.587746,42.787576],[123.594776,42.794496],[123.587608,42.80886],[123.585913,42.820508],[123.599656,42.827552],[123.586974,42.837947],[123.587492,42.845282],[123.579386,42.848204],[123.59761,42.866345],[123.582033,42.870978],[123.576519,42.876022],[123.57991,42.884101],[123.593447,42.890717],[123.595928,42.898215],[123.593943,42.902379],[123.580131,42.907452],[123.578753,42.912443],[123.582889,42.919665],[123.594247,42.920411],[123.598162,42.927083],[123.578779,42.941145],[123.576848,42.947651],[123.56447,42.948093],[123.554323,42.953445],[123.540856,42.975094]]]}},{"type":"Feature","properties":{"id":"cn:211281","name":"调兵山市","level":2},"geometry":{"type":"Polygon","coordinates":[[[123.447862,42.437035],[123.467303,42.453795],[123.465762,42.457703],[123.472939,42.462624],[123.489725,42.460888],[123.503572,42.466805],[123.509068,42.477221],[123.514313,42.474995],[123.515412,42.481259],[123.512996,42.48112],[123.516465,42.485225],[123.524253,42.484515],[123.52827,42.479885],[123.536262,42.488481],[123.5485,42.491144],[123.552781,42.497876],[123.557781,42.499455],[123.560624,42.49688],[123.565306,42.504285],[123.577228,42.500708],[123.578199,42.510564],[123.60309,42.50728],[123.610969,42.523158],[123.606336,42.524386],[123.607066,42.533324],[123.615934,42.532099],[123.619748,42.535479],[123.618334,42.541674],[123.62326,42.539747],[123.621156,42.54342],[123.637881,42.550977],[123.647961,42.548027],[123.657896,42.549694],[123.661033,42.54519],[123.657458,42.542929],[123.660488,42.542019],[123.657577,42.53336],[123.662637,42.527978],[123.656887,42.520762],[123.652978,42.521725],[123.646205,42.506247],[123.659761,42.494328],[123.658136,42.484938],[123.662678,42.473575],[123.66337,42.449067],[123.653447,42.43154],[123.671405,42.421551],[123.671572,42.416479],[123.682624,42.414021],[123.684855,42.416937],[123.695882,42.413287],[123.692705,42.401275],[123.698055,42.399984],[123.694951,42.395902],[123.666245,42.398077],[123.663655,42.395822],[123.655391,42.40049],[123.649748,42.390049],[123.65362,42.388036],[123.647288,42.379369],[123.653354,42.379734],[123.651911,42.371661],[123.649303,42.371078],[123.652207,42.36925],[123.642066,42.365371],[123.638891,42.357455],[123.63447,42.356112],[123.634923,42.351731],[123.630839,42.351425],[123.631087,42.354058],[123.627038,42.35362],[123.62494,42.35734],[123.624404,42.353253],[123.616324,42.349686],[123.61073,42.348789],[123.612844,42.35284],[123.609886,42.349192],[123.610143,42.353271],[123.6075,42.353397],[123.602198,42.342165],[123.60253,42.347626],[123.600627,42.344374],[123.601158,42.346359],[123.594251,42.346771],[123.593256,42.342226],[123.580383,42.345248],[123.584066,42.348402],[123.583244,42.351326],[123.580692,42.34959],[123.581157,42.355112],[123.578761,42.351988],[123.574369,42.351218],[123.576439,42.355739],[123.564672,42.352978],[123.555091,42.359095],[123.547899,42.352342],[123.536675,42.36003],[123.535634,42.365562],[123.535861,42.361994],[123.525869,42.366461],[123.525026,42.362811],[123.516136,42.362093],[123.520869,42.36039],[123.507345,42.355341],[123.51335,42.350001],[123.508945,42.346801],[123.497154,42.353919],[123.493603,42.361171],[123.481835,42.360753],[123.476378,42.369151],[123.459858,42.378814],[123.463343,42.38842],[123.470432,42.394855],[123.466026,42.396026],[123.469574,42.404773],[123.475446,42.405919],[123.472976,42.412083],[123.458144,42.422459],[123.456339,42.428711],[123.448963,42.430339],[123.447862,42.437035]]]}},{"type":"Feature","properties":{"id":"cn:211282","name":"开原市","level":2},"geometry":{"type":"Polygon","coordinates":[[[123.730907,42.557208],[123.741124,42.5665],[123.799384,42.57426],[123.830047,42.594517],[123.831377,42.600383],[123.84809,42.621385],[123.853024,42.634626],[123.87916,42.655528],[123.918651,42.674674],[123.985004,42.686548],[124.045903,42.68687],[124.065903,42.684952],[124.073223,42.680615],[124.089946,42.65998],[124.111213,42.667106],[124.11401,42.670464],[124.109373,42.678495],[124.124048,42.700512],[124.153822,42.705145],[124.15866,42.710587],[124.157741,42.715882],[124.165106,42.720503],[124.185918,42.720108],[124.187016,42.726649],[124.194447,42.731495],[124.194104,42.742217],[124.206129,42.744533],[124.208767,42.74834],[124.206611,42.750708],[124.226776,42.765086],[124.218941,42.774085],[124.228456,42.77628],[124.223943,42.782126],[124.235844,42.786839],[124.23611,42.793615],[124.2444,42.795692],[124.245156,42.813999],[124.259452,42.819901],[124.2639,42.816932],[124.269558,42.821914],[124.276885,42.81534],[124.282719,42.818769],[124.290732,42.814436],[124.298771,42.816292],[124.303035,42.814081],[124.297321,42.826416],[124.300425,42.831507],[124.297898,42.839717],[124.303532,42.852324],[124.316093,42.858154],[124.311249,42.860001],[124.312585,42.86405],[124.308105,42.865764],[124.30857,42.873709],[124.314186,42.876212],[124.313561,42.879381],[124.319694,42.879275],[124.331086,42.887487],[124.340076,42.886072],[124.342077,42.888689],[124.358799,42.889587],[124.364702,42.88664],[124.36261,42.880889],[124.365527,42.878454],[124.408035,42.876987],[124.419502,42.871692],[124.428321,42.878359],[124.43333,42.875616],[124.431455,42.864748],[124.444294,42.859604],[124.443391,42.856172],[124.448521,42.850025],[124.445778,42.823832],[124.459554,42.820147],[124.466334,42.809843],[124.460231,42.799297],[124.431125,42.77704],[124.423087,42.761054],[124.423739,42.748633],[124.407396,42.740617],[124.378797,42.733759],[124.359162,42.732523],[124.331061,42.740347],[124.325888,42.734659],[124.322536,42.714217],[124.301169,42.703359],[124.295539,42.693605],[124.27987,42.680123],[124.294328,42.673915],[124.274315,42.666498],[124.275419,42.664788],[124.298182,42.644357],[124.315937,42.616227],[124.331282,42.611081],[124.340182,42.593251],[124.333954,42.590839],[124.328624,42.583226],[124.314606,42.589802],[124.30289,42.587081],[124.288339,42.593478],[124.286036,42.601996],[124.276444,42.608487],[124.263055,42.608335],[124.255324,42.61426],[124.243098,42.610673],[124.223059,42.611622],[124.222449,42.615426],[124.216279,42.62042],[124.213789,42.619265],[124.213049,42.622528],[124.200181,42.618467],[124.188936,42.626156],[124.183294,42.625056],[124.176852,42.628858],[124.169805,42.619121],[124.148061,42.612582],[124.142417,42.602935],[124.136213,42.602185],[124.127433,42.595754],[124.120508,42.593154],[124.111993,42.595411],[124.110173,42.590181],[124.105336,42.588375],[124.083007,42.586752],[124.06333,42.548413],[124.065836,42.543251],[124.063754,42.535155],[124.068086,42.537738],[124.06723,42.534753],[124.069936,42.533814],[124.075145,42.537012],[124.071761,42.534146],[124.076715,42.531471],[124.072531,42.516241],[124.075853,42.508475],[124.079904,42.511181],[124.081088,42.506411],[124.082678,42.508476],[124.087161,42.50639],[124.086084,42.503848],[124.092459,42.50589],[124.096305,42.502451],[124.104412,42.503662],[124.109401,42.497934],[124.119908,42.496638],[124.128567,42.486674],[124.143902,42.48478],[124.14945,42.472582],[124.159276,42.466466],[124.194388,42.456163],[124.197755,42.460164],[124.206541,42.462177],[124.214996,42.456993],[124.229476,42.454619],[124.237668,42.447042],[124.25435,42.445482],[124.255512,42.438846],[124.333908,42.422249],[124.343941,42.417221],[124.345207,42.411699],[124.359874,42.407437],[124.36337,42.400411],[124.381685,42.394966],[124.389001,42.385642],[124.400222,42.385981],[124.420072,42.378829],[124.428961,42.390344],[124.42862,42.400136],[124.436686,42.405541],[124.433143,42.407874],[124.430286,42.420638],[124.416539,42.424502],[124.412217,42.446677],[124.40777,42.450873],[124.409192,42.471866],[124.400599,42.481545],[124.402629,42.483919],[124.399165,42.488208],[124.400342,42.491877],[124.39348,42.491273],[124.393802,42.495526],[124.389281,42.499614],[124.393622,42.499032],[124.39356,42.501805],[124.387605,42.504204],[124.394465,42.505312],[124.399192,42.497267],[124.39784,42.506059],[124.435402,42.506043],[124.440709,42.508343],[124.4348,42.520948],[124.432481,42.520392],[124.430047,42.518393],[124.425773,42.516844],[124.438998,42.52483],[124.440108,42.531021],[124.436133,42.533799],[124.431115,42.550004],[124.434551,42.554855],[124.444483,42.559252],[124.472855,42.544057],[124.480837,42.54497],[124.484414,42.550373],[124.513309,42.546499],[124.521954,42.540763],[124.536012,42.537676],[124.539108,42.534097],[124.535905,42.53108],[124.550311,42.521927],[124.550134,42.517598],[124.559461,42.510333],[124.557763,42.503703],[124.567187,42.497647],[124.586913,42.502848],[124.597887,42.512803],[124.599414,42.518191],[124.613813,42.522718],[124.615336,42.526897],[124.625449,42.526522],[124.628446,42.520869],[124.633297,42.519448],[124.645273,42.51991],[124.647787,42.512881],[124.682,42.502532],[124.691134,42.491979],[124.697678,42.489105],[124.709268,42.495022],[124.708987,42.505367],[124.713686,42.509723],[124.728186,42.515205],[124.737709,42.512678],[124.748548,42.500756],[124.763031,42.497091],[124.766376,42.489591],[124.773405,42.484229],[124.771526,42.477244],[124.781319,42.472423],[124.785887,42.460191],[124.797857,42.457059],[124.803271,42.451923],[124.805415,42.44777],[124.802083,42.440921],[124.804818,42.437126],[124.792652,42.429848],[124.790869,42.425389],[124.80881,42.422752],[124.816488,42.417027],[124.81375,42.408495],[124.794452,42.413655],[124.780428,42.407352],[124.773416,42.398573],[124.769628,42.398106],[124.766113,42.389104],[124.771008,42.382537],[124.768406,42.380851],[124.781327,42.378419],[124.783786,42.367124],[124.781894,42.363294],[124.79121,42.357268],[124.786387,42.352363],[124.781706,42.337653],[124.776417,42.335666],[124.76952,42.334025],[124.75546,42.340722],[124.745538,42.336062],[124.732477,42.336423],[124.726561,42.333446],[124.719686,42.322239],[124.707078,42.322867],[124.690157,42.314941],[124.673594,42.317414],[124.645691,42.313672],[124.620013,42.325187],[124.620141,42.332399],[124.627536,42.339035],[124.628268,42.344408],[124.617911,42.346278],[124.599488,42.343248],[124.587956,42.348943],[124.574106,42.347133],[124.568568,42.349354],[124.563808,42.33957],[124.572185,42.319015],[124.559087,42.301623],[124.555344,42.280204],[124.547618,42.267895],[124.530934,42.25572],[124.51018,42.234513],[124.522193,42.200269],[124.530761,42.190733],[124.538218,42.174814],[124.555492,42.161879],[124.554347,42.152929],[124.537314,42.135322],[124.535718,42.128859],[124.490396,42.120881],[124.480955,42.115819],[124.466713,42.116018],[124.457247,42.121255],[124.432502,42.122047],[124.430667,42.126371],[124.425562,42.127574],[124.416204,42.137971],[124.423573,42.139696],[124.425657,42.146717],[124.431271,42.151271],[124.425584,42.155857],[124.397054,42.159975],[124.393348,42.16442],[124.382855,42.162739],[124.374621,42.171251],[124.34872,42.164418],[124.335578,42.16631],[124.322957,42.175755],[124.322158,42.190481],[124.315969,42.198988],[124.277158,42.19223],[124.259892,42.192895],[124.247084,42.197028],[124.258168,42.206076],[124.248017,42.212332],[124.246105,42.217762],[124.241345,42.213613],[124.234067,42.215952],[124.230475,42.212388],[124.221438,42.213357],[124.220235,42.211105],[124.216662,42.223667],[124.210544,42.229069],[124.191509,42.224641],[124.183876,42.230183],[124.167221,42.224726],[124.165024,42.230203],[124.160046,42.221659],[124.155963,42.222037],[124.149919,42.226519],[124.151723,42.231312],[124.143031,42.234163],[124.145357,42.237682],[124.144402,42.241418],[124.140607,42.240983],[124.140199,42.249743],[124.12057,42.245575],[124.106164,42.236185],[124.090923,42.242186],[124.09315,42.254592],[124.102179,42.257477],[124.103898,42.263492],[124.114939,42.264648],[124.115167,42.276122],[124.110282,42.288151],[124.101773,42.289726],[124.096644,42.284868],[124.091627,42.286225],[124.083117,42.296178],[124.072706,42.295862],[124.068468,42.300095],[124.069929,42.315917],[124.079064,42.32025],[124.077737,42.323926],[124.071254,42.326224],[124.070751,42.331823],[124.061847,42.32979],[124.043232,42.317181],[123.999412,42.31946],[123.990914,42.326655],[123.993497,42.336852],[124.001146,42.337098],[124.00642,42.34282],[123.997986,42.349976],[123.99804,42.355622],[124.002652,42.357635],[123.994958,42.366218],[123.999252,42.368537],[123.997085,42.374223],[124.001233,42.374673],[123.998913,42.378238],[123.987384,42.380978],[124.00093,42.386073],[123.997529,42.385176],[123.995564,42.391614],[123.998791,42.397058],[123.97748,42.395496],[123.977123,42.398911],[123.961289,42.40417],[123.956156,42.402563],[123.958252,42.407471],[123.953969,42.411534],[123.946821,42.409985],[123.950715,42.404632],[123.945175,42.401289],[123.934181,42.404629],[123.926778,42.398622],[123.921104,42.40015],[123.922882,42.387629],[123.915366,42.380733],[123.911589,42.382379],[123.912066,42.393087],[123.902401,42.394077],[123.897271,42.406186],[123.883672,42.402538],[123.876521,42.406366],[123.875236,42.42009],[123.868485,42.425225],[123.862481,42.423763],[123.83992,42.39927],[123.840681,42.408077],[123.830934,42.417345],[123.823149,42.40905],[123.813297,42.40505],[123.80854,42.406737],[123.813038,42.413637],[123.811205,42.417614],[123.795428,42.413795],[123.803179,42.430834],[123.800967,42.434317],[123.792202,42.431146],[123.789649,42.443864],[123.791896,42.445976],[123.804565,42.440721],[123.811625,42.456581],[123.796457,42.464693],[123.797884,42.474676],[123.791412,42.480137],[123.781435,42.482028],[123.785519,42.491669],[123.782888,42.496795],[123.778465,42.495751],[123.774664,42.487734],[123.765084,42.490166],[123.767036,42.497425],[123.772316,42.499182],[123.775214,42.504188],[123.759956,42.511538],[123.759351,42.516973],[123.763573,42.523172],[123.762353,42.529114],[123.748428,42.525724],[123.741945,42.531717],[123.75316,42.551086],[123.737779,42.557019],[123.731628,42.552174],[123.730907,42.557208]]]}},{"type":"Feature","properties":{"id":"cn:2113","name":"朝阳市","level":1},"geometry":{"type":"Polygon","coordinates":[[[118.843062,40.799486],[118.840273,40.82093],[118.846309,40.824795],[118.849031,40.83912],[118.867131,40.846698],[118.867403,40.855477],[118.87453,40.86083],[118.878753,40.869945],[118.885763,40.902088],[118.87936,40.922905],[118.889429,40.924129],[118.887987,40.929963],[118.894084,40.941138],[118.891953,40.944818],[118.894789,40.94559],[118.893033,40.950954],[118.896114,40.95942],[118.908542,40.964207],[118.910702,40.968496],[118.93846,40.956677],[118.958185,40.958768],[118.967487,40.955824],[118.986381,40.965768],[118.994365,40.965361],[118.998865,40.982524],[119.014108,40.996078],[119.007242,41.005839],[118.945275,41.017184],[118.935249,41.02614],[118.93016,41.035879],[118.933403,41.042949],[118.930825,41.05098],[118.940047,41.056853],[118.958538,41.077576],[118.963721,41.074833],[118.980125,41.075712],[119.004603,41.066004],[119.023258,41.068403],[119.022006,41.061872],[119.031148,41.065449],[119.039819,41.077601],[119.053379,41.075687],[119.061064,41.078475],[119.069803,41.084463],[119.074125,41.093968],[119.07469,41.129403],[119.088882,41.135478],[119.119863,41.13659],[119.152129,41.167628],[119.175341,41.178283],[119.182485,41.196177],[119.174368,41.205062],[119.160036,41.210891],[119.158431,41.215957],[119.163197,41.220879],[119.191113,41.220218],[119.203413,41.223808],[119.205568,41.228475],[119.202764,41.242263],[119.209551,41.242881],[119.213114,41.254713],[119.224668,41.254481],[119.230988,41.260405],[119.228404,41.262002],[119.236193,41.265625],[119.24306,41.281503],[119.233274,41.302445],[119.233917,41.317063],[119.245765,41.323638],[119.263916,41.321368],[119.289975,41.323122],[119.29996,41.329711],[119.307266,41.346124],[119.309289,41.329167],[119.314011,41.325847],[119.319854,41.327302],[119.324637,41.33885],[119.311607,41.367076],[119.319437,41.37191],[119.324203,41.383],[119.303083,41.394272],[119.298795,41.400326],[119.303526,41.403868],[119.342432,41.408846],[119.358537,41.418802],[119.368142,41.418421],[119.370804,41.424211],[119.365896,41.439097],[119.371477,41.457515],[119.396886,41.472875],[119.398387,41.485414],[119.391988,41.501213],[119.3996,41.5009],[119.398317,41.507944],[119.387966,41.519691],[119.376773,41.519548],[119.376907,41.529428],[119.370333,41.534694],[119.365154,41.534593],[119.363634,41.538946],[119.360099,41.538929],[119.360839,41.542785],[119.35534,41.54315],[119.360294,41.547568],[119.355967,41.552203],[119.361908,41.553829],[119.355117,41.56366],[119.381164,41.564802],[119.391045,41.560741],[119.396687,41.564212],[119.407767,41.559803],[119.413312,41.566381],[119.404349,41.577905],[119.413206,41.580103],[119.409401,41.587796],[119.379819,41.596196],[119.372844,41.60248],[119.351905,41.606856],[119.337265,41.614351],[119.334807,41.62145],[119.318697,41.636866],[119.320748,41.64103],[119.314482,41.642533],[119.306581,41.637889],[119.30335,41.646041],[119.305879,41.650882],[119.301301,41.656026],[119.306904,41.662034],[119.307502,41.679714],[119.297998,41.691403],[119.299143,41.695184],[119.293212,41.707948],[119.299907,41.718458],[119.312081,41.724494],[119.312393,41.729212],[119.305491,41.73934],[119.296576,41.738369],[119.294287,41.740935],[119.305515,41.748703],[119.311387,41.761747],[119.292102,41.770453],[119.283737,41.7812],[119.287073,41.790017],[119.307746,41.805729],[119.312983,41.829247],[119.310541,41.83382],[119.320077,41.84867],[119.319354,41.856022],[119.32794,41.867218],[119.317051,41.887063],[119.326784,41.895936],[119.329852,41.903306],[119.327067,41.911134],[119.334742,41.92161],[119.330725,41.928273],[119.320378,41.931296],[119.317337,41.935221],[119.323811,41.94589],[119.319094,41.969135],[119.323996,41.975709],[119.342849,41.987503],[119.367822,42.01866],[119.369972,42.034945],[119.374708,42.038224],[119.377385,42.049499],[119.371375,42.063051],[119.377838,42.07544],[119.378374,42.087225],[119.37178,42.092802],[119.368928,42.103079],[119.357843,42.10577],[119.345796,42.115934],[119.318571,42.114406],[119.308499,42.117635],[119.29763,42.127643],[119.297931,42.135822],[119.302687,42.144194],[119.293605,42.149523],[119.281445,42.151471],[119.281068,42.160349],[119.276151,42.168757],[119.269891,42.172688],[119.271204,42.183084],[119.259452,42.186777],[119.243186,42.1857],[119.240107,42.192195],[119.231206,42.197905],[119.24145,42.203614],[119.245649,42.216043],[119.263998,42.233821],[119.27345,42.258489],[119.277969,42.263008],[119.303684,42.268681],[119.341647,42.298314],[119.35589,42.30083],[119.367572,42.297406],[119.385648,42.305029],[119.40897,42.307357],[119.416026,42.313261],[119.425243,42.314197],[119.434362,42.328047],[119.457139,42.335016],[119.481802,42.349267],[119.493248,42.371563],[119.495914,42.385892],[119.533654,42.36137],[119.538948,42.364564],[119.566036,42.35752],[119.565177,42.333719],[119.55954,42.326227],[119.547,42.32277],[119.551152,42.317048],[119.537628,42.304934],[119.533188,42.292063],[119.546895,42.292251],[119.547785,42.287231],[119.551802,42.286822],[119.559586,42.292396],[119.56539,42.287007],[119.56265,42.281876],[119.567121,42.278637],[119.576703,42.283625],[119.580152,42.275902],[119.602477,42.275214],[119.599178,42.2725],[119.604768,42.269034],[119.610929,42.250663],[119.620399,42.253488],[119.629011,42.248691],[119.636869,42.238434],[119.673875,42.238663],[119.679453,42.23231],[119.695716,42.225845],[119.697894,42.221389],[119.713701,42.227324],[119.716145,42.224598],[119.713538,42.218329],[119.728108,42.219289],[119.735774,42.215735],[119.737856,42.209459],[119.751763,42.212579],[119.759996,42.212137],[119.757972,42.20969],[119.763112,42.208328],[119.770136,42.210823],[119.782233,42.209254],[119.784801,42.213132],[119.799931,42.210986],[119.835851,42.213376],[119.840781,42.213233],[119.846962,42.207791],[119.850087,42.174306],[119.848828,42.168164],[119.833793,42.146645],[119.83184,42.133207],[119.837847,42.118845],[119.835651,42.112509],[119.837647,42.098042],[119.869697,42.075825],[119.876763,42.064184],[119.879063,42.049931],[119.894436,42.043985],[119.896953,42.039332],[119.891919,42.02599],[119.898595,42.018924],[119.91546,42.012249],[119.920688,42.006602],[119.920097,41.984889],[119.944915,41.972246],[119.950696,41.959945],[119.95442,41.93856],[119.948691,41.918374],[119.955992,41.911521],[119.97231,41.906902],[119.983726,41.896945],[119.986851,41.88679],[119.986026,41.872172],[119.989359,41.86589],[120.000493,41.859986],[120.017251,41.814328],[120.042949,41.825326],[120.035753,41.816477],[120.039896,41.801765],[120.036459,41.794478],[120.036878,41.785528],[120.026051,41.778934],[120.034677,41.776304],[120.035958,41.772215],[120.046079,41.773584],[120.038327,41.767198],[120.038088,41.763295],[120.031312,41.761523],[120.0307,41.754755],[120.028106,41.755088],[120.03041,41.751965],[120.025249,41.749552],[120.029976,41.745257],[120.018746,41.73599],[120.024931,41.73382],[120.019616,41.732239],[120.03054,41.723071],[120.029507,41.706282],[120.038069,41.706365],[120.06567,41.695223],[120.090149,41.69471],[120.098855,41.699967],[120.107495,41.710814],[120.131223,41.725325],[120.118309,41.754927],[120.118986,41.765925],[120.177249,41.824214],[120.177648,41.840031],[120.182596,41.845973],[120.210235,41.851159],[120.245952,41.88178],[120.28195,41.877817],[120.28629,41.88348],[120.294675,41.8859],[120.280731,41.896696],[120.268161,41.896354],[120.254621,41.902352],[120.264291,41.906047],[120.261184,41.912713],[120.266455,41.923405],[120.270668,41.923417],[120.275363,41.914165],[120.285027,41.916717],[120.27779,41.918506],[120.274151,41.924077],[120.28125,41.932641],[120.290946,41.934447],[120.293354,41.930369],[120.299232,41.932424],[120.299596,41.926308],[120.293621,41.920402],[120.302088,41.924852],[120.306087,41.931168],[120.311833,41.93166],[120.311773,41.936239],[120.304742,41.939363],[120.304012,41.949341],[120.329388,41.963011],[120.330721,41.968973],[120.327047,41.976878],[120.340545,41.975651],[120.367743,41.992367],[120.393731,41.982433],[120.415607,41.983351],[120.414074,41.989764],[120.405147,41.994395],[120.416756,41.998856],[120.422516,42.005388],[120.434312,42.00402],[120.450591,42.013096],[120.445894,42.020949],[120.448033,42.028326],[120.444856,42.054619],[120.45991,42.056133],[120.461124,42.058976],[120.481924,42.063442],[120.487874,42.070749],[120.477191,42.083768],[120.489332,42.085172],[120.493324,42.089066],[120.486979,42.093468],[120.474524,42.088856],[120.468369,42.091823],[120.460849,42.103029],[120.467007,42.108108],[120.519662,42.133472],[120.554627,42.145635],[120.578915,42.165191],[120.619435,42.15254],[120.683715,42.185777],[120.691259,42.196029],[120.71664,42.201567],[120.732622,42.218638],[120.739766,42.221328],[120.785044,42.216376],[120.798733,42.223598],[120.815435,42.225977],[120.821015,42.228915],[120.817891,42.228476],[120.822397,42.233131],[120.818399,42.239072],[120.824269,42.250532],[120.829939,42.245526],[120.840619,42.248887],[120.844053,42.24619],[120.852589,42.253357],[120.855016,42.252346],[120.854123,42.248376],[120.862779,42.249641],[120.882674,42.240256],[120.885018,42.242782],[120.880946,42.243937],[120.88717,42.252283],[120.883447,42.251376],[120.884965,42.254901],[120.876806,42.26408],[120.877908,42.2678],[120.880009,42.265343],[120.880782,42.268972],[120.884809,42.269822],[120.900321,42.265994],[120.90724,42.270235],[120.924323,42.272253],[120.929167,42.277805],[120.953472,42.27191],[120.95551,42.264649],[120.96633,42.25968],[120.986944,42.262431],[120.994965,42.258351],[121.004991,42.258064],[121.006006,42.254983],[121.000902,42.252669],[121.002682,42.250547],[121.041658,42.227478],[121.050087,42.216845],[121.051858,42.205555],[121.045165,42.190113],[121.049305,42.185368],[121.049635,42.173003],[121.065766,42.151706],[121.066769,42.140788],[121.072222,42.134096],[121.078759,42.108863],[121.068827,42.099562],[121.061008,42.069219],[121.040409,42.056545],[121.038759,42.049193],[121.049176,42.016146],[121.044914,42.002799],[121.033681,41.985461],[121.035878,41.977834],[121.043626,41.97338],[121.068809,41.9764],[121.07494,41.970653],[121.099115,41.962552],[121.109879,41.96312],[121.144245,41.974649],[121.157474,41.975187],[121.170287,41.970907],[121.186424,41.963845],[121.194184,41.953203],[121.207405,41.912696],[121.232952,41.901384],[121.286971,41.887643],[121.293272,41.881827],[121.292797,41.872166],[121.296331,41.863387],[121.285099,41.854047],[121.278222,41.843161],[121.277348,41.836339],[121.279848,41.833947],[121.272341,41.835337],[121.272544,41.825514],[121.262921,41.81878],[121.262767,41.808575],[121.267166,41.801386],[121.261413,41.799866],[121.252511,41.785127],[121.250587,41.776564],[121.254768,41.770223],[121.244354,41.769474],[121.241503,41.764748],[121.23705,41.766125],[121.221218,41.761029],[121.217777,41.754923],[121.221989,41.751251],[121.210381,41.73799],[121.21667,41.725395],[121.223419,41.724512],[121.228061,41.719024],[121.220839,41.705405],[121.224363,41.700771],[121.222413,41.697227],[121.218015,41.697388],[121.212366,41.687779],[121.221425,41.68624],[121.218968,41.675852],[121.204984,41.675732],[121.196439,41.67139],[121.18861,41.675781],[121.172163,41.662171],[121.171787,41.668745],[121.168278,41.671551],[121.161458,41.664675],[121.150018,41.668463],[121.138312,41.659099],[121.141227,41.65626],[121.141402,41.646955],[121.117286,41.637819],[121.119505,41.630024],[121.113519,41.627479],[121.108293,41.617575],[121.099622,41.621859],[121.087772,41.613631],[121.071724,41.61526],[121.069691,41.611489],[121.065435,41.616045],[121.06128,41.615989],[121.06652,41.621646],[121.06173,41.627242],[121.056596,41.624326],[121.056591,41.618643],[121.050421,41.623894],[121.044378,41.62173],[121.046396,41.61469],[121.050012,41.616389],[121.051631,41.613846],[121.048571,41.611351],[121.045212,41.614151],[121.044733,41.617334],[121.044904,41.613854],[121.042704,41.614866],[121.04375,41.617419],[121.041034,41.619906],[121.042819,41.61385],[121.037343,41.609198],[121.031806,41.60969],[121.025114,41.604957],[121.025675,41.608653],[121.02038,41.60531],[121.009026,41.606293],[121.01426,41.603359],[121.011435,41.600361],[121.008031,41.604134],[120.999608,41.602452],[120.991765,41.593893],[120.987207,41.597492],[120.983514,41.594419],[120.978765,41.598345],[120.970692,41.597329],[120.968431,41.58159],[120.97367,41.573547],[120.970002,41.572053],[120.976392,41.564596],[120.952224,41.546392],[120.952069,41.539304],[120.938245,41.537599],[120.929547,41.52844],[120.920968,41.529144],[120.919187,41.522903],[120.908723,41.525981],[120.900831,41.521463],[120.896042,41.510728],[120.895412,41.490735],[120.891509,41.484599],[120.899797,41.479231],[120.89489,41.470545],[120.887431,41.470352],[120.888381,41.473769],[120.882337,41.47514],[120.872368,41.474583],[120.874167,41.46048],[120.871282,41.439639],[120.874023,41.436796],[120.870819,41.433251],[120.878558,41.419264],[120.871973,41.416112],[120.865623,41.419364],[120.855779,41.41337],[120.84451,41.421847],[120.836813,41.416293],[120.838113,41.402967],[120.828428,41.396005],[120.817092,41.407674],[120.813676,41.420356],[120.806112,41.423894],[120.799839,41.417558],[120.809716,41.408782],[120.809792,41.402289],[120.801623,41.399621],[120.796295,41.393885],[120.785676,41.393892],[120.77805,41.380193],[120.76491,41.374497],[120.762798,41.368136],[120.769309,41.365995],[120.767712,41.360719],[120.762955,41.355265],[120.753225,41.35527],[120.751565,41.345719],[120.747162,41.340686],[120.7512,41.334989],[120.742801,41.322261],[120.74232,41.317195],[120.750086,41.299491],[120.74377,41.295876],[120.743117,41.28948],[120.731731,41.286358],[120.727921,41.273589],[120.73333,41.268662],[120.737939,41.27121],[120.737588,41.26857],[120.740958,41.268248],[120.739446,41.265702],[120.747864,41.266156],[120.750586,41.259561],[120.758622,41.259547],[120.764446,41.246829],[120.733044,41.238263],[120.725336,41.229002],[120.715441,41.226336],[120.71146,41.220114],[120.731005,41.216199],[120.737319,41.21934],[120.747268,41.211031],[120.760898,41.20651],[120.76411,41.201359],[120.758594,41.192501],[120.766511,41.19154],[120.757002,41.187853],[120.741263,41.196157],[120.739015,41.192621],[120.730627,41.192495],[120.722237,41.185261],[120.693128,41.182364],[120.694158,41.189623],[120.698343,41.193699],[120.696089,41.197127],[120.68409,41.193254],[120.679975,41.186657],[120.6719,41.184251],[120.671438,41.179167],[120.663811,41.176398],[120.65894,41.175976],[120.65204,41.181527],[120.635052,41.182339],[120.631206,41.167009],[120.609862,41.159592],[120.60643,41.153753],[120.608162,41.141722],[120.598355,41.129435],[120.598331,41.116072],[120.593514,41.103963],[120.532274,41.090872],[120.532326,41.069327],[120.530764,41.065213],[120.522222,41.060451],[120.502292,41.066298],[120.491797,41.077135],[120.471747,41.07583],[120.465612,41.072641],[120.449027,41.051389],[120.452138,41.045963],[120.449176,41.019373],[120.453412,40.999108],[120.446482,40.996845],[120.448739,40.988877],[120.439365,40.97978],[120.439259,40.975797],[120.413307,40.954479],[120.39665,40.952504],[120.382604,40.970907],[120.338509,40.989856],[120.338227,40.993441],[120.333883,40.994911],[120.34337,40.999904],[120.331122,41.001757],[120.332716,40.9977],[120.329418,40.993754],[120.323301,40.999471],[120.314901,40.998598],[120.312745,40.992493],[120.30072,40.986185],[120.298481,40.971524],[120.284984,40.971254],[120.282713,40.966414],[120.285119,40.959656],[120.272649,40.943084],[120.262209,40.945922],[120.254011,40.942122],[120.250776,40.945805],[120.243642,40.946524],[120.248707,40.94874],[120.246631,40.957287],[120.229315,40.948837],[120.223512,40.953347],[120.212243,40.955212],[120.202773,40.945237],[120.197545,40.936072],[120.198118,40.930679],[120.191146,40.921754],[120.174109,40.920386],[120.167639,40.922735],[120.163449,40.9251],[120.159593,40.937219],[120.161125,40.941811],[120.170661,40.947124],[120.167985,40.953347],[120.184299,40.955082],[120.188814,40.96186],[120.187577,40.966992],[120.198826,40.972168],[120.197078,40.984269],[120.19933,40.989578],[120.193519,40.9992],[120.18281,40.999174],[120.172865,41.025608],[120.168021,41.026311],[120.140321,41.00506],[120.113824,41.058658],[120.102621,41.0615],[120.104468,41.068031],[120.113289,41.074184],[120.106912,41.085179],[120.10195,41.084428],[120.099937,41.085822],[120.106868,41.085761],[120.081086,41.090003],[120.072795,41.09883],[120.056465,41.099641],[120.050755,41.089585],[120.045755,41.09112],[120.037156,41.085867],[120.022914,41.084405],[120.016834,41.078567],[120.007697,41.079032],[119.993874,41.074064],[119.988466,41.067363],[119.989776,41.061611],[120.000637,41.05825],[120.003454,41.040884],[120.013805,41.035176],[120.016483,41.009262],[120.023866,41.001157],[120.019703,40.998293],[120.017798,40.991414],[120.008482,40.985938],[120.010523,40.98267],[120.00816,40.979045],[120.001788,40.977031],[119.99849,40.965421],[120.000589,40.96293],[119.990547,40.946866],[119.974227,40.931566],[119.958776,40.927444],[119.946276,40.945612],[119.936996,40.946936],[119.923255,40.933576],[119.911509,40.930429],[119.901473,40.913829],[119.902468,40.908638],[119.89954,40.907336],[119.891044,40.911256],[119.887959,40.908153],[119.889227,40.911978],[119.862518,40.911115],[119.857634,40.919394],[119.844376,40.927159],[119.829013,40.926807],[119.826614,40.934495],[119.816373,40.931144],[119.813089,40.928062],[119.818084,40.903982],[119.815735,40.898376],[119.820198,40.894495],[119.820352,40.88479],[119.813637,40.880241],[119.809934,40.870635],[119.796441,40.868496],[119.794051,40.857057],[119.789309,40.852828],[119.779704,40.854617],[119.773578,40.844431],[119.759242,40.85644],[119.741216,40.856896],[119.735415,40.866082],[119.723103,40.858514],[119.705541,40.85791],[119.699407,40.845575],[119.699443,40.839173],[119.689053,40.83404],[119.687885,40.828739],[119.689403,40.822467],[119.706366,40.82463],[119.705168,40.816961],[119.693125,40.801755],[119.685406,40.797395],[119.685284,40.788931],[119.678462,40.778975],[119.661454,40.783246],[119.654757,40.791853],[119.653723,40.805882],[119.649824,40.806854],[119.647279,40.813987],[119.639905,40.817094],[119.633638,40.827837],[119.621011,40.832606],[119.602675,40.838822],[119.579705,40.820872],[119.567031,40.816814],[119.543333,40.831727],[119.523654,40.835264],[119.521432,40.829405],[119.525234,40.814843],[119.523724,40.810559],[119.509426,40.796262],[119.499088,40.769453],[119.481824,40.759752],[119.472624,40.758417],[119.45788,40.762938],[119.447988,40.753766],[119.451883,40.750065],[119.425703,40.72914],[119.41947,40.717491],[119.417769,40.701549],[119.40888,40.690694],[119.383871,40.677487],[119.371987,40.679782],[119.357387,40.677834],[119.339522,40.667547],[119.317309,40.641874],[119.28964,40.618888],[119.293585,40.618644],[119.289367,40.615826],[119.289314,40.611804],[119.284668,40.612474],[119.270622,40.604956],[119.259692,40.607717],[119.258248,40.614337],[119.252054,40.619337],[119.248111,40.618907],[119.229696,40.595646],[119.221901,40.603155],[119.1948,40.602669],[119.179098,40.608307],[119.171858,40.607791],[119.156186,40.598472],[119.151281,40.602433],[119.152783,40.616682],[119.147979,40.618496],[119.147986,40.62266],[119.138249,40.632218],[119.16684,40.652734],[119.172943,40.661736],[119.179497,40.674158],[119.16987,40.688563],[119.159133,40.691107],[119.15243,40.689206],[119.108646,40.664858],[119.097066,40.661692],[119.088637,40.661663],[119.070036,40.670782],[119.056778,40.66133],[119.048155,40.66312],[119.042695,40.679741],[119.033335,40.682156],[119.021696,40.690632],[119.013622,40.690506],[119.0062,40.685721],[118.995652,40.694513],[118.981271,40.696738],[118.975983,40.705429],[118.954973,40.718829],[118.949052,40.741373],[118.943301,40.746414],[118.920186,40.74865],[118.901881,40.755187],[118.889689,40.752304],[118.889494,40.756047],[118.896886,40.759907],[118.896984,40.765228],[118.904997,40.775404],[118.895342,40.779871],[118.886993,40.776478],[118.880711,40.781537],[118.874434,40.780043],[118.870106,40.788736],[118.86014,40.792944],[118.855313,40.801358],[118.843062,40.799486]]]}},{"type":"Feature","properties":{"id":"cn:211302","name":"双塔区","level":2},"geometry":{"type":"Polygon","coordinates":[[[120.408001,41.546071],[120.432145,41.567475],[120.422599,41.572725],[120.427584,41.586263],[120.45898,41.612249],[120.456855,41.613421],[120.460357,41.620519],[120.459411,41.624236],[120.445796,41.632704],[120.444342,41.637186],[120.422492,41.640663],[120.425974,41.658289],[120.428547,41.660571],[120.433162,41.657683],[120.448675,41.664412],[120.45803,41.661934],[120.469442,41.667241],[120.455188,41.677304],[120.450567,41.68578],[120.452271,41.687952],[120.433899,41.695904],[120.43603,41.705747],[120.446647,41.710353],[120.453261,41.70145],[120.461681,41.697857],[120.470349,41.699535],[120.474994,41.70476],[120.488961,41.699541],[120.516352,41.701898],[120.555661,41.711568],[120.571091,41.721883],[120.560863,41.736352],[120.538855,41.754108],[120.536784,41.766225],[120.540017,41.776168],[120.544642,41.780482],[120.550255,41.78037],[120.554634,41.774083],[120.561032,41.773072],[120.563238,41.76746],[120.576974,41.76252],[120.577984,41.755784],[120.58124,41.753763],[120.591686,41.761654],[120.597293,41.748599],[120.612223,41.740067],[120.617811,41.733207],[120.619409,41.71638],[120.612006,41.696631],[120.625939,41.682698],[120.629422,41.67399],[120.625359,41.667023],[120.607942,41.654832],[120.602487,41.645548],[120.600013,41.603633],[120.624331,41.585991],[120.622674,41.580705],[120.605947,41.56666],[120.633772,41.548883],[120.640768,41.534957],[120.629319,41.529994],[120.632115,41.527093],[120.630695,41.520039],[120.644292,41.513797],[120.645116,41.507909],[120.644844,41.505277],[120.630643,41.500543],[120.627644,41.486104],[120.612891,41.467011],[120.615778,41.452723],[120.598491,41.440866],[120.594443,41.434001],[120.594443,41.426163],[120.577897,41.417019],[120.562043,41.400586],[120.557551,41.401709],[120.546112,41.417019],[120.494573,41.420008],[120.489443,41.425457],[120.492555,41.437484],[120.490814,41.443579],[120.48254,41.450547],[120.469988,41.477037],[120.447759,41.499532],[120.450003,41.504224],[120.443706,41.504477],[120.444087,41.528034],[120.421771,41.522864],[120.417644,41.52765],[120.420643,41.534466],[120.426105,41.533588],[120.430306,41.537754],[120.422514,41.544564],[120.419384,41.541883],[120.408001,41.546071]]]}},{"type":"Feature","properties":{"id":"cn:211303","name":"龙城区","level":2},"geometry":{"type":"Polygon","coordinates":[[[120.062136,41.41859],[120.063718,41.439363],[120.088249,41.437775],[120.100191,41.443187],[120.099662,41.449422],[120.091249,41.455717],[120.095191,41.46113],[120.113486,41.457659],[120.132899,41.461306],[120.148606,41.449481],[120.155019,41.455482],[120.160432,41.468483],[120.161314,41.480778],[120.156078,41.493367],[120.140136,41.487837],[120.130312,41.496602],[120.129252,41.515487],[120.117369,41.538605],[120.120762,41.553869],[120.11378,41.565196],[120.107192,41.586198],[120.110251,41.595552],[120.125722,41.599728],[120.133135,41.584727],[120.160901,41.571373],[120.16655,41.58008],[120.18208,41.583727],[120.199964,41.595964],[120.229908,41.605318],[120.238555,41.616848],[120.259086,41.627672],[120.278147,41.657733],[120.286618,41.690735],[120.27997,41.708502],[120.284323,41.717915],[120.291677,41.718503],[120.305561,41.705148],[120.320032,41.699266],[120.343372,41.698695],[120.349582,41.702849],[120.351181,41.708778],[120.337769,41.725251],[120.36257,41.730192],[120.374007,41.739275],[120.385614,41.755188],[120.417199,41.730851],[120.429482,41.73085],[120.438419,41.723918],[120.446647,41.710353],[120.43603,41.705747],[120.433899,41.695904],[120.452271,41.687952],[120.450567,41.68578],[120.455188,41.677304],[120.469442,41.667241],[120.455353,41.661383],[120.446706,41.664143],[120.433162,41.657683],[120.428208,41.66049],[120.421444,41.642628],[120.42381,41.639575],[120.444342,41.637186],[120.447807,41.630896],[120.459843,41.623826],[120.456855,41.613421],[120.45898,41.612249],[120.427781,41.586599],[120.422599,41.572725],[120.432145,41.567475],[120.407501,41.545478],[120.401383,41.550999],[120.397819,41.550326],[120.396145,41.554818],[120.390264,41.552308],[120.37654,41.524875],[120.359416,41.515349],[120.364968,41.502579],[120.371429,41.497832],[120.355535,41.494896],[120.366239,41.491732],[120.353666,41.483768],[120.348464,41.476599],[120.349206,41.47003],[120.333473,41.460976],[120.310848,41.455943],[120.289874,41.444984],[120.29037,41.434403],[120.305273,41.424884],[120.305563,41.413306],[120.301451,41.405441],[120.292879,41.403809],[120.281701,41.409038],[120.273027,41.406814],[120.2614,41.419365],[120.249568,41.426619],[120.235588,41.424254],[120.208538,41.428855],[120.196883,41.434262],[120.173807,41.425553],[120.169131,41.408076],[120.160721,41.406771],[120.124742,41.414486],[120.110468,41.414051],[120.105858,41.40496],[120.073814,41.383065],[120.065298,41.401896],[120.062136,41.41859]]]}},{"type":"Feature","properties":{"id":"cn:211321","name":"朝阳县","level":2},"geometry":{"type":"Polygon","coordinates":[[[119.875695,41.335795],[119.881207,41.360765],[119.893005,41.383364],[119.890869,41.434714],[119.88244,41.475574],[119.898316,41.495483],[119.887449,41.528673],[119.898274,41.538273],[119.898256,41.557726],[119.905875,41.559877],[119.904975,41.570564],[119.919168,41.57537],[119.927597,41.575032],[119.931054,41.571617],[119.935454,41.574438],[119.941765,41.572807],[119.948092,41.576086],[119.950836,41.581666],[119.968414,41.587023],[119.970788,41.592409],[119.988262,41.590917],[119.993292,41.594448],[120.007437,41.590155],[120.038768,41.606077],[120.041537,41.609284],[120.041572,41.618911],[120.020869,41.643946],[119.999795,41.661075],[119.990861,41.674519],[119.989645,41.682349],[119.994585,41.694492],[120.021833,41.719875],[120.03104,41.710426],[120.030141,41.705916],[120.038069,41.706365],[120.06567,41.695223],[120.090149,41.69471],[120.098855,41.699967],[120.107495,41.710814],[120.125362,41.719616],[120.132277,41.726956],[120.125244,41.73451],[120.118309,41.754927],[120.121156,41.770279],[120.172302,41.818043],[120.177249,41.824214],[120.177648,41.840031],[120.182596,41.845973],[120.210235,41.851159],[120.245952,41.88178],[120.28195,41.877817],[120.28629,41.88348],[120.294498,41.885737],[120.280731,41.896696],[120.268161,41.896354],[120.254675,41.901947],[120.275692,41.907697],[120.284609,41.90551],[120.295327,41.888567],[120.318777,41.890793],[120.326708,41.880963],[120.348806,41.876874],[120.350751,41.87286],[120.347601,41.868532],[120.350087,41.864396],[120.338397,41.854206],[120.343205,41.844219],[120.347493,41.842427],[120.349612,41.83101],[120.358756,41.826291],[120.361084,41.818517],[120.358979,41.806759],[120.371898,41.800257],[120.372928,41.794282],[120.37974,41.792994],[120.38149,41.787446],[120.378404,41.783099],[120.393227,41.776433],[120.389669,41.770639],[120.393999,41.764588],[120.38879,41.75407],[120.385614,41.755188],[120.368783,41.734192],[120.357629,41.72845],[120.337769,41.725251],[120.351181,41.708778],[120.349582,41.702849],[120.343372,41.698695],[120.327426,41.697394],[120.313208,41.701736],[120.305561,41.705148],[120.291677,41.718503],[120.281147,41.715385],[120.280617,41.70556],[120.286794,41.693972],[120.278147,41.657733],[120.259086,41.627672],[120.238555,41.616848],[120.226554,41.603259],[120.199964,41.595964],[120.18208,41.583727],[120.16655,41.58008],[120.160901,41.571373],[120.133135,41.584727],[120.125722,41.599728],[120.117487,41.599376],[120.108075,41.593022],[120.107192,41.586198],[120.11378,41.565196],[120.120762,41.553869],[120.117369,41.538605],[120.129252,41.515487],[120.130312,41.496602],[120.140136,41.487837],[120.156078,41.493367],[120.161314,41.480778],[120.160432,41.468483],[120.155019,41.455482],[120.148606,41.449481],[120.132899,41.461306],[120.113486,41.457659],[120.095191,41.46113],[120.091249,41.455717],[120.101015,41.447422],[120.097897,41.440304],[120.078836,41.437245],[120.063718,41.439363],[120.062505,41.414103],[120.073814,41.383065],[120.105858,41.40496],[120.110468,41.414051],[120.124742,41.414486],[120.160721,41.406771],[120.169131,41.408076],[120.173807,41.425553],[120.196883,41.434262],[120.208538,41.428855],[120.235588,41.424254],[120.249568,41.426619],[120.2614,41.419365],[120.273027,41.406814],[120.283046,41.408967],[120.292879,41.403809],[120.300337,41.404588],[120.305563,41.413306],[120.305273,41.424884],[120.29037,41.434403],[120.289874,41.444984],[120.310848,41.455943],[120.333473,41.460976],[120.350133,41.470958],[120.348464,41.476599],[120.353666,41.483768],[120.366239,41.491732],[120.355535,41.494896],[120.371429,41.497832],[120.364968,41.502579],[120.359416,41.515349],[120.37654,41.524875],[120.390264,41.552308],[120.396145,41.554818],[120.397819,41.550326],[120.401383,41.550999],[120.407501,41.545478],[120.419384,41.541883],[120.422514,41.544564],[120.430306,41.537754],[120.426105,41.533588],[120.420643,41.534466],[120.417644,41.52765],[120.421771,41.522864],[120.444087,41.528034],[120.443706,41.504477],[120.450003,41.504224],[120.447759,41.499532],[120.469988,41.477037],[120.48254,41.450547],[120.490814,41.443579],[120.492555,41.437484],[120.489443,41.425457],[120.494573,41.420008],[120.546112,41.417019],[120.557551,41.401709],[120.562043,41.400586],[120.577897,41.417019],[120.594443,41.426163],[120.594443,41.434001],[120.598491,41.440866],[120.615778,41.452723],[120.612574,41.463303],[120.623026,41.462745],[120.637836,41.460162],[120.659019,41.45033],[120.687066,41.44875],[120.698809,41.437881],[120.706467,41.418788],[120.716872,41.411897],[120.723372,41.411743],[120.734427,41.42202],[120.739383,41.417032],[120.740104,41.410046],[120.761563,41.411936],[120.773015,41.409605],[120.779582,41.412353],[120.784932,41.394327],[120.77805,41.380193],[120.76491,41.374497],[120.763022,41.367476],[120.769309,41.365995],[120.764647,41.356052],[120.753101,41.355072],[120.751565,41.345719],[120.747162,41.340686],[120.7512,41.334989],[120.74232,41.317195],[120.750086,41.299491],[120.74377,41.295876],[120.743117,41.28948],[120.731731,41.286358],[120.727964,41.274333],[120.732127,41.268964],[120.737939,41.27121],[120.737588,41.26857],[120.740958,41.268248],[120.739446,41.265702],[120.747864,41.266156],[120.750586,41.259561],[120.758622,41.259547],[120.764356,41.246582],[120.733044,41.238263],[120.725336,41.229002],[120.715441,41.226336],[120.71146,41.220114],[120.731005,41.216199],[120.737319,41.21934],[120.747268,41.211031],[120.760898,41.20651],[120.76411,41.201359],[120.758594,41.192501],[120.766511,41.19154],[120.757002,41.187853],[120.741263,41.196157],[120.739015,41.192621],[120.730627,41.192495],[120.722237,41.185261],[120.693128,41.182364],[120.694158,41.189623],[120.698343,41.193699],[120.696089,41.197127],[120.68409,41.193254],[120.679975,41.186657],[120.6719,41.184251],[120.671438,41.179167],[120.663811,41.176398],[120.65894,41.175976],[120.65204,41.181527],[120.635052,41.182339],[120.631206,41.167009],[120.609862,41.159592],[120.60643,41.153753],[120.608162,41.141722],[120.598355,41.129435],[120.598331,41.116072],[120.593514,41.103963],[120.532274,41.090872],[120.532326,41.069327],[120.530764,41.065213],[120.522222,41.060451],[120.502292,41.066298],[120.491797,41.077135],[120.471747,41.07583],[120.465612,41.072641],[120.449027,41.051389],[120.452138,41.045963],[120.449176,41.019373],[120.453412,40.999108],[120.446482,40.996845],[120.448739,40.988877],[120.439365,40.97978],[120.439259,40.975797],[120.413307,40.954479],[120.39665,40.952504],[120.382604,40.970907],[120.338509,40.989856],[120.338227,40.993441],[120.333883,40.994911],[120.34337,40.999904],[120.331122,41.001757],[120.332716,40.9977],[120.329418,40.993754],[120.323301,40.999471],[120.314901,40.998598],[120.312745,40.992493],[120.30072,40.986185],[120.298481,40.971524],[120.284984,40.971254],[120.282713,40.966414],[120.285119,40.959656],[120.272649,40.943084],[120.262209,40.945922],[120.254011,40.942122],[120.250776,40.945805],[120.243642,40.946524],[120.248707,40.94874],[120.246631,40.957287],[120.229315,40.948837],[120.223512,40.953347],[120.212243,40.955212],[120.202773,40.945237],[120.192566,40.923295],[120.182989,40.920178],[120.163449,40.9251],[120.159731,40.938452],[120.170661,40.947124],[120.167985,40.953347],[120.184299,40.955082],[120.188814,40.96186],[120.187577,40.966992],[120.198826,40.972168],[120.197078,40.984269],[120.19933,40.989578],[120.193519,40.9992],[120.18281,40.999174],[120.172865,41.025608],[120.168021,41.026311],[120.140321,41.00506],[120.113824,41.058658],[120.102621,41.0615],[120.104468,41.068031],[120.113289,41.074184],[120.110444,41.081522],[120.107804,41.080553],[120.10671,41.085262],[120.10195,41.084428],[120.099937,41.085822],[120.106868,41.085761],[120.105445,41.087305],[120.093506,41.08633],[120.081086,41.090003],[120.072795,41.09883],[120.056465,41.099641],[120.057713,41.104525],[120.046242,41.116489],[120.038715,41.131176],[120.043377,41.158915],[120.03251,41.177053],[120.025252,41.184861],[120.010686,41.192448],[119.99665,41.19487],[119.991059,41.201063],[119.985391,41.225569],[119.972622,41.241007],[119.957413,41.267735],[119.940295,41.285265],[119.954445,41.299254],[119.915861,41.305465],[119.903195,41.311789],[119.875695,41.335795]]]}},{"type":"Feature","properties":{"id":"cn:211322","name":"建平县","level":2},"geometry":{"type":"Polygon","coordinates":[[[119.231206,42.196673],[119.242459,42.204735],[119.245649,42.216043],[119.263998,42.233821],[119.27345,42.258489],[119.277969,42.263008],[119.303684,42.268681],[119.341647,42.298314],[119.35589,42.30083],[119.367572,42.297406],[119.385648,42.305029],[119.40897,42.307357],[119.416026,42.313261],[119.425243,42.314197],[119.434362,42.328047],[119.457139,42.335016],[119.481802,42.349267],[119.493248,42.371563],[119.495914,42.385892],[119.533654,42.36137],[119.538948,42.364564],[119.566036,42.35752],[119.565177,42.333719],[119.55954,42.326227],[119.547,42.32277],[119.551152,42.317048],[119.537628,42.304934],[119.533188,42.292063],[119.546895,42.292251],[119.547785,42.287231],[119.551802,42.286822],[119.559586,42.292396],[119.56539,42.287007],[119.56265,42.281876],[119.567121,42.278637],[119.576703,42.283625],[119.580152,42.275902],[119.602477,42.275214],[119.599178,42.2725],[119.604768,42.269034],[119.610929,42.250663],[119.620399,42.253488],[119.629011,42.248691],[119.636869,42.238434],[119.673875,42.238663],[119.679453,42.23231],[119.695716,42.225845],[119.697894,42.221389],[119.713701,42.227324],[119.716145,42.224598],[119.713538,42.218329],[119.728108,42.219289],[119.735774,42.215735],[119.737856,42.209459],[119.751763,42.212579],[119.759996,42.212137],[119.757972,42.20969],[119.763112,42.208328],[119.770136,42.210823],[119.782233,42.209254],[119.784801,42.213132],[119.843768,42.211315],[119.847987,42.203871],[119.851059,42.180907],[119.848828,42.168164],[119.832969,42.142782],[119.832569,42.129523],[119.837847,42.118845],[119.835651,42.112509],[119.837647,42.098042],[119.869697,42.075825],[119.876763,42.064184],[119.879063,42.049931],[119.894436,42.043985],[119.896953,42.039332],[119.891919,42.02599],[119.898595,42.018924],[119.91546,42.012249],[119.920688,42.006602],[119.920097,41.984889],[119.944915,41.972246],[119.950696,41.959945],[119.95442,41.93856],[119.948691,41.918374],[119.955992,41.911521],[119.97231,41.906902],[119.983726,41.896945],[119.986851,41.88679],[119.986026,41.872172],[119.989359,41.86589],[120.000493,41.859986],[120.017251,41.814328],[120.042949,41.825326],[120.035753,41.816477],[120.039896,41.801765],[120.036459,41.794478],[120.036878,41.785528],[120.026051,41.778934],[120.034677,41.776304],[120.035958,41.772215],[120.046079,41.773584],[120.038327,41.767198],[120.038088,41.763295],[120.031312,41.761523],[120.0307,41.754755],[120.028106,41.755088],[120.03041,41.751965],[120.025249,41.749552],[120.029976,41.745257],[120.018746,41.73599],[120.024931,41.73382],[120.019616,41.732239],[120.03054,41.723071],[120.030155,41.71097],[120.021833,41.719875],[119.994585,41.694492],[119.989359,41.678703],[119.999795,41.661075],[120.020869,41.643946],[120.037014,41.625109],[120.042779,41.615244],[120.041537,41.609284],[120.007437,41.590155],[119.993292,41.594448],[119.988262,41.590917],[119.970788,41.592409],[119.968414,41.587023],[119.950836,41.581666],[119.948092,41.576086],[119.941765,41.572807],[119.935454,41.574438],[119.931054,41.571617],[119.927597,41.575032],[119.919168,41.57537],[119.905579,41.570945],[119.905723,41.559746],[119.872761,41.543946],[119.85627,41.531867],[119.847172,41.531024],[119.8372,41.537252],[119.837396,41.541887],[119.828964,41.540783],[119.828072,41.543844],[119.815837,41.53787],[119.791669,41.5389],[119.79523,41.532136],[119.783274,41.52372],[119.772197,41.506342],[119.752883,41.484957],[119.740861,41.454801],[119.738933,41.441151],[119.731269,41.428434],[119.730887,41.415178],[119.744176,41.397231],[119.746633,41.377223],[119.725748,41.366658],[119.715991,41.354258],[119.672458,41.337753],[119.649637,41.321307],[119.593352,41.325656],[119.54106,41.309237],[119.521008,41.318043],[119.514611,41.324211],[119.516559,41.337796],[119.514263,41.343017],[119.519333,41.350136],[119.493925,41.369445],[119.489142,41.370782],[119.465617,41.365305],[119.463482,41.371495],[119.454848,41.375008],[119.44121,41.373705],[119.435363,41.378115],[119.431401,41.376004],[119.429846,41.379895],[119.406558,41.386175],[119.40414,41.402412],[119.397,41.407113],[119.397059,41.416956],[119.383007,41.415836],[119.382216,41.413208],[119.375046,41.414546],[119.365796,41.433939],[119.371477,41.457515],[119.396886,41.472875],[119.398387,41.485414],[119.391988,41.501213],[119.3996,41.5009],[119.399235,41.505799],[119.387966,41.519691],[119.376773,41.519548],[119.376907,41.529428],[119.370333,41.534694],[119.365154,41.534593],[119.363634,41.538946],[119.360099,41.538929],[119.360839,41.542785],[119.35534,41.54315],[119.360294,41.547568],[119.355967,41.552203],[119.361908,41.553829],[119.355076,41.563196],[119.381164,41.564802],[119.391045,41.560741],[119.396687,41.564212],[119.407767,41.559803],[119.413312,41.566381],[119.404349,41.577905],[119.413206,41.580103],[119.409401,41.587796],[119.379819,41.596196],[119.372844,41.60248],[119.351905,41.606856],[119.337265,41.614351],[119.334807,41.62145],[119.318697,41.636866],[119.320748,41.64103],[119.314482,41.642533],[119.306581,41.637889],[119.30335,41.646041],[119.305879,41.650882],[119.301301,41.656026],[119.306904,41.662034],[119.307502,41.679714],[119.297998,41.691403],[119.299143,41.695184],[119.293212,41.707948],[119.299907,41.718458],[119.312081,41.724494],[119.312393,41.729212],[119.305491,41.73934],[119.296576,41.738369],[119.294287,41.740935],[119.305515,41.748703],[119.311387,41.761747],[119.292102,41.770453],[119.283737,41.7812],[119.287073,41.790017],[119.307746,41.805729],[119.312983,41.829247],[119.310541,41.83382],[119.320077,41.84867],[119.319354,41.856022],[119.32794,41.867218],[119.317051,41.887063],[119.326784,41.895936],[119.329852,41.903306],[119.327067,41.911134],[119.334742,41.92161],[119.330725,41.928273],[119.320378,41.931296],[119.317337,41.935221],[119.323811,41.94589],[119.319094,41.969135],[119.323996,41.975709],[119.342849,41.987503],[119.367822,42.01866],[119.369972,42.034945],[119.374708,42.038224],[119.377385,42.049499],[119.371375,42.063051],[119.377838,42.07544],[119.378374,42.087225],[119.37178,42.092802],[119.368928,42.103079],[119.357843,42.10577],[119.345796,42.115934],[119.318571,42.114406],[119.308499,42.117635],[119.29763,42.127643],[119.297931,42.135822],[119.302687,42.144194],[119.293605,42.149523],[119.281445,42.151471],[119.281068,42.160349],[119.276151,42.168757],[119.269891,42.172688],[119.271204,42.183084],[119.259452,42.186777],[119.243186,42.1857],[119.240107,42.192195],[119.231206,42.196673]]]}},{"type":"Feature","properties":{"id":"cn:211324","name":"喀喇沁左翼蒙古族自治县","level":2},"geometry":{"type":"Polygon","coordinates":[[[119.461298,40.875786],[119.472786,40.884292],[119.482734,40.885586],[119.489193,40.89325],[119.494984,40.893288],[119.501548,40.904656],[119.517431,40.913403],[119.532352,40.915338],[119.545824,40.930825],[119.575628,40.939682],[119.568388,40.944964],[119.564985,40.953431],[119.554335,40.947337],[119.539081,40.957373],[119.530575,40.974683],[119.531527,40.984978],[119.528439,40.988986],[119.521939,40.989666],[119.525785,41.001347],[119.540833,40.993963],[119.549772,40.999841],[119.548232,40.996446],[119.551904,40.992509],[119.556035,40.996382],[119.584627,40.99888],[119.626163,41.020517],[119.63105,41.033581],[119.629939,41.039118],[119.621962,41.04608],[119.600069,41.053381],[119.59553,41.057682],[119.592778,41.069917],[119.588204,41.073763],[119.56474,41.076316],[119.554535,41.086013],[119.552949,41.092616],[119.528888,41.095872],[119.493989,41.108275],[119.501669,41.119762],[119.510336,41.116578],[119.514244,41.120107],[119.518564,41.117242],[119.529011,41.119388],[119.537648,41.116984],[119.560746,41.105074],[119.5706,41.111311],[119.580929,41.136971],[119.579228,41.142757],[119.559505,41.163919],[119.537309,41.180365],[119.510722,41.194923],[119.489402,41.194172],[119.478812,41.198937],[119.475331,41.209827],[119.479115,41.216081],[119.496069,41.228217],[119.501546,41.236923],[119.498612,41.246876],[119.49086,41.25336],[119.487171,41.261286],[119.509602,41.277548],[119.54106,41.309237],[119.593352,41.325656],[119.649637,41.321307],[119.672458,41.337753],[119.715991,41.354258],[119.72961,41.369471],[119.742345,41.372831],[119.747389,41.379255],[119.745887,41.391672],[119.733161,41.408907],[119.731269,41.428434],[119.738933,41.441151],[119.740861,41.454801],[119.752883,41.484957],[119.772197,41.506342],[119.783274,41.52372],[119.79523,41.532136],[119.791263,41.538449],[119.815837,41.53787],[119.828072,41.543844],[119.828964,41.540783],[119.837396,41.541887],[119.8372,41.537252],[119.847172,41.531024],[119.85627,41.531867],[119.898256,41.557726],[119.898274,41.538273],[119.887449,41.528673],[119.898316,41.495483],[119.88244,41.475574],[119.890869,41.434714],[119.893005,41.383364],[119.881207,41.360765],[119.875695,41.335795],[119.903195,41.311789],[119.915861,41.305465],[119.954445,41.299254],[119.940295,41.285265],[119.957413,41.267735],[119.972622,41.241007],[119.985391,41.225569],[119.989019,41.217631],[119.98921,41.204579],[119.994089,41.19704],[120.010686,41.192448],[120.025252,41.184861],[120.03251,41.177053],[120.043377,41.158915],[120.038715,41.131176],[120.046242,41.116489],[120.057926,41.103631],[120.050755,41.089585],[120.045755,41.09112],[120.037156,41.085867],[120.022914,41.084405],[120.016834,41.078567],[120.007697,41.079032],[119.993874,41.074064],[119.988466,41.067363],[119.989776,41.061611],[120.000637,41.05825],[120.003454,41.040884],[120.013805,41.035176],[120.016483,41.009262],[120.023866,41.001157],[120.019703,40.998293],[120.017798,40.991414],[120.008482,40.985938],[120.010523,40.98267],[120.00816,40.979045],[120.001788,40.977031],[119.99849,40.965421],[120.000589,40.96293],[119.990547,40.946866],[119.974227,40.931566],[119.961728,40.926397],[119.954288,40.931987],[119.946276,40.945612],[119.933246,40.945495],[119.927083,40.936155],[119.911509,40.930429],[119.901473,40.913829],[119.902468,40.908638],[119.89954,40.907336],[119.891044,40.911256],[119.887959,40.908153],[119.889227,40.911978],[119.862518,40.911115],[119.85326,40.923121],[119.844376,40.927159],[119.829013,40.926807],[119.826614,40.934495],[119.814945,40.930384],[119.814766,40.912472],[119.818084,40.903982],[119.815735,40.898376],[119.820198,40.894495],[119.820352,40.88479],[119.813637,40.880241],[119.809934,40.870635],[119.796441,40.868496],[119.794051,40.857057],[119.789309,40.852828],[119.779704,40.854617],[119.773578,40.844431],[119.759242,40.85644],[119.741216,40.856896],[119.735415,40.866082],[119.723103,40.858514],[119.705541,40.85791],[119.699407,40.845575],[119.699443,40.839173],[119.689053,40.83404],[119.687885,40.828739],[119.689403,40.822467],[119.706366,40.82463],[119.705168,40.816961],[119.693125,40.801755],[119.685406,40.797395],[119.685284,40.788931],[119.678462,40.778975],[119.66452,40.780769],[119.658492,40.786447],[119.654679,40.792069],[119.653723,40.805882],[119.649824,40.806854],[119.647031,40.814288],[119.639905,40.817094],[119.633638,40.827837],[119.602675,40.838822],[119.579705,40.820872],[119.567031,40.816814],[119.543333,40.831727],[119.523654,40.835264],[119.52967,40.851953],[119.521406,40.863264],[119.486046,40.860963],[119.474615,40.864768],[119.471792,40.871242],[119.461298,40.875786]]]}},{"type":"Feature","properties":{"id":"cn:211381","name":"北票市","level":2},"geometry":{"type":"Polygon","coordinates":[[[120.261184,41.912713],[120.267427,41.923708],[120.270668,41.923417],[120.275363,41.914165],[120.285027,41.916717],[120.27779,41.918506],[120.274151,41.924077],[120.28125,41.932641],[120.290946,41.934447],[120.293354,41.930369],[120.299232,41.932424],[120.299596,41.926308],[120.293621,41.920402],[120.302088,41.924852],[120.306087,41.931168],[120.311833,41.93166],[120.311773,41.936239],[120.304742,41.939363],[120.304012,41.949341],[120.329388,41.963011],[120.32776,41.977301],[120.340545,41.975651],[120.367743,41.992367],[120.393731,41.982433],[120.415607,41.983351],[120.414074,41.989764],[120.405147,41.994395],[120.416756,41.998856],[120.422516,42.005388],[120.434312,42.00402],[120.449793,42.012313],[120.445894,42.020949],[120.448033,42.028326],[120.444856,42.054619],[120.45991,42.056133],[120.461124,42.058976],[120.481924,42.063442],[120.487874,42.070749],[120.477191,42.083768],[120.489332,42.085172],[120.493324,42.089066],[120.4834,42.093722],[120.474524,42.088856],[120.463795,42.095517],[120.460849,42.103029],[120.475261,42.113523],[120.530807,42.138216],[120.554627,42.145635],[120.578915,42.165191],[120.619435,42.15254],[120.683715,42.185777],[120.691259,42.196029],[120.71664,42.201567],[120.732622,42.218638],[120.739766,42.221328],[120.785044,42.216376],[120.798733,42.223598],[120.815435,42.225977],[120.821015,42.228915],[120.817891,42.228476],[120.822397,42.233131],[120.818399,42.239072],[120.824269,42.250532],[120.829939,42.245526],[120.840619,42.248887],[120.844053,42.24619],[120.852589,42.253357],[120.855016,42.252346],[120.854123,42.248376],[120.862779,42.249641],[120.882674,42.240256],[120.885018,42.242782],[120.880946,42.243937],[120.88717,42.252283],[120.883447,42.251376],[120.884965,42.254901],[120.876806,42.26408],[120.877908,42.2678],[120.880009,42.265343],[120.880782,42.268972],[120.884809,42.269822],[120.900321,42.265994],[120.90724,42.270235],[120.924323,42.272253],[120.929957,42.277835],[120.953472,42.27191],[120.95551,42.264649],[120.96633,42.25968],[120.986944,42.262431],[121.006059,42.257522],[121.000902,42.252669],[121.002682,42.250547],[121.041658,42.227478],[121.050087,42.216845],[121.051858,42.205555],[121.045165,42.190113],[121.049305,42.185368],[121.049635,42.173003],[121.065766,42.151706],[121.066769,42.140788],[121.072222,42.134096],[121.078759,42.108863],[121.068827,42.099562],[121.061008,42.069219],[121.040409,42.056545],[121.038759,42.049193],[121.049176,42.016146],[121.044914,42.002799],[121.033681,41.985461],[121.035878,41.977834],[121.043626,41.97338],[121.068809,41.9764],[121.07494,41.970653],[121.099115,41.962552],[121.109879,41.96312],[121.144245,41.974649],[121.157474,41.975187],[121.186424,41.963845],[121.194184,41.953203],[121.207405,41.912696],[121.232952,41.901384],[121.286971,41.887643],[121.293272,41.881827],[121.292797,41.872166],[121.296331,41.863387],[121.285099,41.854047],[121.278222,41.843161],[121.277348,41.836339],[121.279848,41.833947],[121.272341,41.835337],[121.272544,41.825514],[121.262921,41.81878],[121.262767,41.808575],[121.267166,41.801386],[121.261413,41.799866],[121.252511,41.785127],[121.250587,41.776564],[121.254768,41.770223],[121.244354,41.769474],[121.241503,41.764748],[121.23705,41.766125],[121.221218,41.761029],[121.217777,41.754923],[121.221989,41.751251],[121.21187,41.741946],[121.210387,41.7378],[121.21667,41.725395],[121.223419,41.724512],[121.228061,41.719024],[121.220839,41.705405],[121.224363,41.700771],[121.222413,41.697227],[121.218015,41.697388],[121.212366,41.687779],[121.221425,41.68624],[121.218968,41.675852],[121.204984,41.675732],[121.196439,41.67139],[121.18861,41.675781],[121.172163,41.662171],[121.171787,41.668745],[121.168278,41.671551],[121.161458,41.664675],[121.150018,41.668463],[121.138312,41.659099],[121.141227,41.65626],[121.141402,41.646955],[121.117286,41.637819],[121.119505,41.630024],[121.113519,41.627479],[121.108293,41.617575],[121.099622,41.621859],[121.087772,41.613631],[121.071724,41.61526],[121.069691,41.611489],[121.065435,41.616045],[121.06128,41.615989],[121.06652,41.621646],[121.06173,41.627242],[121.056596,41.624326],[121.056591,41.618643],[121.050421,41.623894],[121.044378,41.62173],[121.046396,41.61469],[121.050012,41.616389],[121.051631,41.613846],[121.048571,41.611351],[121.045212,41.614151],[121.044733,41.617334],[121.044904,41.613854],[121.042704,41.614866],[121.04375,41.617419],[121.041034,41.619906],[121.042819,41.61385],[121.037343,41.609198],[121.031806,41.60969],[121.025114,41.604957],[121.025675,41.608653],[121.02038,41.60531],[121.009026,41.606293],[121.01426,41.603359],[121.011435,41.600361],[121.008031,41.604134],[120.999608,41.602452],[120.991765,41.593893],[120.987207,41.597492],[120.983514,41.594419],[120.978765,41.598345],[120.970692,41.597329],[120.968431,41.58159],[120.97367,41.573547],[120.970002,41.572053],[120.976392,41.564596],[120.952224,41.546392],[120.952069,41.539304],[120.938245,41.537599],[120.929547,41.52844],[120.920968,41.529144],[120.919187,41.522903],[120.908723,41.525981],[120.900831,41.521463],[120.896042,41.510728],[120.895412,41.490735],[120.891509,41.484599],[120.899797,41.479231],[120.89489,41.470545],[120.887431,41.470352],[120.888381,41.473769],[120.882337,41.47514],[120.872368,41.474583],[120.874167,41.46048],[120.871282,41.439639],[120.874023,41.436796],[120.870819,41.433251],[120.878558,41.419264],[120.871973,41.416112],[120.865623,41.419364],[120.855779,41.41337],[120.84451,41.421847],[120.836813,41.416293],[120.838113,41.402967],[120.828428,41.396005],[120.817092,41.407674],[120.813676,41.420356],[120.806112,41.423894],[120.799839,41.417558],[120.809716,41.408782],[120.809792,41.402289],[120.801623,41.399621],[120.796295,41.393885],[120.7849,41.393231],[120.779582,41.412353],[120.773015,41.409605],[120.761563,41.411936],[120.740104,41.410046],[120.739383,41.417032],[120.734427,41.42202],[120.723372,41.411743],[120.716872,41.411897],[120.706467,41.418788],[120.698809,41.437881],[120.687066,41.44875],[120.659019,41.45033],[120.637836,41.460162],[120.612574,41.463303],[120.614468,41.46993],[120.627644,41.486104],[120.630643,41.500543],[120.644844,41.505277],[120.645116,41.507909],[120.644292,41.513797],[120.630695,41.520039],[120.632115,41.527093],[120.629319,41.529994],[120.640768,41.534957],[120.633772,41.548883],[120.605947,41.56666],[120.622674,41.580705],[120.624331,41.585991],[120.600013,41.603633],[120.602487,41.645548],[120.607942,41.654832],[120.625359,41.667023],[120.629422,41.67399],[120.625939,41.682698],[120.612006,41.696631],[120.619409,41.71638],[120.617811,41.733207],[120.612223,41.740067],[120.597293,41.748599],[120.591686,41.761654],[120.58124,41.753763],[120.577984,41.755784],[120.576974,41.76252],[120.567768,41.76454],[120.561032,41.773072],[120.554634,41.774083],[120.550255,41.78037],[120.544642,41.780482],[120.536784,41.766225],[120.538855,41.754108],[120.570085,41.725708],[120.568626,41.717873],[120.555661,41.711568],[120.516352,41.701898],[120.488961,41.699541],[120.474994,41.70476],[120.470349,41.699535],[120.461681,41.697857],[120.453261,41.70145],[120.433387,41.728403],[120.417199,41.730851],[120.390044,41.751793],[120.393999,41.764588],[120.389669,41.770639],[120.393436,41.776035],[120.37861,41.782904],[120.381511,41.787624],[120.37974,41.792994],[120.372928,41.794282],[120.371898,41.800257],[120.358979,41.806759],[120.361084,41.818517],[120.358756,41.826291],[120.349612,41.83101],[120.347493,41.842427],[120.343205,41.844219],[120.338397,41.854206],[120.350087,41.864396],[120.347601,41.868532],[120.350751,41.87286],[120.348806,41.876874],[120.326708,41.880963],[120.318777,41.890793],[120.295327,41.888567],[120.282348,41.907464],[120.265459,41.904263],[120.261184,41.912713]]]}},{"type":"Feature","properties":{"id":"cn:211382","name":"凌源市","level":2},"geometry":{"type":"Polygon","coordinates":[[[118.843062,40.799486],[118.840273,40.82093],[118.846309,40.824795],[118.849031,40.83912],[118.867131,40.846698],[118.867403,40.855477],[118.87453,40.86083],[118.878753,40.869945],[118.885763,40.902088],[118.87936,40.922905],[118.889429,40.924129],[118.887987,40.929963],[118.894084,40.941138],[118.891953,40.944818],[118.894789,40.94559],[118.893033,40.950954],[118.896114,40.95942],[118.908542,40.964207],[118.910702,40.968496],[118.93846,40.956677],[118.958185,40.958768],[118.967487,40.955824],[118.986381,40.965768],[118.994365,40.965361],[118.998865,40.982524],[119.014108,40.996078],[119.007242,41.005839],[118.945275,41.017184],[118.935249,41.02614],[118.93016,41.035879],[118.933403,41.042949],[118.930825,41.05098],[118.940047,41.056853],[118.958538,41.077576],[118.963721,41.074833],[118.980125,41.075712],[119.004603,41.066004],[119.023258,41.068403],[119.022006,41.061872],[119.031148,41.065449],[119.039819,41.077601],[119.053379,41.075687],[119.061064,41.078475],[119.069803,41.084463],[119.074125,41.093968],[119.07469,41.129403],[119.088882,41.135478],[119.119863,41.13659],[119.152129,41.167628],[119.175341,41.178283],[119.182485,41.196177],[119.174368,41.205062],[119.160036,41.210891],[119.158431,41.215957],[119.163197,41.220879],[119.191113,41.220218],[119.203413,41.223808],[119.205568,41.228475],[119.202764,41.242263],[119.209551,41.242881],[119.213114,41.254713],[119.224668,41.254481],[119.230988,41.260405],[119.228404,41.262002],[119.236193,41.265625],[119.24306,41.281503],[119.233274,41.302445],[119.233917,41.317063],[119.245765,41.323638],[119.263916,41.321368],[119.289975,41.323122],[119.29996,41.329711],[119.307266,41.346124],[119.307892,41.331946],[119.311017,41.327067],[119.316763,41.326233],[119.321511,41.330235],[119.323352,41.344141],[119.311607,41.367076],[119.319437,41.37191],[119.324203,41.383],[119.29955,41.396876],[119.300079,41.401893],[119.342432,41.408846],[119.358537,41.418802],[119.367455,41.418037],[119.370796,41.422264],[119.375567,41.414384],[119.396818,41.417014],[119.397,41.407113],[119.40414,41.402412],[119.404544,41.389049],[119.407197,41.385749],[119.424183,41.382124],[119.430841,41.379148],[119.431135,41.376123],[119.435363,41.378115],[119.44121,41.373705],[119.453134,41.375608],[119.463482,41.371495],[119.465617,41.365305],[119.491555,41.370456],[119.518013,41.352935],[119.519333,41.350136],[119.514263,41.343017],[119.516559,41.337796],[119.514611,41.324211],[119.521008,41.318043],[119.54106,41.309237],[119.509602,41.277548],[119.487171,41.261286],[119.49086,41.25336],[119.498612,41.246876],[119.501546,41.236923],[119.496069,41.228217],[119.479115,41.216081],[119.475331,41.209827],[119.481989,41.196524],[119.510722,41.194923],[119.54659,41.174276],[119.575304,41.147262],[119.580929,41.136971],[119.5706,41.111311],[119.560746,41.105074],[119.537648,41.116984],[119.529011,41.119388],[119.518564,41.117242],[119.514244,41.120107],[119.510336,41.116578],[119.501669,41.119762],[119.493989,41.108275],[119.528888,41.095872],[119.552949,41.092616],[119.554535,41.086013],[119.56474,41.076316],[119.588204,41.073763],[119.592778,41.069917],[119.59553,41.057682],[119.600069,41.053381],[119.628272,41.041246],[119.630582,41.027196],[119.618524,41.015339],[119.584627,40.99888],[119.556035,40.996382],[119.551904,40.992509],[119.548232,40.996446],[119.549772,40.999841],[119.540833,40.993963],[119.525785,41.001347],[119.521939,40.989666],[119.528439,40.988986],[119.531527,40.984978],[119.530575,40.974683],[119.539081,40.957373],[119.554335,40.947337],[119.564985,40.953431],[119.568388,40.944964],[119.575628,40.939682],[119.545824,40.930825],[119.532352,40.915338],[119.517431,40.913403],[119.501548,40.904656],[119.494984,40.893288],[119.489193,40.89325],[119.482734,40.885586],[119.472786,40.884292],[119.461671,40.876661],[119.471792,40.871242],[119.474615,40.864768],[119.486046,40.860963],[119.495576,40.862761],[119.501251,40.860593],[119.509992,40.864427],[119.524288,40.861315],[119.52967,40.851953],[119.521432,40.829405],[119.525234,40.814843],[119.521032,40.806779],[119.509426,40.796262],[119.501797,40.773697],[119.494552,40.765703],[119.472624,40.758417],[119.45788,40.762938],[119.448998,40.755177],[119.448088,40.753269],[119.453254,40.751516],[119.425703,40.72914],[119.41947,40.717491],[119.417769,40.701549],[119.40888,40.690694],[119.383871,40.677487],[119.371987,40.679782],[119.357387,40.677834],[119.339522,40.667547],[119.317309,40.641874],[119.28964,40.618888],[119.293585,40.618644],[119.289367,40.615826],[119.289938,40.612293],[119.284668,40.612474],[119.271249,40.605016],[119.259692,40.607717],[119.259955,40.612358],[119.251614,40.619381],[119.245299,40.616973],[119.240622,40.606578],[119.229696,40.595646],[119.221901,40.603155],[119.1948,40.602669],[119.179098,40.608307],[119.171858,40.607791],[119.156186,40.598472],[119.151281,40.602433],[119.152485,40.617266],[119.147979,40.618496],[119.147986,40.62266],[119.138249,40.632218],[119.16684,40.652734],[119.172943,40.661736],[119.179497,40.674158],[119.16987,40.688563],[119.159133,40.691107],[119.15243,40.689206],[119.108646,40.664858],[119.097066,40.661692],[119.088637,40.661663],[119.070036,40.670782],[119.056778,40.66133],[119.048155,40.66312],[119.042695,40.679741],[119.033335,40.682156],[119.021696,40.690632],[119.013622,40.690506],[119.0062,40.685721],[118.995652,40.694513],[118.981271,40.696738],[118.975983,40.705429],[118.954973,40.718829],[118.949052,40.741373],[118.943301,40.746414],[118.920186,40.74865],[118.901881,40.755187],[118.889689,40.752304],[118.889494,40.756047],[118.896886,40.759907],[118.896984,40.765228],[118.904997,40.775404],[118.895342,40.779871],[118.886993,40.776478],[118.880711,40.781537],[118.874434,40.780043],[118.870106,40.788736],[118.86014,40.792944],[118.855313,40.801358],[118.843062,40.799486]]]}},{"type":"Feature","properties":{"id":"cn:2114","name":"葫芦岛市","level":1},"geometry":{"type":"MultiPolygon","coordinates":[[[[119.215764,40.565573],[119.214835,40.578859],[119.226658,40.587942],[119.233333,40.601167],[119.240622,40.606578],[119.246434,40.61796],[119.254254,40.618178],[119.260579,40.611221],[119.259692,40.607717],[119.270622,40.604956],[119.284668,40.612474],[119.289314,40.611804],[119.289367,40.615826],[119.293585,40.618644],[119.28964,40.618888],[119.317309,40.641874],[119.339522,40.667547],[119.357387,40.677834],[119.371987,40.679782],[119.383871,40.677487],[119.40888,40.690694],[119.417769,40.701549],[119.41947,40.717491],[119.425703,40.72914],[119.451883,40.750065],[119.447988,40.753766],[119.45788,40.762938],[119.472624,40.758417],[119.481824,40.759752],[119.499088,40.769453],[119.509426,40.796262],[119.523724,40.810559],[119.525234,40.814843],[119.521432,40.829405],[119.523654,40.835264],[119.543333,40.831727],[119.567031,40.816814],[119.579705,40.820872],[119.602675,40.838822],[119.621011,40.832606],[119.633638,40.827837],[119.639905,40.817094],[119.647279,40.813987],[119.649824,40.806854],[119.653723,40.805882],[119.654757,40.791853],[119.661454,40.783246],[119.678462,40.778975],[119.685284,40.788931],[119.685406,40.797395],[119.693125,40.801755],[119.705168,40.816961],[119.706366,40.82463],[119.689403,40.822467],[119.687885,40.828739],[119.689053,40.83404],[119.699443,40.839173],[119.699407,40.845575],[119.705541,40.85791],[119.723103,40.858514],[119.735415,40.866082],[119.741216,40.856896],[119.759242,40.85644],[119.773578,40.844431],[119.779704,40.854617],[119.789309,40.852828],[119.794051,40.857057],[119.796441,40.868496],[119.809934,40.870635],[119.813637,40.880241],[119.820352,40.88479],[119.820198,40.894495],[119.815735,40.898376],[119.818084,40.903982],[119.813089,40.928062],[119.816373,40.931144],[119.826614,40.934495],[119.829013,40.926807],[119.844376,40.927159],[119.857634,40.919394],[119.862518,40.911115],[119.889227,40.911978],[119.887959,40.908153],[119.891044,40.911256],[119.89954,40.907336],[119.902468,40.908638],[119.901473,40.913829],[119.911509,40.930429],[119.923255,40.933576],[119.936996,40.946936],[119.946276,40.945612],[119.958776,40.927444],[119.974227,40.931566],[119.990547,40.946866],[120.000589,40.96293],[119.99849,40.965421],[120.001788,40.977031],[120.00816,40.979045],[120.010523,40.98267],[120.008482,40.985938],[120.017798,40.991414],[120.019703,40.998293],[120.023866,41.001157],[120.016483,41.009262],[120.013805,41.035176],[120.003454,41.040884],[120.000637,41.05825],[119.989776,41.061611],[119.988466,41.067363],[119.993874,41.074064],[120.007697,41.079032],[120.016834,41.078567],[120.022914,41.084405],[120.037156,41.085867],[120.045755,41.09112],[120.050755,41.089585],[120.056465,41.099641],[120.072795,41.09883],[120.081086,41.090003],[120.106868,41.085761],[120.099937,41.085822],[120.106912,41.085179],[120.113289,41.074184],[120.104468,41.068031],[120.102621,41.0615],[120.113824,41.058658],[120.140321,41.00506],[120.168021,41.026311],[120.172865,41.025608],[120.18281,40.999174],[120.193519,40.9992],[120.19933,40.989578],[120.197078,40.984269],[120.198826,40.972168],[120.187577,40.966992],[120.188814,40.96186],[120.184299,40.955082],[120.167985,40.953347],[120.170661,40.947124],[120.160068,40.940122],[120.163449,40.9251],[120.174109,40.920386],[120.191146,40.921754],[120.198118,40.930679],[120.197545,40.936072],[120.202773,40.945237],[120.212243,40.955212],[120.223512,40.953347],[120.229315,40.948837],[120.246631,40.957287],[120.248707,40.94874],[120.245263,40.94842],[120.243642,40.946524],[120.250776,40.945805],[120.254011,40.942122],[120.262209,40.945922],[120.272649,40.943084],[120.285119,40.959656],[120.282713,40.966414],[120.284984,40.971254],[120.298481,40.971524],[120.30072,40.986185],[120.312745,40.992493],[120.314901,40.998598],[120.323301,40.999471],[120.329418,40.993754],[120.332716,40.9977],[120.331122,41.001757],[120.34337,40.999904],[120.333883,40.994911],[120.338227,40.993441],[120.338509,40.989856],[120.382604,40.970907],[120.39665,40.952504],[120.413307,40.954479],[120.439259,40.975797],[120.439365,40.97978],[120.448739,40.988877],[120.446482,40.996845],[120.453412,40.999108],[120.449176,41.019373],[120.452138,41.045963],[120.449027,41.051389],[120.451091,41.056701],[120.462624,41.065602],[120.465308,41.072435],[120.471747,41.07583],[120.490393,41.077399],[120.502292,41.066298],[120.515555,41.06072],[120.527092,41.062257],[120.532326,41.069327],[120.532274,41.090872],[120.593957,41.104306],[120.598331,41.116072],[120.598355,41.129435],[120.608162,41.141722],[120.60643,41.153753],[120.609862,41.159592],[120.631206,41.167009],[120.635052,41.182339],[120.65204,41.181527],[120.65894,41.175976],[120.663811,41.176398],[120.671438,41.179167],[120.6719,41.184251],[120.679975,41.186657],[120.68409,41.193254],[120.696089,41.197127],[120.698343,41.193699],[120.692965,41.182544],[120.707281,41.182002],[120.722237,41.185261],[120.730627,41.192495],[120.739015,41.192621],[120.741263,41.196157],[120.758541,41.18793],[120.779099,41.201106],[120.790464,41.182029],[120.778922,41.168344],[120.783116,41.159923],[120.800242,41.156217],[120.798488,41.148947],[120.800608,41.145507],[120.820234,41.138953],[120.829234,41.129727],[120.838483,41.130756],[120.845787,41.138984],[120.852658,41.138582],[120.854796,41.143208],[120.87091,41.154284],[120.877606,41.148984],[120.890878,41.147867],[120.890934,41.142495],[120.902574,41.143932],[120.906916,41.136671],[120.905639,41.133909],[120.892586,41.127584],[120.90136,41.120392],[120.916639,41.120631],[120.925455,41.115818],[120.930212,41.121414],[120.93508,41.12071],[120.943186,41.08375],[120.949456,41.079096],[120.947378,41.070917],[120.941841,41.073123],[120.944355,41.070184],[120.940762,41.069773],[120.938906,41.064987],[120.941684,41.062753],[120.942764,41.049527],[120.947431,41.04426],[120.957406,41.048564],[120.977182,41.044433],[120.975509,41.038069],[120.988444,41.031643],[121.001253,41.03401],[121.007851,41.040772],[121.029208,41.048584],[121.026823,41.031758],[121.015156,41.007574],[121.008541,40.984193],[121.006235,40.971153],[121.01057,40.971527],[121.01141,40.957583],[121.004717,40.954608],[121.004319,40.950802],[121.007742,40.950642],[121.006544,40.946108],[121.011848,40.94046],[121.014758,40.940684],[121.016198,40.947852],[121.017852,40.945234],[121.019034,40.948446],[121.019214,40.940458],[121.028683,40.941798],[121.029147,40.938637],[121.033251,40.938385],[121.029482,40.93831],[121.033231,40.93763],[121.029217,40.937485],[121.031431,40.932031],[121.026524,40.927825],[121.018183,40.926386],[121.022744,40.922153],[121.026767,40.924789],[121.031319,40.920253],[121.028749,40.913169],[121.023652,40.912043],[121.028476,40.90537],[121.02711,40.888429],[121.014618,40.866484],[121.006233,40.862235],[121.003264,40.856246],[121.003353,40.841725],[121.007708,40.830056],[121.001987,40.806032],[120.995662,40.808563],[120.987531,40.807116],[120.979219,40.817959],[120.974593,40.818867],[120.973967,40.811272],[120.966536,40.803138],[120.970469,40.797401],[120.984766,40.793416],[120.99263,40.77977],[120.991285,40.775221],[120.979054,40.770104],[120.975217,40.764879],[120.975663,40.744729],[120.982404,40.741658],[120.986129,40.742526],[120.989545,40.745165],[121.026921,40.743216],[121.036998,40.724695],[121.032473,40.709635],[120.99823,40.705829],[120.981424,40.71198],[120.975603,40.709514],[120.966181,40.696042],[120.948802,40.695291],[120.937483,40.68556],[120.887995,40.683885],[120.86954,40.679596],[120.853377,40.683164],[120.836762,40.679067],[120.826432,40.672916],[120.825365,40.66388],[120.831997,40.650352],[120.831858,40.643103],[120.824609,40.629596],[120.820486,40.598963],[120.810816,40.585812],[120.766883,40.558729],[120.722821,40.537899],[120.716771,40.514071],[120.704065,40.506448],[120.688797,40.504322],[120.666232,40.467461],[120.634531,40.466892],[120.613924,40.458788],[120.617358,40.450717],[120.611363,40.443645],[120.610733,40.412002],[120.590252,40.394388],[120.598282,40.375443],[120.597283,40.359736],[120.590608,40.350494],[120.576815,40.341398],[120.526632,40.320001],[120.516684,40.303368],[120.518689,40.255414],[120.505812,40.247112],[120.486415,40.19885],[120.468785,40.181862],[120.459688,40.177314],[120.392023,40.17845],[120.366146,40.173046],[120.267483,40.125851],[120.214888,40.108077],[120.156024,40.094574],[120.128546,40.073101],[120.086371,40.076094],[120.019974,40.058463],[119.950321,40.045526],[119.944062,40.041619],[119.939375,40.033407],[119.935964,40.008707],[119.923307,39.996089],[119.908464,39.987361],[119.848603,39.987309],[119.84318,39.998046],[119.839402,39.998833],[119.8406,40.003598],[119.833969,40.005324],[119.835384,40.010688],[119.844296,40.018896],[119.842147,40.019154],[119.844921,40.022025],[119.842266,40.026725],[119.848602,40.031241],[119.838461,40.036267],[119.82956,40.049044],[119.818324,40.046521],[119.810933,40.051608],[119.812367,40.047916],[119.807732,40.049278],[119.801845,40.04282],[119.790207,40.038906],[119.788586,40.041604],[119.781061,40.040213],[119.77755,40.045862],[119.774192,40.045401],[119.776644,40.047088],[119.764986,40.047499],[119.762683,40.052331],[119.759639,40.051708],[119.762925,40.056746],[119.757333,40.059756],[119.754869,40.066396],[119.765673,40.080969],[119.756411,40.084287],[119.730767,40.10356],[119.75673,40.138682],[119.756546,40.143441],[119.749573,40.151854],[119.751336,40.158683],[119.740013,40.206647],[119.732961,40.205572],[119.728131,40.198835],[119.725197,40.204484],[119.713359,40.203709],[119.715295,40.198674],[119.708734,40.195057],[119.700938,40.203679],[119.690382,40.207586],[119.67037,40.223284],[119.672271,40.226859],[119.6657,40.238377],[119.641608,40.228009],[119.63384,40.228443],[119.633555,40.230776],[119.626522,40.222695],[119.618534,40.224244],[119.627661,40.248231],[119.631486,40.249103],[119.631941,40.255059],[119.638141,40.258312],[119.636312,40.263908],[119.646031,40.271219],[119.641711,40.276145],[119.64119,40.284626],[119.636319,40.290132],[119.617088,40.299993],[119.610391,40.317191],[119.59151,40.335559],[119.593975,40.355386],[119.580807,40.374275],[119.585546,40.391753],[119.594626,40.405681],[119.587629,40.43446],[119.595892,40.443836],[119.599078,40.453809],[119.589252,40.467807],[119.572143,40.473996],[119.565867,40.486974],[119.547594,40.500515],[119.544955,40.508133],[119.549513,40.515555],[119.566075,40.522417],[119.567568,40.534729],[119.565103,40.539599],[119.553115,40.546562],[119.528245,40.552864],[119.514986,40.545975],[119.50433,40.549116],[119.50467,40.552692],[119.50028,40.549784],[119.497448,40.552592],[119.484817,40.534693],[119.475172,40.53197],[119.42289,40.53861],[119.390502,40.533741],[119.374739,40.537348],[119.331718,40.529756],[119.295919,40.528836],[119.270286,40.533589],[119.249904,40.541866],[119.215764,40.565573]]],[[[120.768433,40.482366],[120.775767,40.497105],[120.789449,40.499151],[120.787685,40.513749],[120.797136,40.511563],[120.804258,40.514806],[120.805034,40.517204],[120.800379,40.519884],[120.801367,40.525455],[120.805246,40.525033],[120.80715,40.520378],[120.816893,40.521399],[120.8166,40.516429],[120.825626,40.514031],[120.828236,40.494355],[120.825485,40.488008],[120.797841,40.486457],[120.781268,40.472211],[120.773863,40.473833],[120.768433,40.482366]]],[[[120.759825,40.441885],[120.764078,40.447225],[120.766526,40.445109],[120.765215,40.439709],[120.759825,40.441885]]],[[[120.756727,40.469882],[120.760808,40.471395],[120.76506,40.469087],[120.758531,40.468271],[120.756727,40.469882]]],[[[120.983153,40.745371],[120.985746,40.745946],[120.986384,40.742788],[120.984439,40.742819],[120.983153,40.745371]]],[[[120.609798,40.395478],[120.611636,40.403251],[120.615608,40.40558],[120.616457,40.395981],[120.609798,40.395478]]],[[[120.815983,40.531787],[120.821338,40.536341],[120.826144,40.534922],[120.819903,40.528918],[120.815983,40.531787]]]]}},{"type":"Feature","properties":{"id":"cn:211402","name":"连山区","level":2},"geometry":{"type":"Polygon","coordinates":[[[120.23171,40.94313],[120.233576,40.949309],[120.246631,40.957287],[120.248707,40.94874],[120.243216,40.947018],[120.246601,40.944975],[120.250776,40.945805],[120.254011,40.942122],[120.262209,40.945922],[120.27396,40.943898],[120.285119,40.959656],[120.282713,40.966414],[120.284984,40.971254],[120.300009,40.97266],[120.30072,40.986185],[120.312745,40.992493],[120.314901,40.998598],[120.323301,40.999471],[120.328685,40.993528],[120.332716,40.9977],[120.331122,41.001757],[120.34337,40.999904],[120.333883,40.994911],[120.338227,40.993441],[120.338509,40.989856],[120.382604,40.970907],[120.394245,40.953893],[120.400867,40.951337],[120.413307,40.954479],[120.439259,40.975797],[120.439365,40.97978],[120.448739,40.988877],[120.446482,40.996845],[120.453412,40.999108],[120.453411,41.002085],[120.462781,41.001226],[120.467136,40.990753],[120.474182,40.988872],[120.472758,40.9843],[120.480989,40.984343],[120.489345,40.985489],[120.500964,40.994599],[120.504015,41.00119],[120.514936,41.004131],[120.513861,41.009011],[120.51869,41.008606],[120.558524,40.970321],[120.56283,40.968997],[120.577404,40.976615],[120.583698,40.976285],[120.603441,40.96263],[120.620338,40.959174],[120.623327,40.949898],[120.627228,40.949321],[120.622144,40.945213],[120.623048,40.942677],[120.62569,40.944172],[120.623489,40.938277],[120.626919,40.945564],[120.632831,40.943843],[120.632624,40.950242],[120.647707,40.960906],[120.653446,40.953541],[120.671179,40.960688],[120.701435,40.93921],[120.709348,40.926593],[120.747799,40.917178],[120.788825,40.917386],[120.806584,40.926393],[120.812045,40.936154],[120.849123,40.928357],[120.874001,40.928581],[120.908208,40.902057],[120.916302,40.885157],[120.924882,40.886492],[120.925967,40.875087],[120.954978,40.875707],[120.96812,40.860215],[120.975217,40.858254],[120.997229,40.890795],[121.003705,40.884359],[121.000789,40.874246],[121.008939,40.867784],[121.000785,40.864834],[120.994253,40.857383],[120.987147,40.857445],[120.975612,40.847583],[120.995017,40.827122],[121.007708,40.830056],[121.001987,40.806032],[120.995662,40.808563],[120.987531,40.807116],[120.979219,40.817959],[120.956271,40.8307],[120.942728,40.83088],[120.934591,40.82577],[120.929497,40.828101],[120.92703,40.818776],[120.919425,40.816467],[120.920081,40.807482],[120.915648,40.804629],[120.916983,40.800766],[120.911019,40.793512],[120.913478,40.793385],[120.906693,40.78329],[120.899563,40.778669],[120.899643,40.773435],[120.891989,40.769092],[120.889911,40.764077],[120.893394,40.763884],[120.892916,40.759295],[120.895963,40.757175],[120.894739,40.753495],[120.890321,40.7541],[120.898092,40.749246],[120.892604,40.74299],[120.864347,40.739349],[120.858451,40.741774],[120.858155,40.737941],[120.854599,40.737442],[120.847935,40.740148],[120.836723,40.727847],[120.820804,40.719274],[120.823683,40.718077],[120.822754,40.714693],[120.818889,40.715382],[120.815851,40.711822],[120.816696,40.714912],[120.813313,40.715437],[120.818741,40.718941],[120.817346,40.72241],[120.813516,40.721663],[120.815985,40.726671],[120.812331,40.73108],[120.813859,40.734555],[120.806753,40.731385],[120.806069,40.73711],[120.803613,40.735238],[120.801561,40.737421],[120.789803,40.728264],[120.775467,40.731447],[120.766205,40.725959],[120.756904,40.727105],[120.751863,40.73109],[120.753615,40.733863],[120.758595,40.733151],[120.759711,40.738138],[120.753101,40.7404],[120.755835,40.741477],[120.750462,40.744787],[120.755353,40.750545],[120.751873,40.752617],[120.732136,40.752635],[120.71756,40.763819],[120.70329,40.769617],[120.689472,40.763412],[120.667934,40.767365],[120.640182,40.765855],[120.629305,40.780307],[120.62434,40.781436],[120.595903,40.776819],[120.541559,40.78619],[120.524933,40.783364],[120.520978,40.775636],[120.511446,40.777978],[120.506379,40.785441],[120.49628,40.786971],[120.497026,40.77473],[120.476593,40.771207],[120.468652,40.760333],[120.462733,40.760632],[120.456874,40.755476],[120.450483,40.759858],[120.449724,40.764431],[120.434107,40.764249],[120.426189,40.768784],[120.414227,40.784067],[120.390972,40.786267],[120.38526,40.789505],[120.385486,40.801675],[120.380937,40.811766],[120.360252,40.829752],[120.337908,40.831228],[120.321814,40.823047],[120.302135,40.818542],[120.284913,40.822591],[120.292526,40.830347],[120.292569,40.83654],[120.286579,40.842756],[120.266119,40.852921],[120.251918,40.882582],[120.236796,40.891997],[120.239705,40.918134],[120.23171,40.94313]]]}},{"type":"Feature","properties":{"id":"cn:211403","name":"龙港区","level":2},"geometry":{"type":"MultiPolygon","coordinates":[[[[120.737236,40.691172],[120.745602,40.69621],[120.744273,40.699848],[120.739317,40.699838],[120.739501,40.706971],[120.748167,40.717175],[120.751896,40.731019],[120.762597,40.726106],[120.774925,40.731408],[120.789803,40.728264],[120.801561,40.737421],[120.803613,40.735238],[120.806069,40.73711],[120.806753,40.731385],[120.814023,40.734384],[120.812331,40.73108],[120.815985,40.726671],[120.813516,40.721663],[120.817346,40.72241],[120.818785,40.71842],[120.813313,40.715437],[120.816696,40.714912],[120.815851,40.711822],[120.818889,40.715382],[120.822754,40.714693],[120.823683,40.718077],[120.820804,40.719274],[120.836723,40.727847],[120.847935,40.740148],[120.854599,40.737442],[120.858155,40.737941],[120.858451,40.741774],[120.864347,40.739349],[120.892604,40.74299],[120.898092,40.749246],[120.890321,40.7541],[120.894739,40.753495],[120.895963,40.757175],[120.892916,40.759295],[120.893394,40.763884],[120.889911,40.764077],[120.891989,40.769092],[120.899643,40.773435],[120.899563,40.778669],[120.906693,40.78329],[120.913478,40.793385],[120.911019,40.793512],[120.916983,40.800766],[120.915648,40.804629],[120.920081,40.807482],[120.919425,40.816467],[120.92703,40.818776],[120.929497,40.828101],[120.934591,40.82577],[120.942728,40.83088],[120.95431,40.831209],[120.968195,40.825291],[120.975035,40.815182],[120.967396,40.805781],[120.967161,40.801237],[120.970469,40.797401],[120.984766,40.793416],[120.990504,40.787161],[120.991285,40.775221],[120.979054,40.770104],[120.975217,40.764879],[120.974115,40.748121],[120.977092,40.742725],[120.98452,40.741887],[120.986129,40.742526],[120.989545,40.745165],[121.023337,40.74471],[121.029539,40.740755],[121.036998,40.724695],[121.034275,40.712494],[121.026867,40.707418],[120.99823,40.705829],[120.984835,40.712006],[120.978307,40.711285],[120.966181,40.696042],[120.948802,40.695291],[120.937483,40.68556],[120.887995,40.683885],[120.86954,40.679596],[120.854818,40.683251],[120.841901,40.680859],[120.825278,40.671128],[120.828197,40.657675],[120.816039,40.654293],[120.807664,40.668419],[120.797126,40.672338],[120.796112,40.682029],[120.770588,40.688191],[120.750279,40.687528],[120.737236,40.691172]]],[[[120.983153,40.745371],[120.985746,40.745946],[120.986384,40.742788],[120.984439,40.742819],[120.983153,40.745371]]]]}},{"type":"Feature","properties":{"id":"cn:211404","name":"南票区","level":2},"geometry":{"type":"Polygon","coordinates":[[[120.448893,41.050331],[120.451091,41.056701],[120.456064,41.058513],[120.465308,41.072435],[120.471747,41.07583],[120.491797,41.077135],[120.502292,41.066298],[120.515555,41.06072],[120.527092,41.062257],[120.532326,41.069327],[120.532274,41.090872],[120.593514,41.103963],[120.598331,41.116072],[120.598355,41.129435],[120.608162,41.141722],[120.60643,41.153753],[120.609862,41.159592],[120.631206,41.167009],[120.635052,41.182339],[120.65204,41.181527],[120.65894,41.175976],[120.663811,41.176398],[120.671438,41.179167],[120.6719,41.184251],[120.679975,41.186657],[120.68409,41.193254],[120.696089,41.197127],[120.698343,41.193699],[120.694158,41.189623],[120.693128,41.182364],[120.722237,41.185261],[120.730627,41.192495],[120.739015,41.192621],[120.741263,41.196157],[120.758541,41.18793],[120.779099,41.201106],[120.790464,41.182029],[120.778922,41.168344],[120.783116,41.159923],[120.800242,41.156217],[120.798488,41.148947],[120.800608,41.145507],[120.820234,41.138953],[120.829234,41.129727],[120.838483,41.130756],[120.845787,41.138984],[120.852658,41.138582],[120.854796,41.143208],[120.87091,41.154284],[120.877606,41.148984],[120.890878,41.147867],[120.890934,41.142495],[120.902574,41.143932],[120.906916,41.136671],[120.905639,41.133909],[120.892586,41.127584],[120.90136,41.120392],[120.916639,41.120631],[120.925455,41.115818],[120.930212,41.121414],[120.93508,41.12071],[120.943186,41.08375],[120.949456,41.079096],[120.947378,41.070917],[120.941841,41.073123],[120.944355,41.070184],[120.940762,41.069773],[120.938906,41.064987],[120.941684,41.062753],[120.942764,41.049527],[120.947431,41.04426],[120.957406,41.048564],[120.977182,41.044433],[120.975509,41.038069],[120.988444,41.031643],[121.001253,41.03401],[121.007851,41.040772],[121.029208,41.048584],[121.026823,41.031758],[121.015156,41.007574],[121.008541,40.984193],[121.006235,40.971153],[121.01057,40.971527],[121.01141,40.957583],[121.004717,40.954608],[121.004319,40.950802],[121.007742,40.950642],[121.006544,40.946108],[121.011848,40.94046],[121.014758,40.940684],[121.016198,40.947852],[121.017852,40.945234],[121.019034,40.948446],[121.019214,40.940458],[121.028683,40.941798],[121.029147,40.938637],[121.033251,40.938385],[121.029482,40.93831],[121.033231,40.93763],[121.029217,40.937485],[121.031431,40.932031],[121.026524,40.927825],[121.018183,40.926386],[121.022744,40.922153],[121.026767,40.924789],[121.031319,40.920253],[121.028749,40.913169],[121.023652,40.912043],[121.028476,40.90537],[121.02711,40.888429],[121.014618,40.866484],[121.006233,40.862235],[121.003264,40.856246],[121.002466,40.847188],[121.007275,40.831246],[120.995017,40.827122],[120.975612,40.847583],[120.987147,40.857445],[120.994253,40.857383],[121.000785,40.864834],[121.008939,40.867784],[121.000789,40.874246],[121.003705,40.884359],[120.997229,40.890795],[120.975217,40.858254],[120.96812,40.860215],[120.954978,40.875707],[120.925967,40.875087],[120.924882,40.886492],[120.916302,40.885157],[120.908208,40.902057],[120.874001,40.928581],[120.849123,40.928357],[120.812045,40.936154],[120.806584,40.926393],[120.788825,40.917386],[120.747799,40.917178],[120.709348,40.926593],[120.701435,40.93921],[120.671179,40.960688],[120.653446,40.953541],[120.647707,40.960906],[120.632624,40.950242],[120.632831,40.943843],[120.626919,40.945564],[120.623489,40.938277],[120.62569,40.944172],[120.623048,40.942677],[120.622144,40.945213],[120.627228,40.949321],[120.623327,40.949898],[120.620338,40.959174],[120.603441,40.96263],[120.583698,40.976285],[120.577404,40.976615],[120.56283,40.968997],[120.558524,40.970321],[120.51869,41.008606],[120.513861,41.009011],[120.514936,41.004131],[120.504015,41.00119],[120.500964,40.994599],[120.489345,40.985489],[120.472758,40.9843],[120.474182,40.988872],[120.467136,40.990753],[120.462781,41.001226],[120.451195,41.004866],[120.452439,41.011675],[120.449176,41.019373],[120.452138,41.045963],[120.448893,41.050331]]]}},{"type":"Feature","properties":{"id":"cn:211421","name":"绥中县","level":2},"geometry":{"type":"Polygon","coordinates":[[[119.580807,40.374275],[119.585546,40.391753],[119.594626,40.405681],[119.588956,40.424821],[119.593974,40.426843],[119.672403,40.426973],[119.713436,40.430341],[119.727229,40.423861],[119.738532,40.410316],[119.754149,40.405997],[119.774704,40.408615],[119.811239,40.42522],[119.854451,40.427138],[119.880457,40.4435],[119.890336,40.455211],[119.895648,40.48528],[119.911639,40.513519],[119.919599,40.519348],[119.946727,40.524106],[119.957464,40.534839],[119.967673,40.538511],[119.98328,40.540112],[120.000269,40.535635],[120.038811,40.556679],[120.065095,40.55598],[120.080798,40.563371],[120.079965,40.571926],[120.062013,40.593385],[120.059904,40.604449],[120.073836,40.614444],[120.095054,40.617408],[120.099513,40.61483],[120.10519,40.598836],[120.125477,40.600994],[120.137656,40.593645],[120.155581,40.571471],[120.15519,40.564002],[120.162369,40.553949],[120.168732,40.55437],[120.177317,40.563953],[120.192048,40.566063],[120.197543,40.570308],[120.201892,40.569179],[120.208559,40.558081],[120.194236,40.549986],[120.188758,40.543021],[120.188515,40.533176],[120.193063,40.524079],[120.199313,40.519318],[120.226397,40.514587],[120.232438,40.50677],[120.26151,40.489531],[120.253055,40.473042],[120.26585,40.461062],[120.269548,40.445213],[120.267196,40.429469],[120.293141,40.420334],[120.315746,40.406615],[120.314115,40.387175],[120.321719,40.369371],[120.328611,40.36496],[120.334583,40.351884],[120.353585,40.363874],[120.370899,40.368295],[120.3859,40.359639],[120.396821,40.362687],[120.413616,40.359453],[120.403566,40.335908],[120.391589,40.333491],[120.388642,40.330497],[120.390274,40.327029],[120.405703,40.324002],[120.417648,40.313091],[120.439678,40.311845],[120.451529,40.300034],[120.461146,40.279327],[120.480052,40.268238],[120.486875,40.267956],[120.496614,40.275451],[120.51835,40.279812],[120.519536,40.261176],[120.518689,40.255414],[120.505812,40.247112],[120.486415,40.19885],[120.477891,40.188972],[120.459688,40.177314],[120.379792,40.177027],[120.366146,40.173046],[120.267483,40.125851],[120.214888,40.108077],[120.156024,40.094574],[120.128546,40.073101],[120.086371,40.076094],[120.019974,40.058463],[119.950321,40.045526],[119.944062,40.041619],[119.939375,40.033407],[119.935964,40.008707],[119.912839,39.988819],[119.895017,39.986228],[119.848603,39.987309],[119.84318,39.998046],[119.839402,39.998833],[119.8406,40.003598],[119.833969,40.005324],[119.835384,40.010688],[119.843307,40.016489],[119.844921,40.022025],[119.842266,40.026725],[119.848053,40.032156],[119.838461,40.036267],[119.82956,40.049044],[119.818324,40.046521],[119.810933,40.051608],[119.812367,40.047916],[119.807732,40.049278],[119.801845,40.04282],[119.790207,40.038906],[119.788586,40.041604],[119.781061,40.040213],[119.773935,40.048219],[119.764986,40.047499],[119.762683,40.052331],[119.759567,40.051905],[119.762925,40.056746],[119.754544,40.064337],[119.759562,40.075504],[119.765673,40.080969],[119.756411,40.084287],[119.730767,40.10356],[119.75673,40.138682],[119.756546,40.143441],[119.749573,40.151854],[119.751336,40.158683],[119.740013,40.206647],[119.732961,40.205572],[119.728131,40.198835],[119.725197,40.204484],[119.713359,40.203709],[119.715295,40.198674],[119.708734,40.195057],[119.700938,40.203679],[119.690382,40.207586],[119.67037,40.223284],[119.672271,40.226859],[119.6657,40.238377],[119.641608,40.228009],[119.63384,40.228443],[119.633555,40.230776],[119.626522,40.222695],[119.619382,40.223018],[119.618137,40.225782],[119.623335,40.232676],[119.627661,40.248231],[119.631486,40.249103],[119.631941,40.255059],[119.638141,40.258312],[119.636312,40.263908],[119.646031,40.271219],[119.641711,40.276145],[119.64119,40.284626],[119.636319,40.290132],[119.617088,40.299993],[119.610391,40.317191],[119.592283,40.333021],[119.590928,40.341974],[119.593975,40.355386],[119.580807,40.374275]]]}},{"type":"Feature","properties":{"id":"cn:211422","name":"建昌县","level":2},"geometry":{"type":"Polygon","coordinates":[[[119.215764,40.565573],[119.214835,40.578859],[119.226658,40.587942],[119.233333,40.601167],[119.240622,40.606578],[119.246434,40.61796],[119.254254,40.618178],[119.260579,40.611221],[119.259692,40.607717],[119.270622,40.604956],[119.284668,40.612474],[119.289314,40.611804],[119.289367,40.615826],[119.293585,40.618644],[119.28964,40.618888],[119.317309,40.641874],[119.339522,40.667547],[119.357387,40.677834],[119.371987,40.679782],[119.383871,40.677487],[119.40888,40.690694],[119.417769,40.701549],[119.41947,40.717491],[119.425703,40.72914],[119.451883,40.750065],[119.447988,40.753766],[119.45788,40.762938],[119.472624,40.758417],[119.481824,40.759752],[119.499088,40.769453],[119.509426,40.796262],[119.523724,40.810559],[119.525234,40.814843],[119.521432,40.829405],[119.523654,40.835264],[119.543333,40.831727],[119.567031,40.816814],[119.579705,40.820872],[119.602675,40.838822],[119.621011,40.832606],[119.633638,40.827837],[119.639905,40.817094],[119.647279,40.813987],[119.649824,40.806854],[119.653723,40.805882],[119.654757,40.791853],[119.661454,40.783246],[119.678462,40.778975],[119.685284,40.788931],[119.685406,40.797395],[119.693125,40.801755],[119.705168,40.816961],[119.706366,40.82463],[119.689403,40.822467],[119.687885,40.828739],[119.689053,40.83404],[119.699443,40.839173],[119.699407,40.845575],[119.705541,40.85791],[119.723103,40.858514],[119.735415,40.866082],[119.741216,40.856896],[119.759242,40.85644],[119.773578,40.844431],[119.779704,40.854617],[119.789309,40.852828],[119.794051,40.857057],[119.796441,40.868496],[119.809934,40.870635],[119.813637,40.880241],[119.820352,40.88479],[119.820198,40.894495],[119.815735,40.898376],[119.818084,40.903982],[119.813089,40.928062],[119.816373,40.931144],[119.826614,40.934495],[119.829013,40.926807],[119.844376,40.927159],[119.857634,40.919394],[119.862518,40.911115],[119.889227,40.911978],[119.887959,40.908153],[119.891044,40.911256],[119.89954,40.907336],[119.902468,40.908638],[119.901473,40.913829],[119.911509,40.930429],[119.923255,40.933576],[119.936996,40.946936],[119.946276,40.945612],[119.958776,40.927444],[119.974227,40.931566],[119.990547,40.946866],[120.000589,40.96293],[119.99849,40.965421],[120.001788,40.977031],[120.00816,40.979045],[120.010523,40.98267],[120.008482,40.985938],[120.017798,40.991414],[120.019703,40.998293],[120.023866,41.001157],[120.016483,41.009262],[120.013805,41.035176],[120.003454,41.040884],[120.000637,41.05825],[119.989776,41.061611],[119.988466,41.067363],[119.993874,41.074064],[120.007697,41.079032],[120.016834,41.078567],[120.022914,41.084405],[120.037156,41.085867],[120.045755,41.09112],[120.050755,41.089585],[120.056465,41.099641],[120.072795,41.09883],[120.081086,41.090003],[120.106868,41.085761],[120.099937,41.085822],[120.106912,41.085179],[120.113289,41.074184],[120.104468,41.068031],[120.102621,41.0615],[120.113824,41.058658],[120.140321,41.00506],[120.147917,41.008711],[120.164679,41.025404],[120.172865,41.025608],[120.18281,40.999174],[120.193279,40.999359],[120.19933,40.989578],[120.197078,40.984269],[120.198826,40.972168],[120.187577,40.966992],[120.188814,40.96186],[120.184299,40.955082],[120.167985,40.953347],[120.170661,40.947124],[120.159731,40.938452],[120.163449,40.9251],[120.174109,40.920386],[120.191146,40.921754],[120.198118,40.930679],[120.197545,40.936072],[120.202773,40.945237],[120.212243,40.955212],[120.233576,40.949309],[120.231814,40.939318],[120.239705,40.918134],[120.236796,40.891997],[120.251918,40.882582],[120.266119,40.852921],[120.286579,40.842756],[120.292569,40.83654],[120.289782,40.826692],[120.272743,40.810261],[120.270667,40.798499],[120.258887,40.792684],[120.264763,40.785825],[120.267572,40.786282],[120.266039,40.78202],[120.271913,40.78045],[120.271814,40.767404],[120.265963,40.75092],[120.253446,40.730573],[120.253741,40.707573],[120.241197,40.703337],[120.228984,40.70342],[120.214747,40.714436],[120.198151,40.710825],[120.181597,40.70072],[120.151692,40.704323],[120.135095,40.698867],[120.117213,40.678976],[120.11204,40.668676],[120.125443,40.634683],[120.122534,40.625134],[120.114684,40.619563],[120.114042,40.627106],[120.107052,40.627489],[120.096821,40.617097],[120.073836,40.614444],[120.059904,40.604449],[120.062013,40.593385],[120.079965,40.571926],[120.080798,40.563371],[120.065095,40.55598],[120.038811,40.556679],[120.000269,40.535635],[119.98328,40.540112],[119.967673,40.538511],[119.957464,40.534839],[119.946727,40.524106],[119.919599,40.519348],[119.911639,40.513519],[119.895648,40.48528],[119.890336,40.455211],[119.880457,40.4435],[119.854451,40.427138],[119.811239,40.42522],[119.774704,40.408615],[119.754149,40.405997],[119.738532,40.410316],[119.727229,40.423861],[119.713436,40.430341],[119.672403,40.426973],[119.596457,40.427225],[119.588956,40.424821],[119.587629,40.43446],[119.595892,40.443836],[119.599078,40.453809],[119.589252,40.467807],[119.572143,40.473996],[119.565867,40.486974],[119.547594,40.500515],[119.544955,40.508133],[119.546405,40.513354],[119.562932,40.519535],[119.566839,40.525828],[119.567091,40.537255],[119.553115,40.546562],[119.528245,40.552864],[119.514207,40.546014],[119.50433,40.549116],[119.50467,40.552692],[119.50028,40.549784],[119.497448,40.552592],[119.484817,40.534693],[119.475172,40.53197],[119.42289,40.53861],[119.390502,40.533741],[119.374739,40.537348],[119.331718,40.529756],[119.295919,40.528836],[119.270286,40.533589],[119.249904,40.541866],[119.215764,40.565573]]]}},{"type":"Feature","properties":{"id":"cn:211481","name":"兴城市","level":2},"geometry":{"type":"MultiPolygon","coordinates":[[[[120.096569,40.617077],[120.107052,40.627489],[120.114042,40.627106],[120.11267,40.623026],[120.116649,40.620167],[120.125694,40.630447],[120.11204,40.668676],[120.132065,40.696354],[120.151692,40.704323],[120.181597,40.70072],[120.198151,40.710825],[120.211518,40.714197],[120.21783,40.713906],[120.228984,40.70342],[120.250998,40.705746],[120.254818,40.71154],[120.253446,40.730573],[120.265963,40.75092],[120.271814,40.767404],[120.271913,40.78045],[120.266039,40.78202],[120.267572,40.786282],[120.264763,40.785825],[120.259485,40.794002],[120.269743,40.797309],[120.272743,40.810261],[120.284913,40.822591],[120.302135,40.818542],[120.344852,40.832114],[120.360252,40.829752],[120.380937,40.811766],[120.385486,40.801675],[120.38526,40.789505],[120.390972,40.786267],[120.414227,40.784067],[120.426189,40.768784],[120.434107,40.764249],[120.449724,40.764431],[120.450483,40.759858],[120.456874,40.755476],[120.462733,40.760632],[120.468652,40.760333],[120.476593,40.771207],[120.497026,40.77473],[120.497477,40.786975],[120.506379,40.785441],[120.511446,40.777978],[120.520978,40.775636],[120.524933,40.783364],[120.541559,40.78619],[120.595903,40.776819],[120.62434,40.781436],[120.629305,40.780307],[120.640182,40.765855],[120.667934,40.767365],[120.689472,40.763412],[120.70329,40.769617],[120.71756,40.763819],[120.732136,40.752635],[120.751873,40.752617],[120.755353,40.750545],[120.750462,40.744787],[120.755835,40.741477],[120.753101,40.7404],[120.759652,40.738274],[120.759646,40.734162],[120.753615,40.733863],[120.749196,40.727964],[120.748167,40.717175],[120.739201,40.704791],[120.739317,40.699838],[120.744273,40.699848],[120.745602,40.69621],[120.737236,40.691172],[120.750279,40.687528],[120.770588,40.688191],[120.796112,40.682029],[120.797126,40.672338],[120.807664,40.668419],[120.816039,40.654293],[120.828197,40.657675],[120.832422,40.646515],[120.824609,40.629596],[120.820486,40.598963],[120.810816,40.585812],[120.766883,40.558729],[120.722821,40.537899],[120.716771,40.514071],[120.704065,40.506448],[120.688797,40.504322],[120.666232,40.467461],[120.634531,40.466892],[120.613924,40.458788],[120.617358,40.450717],[120.611363,40.443645],[120.610733,40.412002],[120.590252,40.394388],[120.598282,40.375443],[120.594445,40.354475],[120.576815,40.341398],[120.526632,40.320001],[120.516684,40.303368],[120.51835,40.279812],[120.496614,40.275451],[120.490504,40.269305],[120.48276,40.267739],[120.461146,40.279327],[120.451529,40.300034],[120.439678,40.311845],[120.417648,40.313091],[120.405703,40.324002],[120.390274,40.327029],[120.388642,40.330497],[120.391589,40.333491],[120.403566,40.335908],[120.413616,40.359453],[120.396821,40.362687],[120.3859,40.359639],[120.370899,40.368295],[120.353585,40.363874],[120.334583,40.351884],[120.328611,40.36496],[120.321719,40.369371],[120.314115,40.387175],[120.315746,40.406615],[120.293141,40.420334],[120.267196,40.429469],[120.269548,40.445213],[120.26585,40.461062],[120.253055,40.473042],[120.26151,40.489531],[120.232438,40.50677],[120.226397,40.514587],[120.199313,40.519318],[120.193063,40.524079],[120.188515,40.533176],[120.188758,40.543021],[120.194236,40.549986],[120.208559,40.558081],[120.201892,40.569179],[120.197543,40.570308],[120.192048,40.566063],[120.177317,40.563953],[120.168732,40.55437],[120.162369,40.553949],[120.15519,40.564002],[120.155581,40.571471],[120.137656,40.593645],[120.125477,40.600994],[120.10519,40.598836],[120.103766,40.606816],[120.096569,40.617077]]],[[[120.768433,40.482366],[120.775767,40.497105],[120.789449,40.499151],[120.787685,40.513749],[120.797136,40.511563],[120.804258,40.514806],[120.805034,40.517204],[120.800379,40.519884],[120.801367,40.525455],[120.805246,40.525033],[120.80715,40.520378],[120.816893,40.521399],[120.8166,40.516429],[120.825626,40.514031],[120.828236,40.494355],[120.825485,40.488008],[120.797841,40.486457],[120.781268,40.472211],[120.773863,40.473833],[120.768433,40.482366]]],[[[120.759825,40.441885],[120.764078,40.447225],[120.766526,40.445109],[120.765215,40.439709],[120.759825,40.441885]]],[[[120.756727,40.469882],[120.760808,40.471395],[120.76506,40.469087],[120.758531,40.468271],[120.756727,40.469882]]],[[[120.609798,40.395478],[120.611636,40.403251],[120.615608,40.40558],[120.616457,40.395981],[120.609798,40.395478]]],[[[120.815983,40.531787],[120.821338,40.536341],[120.826144,40.534922],[120.819903,40.528918],[120.815983,40.531787]]]]}}]}