{"type":"FeatureCollection","features":[{"type":"Feature","properties":{"id":"cn:42","name":"湖北省","level":0},"geometry":{"type":"MultiPolygon","coordinates":[[[[112.894216,29.784465],[112.875134,29.789612],[112.856085,29.785861],[112.809784,29.749267],[112.788272,29.738505],[112.800443,29.728712],[112.786814,29.718275],[112.791059,29.704961],[112.789523,29.700289],[112.779184,29.696161],[112.7829,29.682513],[112.771988,29.682238],[112.76027,29.677672],[112.756424,29.663577],[112.745868,29.661055],[112.727873,29.648049],[112.723768,29.649664],[112.723681,29.657518],[112.711528,29.654219],[112.707457,29.638292],[112.693082,29.622642],[112.69342,29.613407],[112.687734,29.611378],[112.688516,29.604429],[112.683412,29.605082],[112.684297,29.600712],[112.67718,29.592283],[112.673438,29.592226],[112.667873,29.602748],[112.654749,29.602268],[112.644275,29.595635],[112.634705,29.610662],[112.621103,29.619358],[112.603803,29.610339],[112.599792,29.616361],[112.566771,29.626641],[112.52994,29.602355],[112.499583,29.613619],[112.493455,29.631832],[112.476304,29.636017],[112.460113,29.633932],[112.450868,29.638421],[112.433807,29.636251],[112.421076,29.618835],[112.417726,29.598145],[112.403108,29.581076],[112.395495,29.578275],[112.390521,29.565436],[112.387278,29.565184],[112.384886,29.569969],[112.363056,29.544015],[112.330278,29.547463],[112.314349,29.543132],[112.310032,29.526861],[112.292729,29.519536],[112.285101,29.519561],[112.277197,29.497497],[112.272596,29.511128],[112.273937,29.533742],[112.276357,29.539726],[112.286406,29.546131],[112.297051,29.568608],[112.297513,29.588077],[112.288149,29.598691],[112.276384,29.598874],[112.248593,29.61332],[112.236718,29.612585],[112.228753,29.618413],[112.222688,29.633642],[112.238522,29.662214],[112.230434,29.661046],[112.213785,29.649974],[112.214783,29.639829],[112.211441,29.63679],[112.196692,29.636376],[112.192587,29.620015],[112.180608,29.635493],[112.176614,29.653765],[112.166275,29.663114],[112.158758,29.664827],[112.144731,29.657014],[112.13816,29.659874],[112.119123,29.659449],[112.112622,29.665113],[112.106721,29.661685],[112.100903,29.674739],[112.085979,29.688083],[112.077856,29.683037],[112.060478,29.683301],[112.054115,29.698242],[112.058776,29.703525],[112.058099,29.71235],[112.067778,29.718511],[112.067431,29.737129],[112.070573,29.745117],[112.060304,29.756135],[112.058586,29.772261],[112.048776,29.760519],[112.058828,29.74839],[112.056667,29.745377],[112.044896,29.75163],[112.038359,29.761801],[112.025417,29.764781],[112.004037,29.780616],[111.996051,29.780313],[111.985625,29.78541],[111.980651,29.797127],[111.974974,29.797492],[111.971441,29.793184],[111.950235,29.798511],[111.946389,29.819023],[111.95967,29.833848],[111.958594,29.838602],[111.950434,29.840414],[111.931528,29.835145],[111.92599,29.836793],[111.914436,29.844046],[111.909088,29.855447],[111.878785,29.861239],[111.875096,29.862758],[111.875062,29.868887],[111.872292,29.862382],[111.855912,29.85962],[111.839445,29.877108],[111.834037,29.879496],[111.823333,29.876649],[111.825026,29.890584],[111.80539,29.895785],[111.805078,29.903524],[111.80105,29.906604],[111.788933,29.908334],[111.777662,29.915506],[111.772984,29.914361],[111.751447,29.922722],[111.741589,29.923919],[111.733958,29.920849],[111.730361,29.923188],[111.719191,29.918215],[111.718019,29.907878],[111.713243,29.902598],[111.710413,29.903991],[111.705418,29.899615],[111.699696,29.899364],[111.701658,29.897135],[111.69939,29.892663],[111.689459,29.889832],[111.685376,29.891567],[111.676153,29.887224],[111.663444,29.891549],[111.656787,29.888517],[111.647581,29.890655],[111.645799,29.895809],[111.639598,29.898007],[111.618153,29.898112],[111.614247,29.894097],[111.592674,29.892128],[111.586848,29.897244],[111.582984,29.895537],[111.578644,29.900819],[111.572345,29.897112],[111.56042,29.901246],[111.548134,29.897155],[111.540547,29.906916],[111.531129,29.908755],[111.521806,29.928305],[111.516519,29.930682],[111.492987,29.927329],[111.475478,29.920514],[111.456302,29.929796],[111.450127,29.9304],[111.443975,29.926135],[111.431456,29.932447],[111.411612,29.917242],[111.398813,29.91343],[111.391204,29.91458],[111.377006,29.926059],[111.384112,29.940137],[111.375378,29.936158],[111.372422,29.937634],[111.377032,29.952165],[111.363432,29.956648],[111.354178,29.953106],[111.345686,29.953748],[111.342649,29.944412],[111.337081,29.947078],[111.330519,29.965424],[111.323931,29.967961],[111.325867,29.972362],[111.318757,29.980478],[111.311847,29.974467],[111.305998,29.982709],[111.297333,29.98576],[111.291618,29.992752],[111.292072,30.007181],[111.280501,30.013867],[111.261432,30.013996],[111.250894,30.036271],[111.24079,30.0385],[111.237474,30.042791],[111.194167,30.043529],[111.17513,30.046894],[111.172171,30.042965],[111.080669,30.051838],[111.06645,30.049627],[111.026094,30.051391],[111.002066,30.056535],[110.993073,30.061986],[110.935912,30.063991],[110.924835,30.066196],[110.920347,30.070291],[110.917501,30.080352],[110.920166,30.09727],[110.918108,30.11521],[110.892864,30.112585],[110.865434,30.116664],[110.853004,30.121278],[110.846086,30.129082],[110.832777,30.125124],[110.809245,30.128629],[110.797874,30.117064],[110.783194,30.122607],[110.757873,30.121623],[110.741917,30.115734],[110.740589,30.112518],[110.748001,30.103889],[110.74387,30.090914],[110.751439,30.084952],[110.750162,30.055412],[110.736985,30.044371],[110.719928,30.043345],[110.707299,30.035776],[110.693514,30.040904],[110.678367,30.05448],[110.68138,30.061803],[110.678201,30.064467],[110.659877,30.071095],[110.64828,30.080166],[110.596231,30.057439],[110.568627,30.061969],[110.559964,30.057093],[110.557429,30.060156],[110.546232,30.058365],[110.526466,30.063782],[110.516344,30.061588],[110.512204,30.056316],[110.503264,30.053036],[110.49605,30.05779],[110.491371,30.05718],[110.494522,30.051291],[110.491424,30.038971],[110.49572,30.031256],[110.486588,30.022263],[110.490625,30.017866],[110.515198,30.004409],[110.54243,30.002297],[110.552377,29.991007],[110.546249,29.982412],[110.532803,29.979216],[110.510399,29.96198],[110.50842,29.951777],[110.501961,29.941577],[110.503133,29.924263],[110.493124,29.912634],[110.502934,29.911536],[110.511813,29.904535],[110.522091,29.907336],[110.533011,29.899472],[110.535182,29.891788],[110.531154,29.881414],[110.542004,29.867933],[110.546405,29.849754],[110.568514,29.848467],[110.577707,29.837623],[110.594356,29.842757],[110.609868,29.833677],[110.637863,29.778477],[110.626986,29.760522],[110.618965,29.758731],[110.610277,29.750318],[110.576943,29.731893],[110.558029,29.715325],[110.52039,29.696174],[110.502196,29.694728],[110.488889,29.703561],[110.460168,29.71556],[110.444298,29.693283],[110.441973,29.667124],[110.410457,29.663939],[110.408148,29.6563],[110.365988,29.635935],[110.349532,29.642675],[110.346737,29.647198],[110.348547,29.65527],[110.338829,29.66524],[110.338229,29.670105],[110.323177,29.669354],[110.305209,29.663064],[110.292101,29.66683],[110.287179,29.674434],[110.285062,29.698991],[110.273351,29.711686],[110.240938,29.734849],[110.21501,29.749244],[110.194263,29.755571],[110.155808,29.756273],[110.139906,29.773573],[110.108456,29.792106],[110.059117,29.785275],[110.019238,29.772185],[109.986053,29.774872],[109.97127,29.770818],[109.964976,29.774513],[109.945048,29.775736],[109.942042,29.781943],[109.935866,29.776996],[109.930878,29.778651],[109.925177,29.773707],[109.903266,29.766994],[109.895419,29.773449],[109.883788,29.76868],[109.865142,29.777472],[109.816114,29.772613],[109.787086,29.766062],[109.770984,29.757859],[109.764442,29.747128],[109.75024,29.745643],[109.747486,29.742307],[109.748699,29.736733],[109.753293,29.737546],[109.753812,29.734076],[109.768138,29.726847],[109.754462,29.713584],[109.761352,29.705534],[109.761199,29.699629],[109.750495,29.689029],[109.70941,29.675585],[109.713891,29.658146],[109.706164,29.646355],[109.696465,29.639007],[109.706072,29.632302],[109.712434,29.620036],[109.712096,29.616597],[109.703502,29.611919],[109.674058,29.610724],[109.657408,29.602651],[109.646375,29.612905],[109.646836,29.628969],[109.634674,29.626976],[109.606324,29.637356],[109.571759,29.631506],[109.571011,29.622656],[109.554024,29.609844],[109.543659,29.616178],[109.527324,29.617375],[109.528299,29.623679],[109.524309,29.628755],[109.510735,29.628238],[109.50953,29.620691],[109.520306,29.611523],[109.515083,29.610776],[109.511794,29.603072],[109.496689,29.608084],[109.491654,29.605652],[109.491108,29.601352],[109.498868,29.600386],[109.49925,29.591285],[109.492824,29.570753],[109.484467,29.556235],[109.473128,29.555753],[109.46296,29.562579],[109.456927,29.556809],[109.453688,29.533094],[109.459866,29.516213],[109.453665,29.515747],[109.443582,29.522102],[109.441587,29.531314],[109.430774,29.533644],[109.426044,29.531565],[109.42639,29.507802],[109.434526,29.498949],[109.435242,29.493836],[109.429938,29.49159],[109.414526,29.500083],[109.410201,29.49953],[109.405035,29.493109],[109.407589,29.48267],[109.400196,29.471276],[109.403287,29.464571],[109.412173,29.457327],[109.413278,29.451265],[109.406378,29.453146],[109.397462,29.447964],[109.401257,29.444499],[109.401435,29.437003],[109.386038,29.441409],[109.36524,29.422489],[109.363706,29.413931],[109.38035,29.396133],[109.3769,29.385933],[109.381501,29.3845],[109.386618,29.374859],[109.37186,29.379144],[109.363892,29.385497],[109.344977,29.37799],[109.339144,29.372076],[109.335324,29.338648],[109.340445,29.317342],[109.338267,29.310295],[109.347825,29.307236],[109.347065,29.286833],[109.310309,29.254881],[109.281392,29.244868],[109.27231,29.236184],[109.254126,29.227797],[109.254716,29.22092],[109.271409,29.20318],[109.265958,29.183173],[109.268805,29.174113],[109.261679,29.170172],[109.255636,29.159434],[109.259374,29.146934],[109.272481,29.136977],[109.272586,29.130687],[109.269496,29.125055],[109.251322,29.126163],[109.240706,29.118038],[109.227928,29.12239],[109.22555,29.13064],[109.211175,29.147889],[109.19844,29.154692],[109.166288,29.180689],[109.15779,29.18346],[109.1493,29.174834],[109.134673,29.171875],[109.11825,29.193983],[109.120264,29.198931],[109.105602,29.218933],[109.114674,29.230125],[109.113779,29.235076],[109.12003,29.244153],[109.119847,29.248716],[109.124995,29.251253],[109.137226,29.273131],[109.125203,29.285111],[109.101694,29.291187],[109.099856,29.295775],[109.109101,29.316818],[109.10378,29.322519],[109.109813,29.33539],[109.105169,29.344667],[109.108988,29.354908],[109.107722,29.363583],[109.096905,29.376077],[109.085613,29.381257],[109.076021,29.393236],[109.059468,29.404319],[109.048503,29.405341],[109.045847,29.399044],[109.031924,29.388648],[109.02886,29.380901],[109.029675,29.362522],[109.005257,29.362961],[108.994953,29.366702],[108.990257,29.357843],[108.983182,29.357483],[108.979293,29.33597],[108.968009,29.332109],[108.949763,29.333883],[108.914684,29.329792],[108.912375,29.337602],[108.919919,29.353059],[108.924138,29.354931],[108.921863,29.365996],[108.926751,29.372559],[108.925622,29.381984],[108.930214,29.389159],[108.929615,29.401981],[108.939433,29.41351],[108.923183,29.438293],[108.87643,29.445711],[108.868817,29.453658],[108.866951,29.462857],[108.869503,29.465619],[108.862246,29.475355],[108.866664,29.490863],[108.874356,29.492215],[108.883704,29.503721],[108.883453,29.53215],[108.874208,29.542189],[108.882689,29.555974],[108.908853,29.576013],[108.895566,29.587036],[108.904794,29.597192],[108.897009,29.607622],[108.892719,29.59823],[108.884975,29.597531],[108.881643,29.591305],[108.864056,29.600844],[108.881617,29.623967],[108.882337,29.635897],[108.865453,29.645804],[108.851495,29.639184],[108.841894,29.661281],[108.825452,29.654221],[108.823864,29.661244],[108.830826,29.669703],[108.829724,29.672627],[108.823734,29.674],[108.821,29.662524],[108.813352,29.650514],[108.815505,29.635156],[108.806564,29.635008],[108.800036,29.643277],[108.788369,29.63765],[108.777336,29.638483],[108.775704,29.64819],[108.781564,29.653366],[108.787892,29.650011],[108.793136,29.66276],[108.789784,29.67388],[108.780627,29.678069],[108.784498,29.688223],[108.781885,29.69418],[108.765296,29.696966],[108.748205,29.692003],[108.753777,29.681361],[108.76074,29.684885],[108.771564,29.678045],[108.76929,29.661917],[108.77916,29.658251],[108.777631,29.654904],[108.770183,29.654397],[108.765497,29.661341],[108.757406,29.663758],[108.754975,29.661291],[108.758626,29.656116],[108.756017,29.647852],[108.754377,29.654026],[108.748282,29.65167],[108.738656,29.658587],[108.736243,29.668379],[108.729247,29.674131],[108.706598,29.681836],[108.706017,29.687916],[108.713934,29.694751],[108.710461,29.701489],[108.682501,29.693092],[108.680539,29.69623],[108.688864,29.707166],[108.676382,29.72577],[108.682032,29.745757],[108.677353,29.752053],[108.672727,29.752316],[108.673048,29.764179],[108.677892,29.772254],[108.674177,29.780618],[108.676356,29.804039],[108.666754,29.814553],[108.653066,29.818548],[108.653829,29.820731],[108.664481,29.820441],[108.667111,29.825499],[108.66606,29.831398],[108.661407,29.8338],[108.663769,29.843504],[108.653534,29.85084],[108.657614,29.853008],[108.657085,29.856589],[108.63117,29.857537],[108.628677,29.859525],[108.629218,29.867013],[108.62262,29.869592],[108.604075,29.865763],[108.597297,29.868395],[108.583847,29.856693],[108.5833,29.850187],[108.574567,29.849325],[108.575748,29.833993],[108.560296,29.820951],[108.5533,29.821805],[108.549854,29.818756],[108.530227,29.790209],[108.518262,29.766461],[108.541225,29.756061],[108.544784,29.748461],[108.533274,29.739437],[108.52356,29.738375],[108.516746,29.732858],[108.511103,29.739189],[108.500166,29.733227],[108.510999,29.721291],[108.507891,29.713584],[108.500226,29.71072],[108.483872,29.726577],[108.464845,29.730959],[108.456997,29.743168],[108.432631,29.743265],[108.435643,29.752588],[108.43435,29.759847],[108.439654,29.763394],[108.441555,29.773387],[108.436902,29.781156],[108.420591,29.775206],[108.416815,29.776601],[108.412466,29.789796],[108.415574,29.801973],[108.420991,29.806645],[108.419528,29.818556],[108.403587,29.823697],[108.400032,29.83691],[108.392258,29.839963],[108.388629,29.838294],[108.391363,29.831741],[108.389706,29.818937],[108.36368,29.821376],[108.363287,29.827031],[108.368617,29.83735],[108.366711,29.843496],[108.387736,29.856491],[108.382735,29.864225],[108.387892,29.866074],[108.396599,29.858956],[108.403168,29.859996],[108.408565,29.867917],[108.412437,29.867606],[108.421676,29.875214],[108.420383,29.881163],[108.423656,29.882723],[108.448656,29.874182],[108.452926,29.867925],[108.461634,29.866615],[108.486477,29.870588],[108.493152,29.881336],[108.501268,29.882034],[108.506182,29.879679],[108.505304,29.87472],[108.512762,29.868145],[108.515209,29.8771],[108.511911,29.888279],[108.520036,29.898019],[108.51659,29.906625],[108.520184,29.912573],[108.511747,29.930448],[108.512692,29.938969],[108.52955,29.972886],[108.538431,30.000085],[108.534507,30.005119],[108.524637,30.008164],[108.52712,30.047487],[108.52113,30.051239],[108.527727,30.054711],[108.527545,30.057793],[108.519967,30.06135],[108.510992,30.05563],[108.509151,30.060089],[108.518613,30.074985],[108.528101,30.076398],[108.528952,30.086899],[108.541877,30.107103],[108.563761,30.159732],[108.557849,30.160085],[108.547797,30.166619],[108.564716,30.228407],[108.562154,30.234115],[108.569359,30.239979],[108.577988,30.256433],[108.576087,30.259028],[108.561807,30.25798],[108.557866,30.265654],[108.547791,30.267076],[108.541631,30.271888],[108.541972,30.27902],[108.532438,30.282509],[108.529655,30.294297],[108.520349,30.297599],[108.522296,30.302484],[108.519708,30.304783],[108.522348,30.307256],[108.51947,30.312017],[108.511158,30.317741],[108.505362,30.315795],[108.493955,30.319008],[108.478331,30.338576],[108.464614,30.346327],[108.455992,30.362049],[108.448101,30.358385],[108.42817,30.356551],[108.418918,30.367907],[108.397199,30.378183],[108.395003,30.392599],[108.420037,30.398565],[108.417387,30.413871],[108.42592,30.418035],[108.407005,30.440867],[108.417942,30.45274],[108.416457,30.468261],[108.411431,30.470995],[108.409677,30.478828],[108.418037,30.491129],[108.422641,30.490556],[108.42241,30.494665],[108.431523,30.495599],[108.435381,30.488173],[108.437848,30.494607],[108.449892,30.498601],[108.450954,30.491265],[108.466721,30.489545],[108.477065,30.492889],[108.487351,30.504028],[108.505362,30.505483],[108.52334,30.49001],[108.527889,30.493573],[108.53446,30.488601],[108.530701,30.493446],[108.53867,30.494646],[108.551969,30.490196],[108.547654,30.486246],[108.55433,30.483492],[108.559938,30.471956],[108.563419,30.471361],[108.571821,30.481867],[108.57571,30.482307],[108.577524,30.488657],[108.58709,30.490542],[108.586431,30.497459],[108.59439,30.496652],[108.607229,30.504935],[108.607323,30.507849],[108.601387,30.509412],[108.600796,30.514152],[108.61755,30.518207],[108.619962,30.522561],[108.615952,30.525631],[108.645121,30.54054],[108.645621,30.556633],[108.639375,30.564418],[108.635672,30.577457],[108.647349,30.586236],[108.661924,30.591251],[108.686793,30.588677],[108.695648,30.564408],[108.692712,30.560786],[108.694712,30.547506],[108.711187,30.535744],[108.707501,30.525802],[108.721888,30.517981],[108.719584,30.510147],[108.723851,30.505993],[108.741976,30.497313],[108.752687,30.506903],[108.767757,30.505733],[108.785578,30.515882],[108.794823,30.508538],[108.799953,30.496404],[108.80406,30.493799],[108.842184,30.510882],[108.848642,30.517698],[108.850413,30.525487],[108.871516,30.540122],[108.896998,30.575055],[108.907465,30.580793],[108.920814,30.594733],[108.939491,30.604528],[108.963041,30.627466],[108.973518,30.63241],[108.9814,30.625432],[108.994157,30.634817],[108.999593,30.629691],[109.005139,30.629749],[109.017428,30.645448],[109.033446,30.652367],[109.03806,30.657721],[109.044426,30.647952],[109.051015,30.644662],[109.065952,30.642665],[109.082523,30.649047],[109.094418,30.640415],[109.106324,30.648579],[109.113949,30.641407],[109.117299,30.632242],[109.107639,30.615044],[109.088316,30.611338],[109.080801,30.606459],[109.078744,30.60062],[109.09197,30.57453],[109.099635,30.567456],[109.108611,30.551021],[109.120138,30.541032],[109.119531,30.534076],[109.135703,30.536472],[109.138863,30.523497],[109.159027,30.539581],[109.165598,30.549291],[109.187345,30.548115],[109.218063,30.572142],[109.240302,30.583641],[109.242967,30.585756],[109.240336,30.587512],[109.223123,30.583413],[109.221882,30.586319],[109.22703,30.59083],[109.25235,30.599086],[109.274051,30.612677],[109.29807,30.633433],[109.297628,30.626615],[109.308747,30.612646],[109.318009,30.619416],[109.323278,30.618512],[109.318417,30.606607],[109.310414,30.603421],[109.310856,30.599531],[109.339337,30.579567],[109.356204,30.557123],[109.356082,30.55339],[109.332263,30.523301],[109.336672,30.515181],[109.337922,30.497181],[109.349971,30.489707],[109.413077,30.562358],[109.431897,30.599679],[109.444335,30.606111],[109.453407,30.618085],[109.479709,30.626457],[109.488432,30.639662],[109.52394,30.666482],[109.533145,30.666581],[109.535932,30.661287],[109.536652,30.654267],[109.529335,30.64183],[109.569438,30.649544],[109.572399,30.65798],[109.583327,30.667361],[109.576947,30.673503],[109.585974,30.696083],[109.597572,30.701499],[109.620731,30.705325],[109.647224,30.725414],[109.656235,30.741642],[109.65192,30.763031],[109.680574,30.771189],[109.687337,30.781419],[109.697241,30.786145],[109.699498,30.783715],[109.696503,30.772974],[109.713222,30.781143],[109.715861,30.78634],[109.710782,30.792692],[109.711694,30.804147],[109.724724,30.817822],[109.775861,30.851003],[109.824054,30.866895],[109.889515,30.902225],[109.900938,30.902346],[109.927571,30.890219],[109.936157,30.892223],[109.940619,30.880633],[109.953604,30.879969],[109.971121,30.891128],[109.976937,30.888852],[109.990167,30.890247],[109.992397,30.885926],[110.002502,30.886662],[110.000184,30.872317],[110.012991,30.857673],[110.014645,30.831949],[110.026963,30.822798],[110.034151,30.822822],[110.037988,30.807564],[110.043647,30.803044],[110.069836,30.80458],[110.077171,30.801841],[110.084287,30.812947],[110.084404,30.818309],[110.090731,30.823792],[110.090574,30.831935],[110.110222,30.847087],[110.109214,30.851243],[110.114885,30.856924],[110.118963,30.870359],[110.141767,30.903683],[110.146739,30.914532],[110.140092,30.928347],[110.148033,30.954171],[110.158705,30.96357],[110.157965,30.973209],[110.168163,30.981837],[110.166977,30.989204],[110.158488,30.993823],[110.130938,30.988923],[110.132171,31.001917],[110.135852,31.00718],[110.136191,31.021642],[110.132163,31.028113],[110.135053,31.032766],[110.115314,31.035231],[110.115774,31.040318],[110.120097,31.043428],[110.121486,31.05677],[110.128239,31.063456],[110.126503,31.0671],[110.120213,31.066957],[110.122423,31.070902],[110.116992,31.074984],[110.117892,31.086586],[110.11495,31.091151],[110.11699,31.096264],[110.12356,31.097228],[110.130314,31.108354],[110.140722,31.110261],[110.141807,31.11899],[110.149906,31.120756],[110.157432,31.118179],[110.180435,31.127787],[110.184385,31.131629],[110.181833,31.147473],[110.194845,31.160811],[110.192727,31.165101],[110.179558,31.173174],[110.175757,31.180066],[110.17146,31.200162],[110.172493,31.212905],[110.16613,31.22154],[110.164533,31.230016],[110.169766,31.245749],[110.166762,31.25245],[110.157353,31.253991],[110.155009,31.258724],[110.157205,31.261821],[110.150921,31.284492],[110.157136,31.293026],[110.15888,31.305262],[110.156424,31.316303],[110.146633,31.319901],[110.152874,31.335524],[110.142995,31.347335],[110.144306,31.357149],[110.134888,31.370291],[110.140174,31.383297],[110.137952,31.390863],[110.118273,31.397379],[110.109958,31.414217],[110.102171,31.410075],[110.094897,31.413208],[110.084593,31.4106],[110.048881,31.412885],[110.044715,31.420372],[110.029394,31.432851],[110.03047,31.440469],[110.003586,31.450494],[109.992398,31.47039],[109.982884,31.476837],[109.963048,31.476523],[109.94804,31.470411],[109.941199,31.471731],[109.935766,31.480993],[109.937363,31.485492],[109.952407,31.493009],[109.956478,31.501516],[109.976929,31.515571],[109.962389,31.510412],[109.942633,31.508508],[109.924577,31.522695],[109.889848,31.521457],[109.873424,31.53113],[109.861541,31.53363],[109.855386,31.545792],[109.844049,31.554045],[109.833138,31.557475],[109.817157,31.555917],[109.795074,31.54323],[109.783632,31.55257],[109.735238,31.548321],[109.722842,31.55044],[109.713945,31.559113],[109.722539,31.572863],[109.742321,31.580787],[109.739769,31.586267],[109.740603,31.600205],[109.759795,31.606043],[109.732426,31.630776],[109.737556,31.660535],[109.726913,31.675283],[109.726089,31.687274],[109.722877,31.690194],[109.729266,31.698649],[109.728111,31.701668],[109.704578,31.703258],[109.700603,31.708302],[109.691106,31.709244],[109.688277,31.719066],[109.679977,31.721738],[109.658302,31.718604],[109.640108,31.723134],[109.612269,31.713873],[109.580976,31.728981],[109.588805,31.739852],[109.60121,31.746049],[109.587964,31.754851],[109.589579,31.765969],[109.585142,31.779966],[109.58707,31.791192],[109.599769,31.806064],[109.614839,31.809012],[109.629083,31.806921],[109.633424,31.81333],[109.602756,31.883966],[109.582868,31.894771],[109.580204,31.902797],[109.589708,31.925695],[109.615854,31.930915],[109.625881,31.946247],[109.626488,31.964574],[109.623554,31.970539],[109.608276,31.992104],[109.59661,32.000003],[109.586184,32.015019],[109.582799,32.027633],[109.586185,32.05009],[109.610292,32.082604],[109.617531,32.105024],[109.604631,32.124366],[109.593529,32.132534],[109.584137,32.152203],[109.582331,32.163839],[109.585621,32.176526],[109.599518,32.201653],[109.599006,32.208053],[109.587939,32.221723],[109.569067,32.227608],[109.55727,32.224987],[109.545569,32.227176],[109.543842,32.236752],[109.523789,32.27261],[109.497331,32.29179],[109.490421,32.302588],[109.507818,32.334702],[109.505986,32.353665],[109.496515,32.374017],[109.49773,32.391002],[109.506532,32.401332],[109.521394,32.402213],[109.524692,32.408036],[109.521975,32.435685],[109.536723,32.446635],[109.542548,32.457111],[109.543329,32.471341],[109.547904,32.479485],[109.56076,32.483513],[109.571185,32.494113],[109.570881,32.508767],[109.573442,32.512734],[109.582713,32.518489],[109.613294,32.527122],[109.624969,32.53386],[109.631931,32.543445],[109.628519,32.554348],[109.615187,32.569789],[109.611133,32.583428],[109.614474,32.59543],[109.620004,32.599936],[109.721662,32.610472],[109.753106,32.592015],[109.812078,32.579623],[109.844553,32.58206],[109.87641,32.594328],[109.905698,32.595066],[109.919944,32.591072],[109.939891,32.579197],[109.956055,32.582574],[109.966194,32.579845],[109.990708,32.552952],[110.012549,32.54913],[110.023069,32.550534],[110.046342,32.560712],[110.078963,32.582791],[110.084553,32.59438],[110.079536,32.60663],[110.080065,32.615122],[110.084831,32.619125],[110.097244,32.621022],[110.118764,32.618774],[110.128147,32.614182],[110.148564,32.595185],[110.159936,32.595905],[110.179815,32.619496],[110.195604,32.6265],[110.201307,32.635106],[110.182696,32.648427],[110.173738,32.665401],[110.151914,32.68529],[110.14925,32.692101],[110.159371,32.732653],[110.15589,32.764644],[110.15161,32.770733],[110.134327,32.766896],[110.124605,32.773543],[110.122227,32.779674],[110.12569,32.790063],[110.136914,32.804757],[110.135621,32.810715],[110.117911,32.810856],[110.110885,32.824408],[110.099696,32.834417],[110.071254,32.847721],[110.046045,32.853845],[110.031373,32.86317],[110.02528,32.874112],[109.999263,32.875324],[109.986021,32.887943],[109.926403,32.88754],[109.908404,32.904385],[109.890469,32.906127],[109.878906,32.903951],[109.866994,32.913053],[109.858445,32.915601],[109.852167,32.91243],[109.842816,32.895442],[109.82252,32.892885],[109.803342,32.881042],[109.793861,32.879519],[109.784816,32.884586],[109.767875,32.905599],[109.759242,32.911325],[109.768043,32.937946],[109.770144,32.962289],[109.780303,32.989452],[109.785562,33.040133],[109.790831,33.060207],[109.786317,33.071772],[109.762949,33.076433],[109.756475,33.081763],[109.699148,33.103851],[109.689427,33.115509],[109.683037,33.118545],[109.661249,33.116814],[109.628359,33.120047],[109.609071,33.110583],[109.597074,33.110256],[109.587353,33.121673],[109.571328,33.112295],[109.555442,33.127667],[109.540313,33.130221],[109.517231,33.140576],[109.463369,33.142029],[109.433673,33.153779],[109.459585,33.174689],[109.476806,33.201989],[109.493187,33.2091],[109.500731,33.21871],[109.502111,33.232267],[109.509203,33.239567],[109.532484,33.245497],[109.552293,33.24238],[109.582787,33.231768],[109.595808,33.234415],[109.601963,33.238023],[109.601122,33.25954],[109.604316,33.268788],[109.615201,33.277337],[109.63133,33.277547],[109.64284,33.270067],[109.644837,33.253626],[109.647684,33.250722],[109.654255,33.25044],[109.67093,33.25776],[109.687952,33.256158],[109.696373,33.243089],[109.712797,33.235277],[109.727371,33.233143],[109.757823,33.237608],[109.79369,33.236244],[109.847067,33.249758],[109.924142,33.227403],[109.929237,33.222255],[109.963126,33.206821],[109.978125,33.207417],[109.994019,33.214443],[110.001164,33.213475],[110.007005,33.210408],[110.012779,33.201378],[110.025877,33.193676],[110.047127,33.195555],[110.072275,33.203709],[110.097622,33.20591],[110.125313,33.203342],[110.13744,33.208203],[110.159757,33.211009],[110.169254,33.204807],[110.179848,33.191501],[110.177491,33.190265],[110.178811,33.186094],[110.188649,33.187],[110.199253,33.180744],[110.218141,33.162608],[110.24519,33.162068],[110.259201,33.168331],[110.287245,33.172864],[110.328696,33.16153],[110.332512,33.16194],[110.329503,33.16546],[110.335634,33.168755],[110.331696,33.171835],[110.348597,33.174582],[110.356319,33.183366],[110.364756,33.184034],[110.366123,33.188235],[110.368017,33.184306],[110.372203,33.185532],[110.370302,33.181168],[110.366017,33.181644],[110.368625,33.177851],[110.384848,33.179246],[110.384246,33.177062],[110.390806,33.178572],[110.392062,33.176168],[110.392954,33.17878],[110.416927,33.171903],[110.445351,33.181244],[110.465749,33.17316],[110.46722,33.180975],[110.463102,33.182757],[110.472633,33.192502],[110.476453,33.192317],[110.47645,33.200763],[110.481826,33.199038],[110.480223,33.201077],[110.487496,33.203836],[110.503815,33.223307],[110.522639,33.232257],[110.52355,33.248544],[110.528577,33.254596],[110.535877,33.257491],[110.558872,33.256798],[110.572647,33.252483],[110.576685,33.24546],[110.579905,33.227428],[110.588871,33.209045],[110.591449,33.185039],[110.589105,33.170561],[110.596049,33.156492],[110.618723,33.14593],[110.645946,33.159502],[110.652309,33.156188],[110.66611,33.129873],[110.69722,33.09907],[110.705718,33.097619],[110.714625,33.10145],[110.712542,33.118822],[110.716682,33.127601],[110.722473,33.135725],[110.740156,33.148875],[110.760511,33.154277],[110.789723,33.151783],[110.803913,33.163595],[110.808743,33.154587],[110.814739,33.154667],[110.819493,33.161842],[110.812,33.179151],[110.815655,33.193482],[110.825215,33.204462],[110.851735,33.207788],[110.860044,33.216034],[110.876503,33.214024],[110.897718,33.206363],[110.908072,33.208152],[110.916321,33.205983],[110.93615,33.223888],[110.940614,33.230578],[110.937704,33.236839],[110.950868,33.243224],[110.955614,33.254613],[110.961672,33.258093],[110.979487,33.257249],[110.991112,33.241215],[111.005497,33.235871],[111.01331,33.222879],[111.020465,33.220492],[111.027599,33.210447],[111.045635,33.20234],[111.050721,33.194402],[111.049234,33.174894],[111.035081,33.168231],[111.033319,33.159182],[111.048381,33.160432],[111.067619,33.181559],[111.078905,33.183368],[111.082758,33.180739],[111.080993,33.17367],[111.093197,33.173663],[111.100773,33.166077],[111.116838,33.157893],[111.125681,33.16239],[111.122307,33.155552],[111.126128,33.139434],[111.133321,33.136035],[111.140387,33.12549],[111.156648,33.125976],[111.173656,33.117228],[111.171157,33.102954],[111.185096,33.088528],[111.187049,33.073437],[111.152136,33.059872],[111.141962,33.050791],[111.14237,33.044156],[111.147058,33.041478],[111.173977,33.045755],[111.183475,33.040487],[111.215856,33.044513],[111.239728,33.035491],[111.241337,33.017865],[111.258038,33.000228],[111.267821,32.973793],[111.261979,32.965698],[111.247308,32.957737],[111.239756,32.946148],[111.237022,32.932598],[111.244149,32.916206],[111.244324,32.907505],[111.240574,32.890509],[111.244185,32.886205],[111.249098,32.886045],[111.267544,32.903478],[111.274297,32.90632],[111.280088,32.902963],[111.28487,32.894552],[111.284029,32.867058],[111.287683,32.861383],[111.310435,32.852756],[111.325304,32.843106],[111.352579,32.838888],[111.37395,32.830688],[111.390018,32.796415],[111.399552,32.784395],[111.398035,32.777513],[111.404107,32.771234],[111.407434,32.759044],[111.416826,32.75289],[111.438868,32.753824],[111.442141,32.763408],[111.456583,32.765745],[111.455179,32.774911],[111.458079,32.775607],[111.468484,32.758737],[111.463144,32.754766],[111.462931,32.740603],[111.454302,32.729054],[111.445886,32.731612],[111.43744,32.738916],[111.433451,32.73615],[111.43722,32.728547],[111.423166,32.737883],[111.419771,32.737603],[111.419359,32.734568],[111.435007,32.724733],[111.455561,32.725251],[111.459345,32.720605],[111.4666,32.719784],[111.466173,32.713021],[111.461824,32.70936],[111.470553,32.70406],[111.473857,32.696716],[111.505147,32.678403],[111.520711,32.656371],[111.518932,32.649484],[111.5244,32.630537],[111.553332,32.603389],[111.5719,32.595813],[111.597953,32.612597],[111.615157,32.631043],[111.637278,32.628976],[111.635922,32.613927],[111.64061,32.608484],[111.649246,32.611093],[111.652701,32.616856],[111.656906,32.612952],[111.667156,32.617218],[111.686225,32.608139],[111.707631,32.608723],[111.723277,32.596162],[111.734352,32.591414],[111.7414,32.579752],[111.751538,32.572293],[111.779099,32.559507],[111.784132,32.547956],[111.797189,32.545251],[111.803221,32.538906],[111.821159,32.540314],[111.822366,32.53352],[111.852467,32.530995],[111.856347,32.526699],[111.856951,32.515946],[111.864453,32.508644],[111.89613,32.506022],[111.896672,32.503439],[111.913419,32.50706],[111.913444,32.511667],[111.926565,32.517549],[111.944723,32.518739],[111.950644,32.514575],[111.960983,32.497201],[111.968902,32.474905],[111.98695,32.469547],[111.98215,32.463836],[111.984536,32.459703],[111.995163,32.461607],[112.001106,32.453201],[112.011757,32.454463],[112.027779,32.465428],[112.032074,32.472179],[112.041909,32.475795],[112.049424,32.473514],[112.057908,32.476263],[112.063661,32.463034],[112.061296,32.442635],[112.079904,32.437295],[112.080538,32.432701],[112.074709,32.42449],[112.093088,32.41782],[112.10231,32.406751],[112.118285,32.400757],[112.124131,32.405118],[112.130351,32.393412],[112.150807,32.379147],[112.158418,32.387369],[112.153861,32.390551],[112.144554,32.386216],[112.143407,32.389059],[112.149083,32.391419],[112.150313,32.398174],[112.150137,32.393519],[112.155236,32.395135],[112.155379,32.402158],[112.142638,32.403763],[112.137534,32.409037],[112.14429,32.413752],[112.153904,32.41294],[112.154326,32.410649],[112.158615,32.413345],[112.164508,32.40863],[112.167967,32.410572],[112.165651,32.401108],[112.171487,32.400406],[112.173023,32.394946],[112.166737,32.387242],[112.199946,32.39511],[112.221557,32.388353],[112.225041,32.379641],[112.245725,32.370313],[112.250702,32.360971],[112.275733,32.351571],[112.293555,32.337082],[112.307819,32.329861],[112.311912,32.331215],[112.319365,32.323679],[112.322135,32.323765],[112.321929,32.334085],[112.326309,32.343786],[112.33261,32.350606],[112.345143,32.352503],[112.355125,32.368167],[112.362106,32.36994],[112.381844,32.36568],[112.384911,32.373163],[112.392929,32.371759],[112.407105,32.366012],[112.41388,32.357171],[112.444367,32.344888],[112.439271,32.354645],[112.440588,32.359461],[112.45421,32.370298],[112.465122,32.372254],[112.471245,32.3829],[112.476241,32.38317],[112.487108,32.376578],[112.513804,32.385563],[112.524989,32.379234],[112.537814,32.393971],[112.538989,32.397808],[112.535511,32.402312],[112.539501,32.406151],[112.564862,32.396469],[112.572137,32.390293],[112.571531,32.384843],[112.583391,32.383672],[112.590947,32.387913],[112.597664,32.385809],[112.59635,32.382868],[112.630712,32.371529],[112.635657,32.370676],[112.636606,32.373498],[112.645991,32.369473],[112.666263,32.370397],[112.673079,32.367818],[112.675688,32.361929],[112.695235,32.355377],[112.707761,32.35478],[112.713286,32.363961],[112.727667,32.368393],[112.730355,32.360506],[112.729019,32.353859],[112.74266,32.346707],[112.756835,32.344922],[112.76664,32.350457],[112.770431,32.360554],[112.788266,32.357131],[112.789509,32.362324],[112.797763,32.365379],[112.798126,32.374471],[112.829784,32.383892],[112.854932,32.39811],[112.86468,32.400179],[112.870366,32.399033],[112.872804,32.394918],[112.87145,32.38186],[112.875754,32.377563],[112.883091,32.37912],[112.896607,32.391034],[112.906094,32.393098],[112.948308,32.390812],[112.954532,32.387604],[112.963994,32.373405],[112.982119,32.374547],[112.985921,32.380498],[112.982683,32.401795],[112.989142,32.413078],[112.994566,32.418961],[113.010322,32.420137],[113.021433,32.427557],[113.040782,32.422067],[113.052674,32.406639],[113.072683,32.396409],[113.101702,32.400461],[113.112457,32.377796],[113.137492,32.380671],[113.144028,32.378284],[113.149393,32.382795],[113.152917,32.412702],[113.166519,32.423225],[113.179523,32.423945],[113.205677,32.434111],[113.222275,32.426496],[113.230253,32.409106],[113.28869,32.371192],[113.292613,32.356092],[113.312353,32.351157],[113.325165,32.34403],[113.327458,32.33854],[113.311572,32.329128],[113.312223,32.32112],[113.325886,32.318177],[113.347327,32.296964],[113.358898,32.296769],[113.368838,32.30056],[113.380799,32.296116],[113.387796,32.290069],[113.39165,32.281244],[113.403741,32.280003],[113.416754,32.271177],[113.458394,32.294284],[113.46303,32.300626],[113.474141,32.30105],[113.49415,32.314844],[113.509445,32.32102],[113.52393,32.333059],[113.534136,32.328992],[113.544186,32.331035],[113.542303,32.308536],[113.544927,32.304817],[113.553503,32.307769],[113.555662,32.309652],[113.553937,32.319217],[113.545397,32.331548],[113.559385,32.342511],[113.577198,32.345396],[113.573352,32.357576],[113.579814,32.357037],[113.583797,32.351821],[113.599815,32.352891],[113.598091,32.358086],[113.587447,32.3609],[113.587923,32.367612],[113.596136,32.368341],[113.610075,32.360003],[113.617678,32.36269],[113.618793,32.381825],[113.630771,32.388224],[113.645386,32.415724],[113.650601,32.415983],[113.654889,32.412283],[113.66095,32.41489],[113.65604,32.421214],[113.657413,32.424012],[113.666095,32.419877],[113.677901,32.422463],[113.68521,32.418471],[113.695615,32.422613],[113.702349,32.412479],[113.706846,32.413053],[113.71264,32.419372],[113.729306,32.413014],[113.731779,32.398206],[113.746849,32.39081],[113.744818,32.381083],[113.737283,32.376361],[113.742466,32.365855],[113.74717,32.362188],[113.751432,32.363065],[113.754419,32.371357],[113.759323,32.372552],[113.762917,32.371636],[113.766059,32.36444],[113.764749,32.360773],[113.752552,32.354375],[113.746649,32.33564],[113.747926,32.330378],[113.760199,32.320251],[113.767856,32.305901],[113.742579,32.294063],[113.737561,32.283537],[113.744653,32.272136],[113.745053,32.263485],[113.732778,32.257985],[113.734532,32.244989],[113.742422,32.236938],[113.746728,32.21832],[113.758768,32.206361],[113.772006,32.210109],[113.777578,32.188542],[113.757813,32.163828],[113.759245,32.136441],[113.744419,32.118461],[113.733976,32.115193],[113.731025,32.123723],[113.716511,32.126434],[113.722435,32.101538],[113.722587,32.085325],[113.738959,32.078917],[113.741503,32.071904],[113.757848,32.056873],[113.77547,32.050894],[113.785435,32.038139],[113.773395,32.021036],[113.763994,32.019144],[113.754584,32.005711],[113.75251,31.989945],[113.764228,31.980676],[113.771363,31.982609],[113.782328,31.97611],[113.792679,31.976228],[113.811069,31.968239],[113.801503,31.951036],[113.799307,31.933636],[113.810548,31.925385],[113.826737,31.92086],[113.830201,31.908701],[113.825895,31.878126],[113.83232,31.871668],[113.832953,31.856859],[113.848627,31.845355],[113.853906,31.843333],[113.860348,31.847394],[113.869021,31.842702],[113.888483,31.849543],[113.909376,31.879242],[113.921408,31.88307],[113.929142,31.881713],[113.927952,31.871629],[113.95211,31.854647],[113.950835,31.842449],[113.941025,31.825507],[113.947406,31.8157],[113.947007,31.796047],[113.962075,31.786162],[113.966859,31.765253],[113.973318,31.755926],[113.983118,31.752297],[114.012137,31.772788],[114.030636,31.770635],[114.038847,31.775179],[114.053283,31.774183],[114.061808,31.786063],[114.080786,31.784081],[114.084004,31.796721],[114.093334,31.805256],[114.114553,31.808907],[114.116707,31.820486],[114.122096,31.828229],[114.121333,31.83727],[114.128269,31.844683],[114.15122,31.841203],[114.15761,31.843609],[114.161272,31.852975],[114.174589,31.856005],[114.186754,31.853793],[114.215726,31.834419],[114.222784,31.835495],[114.230918,31.843968],[114.231716,31.829817],[114.256508,31.798365],[114.25986,31.788636],[114.266438,31.784411],[114.268549,31.777695],[114.289,31.753856],[114.344774,31.757327],[114.37953,31.743234],[114.397708,31.748556],[114.410669,31.743931],[114.41684,31.732632],[114.425252,31.736817],[114.440964,31.729941],[114.444427,31.731136],[114.445981,31.740144],[114.455791,31.735182],[114.471455,31.743066],[114.48553,31.737434],[114.503265,31.742736],[114.50494,31.747579],[114.498282,31.755791],[114.507058,31.769804],[114.515947,31.769008],[114.52771,31.742517],[114.538386,31.746404],[114.538508,31.754227],[114.545045,31.755345],[114.5456,31.769915],[114.559593,31.766506],[114.565218,31.769258],[114.56843,31.764542],[114.579333,31.766306],[114.582918,31.757726],[114.576416,31.744731],[114.578952,31.734098],[114.574567,31.726882],[114.577354,31.714863],[114.573969,31.710359],[114.58561,31.706114],[114.586244,31.702565],[114.579629,31.693436],[114.569586,31.692919],[114.565636,31.662304],[114.551608,31.656822],[114.544429,31.645741],[114.547737,31.635276],[114.543032,31.627265],[114.543675,31.611937],[114.555872,31.563125],[114.568311,31.556168],[114.569787,31.561748],[114.583493,31.563303],[114.59049,31.578511],[114.604049,31.579449],[114.61108,31.587391],[114.636558,31.584343],[114.638867,31.577207],[114.647835,31.574875],[114.65174,31.565029],[114.668729,31.546711],[114.694563,31.548226],[114.69129,31.527936],[114.710423,31.530549],[114.716447,31.522534],[114.735536,31.529511],[114.743071,31.525945],[114.751682,31.529253],[114.765675,31.522584],[114.773531,31.522785],[114.769061,31.516168],[114.768505,31.504946],[114.778549,31.495778],[114.777716,31.48667],[114.784096,31.482603],[114.807734,31.48095],[114.818931,31.472069],[114.824601,31.461037],[114.834375,31.462408],[114.845486,31.478327],[114.864774,31.48153],[114.87013,31.480484],[114.871633,31.472772],[114.87889,31.471463],[114.917527,31.483525],[114.932351,31.471976],[114.936925,31.481781],[114.96275,31.498744],[114.972289,31.496981],[114.977194,31.482469],[114.992949,31.473676],[114.996673,31.487338],[115.005631,31.491489],[114.996673,31.50404],[115.006021,31.508094],[115.018904,31.530548],[115.023999,31.530349],[115.02531,31.524336],[115.032957,31.518976],[115.043418,31.519459],[115.047134,31.515378],[115.058806,31.515053],[115.060745,31.512387],[115.090625,31.510304],[115.093072,31.516065],[115.087203,31.520937],[115.096489,31.522439],[115.10885,31.532343],[115.099892,31.544502],[115.105447,31.554178],[115.098581,31.556432],[115.09734,31.56212],[115.101133,31.56931],[115.121662,31.580913],[115.119761,31.600948],[115.143363,31.606242],[115.168199,31.603857],[115.17134,31.600785],[115.173762,31.58114],[115.186636,31.573262],[115.187486,31.566008],[115.2018,31.566203],[115.210108,31.556658],[115.230498,31.557477],[115.225923,31.55022],[115.225142,31.540252],[115.213372,31.51953],[115.213571,31.506555],[115.206836,31.494396],[115.213111,31.473575],[115.205073,31.44746],[115.216774,31.427295],[115.230438,31.428731],[115.247164,31.423731],[115.252788,31.41714],[115.253771,31.408173],[115.245073,31.393825],[115.257564,31.389838],[115.272789,31.401046],[115.280116,31.401439],[115.288614,31.39706],[115.295671,31.386079],[115.301748,31.384377],[115.321686,31.393105],[115.331816,31.405917],[115.347311,31.401536],[115.368031,31.407649],[115.385618,31.395064],[115.384507,31.385587],[115.369993,31.373984],[115.377641,31.360255],[115.366469,31.351202],[115.393465,31.34486],[115.400322,31.3395],[115.416338,31.352477],[115.41889,31.348881],[115.4283,31.351299],[115.436441,31.348015],[115.444028,31.317781],[115.448342,31.315821],[115.4554,31.320003],[115.458083,31.317127],[115.451276,31.284901],[115.460886,31.278297],[115.467622,31.26725],[115.488593,31.267974],[115.495618,31.264458],[115.502222,31.270008],[115.520313,31.256655],[115.534418,31.23411],[115.533993,31.205904],[115.537204,31.189247],[115.554374,31.162608],[115.563967,31.155273],[115.580546,31.146499],[115.588992,31.149453],[115.59559,31.16061],[115.598567,31.176041],[115.623889,31.186948],[115.631153,31.202247],[115.640746,31.211868],[115.657838,31.212495],[115.705069,31.202766],[115.708859,31.198125],[115.707597,31.186046],[115.726692,31.177877],[115.730906,31.15835],[115.743693,31.153568],[115.750519,31.144695],[115.758733,31.120355],[115.764766,31.115213],[115.776234,31.1157],[115.792631,31.130048],[115.80803,31.133139],[115.832449,31.129322],[115.852014,31.145561],[115.86205,31.149675],[115.868482,31.148898],[115.877588,31.138779],[115.881329,31.129691],[115.882379,31.111604],[115.890057,31.099856],[115.898876,31.090766],[115.904357,31.093179],[115.920696,31.079185],[115.934766,31.074031],[115.937172,31.063028],[115.933543,31.049656],[115.935513,31.046259],[115.941156,31.044775],[115.96053,31.048618],[115.978543,31.044181],[115.988882,31.03683],[116.001417,31.03686],[116.004837,31.019509],[116.009793,31.014109],[116.034099,31.016993],[116.053595,31.014812],[116.054976,30.997028],[116.066381,30.958775],[116.036547,30.960655],[116.029237,30.953306],[116.019472,30.955789],[116.004672,30.95193],[115.985115,30.937302],[115.971182,30.933812],[115.965479,30.922404],[115.931087,30.905322],[115.927362,30.891867],[115.915687,30.888311],[115.907771,30.890055],[115.880652,30.880325],[115.871868,30.871466],[115.860592,30.866703],[115.858816,30.857738],[115.846564,30.846635],[115.842067,30.83818],[115.843682,30.830999],[115.858708,30.818249],[115.860791,30.800734],[115.853143,30.792009],[115.853612,30.787312],[115.86442,30.784962],[115.866764,30.781742],[115.863274,30.776776],[115.847033,30.768052],[115.846434,30.759194],[115.829524,30.758851],[115.817301,30.752807],[115.805279,30.761856],[115.78224,30.759899],[115.761034,30.712482],[115.76211,30.696743],[115.757049,30.691474],[115.757249,30.68803],[115.767111,30.680261],[115.770088,30.67128],[115.791798,30.661045],[115.79356,30.652536],[115.810325,30.63762],[115.809767,30.627273],[115.802605,30.61802],[115.813986,30.600389],[115.818986,30.598634],[115.822944,30.608665],[115.843404,30.604475],[115.852223,30.592083],[115.871269,30.584956],[115.874038,30.580901],[115.870523,30.571987],[115.878126,30.562056],[115.881399,30.546353],[115.894472,30.540509],[115.905713,30.5218],[115.916425,30.520009],[115.904741,30.509404],[115.893118,30.484921],[115.895687,30.469485],[115.889064,30.462223],[115.88981,30.455403],[115.912068,30.445542],[115.917944,30.431256],[115.941148,30.427845],[115.933205,30.420449],[115.925983,30.42315],[115.919359,30.421597],[115.906322,30.403021],[115.895922,30.400522],[115.880524,30.385459],[115.891504,30.35937],[115.91173,30.337097],[115.909378,30.326966],[115.898761,30.318485],[115.899456,30.312765],[115.91693,30.303972],[115.933718,30.309604],[115.948831,30.309006],[115.975888,30.298342],[115.980254,30.293616],[115.984725,30.265966],[115.989725,30.257587],[115.996462,30.253143],[116.007086,30.251986],[116.019473,30.244217],[116.026496,30.22946],[116.04288,30.225329],[116.059066,30.209261],[116.058632,30.195953],[116.050759,30.183411],[116.05148,30.172287],[116.065394,30.141062],[116.082555,30.128909],[116.079004,30.1163],[116.084131,30.107837],[116.077236,30.101695],[116.076114,30.092473],[116.079492,30.078293],[116.073519,30.064416],[116.086358,30.038534],[116.083702,30.029309],[116.073745,30.016497],[116.076296,29.984867],[116.068763,29.96572],[116.120542,29.903704],[116.126802,29.892478],[116.129336,29.879805],[116.126733,29.846615],[116.127792,29.838547],[116.131926,29.836172],[116.129953,29.821793],[116.101854,29.810632],[116.07198,29.789381],[116.044365,29.764318],[115.960845,29.727374],[115.927753,29.723844],[115.904937,29.726923],[115.832124,29.751179],[115.757375,29.795551],[115.701062,29.840442],[115.677903,29.850395],[115.662774,29.852835],[115.606605,29.84429],[115.544896,29.840588],[115.506345,29.842844],[115.501201,29.82741],[115.5032,29.823107],[115.500546,29.824918],[115.482026,29.820342],[115.471163,29.809108],[115.468605,29.788772],[115.461155,29.768726],[115.465182,29.742224],[115.431172,29.719125],[115.414349,29.701958],[115.409088,29.694028],[115.408751,29.681192],[115.402931,29.680013],[115.396574,29.683641],[115.390291,29.676402],[115.385553,29.677006],[115.373137,29.669913],[115.357795,29.65592],[115.354434,29.648864],[115.34414,29.653186],[115.333907,29.651756],[115.323912,29.648618],[115.309554,29.637737],[115.300246,29.639778],[115.280629,29.621126],[115.272858,29.625995],[115.265614,29.625796],[115.257915,29.637614],[115.252022,29.639931],[115.254501,29.645122],[115.2691,29.651665],[115.26339,29.660029],[115.248103,29.660793],[115.227744,29.656399],[115.209107,29.660354],[115.171311,29.657266],[115.141042,29.664464],[115.116746,29.688566],[115.105773,29.685968],[115.100608,29.675962],[115.10362,29.665497],[115.115252,29.657104],[115.130995,29.656454],[115.13784,29.651075],[115.136286,29.643004],[115.126648,29.633949],[115.126886,29.621669],[115.130966,29.619144],[115.123372,29.609196],[115.12609,29.603988],[115.114714,29.598267],[115.128469,29.592429],[115.137058,29.597247],[115.157518,29.601154],[115.167205,29.594998],[115.167127,29.591582],[115.152431,29.587305],[115.152489,29.580083],[115.14809,29.578073],[115.152098,29.567063],[115.147162,29.552476],[115.147909,29.531397],[115.151954,29.521417],[115.148586,29.512839],[115.122303,29.511394],[115.095515,29.522955],[115.08366,29.522125],[115.080939,29.528334],[115.087028,29.539408],[115.092445,29.540391],[115.090894,29.545706],[115.094114,29.552626],[115.082167,29.562427],[115.075072,29.558333],[115.064592,29.560013],[115.051882,29.553502],[115.041397,29.554371],[115.039146,29.551159],[115.034609,29.552317],[115.028979,29.548837],[115.018535,29.558042],[115.013697,29.557539],[115.007557,29.567047],[114.993709,29.574658],[114.989197,29.565559],[114.975147,29.566992],[114.96797,29.556056],[114.95185,29.556294],[114.948594,29.549151],[114.942805,29.545656],[114.943673,29.528076],[114.961616,29.52494],[114.964159,29.521843],[114.95257,29.503269],[114.935132,29.496912],[114.92765,29.502557],[114.919318,29.503143],[114.920225,29.52461],[114.916085,29.523021],[114.912098,29.512007],[114.895286,29.508749],[114.899421,29.520205],[114.903383,29.522809],[114.896208,29.532799],[114.892171,29.529865],[114.880097,29.497872],[114.871998,29.494381],[114.866842,29.485331],[114.855488,29.478823],[114.859854,29.472631],[114.866521,29.475093],[114.871286,29.471043],[114.880574,29.439253],[114.913074,29.457308],[114.912137,29.461409],[114.902258,29.465246],[114.898283,29.473159],[114.913829,29.485772],[114.930782,29.489248],[114.933557,29.483548],[114.929891,29.478139],[114.933061,29.472473],[114.930343,29.469247],[114.937078,29.471612],[114.9425,29.467532],[114.941541,29.46484],[114.937899,29.465795],[114.935635,29.458195],[114.926148,29.448794],[114.922224,29.449015],[114.927223,29.437611],[114.926195,29.425874],[114.921846,29.419151],[114.905618,29.42369],[114.889884,29.399879],[114.8789,29.395823],[114.871998,29.394444],[114.870965,29.404526],[114.861286,29.407384],[114.826529,29.399467],[114.803457,29.38501],[114.77942,29.388873],[114.7637,29.381514],[114.754837,29.365828],[114.735548,29.36948],[114.735557,29.389142],[114.72764,29.396929],[114.70521,29.399676],[114.683882,29.39466],[114.668213,29.398989],[114.649873,29.391244],[114.643479,29.384882],[114.616877,29.382929],[114.584663,29.355527],[114.551694,29.346905],[114.51449,29.328166],[114.497337,29.326499],[114.491869,29.330308],[114.451912,29.328114],[114.450502,29.338392],[114.445721,29.337237],[114.437537,29.342274],[114.444941,29.345953],[114.439279,29.351699],[114.434607,29.34415],[114.423329,29.340389],[114.39344,29.339438],[114.366921,29.324356],[114.359143,29.327213],[114.347875,29.325944],[114.336287,29.330388],[114.318388,29.360427],[114.305446,29.368166],[114.268179,29.355942],[114.253657,29.346656],[114.256669,29.321359],[114.245784,29.309657],[114.246348,29.304392],[114.253753,29.299462],[114.255879,29.293835],[114.248337,29.284423],[114.247858,29.272259],[114.241035,29.269084],[114.247859,29.253089],[114.24699,29.237611],[114.236036,29.23507],[114.222694,29.239317],[114.19706,29.226697],[114.186982,29.226656],[114.174274,29.217371],[114.159751,29.219831],[114.118553,29.213995],[114.087677,29.214354],[114.057635,29.207589],[114.054224,29.188856],[114.049302,29.180759],[114.035551,29.173186],[114.032331,29.157864],[113.981784,29.129158],[113.967947,29.105139],[113.95668,29.104851],[113.950205,29.101176],[113.946238,29.090201],[113.946524,29.067339],[113.936723,29.050424],[113.912791,29.041453],[113.90635,29.033876],[113.890014,29.032619],[113.876116,29.036691],[113.871212,29.041311],[113.869493,29.056224],[113.876472,29.068543],[113.863243,29.06887],[113.847166,29.061756],[113.826064,29.072346],[113.831559,29.092454],[113.819927,29.106376],[113.810431,29.108268],[113.786897,29.099952],[113.782904,29.101769],[113.767539,29.097036],[113.760821,29.092152],[113.75872,29.081141],[113.739388,29.06131],[113.734501,29.061655],[113.728547,29.067413],[113.720578,29.086571],[113.727192,29.104639],[113.724779,29.108595],[113.717106,29.107627],[113.708347,29.100727],[113.700725,29.085834],[113.690707,29.080623],[113.683304,29.081482],[113.679831,29.089817],[113.68497,29.117493],[113.678989,29.124908],[113.679128,29.134021],[113.664753,29.141862],[113.662409,29.14673],[113.66483,29.158472],[113.657583,29.162544],[113.656446,29.170249],[113.666341,29.182402],[113.675934,29.186533],[113.686063,29.199709],[113.687339,29.229138],[113.684466,29.233674],[113.676263,29.236846],[113.660203,29.235155],[113.655864,29.227749],[113.647763,29.227326],[113.629709,29.253566],[113.609257,29.25369],[113.601306,29.25685],[113.601384,29.270605],[113.608103,29.275405],[113.627486,29.321283],[113.637869,29.32976],[113.655446,29.336303],[113.660369,29.349888],[113.656757,29.356046],[113.655377,29.371036],[113.662061,29.384522],[113.668918,29.390723],[113.684649,29.396595],[113.70772,29.396249],[113.715897,29.392373],[113.723519,29.395402],[113.736054,29.415554],[113.731288,29.428935],[113.747833,29.442871],[113.749335,29.449191],[113.734847,29.46803],[113.736826,29.470676],[113.718143,29.47622],[113.712848,29.482652],[113.701241,29.48868],[113.683207,29.512291],[113.672956,29.516431],[113.667431,29.513105],[113.666062,29.515207],[113.637828,29.510637],[113.629326,29.513142],[113.62584,29.520698],[113.625652,29.526184],[113.649137,29.533782],[113.649975,29.539267],[113.67121,29.540629],[113.675493,29.54253],[113.673591,29.548803],[113.675966,29.551322],[113.685952,29.55047],[113.695622,29.558201],[113.697236,29.555611],[113.702985,29.556556],[113.705608,29.572056],[113.730689,29.57947],[113.731802,29.588467],[113.735129,29.590635],[113.732954,29.596333],[113.727135,29.596378],[113.722883,29.600857],[113.716248,29.614416],[113.70273,29.611616],[113.698154,29.621928],[113.697998,29.637152],[113.687,29.636011],[113.68982,29.640976],[113.682434,29.643493],[113.673155,29.637704],[113.666193,29.641209],[113.666405,29.643843],[113.675119,29.645243],[113.661516,29.666584],[113.663617,29.672006],[113.657703,29.680299],[113.658674,29.68673],[113.646138,29.686178],[113.639795,29.678803],[113.64074,29.675146],[113.631564,29.67239],[113.607759,29.673659],[113.602921,29.66944],[113.578482,29.676804],[113.541503,29.678072],[113.532718,29.686324],[113.534446,29.702323],[113.554662,29.735647],[113.554072,29.750878],[113.548685,29.76125],[113.550245,29.76636],[113.545307,29.77089],[113.554386,29.785862],[113.562475,29.789688],[113.556258,29.794292],[113.564615,29.808337],[113.570043,29.810709],[113.560881,29.812238],[113.559621,29.815313],[113.571618,29.821289],[113.570515,29.828172],[113.575463,29.835046],[113.565903,29.851652],[113.512127,29.815038],[113.487256,29.789112],[113.450675,29.761649],[113.419924,29.745287],[113.371336,29.70562],[113.292223,29.616426],[113.27145,29.597707],[113.261278,29.577127],[113.216565,29.546317],[113.176192,29.488154],[113.149777,29.459666],[113.139378,29.451834],[113.123674,29.460814],[113.109934,29.458957],[113.100871,29.463141],[113.094005,29.462145],[113.096661,29.445528],[113.090924,29.43612],[113.084595,29.433264],[113.074778,29.436582],[113.072208,29.440845],[113.066844,29.485254],[113.058753,29.514928],[113.051722,29.524958],[113.02857,29.526159],[113.01298,29.518795],[112.984629,29.500646],[112.96357,29.471831],[112.950298,29.471815],[112.944585,29.475699],[112.93186,29.529919],[112.906328,29.609655],[112.906503,29.618939],[112.91612,29.629355],[112.939836,29.650245],[112.959809,29.661628],[112.970547,29.674805],[112.999193,29.696348],[113.009427,29.713469],[113.025105,29.769371],[113.02027,29.775286],[113.005999,29.77023],[112.997717,29.757824],[112.969262,29.735356],[112.952223,29.696893],[112.939245,29.685506],[112.931432,29.684139],[112.921467,29.694925],[112.926478,29.742662],[112.923006,29.761959],[112.919617,29.768257],[112.894216,29.784465]],[[112.896515,29.794046],[112.932344,29.769327],[112.933802,29.771049],[112.932109,29.786747],[112.914149,29.802435],[112.895669,29.805936],[112.880999,29.799177],[112.896515,29.794046]],[[112.727772,32.358384],[112.726165,32.364943],[112.71714,32.363158],[112.721353,32.357971],[112.727772,32.358384]],[[111.028131,33.179716],[111.032322,33.187019],[111.027473,33.190523],[111.010055,33.174736],[111.028131,33.179716]]],[[[109.093767,30.582195],[109.096988,30.580107],[109.10368,30.573017],[109.095529,30.578289],[109.093767,30.582195]]],[[[109.100468,30.588076],[109.105243,30.582867],[109.104748,30.5782],[109.097586,30.582867],[109.100468,30.588076]]],[[[113.75257,32.294083],[113.76401,32.283895],[113.764045,32.278156],[113.756016,32.27716],[113.759425,32.270655],[113.754331,32.27038],[113.752682,32.274503],[113.747986,32.29141],[113.75257,32.294083]]]]}},{"type":"Feature","properties":{"id":"cn:4201","name":"武汉市","level":1},"geometry":{"type":"MultiPolygon","coordinates":[[[[113.754367,30.300246],[113.755548,30.298639],[113.754913,30.298162],[113.754367,30.300246]]],[[[113.698186,30.400982],[113.711242,30.410953],[113.713732,30.42371],[113.71736,30.426115],[113.746831,30.425252],[113.757098,30.438226],[113.775372,30.432781],[113.771489,30.44262],[113.775789,30.454563],[113.78447,30.459635],[113.814982,30.496805],[113.826041,30.497988],[113.832481,30.518918],[113.843454,30.525954],[113.847222,30.532706],[113.852439,30.534882],[113.857525,30.532877],[113.862551,30.52029],[113.876033,30.526747],[113.878561,30.546919],[113.874653,30.552529],[113.881541,30.562176],[113.880466,30.567977],[113.888426,30.568696],[113.889051,30.573874],[113.896383,30.567629],[113.895399,30.573787],[113.905034,30.571417],[113.915581,30.573802],[113.935434,30.590677],[113.937604,30.59562],[113.932994,30.600457],[113.934531,30.612925],[113.922189,30.625233],[113.935121,30.637215],[113.920199,30.643192],[113.918836,30.647211],[113.934462,30.662144],[113.952717,30.686341],[113.9396,30.689553],[113.931866,30.700455],[113.918967,30.695757],[113.912413,30.702013],[113.911684,30.717242],[113.900616,30.711195],[113.889583,30.711786],[113.889713,30.72154],[113.893046,30.723708],[113.888941,30.730419],[113.896996,30.730264],[113.899574,30.72451],[113.902899,30.723863],[113.909462,30.725723],[113.912565,30.730919],[113.906213,30.739773],[113.911343,30.757227],[113.899054,30.75619],[113.902737,30.773465],[113.906149,30.770228],[113.912075,30.772794],[113.919536,30.762763],[113.92281,30.770392],[113.934948,30.779395],[113.943813,30.782238],[113.958864,30.779589],[113.966576,30.783001],[113.971015,30.780255],[113.994097,30.789118],[114.014244,30.782378],[114.024612,30.787619],[114.081425,30.7843],[114.104563,30.777464],[114.139323,30.77408],[114.149889,30.769482],[114.159844,30.758078],[114.164369,30.762804],[114.173647,30.761017],[114.175356,30.773516],[114.167943,30.800762],[114.170921,30.817247],[114.174685,30.821684],[114.165345,30.832432],[114.160853,30.877693],[114.151707,30.888348],[114.158958,30.894303],[114.153597,30.898938],[114.156679,30.900726],[114.153425,30.90795],[114.156989,30.915503],[114.153149,30.922986],[114.15484,30.935174],[114.151785,30.935503],[114.155555,30.944737],[114.15144,30.949036],[114.152671,30.95683],[114.158422,30.957574],[114.169696,30.969261],[114.172191,30.977589],[114.167753,30.980663],[114.17169,30.982096],[114.16942,30.986075],[114.173935,30.989243],[114.169152,30.991797],[114.161367,31.005971],[114.160486,31.009389],[114.165018,31.014438],[114.162092,31.020386],[114.153313,31.023536],[114.151955,31.030563],[114.162256,31.040557],[114.161281,31.050459],[114.171449,31.049889],[114.173926,31.05587],[114.180727,31.056147],[114.18084,31.062439],[114.185924,31.066488],[114.18387,31.071321],[114.185914,31.075972],[114.176756,31.087379],[114.180836,31.09635],[114.180515,31.101141],[114.173762,31.104427],[114.175567,31.113982],[114.196902,31.126294],[114.206755,31.126337],[114.216255,31.13639],[114.214509,31.142466],[114.219777,31.153026],[114.238094,31.171839],[114.242842,31.181956],[114.235793,31.197202],[114.225295,31.207538],[114.21633,31.210614],[114.205681,31.203076],[114.184432,31.220613],[114.186532,31.225815],[114.175765,31.251609],[114.174993,31.264536],[114.177953,31.269531],[114.195159,31.270127],[114.190445,31.280614],[114.192953,31.28403],[114.191676,31.290638],[114.198361,31.303719],[114.213821,31.304956],[114.223465,31.320373],[114.233717,31.325779],[114.234637,31.341256],[114.261955,31.352435],[114.277416,31.363321],[114.291764,31.351331],[114.293527,31.340839],[114.302745,31.339699],[114.312729,31.327695],[114.321114,31.325444],[114.327434,31.318625],[114.341765,31.325162],[114.350108,31.325399],[114.352052,31.319833],[114.358311,31.318896],[114.360941,31.312498],[114.391871,31.313138],[114.401785,31.316541],[114.41102,31.314041],[114.412323,31.310626],[114.426255,31.314033],[114.434484,31.309897],[114.433105,31.30307],[114.424997,31.294914],[114.42432,31.289113],[114.417531,31.282818],[114.408825,31.263853],[114.396594,31.251264],[114.400257,31.231511],[114.426021,31.209308],[114.449479,31.206034],[114.445553,31.200888],[114.447171,31.197963],[114.466872,31.192995],[114.466776,31.185915],[114.453677,31.185089],[114.452531,31.178269],[114.456055,31.170594],[114.465734,31.172237],[114.483555,31.159677],[114.48819,31.151293],[114.51629,31.144518],[114.522366,31.124603],[114.52931,31.119264],[114.52326,31.110493],[114.528815,31.096659],[114.510359,31.065932],[114.508285,31.057797],[114.510247,31.053074],[114.499492,31.047229],[114.495108,31.035641],[114.504109,31.023113],[114.505359,31.016537],[114.5268,31.011262],[114.537347,31.000096],[114.537387,30.993265],[114.547513,31.000096],[114.554777,30.986576],[114.57114,30.972303],[114.598823,30.963546],[114.603475,30.946623],[114.609135,30.942561],[114.610844,30.92975],[114.621044,30.929792],[114.637825,30.935815],[114.643848,30.944846],[114.652224,30.934525],[114.660228,30.940441],[114.668328,30.940389],[114.669126,30.945812],[114.677434,30.951038],[114.689022,30.949979],[114.692729,30.954026],[114.69252,30.94514],[114.698163,30.942084],[114.706071,30.94348],[114.695923,30.955433],[114.698944,30.959621],[114.697235,30.976116],[114.704891,30.978128],[114.707243,30.983148],[114.71062,30.980105],[114.715086,30.984743],[114.725229,30.982293],[114.747747,30.996775],[114.754474,30.996564],[114.756462,30.988808],[114.764926,30.98787],[114.75931,30.984085],[114.76214,30.975023],[114.757651,30.969205],[114.762651,30.962735],[114.772678,30.980765],[114.773693,30.989405],[114.792886,31.003246],[114.794536,30.999257],[114.787651,30.992684],[114.790325,30.991199],[114.797764,30.996707],[114.801862,30.995904],[114.804744,30.984311],[114.799847,30.971798],[114.807556,30.968207],[114.812903,30.958569],[114.820273,30.95877],[114.820394,30.951153],[114.835654,30.952175],[114.838458,30.947047],[114.856575,30.947931],[114.872469,30.969111],[114.865846,30.976648],[114.865421,30.982568],[114.850342,30.986577],[114.848207,30.989977],[114.850091,30.993747],[114.861333,30.994555],[114.878416,31.00888],[114.900578,31.008175],[114.915977,31.017081],[114.926226,30.99749],[114.93232,31.004661],[114.938179,30.995941],[114.952172,31.002384],[114.950219,30.990907],[114.959481,30.98822],[114.972676,31.008454],[114.966391,31.023476],[114.972407,31.029522],[114.980202,31.019925],[114.978873,31.0001],[114.985956,30.997263],[114.986495,30.992892],[114.984003,30.990221],[114.98692,30.985917],[114.978587,30.981991],[114.97718,30.97484],[114.9842,30.969762],[114.98931,30.971627],[114.992224,30.968033],[114.981772,30.959878],[114.982823,30.948501],[115.004203,30.928367],[115.018204,30.928308],[115.021989,30.932158],[115.03047,30.929122],[115.022709,30.919857],[115.026667,30.915057],[115.034358,30.910438],[115.039332,30.91344],[115.049055,30.910952],[115.054125,30.906884],[115.052796,30.902744],[115.048369,30.902427],[115.051564,30.898367],[115.071633,30.894623],[115.074593,30.891226],[115.076129,30.880142],[115.046911,30.866172],[115.046398,30.862314],[115.050817,30.858011],[115.038048,30.854072],[115.034028,30.849699],[115.023117,30.852379],[115.026885,30.856984],[115.023881,30.860101],[115.005965,30.86096],[115.005279,30.854526],[114.997396,30.860532],[114.990999,30.857218],[114.987423,30.845968],[114.996719,30.832965],[114.985903,30.823996],[114.984514,30.811185],[114.979385,30.809957],[114.978794,30.818025],[114.976051,30.818314],[114.971606,30.809393],[114.966468,30.808238],[114.963464,30.813733],[114.941797,30.803666],[114.942596,30.798361],[114.952961,30.791122],[114.949966,30.778004],[114.947084,30.776869],[114.928794,30.795445],[114.920243,30.794104],[114.910426,30.786011],[114.896729,30.790146],[114.89363,30.797816],[114.878334,30.799833],[114.87077,30.795695],[114.872371,30.772911],[114.86671,30.762403],[114.839801,30.74192],[114.805764,30.728686],[114.797543,30.735285],[114.793534,30.734453],[114.786285,30.720634],[114.790225,30.710723],[114.808012,30.687227],[114.800867,30.675468],[114.804036,30.667589],[114.810407,30.662208],[114.818819,30.667562],[114.82026,30.672936],[114.825616,30.670893],[114.835095,30.66092],[114.843263,30.643054],[114.852126,30.643721],[114.853436,30.63591],[114.849738,30.636343],[114.845919,30.630754],[114.797984,30.623951],[114.754755,30.611592],[114.733983,30.595339],[114.714044,30.586587],[114.66117,30.574507],[114.625146,30.559117],[114.616075,30.559516],[114.620884,30.544146],[114.626352,30.54036],[114.618991,30.533355],[114.625093,30.532934],[114.628262,30.52933],[114.632289,30.508863],[114.628209,30.502641],[114.6359,30.479592],[114.629979,30.472835],[114.61945,30.470422],[114.617358,30.46251],[114.619389,30.454157],[114.603114,30.459524],[114.5855,30.460091],[114.58326,30.455145],[114.586029,30.447973],[114.578347,30.440915],[114.585152,30.427525],[114.585387,30.415655],[114.587957,30.412998],[114.581504,30.365744],[114.58402,30.358157],[114.591777,30.350137],[114.587936,30.316642],[114.589577,30.29442],[114.585765,30.287189],[114.565192,30.276043],[114.562736,30.256792],[114.539377,30.237276],[114.535418,30.20521],[114.526069,30.194917],[114.516269,30.195405],[114.514733,30.193137],[114.514655,30.178968],[114.507875,30.175142],[114.510756,30.165516],[114.501231,30.153335],[114.503144,30.141605],[114.498552,30.136089],[114.500193,30.126379],[114.514325,30.111022],[114.513448,30.104548],[114.528734,30.097301],[114.531261,30.084652],[114.540132,30.07741],[114.537745,30.070052],[114.541139,30.065462],[114.53994,30.056844],[114.54831,30.040907],[114.55442,30.039548],[114.560566,30.032268],[114.557369,30.030619],[114.544898,30.034229],[114.5431,30.023706],[114.530401,30.02896],[114.529177,30.024633],[114.534031,30.021943],[114.532936,30.017278],[114.539872,30.008255],[114.534794,30.005694],[114.529125,29.995162],[114.534464,29.992359],[114.528804,29.986488],[114.536287,29.979637],[114.529229,29.971759],[114.523777,29.973011],[114.520011,29.978368],[114.509967,29.977274],[114.498665,29.986473],[114.492172,29.986223],[114.492198,29.994392],[114.482702,29.996624],[114.475575,29.994197],[114.480229,29.987006],[114.47441,29.984996],[114.476508,29.987987],[114.472064,29.992755],[114.455697,29.998014],[114.445592,30.007245],[114.431504,30.008047],[114.401043,30.023298],[114.367033,30.030429],[114.356504,30.035411],[114.341677,30.028684],[114.329047,30.029884],[114.319543,30.019965],[114.292554,30.008938],[114.260053,30.002015],[114.233057,29.998369],[114.206703,30.005765],[114.20692,30.029018],[114.190861,30.047771],[114.191885,30.073595],[114.18836,30.088193],[114.160209,30.095028],[114.156642,30.112449],[114.144871,30.119585],[114.149281,30.13019],[114.147258,30.143657],[114.123734,30.171087],[114.109584,30.196794],[114.10034,30.204712],[114.072041,30.210973],[114.050339,30.207767],[114.043013,30.200617],[114.034524,30.19869],[114.031077,30.210699],[114.034072,30.21413],[114.039072,30.212594],[114.042822,30.222084],[114.029957,30.227833],[114.00889,30.269783],[113.970218,30.297841],[113.948134,30.29916],[113.924002,30.29191],[113.906563,30.27753],[113.861772,30.212229],[113.857987,30.202694],[113.860738,30.192375],[113.843152,30.185476],[113.837275,30.189406],[113.814541,30.181585],[113.813151,30.197126],[113.807944,30.205836],[113.794801,30.205425],[113.763837,30.217993],[113.750148,30.234573],[113.759149,30.248236],[113.775721,30.254274],[113.777492,30.266353],[113.787032,30.286443],[113.783933,30.290384],[113.769019,30.286309],[113.758655,30.291533],[113.756034,30.300977],[113.758342,30.307021],[113.753377,30.320061],[113.757527,30.326934],[113.742475,30.336997],[113.7354,30.351556],[113.740261,30.357058],[113.738837,30.362516],[113.747405,30.376895],[113.734167,30.378511],[113.730825,30.375375],[113.701068,30.381754],[113.699762,30.386971],[113.707408,30.398456],[113.699469,30.398438],[113.698186,30.400982]],[[114.980045,30.997417],[114.973752,31.001325],[114.972267,30.99401],[114.978786,30.992429],[114.980045,30.997417]]],[[[114.921591,31.035397],[114.926921,31.035566],[114.928379,31.039509],[114.932823,31.036593],[114.940757,31.039371],[114.939429,31.029732],[114.942693,31.02547],[114.932389,31.021894],[114.93139,31.025657],[114.924464,31.026475],[114.921591,31.035397]]]]}},{"type":"Feature","properties":{"id":"cn:420102","name":"江岸区","level":2},"geometry":{"type":"Polygon","coordinates":[[[114.251571,30.644072],[114.287126,30.671714],[114.28408,30.686567],[114.292448,30.677293],[114.315981,30.685875],[114.32848,30.675951],[114.338454,30.685162],[114.358307,30.694317],[114.36572,30.701063],[114.386493,30.697779],[114.397239,30.685493],[114.37769,30.676482],[114.358894,30.6607],[114.348372,30.647853],[114.345927,30.63562],[114.338262,30.629624],[114.29824,30.575867],[114.268402,30.59396],[114.266672,30.598948],[114.280203,30.608612],[114.264648,30.631163],[114.258687,30.634732],[114.261282,30.636292],[114.258723,30.640346],[114.251571,30.644072]]]}},{"type":"Feature","properties":{"id":"cn:420103","name":"江汉区","level":2},"geometry":{"type":"Polygon","coordinates":[[[114.219799,30.628159],[114.251571,30.644072],[114.258303,30.640833],[114.261282,30.636292],[114.258687,30.634732],[114.264648,30.631163],[114.280203,30.608612],[114.266672,30.598948],[114.268402,30.59396],[114.29824,30.575867],[114.291155,30.564861],[114.285355,30.567533],[114.279093,30.5657],[114.269869,30.582303],[114.262742,30.579151],[114.260258,30.584585],[114.251555,30.590097],[114.246041,30.588636],[114.246644,30.586588],[114.243626,30.586352],[114.243467,30.589223],[114.233636,30.585908],[114.228862,30.589584],[114.229756,30.593219],[114.223229,30.601714],[114.22657,30.606186],[114.235042,30.607149],[114.232485,30.614755],[114.223228,30.612306],[114.219799,30.628159]]]}},{"type":"Feature","properties":{"id":"cn:420104","name":"硚口区","level":2},"geometry":{"type":"Polygon","coordinates":[[[114.144773,30.620315],[114.150538,30.620536],[114.148563,30.62638],[114.153357,30.634808],[114.165153,30.630191],[114.167993,30.630512],[114.167206,30.634533],[114.172455,30.63414],[114.182595,30.631421],[114.185494,30.627026],[114.219799,30.628159],[114.223228,30.612306],[114.232485,30.614755],[114.235042,30.607149],[114.22657,30.606186],[114.223229,30.601714],[114.229756,30.593219],[114.228862,30.589584],[114.233636,30.585908],[114.243467,30.589223],[114.243626,30.586352],[114.246644,30.586588],[114.246041,30.588636],[114.251555,30.590097],[114.260258,30.584585],[114.262742,30.579151],[114.269869,30.582303],[114.279093,30.5657],[114.268966,30.56348],[114.246675,30.567188],[114.236752,30.573536],[114.218749,30.575099],[114.204105,30.585774],[114.184347,30.582714],[114.172212,30.58945],[114.171232,30.605919],[114.164591,30.606017],[114.157218,30.615839],[114.144982,30.61665],[114.144773,30.620315]]]}},{"type":"Feature","properties":{"id":"cn:420105","name":"汉阳区","level":2},"geometry":{"type":"Polygon","coordinates":[[[114.11927,30.586608],[114.121605,30.594464],[114.135824,30.585904],[114.141874,30.595017],[114.169999,30.60644],[114.172629,30.602598],[114.172212,30.58945],[114.184347,30.582714],[114.204105,30.585774],[114.218749,30.575099],[114.236752,30.573536],[114.248757,30.56667],[114.273688,30.563267],[114.283228,30.56766],[114.291155,30.564861],[114.278193,30.538063],[114.230579,30.478969],[114.219509,30.484551],[114.216211,30.481164],[114.207262,30.48622],[114.204376,30.483575],[114.197385,30.485476],[114.177872,30.505319],[114.178906,30.512308],[114.181719,30.510407],[114.190197,30.514769],[114.189394,30.520174],[114.193306,30.526511],[114.186899,30.534566],[114.182453,30.532507],[114.180631,30.538606],[114.175385,30.539242],[114.172177,30.545255],[114.166539,30.542364],[114.161169,30.545532],[114.161391,30.535065],[114.144946,30.531462],[114.138267,30.525663],[114.130307,30.525869],[114.125277,30.533803],[114.128642,30.535142],[114.129799,30.540521],[114.135733,30.54255],[114.131023,30.56183],[114.137675,30.566317],[114.138237,30.573975],[114.124443,30.5784],[114.11927,30.586608]]]}},{"type":"Feature","properties":{"id":"cn:420106","name":"武昌区","level":2},"geometry":{"type":"MultiPolygon","coordinates":[[[[114.256196,30.510123],[114.278193,30.538063],[114.293384,30.568873],[114.338262,30.629624],[114.351279,30.62056],[114.357763,30.609994],[114.337966,30.592338],[114.354615,30.579703],[114.365434,30.576851],[114.368534,30.579731],[114.364883,30.582025],[114.368626,30.583519],[114.370998,30.579027],[114.373733,30.586505],[114.37872,30.582905],[114.385193,30.583476],[114.392628,30.593965],[114.400735,30.594106],[114.411444,30.584643],[114.411579,30.578714],[114.405685,30.580306],[114.406461,30.567558],[114.403936,30.56665],[114.402601,30.556309],[114.425042,30.551853],[114.421067,30.548562],[114.420853,30.542487],[114.415483,30.544816],[114.413229,30.541338],[114.4099,30.549163],[114.407646,30.548305],[114.406359,30.537833],[114.400601,30.530649],[114.395415,30.532759],[114.396345,30.537511],[114.390073,30.539739],[114.371864,30.536669],[114.369783,30.530646],[114.347314,30.537688],[114.347008,30.53189],[114.33832,30.531756],[114.335498,30.522037],[114.333588,30.524334],[114.328986,30.520952],[114.329022,30.516721],[114.317119,30.511876],[114.319954,30.502815],[114.305041,30.503553],[114.304316,30.520464],[114.297389,30.50658],[114.287359,30.510546],[114.27409,30.497677],[114.256196,30.510123]]],[[[114.264353,30.34783],[114.275894,30.354111],[114.272563,30.356757],[114.290486,30.354206],[114.295308,30.3447],[114.29014,30.340875],[114.294467,30.340514],[114.294408,30.337925],[114.2834,30.340073],[114.278968,30.336809],[114.269399,30.337768],[114.264512,30.341969],[114.264353,30.34783]]]]}},{"type":"Feature","properties":{"id":"cn:420107","name":"青山区","level":2},"geometry":{"type":"Polygon","coordinates":[[[114.338262,30.629624],[114.349149,30.638183],[114.406598,30.661246],[114.461716,30.679167],[114.464419,30.66967],[114.45051,30.665673],[114.453814,30.645241],[114.450328,30.642481],[114.454716,30.635546],[114.459471,30.631569],[114.460945,30.638556],[114.454997,30.638446],[114.455037,30.642497],[114.467648,30.643914],[114.499868,30.619272],[114.506254,30.625125],[114.51387,30.619746],[114.520199,30.624209],[114.531873,30.609197],[114.52836,30.607223],[114.526647,30.611335],[114.523288,30.608799],[114.533479,30.600146],[114.537096,30.591464],[114.546535,30.594439],[114.548215,30.591721],[114.555376,30.592991],[114.557644,30.582801],[114.554076,30.580993],[114.54516,30.585614],[114.543991,30.582956],[114.53876,30.587619],[114.535013,30.584586],[114.519472,30.588394],[114.518989,30.594114],[114.511934,30.599889],[114.504786,30.599358],[114.499916,30.594421],[114.503879,30.591049],[114.502557,30.586983],[114.500867,30.590187],[114.496335,30.583828],[114.494682,30.586743],[114.485452,30.584849],[114.487443,30.582102],[114.486057,30.580027],[114.483109,30.578477],[114.485187,30.580789],[114.483149,30.588088],[114.486127,30.594492],[114.48896,30.591555],[114.489636,30.595043],[114.48099,30.601826],[114.469946,30.593976],[114.471745,30.592315],[114.48165,30.598951],[114.483861,30.596931],[114.479105,30.588057],[114.476853,30.589008],[114.478751,30.581193],[114.475504,30.576709],[114.471581,30.577177],[114.473288,30.58279],[114.472638,30.582949],[114.468627,30.577241],[114.46783,30.581379],[114.460819,30.578642],[114.461279,30.575859],[114.459098,30.577915],[114.459958,30.573142],[114.45468,30.576736],[114.45434,30.573444],[114.441378,30.570735],[114.445147,30.597635],[114.433896,30.602682],[114.430464,30.621002],[114.411769,30.62731],[114.410958,30.624498],[114.406619,30.625011],[114.406002,30.621453],[114.402289,30.625803],[114.40232,30.618357],[114.401027,30.617581],[114.399385,30.621403],[114.38861,30.621307],[114.384874,30.617869],[114.380502,30.621371],[114.366987,30.613206],[114.373603,30.60731],[114.364674,30.606395],[114.338262,30.629624]]]}},{"type":"Feature","properties":{"id":"cn:420111","name":"洪山区","level":2},"geometry":{"type":"Polygon","coordinates":[[[114.167284,30.405955],[114.185664,30.440272],[114.221322,30.464116],[114.23321,30.483301],[114.256196,30.510123],[114.27409,30.497677],[114.287359,30.510546],[114.297389,30.50658],[114.304316,30.520464],[114.305041,30.503553],[114.319954,30.502815],[114.317119,30.511876],[114.329022,30.516721],[114.328986,30.520952],[114.333588,30.524334],[114.335498,30.522037],[114.33832,30.531756],[114.347008,30.53189],[114.347314,30.537688],[114.369783,30.530646],[114.371864,30.536669],[114.390073,30.539739],[114.396345,30.537511],[114.395415,30.532759],[114.400601,30.530649],[114.406359,30.537833],[114.407646,30.548305],[114.4099,30.549163],[114.413229,30.541338],[114.415483,30.544816],[114.421783,30.542916],[114.423896,30.553247],[114.402377,30.556884],[114.403936,30.56665],[114.406461,30.567558],[114.405685,30.580306],[114.411579,30.578714],[114.411112,30.586435],[114.403023,30.592836],[114.392628,30.593965],[114.385193,30.583476],[114.37872,30.582905],[114.373733,30.586505],[114.370998,30.579027],[114.368626,30.583519],[114.364883,30.582025],[114.368534,30.579731],[114.365434,30.576851],[114.354615,30.579703],[114.337966,30.592338],[114.361092,30.612131],[114.364674,30.606395],[114.373603,30.60731],[114.366987,30.613206],[114.378117,30.62037],[114.381564,30.621362],[114.385782,30.617899],[114.38861,30.621307],[114.399385,30.621403],[114.401027,30.617581],[114.402289,30.625803],[114.406002,30.621453],[114.406619,30.625011],[114.410958,30.624498],[114.411769,30.62731],[114.430464,30.621002],[114.433896,30.602682],[114.445147,30.597635],[114.441378,30.570735],[114.45434,30.573444],[114.45468,30.576736],[114.459958,30.573142],[114.459098,30.577915],[114.461279,30.575859],[114.460819,30.578642],[114.46783,30.581379],[114.468627,30.577241],[114.472638,30.582949],[114.471581,30.577177],[114.475504,30.576709],[114.478751,30.581193],[114.476853,30.589008],[114.479105,30.588057],[114.483861,30.596931],[114.48165,30.598951],[114.471745,30.592315],[114.469946,30.593976],[114.48099,30.601826],[114.489636,30.595043],[114.48896,30.591555],[114.486127,30.594492],[114.483149,30.588088],[114.485187,30.580789],[114.483109,30.578477],[114.487443,30.582102],[114.485452,30.584849],[114.494682,30.586743],[114.496335,30.583828],[114.500867,30.590187],[114.502557,30.586983],[114.503879,30.591049],[114.499916,30.594421],[114.504786,30.599358],[114.511934,30.599889],[114.518989,30.594114],[114.519472,30.588394],[114.535013,30.584586],[114.53876,30.587619],[114.543991,30.582956],[114.54516,30.585614],[114.554076,30.580993],[114.557644,30.582801],[114.555376,30.592991],[114.548215,30.591721],[114.546535,30.594439],[114.537096,30.591464],[114.533479,30.600146],[114.523288,30.608799],[114.526647,30.611335],[114.52836,30.607223],[114.531873,30.609197],[114.520199,30.624209],[114.51387,30.619746],[114.506254,30.625125],[114.499868,30.619272],[114.467648,30.643914],[114.455037,30.642497],[114.454997,30.638446],[114.460945,30.638556],[114.459471,30.631569],[114.454716,30.635546],[114.450328,30.642481],[114.453814,30.645241],[114.45051,30.665673],[114.464419,30.66967],[114.461716,30.679167],[114.406598,30.661246],[114.344405,30.636378],[114.351908,30.652942],[114.37769,30.676482],[114.389045,30.68301],[114.419079,30.692107],[114.432213,30.695297],[114.464739,30.694255],[114.498593,30.686801],[114.530156,30.675451],[114.545468,30.65644],[114.585702,30.574762],[114.596664,30.564402],[114.616075,30.559516],[114.620884,30.544146],[114.626352,30.54036],[114.618991,30.533355],[114.625093,30.532934],[114.628262,30.52933],[114.632289,30.508863],[114.628209,30.502641],[114.6359,30.479592],[114.629979,30.472835],[114.61945,30.470422],[114.617358,30.46251],[114.619389,30.454157],[114.603114,30.459524],[114.58386,30.460434],[114.578756,30.465215],[114.577532,30.469206],[114.588149,30.488589],[114.581673,30.49279],[114.567471,30.494188],[114.584902,30.52423],[114.572203,30.533162],[114.545875,30.535975],[114.533627,30.528409],[114.528913,30.517238],[114.501436,30.506032],[114.520744,30.505393],[114.522785,30.499005],[114.521692,30.491605],[114.516888,30.490499],[114.51836,30.48415],[114.511161,30.478195],[114.513495,30.470124],[114.503383,30.46936],[114.495701,30.45854],[114.47235,30.462057],[114.468706,30.472294],[114.471021,30.473724],[114.470638,30.483843],[114.467686,30.483354],[114.468248,30.479954],[114.459512,30.485635],[114.458921,30.492991],[114.422171,30.49615],[114.418912,30.488465],[114.416311,30.488481],[114.415615,30.480647],[114.411044,30.478487],[114.410609,30.472182],[114.396745,30.468098],[114.395982,30.480731],[114.370894,30.482941],[114.372431,30.474624],[114.366785,30.473817],[114.362915,30.468108],[114.363999,30.445028],[114.358288,30.444422],[114.35794,30.428593],[114.353406,30.422305],[114.339229,30.423666],[114.326073,30.431762],[114.312202,30.434417],[114.298817,30.4471],[114.285319,30.450708],[114.272784,30.424357],[114.266716,30.42327],[114.260483,30.415282],[114.254086,30.414924],[114.241699,30.425871],[114.233513,30.426263],[114.229954,30.413268],[114.232709,30.392731],[114.222475,30.385073],[114.215002,30.387716],[114.201026,30.4077],[114.194116,30.401472],[114.195635,30.396794],[114.192761,30.393257],[114.167284,30.405955]]]}},{"type":"Feature","properties":{"id":"cn:420112","name":"东西湖区","level":2},"geometry":{"type":"Polygon","coordinates":[[[113.888706,30.729542],[113.896996,30.730264],[113.899574,30.72451],[113.902899,30.723863],[113.909462,30.725723],[113.912565,30.730919],[113.906213,30.739773],[113.911343,30.757227],[113.899054,30.75619],[113.902737,30.773465],[113.906149,30.770228],[113.912075,30.772794],[113.919536,30.762763],[113.92281,30.770392],[113.934948,30.779395],[113.943813,30.782238],[113.958864,30.779589],[113.966576,30.783001],[113.971015,30.780255],[113.989331,30.788669],[114.000582,30.788088],[114.014244,30.782378],[114.024612,30.787619],[114.081425,30.7843],[114.104563,30.777464],[114.139323,30.77408],[114.149889,30.769482],[114.159966,30.756971],[114.152517,30.75122],[114.177613,30.73671],[114.178525,30.708477],[114.181345,30.702148],[114.194236,30.691156],[114.215573,30.68469],[114.239583,30.668851],[114.24658,30.669717],[114.262959,30.686966],[114.278593,30.688893],[114.28408,30.686567],[114.287517,30.672449],[114.262256,30.650095],[114.224504,30.628361],[114.185937,30.626983],[114.182595,30.631421],[114.172455,30.63414],[114.167206,30.634533],[114.167993,30.630512],[114.165153,30.630191],[114.153357,30.634808],[114.148563,30.62638],[114.150538,30.620536],[114.144773,30.620315],[114.144982,30.61665],[114.157218,30.615839],[114.164591,30.606017],[114.140381,30.594105],[114.135824,30.585904],[114.121605,30.594464],[114.08164,30.595996],[114.072586,30.598894],[114.062977,30.596268],[114.052534,30.587265],[114.044401,30.586899],[114.012438,30.599954],[114.016944,30.605794],[114.037865,30.607886],[114.039947,30.610846],[114.037248,30.616087],[114.025373,30.617454],[114.012352,30.609119],[114.00124,30.613064],[113.981275,30.633685],[113.968332,30.656063],[113.966293,30.671495],[113.958056,30.684926],[113.9396,30.689553],[113.931866,30.700455],[113.918967,30.695757],[113.912413,30.702013],[113.910894,30.717556],[113.903593,30.71194],[113.89033,30.711165],[113.889713,30.72154],[113.892968,30.724664],[113.888706,30.729542]]]}},{"type":"Feature","properties":{"id":"cn:420113","name":"汉南区","level":2},"geometry":{"type":"Polygon","coordinates":[[[113.844193,30.275434],[113.843134,30.270467],[113.856234,30.266189],[113.869905,30.27911],[113.863646,30.294235],[113.875018,30.300131],[113.877692,30.294215],[113.881276,30.294107],[113.87895,30.306118],[113.887014,30.301986],[113.898256,30.326372],[113.905062,30.331377],[113.897057,30.347646],[113.905938,30.346226],[113.913924,30.357618],[113.929046,30.360639],[113.926918,30.365733],[113.927996,30.367592],[113.930799,30.367446],[113.940504,30.360864],[113.947683,30.36504],[113.9777,30.364627],[114.010062,30.350771],[114.018256,30.362264],[114.022666,30.363171],[114.044541,30.358145],[114.055748,30.360452],[114.069948,30.357987],[114.079054,30.365526],[114.083776,30.37719],[114.096633,30.365035],[114.088726,30.364323],[114.093952,30.357554],[114.089935,30.355193],[114.093394,30.353492],[114.092113,30.351334],[114.087711,30.34856],[114.107227,30.343474],[114.100738,30.335984],[114.079887,30.25526],[114.069515,30.239668],[114.050556,30.222728],[114.039185,30.222473],[114.029957,30.227833],[114.00889,30.269783],[113.994489,30.281537],[113.970218,30.297841],[113.954393,30.299677],[113.924002,30.29191],[113.906563,30.27753],[113.861772,30.212229],[113.857987,30.202694],[113.860738,30.192375],[113.845825,30.186119],[113.837275,30.189406],[113.814541,30.181585],[113.813151,30.197126],[113.807944,30.205836],[113.794801,30.205425],[113.763837,30.217993],[113.750148,30.234573],[113.759149,30.248236],[113.784992,30.252872],[113.788239,30.259753],[113.798074,30.26561],[113.807717,30.261118],[113.817579,30.26834],[113.82099,30.277555],[113.835817,30.282835],[113.844193,30.275434]],[[113.839845,30.276893],[113.836485,30.279827],[113.829219,30.273981],[113.834688,30.269154],[113.839845,30.276893]],[[114.00165,30.345593],[114.005053,30.350156],[114.000104,30.353336],[114.00165,30.345593]],[[113.982075,30.361176],[113.969366,30.363185],[113.969306,30.356101],[113.978186,30.357479],[113.981494,30.354397],[113.982075,30.361176]],[[113.933229,30.365205],[113.929706,30.366932],[113.9279,30.364746],[113.930886,30.362127],[113.933229,30.365205]]]}},{"type":"Feature","properties":{"id":"cn:420114","name":"蔡甸区","level":2},"geometry":{"type":"MultiPolygon","coordinates":[[[[113.698186,30.400982],[113.711242,30.410953],[113.713732,30.42371],[113.71736,30.426115],[113.746831,30.425252],[113.757098,30.438226],[113.775372,30.432781],[113.771489,30.44262],[113.775789,30.454563],[113.78447,30.459635],[113.814982,30.496805],[113.826041,30.497988],[113.832481,30.518918],[113.843454,30.525954],[113.847222,30.532706],[113.852439,30.534882],[113.857525,30.532877],[113.862551,30.52029],[113.876033,30.526747],[113.878561,30.546919],[113.874653,30.552529],[113.881541,30.562176],[113.880466,30.567977],[113.888426,30.568696],[113.889051,30.573874],[113.896383,30.567629],[113.895399,30.573787],[113.905034,30.571417],[113.915581,30.573802],[113.934244,30.588899],[113.937604,30.59562],[113.932994,30.600457],[113.935121,30.611217],[113.922189,30.625233],[113.935121,30.637215],[113.920199,30.643192],[113.918836,30.647211],[113.953828,30.686718],[113.962647,30.679055],[113.968332,30.656063],[113.981275,30.633685],[113.997413,30.616078],[114.012352,30.609119],[114.028654,30.618235],[114.038941,30.614459],[114.037865,30.607886],[114.01453,30.604849],[114.013714,30.598081],[114.047126,30.586573],[114.070191,30.598819],[114.121605,30.594464],[114.11927,30.586608],[114.124443,30.5784],[114.138237,30.573975],[114.137675,30.566317],[114.131023,30.56183],[114.135733,30.54255],[114.129799,30.540521],[114.128642,30.535142],[114.126145,30.536077],[114.125928,30.530159],[114.130669,30.525653],[114.138267,30.525663],[114.144946,30.531462],[114.161712,30.535306],[114.161169,30.545532],[114.166539,30.542364],[114.172177,30.545255],[114.175385,30.539242],[114.180631,30.538606],[114.182453,30.532507],[114.186899,30.534566],[114.193306,30.526511],[114.189394,30.520174],[114.190197,30.514769],[114.181719,30.510407],[114.178906,30.512308],[114.177872,30.505319],[114.197385,30.485476],[114.204376,30.483575],[114.207262,30.48622],[114.216211,30.481164],[114.219509,30.484551],[114.230579,30.478969],[114.214528,30.458151],[114.185664,30.440272],[114.17472,30.41676],[114.148647,30.380338],[114.107227,30.343474],[114.087711,30.34856],[114.092113,30.351334],[114.093394,30.353492],[114.089935,30.355193],[114.093952,30.357554],[114.088726,30.364323],[114.096633,30.365035],[114.083776,30.37719],[114.079054,30.365526],[114.069948,30.357987],[114.055748,30.360452],[114.044541,30.358145],[114.022666,30.363171],[114.018256,30.362264],[114.010062,30.350771],[113.9777,30.364627],[113.947683,30.36504],[113.940504,30.360864],[113.930799,30.367446],[113.927996,30.367592],[113.926918,30.365733],[113.929046,30.360639],[113.913924,30.357618],[113.905938,30.346226],[113.897057,30.347646],[113.905062,30.331377],[113.898256,30.326372],[113.887014,30.301986],[113.87895,30.306118],[113.881276,30.294107],[113.877692,30.294215],[113.875018,30.300131],[113.863646,30.294235],[113.870252,30.279875],[113.863464,30.275417],[113.858751,30.26721],[113.845374,30.268903],[113.840981,30.279714],[113.834784,30.282785],[113.82099,30.277555],[113.817579,30.26834],[113.807717,30.261118],[113.796485,30.265042],[113.783429,30.252418],[113.77369,30.252164],[113.786641,30.283746],[113.786042,30.289187],[113.770687,30.286259],[113.760044,30.28968],[113.756034,30.300977],[113.758342,30.307021],[113.753377,30.320061],[113.757527,30.326934],[113.742475,30.336997],[113.7354,30.351556],[113.740261,30.357058],[113.738837,30.362516],[113.747405,30.376895],[113.734167,30.378511],[113.730825,30.375375],[113.703889,30.380358],[113.699419,30.385931],[113.707408,30.398456],[113.699469,30.398438],[113.698186,30.400982]]],[[[113.999853,30.352156],[114.005513,30.349773],[114.004862,30.346606],[114.00165,30.345593],[113.999853,30.352156]]],[[[113.970383,30.354679],[113.969366,30.363185],[113.982718,30.360671],[113.98073,30.354127],[113.978186,30.357479],[113.970383,30.354679]]],[[[113.9279,30.364746],[113.929706,30.366932],[113.933873,30.364421],[113.930886,30.362127],[113.9279,30.364746]]],[[[113.829176,30.274232],[113.836485,30.279827],[113.839845,30.276893],[113.834688,30.269154],[113.829176,30.274232]]],[[[113.754428,30.298781],[113.7552,30.301168],[113.755182,30.298214],[113.754428,30.298781]]]]}},{"type":"Feature","properties":{"id":"cn:420115","name":"江夏区","level":2},"geometry":{"type":"Polygon","coordinates":[[[114.033273,30.21377],[114.039072,30.212594],[114.042822,30.222084],[114.056147,30.226168],[114.069515,30.239668],[114.079887,30.25526],[114.085149,30.26997],[114.100738,30.335984],[114.148647,30.380338],[114.167284,30.405955],[114.192761,30.393257],[114.195635,30.396794],[114.194116,30.401472],[114.201026,30.4077],[114.215002,30.387716],[114.222475,30.385073],[114.232709,30.392731],[114.229954,30.413268],[114.233513,30.426263],[114.241699,30.425871],[114.254086,30.414924],[114.260483,30.415282],[114.266716,30.42327],[114.272784,30.424357],[114.285319,30.450708],[114.298817,30.4471],[114.312202,30.434417],[114.326073,30.431762],[114.339229,30.423666],[114.353406,30.422305],[114.35794,30.428593],[114.358288,30.444422],[114.363999,30.445028],[114.362915,30.468108],[114.366785,30.473817],[114.372431,30.474624],[114.370894,30.482941],[114.395982,30.480731],[114.396745,30.468098],[114.410609,30.472182],[114.411044,30.478487],[114.415615,30.480647],[114.416311,30.488481],[114.418912,30.488465],[114.422171,30.49615],[114.458921,30.492991],[114.459512,30.485635],[114.468248,30.479954],[114.467686,30.483354],[114.470638,30.483843],[114.471021,30.473724],[114.468706,30.472294],[114.47235,30.462057],[114.495701,30.45854],[114.503383,30.46936],[114.513495,30.470124],[114.511161,30.478195],[114.51836,30.48415],[114.516888,30.490499],[114.521692,30.491605],[114.522785,30.499005],[114.520744,30.505393],[114.501458,30.504311],[114.501972,30.506611],[114.528913,30.517238],[114.533627,30.528409],[114.545875,30.535975],[114.572203,30.533162],[114.584902,30.52423],[114.567419,30.493417],[114.581673,30.49279],[114.588478,30.486838],[114.577341,30.468244],[114.5855,30.460091],[114.58326,30.455145],[114.586194,30.450496],[114.578191,30.440149],[114.585152,30.427525],[114.585387,30.415655],[114.587957,30.412998],[114.581504,30.365744],[114.58402,30.358157],[114.591777,30.350137],[114.587936,30.316642],[114.589577,30.29442],[114.585765,30.287189],[114.565192,30.276043],[114.562736,30.256792],[114.539377,30.237276],[114.535418,30.20521],[114.526069,30.194917],[114.516269,30.195405],[114.514733,30.193137],[114.514655,30.178968],[114.507875,30.175142],[114.510756,30.165516],[114.501231,30.153335],[114.503144,30.141605],[114.498552,30.136089],[114.500193,30.126379],[114.514325,30.111022],[114.513448,30.104548],[114.528734,30.097301],[114.531261,30.084652],[114.540132,30.07741],[114.537745,30.070052],[114.541139,30.065462],[114.53994,30.056844],[114.54831,30.040907],[114.55442,30.039548],[114.560566,30.032268],[114.557369,30.030619],[114.544898,30.034229],[114.5431,30.023706],[114.530401,30.02896],[114.529177,30.024633],[114.534031,30.021943],[114.532936,30.017278],[114.539872,30.008255],[114.534794,30.005694],[114.529125,29.995162],[114.534464,29.992359],[114.528804,29.986488],[114.536287,29.979637],[114.529229,29.971759],[114.523777,29.973011],[114.520011,29.978368],[114.509967,29.977274],[114.498665,29.986473],[114.492172,29.986223],[114.492198,29.994392],[114.482702,29.996624],[114.475575,29.994197],[114.480229,29.987006],[114.47441,29.984996],[114.476508,29.987987],[114.472064,29.992755],[114.455697,29.998014],[114.445592,30.007245],[114.431504,30.008047],[114.401043,30.023298],[114.367033,30.030429],[114.356504,30.035411],[114.341677,30.028684],[114.329047,30.029884],[114.319543,30.019965],[114.292554,30.008938],[114.260053,30.002015],[114.233057,29.998369],[114.206703,30.005765],[114.20692,30.029018],[114.190861,30.047771],[114.191885,30.073595],[114.18836,30.088193],[114.160209,30.095028],[114.156642,30.112449],[114.144871,30.119585],[114.149281,30.13019],[114.147258,30.143657],[114.123734,30.171087],[114.109584,30.196794],[114.10034,30.204712],[114.072041,30.210973],[114.050339,30.207767],[114.043013,30.200617],[114.034524,30.19869],[114.031511,30.205404],[114.033273,30.21377]],[[114.292943,30.35226],[114.272453,30.356665],[114.275776,30.353972],[114.264835,30.349267],[114.264512,30.341969],[114.273528,30.337024],[114.282074,30.337517],[114.2834,30.340073],[114.294321,30.337691],[114.294467,30.340514],[114.290044,30.341611],[114.295308,30.3447],[114.292943,30.35226]]]}},{"type":"Feature","properties":{"id":"cn:420116","name":"黄陂区","level":2},"geometry":{"type":"Polygon","coordinates":[[[114.15144,30.949036],[114.152671,30.95683],[114.158422,30.957574],[114.169696,30.969261],[114.172191,30.977589],[114.167753,30.980663],[114.17169,30.982096],[114.16942,30.986075],[114.173935,30.989243],[114.169152,30.991797],[114.161367,31.005971],[114.160486,31.009389],[114.165018,31.014438],[114.162092,31.020386],[114.153313,31.023536],[114.151955,31.030563],[114.162256,31.040557],[114.161281,31.050459],[114.170638,31.049613],[114.173926,31.05587],[114.180727,31.056147],[114.18084,31.062439],[114.186218,31.067678],[114.18387,31.071321],[114.185914,31.075972],[114.176756,31.087379],[114.180836,31.09635],[114.180515,31.101141],[114.173762,31.104427],[114.175219,31.113162],[114.196902,31.126294],[114.206755,31.126337],[114.216255,31.13639],[114.214509,31.142466],[114.219777,31.153026],[114.238094,31.171839],[114.242842,31.181956],[114.235793,31.197202],[114.225295,31.207538],[114.21633,31.210614],[114.205681,31.203076],[114.184432,31.220613],[114.186532,31.225815],[114.174368,31.258798],[114.176035,31.268201],[114.195159,31.270127],[114.190445,31.280614],[114.192953,31.28403],[114.191676,31.290638],[114.198361,31.303719],[114.213821,31.304956],[114.223465,31.320373],[114.233717,31.325779],[114.234637,31.341256],[114.261955,31.352435],[114.277416,31.363321],[114.291764,31.351331],[114.293527,31.340839],[114.302745,31.339699],[114.312729,31.327695],[114.321114,31.325444],[114.327434,31.318625],[114.341765,31.325162],[114.350108,31.325399],[114.352052,31.319833],[114.358311,31.318896],[114.360941,31.312498],[114.391871,31.313138],[114.401785,31.316541],[114.41102,31.314041],[114.412323,31.310626],[114.426255,31.314033],[114.434484,31.309897],[114.433105,31.30307],[114.424997,31.294914],[114.42432,31.289113],[114.417531,31.282818],[114.408825,31.263853],[114.396594,31.251264],[114.400257,31.231511],[114.426021,31.209308],[114.449479,31.206034],[114.445553,31.200888],[114.447171,31.197963],[114.466872,31.192995],[114.466776,31.185915],[114.453677,31.185089],[114.452531,31.178269],[114.456055,31.170594],[114.465734,31.172237],[114.483555,31.159677],[114.48819,31.151293],[114.51629,31.144518],[114.522366,31.124603],[114.52931,31.119264],[114.52326,31.110493],[114.528815,31.096659],[114.510359,31.065932],[114.508285,31.057797],[114.510247,31.053074],[114.499492,31.047229],[114.495108,31.035641],[114.504109,31.023113],[114.505359,31.016537],[114.5268,31.011262],[114.537347,31.000096],[114.537387,30.993265],[114.547513,31.000096],[114.554777,30.986576],[114.57114,30.972303],[114.598823,30.963546],[114.603475,30.946623],[114.609676,30.94041],[114.611765,30.916577],[114.608934,30.914885],[114.612026,30.912883],[114.612477,30.904298],[114.605245,30.893229],[114.608969,30.883943],[114.603509,30.86914],[114.597319,30.867614],[114.595349,30.863551],[114.595323,30.850828],[114.590019,30.847115],[114.592354,30.831305],[114.585427,30.821694],[114.554827,30.809818],[114.525826,30.811097],[114.51258,30.800659],[114.501503,30.809526],[114.493447,30.801557],[114.479401,30.809712],[114.476624,30.808523],[114.490921,30.79188],[114.491242,30.773763],[114.48428,30.751136],[114.495521,30.740436],[114.497171,30.731248],[114.496459,30.727431],[114.490564,30.727945],[114.471779,30.737547],[114.467491,30.729069],[114.468811,30.724979],[114.50362,30.712958],[114.513012,30.699627],[114.519966,30.696302],[114.520547,30.690846],[114.510426,30.694371],[114.508211,30.683993],[114.464739,30.694255],[114.432213,30.695297],[114.397239,30.685493],[114.386493,30.697779],[114.36572,30.701063],[114.358307,30.694317],[114.338454,30.685162],[114.32848,30.675951],[114.315981,30.685875],[114.295633,30.676968],[114.281398,30.687843],[114.267587,30.688555],[114.258342,30.68408],[114.24658,30.669717],[114.239583,30.668851],[114.215573,30.68469],[114.191319,30.692818],[114.181345,30.702148],[114.178525,30.708477],[114.177613,30.73671],[114.152101,30.75204],[114.158715,30.754939],[114.164369,30.762804],[114.173244,30.760498],[114.175356,30.773516],[114.167943,30.800762],[114.170921,30.817247],[114.174685,30.821684],[114.165345,30.832432],[114.160853,30.877693],[114.151707,30.888348],[114.158958,30.894303],[114.153597,30.898938],[114.156679,30.900726],[114.153425,30.90795],[114.156989,30.915503],[114.153149,30.922986],[114.15484,30.935174],[114.151785,30.935503],[114.155555,30.944737],[114.15144,30.949036]]]}},{"type":"Feature","properties":{"id":"cn:420117","name":"新洲区","level":2},"geometry":{"type":"MultiPolygon","coordinates":[[[[114.472292,30.73721],[114.484583,30.729691],[114.496459,30.727431],[114.495521,30.740436],[114.48428,30.751136],[114.491242,30.773763],[114.490921,30.79188],[114.478117,30.804599],[114.477136,30.809384],[114.493447,30.801557],[114.501503,30.809526],[114.51258,30.800659],[114.525826,30.811097],[114.554827,30.809818],[114.585427,30.821694],[114.592354,30.831305],[114.590019,30.847115],[114.595323,30.850828],[114.595349,30.863551],[114.597319,30.867614],[114.603457,30.869049],[114.60831,30.881178],[114.608952,30.887061],[114.605175,30.892836],[114.612477,30.904298],[114.612026,30.912883],[114.608934,30.914885],[114.61173,30.916307],[114.611174,30.929651],[114.621044,30.929792],[114.637825,30.935815],[114.643848,30.944846],[114.652224,30.934525],[114.660228,30.940441],[114.668328,30.940389],[114.669126,30.945812],[114.677434,30.951038],[114.689022,30.949979],[114.692729,30.954026],[114.69252,30.94514],[114.698163,30.942084],[114.706071,30.94348],[114.695923,30.955433],[114.698944,30.959621],[114.697235,30.976116],[114.704891,30.978128],[114.707243,30.983148],[114.71062,30.980105],[114.715086,30.984743],[114.725229,30.982293],[114.745299,30.99624],[114.754474,30.996564],[114.755447,30.989389],[114.764501,30.988767],[114.764232,30.98581],[114.75931,30.984085],[114.76214,30.975023],[114.757651,30.969205],[114.762651,30.962735],[114.772678,30.980765],[114.773693,30.989405],[114.793198,31.003156],[114.794536,30.999257],[114.787651,30.992684],[114.790325,30.991199],[114.797764,30.996707],[114.801862,30.995904],[114.804744,30.984311],[114.799847,30.971798],[114.807556,30.968207],[114.812903,30.958569],[114.820273,30.95877],[114.820394,30.951153],[114.834978,30.952279],[114.837842,30.947177],[114.854639,30.947544],[114.860472,30.951321],[114.872469,30.969111],[114.865846,30.976648],[114.865421,30.982568],[114.850342,30.986577],[114.848207,30.989977],[114.850091,30.993747],[114.861333,30.994555],[114.878416,31.00888],[114.900578,31.008175],[114.915977,31.017081],[114.926226,30.99749],[114.93232,31.004661],[114.938179,30.995941],[114.952172,31.002384],[114.950219,30.990907],[114.959481,30.98822],[114.972676,31.008454],[114.966391,31.023476],[114.972407,31.029522],[114.980202,31.019925],[114.978873,31.0001],[114.985956,30.997263],[114.986495,30.992892],[114.984003,30.990221],[114.98692,30.985917],[114.978587,30.981991],[114.97718,30.97484],[114.9842,30.969762],[114.98931,30.971627],[114.992224,30.968033],[114.981772,30.959878],[114.982823,30.948501],[115.004203,30.928367],[115.018204,30.928308],[115.021989,30.932158],[115.03047,30.929122],[115.022709,30.919857],[115.026667,30.915057],[115.034358,30.910438],[115.039332,30.91344],[115.049055,30.910952],[115.054125,30.906884],[115.052796,30.902744],[115.048369,30.902427],[115.051564,30.898367],[115.071633,30.894623],[115.076849,30.884549],[115.07277,30.877617],[115.046911,30.866172],[115.046398,30.862314],[115.050817,30.858011],[115.038048,30.854072],[115.034028,30.849699],[115.023117,30.852379],[115.026885,30.856984],[115.023881,30.860101],[115.005965,30.86096],[115.005279,30.854526],[114.998985,30.859966],[114.994106,30.85989],[114.987857,30.853888],[114.987154,30.847124],[114.996719,30.832965],[114.985903,30.823996],[114.984514,30.811185],[114.979385,30.809957],[114.978794,30.818025],[114.976051,30.818314],[114.971606,30.809393],[114.966468,30.808238],[114.963464,30.813733],[114.941797,30.803666],[114.942596,30.798361],[114.952961,30.791122],[114.949966,30.778004],[114.947084,30.776869],[114.928794,30.795445],[114.920243,30.794104],[114.910426,30.786011],[114.896729,30.790146],[114.89363,30.797816],[114.878334,30.799833],[114.87077,30.795695],[114.872371,30.772911],[114.86671,30.762403],[114.839801,30.74192],[114.805764,30.728686],[114.797543,30.735285],[114.793534,30.734453],[114.786285,30.720634],[114.790225,30.710723],[114.808012,30.687227],[114.800867,30.675468],[114.804036,30.667589],[114.810407,30.662208],[114.818819,30.667562],[114.82026,30.672936],[114.825616,30.670893],[114.835095,30.66092],[114.843263,30.643054],[114.852126,30.643721],[114.853436,30.63591],[114.849738,30.636343],[114.845919,30.630754],[114.797984,30.623951],[114.754755,30.611592],[114.733983,30.595339],[114.714044,30.586587],[114.66117,30.574507],[114.625146,30.559117],[114.596664,30.564402],[114.585702,30.574762],[114.562291,30.625648],[114.5394,30.665735],[114.530156,30.675451],[114.508211,30.683993],[114.510426,30.694371],[114.520547,30.690846],[114.519966,30.696302],[114.513012,30.699627],[114.50362,30.712958],[114.468811,30.724979],[114.467491,30.729069],[114.472292,30.73721]],[[114.980045,30.997417],[114.973752,31.001325],[114.972267,30.99401],[114.978786,30.992429],[114.980045,30.997417]]],[[[114.921634,31.034691],[114.926921,31.035566],[114.928379,31.039509],[114.932823,31.036593],[114.940757,31.039371],[114.939429,31.029732],[114.942693,31.02547],[114.932389,31.021894],[114.93139,31.025657],[114.924464,31.026475],[114.921634,31.034691]]]]}},{"type":"Feature","properties":{"id":"cn:4202","name":"黄石市","level":1},"geometry":{"type":"Polygon","coordinates":[[[114.526248,29.969999],[114.536095,29.978146],[114.535635,29.981951],[114.528717,29.986764],[114.534438,29.992487],[114.529125,29.995162],[114.534794,30.005694],[114.539872,30.008255],[114.532936,30.017278],[114.534031,30.021943],[114.529177,30.024633],[114.530401,30.02896],[114.5431,30.023706],[114.544898,30.034229],[114.560627,30.03166],[114.55442,30.039548],[114.548647,30.040401],[114.542501,30.050861],[114.541139,30.065462],[114.554234,30.060331],[114.567288,30.050141],[114.562024,30.043407],[114.565305,30.037607],[114.579142,30.039447],[114.58711,30.051283],[114.59528,30.049698],[114.619095,30.05607],[114.634034,30.044399],[114.631802,30.040883],[114.636081,30.039776],[114.634351,30.028505],[114.63905,30.018234],[114.653426,30.022492],[114.660667,30.019204],[114.6697,30.025757],[114.682365,30.025016],[114.686233,30.039701],[114.679938,30.044947],[114.6836,30.049647],[114.692375,30.052812],[114.697898,30.042792],[114.704956,30.042429],[114.724907,30.05733],[114.726539,30.061713],[114.719665,30.066319],[114.714218,30.082537],[114.726692,30.092573],[114.737632,30.088768],[114.737724,30.091005],[114.726158,30.106964],[114.723907,30.122387],[114.712486,30.129089],[114.710319,30.138989],[114.698867,30.144622],[114.694259,30.15098],[114.699729,30.161608],[114.711272,30.165272],[114.706881,30.171603],[114.716849,30.17739],[114.71849,30.181485],[114.70848,30.187487],[114.697699,30.188543],[114.675451,30.205949],[114.671461,30.214382],[114.66078,30.22071],[114.659666,30.240717],[114.655607,30.252249],[114.657094,30.257145],[114.666624,30.259741],[114.669312,30.269798],[114.689558,30.280904],[114.690791,30.283618],[114.683835,30.292503],[114.693244,30.311779],[114.711442,30.32722],[114.719397,30.328516],[114.722174,30.318059],[114.72809,30.312818],[114.728518,30.30573],[114.769091,30.293389],[114.781113,30.294653],[114.778871,30.306327],[114.782633,30.311538],[114.824932,30.314539],[114.832723,30.306749],[114.832337,30.291718],[114.843705,30.283943],[114.858178,30.283614],[114.865769,30.275393],[114.864514,30.269306],[114.856667,30.264318],[114.855935,30.260527],[114.866861,30.240246],[114.927875,30.221738],[114.935239,30.214772],[114.94183,30.214476],[114.949339,30.20668],[114.957803,30.206836],[114.961752,30.214351],[114.981452,30.222425],[114.992101,30.215354],[114.995467,30.221745],[115.005519,30.225108],[115.004788,30.230633],[115.000403,30.233293],[115.007507,30.239561],[115.013533,30.240333],[115.019335,30.250811],[115.038584,30.25319],[115.050717,30.257268],[115.055469,30.263435],[115.062596,30.264026],[115.074306,30.261574],[115.074732,30.242424],[115.079248,30.234855],[115.089683,30.224347],[115.106983,30.216098],[115.142033,30.210502],[115.173863,30.22237],[115.204158,30.216003],[115.210721,30.205322],[115.263936,30.157669],[115.298637,30.115415],[115.314948,30.083544],[115.317257,30.048984],[115.321146,30.036144],[115.326424,30.028581],[115.356293,30.005324],[115.37967,29.967784],[115.403499,29.952686],[115.405513,29.944143],[115.401216,29.925894],[115.403194,29.919275],[115.428629,29.899776],[115.44336,29.871767],[115.454965,29.861799],[115.482665,29.847489],[115.506345,29.842844],[115.501201,29.82741],[115.5032,29.823107],[115.500546,29.824918],[115.482026,29.820342],[115.471163,29.809108],[115.468605,29.788772],[115.461155,29.768726],[115.465182,29.742224],[115.431172,29.719125],[115.414349,29.701958],[115.409088,29.694028],[115.408751,29.681192],[115.402931,29.680013],[115.396574,29.683641],[115.390291,29.676402],[115.385553,29.677006],[115.373137,29.669913],[115.357795,29.65592],[115.354434,29.648864],[115.34414,29.653186],[115.333907,29.651756],[115.323912,29.648618],[115.309554,29.637737],[115.300246,29.639778],[115.280629,29.621126],[115.272858,29.625995],[115.265614,29.625796],[115.257915,29.637614],[115.252022,29.639931],[115.254501,29.645122],[115.2691,29.651665],[115.26339,29.660029],[115.248103,29.660793],[115.227744,29.656399],[115.209107,29.660354],[115.171311,29.657266],[115.141042,29.664464],[115.116746,29.688566],[115.105773,29.685968],[115.100608,29.675962],[115.10362,29.665497],[115.115252,29.657104],[115.130995,29.656454],[115.13784,29.651075],[115.136286,29.643004],[115.126648,29.633949],[115.126886,29.621669],[115.130966,29.619144],[115.123372,29.609196],[115.12609,29.603988],[115.114714,29.598267],[115.128469,29.592429],[115.137058,29.597247],[115.157518,29.601154],[115.167205,29.594998],[115.167127,29.591582],[115.152431,29.587305],[115.152489,29.580083],[115.14809,29.578073],[115.152098,29.567063],[115.147162,29.552476],[115.147909,29.531397],[115.15211,29.517066],[115.148586,29.512839],[115.122303,29.511394],[115.095515,29.522955],[115.086612,29.521202],[115.082129,29.523446],[115.080939,29.528334],[115.087028,29.539408],[115.092445,29.540391],[115.090894,29.545706],[115.094114,29.552626],[115.082167,29.562427],[115.075072,29.558333],[115.064592,29.560013],[115.051882,29.553502],[115.041397,29.554371],[115.039146,29.551159],[115.034609,29.552317],[115.028979,29.548837],[115.018535,29.558042],[115.013697,29.557539],[115.007557,29.567047],[115.000467,29.568785],[114.995322,29.574743],[114.989197,29.565559],[114.975147,29.566992],[114.965505,29.555025],[114.942327,29.558119],[114.930817,29.564392],[114.932006,29.585485],[114.910653,29.588423],[114.904294,29.585737],[114.901156,29.588587],[114.901842,29.603069],[114.888276,29.617196],[114.886843,29.625612],[114.890732,29.643589],[114.880333,29.656847],[114.877477,29.677205],[114.86462,29.697923],[114.840333,29.701654],[114.840489,29.711536],[114.830602,29.735587],[114.807746,29.741521],[114.786052,29.741571],[114.784091,29.738138],[114.778058,29.738157],[114.751565,29.746918],[114.739942,29.743743],[114.719811,29.759857],[114.718232,29.766526],[114.731565,29.802601],[114.727988,29.812326],[114.728943,29.839948],[114.707668,29.843242],[114.719221,29.897259],[114.698579,29.89579],[114.662945,29.906822],[114.660558,29.912974],[114.6431,29.914245],[114.602849,29.926827],[114.599438,29.92881],[114.600549,29.937702],[114.59166,29.943018],[114.561261,29.937582],[114.555862,29.939407],[114.555627,29.946154],[114.55054,29.949092],[114.532996,29.942107],[114.535696,29.950917],[114.547927,29.956553],[114.542207,29.964728],[114.531729,29.96572],[114.526248,29.969999]]]}},{"type":"Feature","properties":{"id":"cn:420202","name":"黄石港区","level":2},"geometry":{"type":"Polygon","coordinates":[[[115.003478,30.234617],[115.007507,30.239561],[115.013533,30.240333],[115.019335,30.250811],[115.038584,30.25319],[115.050717,30.257268],[115.055469,30.263435],[115.062596,30.264026],[115.074306,30.261574],[115.074732,30.242424],[115.089683,30.224347],[115.096245,30.221219],[115.090423,30.215505],[115.0941,30.211078],[115.088878,30.208243],[115.081813,30.212073],[115.063092,30.2101],[115.055425,30.215494],[115.029754,30.217434],[115.026512,30.220403],[115.025827,30.230135],[115.003478,30.234617]]]}},{"type":"Feature","properties":{"id":"cn:420203","name":"西塞山区","level":2},"geometry":{"type":"Polygon","coordinates":[[[115.010775,30.179994],[115.012702,30.186263],[115.028009,30.181269],[115.033101,30.183009],[115.046345,30.200682],[115.063092,30.2101],[115.081813,30.212073],[115.08621,30.207908],[115.092607,30.209844],[115.094071,30.212655],[115.090423,30.215505],[115.096245,30.221219],[115.120656,30.212358],[115.142033,30.210502],[115.173863,30.22237],[115.204158,30.216003],[115.210721,30.205322],[115.267546,30.153466],[115.250584,30.158457],[115.244776,30.148163],[115.25005,30.143128],[115.234608,30.144176],[115.219266,30.125031],[115.213816,30.13434],[115.195471,30.129126],[115.151486,30.139842],[115.149735,30.146049],[115.154587,30.154888],[115.154524,30.164458],[115.148463,30.189995],[115.121954,30.182928],[115.110962,30.189],[115.107955,30.185322],[115.097181,30.184881],[115.09059,30.17992],[115.077568,30.183512],[115.062455,30.163856],[115.056297,30.164963],[115.049518,30.173218],[115.026956,30.171972],[115.010775,30.179994]]]}},{"type":"Feature","properties":{"id":"cn:420204","name":"下陆区","level":2},"geometry":{"type":"Polygon","coordinates":[[[114.903264,30.181275],[114.907388,30.188343],[114.91716,30.188191],[114.925199,30.19405],[114.935239,30.214772],[114.94067,30.21509],[114.947537,30.207642],[114.953992,30.206066],[114.960216,30.208435],[114.961752,30.214351],[114.981452,30.222425],[114.99174,30.215203],[114.995467,30.221745],[115.005519,30.225108],[115.004788,30.230633],[115.000245,30.232335],[115.003478,30.234617],[115.025827,30.230135],[115.026512,30.220403],[115.029754,30.217434],[115.055425,30.215494],[115.063092,30.2101],[115.046345,30.200682],[115.033101,30.183009],[115.028009,30.181269],[115.012702,30.186263],[115.010775,30.179994],[115.014041,30.177022],[114.979017,30.177556],[114.979088,30.171698],[114.973273,30.166736],[114.961319,30.163176],[114.922786,30.164234],[114.903264,30.181275]]]}},{"type":"Feature","properties":{"id":"cn:420205","name":"铁山区","level":2},"geometry":{"type":"Polygon","coordinates":[[[114.851904,30.234961],[114.85581,30.243184],[114.862941,30.24415],[114.870317,30.238741],[114.927875,30.221738],[114.935239,30.214772],[114.925499,30.19443],[114.919549,30.189439],[114.897147,30.186241],[114.886664,30.198389],[114.870325,30.201733],[114.869237,30.205043],[114.873085,30.209614],[114.855614,30.222477],[114.851904,30.234961]]]}},{"type":"Feature","properties":{"id":"cn:420222","name":"阳新县","level":2},"geometry":{"type":"Polygon","coordinates":[[[114.707668,29.843242],[114.715332,29.883923],[114.721712,29.899381],[114.742667,29.896442],[114.749383,29.891732],[114.754026,29.882878],[114.763685,29.883259],[114.76755,29.890076],[114.798304,29.88269],[114.79936,29.877551],[114.820966,29.871176],[114.87429,29.861873],[114.890622,29.855496],[114.904131,29.854583],[114.929005,29.862372],[114.936902,29.869336],[114.9347,29.884766],[114.941102,29.893973],[114.937886,29.900659],[114.940592,29.922562],[114.968698,29.942431],[114.973039,29.964467],[115.011156,29.972872],[115.021595,29.971167],[115.030122,29.979982],[115.027279,29.981246],[115.026123,29.992552],[115.02936,29.99909],[115.04731,29.993292],[115.058708,30.005023],[115.067833,30.005572],[115.078724,30.017397],[115.07965,30.021797],[115.068757,30.026083],[115.040296,30.066151],[115.030886,30.093164],[115.035591,30.10259],[115.051433,30.106101],[115.071016,30.100916],[115.092162,30.099633],[115.110973,30.091914],[115.1329,30.092236],[115.144506,30.095721],[115.160949,30.10643],[115.169914,30.11803],[115.167935,30.124976],[115.171543,30.129876],[115.188035,30.132047],[115.195833,30.129103],[115.213816,30.13434],[115.216657,30.126022],[115.221159,30.125598],[115.234608,30.144176],[115.25005,30.143128],[115.244776,30.148163],[115.250584,30.158457],[115.267546,30.153466],[115.296137,30.119121],[115.308186,30.099223],[115.31658,30.077218],[115.318064,30.043507],[115.323959,30.031383],[115.356293,30.005324],[115.37967,29.967784],[115.403499,29.952686],[115.405513,29.944143],[115.401216,29.925894],[115.403194,29.919275],[115.428629,29.899776],[115.44336,29.871767],[115.454965,29.861799],[115.482665,29.847489],[115.506345,29.842844],[115.501201,29.82741],[115.5032,29.823107],[115.500546,29.824918],[115.482026,29.820342],[115.471163,29.809108],[115.468605,29.788772],[115.461155,29.768726],[115.465182,29.742224],[115.431172,29.719125],[115.414349,29.701958],[115.409088,29.694028],[115.408751,29.681192],[115.402931,29.680013],[115.396574,29.683641],[115.390291,29.676402],[115.385553,29.677006],[115.373137,29.669913],[115.357795,29.65592],[115.354434,29.648864],[115.34414,29.653186],[115.333907,29.651756],[115.323912,29.648618],[115.309554,29.637737],[115.300246,29.639778],[115.280629,29.621126],[115.272858,29.625995],[115.265614,29.625796],[115.257915,29.637614],[115.252022,29.639931],[115.254501,29.645122],[115.2691,29.651665],[115.26339,29.660029],[115.248103,29.660793],[115.227744,29.656399],[115.209107,29.660354],[115.171311,29.657266],[115.141042,29.664464],[115.116746,29.688566],[115.105773,29.685968],[115.100608,29.675962],[115.10362,29.665497],[115.115252,29.657104],[115.130995,29.656454],[115.13784,29.651075],[115.136286,29.643004],[115.126648,29.633949],[115.126886,29.621669],[115.130966,29.619144],[115.123372,29.609196],[115.12609,29.603988],[115.114714,29.598267],[115.128469,29.592429],[115.137058,29.597247],[115.157518,29.601154],[115.167205,29.594998],[115.167127,29.591582],[115.152431,29.587305],[115.152489,29.580083],[115.14809,29.578073],[115.152098,29.567063],[115.147162,29.552476],[115.147909,29.531397],[115.15211,29.517066],[115.148586,29.512839],[115.122303,29.511394],[115.095515,29.522955],[115.086612,29.521202],[115.082129,29.523446],[115.080939,29.528334],[115.087028,29.539408],[115.092445,29.540391],[115.090894,29.545706],[115.094114,29.552626],[115.082167,29.562427],[115.075072,29.558333],[115.064592,29.560013],[115.051882,29.553502],[115.041397,29.554371],[115.039146,29.551159],[115.034609,29.552317],[115.028979,29.548837],[115.018535,29.558042],[115.013697,29.557539],[115.007557,29.567047],[115.000467,29.568785],[114.995322,29.574743],[114.989197,29.565559],[114.975147,29.566992],[114.965505,29.555025],[114.942327,29.558119],[114.930817,29.564392],[114.932006,29.585485],[114.910653,29.588423],[114.904294,29.585737],[114.901156,29.588587],[114.901842,29.603069],[114.888276,29.617196],[114.886843,29.625612],[114.890732,29.643589],[114.880333,29.656847],[114.877477,29.677205],[114.86462,29.697923],[114.840333,29.701654],[114.840489,29.711536],[114.830602,29.735587],[114.807746,29.741521],[114.786052,29.741571],[114.784091,29.738138],[114.778058,29.738157],[114.751565,29.746918],[114.739942,29.743743],[114.719811,29.759857],[114.718232,29.766526],[114.731408,29.799903],[114.727988,29.812326],[114.729499,29.838917],[114.707668,29.843242]]]}},{"type":"Feature","properties":{"id":"cn:420281","name":"大冶市","level":2},"geometry":{"type":"Polygon","coordinates":[[[114.526248,29.969999],[114.536095,29.978146],[114.535635,29.981951],[114.528717,29.986764],[114.534438,29.992487],[114.529125,29.995162],[114.534794,30.005694],[114.539872,30.008255],[114.532936,30.017278],[114.534031,30.021943],[114.529177,30.024633],[114.530401,30.02896],[114.5431,30.023706],[114.544898,30.034229],[114.560627,30.03166],[114.55442,30.039548],[114.548647,30.040401],[114.542501,30.050861],[114.541139,30.065462],[114.554234,30.060331],[114.567288,30.050141],[114.562024,30.043407],[114.565305,30.037607],[114.579142,30.039447],[114.58711,30.051283],[114.59528,30.049698],[114.619095,30.05607],[114.634034,30.044399],[114.631802,30.040883],[114.636081,30.039776],[114.634351,30.028505],[114.63905,30.018234],[114.653426,30.022492],[114.660667,30.019204],[114.6697,30.025757],[114.682365,30.025016],[114.686233,30.039701],[114.679938,30.044947],[114.6836,30.049647],[114.692375,30.052812],[114.697898,30.042792],[114.704956,30.042429],[114.724907,30.05733],[114.726539,30.061713],[114.719665,30.066319],[114.714218,30.082537],[114.726692,30.092573],[114.737632,30.088768],[114.737724,30.091005],[114.726158,30.106964],[114.723907,30.122387],[114.712486,30.129089],[114.710319,30.138989],[114.698867,30.144622],[114.694259,30.15098],[114.699729,30.161608],[114.711272,30.165272],[114.706881,30.171603],[114.716849,30.17739],[114.71849,30.181485],[114.70848,30.187487],[114.697699,30.188543],[114.675451,30.205949],[114.671461,30.214382],[114.66078,30.22071],[114.659666,30.240717],[114.655607,30.252249],[114.657094,30.257145],[114.666624,30.259741],[114.669312,30.269798],[114.689558,30.280904],[114.690791,30.283618],[114.683835,30.292503],[114.689642,30.305558],[114.702777,30.321041],[114.716421,30.328761],[114.721204,30.327798],[114.722174,30.318059],[114.72809,30.312818],[114.728518,30.30573],[114.769091,30.293389],[114.781113,30.294653],[114.778871,30.306327],[114.782633,30.311538],[114.824932,30.314539],[114.832723,30.306749],[114.832337,30.291718],[114.843705,30.283943],[114.858178,30.283614],[114.865769,30.275393],[114.864514,30.269306],[114.855905,30.26242],[114.862941,30.24415],[114.85581,30.243184],[114.852058,30.236268],[114.855614,30.222477],[114.872871,30.209912],[114.869237,30.205043],[114.871996,30.200196],[114.886664,30.198389],[114.897147,30.186241],[114.907236,30.187975],[114.903298,30.180365],[114.922786,30.164234],[114.961319,30.163176],[114.973273,30.166736],[114.979088,30.171698],[114.979017,30.177556],[115.003582,30.178942],[115.026956,30.171972],[115.047209,30.173866],[115.053618,30.171191],[115.056297,30.164963],[115.062455,30.163856],[115.077568,30.183512],[115.09059,30.17992],[115.111965,30.189156],[115.123403,30.182984],[115.147269,30.190159],[115.149758,30.188966],[115.154524,30.164458],[115.154587,30.154888],[115.149735,30.146049],[115.150994,30.140404],[115.155493,30.137643],[115.164109,30.138268],[115.17772,30.131687],[115.168231,30.126706],[115.169914,30.11803],[115.160949,30.10643],[115.144506,30.095721],[115.1329,30.092236],[115.110973,30.091914],[115.092162,30.099633],[115.071016,30.100916],[115.051433,30.106101],[115.035591,30.10259],[115.030886,30.093164],[115.040296,30.066151],[115.068757,30.026083],[115.07965,30.021797],[115.078724,30.017397],[115.067833,30.005572],[115.058708,30.005023],[115.04731,29.993292],[115.02936,29.99909],[115.026123,29.992552],[115.027279,29.981246],[115.030122,29.979982],[115.021595,29.971167],[115.011156,29.972872],[114.973039,29.964467],[114.968698,29.942431],[114.940592,29.922562],[114.937886,29.900659],[114.941173,29.894487],[114.935054,29.88771],[114.935968,29.866704],[114.918815,29.857449],[114.890622,29.855496],[114.87429,29.861873],[114.820966,29.871176],[114.79936,29.877551],[114.798304,29.88269],[114.76755,29.890076],[114.763685,29.883259],[114.754026,29.882878],[114.749383,29.891732],[114.742667,29.896442],[114.721712,29.899381],[114.717633,29.896662],[114.698579,29.89579],[114.662945,29.906822],[114.660558,29.912974],[114.6431,29.914245],[114.599915,29.927938],[114.600549,29.937702],[114.59166,29.943018],[114.561261,29.937582],[114.555862,29.939407],[114.555627,29.946154],[114.55054,29.949092],[114.532996,29.942107],[114.535696,29.950917],[114.547927,29.956553],[114.542207,29.964728],[114.531729,29.96572],[114.526248,29.969999]]]}},{"type":"Feature","properties":{"id":"cn:4203","name":"十堰市","level":1},"geometry":{"type":"MultiPolygon","coordinates":[[[[110.989494,31.992024],[111.011464,31.970232],[111.008504,31.967408],[111.001401,31.968063],[111.010353,31.94582],[111.004336,31.941776],[110.999206,31.920611],[111.006834,31.917953],[111.010186,31.910718],[110.995112,31.897738],[110.999146,31.88867],[111.007223,31.888146],[111.011731,31.881698],[111.010823,31.861257],[111.02029,31.846994],[111.019319,31.841583],[111.010117,31.838677],[111.014056,31.833325],[110.996976,31.824756],[110.990592,31.830709],[110.990748,31.842598],[110.987907,31.846409],[110.996735,31.852443],[110.994264,31.865145],[110.988175,31.865564],[110.96633,31.848185],[110.961958,31.854884],[110.952033,31.86104],[110.949138,31.872882],[110.935868,31.879449],[110.910592,31.870651],[110.912253,31.861397],[110.894209,31.86904],[110.887329,31.877528],[110.873034,31.87652],[110.868726,31.872418],[110.875798,31.863722],[110.871615,31.863049],[110.86622,31.867696],[110.862152,31.865706],[110.868304,31.854972],[110.84876,31.851082],[110.811134,31.85871],[110.802211,31.855521],[110.793395,31.865323],[110.776947,31.866269],[110.779901,31.85],[110.775786,31.845546],[110.760165,31.842677],[110.758709,31.839076],[110.761577,31.834193],[110.757496,31.82975],[110.746506,31.842316],[110.703465,31.848024],[110.695748,31.854518],[110.679907,31.856282],[110.665082,31.862707],[110.659526,31.860069],[110.656392,31.84836],[110.651733,31.845382],[110.633989,31.850932],[110.623585,31.847784],[110.613371,31.851882],[110.602761,31.845584],[110.592863,31.850518],[110.577999,31.846832],[110.531826,31.852199],[110.526338,31.843359],[110.513783,31.840734],[110.510398,31.843469],[110.514398,31.850127],[110.513692,31.855956],[110.504173,31.858916],[110.477772,31.849424],[110.477317,31.845342],[110.484698,31.838982],[110.466846,31.83067],[110.468436,31.820496],[110.465895,31.815578],[110.457917,31.815314],[110.44579,31.807928],[110.4273,31.814204],[110.427195,31.81922],[110.423051,31.822377],[110.403783,31.821711],[110.390895,31.807042],[110.363942,31.803561],[110.363064,31.783695],[110.365623,31.77522],[110.359776,31.770455],[110.342201,31.764045],[110.278474,31.764796],[110.262485,31.752531],[110.244429,31.747838],[110.231703,31.738986],[110.228431,31.734882],[110.228536,31.71861],[110.212358,31.67742],[110.219046,31.676365],[110.230541,31.666818],[110.232189,31.65036],[110.22649,31.644229],[110.209455,31.63687],[110.200832,31.623117],[110.219452,31.614233],[110.229099,31.601254],[110.228442,31.592859],[110.216955,31.587551],[110.212709,31.571127],[110.197653,31.581021],[110.187318,31.582746],[110.170602,31.604349],[110.124289,31.605804],[110.093017,31.587992],[110.078683,31.573982],[110.059829,31.565833],[110.064801,31.551594],[110.060739,31.546805],[110.043508,31.539561],[110.036156,31.531382],[110.02015,31.521644],[109.999108,31.52615],[109.989742,31.523489],[109.977406,31.514695],[109.945332,31.508589],[109.940471,31.508951],[109.924577,31.522695],[109.885517,31.522978],[109.873424,31.53113],[109.861541,31.53363],[109.855386,31.545792],[109.844049,31.554045],[109.833138,31.557475],[109.817157,31.555917],[109.795074,31.54323],[109.783632,31.55257],[109.735238,31.548321],[109.722842,31.55044],[109.713945,31.559113],[109.722539,31.572863],[109.742321,31.580787],[109.739769,31.586267],[109.740603,31.600205],[109.759795,31.606043],[109.732426,31.630776],[109.737556,31.660535],[109.726913,31.675283],[109.726089,31.687274],[109.722877,31.690194],[109.729266,31.698649],[109.728111,31.701668],[109.704578,31.703258],[109.700603,31.708302],[109.691106,31.709244],[109.688277,31.719066],[109.679977,31.721738],[109.658302,31.718604],[109.640108,31.723134],[109.612269,31.713873],[109.580976,31.728981],[109.588805,31.739852],[109.60121,31.746049],[109.587964,31.754851],[109.589579,31.765969],[109.585142,31.779966],[109.58707,31.791192],[109.599769,31.806064],[109.614839,31.809012],[109.629083,31.806921],[109.633424,31.81333],[109.602756,31.883966],[109.582868,31.894771],[109.580204,31.902797],[109.589708,31.925695],[109.615854,31.930915],[109.625881,31.946247],[109.626488,31.964574],[109.623554,31.970539],[109.608276,31.992104],[109.59661,32.000003],[109.586184,32.015019],[109.582799,32.027633],[109.586185,32.05009],[109.610292,32.082604],[109.617531,32.105024],[109.604631,32.124366],[109.593529,32.132534],[109.584137,32.152203],[109.582331,32.163839],[109.585621,32.176526],[109.599518,32.201653],[109.599006,32.208053],[109.587939,32.221723],[109.569067,32.227608],[109.55727,32.224987],[109.545569,32.227176],[109.543842,32.236752],[109.523789,32.27261],[109.492227,32.298057],[109.490421,32.302588],[109.493121,32.309539],[109.505682,32.326855],[109.507818,32.334702],[109.505986,32.353665],[109.496515,32.374017],[109.49773,32.391002],[109.506532,32.401332],[109.521394,32.402213],[109.524692,32.408036],[109.521975,32.435685],[109.536723,32.446635],[109.542548,32.457111],[109.543329,32.471341],[109.547904,32.479485],[109.56076,32.483513],[109.571185,32.494113],[109.570881,32.508767],[109.573442,32.512734],[109.582713,32.518489],[109.613294,32.527122],[109.624969,32.53386],[109.631931,32.543445],[109.628519,32.554348],[109.615187,32.569789],[109.611133,32.583428],[109.614474,32.59543],[109.626966,32.602421],[109.721662,32.610472],[109.753106,32.592015],[109.812078,32.579623],[109.844553,32.58206],[109.87641,32.594328],[109.905698,32.595066],[109.919944,32.591072],[109.939891,32.579197],[109.956055,32.582574],[109.966194,32.579845],[109.990708,32.552952],[110.012549,32.54913],[110.023069,32.550534],[110.046342,32.560712],[110.078963,32.582791],[110.084553,32.59438],[110.079536,32.60663],[110.080065,32.615122],[110.084831,32.619125],[110.097244,32.621022],[110.118764,32.618774],[110.128147,32.614182],[110.148564,32.595185],[110.159936,32.595905],[110.179815,32.619496],[110.195604,32.6265],[110.201307,32.635106],[110.182696,32.648427],[110.173738,32.665401],[110.151914,32.68529],[110.14925,32.692101],[110.159371,32.732653],[110.15589,32.764644],[110.15161,32.770733],[110.134327,32.766896],[110.124605,32.773543],[110.122227,32.779674],[110.12569,32.790063],[110.136914,32.804757],[110.135621,32.810715],[110.117911,32.810856],[110.110885,32.824408],[110.099696,32.834417],[110.071254,32.847721],[110.046045,32.853845],[110.031373,32.86317],[110.02528,32.874112],[109.999263,32.875324],[109.986021,32.887943],[109.926403,32.88754],[109.908404,32.904385],[109.890469,32.906127],[109.878906,32.903951],[109.866994,32.913053],[109.858445,32.915601],[109.852167,32.91243],[109.842816,32.895442],[109.82252,32.892885],[109.803342,32.881042],[109.793861,32.879519],[109.784816,32.884586],[109.767875,32.905599],[109.759242,32.911325],[109.768043,32.937946],[109.770144,32.962289],[109.780303,32.989452],[109.785562,33.040133],[109.790831,33.060207],[109.786317,33.071772],[109.762949,33.076433],[109.756475,33.081763],[109.699148,33.103851],[109.689427,33.115509],[109.683037,33.118545],[109.661249,33.116814],[109.628359,33.120047],[109.609071,33.110583],[109.597074,33.110256],[109.587353,33.121673],[109.571328,33.112295],[109.555442,33.127667],[109.540313,33.130221],[109.517231,33.140576],[109.463369,33.142029],[109.433673,33.153779],[109.459585,33.174689],[109.476806,33.201989],[109.493187,33.2091],[109.500731,33.21871],[109.502111,33.232267],[109.509203,33.239567],[109.532484,33.245497],[109.552293,33.24238],[109.582787,33.231768],[109.595808,33.234415],[109.601963,33.238023],[109.601122,33.25954],[109.604316,33.268788],[109.615201,33.277337],[109.63133,33.277547],[109.64284,33.270067],[109.644837,33.253626],[109.647684,33.250722],[109.654255,33.25044],[109.67093,33.25776],[109.687952,33.256158],[109.696373,33.243089],[109.712797,33.235277],[109.727371,33.233143],[109.757823,33.237608],[109.79369,33.236244],[109.847067,33.249758],[109.924142,33.227403],[109.929237,33.222255],[109.963126,33.206821],[109.978125,33.207417],[109.994019,33.214443],[110.001164,33.213475],[110.007005,33.210408],[110.012779,33.201378],[110.025877,33.193676],[110.047127,33.195555],[110.072275,33.203709],[110.097622,33.20591],[110.125313,33.203342],[110.13744,33.208203],[110.159757,33.211009],[110.173702,33.199492],[110.179848,33.191501],[110.177491,33.190265],[110.180452,33.184828],[110.183536,33.187696],[110.189083,33.186806],[110.199253,33.180744],[110.213142,33.165019],[110.227205,33.160981],[110.24519,33.162068],[110.280372,33.172921],[110.30147,33.170674],[110.332512,33.16194],[110.329503,33.16546],[110.33563,33.169029],[110.331574,33.171742],[110.348597,33.174582],[110.356319,33.183366],[110.364756,33.184034],[110.366284,33.188247],[110.368017,33.184306],[110.372203,33.185532],[110.370302,33.181168],[110.366017,33.181644],[110.368625,33.177851],[110.384848,33.179246],[110.384246,33.177062],[110.390806,33.178572],[110.392062,33.176168],[110.392954,33.17878],[110.416927,33.171903],[110.445351,33.181244],[110.465749,33.17316],[110.46722,33.180975],[110.463102,33.182757],[110.472633,33.192502],[110.476453,33.192317],[110.47645,33.200763],[110.481826,33.199038],[110.480223,33.201077],[110.487496,33.203836],[110.503815,33.223307],[110.522639,33.232257],[110.52355,33.248544],[110.528577,33.254596],[110.535877,33.257491],[110.558872,33.256798],[110.572647,33.252483],[110.576685,33.24546],[110.579905,33.227428],[110.588871,33.209045],[110.591449,33.185039],[110.589105,33.170561],[110.596049,33.156492],[110.618723,33.14593],[110.645946,33.159502],[110.652309,33.156188],[110.66611,33.129873],[110.69722,33.09907],[110.705718,33.097619],[110.714625,33.10145],[110.712542,33.118822],[110.716682,33.127601],[110.722473,33.135725],[110.740156,33.148875],[110.760511,33.154277],[110.789723,33.151783],[110.803913,33.163595],[110.808743,33.154587],[110.814739,33.154667],[110.819493,33.161842],[110.812,33.179151],[110.815655,33.193482],[110.825215,33.204462],[110.851735,33.207788],[110.860044,33.216034],[110.876503,33.214024],[110.897718,33.206363],[110.908072,33.208152],[110.916321,33.205983],[110.93615,33.223888],[110.940614,33.230578],[110.937704,33.236839],[110.950868,33.243224],[110.955614,33.254613],[110.961672,33.258093],[110.979487,33.257249],[110.991112,33.241215],[111.005497,33.235871],[111.01228,33.223909],[111.020465,33.220492],[111.0267,33.211064],[111.045635,33.20234],[111.050721,33.194402],[111.050503,33.178632],[111.047525,33.173291],[111.032839,33.165826],[111.035189,33.158052],[111.048381,33.160432],[111.067619,33.181559],[111.078905,33.183368],[111.082758,33.180739],[111.080993,33.17367],[111.093197,33.173663],[111.100773,33.166077],[111.116838,33.157893],[111.125681,33.16239],[111.122307,33.155552],[111.126128,33.139434],[111.133321,33.136035],[111.140387,33.12549],[111.156648,33.125976],[111.173656,33.117228],[111.171157,33.102954],[111.185096,33.088528],[111.187987,33.080779],[111.187049,33.073437],[111.16193,33.065762],[111.14487,33.054958],[111.14237,33.044156],[111.147058,33.041478],[111.173977,33.045755],[111.183475,33.040487],[111.215856,33.044513],[111.234653,33.039071],[111.241501,33.03004],[111.241337,33.017865],[111.252986,33.008403],[111.26369,32.98977],[111.267821,32.973793],[111.261979,32.965698],[111.247308,32.957737],[111.23744,32.939019],[111.237022,32.932598],[111.244149,32.916206],[111.240574,32.890509],[111.244185,32.886205],[111.249098,32.886045],[111.267544,32.903478],[111.274297,32.90632],[111.280088,32.902963],[111.28487,32.894552],[111.284029,32.867058],[111.287683,32.861383],[111.310435,32.852756],[111.325304,32.843106],[111.352579,32.838888],[111.37395,32.830688],[111.390018,32.796415],[111.399552,32.784395],[111.398035,32.777513],[111.404107,32.771234],[111.407434,32.759044],[111.416826,32.75289],[111.438868,32.753824],[111.442141,32.763408],[111.456583,32.765745],[111.455179,32.774911],[111.458079,32.775607],[111.468484,32.758737],[111.463144,32.754766],[111.462931,32.740603],[111.454302,32.729054],[111.445886,32.731612],[111.43744,32.738916],[111.433451,32.73615],[111.43722,32.728547],[111.423166,32.737883],[111.419771,32.737603],[111.419359,32.734568],[111.435007,32.724733],[111.455561,32.725251],[111.459345,32.720605],[111.4666,32.719784],[111.466173,32.713021],[111.461824,32.70936],[111.470553,32.70406],[111.473857,32.696716],[111.505147,32.678403],[111.520711,32.656371],[111.518932,32.649484],[111.5244,32.630537],[111.553332,32.603389],[111.566727,32.596442],[111.577273,32.598854],[111.579427,32.58015],[111.572981,32.566496],[111.550597,32.542707],[111.549977,32.535443],[111.536319,32.51742],[111.533511,32.501589],[111.52736,32.493279],[111.520325,32.500208],[111.513605,32.494542],[111.501652,32.491261],[111.493428,32.477696],[111.484028,32.479897],[111.476231,32.472],[111.467166,32.471739],[111.47404,32.464208],[111.478878,32.451703],[111.46066,32.43381],[111.435312,32.427543],[111.410929,32.412352],[111.401996,32.412472],[111.389331,32.424216],[111.376224,32.43023],[111.372465,32.427663],[111.375035,32.421284],[111.369271,32.410447],[111.348898,32.398731],[111.319601,32.387811],[111.310851,32.377845],[111.310236,32.367352],[111.30415,32.360124],[111.297995,32.355919],[111.260304,32.34647],[111.229628,32.323831],[111.223795,32.308091],[111.230746,32.300524],[111.20524,32.276285],[111.218875,32.26809],[111.226763,32.271864],[111.235332,32.270432],[111.230815,32.256959],[111.231684,32.243034],[111.243014,32.237067],[111.251402,32.221358],[111.248672,32.207088],[111.225982,32.166007],[111.203742,32.143712],[111.164255,32.121386],[111.152867,32.119203],[111.139201,32.123637],[111.131861,32.119685],[111.122447,32.108161],[111.115641,32.110212],[111.1104,32.101785],[111.100375,32.098855],[111.085444,32.087846],[111.076697,32.09352],[111.07407,32.099265],[111.058143,32.0865],[111.052691,32.073883],[111.050889,32.063793],[111.067171,32.070349],[111.077601,32.065655],[111.071436,32.04886],[111.065774,32.046067],[111.06368,32.032384],[111.07573,32.026567],[111.073616,32.018739],[111.068096,32.017656],[111.065461,32.009319],[111.059606,32.011206],[111.052731,32.005466],[111.052826,31.995255],[111.049753,31.992342],[111.054388,31.99165],[111.052358,31.987848],[111.059655,31.983056],[111.068617,31.997271],[111.07997,31.993167],[111.083815,31.984424],[111.079757,31.981761],[111.079489,31.97312],[111.092892,31.964914],[111.09945,31.950886],[111.088326,31.94561],[111.068089,31.968724],[111.059357,31.961712],[111.057569,31.972888],[111.047268,31.987341],[111.043571,32.006289],[111.036,32.014786],[111.013406,32.015854],[111.000812,32.011743],[111.0014,32.001225],[110.993517,31.998746],[110.989494,31.992024]],[[110.987133,31.922606],[110.987419,31.936126],[110.99113,31.940039],[110.989405,31.94465],[110.969163,31.944587],[110.97873,31.936693],[110.983028,31.92248],[110.987133,31.922606]],[[111.028163,33.179776],[111.032322,33.187019],[111.027473,33.190523],[111.010055,33.174736],[111.028163,33.179776]]],[[[111.078677,32.002991],[111.084472,32.02135],[111.095035,32.028435],[111.095614,32.036724],[111.105436,32.0504],[111.120845,32.039092],[111.126223,32.041267],[111.131465,32.049417],[111.137859,32.048788],[111.144664,32.037956],[111.137538,32.032447],[111.116903,32.030441],[111.113259,32.027342],[111.117037,32.021746],[111.10646,32.014214],[111.095918,32.014245],[111.093409,32.004444],[111.078677,32.002991]]]]}},{"type":"Feature","properties":{"id":"cn:420302","name":"茅箭区","level":2},"geometry":{"type":"MultiPolygon","coordinates":[[[[110.582617,32.471286],[110.592393,32.48821],[110.607335,32.494214],[110.61077,32.51689],[110.624127,32.521374],[110.629048,32.530404],[110.638451,32.531333],[110.651981,32.526171],[110.659413,32.53057],[110.66464,32.545668],[110.693182,32.55255],[110.696473,32.557163],[110.703859,32.559434],[110.706948,32.568311],[110.717575,32.568287],[110.719459,32.573861],[110.730328,32.575687],[110.739155,32.59005],[110.746791,32.596183],[110.75836,32.59622],[110.761859,32.603405],[110.753667,32.601386],[110.753739,32.610078],[110.758036,32.61428],[110.761342,32.62611],[110.767351,32.630678],[110.767225,32.638749],[110.771392,32.642396],[110.768469,32.647034],[110.774197,32.650683],[110.774611,32.656663],[110.794035,32.655161],[110.792062,32.648705],[110.795063,32.649466],[110.8012,32.640635],[110.80475,32.639957],[110.804291,32.632293],[110.81233,32.62713],[110.81329,32.623043],[110.820065,32.621499],[110.824266,32.622488],[110.826091,32.627899],[110.830195,32.625836],[110.829587,32.63052],[110.835248,32.629183],[110.83617,32.634811],[110.84633,32.640063],[110.854932,32.663612],[110.871542,32.645027],[110.876204,32.630442],[110.882696,32.629096],[110.887285,32.633799],[110.909773,32.617369],[110.922197,32.617458],[110.922751,32.613707],[110.915866,32.61235],[110.918495,32.608857],[110.943363,32.601578],[110.940648,32.593107],[110.932887,32.595406],[110.927413,32.590024],[110.93259,32.584875],[110.932796,32.570373],[110.927126,32.570043],[110.922936,32.556844],[110.911148,32.555847],[110.922229,32.537579],[110.924507,32.518919],[110.920637,32.510527],[110.912907,32.507028],[110.913246,32.499848],[110.899583,32.467176],[110.887361,32.457766],[110.865238,32.44823],[110.863229,32.437505],[110.85418,32.434821],[110.838822,32.419529],[110.827195,32.417564],[110.819787,32.409228],[110.81141,32.40984],[110.801338,32.421287],[110.787826,32.421741],[110.783058,32.428927],[110.75862,32.433258],[110.755607,32.425017],[110.739894,32.414469],[110.728953,32.39989],[110.712245,32.394956],[110.699876,32.427271],[110.691072,32.440832],[110.682428,32.44235],[110.670452,32.453686],[110.661327,32.456464],[110.651717,32.446648],[110.651617,32.443072],[110.641739,32.441385],[110.63662,32.445176],[110.621109,32.435536],[110.607467,32.43734],[110.603485,32.440107],[110.608375,32.447547],[110.607849,32.45213],[110.596969,32.454111],[110.593612,32.462836],[110.582617,32.471286]]],[[[110.764118,32.6814],[110.771499,32.686258],[110.777872,32.676843],[110.775179,32.6708],[110.770447,32.667784],[110.765646,32.669231],[110.764118,32.6814]]]]}},{"type":"Feature","properties":{"id":"cn:420303","name":"张湾区","level":2},"geometry":{"type":"Polygon","coordinates":[[[110.442536,32.658073],[110.463487,32.677192],[110.465875,32.690773],[110.461892,32.698581],[110.46319,32.706828],[110.457505,32.718704],[110.470132,32.729461],[110.477952,32.745907],[110.491395,32.756782],[110.504144,32.756699],[110.518907,32.747559],[110.565699,32.746033],[110.572413,32.747575],[110.576602,32.767163],[110.588854,32.759225],[110.622348,32.755651],[110.636348,32.745233],[110.646794,32.744],[110.661587,32.748718],[110.680524,32.716562],[110.69325,32.711418],[110.698141,32.714269],[110.703534,32.724229],[110.707815,32.72542],[110.718862,32.725042],[110.738287,32.716715],[110.742628,32.71842],[110.757641,32.741182],[110.769268,32.74727],[110.765232,32.754104],[110.767116,32.765625],[110.773243,32.770649],[110.778645,32.766266],[110.786236,32.750591],[110.800686,32.75168],[110.807294,32.731239],[110.822911,32.722461],[110.824757,32.711968],[110.835424,32.691342],[110.845091,32.687224],[110.845506,32.681085],[110.839695,32.67536],[110.85172,32.678997],[110.848971,32.672779],[110.855821,32.674784],[110.856776,32.672224],[110.846529,32.640337],[110.83617,32.634811],[110.835248,32.629183],[110.829587,32.63052],[110.830195,32.625836],[110.826091,32.627899],[110.820996,32.62163],[110.81329,32.623043],[110.81233,32.62713],[110.804291,32.632293],[110.80475,32.639957],[110.8012,32.640635],[110.795063,32.649466],[110.792062,32.648705],[110.794035,32.655161],[110.791757,32.656897],[110.785382,32.654516],[110.774611,32.656663],[110.774197,32.650683],[110.768469,32.647034],[110.771392,32.642396],[110.767225,32.638749],[110.767351,32.630678],[110.761342,32.62611],[110.758036,32.61428],[110.753739,32.610078],[110.753667,32.601386],[110.761859,32.603405],[110.75836,32.59622],[110.746791,32.596183],[110.739155,32.59005],[110.730328,32.575687],[110.719459,32.573861],[110.717575,32.568287],[110.706948,32.568311],[110.703859,32.559434],[110.696473,32.557163],[110.693182,32.55255],[110.66464,32.545668],[110.659413,32.53057],[110.651981,32.526171],[110.638451,32.531333],[110.629048,32.530404],[110.624127,32.521374],[110.61077,32.51689],[110.607335,32.494214],[110.592393,32.48821],[110.588301,32.482063],[110.578726,32.486636],[110.573378,32.48494],[110.562773,32.493247],[110.567572,32.502425],[110.566068,32.504999],[110.553022,32.510942],[110.5479,32.507037],[110.530757,32.51945],[110.529621,32.525983],[110.541257,32.525253],[110.532694,32.534432],[110.535498,32.536309],[110.549578,32.533302],[110.550523,32.542],[110.532391,32.548824],[110.525865,32.546257],[110.514501,32.566662],[110.501294,32.561818],[110.494432,32.566504],[110.502909,32.572413],[110.498922,32.577935],[110.505744,32.582374],[110.532075,32.584069],[110.532903,32.578485],[110.53979,32.577786],[110.540951,32.58874],[110.53732,32.600716],[110.543849,32.613416],[110.541309,32.629652],[110.529598,32.629961],[110.523517,32.63817],[110.509639,32.640662],[110.484896,32.629526],[110.464381,32.631164],[110.457827,32.646986],[110.442865,32.64804],[110.442536,32.658073]],[[110.770447,32.667784],[110.777702,32.677248],[110.770087,32.686828],[110.764118,32.6814],[110.765334,32.669852],[110.770447,32.667784]]]}},{"type":"Feature","properties":{"id":"cn:420304","name":"郧阳区","level":2},"geometry":{"type":"Polygon","coordinates":[[[110.123147,32.784737],[110.136914,32.804757],[110.135621,32.810715],[110.156026,32.814606],[110.191757,32.809791],[110.209201,32.813223],[110.244414,32.804299],[110.265143,32.787193],[110.268703,32.787228],[110.306854,32.798871],[110.31286,32.816229],[110.348329,32.830093],[110.369399,32.852052],[110.383111,32.849876],[110.385252,32.859244],[110.39194,32.863346],[110.399746,32.860173],[110.403636,32.851981],[110.389794,32.823987],[110.395906,32.822027],[110.410297,32.824311],[110.409758,32.829548],[110.417693,32.830292],[110.42253,32.836274],[110.420829,32.85172],[110.427137,32.866988],[110.441855,32.853739],[110.441397,32.851327],[110.433723,32.851797],[110.441191,32.844049],[110.446921,32.848268],[110.454642,32.866644],[110.4579,32.866767],[110.470458,32.848622],[110.480841,32.84973],[110.482872,32.830416],[110.479792,32.824888],[110.49327,32.810399],[110.512942,32.809025],[110.549965,32.827155],[110.553056,32.832636],[110.54638,32.839328],[110.54892,32.854402],[110.546509,32.868101],[110.556015,32.869605],[110.561897,32.877975],[110.561051,32.865366],[110.567498,32.866514],[110.576104,32.873461],[110.582154,32.870714],[110.578508,32.863206],[110.580278,32.85885],[110.585641,32.860347],[110.587464,32.864591],[110.596421,32.865907],[110.589547,32.874955],[110.593125,32.885168],[110.581482,32.898285],[110.584992,32.906421],[110.596894,32.90041],[110.619111,32.900597],[110.619592,32.893897],[110.626993,32.899063],[110.621606,32.908392],[110.624443,32.914633],[110.618965,32.935613],[110.627259,32.934292],[110.630227,32.944959],[110.623017,32.951314],[110.622185,32.959055],[110.625237,32.965241],[110.638551,32.968977],[110.641267,32.973214],[110.624565,32.98376],[110.609559,32.986669],[110.608666,32.990617],[110.616211,32.992057],[110.61776,32.998418],[110.623976,33.000529],[110.610991,33.011965],[110.596746,33.016654],[110.588773,33.02532],[110.588461,33.03053],[110.595854,33.027867],[110.598112,33.030148],[110.598557,33.054639],[110.602211,33.060662],[110.618227,33.073798],[110.63551,33.080766],[110.655901,33.104057],[110.670033,33.125823],[110.69722,33.09907],[110.705718,33.097619],[110.714625,33.10145],[110.712542,33.118822],[110.716682,33.127601],[110.722473,33.135725],[110.740156,33.148875],[110.760511,33.154277],[110.789723,33.151783],[110.803913,33.163595],[110.809352,33.154244],[110.816723,33.156484],[110.819493,33.161842],[110.812,33.179151],[110.815655,33.193482],[110.825215,33.204462],[110.851735,33.207788],[110.860044,33.216034],[110.876503,33.214024],[110.897718,33.206363],[110.908072,33.208152],[110.916321,33.205983],[110.93615,33.223888],[110.940614,33.230578],[110.937704,33.236839],[110.950868,33.243224],[110.955614,33.254613],[110.961672,33.258093],[110.979487,33.257249],[110.991112,33.241215],[111.005497,33.235871],[111.01228,33.223909],[111.020465,33.220492],[111.0267,33.211064],[111.045635,33.20234],[111.050721,33.194402],[111.050503,33.178632],[111.047525,33.173291],[111.032839,33.165826],[111.035189,33.158052],[111.048381,33.160432],[111.067619,33.181559],[111.078905,33.183368],[111.082758,33.180739],[111.080993,33.17367],[111.093197,33.173663],[111.100773,33.166077],[111.116838,33.157893],[111.125681,33.16239],[111.122307,33.155552],[111.126128,33.139434],[111.133321,33.136035],[111.140387,33.12549],[111.156648,33.125976],[111.173656,33.117228],[111.171157,33.102954],[111.185096,33.088528],[111.187987,33.080779],[111.187049,33.073437],[111.16193,33.065762],[111.14487,33.054958],[111.14237,33.044156],[111.147058,33.041478],[111.173977,33.045755],[111.183475,33.040487],[111.215856,33.044513],[111.234653,33.039071],[111.241501,33.03004],[111.241337,33.017865],[111.258038,33.000228],[111.267821,32.973793],[111.261979,32.965698],[111.247308,32.957737],[111.243264,32.96936],[111.232031,32.972179],[111.226658,32.968212],[111.22099,32.95233],[111.216857,32.926849],[111.195312,32.914635],[111.166295,32.908949],[111.123959,32.875574],[111.115774,32.84266],[111.099533,32.826596],[111.087519,32.805761],[111.085401,32.796236],[111.087493,32.782536],[111.097345,32.764661],[111.09084,32.760348],[111.071217,32.757864],[111.046421,32.767693],[111.020634,32.765834],[110.998331,32.75852],[110.99412,32.750848],[110.988909,32.748844],[110.991759,32.738812],[110.976962,32.734826],[110.976252,32.740195],[110.969759,32.743937],[110.970393,32.749625],[110.965588,32.746921],[110.965638,32.741448],[110.954976,32.744712],[110.965004,32.73615],[110.963749,32.732263],[110.960326,32.737211],[110.953087,32.738203],[110.957688,32.731118],[110.953425,32.729342],[110.951075,32.723183],[110.944983,32.722373],[110.950156,32.716755],[110.945146,32.715784],[110.944501,32.705612],[110.95197,32.701185],[110.945999,32.699703],[110.947387,32.692591],[110.937228,32.689305],[110.939377,32.681433],[110.937217,32.678279],[110.927863,32.674938],[110.926025,32.679454],[110.923613,32.678787],[110.924636,32.670887],[110.921936,32.661311],[110.918855,32.659953],[110.925746,32.650661],[110.941542,32.650734],[110.936336,32.638897],[110.930645,32.639441],[110.917449,32.649287],[110.909271,32.650369],[110.90787,32.647608],[110.914612,32.643623],[110.90562,32.640711],[110.907609,32.631065],[110.899108,32.637133],[110.887285,32.633799],[110.882696,32.629096],[110.874587,32.631714],[110.871542,32.645027],[110.854514,32.664023],[110.856621,32.67414],[110.848971,32.672779],[110.85172,32.678997],[110.839141,32.676083],[110.845506,32.681085],[110.845091,32.687224],[110.835424,32.691342],[110.824757,32.711968],[110.822911,32.722461],[110.807294,32.731239],[110.800686,32.75168],[110.786236,32.750591],[110.778645,32.766266],[110.773243,32.770649],[110.767116,32.765625],[110.765232,32.754104],[110.769268,32.74727],[110.757641,32.741182],[110.742628,32.71842],[110.738287,32.716715],[110.718862,32.725042],[110.707815,32.72542],[110.703534,32.724229],[110.698141,32.714269],[110.69325,32.711418],[110.680524,32.716562],[110.661587,32.748718],[110.646794,32.744],[110.636348,32.745233],[110.622348,32.755651],[110.588854,32.759225],[110.576602,32.767163],[110.572413,32.747575],[110.565699,32.746033],[110.518907,32.747559],[110.504144,32.756699],[110.492478,32.757581],[110.477952,32.745907],[110.470132,32.729461],[110.457505,32.718704],[110.46319,32.706828],[110.461892,32.698581],[110.465875,32.690773],[110.463487,32.677192],[110.443689,32.660357],[110.442865,32.64804],[110.457827,32.646986],[110.46229,32.641426],[110.463366,32.63196],[110.467562,32.630295],[110.486323,32.629866],[110.509639,32.640662],[110.523517,32.63817],[110.529598,32.629961],[110.541309,32.629652],[110.543849,32.613416],[110.53732,32.600716],[110.540951,32.58874],[110.53979,32.577786],[110.532903,32.578485],[110.532075,32.584069],[110.505744,32.582374],[110.498922,32.577935],[110.502909,32.572413],[110.494432,32.566504],[110.501294,32.561818],[110.514501,32.566662],[110.525865,32.546257],[110.532391,32.548824],[110.550523,32.542],[110.549578,32.533302],[110.535498,32.536309],[110.532694,32.534432],[110.540579,32.523995],[110.530304,32.526339],[110.529221,32.522568],[110.5479,32.507037],[110.494225,32.491201],[110.485457,32.485067],[110.47557,32.461507],[110.466092,32.451233],[110.421604,32.434515],[110.366916,32.433362],[110.352949,32.438562],[110.345605,32.457414],[110.337489,32.465943],[110.337741,32.511758],[110.329042,32.521645],[110.321429,32.522396],[110.307523,32.515912],[110.293122,32.516974],[110.276125,32.523015],[110.246178,32.553045],[110.237878,32.557898],[110.230257,32.558874],[110.221681,32.555473],[110.207158,32.542778],[110.197227,32.53958],[110.178894,32.544655],[110.175057,32.554416],[110.20379,32.589429],[110.206776,32.597973],[110.20241,32.607492],[110.179815,32.619496],[110.195604,32.6265],[110.201307,32.635106],[110.182696,32.648427],[110.173738,32.665401],[110.151914,32.68529],[110.14925,32.692101],[110.157106,32.717942],[110.158981,32.752803],[110.15438,32.769192],[110.147252,32.770858],[110.134327,32.766896],[110.124605,32.773543],[110.123147,32.784737]],[[111.023983,33.176656],[111.032221,33.18797],[111.026371,33.190392],[111.010055,33.174736],[111.023983,33.176656]]]}},{"type":"Feature","properties":{"id":"cn:420322","name":"郧西县","level":2},"geometry":{"type":"Polygon","coordinates":[[[109.433673,33.153779],[109.459585,33.174689],[109.476806,33.201989],[109.493187,33.2091],[109.500731,33.21871],[109.502111,33.232267],[109.509203,33.239567],[109.532484,33.245497],[109.552293,33.24238],[109.582787,33.231768],[109.595808,33.234415],[109.601963,33.238023],[109.602502,33.266221],[109.615201,33.277337],[109.63133,33.277547],[109.64284,33.270067],[109.644837,33.253626],[109.647684,33.250722],[109.654255,33.25044],[109.67093,33.25776],[109.687952,33.256158],[109.696373,33.243089],[109.712797,33.235277],[109.727371,33.233143],[109.757823,33.237608],[109.79369,33.236244],[109.847067,33.249758],[109.924142,33.227403],[109.929237,33.222255],[109.963126,33.206821],[109.978125,33.207417],[109.994019,33.214443],[110.001164,33.213475],[110.007005,33.210408],[110.012779,33.201378],[110.025877,33.193676],[110.047127,33.195555],[110.072275,33.203709],[110.097622,33.20591],[110.125313,33.203342],[110.13744,33.208203],[110.159757,33.211009],[110.173702,33.199492],[110.179848,33.191501],[110.177491,33.190265],[110.180452,33.184828],[110.183536,33.187696],[110.189083,33.186806],[110.199253,33.180744],[110.213142,33.165019],[110.227205,33.160981],[110.24519,33.162068],[110.280372,33.172921],[110.30147,33.170674],[110.332512,33.16194],[110.329503,33.16546],[110.33563,33.169029],[110.331574,33.171742],[110.348597,33.174582],[110.356319,33.183366],[110.364756,33.184034],[110.366284,33.188247],[110.368017,33.184306],[110.372203,33.185532],[110.370302,33.181168],[110.366017,33.181644],[110.368625,33.177851],[110.384848,33.179246],[110.384246,33.177062],[110.390806,33.178572],[110.392062,33.176168],[110.392954,33.17878],[110.416927,33.171903],[110.445351,33.181244],[110.465749,33.17316],[110.46722,33.180975],[110.463102,33.182757],[110.472633,33.192502],[110.476453,33.192317],[110.47637,33.200673],[110.481826,33.199038],[110.480223,33.201077],[110.487496,33.203836],[110.503815,33.223307],[110.522639,33.232257],[110.52355,33.248544],[110.535877,33.257491],[110.558872,33.256798],[110.572647,33.252483],[110.588871,33.209045],[110.591449,33.185039],[110.589105,33.170561],[110.596049,33.156492],[110.618723,33.14593],[110.645946,33.159502],[110.652309,33.156188],[110.670033,33.125823],[110.655901,33.104057],[110.63551,33.080766],[110.618227,33.073798],[110.602211,33.060662],[110.598557,33.054639],[110.598112,33.030148],[110.595854,33.027867],[110.587705,33.029674],[110.596746,33.016654],[110.610991,33.011965],[110.623976,33.000529],[110.61776,32.998418],[110.616211,32.992057],[110.608666,32.990617],[110.609559,32.986669],[110.624565,32.98376],[110.641267,32.973214],[110.638551,32.968977],[110.625237,32.965241],[110.622185,32.959055],[110.623017,32.951314],[110.630227,32.944959],[110.627259,32.934292],[110.618965,32.935613],[110.624443,32.914633],[110.621606,32.908392],[110.626993,32.899063],[110.619592,32.893897],[110.619111,32.900597],[110.596894,32.90041],[110.58751,32.907051],[110.582086,32.9],[110.593125,32.885168],[110.589341,32.876623],[110.595476,32.864653],[110.587464,32.864591],[110.585641,32.860347],[110.580278,32.85885],[110.578508,32.863206],[110.582154,32.870714],[110.576104,32.873461],[110.567498,32.866514],[110.561051,32.865366],[110.560067,32.877626],[110.556015,32.869605],[110.546509,32.868101],[110.54892,32.854402],[110.54638,32.839328],[110.553056,32.832636],[110.552651,32.829425],[110.508155,32.808011],[110.49327,32.810399],[110.483606,32.818575],[110.479792,32.824888],[110.482872,32.830416],[110.480841,32.84973],[110.470458,32.848622],[110.4579,32.866767],[110.452063,32.865377],[110.446921,32.848268],[110.441191,32.844049],[110.433723,32.851797],[110.441397,32.851327],[110.441855,32.853739],[110.427137,32.866988],[110.424696,32.866068],[110.420829,32.85172],[110.423339,32.843889],[110.420523,32.832766],[110.410368,32.830076],[110.410297,32.824311],[110.391985,32.822546],[110.389649,32.826447],[110.400708,32.842044],[110.403636,32.851981],[110.399746,32.860173],[110.39194,32.863346],[110.385252,32.859244],[110.383111,32.849876],[110.369399,32.852052],[110.348329,32.830093],[110.31286,32.816229],[110.306854,32.798871],[110.265143,32.787193],[110.244414,32.804299],[110.217286,32.811975],[110.191757,32.809791],[110.156026,32.814606],[110.121143,32.809643],[110.115424,32.812939],[110.110885,32.824408],[110.099696,32.834417],[110.071254,32.847721],[110.046045,32.853845],[110.031373,32.86317],[110.02528,32.874112],[109.999263,32.875324],[109.98369,32.888285],[109.926403,32.88754],[109.908404,32.904385],[109.890469,32.906127],[109.878906,32.903951],[109.861554,32.915197],[109.853689,32.914264],[109.842816,32.895442],[109.817639,32.891144],[109.799984,32.879675],[109.790597,32.880856],[109.759242,32.911325],[109.768043,32.937946],[109.770144,32.962289],[109.780303,32.989452],[109.785562,33.040133],[109.790831,33.060207],[109.786317,33.071772],[109.762949,33.076433],[109.756475,33.081763],[109.699148,33.103851],[109.689427,33.115509],[109.683037,33.118545],[109.661249,33.116814],[109.628359,33.120047],[109.609071,33.110583],[109.597074,33.110256],[109.587353,33.121673],[109.571328,33.112295],[109.555442,33.127667],[109.540313,33.130221],[109.517231,33.140576],[109.463369,33.142029],[109.433673,33.153779]]]}},{"type":"Feature","properties":{"id":"cn:420323","name":"竹山县","level":2},"geometry":{"type":"MultiPolygon","coordinates":[[[[109.570881,32.508767],[109.582713,32.518489],[109.613294,32.527122],[109.624969,32.53386],[109.631931,32.543445],[109.628519,32.554348],[109.615187,32.569789],[109.611133,32.583428],[109.614474,32.59543],[109.626966,32.602421],[109.721662,32.610472],[109.753106,32.592015],[109.812078,32.579623],[109.844553,32.58206],[109.87641,32.594328],[109.905698,32.595066],[109.919944,32.591072],[109.939891,32.579197],[109.956055,32.582574],[109.966194,32.579845],[109.990708,32.552952],[110.012549,32.54913],[110.023069,32.550534],[110.046342,32.560712],[110.078963,32.582791],[110.084553,32.59438],[110.079536,32.60663],[110.080065,32.615122],[110.084831,32.619125],[110.097244,32.621022],[110.118764,32.618774],[110.128147,32.614182],[110.148564,32.595185],[110.159936,32.595905],[110.179815,32.619496],[110.20241,32.607492],[110.206776,32.597973],[110.20379,32.589429],[110.175057,32.554416],[110.178894,32.544655],[110.197227,32.53958],[110.207158,32.542778],[110.221681,32.555473],[110.230257,32.558874],[110.237878,32.557898],[110.246178,32.553045],[110.276125,32.523015],[110.293122,32.516974],[110.307523,32.515912],[110.321429,32.522396],[110.335414,32.517206],[110.339372,32.493928],[110.337489,32.465943],[110.332289,32.449799],[110.339659,32.429803],[110.385111,32.404433],[110.391569,32.396322],[110.397655,32.373549],[110.41459,32.356692],[110.402376,32.34004],[110.386525,32.331629],[110.368114,32.315672],[110.361366,32.315897],[110.352314,32.321295],[110.346889,32.319185],[110.348016,32.314381],[110.358517,32.311679],[110.361337,32.306872],[110.351752,32.294949],[110.35011,32.285705],[110.337489,32.27287],[110.334712,32.260901],[110.338297,32.249301],[110.341335,32.247072],[110.348262,32.25066],[110.36137,32.264223],[110.37472,32.261072],[110.380267,32.24901],[110.380268,32.242834],[110.37486,32.238463],[110.375893,32.232806],[110.388453,32.217161],[110.416336,32.215232],[110.396283,32.198546],[110.394843,32.192335],[110.401857,32.18355],[110.401162,32.179874],[110.378375,32.173437],[110.372143,32.165289],[110.373601,32.152266],[110.371041,32.147633],[110.352664,32.148383],[110.347898,32.144845],[110.346293,32.135648],[110.352421,32.129141],[110.350755,32.105235],[110.3301,32.057781],[110.307894,32.042744],[110.292452,32.041498],[110.278198,32.034369],[110.271635,32.03545],[110.260559,32.051036],[110.251835,32.055485],[110.208745,32.069716],[110.20016,32.068976],[110.183181,32.041961],[110.182243,32.021392],[110.177582,32.010795],[110.161766,32.000003],[110.152347,31.997585],[110.138154,31.978193],[110.135558,31.96056],[110.150298,31.951079],[110.157416,31.935227],[110.173502,31.928024],[110.164951,31.906991],[110.175906,31.870486],[110.174994,31.859262],[110.171157,31.852642],[110.160602,31.846059],[110.134743,31.843917],[110.12094,31.834143],[110.107719,31.831469],[110.102034,31.826687],[110.092951,31.805838],[110.082968,31.802847],[110.069538,31.806932],[110.066185,31.796155],[110.055478,31.785664],[110.054556,31.769953],[110.047054,31.763372],[110.044539,31.751748],[110.075447,31.744353],[110.071671,31.739708],[110.071313,31.732554],[110.066819,31.728688],[110.076816,31.711545],[110.07936,31.694798],[110.071287,31.662756],[110.072485,31.646476],[110.064855,31.632992],[110.060653,31.611927],[110.049463,31.590898],[110.041764,31.567785],[110.059829,31.565833],[110.064801,31.551594],[110.02015,31.521644],[109.999108,31.52615],[109.989742,31.523489],[109.977406,31.514695],[109.942633,31.508508],[109.928743,31.521211],[109.917045,31.526555],[109.915403,31.53399],[109.919212,31.547259],[109.938431,31.566215],[109.931503,31.572434],[109.919169,31.573177],[109.914362,31.576863],[109.904406,31.611519],[109.922763,31.626339],[109.920679,31.636432],[109.924551,31.650627],[109.932936,31.659989],[109.944933,31.684232],[109.956374,31.695536],[109.971819,31.700383],[109.959189,31.706119],[109.952165,31.718243],[109.944004,31.723084],[109.880832,31.717829],[109.876019,31.720185],[109.892053,31.735172],[109.906957,31.73738],[109.911966,31.748161],[109.961876,31.761913],[109.984573,31.785774],[109.992912,31.788843],[109.99595,31.797926],[110.011149,31.805377],[110.003331,31.809358],[109.98667,31.829072],[109.97109,31.840508],[109.972129,31.847491],[109.983321,31.854083],[109.988476,31.865637],[109.999736,31.866776],[110.001457,31.870368],[110.000847,31.876773],[109.993281,31.881852],[109.987977,31.890411],[109.988031,31.89786],[109.995609,31.904213],[109.994858,31.908786],[109.975707,31.908483],[109.954312,31.899376],[109.924269,31.898952],[109.918802,31.903525],[109.918146,31.919107],[109.914745,31.925678],[109.922621,31.929999],[109.927655,31.945371],[109.946965,31.959694],[109.952191,31.974339],[109.971461,31.991895],[109.974301,32.000002],[110.001071,32.017512],[109.994196,32.037501],[109.997764,32.04354],[110.022148,32.056272],[110.03845,32.07751],[110.051873,32.079439],[110.071769,32.097777],[110.085863,32.099853],[110.082177,32.118134],[110.072312,32.129009],[110.06902,32.147663],[110.071455,32.15383],[110.075664,32.156823],[110.085167,32.145141],[110.09395,32.146417],[110.102647,32.142477],[110.093378,32.133571],[110.094019,32.121251],[110.122736,32.134936],[110.123323,32.144568],[110.117136,32.142038],[110.113824,32.144384],[110.121332,32.1601],[110.080941,32.197073],[110.064842,32.193952],[110.064201,32.206273],[110.039125,32.219589],[110.02806,32.216543],[110.024407,32.211138],[110.007254,32.202611],[110.003409,32.203518],[110.000754,32.210961],[109.98951,32.221424],[109.981672,32.212064],[109.973372,32.214684],[109.964108,32.222284],[109.970136,32.231638],[109.97096,32.24563],[109.948339,32.253081],[109.937779,32.26154],[109.950536,32.274873],[109.936955,32.294896],[109.928291,32.288721],[109.937021,32.281228],[109.926052,32.274858],[109.916987,32.278966],[109.915553,32.282964],[109.91572,32.290591],[109.923465,32.293943],[109.925251,32.30094],[109.919409,32.303468],[109.905915,32.289814],[109.896174,32.299163],[109.897222,32.303454],[109.909375,32.304777],[109.902401,32.312674],[109.90214,32.319916],[109.868889,32.331663],[109.857155,32.329616],[109.840988,32.337072],[109.832187,32.331907],[109.831584,32.322791],[109.824671,32.320763],[109.819072,32.337387],[109.80975,32.341414],[109.815285,32.357209],[109.815162,32.366613],[109.805053,32.375859],[109.789993,32.375336],[109.787513,32.383697],[109.797179,32.393826],[109.793098,32.398279],[109.792288,32.409459],[109.788566,32.409613],[109.787383,32.405077],[109.773124,32.392881],[109.749136,32.406403],[109.742147,32.432177],[109.748151,32.443208],[109.734075,32.446584],[109.717773,32.429973],[109.706688,32.430062],[109.679284,32.452918],[109.663772,32.461894],[109.651428,32.465683],[109.631636,32.458727],[109.617782,32.459496],[109.58477,32.478968],[109.56076,32.483513],[109.571185,32.494113],[109.570881,32.508767]],[[109.985659,32.235049],[109.986661,32.223893],[109.991204,32.222936],[109.990253,32.240151],[109.985659,32.235049]],[[109.835271,32.347346],[109.824708,32.339014],[109.82604,32.33174],[109.829253,32.331654],[109.83654,32.342966],[109.835271,32.347346]]],[[[110.393488,32.252834],[110.419626,32.261749],[110.426101,32.261866],[110.432716,32.25638],[110.427603,32.251334],[110.40374,32.248606],[110.393002,32.229186],[110.386917,32.23702],[110.393488,32.252834]]]]}},{"type":"Feature","properties":{"id":"cn:420324","name":"竹溪县","level":2},"geometry":{"type":"MultiPolygon","coordinates":[[[[109.490421,32.302588],[109.507818,32.334702],[109.505986,32.353665],[109.496515,32.374017],[109.49773,32.391002],[109.506532,32.401332],[109.521394,32.402213],[109.524692,32.408036],[109.521975,32.435685],[109.536723,32.446635],[109.542548,32.457111],[109.543329,32.471341],[109.547904,32.479485],[109.56076,32.483513],[109.58477,32.478968],[109.617782,32.459496],[109.631636,32.458727],[109.651428,32.465683],[109.663772,32.461894],[109.679284,32.452918],[109.706688,32.430062],[109.717773,32.429973],[109.73132,32.444514],[109.737653,32.446883],[109.749174,32.442183],[109.743261,32.437337],[109.742147,32.432177],[109.749136,32.406403],[109.773124,32.392881],[109.787383,32.405077],[109.788566,32.409613],[109.792288,32.409459],[109.793098,32.398279],[109.797179,32.393826],[109.787513,32.383697],[109.789993,32.375336],[109.805053,32.375859],[109.815162,32.366613],[109.815285,32.357209],[109.80975,32.341414],[109.819072,32.337387],[109.824671,32.320763],[109.831584,32.322791],[109.832187,32.331907],[109.840988,32.337072],[109.857155,32.329616],[109.868889,32.331663],[109.90214,32.319916],[109.902401,32.312674],[109.909375,32.304777],[109.897222,32.303454],[109.896174,32.299163],[109.905915,32.289814],[109.919409,32.303468],[109.925251,32.30094],[109.923465,32.293943],[109.91572,32.290591],[109.915553,32.282964],[109.916987,32.278966],[109.926052,32.274858],[109.937021,32.281228],[109.928291,32.288721],[109.936955,32.294896],[109.950536,32.274873],[109.937779,32.26154],[109.948339,32.253081],[109.97096,32.24563],[109.970136,32.231638],[109.964108,32.222284],[109.973372,32.214684],[109.981672,32.212064],[109.98951,32.221424],[110.000754,32.210961],[110.003409,32.203518],[110.007254,32.202611],[110.024407,32.211138],[110.02806,32.216543],[110.039125,32.219589],[110.064201,32.206273],[110.064842,32.193952],[110.080941,32.197073],[110.121332,32.1601],[110.113824,32.144384],[110.117136,32.142038],[110.123323,32.144568],[110.122736,32.134936],[110.094019,32.121251],[110.093378,32.133571],[110.102647,32.142477],[110.09395,32.146417],[110.085167,32.145141],[110.075664,32.156823],[110.071455,32.15383],[110.06902,32.147663],[110.072312,32.129009],[110.082177,32.118134],[110.085863,32.099853],[110.071769,32.097777],[110.051873,32.079439],[110.03845,32.07751],[110.022148,32.056272],[109.997764,32.04354],[109.994196,32.037501],[110.001071,32.017512],[109.974301,32.000002],[109.971461,31.991895],[109.952191,31.974339],[109.946965,31.959694],[109.927655,31.945371],[109.922621,31.929999],[109.914745,31.925678],[109.918146,31.919107],[109.918802,31.903525],[109.924269,31.898952],[109.954312,31.899376],[109.975707,31.908483],[109.994858,31.908786],[109.995609,31.904213],[109.988031,31.89786],[109.987977,31.890411],[109.993281,31.881852],[110.000847,31.876773],[110.001457,31.870368],[109.999736,31.866776],[109.988476,31.865637],[109.983321,31.854083],[109.972129,31.847491],[109.97109,31.840508],[109.98667,31.829072],[110.003331,31.809358],[110.011149,31.805377],[109.99595,31.797926],[109.992912,31.788843],[109.984573,31.785774],[109.961876,31.761913],[109.911966,31.748161],[109.906957,31.73738],[109.892053,31.735172],[109.876019,31.720185],[109.880832,31.717829],[109.944004,31.723084],[109.952165,31.718243],[109.959189,31.706119],[109.971819,31.700383],[109.956374,31.695536],[109.944933,31.684232],[109.932936,31.659989],[109.924551,31.650627],[109.920679,31.636432],[109.922763,31.626339],[109.904406,31.611519],[109.914362,31.576863],[109.919169,31.573177],[109.931503,31.572434],[109.938431,31.566215],[109.919212,31.547259],[109.915403,31.53399],[109.919075,31.523769],[109.89457,31.521095],[109.885517,31.522978],[109.873424,31.53113],[109.861541,31.53363],[109.855386,31.545792],[109.844049,31.554045],[109.833138,31.557475],[109.817157,31.555917],[109.795074,31.54323],[109.783632,31.55257],[109.735238,31.548321],[109.722842,31.55044],[109.713945,31.559113],[109.722539,31.572863],[109.742321,31.580787],[109.739769,31.586267],[109.740603,31.600205],[109.759795,31.606043],[109.732426,31.630776],[109.737556,31.660535],[109.726913,31.675283],[109.726089,31.687274],[109.722877,31.690194],[109.729266,31.698649],[109.728111,31.701668],[109.704578,31.703258],[109.700603,31.708302],[109.691106,31.709244],[109.688277,31.719066],[109.679977,31.721738],[109.658302,31.718604],[109.640108,31.723134],[109.612269,31.713873],[109.580976,31.728981],[109.588805,31.739852],[109.60121,31.746049],[109.587964,31.754851],[109.589579,31.765969],[109.585142,31.779966],[109.58707,31.791192],[109.599769,31.806064],[109.614839,31.809012],[109.629083,31.806921],[109.633424,31.81333],[109.602756,31.883966],[109.582868,31.894771],[109.580204,31.902797],[109.589708,31.925695],[109.615854,31.930915],[109.625881,31.946247],[109.626488,31.964574],[109.623554,31.970539],[109.608276,31.992104],[109.59661,32.000003],[109.586184,32.015019],[109.582799,32.027633],[109.586185,32.05009],[109.610292,32.082604],[109.617531,32.105024],[109.604631,32.124366],[109.593529,32.132534],[109.584137,32.152203],[109.582331,32.163839],[109.585621,32.176526],[109.599518,32.201653],[109.599006,32.208053],[109.587939,32.221723],[109.569067,32.227608],[109.55727,32.224987],[109.545569,32.227176],[109.543842,32.236752],[109.523789,32.27261],[109.497331,32.29179],[109.490421,32.302588]]],[[[109.824485,32.337885],[109.831233,32.346431],[109.83635,32.346151],[109.828949,32.331332],[109.825593,32.331968],[109.824485,32.337885]]],[[[109.986661,32.223893],[109.98597,32.236115],[109.990253,32.240151],[109.991756,32.223262],[109.986661,32.223893]]]]}},{"type":"Feature","properties":{"id":"cn:420325","name":"房县","level":2},"geometry":{"type":"MultiPolygon","coordinates":[[[[110.989494,31.992024],[111.011464,31.970232],[111.008504,31.967408],[111.001401,31.968063],[111.010353,31.94582],[111.004336,31.941776],[110.999206,31.920611],[111.006834,31.917953],[111.010186,31.910718],[110.995112,31.897738],[110.999146,31.88867],[111.007223,31.888146],[111.011731,31.881698],[111.010823,31.861257],[111.020213,31.849474],[111.019319,31.841583],[111.010117,31.838677],[111.01489,31.83449],[111.008355,31.829673],[110.996304,31.824613],[110.990592,31.830709],[110.990748,31.842598],[110.987907,31.846409],[110.996971,31.853829],[110.996903,31.860989],[110.993181,31.86607],[110.988175,31.865564],[110.96633,31.848185],[110.961958,31.854884],[110.952033,31.86104],[110.949138,31.872882],[110.935868,31.879449],[110.910592,31.870651],[110.912253,31.861397],[110.894209,31.86904],[110.887329,31.877528],[110.873034,31.87652],[110.868726,31.872418],[110.875798,31.863722],[110.871615,31.863049],[110.86622,31.867696],[110.862152,31.865706],[110.868304,31.854972],[110.84876,31.851082],[110.811134,31.85871],[110.802211,31.855521],[110.793395,31.865323],[110.776947,31.866269],[110.779901,31.85],[110.775786,31.845546],[110.760165,31.842677],[110.758709,31.839076],[110.761577,31.834193],[110.757496,31.82975],[110.746506,31.842316],[110.703465,31.848024],[110.695748,31.854518],[110.679907,31.856282],[110.665082,31.862707],[110.658785,31.859027],[110.655514,31.847124],[110.64984,31.845203],[110.633989,31.850932],[110.623585,31.847784],[110.613371,31.851882],[110.602761,31.845584],[110.592863,31.850518],[110.577999,31.846832],[110.531826,31.852199],[110.526338,31.843359],[110.513783,31.840734],[110.510398,31.843469],[110.514597,31.851109],[110.512672,31.857049],[110.504173,31.858916],[110.488895,31.855047],[110.477772,31.849424],[110.477317,31.845342],[110.484698,31.838982],[110.466846,31.83067],[110.468436,31.820496],[110.465895,31.815578],[110.457917,31.815314],[110.44579,31.807928],[110.4273,31.814204],[110.427195,31.81922],[110.423051,31.822377],[110.403783,31.821711],[110.390895,31.807042],[110.363942,31.803561],[110.363064,31.783695],[110.365623,31.77522],[110.359776,31.770455],[110.342201,31.764045],[110.278474,31.764796],[110.262485,31.752531],[110.244429,31.747838],[110.231703,31.738986],[110.228431,31.734882],[110.228536,31.71861],[110.212358,31.67742],[110.219046,31.676365],[110.230541,31.666818],[110.232189,31.65036],[110.22649,31.644229],[110.209455,31.63687],[110.200832,31.623117],[110.219452,31.614233],[110.229099,31.601254],[110.228442,31.592859],[110.216955,31.587551],[110.212709,31.571127],[110.197653,31.581021],[110.187318,31.582746],[110.170602,31.604349],[110.125844,31.606046],[110.101541,31.593674],[110.084082,31.577391],[110.070592,31.569902],[110.056764,31.565414],[110.041764,31.567785],[110.049463,31.590898],[110.060653,31.611927],[110.064855,31.632992],[110.072485,31.646476],[110.071287,31.662756],[110.07936,31.694798],[110.076816,31.711545],[110.066819,31.728688],[110.071313,31.732554],[110.071671,31.739708],[110.075447,31.744353],[110.044539,31.751748],[110.047054,31.763372],[110.054556,31.769953],[110.055478,31.785664],[110.066185,31.796155],[110.069538,31.806932],[110.082968,31.802847],[110.092951,31.805838],[110.102034,31.826687],[110.107719,31.831469],[110.12094,31.834143],[110.134743,31.843917],[110.160602,31.846059],[110.171157,31.852642],[110.174994,31.859262],[110.175906,31.870486],[110.164951,31.906991],[110.173502,31.928024],[110.157416,31.935227],[110.150298,31.951079],[110.135558,31.96056],[110.138154,31.978193],[110.152347,31.997585],[110.161766,32.000003],[110.177582,32.010795],[110.182243,32.021392],[110.183181,32.041961],[110.20016,32.068976],[110.208745,32.069716],[110.251835,32.055485],[110.260559,32.051036],[110.271635,32.03545],[110.278198,32.034369],[110.292452,32.041498],[110.307894,32.042744],[110.321844,32.049908],[110.3301,32.057781],[110.350755,32.105235],[110.352421,32.129141],[110.346293,32.135648],[110.347898,32.144845],[110.352664,32.148383],[110.371041,32.147633],[110.373601,32.152266],[110.372143,32.165289],[110.378375,32.173437],[110.401162,32.179874],[110.401857,32.18355],[110.394843,32.192335],[110.396283,32.198546],[110.416336,32.215232],[110.388453,32.217161],[110.375893,32.232806],[110.37486,32.238463],[110.380268,32.242834],[110.380267,32.24901],[110.37472,32.261072],[110.36137,32.264223],[110.348262,32.25066],[110.341335,32.247072],[110.338297,32.249301],[110.334712,32.260901],[110.337489,32.27287],[110.35011,32.285705],[110.351752,32.294949],[110.361337,32.306872],[110.358517,32.311679],[110.348016,32.314381],[110.346889,32.319185],[110.352314,32.321295],[110.361366,32.315897],[110.368114,32.315672],[110.386525,32.331629],[110.402376,32.34004],[110.41459,32.356692],[110.397655,32.373549],[110.391569,32.396322],[110.385111,32.404433],[110.339659,32.429803],[110.332289,32.449799],[110.337489,32.465943],[110.345605,32.457414],[110.352949,32.438562],[110.359841,32.434817],[110.421604,32.434515],[110.466092,32.451233],[110.47557,32.461507],[110.485457,32.485067],[110.494225,32.491201],[110.524473,32.502134],[110.542936,32.503763],[110.553022,32.510942],[110.567228,32.503632],[110.562773,32.493247],[110.572501,32.485338],[110.578726,32.486636],[110.580088,32.483824],[110.58959,32.482228],[110.582617,32.471286],[110.593612,32.462836],[110.596969,32.454111],[110.607849,32.45213],[110.603752,32.439073],[110.621109,32.435536],[110.634789,32.444838],[110.641739,32.441385],[110.651617,32.443072],[110.651717,32.446648],[110.661327,32.456464],[110.670452,32.453686],[110.682428,32.44235],[110.691072,32.440832],[110.699876,32.427271],[110.712245,32.394956],[110.728953,32.39989],[110.739894,32.414469],[110.755607,32.425017],[110.757805,32.433094],[110.783058,32.428927],[110.787826,32.421741],[110.803688,32.419611],[110.81141,32.40984],[110.805603,32.410552],[110.801276,32.40619],[110.817973,32.309977],[110.827495,32.2964],[110.840568,32.292509],[110.870602,32.303332],[110.872069,32.298776],[110.863233,32.283512],[110.866002,32.28104],[110.887208,32.287127],[110.896479,32.284081],[110.904508,32.276199],[110.913467,32.274517],[110.947425,32.291342],[110.966634,32.29074],[110.98627,32.283045],[110.99666,32.253904],[111.000819,32.249388],[111.016348,32.243685],[111.037381,32.245848],[111.054724,32.256426],[111.071712,32.283481],[111.086478,32.288285],[111.099811,32.297194],[111.109585,32.308332],[111.129446,32.3155],[111.136225,32.314916],[111.157648,32.302793],[111.160555,32.291398],[111.165354,32.287364],[111.175432,32.288737],[111.179125,32.294379],[111.182931,32.288881],[111.193987,32.293733],[111.203554,32.291947],[111.213961,32.285413],[111.205378,32.277714],[111.206522,32.274964],[111.218875,32.26809],[111.226763,32.271864],[111.235332,32.270432],[111.230815,32.256959],[111.231684,32.243034],[111.243014,32.237067],[111.251402,32.221358],[111.242961,32.195333],[111.225982,32.166007],[111.213334,32.150719],[111.164255,32.121386],[111.152867,32.119203],[111.139201,32.123637],[111.131861,32.119685],[111.122447,32.108161],[111.115641,32.110212],[111.1104,32.101785],[111.100375,32.098855],[111.08813,32.088818],[111.085029,32.087859],[111.076697,32.09352],[111.07407,32.099265],[111.058143,32.0865],[111.052691,32.073883],[111.050889,32.063793],[111.067171,32.070349],[111.077601,32.065655],[111.071436,32.04886],[111.065774,32.046067],[111.06368,32.032384],[111.07573,32.026567],[111.073616,32.018739],[111.068096,32.017656],[111.065461,32.009319],[111.059606,32.011206],[111.052731,32.005466],[111.052826,31.995255],[111.049753,31.992342],[111.054388,31.99165],[111.052358,31.987848],[111.059655,31.983056],[111.068617,31.997271],[111.07997,31.993167],[111.083815,31.984424],[111.079757,31.981761],[111.079489,31.97312],[111.092892,31.964914],[111.09945,31.950886],[111.088326,31.94561],[111.068089,31.968724],[111.059357,31.961712],[111.057569,31.972888],[111.047268,31.987341],[111.043571,32.006289],[111.036,32.014786],[111.013406,32.015854],[111.000812,32.011743],[111.0014,32.001225],[110.993517,31.998746],[110.989494,31.992024]],[[110.987133,31.922606],[110.987419,31.936126],[110.99113,31.940039],[110.989405,31.94465],[110.969163,31.944587],[110.97873,31.936693],[110.983028,31.92248],[110.987133,31.922606]],[[110.419626,32.261749],[110.393488,32.252834],[110.387238,32.241998],[110.388749,32.231638],[110.393002,32.229186],[110.395832,32.23102],[110.40374,32.248606],[110.427603,32.251334],[110.431848,32.254375],[110.430416,32.259525],[110.419626,32.261749]]],[[[111.078677,32.002991],[111.084472,32.02135],[111.095035,32.028435],[111.095614,32.036724],[111.105436,32.0504],[111.120845,32.039092],[111.126223,32.041267],[111.131465,32.049417],[111.137859,32.048788],[111.144664,32.037956],[111.137538,32.032447],[111.116903,32.030441],[111.113259,32.027342],[111.117037,32.021746],[111.10646,32.014214],[111.095918,32.014245],[111.093409,32.004444],[111.078677,32.002991]]]]}},{"type":"Feature","properties":{"id":"cn:420381","name":"丹江口市","level":2},"geometry":{"type":"Polygon","coordinates":[[[110.801276,32.40619],[110.805603,32.410552],[110.819787,32.409228],[110.827195,32.417564],[110.838822,32.419529],[110.85418,32.434821],[110.863229,32.437505],[110.865238,32.44823],[110.887361,32.457766],[110.899583,32.467176],[110.913246,32.499848],[110.912907,32.507028],[110.922061,32.512463],[110.924752,32.521189],[110.922229,32.537579],[110.911148,32.555847],[110.922936,32.556844],[110.927126,32.570043],[110.932796,32.570373],[110.93259,32.584875],[110.927413,32.590024],[110.932887,32.595406],[110.940648,32.593107],[110.943363,32.601578],[110.918495,32.608857],[110.915866,32.61235],[110.922751,32.613707],[110.922197,32.617458],[110.909773,32.617369],[110.887285,32.633799],[110.899108,32.637133],[110.907609,32.631065],[110.90562,32.640711],[110.914612,32.643623],[110.90787,32.647608],[110.909271,32.650369],[110.917449,32.649287],[110.930645,32.639441],[110.936336,32.638897],[110.941542,32.650734],[110.925746,32.650661],[110.918855,32.659953],[110.921936,32.661311],[110.924636,32.670887],[110.923613,32.678787],[110.926025,32.679454],[110.927863,32.674938],[110.937217,32.678279],[110.939377,32.681433],[110.937228,32.689305],[110.947387,32.692591],[110.945999,32.699703],[110.95197,32.701185],[110.944501,32.705612],[110.945146,32.715784],[110.950156,32.716755],[110.944983,32.722373],[110.951075,32.723183],[110.953425,32.729342],[110.957688,32.731118],[110.953087,32.738203],[110.960326,32.737211],[110.963749,32.732263],[110.965004,32.73615],[110.954976,32.744712],[110.965638,32.741448],[110.965588,32.746921],[110.970393,32.749625],[110.969759,32.743937],[110.976252,32.740195],[110.976962,32.734826],[110.991759,32.738812],[110.988909,32.748844],[110.99412,32.750848],[110.998331,32.75852],[111.020634,32.765834],[111.046421,32.767693],[111.071217,32.757864],[111.09084,32.760348],[111.097345,32.764661],[111.087493,32.782536],[111.085401,32.796236],[111.087519,32.805761],[111.099533,32.826596],[111.115774,32.84266],[111.123959,32.875574],[111.166295,32.908949],[111.195312,32.914635],[111.216857,32.926849],[111.22099,32.95233],[111.226658,32.968212],[111.232031,32.972179],[111.243264,32.96936],[111.247308,32.957737],[111.239756,32.946148],[111.237022,32.932598],[111.244149,32.916206],[111.240227,32.893937],[111.244185,32.886205],[111.249098,32.886045],[111.267544,32.903478],[111.274297,32.90632],[111.280088,32.902963],[111.28487,32.894552],[111.284029,32.867058],[111.287683,32.861383],[111.310435,32.852756],[111.325304,32.843106],[111.352579,32.838888],[111.37395,32.830688],[111.390018,32.796415],[111.399552,32.784395],[111.398035,32.777513],[111.404107,32.771234],[111.407434,32.759044],[111.416826,32.75289],[111.438868,32.753824],[111.442141,32.763408],[111.456583,32.765745],[111.455179,32.774911],[111.458079,32.775607],[111.468484,32.758737],[111.463144,32.754766],[111.462931,32.740603],[111.454302,32.729054],[111.445886,32.731612],[111.43744,32.738916],[111.433451,32.73615],[111.43722,32.728547],[111.423166,32.737883],[111.419771,32.737603],[111.419359,32.734568],[111.435007,32.724733],[111.455561,32.725251],[111.459345,32.720605],[111.4666,32.719784],[111.466173,32.713021],[111.461824,32.70936],[111.470553,32.70406],[111.473857,32.696716],[111.505147,32.678403],[111.520711,32.656371],[111.520668,32.642632],[111.5244,32.630537],[111.530207,32.623505],[111.553332,32.603389],[111.566727,32.596442],[111.577273,32.598854],[111.579487,32.593432],[111.576822,32.57371],[111.550597,32.542707],[111.549977,32.535443],[111.536319,32.51742],[111.533511,32.501589],[111.52736,32.493279],[111.520325,32.500208],[111.513605,32.494542],[111.501652,32.491261],[111.493428,32.477696],[111.484028,32.479897],[111.476231,32.472],[111.467571,32.472143],[111.478878,32.451703],[111.46066,32.43381],[111.435312,32.427543],[111.410929,32.412352],[111.401996,32.412472],[111.389331,32.424216],[111.376224,32.43023],[111.372465,32.427663],[111.375035,32.421284],[111.369271,32.410447],[111.348898,32.398731],[111.319601,32.387811],[111.310851,32.377845],[111.310236,32.367352],[111.30415,32.360124],[111.297995,32.355919],[111.260304,32.34647],[111.229628,32.323831],[111.223795,32.308091],[111.230746,32.300524],[111.213961,32.285413],[111.195055,32.293741],[111.182931,32.288881],[111.179125,32.294379],[111.175432,32.288737],[111.167215,32.286691],[111.160555,32.291398],[111.157648,32.302793],[111.145236,32.310698],[111.136225,32.314916],[111.123517,32.314496],[111.109585,32.308332],[111.099811,32.297194],[111.086478,32.288285],[111.071712,32.283481],[111.04811,32.250368],[111.037381,32.245848],[111.016348,32.243685],[111.000819,32.249388],[110.99666,32.253904],[110.98627,32.283045],[110.966634,32.29074],[110.947425,32.291342],[110.913467,32.274517],[110.904508,32.276199],[110.896479,32.284081],[110.887208,32.287127],[110.866002,32.28104],[110.863233,32.283512],[110.872069,32.298776],[110.870602,32.303332],[110.840568,32.292509],[110.827495,32.2964],[110.817973,32.309977],[110.801276,32.40619]]]}},{"type":"Feature","properties":{"id":"cn:4205","name":"宜昌市","level":1},"geometry":{"type":"MultiPolygon","coordinates":[[[[111.590523,30.171543],[111.59578,30.163889],[111.593817,30.156484],[111.582823,30.167632],[111.582848,30.171828],[111.590523,30.171543]]],[[[112.067763,30.700185],[112.080469,30.672344],[112.0754,30.661673],[112.064625,30.659817],[112.060558,30.654389],[112.055808,30.654822],[112.055715,30.659376],[112.045283,30.655832],[112.045792,30.660645],[112.042742,30.660802],[112.038872,30.655596],[112.015401,30.647564],[112.017477,30.642594],[112.007337,30.619385],[111.980867,30.603359],[111.983267,30.591565],[111.979972,30.584681],[111.968957,30.576867],[111.990687,30.570645],[111.996312,30.555843],[111.994248,30.549313],[111.97589,30.526724],[111.97135,30.507765],[111.917251,30.507869],[111.907173,30.483504],[111.922526,30.477304],[111.915295,30.46934],[111.918455,30.461603],[111.91367,30.460415],[111.90836,30.46562],[111.90333,30.46059],[111.916483,30.447194],[111.924481,30.447508],[111.943641,30.441203],[111.946924,30.443438],[111.939694,30.448643],[111.950208,30.445395],[111.948182,30.45039],[111.950845,30.450713],[111.957744,30.447831],[111.966199,30.438522],[111.975112,30.410168],[111.971317,30.365096],[111.990672,30.338169],[112.008574,30.320812],[112.026427,30.308177],[112.043469,30.301392],[112.042797,30.291422],[112.035526,30.286374],[112.037915,30.27902],[112.007966,30.277325],[111.9948,30.280046],[111.985833,30.285527],[111.953195,30.319341],[111.934036,30.350486],[111.924132,30.35687],[111.907137,30.34944],[111.906623,30.330185],[111.896839,30.310182],[111.898042,30.299365],[111.887223,30.279796],[111.858595,30.289278],[111.83959,30.290996],[111.821182,30.287849],[111.816021,30.293176],[111.815675,30.302364],[111.801913,30.300857],[111.782308,30.327945],[111.767522,30.367963],[111.734862,30.377162],[111.709661,30.365918],[111.67441,30.339863],[111.628273,30.318186],[111.59655,30.270881],[111.578742,30.258585],[111.568419,30.257322],[111.572959,30.239726],[111.580291,30.240416],[111.586921,30.235786],[111.589683,30.237758],[111.589347,30.243136],[111.601438,30.2346],[111.593902,30.219734],[111.586761,30.216239],[111.58474,30.196394],[111.574165,30.192282],[111.572303,30.173329],[111.57963,30.164135],[111.568466,30.153753],[111.570411,30.139123],[111.567741,30.124422],[111.521076,30.099208],[111.501554,30.112832],[111.47849,30.10285],[111.458818,30.103771],[111.445408,30.113158],[111.435427,30.111082],[111.397717,30.125729],[111.382396,30.126243],[111.367605,30.106467],[111.34645,30.093258],[111.321675,30.084457],[111.311511,30.053188],[111.3075,30.050952],[111.245582,30.046293],[111.238255,30.042157],[111.17513,30.046894],[111.172171,30.042965],[111.082743,30.051747],[111.06645,30.049627],[111.026094,30.051391],[111.002066,30.056535],[110.993073,30.061986],[110.977214,30.060866],[110.958464,30.064785],[110.943541,30.063039],[110.924835,30.066196],[110.920347,30.070291],[110.917501,30.080352],[110.920166,30.09727],[110.918108,30.11521],[110.889028,30.112746],[110.854201,30.120746],[110.846086,30.129082],[110.832777,30.125124],[110.809245,30.128629],[110.797874,30.117064],[110.783194,30.122607],[110.764462,30.122791],[110.741257,30.115207],[110.748001,30.103889],[110.74387,30.090914],[110.751439,30.084952],[110.749069,30.0667],[110.75104,30.056905],[110.733522,30.043039],[110.719928,30.043345],[110.707299,30.035776],[110.700077,30.036987],[110.678367,30.05448],[110.679816,30.063172],[110.646092,30.080368],[110.621752,30.06657],[110.596231,30.057439],[110.568627,30.061969],[110.559964,30.057093],[110.557429,30.060156],[110.546232,30.058365],[110.526466,30.063782],[110.516344,30.061588],[110.512204,30.056316],[110.503264,30.053036],[110.492587,30.057836],[110.494522,30.051291],[110.490998,30.042805],[110.494851,30.029537],[110.447482,29.997879],[110.436799,29.986097],[110.424922,29.965041],[110.418255,29.95982],[110.386276,29.957554],[110.365209,29.961847],[110.349583,29.957609],[110.33494,29.945567],[110.310469,29.952858],[110.298151,29.9612],[110.297665,29.965337],[110.308386,29.980393],[110.300721,30.004299],[110.311979,30.019585],[110.313265,30.040215],[110.319149,30.047051],[110.315374,30.065655],[110.319948,30.071813],[110.334844,30.080646],[110.338889,30.088184],[110.336328,30.09623],[110.313941,30.103275],[110.343064,30.129892],[110.331007,30.14076],[110.3023,30.15152],[110.299176,30.156359],[110.298551,30.172188],[110.270894,30.184768],[110.272049,30.194651],[110.297042,30.205153],[110.290821,30.215806],[110.278405,30.222441],[110.259447,30.225212],[110.250748,30.236988],[110.271277,30.246226],[110.293516,30.246068],[110.318464,30.252767],[110.345139,30.245916],[110.348542,30.26584],[110.368342,30.30674],[110.36263,30.317791],[110.34586,30.333743],[110.362084,30.338663],[110.34842,30.349319],[110.348299,30.36262],[110.358316,30.383869],[110.370477,30.393327],[110.373254,30.399528],[110.372828,30.403487],[110.364303,30.407864],[110.362043,30.415367],[110.363158,30.420624],[110.369948,30.425945],[110.368136,30.443741],[110.372768,30.44805],[110.362085,30.468964],[110.362782,30.472972],[110.36868,30.476881],[110.382008,30.471563],[110.402052,30.480015],[110.404007,30.483146],[110.396074,30.489132],[110.396907,30.492586],[110.406638,30.485354],[110.434387,30.491949],[110.439907,30.513693],[110.445421,30.518144],[110.446413,30.523686],[110.461477,30.525227],[110.469104,30.544168],[110.465995,30.552466],[110.473206,30.556866],[110.483398,30.557942],[110.479716,30.567863],[110.474253,30.564572],[110.461508,30.565353],[110.466889,30.580401],[110.460964,30.596668],[110.448899,30.60495],[110.438368,30.606051],[110.427685,30.619711],[110.442092,30.632495],[110.444023,30.65187],[110.464131,30.651548],[110.458617,30.668423],[110.447329,30.672001],[110.451661,30.703901],[110.460472,30.715758],[110.455428,30.723378],[110.455864,30.733117],[110.449123,30.733407],[110.436164,30.747175],[110.428464,30.773898],[110.422807,30.78124],[110.406165,30.785236],[110.379645,30.784078],[110.369955,30.769924],[110.355306,30.759209],[110.344343,30.755908],[110.32633,30.755319],[110.313254,30.764571],[110.319896,30.785711],[110.33315,30.804087],[110.334291,30.808615],[110.327793,30.815731],[110.327497,30.822738],[110.332419,30.825713],[110.33093,30.829289],[110.35053,30.834102],[110.358122,30.844774],[110.369062,30.847859],[110.399511,30.875071],[110.408585,30.877848],[110.417769,30.873261],[110.437918,30.883227],[110.426604,30.910929],[110.41931,30.91381],[110.435079,30.949677],[110.434621,30.957622],[110.439722,30.971734],[110.437682,31.001426],[110.441164,31.032808],[110.472585,31.039969],[110.472536,31.048947],[110.463281,31.06495],[110.459201,31.080575],[110.460842,31.083539],[110.473967,31.087097],[110.493203,31.087852],[110.507631,31.099577],[110.512553,31.109775],[110.53329,31.126663],[110.531928,31.136865],[110.5097,31.146138],[110.507091,31.156006],[110.495328,31.162706],[110.495112,31.184883],[110.471003,31.188294],[110.468439,31.196741],[110.471426,31.206973],[110.477264,31.204893],[110.482457,31.207648],[110.483802,31.214581],[110.479293,31.223858],[110.479191,31.233958],[110.500656,31.252817],[110.493111,31.256278],[110.469742,31.254749],[110.459143,31.264236],[110.446558,31.26329],[110.444999,31.271619],[110.433323,31.278214],[110.429255,31.284917],[110.433475,31.290988],[110.431229,31.30385],[110.421822,31.314145],[110.436553,31.319772],[110.442588,31.331107],[110.462448,31.330913],[110.476982,31.339802],[110.48588,31.359506],[110.485747,31.3719],[110.489408,31.375071],[110.504395,31.364751],[110.507526,31.358451],[110.503003,31.349838],[110.516989,31.339898],[110.519385,31.32788],[110.532383,31.319556],[110.537194,31.318985],[110.568992,31.332443],[110.571762,31.346701],[110.562845,31.358835],[110.561596,31.368386],[110.575974,31.383802],[110.573634,31.40213],[110.583371,31.411876],[110.583943,31.421096],[110.600808,31.449432],[110.601457,31.460699],[110.608766,31.469109],[110.606805,31.483858],[110.61018,31.487777],[110.634305,31.481815],[110.649105,31.485119],[110.672792,31.484152],[110.682116,31.487619],[110.69032,31.479947],[110.702702,31.479315],[110.727028,31.515729],[110.727415,31.53265],[110.738454,31.540772],[110.763975,31.543763],[110.784285,31.555103],[110.791355,31.555222],[110.80705,31.538802],[110.821451,31.544151],[110.824295,31.540537],[110.825827,31.523482],[110.835645,31.51574],[110.843008,31.501738],[110.848738,31.500978],[110.877617,31.519236],[110.884054,31.530258],[110.901851,31.532768],[110.910293,31.554844],[110.942604,31.568662],[110.971067,31.57155],[110.98443,31.568402],[110.996032,31.570595],[111.00215,31.566009],[111.03377,31.568204],[111.039305,31.565774],[111.041459,31.551206],[111.030116,31.541035],[111.049094,31.527318],[111.050136,31.515439],[111.056411,31.508178],[111.036441,31.488257],[111.035,31.457371],[111.048003,31.442984],[111.059713,31.439641],[111.071283,31.443443],[111.085228,31.430485],[111.082973,31.419926],[111.10312,31.416322],[111.10859,31.429933],[111.120347,31.43987],[111.139305,31.436422],[111.151721,31.443171],[111.160638,31.453276],[111.166205,31.451249],[111.170755,31.444125],[111.177018,31.448518],[111.193948,31.440169],[111.211763,31.46442],[111.230591,31.463719],[111.258216,31.454303],[111.26629,31.447812],[111.270039,31.43844],[111.268528,31.428963],[111.256782,31.417354],[111.261184,31.409919],[111.261085,31.399339],[111.270431,31.386015],[111.292597,31.385642],[111.307875,31.380115],[111.307306,31.370866],[111.318801,31.358375],[111.343894,31.348455],[111.355604,31.349077],[111.370327,31.360672],[111.395182,31.364888],[111.40305,31.371897],[111.41107,31.36775],[111.424852,31.36639],[111.426848,31.363676],[111.424756,31.352281],[111.429174,31.337718],[111.42744,31.32277],[111.432362,31.314901],[111.439793,31.312035],[111.513222,31.30444],[111.591207,31.342357],[111.611798,31.363102],[111.619307,31.374894],[111.641824,31.364421],[111.654639,31.351817],[111.670391,31.352381],[111.689603,31.360328],[111.700078,31.353012],[111.704449,31.360896],[111.715747,31.359512],[111.731235,31.36805],[111.739341,31.367893],[111.742678,31.357404],[111.7382,31.353616],[111.738882,31.348667],[111.747635,31.345146],[111.742181,31.338704],[111.741786,31.329665],[111.736816,31.331955],[111.735783,31.329008],[111.748187,31.326849],[111.752828,31.321814],[111.74315,31.321639],[111.744295,31.312029],[111.73572,31.308624],[111.731654,31.296906],[111.742976,31.298483],[111.737677,31.291294],[111.747112,31.291424],[111.747222,31.286432],[111.752985,31.288345],[111.749598,31.281968],[111.760159,31.283882],[111.767665,31.280764],[111.769676,31.267008],[111.777809,31.266663],[111.776692,31.273815],[111.781684,31.275639],[111.793466,31.258561],[111.793907,31.248505],[111.802429,31.25274],[111.809012,31.251579],[111.824887,31.24293],[111.829827,31.23215],[111.83409,31.230486],[111.841498,31.235132],[111.849685,31.231914],[111.849933,31.238081],[111.855596,31.237224],[111.855964,31.227477],[111.866738,31.223878],[111.864183,31.21429],[111.872142,31.214955],[111.878267,31.21095],[111.871588,31.197369],[111.878993,31.190122],[111.879509,31.176385],[111.893074,31.185652],[111.896163,31.195389],[111.899009,31.195928],[111.902748,31.189282],[111.897156,31.177868],[111.9012,31.173473],[111.914634,31.183174],[111.921288,31.175713],[111.930077,31.174441],[111.928362,31.154752],[111.922569,31.143561],[111.932007,31.14048],[111.938912,31.125485],[111.947305,31.125614],[111.956988,31.11935],[111.957493,31.114974],[111.950693,31.111571],[111.943679,31.101377],[111.93689,31.100987],[111.921494,31.075843],[111.91398,31.076665],[111.904413,31.084052],[111.900112,31.078715],[111.916148,31.051523],[111.929882,31.051171],[111.939712,31.05819],[111.960466,31.057601],[111.964176,31.045379],[111.959155,31.037266],[111.967913,31.030016],[111.970462,31.017761],[111.98304,31.016813],[111.980977,31.011188],[111.983892,31.007497],[111.997992,31.00469],[111.994775,31.00194],[111.995635,30.997632],[112.002473,30.996391],[112.007164,30.98723],[112.015081,30.986724],[112.008037,30.976904],[112.002369,30.959839],[112.006203,30.939575],[112.010247,30.936932],[112.006891,30.931916],[112.008232,30.927339],[112.015349,30.925145],[112.013569,30.93308],[112.017933,30.935536],[112.0252,30.931032],[112.021933,30.923229],[112.025525,30.909641],[112.022594,30.90431],[112.020512,30.878874],[112.009342,30.86776],[112.04191,30.827386],[112.043222,30.821102],[112.038935,30.819176],[112.043645,30.812979],[112.042467,30.804314],[112.047144,30.799192],[112.03943,30.797009],[112.043286,30.787867],[112.040765,30.77034],[112.059113,30.761706],[112.063216,30.742793],[112.060865,30.733811],[112.04984,30.723525],[112.067763,30.700185]],[[112.064329,30.68964],[112.066476,30.695851],[112.062675,30.699134],[112.054396,30.689944],[112.056608,30.687048],[112.064329,30.68964]],[[111.054867,31.43285],[111.044315,31.440898],[111.034162,31.425334],[111.041025,31.423096],[111.054867,31.43285]]]]}},{"type":"Feature","properties":{"id":"cn:420502","name":"西陵区","level":2},"geometry":{"type":"Polygon","coordinates":[[[111.260787,30.72332],[111.273301,30.743989],[111.268873,30.759864],[111.272747,30.759633],[111.281143,30.751367],[111.282755,30.742688],[111.291796,30.742859],[111.286626,30.755635],[111.311412,30.755084],[111.324087,30.759761],[111.332488,30.750997],[111.332133,30.745803],[111.334554,30.747693],[111.34402,30.74428],[111.358203,30.750885],[111.358552,30.743955],[111.36284,30.738859],[111.358737,30.73059],[111.363882,30.719287],[111.361083,30.713262],[111.366403,30.70984],[111.356226,30.695047],[111.328957,30.697774],[111.317027,30.680659],[111.300778,30.690388],[111.297177,30.696718],[111.287849,30.695308],[111.279519,30.689137],[111.264399,30.705722],[111.260787,30.72332]]]}},{"type":"Feature","properties":{"id":"cn:420503","name":"伍家岗区","level":2},"geometry":{"type":"Polygon","coordinates":[[[111.281562,30.688215],[111.286939,30.694903],[111.297177,30.696718],[111.300778,30.690388],[111.317027,30.680659],[111.330253,30.698423],[111.344904,30.694751],[111.356226,30.695047],[111.360711,30.69844],[111.365762,30.694866],[111.366669,30.684539],[111.385787,30.684329],[111.389024,30.679666],[111.395874,30.678543],[111.396729,30.673625],[111.403694,30.670993],[111.403088,30.663848],[111.398965,30.663178],[111.403761,30.656225],[111.403992,30.643809],[111.406971,30.641178],[111.415817,30.650759],[111.422764,30.651416],[111.434401,30.660721],[111.432898,30.665218],[111.436582,30.674832],[111.445113,30.681321],[111.452051,30.676333],[111.465752,30.673139],[111.4604,30.666222],[111.444755,30.660348],[111.449786,30.652541],[111.44716,30.640359],[111.450007,30.635904],[111.433955,30.634032],[111.432361,30.62728],[111.427204,30.626418],[111.431191,30.623297],[111.42132,30.627094],[111.41664,30.625762],[111.417162,30.61535],[111.400871,30.614055],[111.39981,30.605627],[111.394157,30.606106],[111.381333,30.595298],[111.325218,30.654749],[111.301029,30.676258],[111.281562,30.688215]]]}},{"type":"Feature","properties":{"id":"cn:420504","name":"点军区","level":2},"geometry":{"type":"Polygon","coordinates":[[[110.950494,30.696449],[110.958733,30.704903],[110.98076,30.714245],[110.98633,30.722806],[110.997079,30.720434],[111.000571,30.723852],[111.009792,30.722723],[111.027246,30.732822],[111.039651,30.733753],[111.055695,30.747113],[111.065898,30.748042],[111.065728,30.752074],[111.074247,30.753697],[111.077572,30.758338],[111.093474,30.751722],[111.09088,30.741281],[111.093289,30.740387],[111.109314,30.755989],[111.134016,30.766363],[111.143768,30.776525],[111.156894,30.774258],[111.164911,30.779],[111.192701,30.77303],[111.208519,30.773558],[111.257231,30.766641],[111.26728,30.761798],[111.273318,30.750197],[111.272819,30.742887],[111.260787,30.72332],[111.267419,30.70075],[111.325218,30.654749],[111.376555,30.601426],[111.388918,30.583596],[111.381925,30.58158],[111.371512,30.585182],[111.367636,30.577037],[111.354748,30.580346],[111.353987,30.575412],[111.344555,30.573828],[111.352208,30.563826],[111.350582,30.559859],[111.345499,30.560195],[111.324187,30.565724],[111.310351,30.583037],[111.300803,30.583811],[111.296793,30.593069],[111.284006,30.599087],[111.2606,30.584678],[111.247241,30.584256],[111.239408,30.570723],[111.227502,30.566547],[111.208476,30.566482],[111.205013,30.569877],[111.208509,30.582075],[111.198675,30.590031],[111.202648,30.595109],[111.198696,30.602423],[111.191141,30.600517],[111.190157,30.592969],[111.184836,30.599508],[111.18547,30.60502],[111.165606,30.614874],[111.158119,30.611887],[111.156816,30.614984],[111.151852,30.614196],[111.150003,30.606249],[111.143293,30.6057],[111.125756,30.617164],[111.11511,30.617237],[111.10259,30.626174],[111.090835,30.628271],[111.049284,30.628079],[111.033071,30.618925],[111.007735,30.642656],[110.999967,30.644723],[110.998258,30.647334],[111.003329,30.651212],[110.9959,30.649712],[110.994324,30.65835],[110.98102,30.674341],[110.969644,30.682144],[110.961815,30.682387],[110.950494,30.696449]]]}},{"type":"Feature","properties":{"id":"cn:420505","name":"猇亭区","level":2},"geometry":{"type":"Polygon","coordinates":[[[111.381333,30.595298],[111.394157,30.606106],[111.39981,30.605627],[111.400871,30.614055],[111.417162,30.61535],[111.41664,30.625762],[111.42132,30.627094],[111.431191,30.623297],[111.427204,30.626418],[111.432361,30.62728],[111.433955,30.634032],[111.450007,30.635904],[111.454254,30.616121],[111.461691,30.612183],[111.4658,30.596705],[111.473893,30.584915],[111.474406,30.575767],[111.480636,30.569967],[111.476959,30.558564],[111.496277,30.547257],[111.493604,30.536763],[111.495071,30.52472],[111.515711,30.515205],[111.496299,30.496798],[111.496045,30.506653],[111.488497,30.515586],[111.486476,30.499952],[111.488641,30.496575],[111.478965,30.496858],[111.482833,30.492406],[111.469132,30.503311],[111.464587,30.503328],[111.465395,30.487361],[111.454347,30.463465],[111.443811,30.461731],[111.436329,30.486317],[111.415241,30.509564],[111.399592,30.54031],[111.389715,30.581934],[111.381333,30.595298]]]}},{"type":"Feature","properties":{"id":"cn:420506","name":"夷陵区","level":2},"geometry":{"type":"Polygon","coordinates":[[[110.863266,30.966442],[110.851433,31.025276],[110.85581,31.028033],[110.871078,31.027244],[110.878172,31.0301],[110.882777,31.03372],[110.88001,31.037943],[110.881826,31.046552],[110.90387,31.052678],[110.912418,31.059693],[110.907514,31.065272],[110.89696,31.062591],[110.88999,31.06419],[110.884607,31.075582],[110.904981,31.08179],[110.90863,31.093013],[110.918762,31.094815],[110.92361,31.121441],[110.945184,31.119121],[110.953332,31.112499],[110.956522,31.105416],[110.976203,31.101346],[110.996104,31.092998],[110.999795,31.098941],[110.997859,31.10738],[111.003946,31.115388],[111.001264,31.12909],[111.030052,31.135254],[111.034393,31.142657],[111.040551,31.139806],[111.054696,31.147152],[111.063042,31.160244],[111.067757,31.159385],[111.072351,31.165922],[111.088259,31.167291],[111.086149,31.190232],[111.105188,31.199884],[111.111611,31.218766],[111.095181,31.225885],[111.090218,31.244685],[111.078939,31.258348],[111.083623,31.269498],[111.083979,31.281098],[111.092465,31.282281],[111.098012,31.288225],[111.087459,31.29909],[111.081971,31.312786],[111.088128,31.317778],[111.103493,31.315683],[111.113225,31.339519],[111.110925,31.352638],[111.091759,31.361897],[111.090722,31.366832],[111.081093,31.37464],[111.072228,31.388218],[111.074623,31.406508],[111.065367,31.413641],[111.08022,31.416501],[111.082973,31.419926],[111.10312,31.416322],[111.10859,31.429933],[111.120347,31.43987],[111.139305,31.436422],[111.151721,31.443171],[111.160638,31.453276],[111.166205,31.451249],[111.170755,31.444125],[111.177018,31.448518],[111.193948,31.440169],[111.205316,31.458721],[111.213194,31.464906],[111.227625,31.464419],[111.258216,31.454303],[111.26629,31.447812],[111.270039,31.43844],[111.265412,31.423535],[111.256782,31.417354],[111.261184,31.409919],[111.261085,31.399339],[111.267996,31.388409],[111.274836,31.38529],[111.292597,31.385642],[111.309152,31.379187],[111.308461,31.368785],[111.318801,31.358375],[111.331268,31.354019],[111.325648,31.350476],[111.336167,31.336386],[111.335205,31.332587],[111.325538,31.327587],[111.305501,31.343386],[111.29221,31.342195],[111.265084,31.3235],[111.263126,31.316973],[111.274215,31.306426],[111.262017,31.29738],[111.257858,31.287725],[111.262436,31.282588],[111.27276,31.279806],[111.281473,31.267894],[111.308038,31.265402],[111.310424,31.259493],[111.296479,31.250817],[111.278636,31.258532],[111.266081,31.254573],[111.260656,31.238098],[111.260069,31.220178],[111.255074,31.213888],[111.243232,31.212407],[111.243598,31.197492],[111.26182,31.186874],[111.276874,31.18365],[111.291951,31.170665],[111.305685,31.174803],[111.311726,31.168202],[111.321893,31.16852],[111.344244,31.152129],[111.354473,31.156811],[111.359253,31.155903],[111.363641,31.151515],[111.356707,31.148065],[111.352879,31.134401],[111.365896,31.133819],[111.388686,31.126061],[111.419907,31.111415],[111.437631,31.09859],[111.44568,31.081393],[111.450566,31.077734],[111.468013,31.081084],[111.47976,31.075859],[111.484094,31.070134],[111.49408,31.071865],[111.493549,31.062441],[111.485088,31.057342],[111.479979,31.044181],[111.482506,31.03612],[111.492478,31.032294],[111.511858,31.039524],[111.530863,31.027091],[111.529809,31.021127],[111.517005,31.011872],[111.523249,30.997623],[111.522609,30.983322],[111.527621,30.981046],[111.518076,30.971861],[111.523333,30.950461],[111.515605,30.942726],[111.513628,30.935022],[111.529734,30.920382],[111.548579,30.910734],[111.548286,30.906294],[111.539461,30.899304],[111.538675,30.891287],[111.548483,30.89373],[111.552683,30.890584],[111.550235,30.876877],[111.579242,30.861418],[111.574505,30.84725],[111.581126,30.843757],[111.581836,30.829224],[111.571659,30.802904],[111.57365,30.794462],[111.565128,30.793904],[111.56538,30.782123],[111.555096,30.764831],[111.568119,30.746409],[111.567013,30.734408],[111.579367,30.690614],[111.579465,30.680647],[111.585075,30.674028],[111.589963,30.673172],[111.600263,30.693279],[111.612343,30.683961],[111.613846,30.691115],[111.623579,30.689156],[111.62807,30.683258],[111.627692,30.672648],[111.620727,30.672167],[111.617163,30.667485],[111.618018,30.659029],[111.614469,30.655204],[111.627036,30.643157],[111.627219,30.632197],[111.633331,30.636424],[111.636276,30.634146],[111.638312,30.638682],[111.645699,30.642208],[111.646186,30.636786],[111.652915,30.627867],[111.653805,30.616087],[111.625246,30.605421],[111.61306,30.593887],[111.569293,30.58491],[111.556949,30.587309],[111.539821,30.583855],[111.536135,30.566761],[111.526469,30.562245],[111.526324,30.553578],[111.521176,30.553668],[111.509386,30.543623],[111.503694,30.543095],[111.476959,30.558564],[111.480636,30.569967],[111.474406,30.575767],[111.473893,30.584915],[111.4658,30.596705],[111.461691,30.612183],[111.453582,30.617972],[111.453743,30.62642],[111.44716,30.640359],[111.449786,30.652541],[111.444444,30.659552],[111.453449,30.665682],[111.4604,30.666222],[111.465756,30.673865],[111.452051,30.676333],[111.445113,30.681321],[111.436582,30.674832],[111.432898,30.665218],[111.434401,30.660721],[111.422764,30.651416],[111.415817,30.650759],[111.406689,30.641252],[111.403992,30.643809],[111.404514,30.654137],[111.398965,30.663178],[111.403385,30.664506],[111.402795,30.672069],[111.396729,30.673625],[111.395874,30.678543],[111.389024,30.679666],[111.385787,30.684329],[111.368518,30.684166],[111.364757,30.686882],[111.366334,30.693422],[111.360811,30.699944],[111.366351,30.710751],[111.361083,30.713262],[111.363882,30.719287],[111.358737,30.73059],[111.36284,30.738859],[111.358552,30.743955],[111.359035,30.749775],[111.35581,30.751807],[111.34402,30.74428],[111.334554,30.747693],[111.332133,30.745803],[111.332488,30.750997],[111.324087,30.759761],[111.311412,30.755084],[111.286626,30.755635],[111.291796,30.742859],[111.282755,30.742688],[111.281143,30.751367],[111.276516,30.756828],[111.257231,30.766641],[111.208519,30.773558],[111.192701,30.77303],[111.164792,30.779005],[111.156894,30.774258],[111.143768,30.776525],[111.134016,30.766363],[111.109314,30.755989],[111.093289,30.740387],[111.09088,30.741281],[111.093474,30.751722],[111.077572,30.758338],[111.074247,30.753697],[111.065728,30.752074],[111.065898,30.748042],[111.055695,30.747113],[111.039651,30.733753],[111.027246,30.732822],[111.009792,30.722723],[111.000571,30.723852],[110.997079,30.720434],[110.98633,30.722806],[110.98076,30.714245],[110.971276,30.710734],[110.928841,30.717302],[110.926934,30.720765],[110.929658,30.726504],[110.93847,30.721638],[110.950532,30.720299],[110.958167,30.731892],[110.961322,30.732099],[110.963248,30.740823],[110.987885,30.749024],[110.990983,30.754007],[110.98369,30.766823],[111.001226,30.78615],[111.0022,30.796446],[110.986068,30.804929],[110.984523,30.818213],[110.992811,30.817604],[110.988116,30.825519],[110.997955,30.823349],[110.999406,30.832719],[110.971634,30.866166],[110.957803,30.872173],[110.935416,30.87529],[110.908343,30.887079],[110.888892,30.88769],[110.885527,30.906986],[110.872106,30.910216],[110.861742,30.918507],[110.861,30.930863],[110.875876,30.936427],[110.878216,30.944113],[110.863266,30.966442]]]}},{"type":"Feature","properties":{"id":"cn:420525","name":"远安县","level":2},"geometry":{"type":"Polygon","coordinates":[[[111.245073,31.19587],[111.243232,31.212407],[111.258715,31.21706],[111.261092,31.24059],[111.266081,31.254573],[111.278636,31.258532],[111.296479,31.250817],[111.310424,31.259493],[111.308038,31.265402],[111.281473,31.267894],[111.27276,31.279806],[111.262436,31.282588],[111.257858,31.287725],[111.262017,31.29738],[111.274215,31.306426],[111.263126,31.316973],[111.265084,31.3235],[111.29221,31.342195],[111.305501,31.343386],[111.32633,31.327585],[111.336,31.334078],[111.325648,31.350476],[111.331268,31.354019],[111.342867,31.348629],[111.355604,31.349077],[111.370327,31.360672],[111.395182,31.364888],[111.404808,31.37174],[111.426848,31.363676],[111.424756,31.352281],[111.429174,31.337718],[111.42744,31.32277],[111.432362,31.314901],[111.454724,31.309503],[111.513222,31.30444],[111.591207,31.342357],[111.611798,31.363102],[111.619307,31.374894],[111.623074,31.375289],[111.641824,31.364421],[111.654639,31.351817],[111.670391,31.352381],[111.689603,31.360328],[111.700078,31.353012],[111.704449,31.360896],[111.715747,31.359512],[111.731235,31.36805],[111.739341,31.367893],[111.742678,31.357404],[111.7382,31.353616],[111.738882,31.348667],[111.747635,31.345146],[111.742181,31.338704],[111.741786,31.329665],[111.736816,31.331955],[111.735783,31.329008],[111.748187,31.326849],[111.752828,31.321814],[111.74315,31.321639],[111.744295,31.312029],[111.73572,31.308624],[111.731654,31.296906],[111.742976,31.298483],[111.737677,31.291294],[111.747112,31.291424],[111.747222,31.286432],[111.752985,31.288345],[111.749598,31.281968],[111.760159,31.283882],[111.767665,31.280764],[111.769676,31.267008],[111.777809,31.266663],[111.776692,31.273815],[111.781684,31.275639],[111.793466,31.258561],[111.793907,31.248505],[111.802429,31.25274],[111.809012,31.251579],[111.824887,31.24293],[111.829827,31.23215],[111.83409,31.230486],[111.841498,31.235132],[111.849685,31.231914],[111.849933,31.238081],[111.855596,31.237224],[111.855964,31.227477],[111.866738,31.223878],[111.864183,31.21429],[111.872142,31.214955],[111.878267,31.21095],[111.871588,31.197369],[111.878993,31.190122],[111.879509,31.176385],[111.863949,31.173507],[111.862407,31.157463],[111.859413,31.153856],[111.845214,31.151403],[111.837335,31.138105],[111.827546,31.136856],[111.826874,31.131768],[111.831931,31.123314],[111.819849,31.118154],[111.810323,31.092771],[111.789989,31.078937],[111.778427,31.086002],[111.766848,31.074336],[111.759374,31.056364],[111.766741,31.04177],[111.757834,31.036233],[111.759901,31.024694],[111.765196,31.016419],[111.750814,31.01252],[111.753691,31.016519],[111.747626,31.016519],[111.740205,31.02612],[111.730784,31.030524],[111.727758,31.029848],[111.728758,31.020015],[111.726177,31.016098],[111.715549,31.021996],[111.706946,31.020541],[111.703946,31.01196],[111.695189,31.007263],[111.692839,31.002223],[111.699551,30.99535],[111.696056,30.990144],[111.691641,30.989505],[111.696458,30.972182],[111.692728,30.964718],[111.67018,30.959943],[111.657146,30.968441],[111.643146,30.966762],[111.642616,30.958791],[111.650559,30.954768],[111.661895,30.954862],[111.671129,30.946575],[111.66614,30.932313],[111.659989,30.926634],[111.661245,30.924434],[111.652838,30.924688],[111.647765,30.919129],[111.652318,30.91291],[111.649962,30.911489],[111.635995,30.918408],[111.628953,30.91102],[111.618828,30.917351],[111.605796,30.919439],[111.598993,30.912023],[111.598653,30.904729],[111.603572,30.902021],[111.588115,30.89595],[111.581016,30.886482],[111.57497,30.884443],[111.568349,30.890366],[111.569825,30.899772],[111.56656,30.902925],[111.535891,30.916244],[111.513628,30.935022],[111.515605,30.942726],[111.523333,30.950461],[111.518076,30.971861],[111.527621,30.981046],[111.522609,30.983322],[111.523249,30.997623],[111.517005,31.011872],[111.531739,31.024435],[111.525568,31.032487],[111.515146,31.038762],[111.507508,31.039451],[111.491285,31.03222],[111.481501,31.036913],[111.479979,31.044181],[111.485088,31.057342],[111.493549,31.062441],[111.49408,31.071865],[111.484094,31.070134],[111.47976,31.075859],[111.468013,31.081084],[111.450566,31.077734],[111.44568,31.081393],[111.437631,31.09859],[111.419907,31.111415],[111.388686,31.126061],[111.365896,31.133819],[111.352879,31.134401],[111.356707,31.148065],[111.363641,31.151515],[111.359253,31.155903],[111.354473,31.156811],[111.344244,31.152129],[111.321893,31.16852],[111.311726,31.168202],[111.305685,31.174803],[111.291951,31.170665],[111.276874,31.18365],[111.267283,31.184645],[111.245073,31.19587]]]}},{"type":"Feature","properties":{"id":"cn:420526","name":"兴山县","level":2},"geometry":{"type":"MultiPolygon","coordinates":[[[[110.720147,31.157407],[110.721824,31.158557],[110.720352,31.156661],[110.720147,31.157407]]],[[[110.421645,31.313162],[110.436553,31.319772],[110.442588,31.331107],[110.462448,31.330913],[110.476982,31.339802],[110.48588,31.359506],[110.485747,31.3719],[110.489408,31.375071],[110.504395,31.364751],[110.507526,31.358451],[110.503003,31.349838],[110.516989,31.339898],[110.519385,31.32788],[110.532383,31.319556],[110.537194,31.318985],[110.568992,31.332443],[110.571762,31.346701],[110.562845,31.358835],[110.561596,31.368386],[110.575974,31.383802],[110.573634,31.40213],[110.583371,31.411876],[110.583943,31.421096],[110.600808,31.449432],[110.601457,31.460699],[110.608766,31.469109],[110.607027,31.485387],[110.613528,31.487748],[110.636644,31.481861],[110.649105,31.485119],[110.672792,31.484152],[110.682116,31.487619],[110.69032,31.479947],[110.702702,31.479315],[110.727028,31.515729],[110.726501,31.531233],[110.738454,31.540772],[110.763975,31.543763],[110.779424,31.553325],[110.791355,31.555222],[110.80705,31.538802],[110.821451,31.544151],[110.824295,31.540537],[110.825827,31.523482],[110.835645,31.51574],[110.843008,31.501738],[110.848738,31.500978],[110.877617,31.519236],[110.884054,31.530258],[110.901851,31.532768],[110.910293,31.554844],[110.942604,31.568662],[110.971067,31.57155],[110.98443,31.568402],[110.996032,31.570595],[111.00215,31.566009],[111.036335,31.567856],[111.041059,31.561496],[111.041459,31.551206],[111.030116,31.541035],[111.049094,31.527318],[111.050136,31.515439],[111.05643,31.505864],[111.036441,31.488257],[111.035,31.457371],[111.046431,31.443724],[111.059713,31.439641],[111.06953,31.444253],[111.083815,31.433203],[111.086304,31.426842],[111.081403,31.417762],[111.06514,31.413057],[111.074623,31.406508],[111.072228,31.388218],[111.081093,31.37464],[111.090722,31.366832],[111.091759,31.361897],[111.111741,31.350645],[111.113396,31.33699],[111.103493,31.315683],[111.088128,31.317778],[111.081971,31.312786],[111.087459,31.29909],[111.098012,31.288225],[111.092465,31.282281],[111.083979,31.281098],[111.083623,31.269498],[111.078939,31.258348],[111.090218,31.244685],[111.095181,31.225885],[111.111611,31.218766],[111.105188,31.199884],[111.086149,31.190232],[111.088259,31.167291],[111.072351,31.165922],[111.067757,31.159385],[111.063042,31.160244],[111.054696,31.147152],[111.040551,31.139806],[111.034393,31.142657],[111.030052,31.135254],[111.001264,31.12909],[111.003946,31.115388],[110.997859,31.10738],[110.999795,31.098941],[110.996104,31.092998],[110.976203,31.101346],[110.956522,31.105416],[110.953332,31.112499],[110.945184,31.119121],[110.925114,31.121701],[110.920821,31.116723],[110.920676,31.098779],[110.915987,31.092561],[110.897592,31.09244],[110.892099,31.095768],[110.8899,31.090306],[110.87862,31.090414],[110.871533,31.095753],[110.859193,31.098636],[110.849697,31.109243],[110.838169,31.106562],[110.831209,31.116262],[110.820182,31.110912],[110.810258,31.113352],[110.791682,31.102014],[110.769748,31.096536],[110.760436,31.10196],[110.76142,31.110215],[110.74804,31.122573],[110.732139,31.115159],[110.732306,31.123607],[110.726574,31.128106],[110.726652,31.133929],[110.734661,31.134028],[110.739473,31.153465],[110.735947,31.158274],[110.730737,31.154099],[110.729201,31.1603],[110.721218,31.163385],[110.720161,31.168036],[110.724351,31.176036],[110.717219,31.177236],[110.70591,31.186373],[110.688181,31.179791],[110.684856,31.173037],[110.676007,31.16832],[110.662415,31.178146],[110.660962,31.184715],[110.644901,31.191057],[110.63094,31.189493],[110.62341,31.185197],[110.605768,31.186389],[110.594915,31.179338],[110.588736,31.170297],[110.589039,31.165671],[110.599934,31.155119],[110.603215,31.148653],[110.602246,31.142424],[110.596797,31.131628],[110.574599,31.118898],[110.561992,31.122363],[110.545104,31.137518],[110.534168,31.133647],[110.5097,31.146138],[110.507091,31.156006],[110.494452,31.164197],[110.495112,31.184883],[110.471003,31.188294],[110.468417,31.196895],[110.472061,31.202529],[110.470366,31.205801],[110.479984,31.206184],[110.483769,31.21234],[110.479191,31.233958],[110.500656,31.252817],[110.493111,31.256278],[110.469742,31.254749],[110.459143,31.264236],[110.446558,31.26329],[110.444999,31.271619],[110.433323,31.278214],[110.429255,31.284917],[110.433475,31.290988],[110.431229,31.30385],[110.421645,31.313162]],[[111.054837,31.432908],[111.044315,31.440898],[111.034162,31.425334],[111.041025,31.423096],[111.054837,31.432908]]]]}},{"type":"Feature","properties":{"id":"cn:420527","name":"秭归县","level":2},"geometry":{"type":"Polygon","coordinates":[[[110.323093,30.790499],[110.331547,30.799334],[110.334291,30.808615],[110.327793,30.815731],[110.327497,30.822738],[110.332419,30.825713],[110.33093,30.829289],[110.35053,30.834102],[110.358122,30.844774],[110.369062,30.847859],[110.399511,30.875071],[110.408585,30.877848],[110.416054,30.872955],[110.420264,30.873822],[110.438254,30.883941],[110.426604,30.910929],[110.41931,30.91381],[110.435079,30.949677],[110.434621,30.957622],[110.439722,30.971734],[110.437682,31.001426],[110.441164,31.032808],[110.472585,31.039969],[110.472536,31.048947],[110.460955,31.070931],[110.460842,31.083539],[110.493203,31.087852],[110.507631,31.099577],[110.512553,31.109775],[110.531123,31.123102],[110.534168,31.133647],[110.542316,31.137469],[110.553331,31.132306],[110.563824,31.121269],[110.579634,31.120027],[110.597582,31.132308],[110.602562,31.143369],[110.599934,31.155119],[110.589039,31.165671],[110.588736,31.170297],[110.594915,31.179338],[110.605768,31.186389],[110.62341,31.185197],[110.63094,31.189493],[110.644901,31.191057],[110.660962,31.184715],[110.662415,31.178146],[110.676007,31.16832],[110.684856,31.173037],[110.688181,31.179791],[110.70591,31.186373],[110.717219,31.177236],[110.724351,31.176036],[110.720161,31.168036],[110.721218,31.163385],[110.729201,31.1603],[110.730737,31.154099],[110.735947,31.158274],[110.739473,31.153465],[110.734661,31.134028],[110.726652,31.133929],[110.726574,31.128106],[110.732306,31.123607],[110.732139,31.115159],[110.74804,31.122573],[110.76142,31.110215],[110.760436,31.10196],[110.769748,31.096536],[110.791682,31.102014],[110.810258,31.113352],[110.820182,31.110912],[110.831209,31.116262],[110.838169,31.106562],[110.849697,31.109243],[110.859193,31.098636],[110.871533,31.095753],[110.87862,31.090414],[110.8899,31.090306],[110.892099,31.095768],[110.897592,31.09244],[110.908294,31.092517],[110.904981,31.08179],[110.884526,31.075053],[110.88999,31.06419],[110.89696,31.062591],[110.907514,31.065272],[110.912418,31.059693],[110.90387,31.052678],[110.881826,31.046552],[110.88001,31.037943],[110.882777,31.03372],[110.878172,31.0301],[110.871078,31.027244],[110.859528,31.029236],[110.851433,31.025276],[110.863266,30.966442],[110.878216,30.944113],[110.875876,30.936427],[110.861,30.930863],[110.86058,30.921626],[110.872106,30.910216],[110.885527,30.906986],[110.888892,30.88769],[110.908343,30.887079],[110.935416,30.87529],[110.96463,30.869988],[110.975892,30.862451],[110.999606,30.831639],[110.997955,30.823349],[110.988116,30.825519],[110.993086,30.818316],[110.984523,30.818213],[110.985352,30.806165],[111.0022,30.796446],[111.001226,30.78615],[110.98369,30.766823],[110.98472,30.761637],[110.991273,30.757524],[110.987885,30.749024],[110.963248,30.740823],[110.961322,30.732099],[110.958167,30.731892],[110.950532,30.720299],[110.93847,30.721638],[110.927327,30.727656],[110.917566,30.720901],[110.909952,30.708923],[110.907135,30.71249],[110.908253,30.717259],[110.901627,30.723079],[110.896554,30.73984],[110.890191,30.742841],[110.879827,30.741038],[110.87342,30.732795],[110.872778,30.710087],[110.870642,30.705734],[110.852014,30.693627],[110.851104,30.678711],[110.841904,30.679178],[110.837084,30.687597],[110.828805,30.691281],[110.825973,30.70133],[110.811377,30.71124],[110.796068,30.701569],[110.783993,30.665805],[110.778133,30.662379],[110.755069,30.66426],[110.745519,30.661069],[110.73512,30.642275],[110.727411,30.638849],[110.658497,30.648362],[110.650033,30.654793],[110.648983,30.666266],[110.643437,30.672466],[110.59335,30.68766],[110.59367,30.718629],[110.578845,30.742499],[110.58631,30.757406],[110.585277,30.772319],[110.582091,30.77507],[110.565902,30.773476],[110.545702,30.763624],[110.531892,30.755369],[110.516475,30.738856],[110.47425,30.738036],[110.453168,30.733105],[110.447317,30.734747],[110.436164,30.747175],[110.428464,30.773898],[110.417175,30.784317],[110.379645,30.784078],[110.369955,30.769924],[110.355306,30.759209],[110.329526,30.754947],[110.320982,30.756887],[110.313254,30.764571],[110.323093,30.790499]],[[110.721279,31.156638],[110.72052,31.158778],[110.720207,31.15676],[110.721279,31.156638]]]}},{"type":"Feature","properties":{"id":"cn:420528","name":"长阳土家族自治县","level":2},"geometry":{"type":"Polygon","coordinates":[[[110.34586,30.333743],[110.362084,30.338663],[110.34842,30.349319],[110.348299,30.36262],[110.358316,30.383869],[110.370477,30.393327],[110.373254,30.399528],[110.372828,30.403487],[110.364303,30.407864],[110.362043,30.415367],[110.363158,30.420624],[110.369948,30.425945],[110.368136,30.443741],[110.372768,30.44805],[110.362085,30.468964],[110.362782,30.472972],[110.36868,30.476881],[110.382008,30.471563],[110.402052,30.480015],[110.404007,30.483146],[110.396074,30.489132],[110.396907,30.492586],[110.406638,30.485354],[110.434387,30.491949],[110.439907,30.513693],[110.445421,30.518144],[110.446413,30.523686],[110.461477,30.525227],[110.469104,30.544168],[110.465995,30.552466],[110.473206,30.556866],[110.483398,30.557942],[110.479716,30.567863],[110.474253,30.564572],[110.461508,30.565353],[110.466889,30.580401],[110.460964,30.596668],[110.448899,30.60495],[110.438368,30.606051],[110.427685,30.619711],[110.442092,30.632495],[110.444023,30.65187],[110.464131,30.651548],[110.458617,30.668423],[110.447329,30.672001],[110.451661,30.703901],[110.460472,30.715758],[110.455428,30.723378],[110.455864,30.733117],[110.47425,30.738036],[110.516475,30.738856],[110.531892,30.755369],[110.56111,30.771875],[110.575989,30.775766],[110.585277,30.772319],[110.58631,30.757406],[110.578845,30.742499],[110.59367,30.718629],[110.59335,30.68766],[110.643437,30.672466],[110.648983,30.666266],[110.650033,30.654793],[110.658497,30.648362],[110.704356,30.640263],[110.730876,30.63976],[110.73512,30.642275],[110.745519,30.661069],[110.755069,30.66426],[110.778133,30.662379],[110.783993,30.665805],[110.796068,30.701569],[110.811377,30.71124],[110.825973,30.70133],[110.828805,30.691281],[110.837084,30.687597],[110.841904,30.679178],[110.848816,30.677212],[110.85321,30.682511],[110.852014,30.693627],[110.870642,30.705734],[110.872778,30.710087],[110.875035,30.73669],[110.879827,30.741038],[110.893099,30.742144],[110.899167,30.734555],[110.901627,30.723079],[110.908253,30.717259],[110.907135,30.71249],[110.909952,30.708923],[110.917566,30.720901],[110.928452,30.727712],[110.928841,30.717302],[110.951073,30.712893],[110.963517,30.713944],[110.970277,30.710735],[110.968416,30.707171],[110.958733,30.704903],[110.950601,30.695548],[110.961815,30.682387],[110.969644,30.682144],[110.98102,30.674341],[110.994324,30.65835],[110.9959,30.649712],[111.003329,30.651212],[110.998258,30.647334],[110.999967,30.644723],[111.007735,30.642656],[111.033071,30.618925],[111.049284,30.628079],[111.090835,30.628271],[111.10259,30.626174],[111.11511,30.617237],[111.125756,30.617164],[111.143293,30.6057],[111.150003,30.606249],[111.151852,30.614196],[111.156816,30.614984],[111.158119,30.611887],[111.165606,30.614874],[111.18547,30.60502],[111.184836,30.599508],[111.190157,30.592969],[111.191141,30.600517],[111.198696,30.602423],[111.202648,30.595109],[111.198675,30.590031],[111.208509,30.582075],[111.206128,30.567938],[111.212168,30.565798],[111.239466,30.569476],[111.244568,30.560888],[111.251559,30.557011],[111.25728,30.533739],[111.271339,30.524729],[111.270959,30.513718],[111.295475,30.504512],[111.29565,30.498817],[111.28507,30.495812],[111.289075,30.483655],[111.275168,30.484426],[111.272592,30.480257],[111.284664,30.477237],[111.295886,30.481833],[111.311551,30.497794],[111.329277,30.492472],[111.335526,30.48415],[111.338171,30.473973],[111.337651,30.466156],[111.331839,30.457284],[111.315103,30.441286],[111.314813,30.417118],[111.310197,30.413997],[111.295964,30.417469],[111.289805,30.414703],[111.287785,30.409745],[111.292143,30.39914],[111.309788,30.392866],[111.312244,30.387582],[111.31256,30.383255],[111.307395,30.379796],[111.304755,30.370214],[111.291852,30.366577],[111.283988,30.356265],[111.273191,30.355423],[111.262531,30.349286],[111.254894,30.353171],[111.246467,30.349935],[111.245019,30.342223],[111.236239,30.340485],[111.235777,30.333957],[111.228792,30.336136],[111.227016,30.339933],[111.217522,30.341083],[111.216389,30.328441],[111.221503,30.329452],[111.227641,30.325187],[111.224591,30.320279],[111.2254,30.311888],[111.21581,30.316638],[111.199533,30.318076],[111.174266,30.325809],[111.165451,30.313832],[111.165124,30.305931],[111.158834,30.299128],[111.153086,30.284753],[111.162234,30.276247],[111.149594,30.265853],[111.154518,30.258926],[111.161804,30.25932],[111.161872,30.251659],[111.155751,30.252011],[111.149614,30.2407],[111.143886,30.23767],[111.132122,30.237406],[111.125106,30.20775],[111.11045,30.198212],[111.106748,30.198306],[111.104789,30.209369],[111.09952,30.209374],[111.090785,30.218725],[111.08202,30.222402],[111.07171,30.220671],[111.071333,30.23096],[111.063485,30.231966],[111.064645,30.239448],[111.060489,30.238782],[111.062801,30.244594],[111.057936,30.251797],[111.059771,30.255142],[111.048976,30.261376],[111.044323,30.278605],[111.010599,30.294803],[110.985487,30.292604],[110.969019,30.278212],[110.953985,30.281248],[110.922726,30.265753],[110.909714,30.249275],[110.876215,30.257637],[110.853994,30.255174],[110.83691,30.272428],[110.808342,30.262864],[110.76474,30.256999],[110.752926,30.277211],[110.748965,30.279056],[110.713558,30.277974],[110.693237,30.285118],[110.675319,30.302584],[110.670884,30.318651],[110.660841,30.323942],[110.642611,30.325342],[110.607516,30.350846],[110.555685,30.349046],[110.566301,30.368771],[110.558671,30.394932],[110.534398,30.399248],[110.523524,30.407169],[110.504705,30.406721],[110.492297,30.41676],[110.484352,30.411755],[110.462934,30.407567],[110.453142,30.397011],[110.451015,30.381868],[110.429062,30.352949],[110.387656,30.331559],[110.364974,30.31452],[110.34586,30.333743]]]}},{"type":"Feature","properties":{"id":"cn:420529","name":"五峰土家族自治县","level":2},"geometry":{"type":"Polygon","coordinates":[[[110.250748,30.236988],[110.271277,30.246226],[110.293516,30.246068],[110.318464,30.252767],[110.345139,30.245916],[110.348542,30.26584],[110.368342,30.30674],[110.364974,30.31452],[110.387656,30.331559],[110.429062,30.352949],[110.451015,30.381868],[110.453142,30.397011],[110.462934,30.407567],[110.484352,30.411755],[110.492297,30.41676],[110.504705,30.406721],[110.523524,30.407169],[110.534398,30.399248],[110.558671,30.394932],[110.566301,30.368771],[110.555685,30.349046],[110.607516,30.350846],[110.642611,30.325342],[110.660841,30.323942],[110.670884,30.318651],[110.675319,30.302584],[110.693237,30.285118],[110.713558,30.277974],[110.748965,30.279056],[110.752926,30.277211],[110.76474,30.256999],[110.808342,30.262864],[110.83691,30.272428],[110.853994,30.255174],[110.876215,30.257637],[110.909714,30.249275],[110.922726,30.265753],[110.953985,30.281248],[110.969019,30.278212],[110.985487,30.292604],[111.010599,30.294803],[111.044323,30.278605],[111.048976,30.261376],[111.059771,30.255142],[111.057936,30.251797],[111.062801,30.244594],[111.060489,30.238782],[111.064645,30.239448],[111.063485,30.231966],[111.071333,30.23096],[111.07171,30.220671],[111.083251,30.222067],[111.09952,30.209374],[111.104789,30.209369],[111.107818,30.202264],[111.103857,30.194279],[111.109925,30.178532],[111.11896,30.177532],[111.120722,30.173291],[111.09915,30.147804],[111.104367,30.139519],[111.137352,30.14005],[111.168342,30.155955],[111.199956,30.150282],[111.254575,30.150664],[111.268785,30.145762],[111.273169,30.134493],[111.283741,30.136036],[111.297813,30.146736],[111.315773,30.148002],[111.335903,30.129288],[111.33608,30.116032],[111.347576,30.108846],[111.34967,30.095503],[111.321675,30.084457],[111.311511,30.053188],[111.3075,30.050952],[111.245582,30.046293],[111.238255,30.042157],[111.17513,30.046894],[111.172171,30.042965],[111.082743,30.051747],[111.06645,30.049627],[111.026094,30.051391],[111.002066,30.056535],[110.993073,30.061986],[110.935912,30.063991],[110.924835,30.066196],[110.920347,30.070291],[110.917501,30.080352],[110.920166,30.09727],[110.918108,30.11521],[110.892864,30.112585],[110.865434,30.116664],[110.853004,30.121278],[110.846086,30.129082],[110.832777,30.125124],[110.809245,30.128629],[110.797874,30.117064],[110.783194,30.122607],[110.764462,30.122791],[110.741257,30.115207],[110.748001,30.103889],[110.74387,30.090914],[110.751439,30.084952],[110.749069,30.0667],[110.75104,30.056905],[110.736985,30.044371],[110.719928,30.043345],[110.707299,30.035776],[110.700077,30.036987],[110.678367,30.05448],[110.679816,30.063172],[110.646092,30.080368],[110.621752,30.06657],[110.596231,30.057439],[110.568627,30.061969],[110.559964,30.057093],[110.557429,30.060156],[110.546232,30.058365],[110.526466,30.063782],[110.516344,30.061588],[110.512204,30.056316],[110.503264,30.053036],[110.492587,30.057836],[110.494522,30.051291],[110.490998,30.042805],[110.494851,30.029537],[110.447482,29.997879],[110.42197,29.961855],[110.386276,29.957554],[110.365209,29.961847],[110.349583,29.957609],[110.33494,29.945567],[110.302327,29.957045],[110.297665,29.965337],[110.308386,29.980393],[110.300721,30.004299],[110.311979,30.019585],[110.313265,30.040215],[110.319149,30.047051],[110.315374,30.065655],[110.319948,30.071813],[110.334844,30.080646],[110.338889,30.088184],[110.336328,30.09623],[110.313941,30.103275],[110.340373,30.126014],[110.342292,30.132648],[110.331007,30.14076],[110.3023,30.15152],[110.299176,30.156359],[110.298551,30.172188],[110.270894,30.184768],[110.272049,30.194651],[110.297042,30.205153],[110.290821,30.215806],[110.278405,30.222441],[110.259447,30.225212],[110.250748,30.236988]]]}},{"type":"Feature","properties":{"id":"cn:420581","name":"宜都市","level":2},"geometry":{"type":"MultiPolygon","coordinates":[[[[111.09915,30.147804],[111.120722,30.173291],[111.11896,30.177532],[111.109925,30.178532],[111.104475,30.196026],[111.125106,30.20775],[111.132122,30.237406],[111.143886,30.23767],[111.149614,30.2407],[111.155751,30.252011],[111.162589,30.253177],[111.161804,30.25932],[111.154518,30.258926],[111.149594,30.265853],[111.162234,30.276247],[111.153086,30.284753],[111.158834,30.299128],[111.165124,30.305931],[111.165451,30.313832],[111.174266,30.325809],[111.199533,30.318076],[111.21581,30.316638],[111.2254,30.311888],[111.224591,30.320279],[111.227641,30.325187],[111.221503,30.329452],[111.216389,30.328441],[111.217522,30.341083],[111.227016,30.339933],[111.228792,30.336136],[111.235777,30.333957],[111.236239,30.340485],[111.245019,30.342223],[111.246467,30.349935],[111.254894,30.353171],[111.262531,30.349286],[111.273191,30.355423],[111.283988,30.356265],[111.291852,30.366577],[111.303956,30.369422],[111.308878,30.382269],[111.31256,30.383255],[111.309788,30.392866],[111.292143,30.39914],[111.287785,30.409745],[111.289805,30.414703],[111.295964,30.417469],[111.310197,30.413997],[111.314813,30.417118],[111.315103,30.441286],[111.337651,30.466156],[111.335526,30.48415],[111.329277,30.492472],[111.311551,30.497794],[111.295886,30.481833],[111.284664,30.477237],[111.272592,30.480257],[111.275168,30.484426],[111.289075,30.483655],[111.28507,30.495812],[111.29565,30.498817],[111.296512,30.501975],[111.291623,30.507498],[111.270959,30.513718],[111.271339,30.524729],[111.25728,30.533739],[111.251559,30.557011],[111.244568,30.560888],[111.237848,30.570381],[111.243457,30.574725],[111.247241,30.584256],[111.2606,30.584678],[111.284006,30.599087],[111.296793,30.593069],[111.300803,30.583811],[111.310351,30.583037],[111.324187,30.565724],[111.345499,30.560195],[111.350582,30.559859],[111.352208,30.563826],[111.344555,30.573828],[111.353987,30.575412],[111.354748,30.580346],[111.367636,30.577037],[111.371512,30.585182],[111.381925,30.58158],[111.388918,30.583596],[111.399592,30.54031],[111.415241,30.509564],[111.438858,30.481756],[111.443869,30.462631],[111.439088,30.42709],[111.442682,30.417508],[111.448681,30.411227],[111.461024,30.409887],[111.499279,30.41985],[111.516614,30.4139],[111.524723,30.40512],[111.529149,30.391391],[111.52599,30.373922],[111.521103,30.362025],[111.504331,30.340822],[111.499404,30.327983],[111.506146,30.308988],[111.510561,30.301796],[111.547735,30.269314],[111.568419,30.257322],[111.572959,30.239726],[111.580291,30.240416],[111.586921,30.235786],[111.589683,30.237758],[111.589347,30.243136],[111.601438,30.2346],[111.593902,30.219734],[111.586761,30.216239],[111.58474,30.196394],[111.574165,30.192282],[111.572303,30.173329],[111.57963,30.164135],[111.568466,30.153753],[111.570411,30.139123],[111.567741,30.124422],[111.521076,30.099208],[111.501554,30.112832],[111.47849,30.10285],[111.458818,30.103771],[111.445408,30.113158],[111.435427,30.111082],[111.397717,30.125729],[111.382396,30.126243],[111.369901,30.108058],[111.34967,30.095503],[111.347576,30.108846],[111.33608,30.116032],[111.335903,30.129288],[111.315773,30.148002],[111.297813,30.146736],[111.283741,30.136036],[111.273169,30.134493],[111.268785,30.145762],[111.254575,30.150664],[111.199956,30.150282],[111.168342,30.155955],[111.137352,30.14005],[111.111224,30.13811],[111.101753,30.141137],[111.09915,30.147804]]],[[[111.582688,30.171152],[111.592132,30.170535],[111.59578,30.163889],[111.595014,30.15702],[111.591538,30.157531],[111.582688,30.171152]]]]}},{"type":"Feature","properties":{"id":"cn:420582","name":"当阳市","level":2},"geometry":{"type":"Polygon","coordinates":[[[112.068243,30.699315],[112.080469,30.672344],[112.0754,30.661673],[112.064625,30.659817],[112.060558,30.654389],[112.055808,30.654822],[112.055715,30.659376],[112.045283,30.655832],[112.045792,30.660645],[112.042742,30.660802],[112.038872,30.655596],[112.015401,30.647564],[112.017477,30.642594],[112.007337,30.619385],[111.980867,30.603359],[111.983267,30.591565],[111.979972,30.584681],[111.968957,30.576867],[111.990687,30.570645],[111.996312,30.555843],[111.994248,30.549313],[111.97589,30.526724],[111.969054,30.506372],[111.924237,30.508777],[111.921383,30.515185],[111.926946,30.520116],[111.902835,30.545735],[111.900043,30.557908],[111.876148,30.56386],[111.87563,30.57117],[111.891555,30.576831],[111.891725,30.585453],[111.883799,30.590627],[111.883718,30.593821],[111.874555,30.593338],[111.870096,30.586764],[111.863429,30.584323],[111.857268,30.588248],[111.838757,30.582215],[111.825615,30.591363],[111.818168,30.586206],[111.806197,30.585194],[111.802985,30.588473],[111.803953,30.593557],[111.795809,30.602544],[111.791286,30.603641],[111.790084,30.600125],[111.779026,30.596601],[111.774591,30.605517],[111.775081,30.612867],[111.767961,30.613666],[111.765524,30.607635],[111.757754,30.601538],[111.747886,30.597519],[111.745077,30.602824],[111.74256,30.598146],[111.74445,30.593007],[111.722693,30.60075],[111.723844,30.593134],[111.718315,30.591747],[111.705553,30.579956],[111.697408,30.586415],[111.697988,30.595215],[111.70546,30.612078],[111.700227,30.618092],[111.700189,30.628607],[111.703209,30.637116],[111.710336,30.638949],[111.715233,30.660949],[111.707466,30.661848],[111.700592,30.649068],[111.69157,30.64273],[111.692415,30.637714],[111.689252,30.636791],[111.672962,30.650167],[111.674296,30.661963],[111.671744,30.65592],[111.671025,30.661696],[111.658646,30.662963],[111.648907,30.654368],[111.64508,30.641156],[111.638312,30.638682],[111.636276,30.634146],[111.633331,30.636424],[111.627219,30.632197],[111.627036,30.643157],[111.614317,30.655926],[111.618018,30.659029],[111.616302,30.665352],[111.620727,30.672167],[111.627692,30.672648],[111.62807,30.683258],[111.624058,30.688738],[111.613846,30.691115],[111.612343,30.683961],[111.600263,30.693279],[111.589963,30.673172],[111.585075,30.674028],[111.579465,30.680647],[111.579367,30.690614],[111.567013,30.734408],[111.568119,30.746409],[111.555096,30.764831],[111.56538,30.782123],[111.565128,30.793904],[111.57365,30.794462],[111.571659,30.802904],[111.581836,30.829224],[111.581126,30.843757],[111.574505,30.84725],[111.579799,30.859017],[111.575229,30.865359],[111.550235,30.876877],[111.552683,30.890584],[111.548483,30.89373],[111.539249,30.890646],[111.539461,30.899304],[111.549296,30.908748],[111.555518,30.907923],[111.568326,30.901463],[111.568349,30.890366],[111.5779,30.884737],[111.588115,30.89595],[111.603572,30.902021],[111.598653,30.904729],[111.598993,30.912023],[111.605796,30.919439],[111.618828,30.917351],[111.628953,30.91102],[111.635995,30.918408],[111.649962,30.911489],[111.652318,30.91291],[111.647765,30.919129],[111.652838,30.924688],[111.661245,30.924434],[111.659989,30.926634],[111.66614,30.932313],[111.671129,30.946575],[111.661895,30.954862],[111.650559,30.954768],[111.642616,30.958791],[111.643146,30.966762],[111.657146,30.968441],[111.67018,30.959943],[111.692728,30.964718],[111.696458,30.972182],[111.691641,30.989505],[111.696056,30.990144],[111.699551,30.99535],[111.693495,31.000132],[111.695189,31.007263],[111.703946,31.01196],[111.709037,31.021859],[111.715549,31.021996],[111.726177,31.016098],[111.728758,31.020015],[111.728109,31.03028],[111.740205,31.02612],[111.747626,31.016519],[111.753691,31.016519],[111.750814,31.01252],[111.765196,31.016419],[111.759901,31.024694],[111.757834,31.036233],[111.766741,31.04177],[111.759374,31.056364],[111.766848,31.074336],[111.778427,31.086002],[111.789989,31.078937],[111.810323,31.092771],[111.819849,31.118154],[111.831931,31.123314],[111.826874,31.131768],[111.827546,31.136856],[111.837335,31.138105],[111.845214,31.151403],[111.859413,31.153856],[111.862407,31.157463],[111.863949,31.173507],[111.875259,31.173696],[111.886957,31.180459],[111.899009,31.195928],[111.902748,31.189282],[111.897156,31.177868],[111.9012,31.173473],[111.914634,31.183174],[111.921288,31.175713],[111.930077,31.174441],[111.928362,31.154752],[111.922569,31.143561],[111.924355,31.140878],[111.932007,31.14048],[111.938912,31.125485],[111.947305,31.125614],[111.95775,31.117554],[111.950693,31.111571],[111.948451,31.104923],[111.935984,31.099947],[111.921494,31.075843],[111.91398,31.076665],[111.906251,31.083551],[111.900988,31.081514],[111.913751,31.05276],[111.927191,31.050712],[111.939712,31.05819],[111.960466,31.057601],[111.964176,31.045379],[111.959155,31.037266],[111.967913,31.030016],[111.970462,31.017761],[111.98304,31.016813],[111.980977,31.011188],[111.983892,31.007497],[111.997992,31.00469],[111.994775,31.00194],[111.995635,30.997632],[112.002473,30.996391],[112.007164,30.98723],[112.015081,30.986724],[112.008037,30.976904],[112.002369,30.959839],[112.006203,30.939575],[112.010247,30.936932],[112.006891,30.931916],[112.008232,30.927339],[112.015349,30.925145],[112.013569,30.93308],[112.017933,30.935536],[112.0252,30.931032],[112.021933,30.923229],[112.025525,30.909641],[112.022594,30.90431],[112.020512,30.878874],[112.009342,30.86776],[112.04191,30.827386],[112.043222,30.821102],[112.038935,30.819176],[112.043645,30.812979],[112.042467,30.804314],[112.047144,30.799192],[112.03943,30.797009],[112.043286,30.787867],[112.040765,30.77034],[112.059113,30.761706],[112.063216,30.742793],[112.060865,30.733811],[112.04984,30.723525],[112.068243,30.699315]],[[112.062841,30.687811],[112.066056,30.697168],[112.061517,30.699144],[112.054815,30.688628],[112.062841,30.687811]]]}},{"type":"Feature","properties":{"id":"cn:420583","name":"枝江市","level":2},"geometry":{"type":"Polygon","coordinates":[[[111.439774,30.421896],[111.443811,30.461731],[111.454347,30.463465],[111.465395,30.487361],[111.464587,30.503328],[111.469132,30.503311],[111.482833,30.492406],[111.478965,30.496858],[111.488641,30.496575],[111.486476,30.499952],[111.488497,30.515586],[111.496045,30.506653],[111.496299,30.496798],[111.515711,30.515205],[111.495071,30.52472],[111.493604,30.536763],[111.496277,30.547257],[111.507868,30.543033],[111.521176,30.553668],[111.526324,30.553578],[111.526469,30.562245],[111.536135,30.566761],[111.539821,30.583855],[111.556949,30.587309],[111.569293,30.58491],[111.61306,30.593887],[111.625246,30.605421],[111.648104,30.611891],[111.654274,30.619643],[111.652915,30.627867],[111.646186,30.636786],[111.646301,30.646851],[111.649664,30.655446],[111.658646,30.662963],[111.671025,30.661696],[111.671744,30.65592],[111.674296,30.661963],[111.672962,30.650167],[111.689252,30.636791],[111.69273,30.638473],[111.69157,30.64273],[111.701591,30.650461],[111.706467,30.660907],[111.711846,30.66205],[111.715233,30.660949],[111.712838,30.6458],[111.708916,30.637063],[111.703209,30.637116],[111.700189,30.628607],[111.700227,30.618092],[111.70546,30.612078],[111.697988,30.595215],[111.697408,30.586415],[111.705553,30.579956],[111.718315,30.591747],[111.723844,30.593134],[111.722693,30.60075],[111.74445,30.593007],[111.74256,30.598146],[111.745077,30.602824],[111.747886,30.597519],[111.757754,30.601538],[111.769526,30.613775],[111.775081,30.612867],[111.778396,30.597015],[111.790084,30.600125],[111.791286,30.603641],[111.795145,30.60285],[111.803953,30.593557],[111.802985,30.588473],[111.806197,30.585194],[111.818168,30.586206],[111.825615,30.591363],[111.838757,30.582215],[111.857268,30.588248],[111.863429,30.584323],[111.877077,30.594253],[111.883718,30.593821],[111.883799,30.590627],[111.890302,30.587171],[111.891555,30.576831],[111.87563,30.57117],[111.876148,30.56386],[111.900043,30.557908],[111.902835,30.545735],[111.927419,30.519102],[111.921383,30.515185],[111.924841,30.509262],[111.916238,30.506646],[111.911051,30.487696],[111.907173,30.483504],[111.922526,30.477304],[111.915295,30.46934],[111.918177,30.460659],[111.91367,30.460415],[111.90836,30.46562],[111.903749,30.459367],[111.917984,30.44667],[111.924481,30.447508],[111.943641,30.441203],[111.946924,30.443438],[111.939694,30.448643],[111.950208,30.445395],[111.948182,30.45039],[111.950845,30.450713],[111.962449,30.443181],[111.970251,30.430379],[111.975112,30.410168],[111.971317,30.365096],[111.990672,30.338169],[112.008574,30.320812],[112.026427,30.308177],[112.043469,30.301392],[112.042797,30.291422],[112.035526,30.286374],[112.037915,30.27902],[112.007966,30.277325],[111.992333,30.28112],[111.961328,30.309369],[111.93822,30.345622],[111.924132,30.35687],[111.907137,30.34944],[111.906623,30.330185],[111.896839,30.310182],[111.898042,30.299365],[111.887223,30.279796],[111.858595,30.289278],[111.83959,30.290996],[111.821182,30.287849],[111.816021,30.293176],[111.815675,30.302364],[111.801913,30.300857],[111.782308,30.327945],[111.767522,30.367963],[111.734862,30.377162],[111.709661,30.365918],[111.67441,30.339863],[111.628273,30.318186],[111.59655,30.270881],[111.578742,30.258585],[111.568419,30.257322],[111.547735,30.269314],[111.510561,30.301796],[111.499544,30.324258],[111.501189,30.335226],[111.521103,30.362025],[111.5275,30.37946],[111.528004,30.397396],[111.521849,30.409041],[111.509506,30.417396],[111.499279,30.41985],[111.461024,30.409887],[111.448681,30.411227],[111.439774,30.421896]]]}},{"type":"Feature","properties":{"id":"cn:4206","name":"襄阳市","level":1},"geometry":{"type":"MultiPolygon","coordinates":[[[[111.034433,31.424636],[111.044315,31.440898],[111.055133,31.432314],[111.039858,31.422744],[111.034433,31.424636]]],[[[110.760165,31.842677],[110.775786,31.845546],[110.779901,31.85],[110.776278,31.865121],[110.779408,31.866943],[110.793395,31.865323],[110.802211,31.855521],[110.811134,31.85871],[110.84876,31.851082],[110.868304,31.854972],[110.862152,31.865706],[110.86622,31.867696],[110.871615,31.863049],[110.875798,31.863722],[110.868726,31.872418],[110.873034,31.87652],[110.887329,31.877528],[110.894209,31.86904],[110.912253,31.861397],[110.910592,31.870651],[110.935868,31.879449],[110.949138,31.872882],[110.952033,31.86104],[110.961958,31.854884],[110.96633,31.848185],[110.988175,31.865564],[110.993181,31.86607],[110.996903,31.860989],[110.996971,31.853829],[110.987907,31.846409],[110.990748,31.842598],[110.990592,31.830709],[110.996304,31.824613],[111.014056,31.833325],[111.010117,31.838677],[111.019319,31.841583],[111.020213,31.849474],[111.010823,31.861257],[111.011731,31.881698],[111.007223,31.888146],[110.999146,31.88867],[110.995028,31.898276],[111.010186,31.910718],[111.006834,31.917953],[110.999206,31.920611],[111.004336,31.941776],[111.010353,31.94582],[111.001401,31.968063],[111.008504,31.967408],[111.011464,31.970232],[111.006847,31.973664],[111.004776,31.980527],[110.990881,31.989605],[110.98979,31.99354],[110.995878,32.000532],[111.0014,32.001225],[111.000812,32.011743],[111.013406,32.015854],[111.036,32.014786],[111.043571,32.006289],[111.047268,31.987341],[111.057569,31.972888],[111.059357,31.961712],[111.068089,31.968724],[111.088326,31.94561],[111.09945,31.950886],[111.092892,31.964914],[111.079489,31.97312],[111.079757,31.981761],[111.083815,31.984424],[111.07997,31.993167],[111.068617,31.997271],[111.059655,31.983056],[111.052358,31.987848],[111.054388,31.99165],[111.049753,31.992342],[111.052826,31.995255],[111.052731,32.005466],[111.059606,32.011206],[111.065461,32.009319],[111.068096,32.017656],[111.073616,32.018739],[111.07573,32.026567],[111.06368,32.032384],[111.065774,32.046067],[111.071436,32.04886],[111.077601,32.065655],[111.067171,32.070349],[111.050889,32.063793],[111.052691,32.073883],[111.058143,32.0865],[111.07407,32.099265],[111.076697,32.09352],[111.085444,32.087846],[111.100375,32.098855],[111.1104,32.101785],[111.115641,32.110212],[111.122447,32.108161],[111.131861,32.119685],[111.139201,32.123637],[111.152867,32.119203],[111.164255,32.121386],[111.203742,32.143712],[111.225982,32.166007],[111.248672,32.207088],[111.251402,32.221358],[111.243014,32.237067],[111.231684,32.243034],[111.230815,32.256959],[111.235332,32.270432],[111.226763,32.271864],[111.218875,32.26809],[111.20524,32.276285],[111.230746,32.300524],[111.223795,32.308091],[111.229628,32.323831],[111.260304,32.34647],[111.297995,32.355919],[111.30415,32.360124],[111.310236,32.367352],[111.310851,32.377845],[111.319601,32.387811],[111.348898,32.398731],[111.369271,32.410447],[111.375035,32.421284],[111.372465,32.427663],[111.376224,32.43023],[111.389331,32.424216],[111.401996,32.412472],[111.410929,32.412352],[111.435312,32.427543],[111.46066,32.43381],[111.478878,32.451703],[111.47404,32.464208],[111.467166,32.471739],[111.476231,32.472],[111.484028,32.479897],[111.493428,32.477696],[111.501652,32.491261],[111.513605,32.494542],[111.520325,32.500208],[111.52736,32.493279],[111.533511,32.501589],[111.536319,32.51742],[111.549977,32.535443],[111.550597,32.542707],[111.576822,32.57371],[111.580094,32.589546],[111.577273,32.598854],[111.597953,32.612597],[111.615157,32.631043],[111.637278,32.628976],[111.635922,32.613927],[111.64061,32.608484],[111.649246,32.611093],[111.652701,32.616856],[111.656906,32.612952],[111.667156,32.617218],[111.686225,32.608139],[111.707631,32.608723],[111.723277,32.596162],[111.734352,32.591414],[111.7414,32.579752],[111.751538,32.572293],[111.779099,32.559507],[111.784132,32.547956],[111.797189,32.545251],[111.803221,32.538906],[111.821159,32.540314],[111.822366,32.53352],[111.852467,32.530995],[111.856347,32.526699],[111.856951,32.515946],[111.864453,32.508644],[111.89613,32.506022],[111.896672,32.503439],[111.913419,32.50706],[111.913444,32.511667],[111.926565,32.517549],[111.944723,32.518739],[111.950644,32.514575],[111.960983,32.497201],[111.968902,32.474905],[111.98695,32.469547],[111.98215,32.463836],[111.984536,32.459703],[111.995163,32.461607],[112.001106,32.453201],[112.011757,32.454463],[112.027779,32.465428],[112.032074,32.472179],[112.041909,32.475795],[112.049424,32.473514],[112.057908,32.476263],[112.063661,32.463034],[112.061296,32.442635],[112.079904,32.437295],[112.080538,32.432701],[112.074709,32.42449],[112.093088,32.41782],[112.10231,32.406751],[112.118285,32.400757],[112.124131,32.405118],[112.130351,32.393412],[112.150807,32.379147],[112.158418,32.387369],[112.153861,32.390551],[112.144554,32.386216],[112.143407,32.389059],[112.149083,32.391419],[112.150313,32.398174],[112.150137,32.393519],[112.155236,32.395135],[112.155379,32.402158],[112.142638,32.403763],[112.137534,32.409037],[112.14429,32.413752],[112.153904,32.41294],[112.154326,32.410649],[112.158615,32.413345],[112.164508,32.40863],[112.167967,32.410572],[112.165651,32.401108],[112.171487,32.400406],[112.173023,32.394946],[112.166737,32.387242],[112.199946,32.39511],[112.221557,32.388353],[112.225041,32.379641],[112.245725,32.370313],[112.250702,32.360971],[112.275733,32.351571],[112.293555,32.337082],[112.307819,32.329861],[112.311912,32.331215],[112.319365,32.323679],[112.322135,32.323765],[112.321929,32.334085],[112.326309,32.343786],[112.33261,32.350606],[112.345143,32.352503],[112.355125,32.368167],[112.362106,32.36994],[112.381844,32.36568],[112.384911,32.373163],[112.392929,32.371759],[112.407105,32.366012],[112.41388,32.357171],[112.444367,32.344888],[112.439271,32.354645],[112.440588,32.359461],[112.45421,32.370298],[112.465122,32.372254],[112.471245,32.3829],[112.476241,32.38317],[112.487108,32.376578],[112.513804,32.385563],[112.524989,32.379234],[112.537814,32.393971],[112.538989,32.397808],[112.535511,32.402312],[112.539501,32.406151],[112.564862,32.396469],[112.572137,32.390293],[112.571531,32.384843],[112.583391,32.383672],[112.590947,32.387913],[112.597664,32.385809],[112.59635,32.382868],[112.630712,32.371529],[112.635657,32.370676],[112.636606,32.373498],[112.645991,32.369473],[112.666263,32.370397],[112.673079,32.367818],[112.675688,32.361929],[112.695235,32.355377],[112.707761,32.35478],[112.713286,32.363961],[112.727667,32.368393],[112.730355,32.360506],[112.729019,32.353859],[112.748198,32.345006],[112.761955,32.346319],[112.770431,32.360554],[112.788266,32.357131],[112.789509,32.362324],[112.797763,32.365379],[112.798126,32.374471],[112.829784,32.383892],[112.854932,32.39811],[112.86468,32.400179],[112.870366,32.399033],[112.872804,32.394918],[112.87145,32.38186],[112.875754,32.377563],[112.883091,32.37912],[112.896607,32.391034],[112.906094,32.393098],[112.948308,32.390812],[112.954532,32.387604],[112.963994,32.373405],[112.982119,32.374547],[112.985921,32.380498],[112.982683,32.401795],[112.989142,32.413078],[112.994566,32.418961],[113.010322,32.420137],[113.021433,32.427557],[113.040782,32.422067],[113.052674,32.406639],[113.072683,32.396409],[113.101702,32.400461],[113.112457,32.377796],[113.104315,32.367123],[113.076763,32.37135],[113.063733,32.368738],[113.054905,32.363317],[113.061363,32.33996],[113.084818,32.324032],[113.085869,32.315501],[113.082944,32.307423],[113.061546,32.283177],[113.046129,32.277923],[113.025591,32.2768],[113.018828,32.268564],[113.02961,32.237188],[113.030339,32.208663],[113.019628,32.173905],[113.018725,32.151342],[113.042449,32.128201],[113.043516,32.11744],[113.005704,32.072594],[112.984124,32.052232],[112.984905,32.0],[112.985842,31.979999],[113.020826,31.971481],[113.025583,31.969059],[113.029028,31.960711],[113.025044,31.955089],[113.018889,31.953609],[113.007596,31.956942],[113.001381,31.942667],[112.996659,31.946005],[112.994642,31.943913],[112.991545,31.918403],[112.982093,31.903302],[112.960651,31.899298],[112.956415,31.894136],[112.955981,31.882685],[112.972683,31.847618],[112.960834,31.833266],[112.952717,31.832338],[112.93882,31.84211],[112.926242,31.84405],[112.897526,31.817761],[112.892561,31.807119],[112.885304,31.800661],[112.879896,31.799655],[112.8625,31.809513],[112.852171,31.806574],[112.822987,31.758958],[112.793508,31.754449],[112.778902,31.738063],[112.764202,31.747631],[112.750062,31.750743],[112.741285,31.746379],[112.745791,31.721735],[112.742561,31.714252],[112.725956,31.702028],[112.72475,31.696216],[112.723586,31.672316],[112.728161,31.649502],[112.723985,31.637685],[112.728256,31.622216],[112.746424,31.611897],[112.746241,31.606856],[112.739506,31.576072],[112.740547,31.567793],[112.73678,31.559864],[112.709341,31.558262],[112.702266,31.555458],[112.697448,31.548475],[112.698768,31.540185],[112.717996,31.508444],[112.718424,31.498573],[112.709966,31.477535],[112.695686,31.483169],[112.682457,31.495881],[112.662769,31.500497],[112.646989,31.509601],[112.628022,31.504106],[112.598985,31.533249],[112.591346,31.545815],[112.553629,31.565065],[112.522327,31.560083],[112.50954,31.562904],[112.501962,31.561251],[112.488768,31.551932],[112.475391,31.536657],[112.46244,31.534664],[112.442015,31.525738],[112.416976,31.50474],[112.383274,31.5092],[112.359176,31.519145],[112.338429,31.516403],[112.319523,31.529662],[112.293135,31.53506],[112.274263,31.549233],[112.243699,31.541415],[112.226919,31.528022],[112.219932,31.527483],[112.201893,31.534749],[112.185513,31.516296],[112.185253,31.471593],[112.165678,31.480721],[112.155244,31.4814],[112.144654,31.476807],[112.132288,31.464711],[112.119242,31.46341],[112.102643,31.466368],[112.086855,31.457808],[112.07023,31.459205],[112.064582,31.450538],[112.067094,31.446096],[112.055787,31.432024],[112.04158,31.443601],[112.034925,31.445418],[112.029738,31.44575],[112.025129,31.437347],[112.01811,31.436651],[111.99381,31.45294],[111.987189,31.451662],[111.97801,31.444333],[111.967925,31.447126],[111.963098,31.443174],[111.949271,31.441793],[111.940996,31.427544],[111.939076,31.397096],[111.930474,31.371719],[111.937896,31.367116],[111.932506,31.362212],[111.935699,31.355955],[111.932697,31.352823],[111.930114,31.3339],[111.925353,31.330147],[111.912749,31.330445],[111.925441,31.315705],[111.922468,31.300813],[111.9356,31.294475],[111.939455,31.275776],[111.928129,31.259882],[111.921931,31.25831],[111.913623,31.263072],[111.904197,31.26256],[111.891326,31.253401],[111.878618,31.23745],[111.86106,31.237367],[111.858851,31.23105],[111.85583,31.231106],[111.855596,31.237224],[111.850805,31.238394],[111.849685,31.231914],[111.841498,31.235132],[111.831385,31.231038],[111.824887,31.24293],[111.809012,31.251579],[111.802429,31.25274],[111.793907,31.248505],[111.793466,31.258561],[111.781684,31.275639],[111.776692,31.273815],[111.777809,31.266663],[111.769676,31.267008],[111.767665,31.280764],[111.760159,31.283882],[111.749598,31.281968],[111.752985,31.288345],[111.747222,31.286432],[111.747112,31.291424],[111.737677,31.291294],[111.742976,31.298483],[111.731654,31.296906],[111.73572,31.308624],[111.744295,31.312029],[111.74315,31.321639],[111.752828,31.321814],[111.748187,31.326849],[111.735783,31.329008],[111.736816,31.331955],[111.741786,31.329665],[111.742181,31.338704],[111.747635,31.345146],[111.738882,31.348667],[111.7382,31.353616],[111.742472,31.358636],[111.739341,31.367893],[111.734928,31.369229],[111.715747,31.359512],[111.704449,31.360896],[111.700078,31.353012],[111.689603,31.360328],[111.670391,31.352381],[111.654639,31.351817],[111.641824,31.364421],[111.619307,31.374894],[111.611798,31.363102],[111.591207,31.342357],[111.557857,31.324113],[111.513222,31.30444],[111.506521,31.304318],[111.454724,31.309503],[111.432362,31.314901],[111.42744,31.32277],[111.429174,31.337718],[111.424756,31.352281],[111.426848,31.363676],[111.424852,31.36639],[111.41107,31.36775],[111.40305,31.371897],[111.395182,31.364888],[111.370327,31.360672],[111.355604,31.349077],[111.343894,31.348455],[111.318801,31.358375],[111.307306,31.370866],[111.307875,31.380115],[111.292597,31.385642],[111.270431,31.386015],[111.261085,31.399339],[111.261184,31.409919],[111.256782,31.417354],[111.268528,31.428963],[111.270039,31.43844],[111.26629,31.447812],[111.258216,31.454303],[111.230591,31.463719],[111.211763,31.46442],[111.193948,31.440169],[111.177018,31.448518],[111.170755,31.444125],[111.166205,31.451249],[111.160638,31.453276],[111.151721,31.443171],[111.139305,31.436422],[111.120347,31.43987],[111.10859,31.429933],[111.10312,31.416322],[111.082973,31.419926],[111.086304,31.426842],[111.083815,31.433203],[111.06953,31.444253],[111.059713,31.439641],[111.046431,31.443724],[111.034003,31.460511],[111.036441,31.488257],[111.05643,31.505864],[111.050136,31.515439],[111.049094,31.527318],[111.030116,31.541035],[111.041459,31.551206],[111.039305,31.565774],[111.03377,31.568204],[111.00215,31.566009],[110.996032,31.570595],[110.98443,31.568402],[110.971067,31.57155],[110.942604,31.568662],[110.936364,31.592214],[110.938395,31.600899],[110.96534,31.64036],[110.97687,31.642672],[110.974985,31.648606],[110.941498,31.667903],[110.906476,31.659976],[110.901087,31.669682],[110.88822,31.675936],[110.875011,31.699124],[110.873684,31.714153],[110.86753,31.718354],[110.870856,31.732104],[110.863209,31.748733],[110.843516,31.773716],[110.830253,31.784806],[110.806051,31.784615],[110.797015,31.791587],[110.772453,31.818593],[110.769885,31.830006],[110.75922,31.837003],[110.760165,31.842677]],[[111.137859,32.048788],[111.131465,32.049417],[111.126223,32.041267],[111.120845,32.039092],[111.108287,32.050541],[111.104678,32.049974],[111.095614,32.036724],[111.092962,32.02538],[111.084472,32.02135],[111.078677,32.002991],[111.093409,32.004444],[111.095918,32.014245],[111.10646,32.014214],[111.117037,32.021746],[111.113259,32.027342],[111.116903,32.030441],[111.140834,32.033595],[111.144664,32.037956],[111.137859,32.048788]],[[112.728202,32.358948],[112.726165,32.364943],[112.71714,32.363158],[112.721353,32.357971],[112.728202,32.358948]]],[[[110.969163,31.944587],[110.990755,31.943096],[110.987182,31.935011],[110.987133,31.922606],[110.983028,31.92248],[110.97873,31.936693],[110.969163,31.944587]]]]}},{"type":"Feature","properties":{"id":"cn:420602","name":"襄城区","level":2},"geometry":{"type":"Polygon","coordinates":[[[111.817074,31.995428],[111.819865,32.000628],[111.828758,31.998246],[111.833616,32.003233],[111.826798,32.012555],[111.834122,32.031082],[111.831818,32.038259],[111.841622,32.036202],[111.843979,32.02697],[111.856362,32.02713],[111.868874,32.03612],[111.866733,32.054188],[111.883418,32.055643],[111.897539,32.064154],[111.934713,32.067447],[111.970607,32.061662],[111.994541,32.06889],[112.001255,32.058286],[112.016109,32.060895],[112.02911,32.054534],[112.045451,32.033223],[112.04579,32.030024],[112.04022,32.027121],[112.044387,32.021729],[112.048793,32.026057],[112.051924,32.022756],[112.051246,32.02527],[112.054859,32.026104],[112.056174,32.022899],[112.061223,32.024214],[112.067458,32.032683],[112.076074,32.021759],[112.101857,32.025813],[112.121921,32.021509],[112.136266,32.0248],[112.156596,32.038505],[112.167846,32.051478],[112.176207,32.071504],[112.194202,32.078993],[112.200366,32.078073],[112.212644,32.067181],[112.218705,32.052989],[112.219967,32.040423],[112.214102,32.028571],[112.219847,32.020267],[112.218879,32.010598],[112.214674,31.996656],[112.209258,31.991333],[112.185051,31.985008],[112.165664,31.972588],[112.159838,31.955432],[112.160222,31.93887],[112.167925,31.939147],[112.180281,31.933761],[112.198634,31.908185],[112.222694,31.903328],[112.229027,31.895677],[112.228971,31.891474],[112.224363,31.878466],[112.207087,31.859862],[112.202181,31.850218],[112.195251,31.843798],[112.171776,31.838805],[112.16478,31.823016],[112.146347,31.812353],[112.143112,31.803392],[112.118659,31.799009],[112.095237,31.780077],[112.085013,31.780894],[112.078162,31.785886],[112.039022,31.785363],[112.029966,31.793283],[112.01808,31.795424],[112.009435,31.814476],[112.019463,31.813222],[112.029693,31.807014],[112.032026,31.815882],[112.014386,31.829586],[112.015882,31.832541],[112.039236,31.835067],[112.039548,31.841828],[112.04521,31.851062],[112.039808,31.874656],[112.026074,31.90489],[112.01187,31.903206],[112.008937,31.910171],[111.992689,31.916064],[111.991516,31.92091],[111.98387,31.920383],[111.987139,31.922318],[111.984831,31.925222],[111.97456,31.929216],[111.967083,31.940593],[111.967052,31.952993],[111.950859,31.942671],[111.938069,31.948677],[111.935012,31.940493],[111.91751,31.940222],[111.910893,31.947014],[111.895983,31.949323],[111.903956,31.957565],[111.899775,31.956143],[111.888041,31.966177],[111.876803,31.963595],[111.857787,31.948416],[111.848962,31.959074],[111.835841,31.960523],[111.836261,31.965348],[111.848051,31.969736],[111.848056,31.979099],[111.83659,31.987265],[111.821007,31.987759],[111.817074,31.995428]]]}},{"type":"Feature","properties":{"id":"cn:420606","name":"樊城区","level":2},"geometry":{"type":"Polygon","coordinates":[[[111.731142,32.176317],[111.743864,32.174567],[111.748159,32.182633],[111.761328,32.186698],[111.779058,32.2088],[111.788862,32.213566],[111.788755,32.217234],[111.759046,32.22179],[111.757742,32.228905],[111.750493,32.234612],[111.748456,32.244985],[111.760999,32.24408],[111.769422,32.246841],[111.775213,32.253842],[111.789938,32.254776],[111.801076,32.250893],[111.801669,32.243193],[111.81471,32.248239],[111.819426,32.247854],[111.822545,32.241791],[111.822687,32.246391],[111.826786,32.245838],[111.828515,32.235889],[111.832241,32.235942],[111.830344,32.223661],[111.821969,32.207051],[111.841955,32.178882],[111.848039,32.180932],[111.854611,32.176334],[111.855488,32.179976],[111.86063,32.175072],[111.869696,32.173704],[111.879301,32.167121],[111.8919,32.148357],[111.898505,32.14924],[111.894913,32.159225],[111.902736,32.156762],[111.897577,32.184285],[111.905252,32.181303],[111.911984,32.169622],[111.914999,32.172678],[111.913813,32.166714],[111.919271,32.164044],[111.916962,32.159032],[111.925939,32.160102],[111.930603,32.156196],[111.937733,32.159086],[111.943762,32.156208],[111.940997,32.163575],[111.955067,32.16379],[111.96004,32.173849],[111.973143,32.168392],[111.98377,32.169229],[111.982465,32.165638],[111.989513,32.158855],[111.991475,32.150824],[111.994135,32.151038],[111.998468,32.161016],[111.998551,32.177297],[111.994694,32.183281],[112.002177,32.181547],[112.019997,32.164734],[112.037757,32.17367],[112.047928,32.153232],[112.062065,32.154884],[112.070481,32.161991],[112.078744,32.157777],[112.097729,32.160032],[112.097172,32.151097],[112.101638,32.150716],[112.102304,32.143283],[112.116339,32.136653],[112.140909,32.132626],[112.14091,32.122592],[112.149183,32.12019],[112.148698,32.116312],[112.144483,32.116252],[112.151107,32.109663],[112.148312,32.10686],[112.157508,32.105335],[112.15515,32.103454],[112.157001,32.095599],[112.15305,32.091782],[112.150932,32.080972],[112.169684,32.060671],[112.168837,32.053697],[112.156596,32.038505],[112.145722,32.03042],[112.121921,32.021509],[112.101857,32.025813],[112.076074,32.021759],[112.067458,32.032683],[112.061223,32.024214],[112.056174,32.022899],[112.054859,32.026104],[112.051246,32.02527],[112.051924,32.022756],[112.048793,32.026057],[112.044387,32.021729],[112.04022,32.027121],[112.04579,32.030024],[112.045451,32.033223],[112.02911,32.054534],[112.016109,32.060895],[112.001255,32.058286],[111.994541,32.06889],[111.970607,32.061662],[111.945606,32.066847],[111.912496,32.065975],[111.897539,32.064154],[111.881536,32.05519],[111.834937,32.052822],[111.827933,32.055579],[111.81002,32.074181],[111.798307,32.098986],[111.795021,32.118494],[111.763731,32.159445],[111.742739,32.17398],[111.731142,32.176317]]]}},{"type":"Feature","properties":{"id":"cn:420607","name":"襄州区","level":2},"geometry":{"type":"Polygon","coordinates":[[[111.797348,32.253939],[111.803771,32.254826],[111.804777,32.264505],[111.81491,32.271627],[111.815108,32.276441],[111.825964,32.279361],[111.832732,32.290026],[111.831862,32.29893],[111.842192,32.318654],[111.862395,32.320899],[111.882536,32.333404],[111.900657,32.327962],[111.915321,32.330118],[111.918045,32.3414],[111.92659,32.346384],[111.927322,32.361061],[111.93697,32.373219],[111.926564,32.371648],[111.932674,32.37619],[111.931008,32.385392],[111.926689,32.382833],[111.923223,32.382833],[111.918667,32.384959],[111.92469,32.384648],[111.92924,32.389571],[111.947036,32.39344],[111.95485,32.399019],[111.972436,32.401319],[111.97683,32.4092],[111.976684,32.415844],[111.986664,32.420774],[111.98722,32.438307],[111.995003,32.439461],[112.027779,32.465428],[112.032074,32.472179],[112.041909,32.475795],[112.049424,32.473514],[112.057908,32.476263],[112.063661,32.463034],[112.060304,32.444314],[112.080638,32.435852],[112.074709,32.42449],[112.093088,32.41782],[112.108908,32.403412],[112.118285,32.400757],[112.124131,32.405118],[112.12955,32.394328],[112.140995,32.384218],[112.150807,32.379147],[112.158565,32.386963],[112.153861,32.390551],[112.14427,32.386413],[112.143503,32.389187],[112.149239,32.391693],[112.149505,32.397664],[112.151538,32.397791],[112.150137,32.393519],[112.155236,32.395135],[112.155658,32.401346],[112.152809,32.403914],[112.142638,32.403763],[112.137746,32.409294],[112.14429,32.413752],[112.153904,32.41294],[112.154326,32.410649],[112.158615,32.413345],[112.164508,32.40863],[112.167967,32.410572],[112.165651,32.401108],[112.171487,32.400406],[112.173023,32.394946],[112.166737,32.387242],[112.199946,32.39511],[112.221557,32.388353],[112.225041,32.379641],[112.245725,32.370313],[112.250702,32.360971],[112.275733,32.351571],[112.293555,32.337082],[112.307819,32.329861],[112.311912,32.331215],[112.319365,32.323679],[112.322135,32.323765],[112.323272,32.339109],[112.331244,32.349648],[112.345143,32.352503],[112.35396,32.367661],[112.357635,32.369006],[112.381844,32.36568],[112.384911,32.373163],[112.392929,32.371759],[112.407105,32.366012],[112.41388,32.357171],[112.444367,32.344888],[112.439271,32.354645],[112.440588,32.359461],[112.45421,32.370298],[112.465122,32.372254],[112.471245,32.3829],[112.476241,32.38317],[112.487108,32.376578],[112.499996,32.382884],[112.515819,32.385311],[112.520237,32.382129],[112.508815,32.371224],[112.529087,32.356234],[112.511668,32.336466],[112.505547,32.333712],[112.499445,32.337305],[112.487535,32.335073],[112.484223,32.330231],[112.493608,32.321088],[112.4899,32.312413],[112.491709,32.305534],[112.509152,32.298124],[112.50833,32.293627],[112.496894,32.288189],[112.491171,32.279381],[112.483197,32.279448],[112.479772,32.271372],[112.488995,32.267251],[112.487576,32.259025],[112.497294,32.249741],[112.493047,32.243111],[112.489931,32.244634],[112.488672,32.24181],[112.487509,32.237232],[112.492967,32.234077],[112.486013,32.234734],[112.477636,32.229733],[112.466805,32.232065],[112.462389,32.227923],[112.465846,32.210412],[112.482035,32.205946],[112.482928,32.197794],[112.478182,32.181856],[112.480219,32.173583],[112.475588,32.170309],[112.47243,32.151828],[112.47378,32.147058],[112.479655,32.143618],[112.47774,32.131711],[112.469637,32.116204],[112.460536,32.110513],[112.461183,32.105032],[112.455854,32.100275],[112.459148,32.096186],[112.464256,32.098533],[112.472691,32.096514],[112.475779,32.087302],[112.486457,32.087715],[112.499051,32.08361],[112.500863,32.081057],[112.497912,32.075019],[112.500655,32.07162],[112.513761,32.077202],[112.531663,32.073411],[112.522983,32.056077],[112.496417,32.058403],[112.489536,32.033662],[112.494913,32.029588],[112.504841,32.03159],[112.522863,32.020825],[112.526182,32.010006],[112.532979,32.002976],[112.547945,31.995568],[112.557123,31.986583],[112.540468,31.957472],[112.527223,31.954188],[112.522577,31.947643],[112.527613,31.939873],[112.515578,31.920437],[112.512811,31.889135],[112.506634,31.870541],[112.508591,31.862929],[112.49729,31.860082],[112.483335,31.865564],[112.460134,31.865328],[112.459219,31.851551],[112.447651,31.851657],[112.44882,31.84635],[112.445264,31.843766],[112.435223,31.845638],[112.425595,31.841373],[112.400547,31.844997],[112.389409,31.837734],[112.3605,31.856811],[112.328098,31.866477],[112.324741,31.875341],[112.316492,31.875417],[112.310473,31.879591],[112.30102,31.877659],[112.297831,31.885122],[112.289889,31.884643],[112.26507,31.899961],[112.244737,31.904724],[112.243989,31.898158],[112.237671,31.893134],[112.229018,31.894978],[112.219159,31.905114],[112.198634,31.908185],[112.180281,31.933761],[112.167925,31.939147],[112.160222,31.93887],[112.159838,31.955432],[112.163393,31.968985],[112.170424,31.977136],[112.185051,31.985008],[112.202889,31.987602],[112.214674,31.996656],[112.219733,32.014408],[112.219847,32.020267],[112.214102,32.028571],[112.219967,32.040423],[112.218705,32.052989],[112.212644,32.067181],[112.197601,32.078765],[112.176207,32.071504],[112.169684,32.060671],[112.150932,32.080972],[112.15305,32.091782],[112.157001,32.095599],[112.15515,32.103454],[112.157508,32.105335],[112.148312,32.10686],[112.151107,32.109663],[112.144483,32.116252],[112.148698,32.116312],[112.149183,32.12019],[112.14091,32.122592],[112.140909,32.132626],[112.116339,32.136653],[112.102304,32.143283],[112.101638,32.150716],[112.097172,32.151097],[112.097729,32.160032],[112.078744,32.157777],[112.070481,32.161991],[112.062065,32.154884],[112.047928,32.153232],[112.037757,32.17367],[112.019997,32.164734],[112.002177,32.181547],[111.994694,32.183281],[111.998551,32.177297],[111.998468,32.161016],[111.996047,32.152714],[111.991475,32.150824],[111.989513,32.158855],[111.982465,32.165638],[111.98377,32.169229],[111.973143,32.168392],[111.96004,32.173849],[111.955067,32.16379],[111.940997,32.163575],[111.943762,32.156208],[111.937733,32.159086],[111.932256,32.156122],[111.925939,32.160102],[111.916962,32.159032],[111.919271,32.164044],[111.913813,32.166714],[111.914999,32.172678],[111.911984,32.169622],[111.905252,32.181303],[111.897577,32.184285],[111.902736,32.156762],[111.894913,32.159225],[111.898505,32.14924],[111.8919,32.148357],[111.879301,32.167121],[111.869696,32.173704],[111.86063,32.175072],[111.855488,32.179976],[111.853405,32.176296],[111.848039,32.180932],[111.844537,32.178513],[111.839463,32.18129],[111.821969,32.207051],[111.830344,32.223661],[111.832294,32.236659],[111.828515,32.235889],[111.826786,32.245838],[111.822687,32.246391],[111.822545,32.241791],[111.819426,32.247854],[111.801033,32.243457],[111.802016,32.249734],[111.797348,32.253939]]]}},{"type":"Feature","properties":{"id":"cn:420624","name":"南漳县","level":2},"geometry":{"type":"Polygon","coordinates":[[[111.40034,31.376773],[111.41439,31.395389],[111.405337,31.41394],[111.413706,31.414794],[111.424302,31.409925],[111.432753,31.417337],[111.428549,31.430799],[111.4344,31.429382],[111.439698,31.435449],[111.454327,31.43817],[111.450697,31.444739],[111.453878,31.445908],[111.466157,31.44164],[111.458967,31.47007],[111.470016,31.473604],[111.472326,31.484966],[111.479869,31.484735],[111.489575,31.490705],[111.475742,31.510762],[111.461963,31.511456],[111.470274,31.531928],[111.457067,31.543977],[111.459127,31.556317],[111.456037,31.572722],[111.467557,31.573009],[111.478694,31.565624],[111.481537,31.569962],[111.492916,31.56615],[111.516763,31.572337],[111.514643,31.576694],[111.487318,31.581383],[111.488454,31.600949],[111.494665,31.606814],[111.505993,31.608782],[111.505062,31.623955],[111.511079,31.631299],[111.50482,31.638755],[111.511637,31.650883],[111.502753,31.660583],[111.500882,31.675701],[111.51182,31.67365],[111.518124,31.679305],[111.522802,31.674474],[111.529134,31.674559],[111.533957,31.678958],[111.526494,31.683365],[111.528947,31.686736],[111.516408,31.693378],[111.507285,31.694108],[111.504421,31.68935],[111.497747,31.692208],[111.494357,31.698202],[111.498764,31.707266],[111.494518,31.719359],[111.505313,31.7217],[111.506832,31.726606],[111.517412,31.727033],[111.521399,31.720985],[111.526802,31.721143],[111.528254,31.72511],[111.537273,31.72544],[111.545096,31.731285],[111.481824,31.79707],[111.43382,31.826478],[111.429445,31.835024],[111.430417,31.843032],[111.449202,31.859401],[111.451552,31.868816],[111.46145,31.869261],[111.457502,31.877065],[111.446994,31.883667],[111.456545,31.883091],[111.461962,31.887445],[111.467776,31.881364],[111.47407,31.881557],[111.491236,31.896129],[111.502643,31.892459],[111.51414,31.893838],[111.513484,31.90147],[111.495593,31.915149],[111.497893,31.937837],[111.495238,31.946902],[111.501375,31.952191],[111.504779,31.962477],[111.50294,31.971835],[111.520739,31.973179],[111.528751,31.968511],[111.533213,31.972514],[111.534404,31.982691],[111.542392,31.988627],[111.53686,31.995739],[111.537293,32.000734],[111.545938,32.010511],[111.575877,32.011053],[111.601276,32.003469],[111.617291,32.005934],[111.627171,32.004012],[111.645288,31.990318],[111.71731,31.970294],[111.721661,31.959801],[111.729935,31.961013],[111.737595,31.956543],[111.758354,31.957583],[111.773252,31.964429],[111.7772,31.962293],[111.784998,31.965155],[111.787252,31.970098],[111.807494,31.963542],[111.814528,31.964125],[111.828919,31.957268],[111.835271,31.963198],[111.837626,31.958871],[111.848962,31.959074],[111.857787,31.948416],[111.876803,31.963595],[111.89078,31.965589],[111.899775,31.956143],[111.903956,31.957565],[111.895983,31.949323],[111.910893,31.947014],[111.91751,31.940222],[111.935012,31.940493],[111.938069,31.948677],[111.950859,31.942671],[111.967052,31.952993],[111.967083,31.940593],[111.97456,31.929216],[111.984831,31.925222],[111.987139,31.922318],[111.98387,31.920383],[111.991516,31.92091],[111.992689,31.916064],[112.008937,31.910171],[112.01187,31.903206],[112.026074,31.90489],[112.039808,31.874656],[112.04521,31.851062],[112.039548,31.841828],[112.039236,31.835067],[112.015882,31.832541],[112.014386,31.829586],[112.032026,31.815882],[112.029693,31.807014],[112.019463,31.813222],[112.009435,31.814476],[112.010275,31.807381],[112.002172,31.797147],[112.010961,31.782018],[112.025451,31.768779],[112.036003,31.769277],[112.042319,31.747957],[112.052977,31.747996],[112.05825,31.743074],[112.060712,31.734098],[112.090027,31.716287],[112.096546,31.69562],[112.097514,31.681601],[112.112001,31.662439],[112.114206,31.64974],[112.108071,31.640424],[112.120991,31.628357],[112.138414,31.629295],[112.13508,31.608472],[112.129497,31.596494],[112.152354,31.580196],[112.152258,31.577216],[112.147162,31.568151],[112.134819,31.559011],[112.122831,31.56224],[112.084315,31.547907],[112.054471,31.564334],[112.036312,31.548425],[112.017041,31.540789],[112.012892,31.536515],[112.010834,31.520736],[112.003933,31.523167],[111.993603,31.518558],[111.980878,31.504136],[111.978525,31.497078],[111.980071,31.484571],[111.973477,31.47758],[111.977882,31.472831],[111.977613,31.466638],[111.972616,31.470602],[111.973881,31.464965],[111.962369,31.464005],[111.957801,31.456177],[111.952391,31.454144],[111.95024,31.442427],[111.940996,31.427544],[111.939076,31.397096],[111.930474,31.371719],[111.93788,31.365496],[111.932506,31.362212],[111.935699,31.355955],[111.932697,31.352823],[111.930114,31.3339],[111.925353,31.330147],[111.912749,31.330445],[111.925441,31.315705],[111.922468,31.300813],[111.933474,31.29738],[111.939003,31.284508],[111.939455,31.275776],[111.930294,31.261251],[111.921931,31.25831],[111.913623,31.263072],[111.904197,31.26256],[111.891326,31.253401],[111.878618,31.23745],[111.86106,31.237367],[111.858022,31.230949],[111.855596,31.237224],[111.850805,31.238394],[111.849685,31.231914],[111.841498,31.235132],[111.831385,31.231038],[111.824887,31.24293],[111.804575,31.252861],[111.793907,31.248505],[111.793466,31.258561],[111.781684,31.275639],[111.776692,31.273815],[111.777809,31.266663],[111.769676,31.267008],[111.767665,31.280764],[111.760159,31.283882],[111.749598,31.281968],[111.752985,31.288345],[111.747222,31.286432],[111.747112,31.291424],[111.737677,31.291294],[111.742976,31.298483],[111.731654,31.296906],[111.73572,31.308624],[111.744295,31.312029],[111.74315,31.321639],[111.752828,31.321814],[111.748187,31.326849],[111.735783,31.329008],[111.736816,31.331955],[111.741786,31.329665],[111.742181,31.338704],[111.747635,31.345146],[111.738882,31.348667],[111.7382,31.353616],[111.742472,31.358636],[111.739341,31.367893],[111.734928,31.369229],[111.715747,31.359512],[111.704449,31.360896],[111.700078,31.353012],[111.689603,31.360328],[111.670391,31.352381],[111.654639,31.351817],[111.641824,31.364421],[111.619307,31.374894],[111.611798,31.363102],[111.591207,31.342357],[111.557857,31.324113],[111.513222,31.30444],[111.506521,31.304318],[111.454724,31.309503],[111.432362,31.314901],[111.42744,31.32277],[111.429174,31.337718],[111.424756,31.352281],[111.426848,31.363676],[111.421254,31.367536],[111.408695,31.36854],[111.40034,31.376773]]]}},{"type":"Feature","properties":{"id":"cn:420625","name":"谷城县","level":2},"geometry":{"type":"Polygon","coordinates":[[[111.122447,32.108161],[111.131861,32.119685],[111.139201,32.123637],[111.152867,32.119203],[111.164255,32.121386],[111.203742,32.143712],[111.225982,32.166007],[111.242961,32.195333],[111.251402,32.221358],[111.243014,32.237067],[111.231684,32.243034],[111.230815,32.256959],[111.235332,32.270432],[111.226763,32.271864],[111.218875,32.26809],[111.205103,32.277086],[111.230005,32.299093],[111.230677,32.301958],[111.223795,32.308091],[111.229628,32.323831],[111.260304,32.34647],[111.297995,32.355919],[111.30415,32.360124],[111.310236,32.367352],[111.310851,32.377845],[111.319601,32.387811],[111.348898,32.398731],[111.369271,32.410447],[111.375035,32.421284],[111.372465,32.427663],[111.376224,32.43023],[111.389331,32.424216],[111.401996,32.412472],[111.410929,32.412352],[111.435312,32.427543],[111.46066,32.43381],[111.478878,32.451703],[111.47404,32.464208],[111.467166,32.471739],[111.476231,32.472],[111.484028,32.479897],[111.493428,32.477696],[111.501652,32.491261],[111.513605,32.494542],[111.520325,32.500208],[111.534206,32.487215],[111.609706,32.457449],[111.627866,32.445128],[111.660627,32.412755],[111.663813,32.399587],[111.661147,32.394697],[111.648353,32.380064],[111.62929,32.365069],[111.623448,32.355792],[111.620687,32.342733],[111.62284,32.332612],[111.63475,32.320524],[111.677404,32.300529],[111.699907,32.267273],[111.70136,32.259901],[111.69424,32.207959],[111.704241,32.191748],[111.718407,32.179909],[111.742739,32.17398],[111.758953,32.164038],[111.795021,32.118494],[111.798307,32.098986],[111.81002,32.074181],[111.827933,32.055579],[111.834937,32.052822],[111.866733,32.054188],[111.869087,32.037892],[111.865616,32.0323],[111.856362,32.02713],[111.84539,32.026672],[111.841293,32.036492],[111.831406,32.037628],[111.834122,32.031082],[111.826798,32.012555],[111.833616,32.003233],[111.828758,31.998246],[111.819865,32.000628],[111.817074,31.995428],[111.821007,31.987759],[111.830231,31.988791],[111.841358,31.984924],[111.840598,31.982393],[111.848056,31.979099],[111.848805,31.973789],[111.846864,31.96844],[111.836261,31.965348],[111.830335,31.957065],[111.814528,31.964125],[111.807494,31.963542],[111.787252,31.970098],[111.784998,31.965155],[111.7772,31.962293],[111.773252,31.964429],[111.758354,31.957583],[111.741134,31.956089],[111.729935,31.961013],[111.722581,31.959323],[111.718466,31.964463],[111.718693,31.969776],[111.645288,31.990318],[111.627171,32.004012],[111.617291,32.005934],[111.601276,32.003469],[111.575877,32.011053],[111.546617,32.010912],[111.537293,32.000734],[111.53686,31.995739],[111.542392,31.988627],[111.534404,31.982691],[111.533213,31.972514],[111.528751,31.968511],[111.520739,31.973179],[111.50294,31.971835],[111.504779,31.962477],[111.501375,31.952191],[111.495238,31.946902],[111.497893,31.937837],[111.495593,31.915149],[111.513484,31.90147],[111.51414,31.893838],[111.502643,31.892459],[111.491236,31.896129],[111.476725,31.882467],[111.467776,31.881364],[111.461962,31.887445],[111.453416,31.882317],[111.445201,31.884321],[111.438821,31.891531],[111.425461,31.897883],[111.410747,31.913694],[111.39343,31.910525],[111.383412,31.918277],[111.336745,31.928798],[111.333481,31.952451],[111.303577,31.989785],[111.302327,32.000001],[111.290591,32.019687],[111.253291,32.024667],[111.181217,32.016079],[111.16415,32.020181],[111.156453,32.027618],[111.15559,32.033432],[111.144664,32.037956],[111.135768,32.0532],[111.127215,32.06036],[111.127543,32.067872],[111.134067,32.07189],[111.125911,32.083171],[111.122447,32.108161]]]}},{"type":"Feature","properties":{"id":"cn:420626","name":"保康县","level":2},"geometry":{"type":"MultiPolygon","coordinates":[[[[111.034433,31.424636],[111.044315,31.440898],[111.055133,31.432314],[111.039858,31.422744],[111.034433,31.424636]]],[[[110.75883,31.840924],[110.77862,31.84786],[110.776278,31.865121],[110.779408,31.866943],[110.793395,31.865323],[110.802211,31.855521],[110.811134,31.85871],[110.84876,31.851082],[110.868304,31.854972],[110.862152,31.865706],[110.86622,31.867696],[110.871615,31.863049],[110.875798,31.863722],[110.868726,31.872418],[110.873034,31.87652],[110.887329,31.877528],[110.894209,31.86904],[110.912253,31.861397],[110.910592,31.870651],[110.935868,31.879449],[110.949138,31.872882],[110.952033,31.86104],[110.961958,31.854884],[110.96633,31.848185],[110.988175,31.865564],[110.993181,31.86607],[110.996903,31.860989],[110.996971,31.853829],[110.987907,31.846409],[110.990748,31.842598],[110.990592,31.830709],[110.996304,31.824613],[111.014056,31.833325],[111.010117,31.838677],[111.019319,31.841583],[111.020213,31.849474],[111.010823,31.861257],[111.011731,31.881698],[111.007223,31.888146],[110.999146,31.88867],[110.995028,31.898276],[111.010186,31.910718],[111.006834,31.917953],[110.999206,31.920611],[111.004336,31.941776],[111.010353,31.94582],[111.001401,31.968063],[111.008504,31.967408],[111.011464,31.970232],[111.006847,31.973664],[111.004776,31.980527],[110.990881,31.989605],[110.98979,31.99354],[110.995878,32.000532],[111.0014,32.001225],[111.000812,32.011743],[111.013406,32.015854],[111.036,32.014786],[111.043571,32.006289],[111.047268,31.987341],[111.057569,31.972888],[111.059357,31.961712],[111.068089,31.968724],[111.088326,31.94561],[111.09945,31.950886],[111.092892,31.964914],[111.079489,31.97312],[111.079757,31.981761],[111.083815,31.984424],[111.07997,31.993167],[111.068617,31.997271],[111.059655,31.983056],[111.052358,31.987848],[111.054388,31.99165],[111.049753,31.992342],[111.052826,31.995255],[111.052731,32.005466],[111.059606,32.011206],[111.066372,32.009961],[111.068096,32.017656],[111.073616,32.018739],[111.07573,32.026567],[111.06368,32.032384],[111.065774,32.046067],[111.071436,32.04886],[111.077601,32.065655],[111.067171,32.070349],[111.050629,32.064481],[111.058143,32.0865],[111.07407,32.099265],[111.076697,32.09352],[111.085444,32.087846],[111.100375,32.098855],[111.1104,32.101785],[111.115641,32.110212],[111.122447,32.108161],[111.125911,32.083171],[111.134067,32.07189],[111.127543,32.067872],[111.127215,32.06036],[111.137859,32.048788],[111.131465,32.049417],[111.126223,32.041267],[111.120845,32.039092],[111.108287,32.050541],[111.104678,32.049974],[111.095614,32.036724],[111.092962,32.02538],[111.084472,32.02135],[111.082274,32.008666],[111.0773,32.005142],[111.079848,32.002325],[111.093409,32.004444],[111.095918,32.014245],[111.10646,32.014214],[111.117037,32.021746],[111.113259,32.027342],[111.116903,32.030441],[111.137538,32.032447],[111.144664,32.037956],[111.15559,32.033432],[111.156453,32.027618],[111.172579,32.016869],[111.253291,32.024667],[111.290591,32.019687],[111.302327,32.000001],[111.303577,31.989785],[111.333481,31.952451],[111.336745,31.928798],[111.383412,31.918277],[111.39343,31.910525],[111.410747,31.913694],[111.425461,31.897883],[111.438821,31.891531],[111.459617,31.874789],[111.46145,31.869261],[111.451552,31.868816],[111.449202,31.859401],[111.431546,31.845077],[111.429445,31.835024],[111.431989,31.829026],[111.438031,31.822515],[111.451372,31.817722],[111.481824,31.79707],[111.511051,31.769556],[111.537978,31.736272],[111.545103,31.732325],[111.537273,31.72544],[111.528254,31.72511],[111.526802,31.721143],[111.521399,31.720985],[111.517412,31.727033],[111.506832,31.726606],[111.505313,31.7217],[111.494518,31.719359],[111.498764,31.707266],[111.494357,31.698202],[111.497747,31.692208],[111.504421,31.68935],[111.507285,31.694108],[111.516408,31.693378],[111.528947,31.686736],[111.526494,31.683365],[111.534139,31.677289],[111.522964,31.67441],[111.518124,31.679305],[111.51182,31.67365],[111.500882,31.675701],[111.502753,31.660583],[111.511637,31.650883],[111.50482,31.638755],[111.511079,31.631299],[111.505062,31.623955],[111.505993,31.608782],[111.494665,31.606814],[111.488454,31.600949],[111.487318,31.581383],[111.514643,31.576694],[111.516763,31.572337],[111.492916,31.56615],[111.481537,31.569962],[111.478694,31.565624],[111.467557,31.573009],[111.456037,31.572722],[111.454892,31.570445],[111.459127,31.556317],[111.457067,31.543977],[111.470274,31.531928],[111.461963,31.511456],[111.475742,31.510762],[111.489575,31.490705],[111.479869,31.484735],[111.472326,31.484966],[111.470016,31.473604],[111.458967,31.47007],[111.466157,31.44164],[111.453878,31.445908],[111.450697,31.444739],[111.454327,31.43817],[111.439698,31.435449],[111.4344,31.429382],[111.428549,31.430799],[111.432753,31.417337],[111.424302,31.409925],[111.413706,31.414794],[111.405337,31.41394],[111.41439,31.395389],[111.400778,31.377984],[111.40305,31.371897],[111.395182,31.364888],[111.370327,31.360672],[111.355604,31.349077],[111.342867,31.348629],[111.318801,31.358375],[111.307306,31.370866],[111.307875,31.380115],[111.292597,31.385642],[111.270431,31.386015],[111.261085,31.399339],[111.261184,31.409919],[111.256782,31.417354],[111.268528,31.428963],[111.270039,31.43844],[111.26629,31.447812],[111.258216,31.454303],[111.230591,31.463719],[111.211763,31.46442],[111.193948,31.440169],[111.177018,31.448518],[111.170755,31.444125],[111.166205,31.451249],[111.160638,31.453276],[111.151721,31.443171],[111.139305,31.436422],[111.120347,31.43987],[111.10859,31.429933],[111.10312,31.416322],[111.082973,31.419926],[111.086304,31.426842],[111.083815,31.433203],[111.06953,31.444253],[111.059713,31.439641],[111.046431,31.443724],[111.034003,31.460511],[111.036441,31.488257],[111.05643,31.505864],[111.050136,31.515439],[111.049094,31.527318],[111.030116,31.541035],[111.041459,31.551206],[111.038361,31.567046],[111.00215,31.566009],[110.996032,31.570595],[110.98443,31.568402],[110.971067,31.57155],[110.942604,31.568662],[110.936364,31.592214],[110.938395,31.600899],[110.96534,31.64036],[110.97687,31.642672],[110.974985,31.648606],[110.941498,31.667903],[110.928511,31.663189],[110.90386,31.661443],[110.901087,31.669682],[110.886296,31.678063],[110.87556,31.697713],[110.873684,31.714153],[110.866761,31.721036],[110.870674,31.725121],[110.870364,31.73525],[110.863209,31.748733],[110.843516,31.773716],[110.830253,31.784806],[110.806051,31.784615],[110.797015,31.791587],[110.772453,31.818593],[110.769885,31.830006],[110.75922,31.837003],[110.75883,31.840924]]],[[[110.969163,31.944587],[110.990129,31.943951],[110.987133,31.922606],[110.983028,31.92248],[110.97873,31.936693],[110.969163,31.944587]]]]}},{"type":"Feature","properties":{"id":"cn:420682","name":"老河口市","level":2},"geometry":{"type":"Polygon","coordinates":[[[111.52736,32.493279],[111.533511,32.501589],[111.536319,32.51742],[111.549977,32.535443],[111.550597,32.542707],[111.576822,32.57371],[111.580094,32.589546],[111.577273,32.598854],[111.597953,32.612597],[111.612614,32.629934],[111.634136,32.629858],[111.637278,32.628976],[111.635922,32.613927],[111.64061,32.608484],[111.649246,32.611093],[111.652701,32.616856],[111.656906,32.612952],[111.667156,32.617218],[111.686225,32.608139],[111.707631,32.608723],[111.723277,32.596162],[111.734352,32.591414],[111.7414,32.579752],[111.751538,32.572293],[111.779099,32.559507],[111.784132,32.547956],[111.797189,32.545251],[111.803221,32.538906],[111.821159,32.540314],[111.822366,32.53352],[111.852467,32.530995],[111.856347,32.526699],[111.856951,32.515946],[111.864453,32.508644],[111.89613,32.506022],[111.896672,32.503439],[111.913419,32.50706],[111.913444,32.511667],[111.926565,32.517549],[111.944723,32.518739],[111.950644,32.514575],[111.960983,32.497201],[111.968902,32.474905],[111.98695,32.469547],[111.98215,32.463836],[111.984536,32.459703],[111.995163,32.461607],[112.001106,32.453201],[112.008401,32.452467],[111.995003,32.439461],[111.98722,32.438307],[111.986664,32.420774],[111.976684,32.415844],[111.97683,32.4092],[111.972436,32.401319],[111.95485,32.399019],[111.947036,32.39344],[111.92924,32.389571],[111.92469,32.384648],[111.918667,32.384959],[111.926689,32.382833],[111.931008,32.385392],[111.932674,32.37619],[111.926564,32.371648],[111.93697,32.373219],[111.927322,32.361061],[111.92659,32.346384],[111.918045,32.3414],[111.915321,32.330118],[111.900657,32.327962],[111.882536,32.333404],[111.862395,32.320899],[111.844022,32.319677],[111.831862,32.29893],[111.832427,32.289509],[111.825087,32.278514],[111.815108,32.276441],[111.81491,32.271627],[111.807088,32.267662],[111.803771,32.254826],[111.775213,32.253842],[111.767736,32.245808],[111.748456,32.244985],[111.750493,32.234612],[111.757742,32.228905],[111.759046,32.22179],[111.788755,32.217234],[111.789137,32.214829],[111.779058,32.2088],[111.761328,32.186698],[111.748159,32.182633],[111.743864,32.174567],[111.718407,32.179909],[111.69691,32.202155],[111.69424,32.207959],[111.70136,32.259901],[111.689905,32.284581],[111.677404,32.300529],[111.63475,32.320524],[111.62284,32.332612],[111.620687,32.342733],[111.623448,32.355792],[111.62929,32.365069],[111.648353,32.380064],[111.661147,32.394697],[111.663813,32.399587],[111.660627,32.412755],[111.627866,32.445128],[111.609706,32.457449],[111.545173,32.482361],[111.52736,32.493279]]]}},{"type":"Feature","properties":{"id":"cn:420683","name":"枣阳市","level":2},"geometry":{"type":"Polygon","coordinates":[[[112.456019,32.099435],[112.461183,32.105032],[112.460536,32.110513],[112.469637,32.116204],[112.47774,32.131711],[112.479655,32.143618],[112.47378,32.147058],[112.47243,32.151828],[112.475588,32.170309],[112.480219,32.173583],[112.478182,32.181856],[112.482928,32.197794],[112.482035,32.205946],[112.465846,32.210412],[112.462389,32.227923],[112.466805,32.232065],[112.477636,32.229733],[112.486013,32.234734],[112.492967,32.234077],[112.487509,32.237232],[112.488672,32.24181],[112.489931,32.244634],[112.493047,32.243111],[112.497294,32.249741],[112.487576,32.259025],[112.488995,32.267251],[112.479772,32.271372],[112.483197,32.279448],[112.491171,32.279381],[112.496894,32.288189],[112.504283,32.290228],[112.509338,32.295771],[112.508489,32.29955],[112.491709,32.305534],[112.4899,32.312413],[112.493608,32.321088],[112.485185,32.326616],[112.484658,32.332642],[112.498429,32.337252],[112.505547,32.333712],[112.508838,32.335092],[112.526736,32.352683],[112.527996,32.358677],[112.508815,32.371224],[112.520237,32.382129],[112.524989,32.379234],[112.53268,32.386782],[112.538806,32.396035],[112.535511,32.402312],[112.538279,32.405749],[112.564862,32.396469],[112.572137,32.390293],[112.571531,32.384843],[112.583391,32.383672],[112.590947,32.387913],[112.597664,32.385809],[112.59635,32.382868],[112.630712,32.371529],[112.635657,32.370676],[112.636606,32.373498],[112.645991,32.369473],[112.666263,32.370397],[112.673079,32.367818],[112.675688,32.361929],[112.695235,32.355377],[112.707761,32.35478],[112.713286,32.363961],[112.727667,32.368393],[112.730355,32.360506],[112.729019,32.353859],[112.753058,32.344796],[112.76477,32.348507],[112.770431,32.360554],[112.788266,32.357131],[112.789509,32.362324],[112.797763,32.365379],[112.798126,32.374471],[112.829784,32.383892],[112.854932,32.39811],[112.86468,32.400179],[112.870366,32.399033],[112.872804,32.394918],[112.87145,32.38186],[112.875754,32.377563],[112.883091,32.37912],[112.896607,32.391034],[112.906094,32.393098],[112.948308,32.390812],[112.954532,32.387604],[112.963994,32.373405],[112.982119,32.374547],[112.985921,32.380498],[112.982683,32.401795],[112.989142,32.413078],[112.994566,32.418961],[113.010322,32.420137],[113.021433,32.427557],[113.040782,32.422067],[113.052674,32.406639],[113.072683,32.396409],[113.101702,32.400461],[113.105887,32.393794],[113.112457,32.377796],[113.104315,32.367123],[113.076763,32.37135],[113.063733,32.368738],[113.054905,32.363317],[113.061363,32.33996],[113.084818,32.324032],[113.085869,32.315501],[113.082944,32.307423],[113.061546,32.283177],[113.046129,32.277923],[113.025591,32.2768],[113.018828,32.268564],[113.02961,32.237188],[113.030339,32.208663],[113.019628,32.173905],[113.018725,32.151342],[113.042449,32.128201],[113.043516,32.11744],[113.005704,32.072594],[112.984124,32.052232],[112.984905,32.0],[112.985842,31.979999],[113.020826,31.971481],[113.025583,31.969059],[113.029028,31.960711],[113.025044,31.955089],[113.018889,31.953609],[113.007596,31.956942],[113.001381,31.942667],[112.996659,31.946005],[112.994642,31.943913],[112.991545,31.918403],[112.982093,31.903302],[112.960651,31.899298],[112.954965,31.891424],[112.962119,31.867162],[112.971997,31.850847],[112.970625,31.843316],[112.957804,31.831513],[112.946875,31.834557],[112.93882,31.84211],[112.926242,31.84405],[112.897526,31.817761],[112.892561,31.807119],[112.885304,31.800661],[112.879896,31.799655],[112.8625,31.809513],[112.852171,31.806574],[112.822987,31.758958],[112.793508,31.754449],[112.778902,31.738063],[112.764202,31.747631],[112.750062,31.750743],[112.743265,31.74885],[112.741285,31.746379],[112.74599,31.727231],[112.744593,31.718325],[112.725956,31.702028],[112.72475,31.696216],[112.723586,31.672316],[112.728161,31.649502],[112.723985,31.637685],[112.705643,31.658904],[112.686259,31.657787],[112.685704,31.67247],[112.667978,31.688045],[112.663802,31.683792],[112.660591,31.66874],[112.65086,31.667149],[112.641285,31.669907],[112.623265,31.692818],[112.619488,31.700018],[112.622205,31.716459],[112.604593,31.727894],[112.599604,31.739077],[112.608572,31.74741],[112.610425,31.744556],[112.61797,31.743144],[112.610921,31.745984],[112.610917,31.750155],[112.622304,31.749609],[112.626645,31.756063],[112.634038,31.745356],[112.631849,31.751073],[112.633695,31.75022],[112.635702,31.752521],[112.632016,31.752217],[112.629323,31.756796],[112.639524,31.763419],[112.638509,31.766705],[112.64504,31.768451],[112.638509,31.768995],[112.632002,31.758953],[112.628469,31.763948],[112.628316,31.75808],[112.625135,31.756633],[112.62412,31.759639],[112.620173,31.753054],[112.623431,31.772218],[112.620968,31.786053],[112.623572,31.791553],[112.620775,31.792936],[112.610411,31.787974],[112.612783,31.792188],[112.611296,31.806807],[112.603186,31.827655],[112.56086,31.856874],[112.537539,31.855305],[112.530642,31.863585],[112.508692,31.864048],[112.506634,31.870541],[112.512811,31.889135],[112.515578,31.920437],[112.527613,31.939873],[112.522577,31.947643],[112.527223,31.954188],[112.540468,31.957472],[112.557123,31.986583],[112.547945,31.995568],[112.532979,32.002976],[112.526182,32.010006],[112.522863,32.020825],[112.504841,32.03159],[112.494913,32.029588],[112.489536,32.033662],[112.496417,32.058403],[112.522983,32.056077],[112.531663,32.073411],[112.513761,32.077202],[112.500655,32.07162],[112.497912,32.075019],[112.500863,32.081057],[112.499051,32.08361],[112.486457,32.087715],[112.475779,32.087302],[112.472691,32.096514],[112.464256,32.098533],[112.459148,32.096186],[112.456019,32.099435]],[[112.729094,32.360117],[112.724992,32.365303],[112.71714,32.363158],[112.721353,32.357971],[112.729094,32.360117]]]}},{"type":"Feature","properties":{"id":"cn:420684","name":"宜城市","level":2},"geometry":{"type":"Polygon","coordinates":[[[111.949515,31.448104],[111.960884,31.463057],[111.973881,31.464965],[111.972616,31.470602],[111.977613,31.466638],[111.977882,31.472831],[111.973477,31.47758],[111.980071,31.484571],[111.978525,31.497078],[111.980878,31.504136],[111.993603,31.518558],[112.003933,31.523167],[112.012493,31.522307],[112.012892,31.536515],[112.020331,31.543473],[112.036312,31.548425],[112.054471,31.564334],[112.084315,31.547907],[112.122831,31.56224],[112.132397,31.558375],[112.147162,31.568151],[112.152258,31.577216],[112.152354,31.580196],[112.129497,31.596494],[112.13508,31.608472],[112.138414,31.629295],[112.120991,31.628357],[112.108071,31.640424],[112.114206,31.64974],[112.112001,31.662439],[112.097514,31.681601],[112.096546,31.69562],[112.090027,31.716287],[112.060712,31.734098],[112.05825,31.743074],[112.052977,31.747996],[112.044394,31.746614],[112.040252,31.749976],[112.03652,31.768629],[112.025451,31.768779],[112.012869,31.780045],[112.002172,31.797147],[112.003164,31.801143],[112.011258,31.808628],[112.01808,31.795424],[112.029966,31.793283],[112.039022,31.785363],[112.075896,31.786067],[112.085013,31.780894],[112.098793,31.780831],[112.118659,31.799009],[112.145149,31.804617],[112.146347,31.812353],[112.16478,31.823016],[112.171776,31.838805],[112.195251,31.843798],[112.224363,31.878466],[112.229018,31.894978],[112.239229,31.893967],[112.243989,31.898158],[112.244737,31.904724],[112.26507,31.899961],[112.289889,31.884643],[112.297831,31.885122],[112.30102,31.877659],[112.310473,31.879591],[112.316492,31.875417],[112.324741,31.875341],[112.328098,31.866477],[112.3605,31.856811],[112.389409,31.837734],[112.400547,31.844997],[112.425595,31.841373],[112.435223,31.845638],[112.445264,31.843766],[112.44882,31.84635],[112.447651,31.851657],[112.459219,31.851551],[112.460134,31.865328],[112.483335,31.865564],[112.49729,31.860082],[112.515152,31.865268],[112.530642,31.863585],[112.537539,31.855305],[112.552442,31.857301],[112.564827,31.854944],[112.599028,31.831883],[112.607041,31.82229],[112.612653,31.797346],[112.610411,31.787974],[112.620775,31.792936],[112.623572,31.791553],[112.620968,31.786053],[112.623431,31.772218],[112.620173,31.753054],[112.62412,31.759639],[112.625135,31.756633],[112.628316,31.75808],[112.628469,31.763948],[112.632002,31.758953],[112.638509,31.768995],[112.64504,31.768451],[112.638509,31.766705],[112.639524,31.763419],[112.629323,31.756796],[112.632016,31.752217],[112.635702,31.752521],[112.631849,31.751073],[112.634038,31.745356],[112.626645,31.756063],[112.622304,31.749609],[112.610917,31.750155],[112.610921,31.745984],[112.61797,31.743144],[112.610425,31.744556],[112.608572,31.74741],[112.599604,31.739077],[112.604593,31.727894],[112.622205,31.716459],[112.619488,31.700018],[112.623265,31.692818],[112.641285,31.669907],[112.65086,31.667149],[112.660591,31.66874],[112.664974,31.686745],[112.670886,31.686368],[112.685704,31.67247],[112.686259,31.657787],[112.705643,31.658904],[112.710878,31.655105],[112.723985,31.637685],[112.728256,31.622216],[112.746424,31.611897],[112.739506,31.576072],[112.740547,31.567793],[112.73678,31.559864],[112.709341,31.558262],[112.702266,31.555458],[112.697448,31.548475],[112.698768,31.540185],[112.717996,31.508444],[112.718424,31.498573],[112.709966,31.477535],[112.695686,31.483169],[112.682457,31.495881],[112.662769,31.500497],[112.646989,31.509601],[112.628022,31.504106],[112.598985,31.533249],[112.591346,31.545815],[112.561086,31.563283],[112.541815,31.56512],[112.522327,31.560083],[112.50954,31.562904],[112.501962,31.561251],[112.488768,31.551932],[112.475391,31.536657],[112.46244,31.534664],[112.442015,31.525738],[112.416976,31.50474],[112.383274,31.5092],[112.359176,31.519145],[112.338429,31.516403],[112.319523,31.529662],[112.293135,31.53506],[112.274263,31.549233],[112.243699,31.541415],[112.226919,31.528022],[112.219932,31.527483],[112.201893,31.534749],[112.185513,31.516296],[112.185253,31.471593],[112.165678,31.480721],[112.155244,31.4814],[112.144654,31.476807],[112.132288,31.464711],[112.119242,31.46341],[112.102643,31.466368],[112.086855,31.457808],[112.07023,31.459205],[112.064582,31.450538],[112.067094,31.446096],[112.055787,31.432024],[112.04158,31.443601],[112.034925,31.445418],[112.029738,31.44575],[112.025129,31.437347],[112.01811,31.436651],[111.995628,31.452752],[111.987189,31.451662],[111.97801,31.444333],[111.967925,31.447126],[111.962388,31.442977],[111.95024,31.442427],[111.949515,31.448104]]]}},{"type":"Feature","properties":{"id":"cn:4207","name":"鄂州市","level":1},"geometry":{"type":"Polygon","coordinates":[[[114.498552,30.136089],[114.503144,30.141605],[114.501231,30.153335],[114.510756,30.165516],[114.507875,30.175142],[114.514655,30.178968],[114.514733,30.193137],[114.516269,30.195405],[114.526069,30.194917],[114.535418,30.20521],[114.539377,30.237276],[114.562736,30.256792],[114.565192,30.276043],[114.585765,30.287189],[114.589577,30.29442],[114.587936,30.316642],[114.591777,30.350137],[114.58402,30.358157],[114.581504,30.365744],[114.587957,30.412998],[114.585387,30.415655],[114.585152,30.427525],[114.578347,30.440915],[114.586029,30.447973],[114.58326,30.455145],[114.5855,30.460091],[114.603114,30.459524],[114.619389,30.454157],[114.617358,30.46251],[114.61945,30.470422],[114.629979,30.472835],[114.6359,30.479592],[114.628209,30.502641],[114.632289,30.508863],[114.628262,30.52933],[114.625093,30.532934],[114.618991,30.533355],[114.626352,30.54036],[114.620884,30.544146],[114.616075,30.559516],[114.625146,30.559117],[114.66117,30.574507],[114.714044,30.586587],[114.733983,30.595339],[114.754755,30.611592],[114.779669,30.61927],[114.803497,30.617796],[114.82361,30.599048],[114.830883,30.583078],[114.835353,30.54426],[114.830544,30.476924],[114.834076,30.461889],[114.852609,30.434586],[114.878615,30.419799],[114.912397,30.410636],[114.967578,30.403551],[115.013114,30.407167],[115.032967,30.403351],[115.050599,30.39106],[115.065573,30.369113],[115.075417,30.341205],[115.083178,30.298432],[115.074306,30.261574],[115.056288,30.263788],[115.050717,30.257268],[115.032518,30.251481],[115.028955,30.253681],[115.019335,30.250811],[115.013533,30.240333],[115.007507,30.239561],[115.000403,30.233293],[115.004788,30.230633],[115.005519,30.225108],[114.995467,30.221745],[114.992101,30.215354],[114.981452,30.222425],[114.961752,30.214351],[114.956668,30.206303],[114.949339,30.20668],[114.94183,30.214476],[114.935239,30.214772],[114.924989,30.2229],[114.866861,30.240246],[114.855935,30.260527],[114.856667,30.264318],[114.864514,30.269306],[114.865769,30.275393],[114.858178,30.283614],[114.843705,30.283943],[114.832337,30.291718],[114.832723,30.306749],[114.824932,30.314539],[114.782633,30.311538],[114.778871,30.306327],[114.781113,30.294653],[114.769091,30.293389],[114.728518,30.30573],[114.720839,30.328052],[114.713273,30.327931],[114.702777,30.321041],[114.693244,30.311779],[114.683835,30.292503],[114.690791,30.283618],[114.689558,30.280904],[114.669312,30.269798],[114.666624,30.259741],[114.657094,30.257145],[114.659658,30.224197],[114.671461,30.214382],[114.675451,30.205949],[114.697699,30.188543],[114.70848,30.187487],[114.71849,30.181485],[114.716849,30.17739],[114.706881,30.171603],[114.710753,30.164632],[114.70233,30.163484],[114.697462,30.159286],[114.694777,30.148229],[114.710319,30.138989],[114.712486,30.129089],[114.723907,30.122387],[114.726158,30.106964],[114.737632,30.088768],[114.726692,30.092573],[114.714218,30.082537],[114.719665,30.066319],[114.726539,30.061713],[114.723435,30.055014],[114.710785,30.044514],[114.697898,30.042792],[114.692375,30.052812],[114.681014,30.047257],[114.681029,30.042784],[114.686233,30.039701],[114.682365,30.025016],[114.6697,30.025757],[114.660667,30.019204],[114.653426,30.022492],[114.638376,30.018462],[114.634351,30.028505],[114.636081,30.039776],[114.631802,30.040883],[114.634034,30.044399],[114.619095,30.05607],[114.59528,30.049698],[114.58711,30.051283],[114.579142,30.039447],[114.565305,30.037607],[114.562024,30.043407],[114.567288,30.050141],[114.554234,30.060331],[114.541139,30.065462],[114.537745,30.070052],[114.540132,30.07741],[114.531261,30.084652],[114.528734,30.097301],[114.513448,30.104548],[114.514325,30.111022],[114.500193,30.126379],[114.498552,30.136089]]]}},{"type":"Feature","properties":{"id":"cn:420702","name":"梁子湖区","level":2},"geometry":{"type":"Polygon","coordinates":[[[114.498552,30.136089],[114.503144,30.141605],[114.501231,30.153335],[114.510756,30.165516],[114.507875,30.175142],[114.514655,30.178968],[114.514733,30.193137],[114.516269,30.195405],[114.526069,30.194917],[114.535418,30.20521],[114.539377,30.237276],[114.562736,30.256792],[114.565192,30.276043],[114.588196,30.291067],[114.591777,30.350137],[114.617241,30.348371],[114.621573,30.357506],[114.632476,30.363619],[114.640957,30.358623],[114.647311,30.36659],[114.657556,30.351935],[114.660112,30.335127],[114.672447,30.330882],[114.669671,30.309499],[114.65571,30.307488],[114.655668,30.302302],[114.67084,30.296509],[114.680336,30.308369],[114.692916,30.311208],[114.683835,30.292503],[114.690791,30.283618],[114.689558,30.280904],[114.669312,30.269798],[114.666624,30.259741],[114.657094,30.257145],[114.655607,30.252249],[114.659666,30.240717],[114.66078,30.22071],[114.671461,30.214382],[114.675451,30.205949],[114.697699,30.188543],[114.70848,30.187487],[114.71849,30.181485],[114.716849,30.17739],[114.706881,30.171603],[114.711272,30.165272],[114.699729,30.161608],[114.694259,30.15098],[114.698867,30.144622],[114.710319,30.138989],[114.712486,30.129089],[114.723907,30.122387],[114.726158,30.106964],[114.737724,30.091005],[114.737632,30.088768],[114.726692,30.092573],[114.714218,30.082537],[114.719665,30.066319],[114.726539,30.061713],[114.723435,30.055014],[114.704956,30.042429],[114.697898,30.042792],[114.692375,30.052812],[114.6836,30.049647],[114.679938,30.044947],[114.686233,30.039701],[114.682365,30.025016],[114.6697,30.025757],[114.660667,30.019204],[114.653426,30.022492],[114.637282,30.019374],[114.634351,30.028505],[114.636081,30.039776],[114.633184,30.039277],[114.631513,30.043098],[114.634034,30.044399],[114.619095,30.05607],[114.59528,30.049698],[114.58711,30.051283],[114.579142,30.039447],[114.565305,30.037607],[114.562024,30.043407],[114.567288,30.050141],[114.554234,30.060331],[114.541139,30.065462],[114.537745,30.070052],[114.540132,30.07741],[114.531261,30.084652],[114.528734,30.097301],[114.513448,30.104548],[114.514325,30.111022],[114.500193,30.126379],[114.498552,30.136089]]]}},{"type":"Feature","properties":{"id":"cn:420703","name":"华容区","level":2},"geometry":{"type":"Polygon","coordinates":[[[114.578191,30.440149],[114.586029,30.447973],[114.58326,30.455145],[114.5855,30.460091],[114.603114,30.459524],[114.619389,30.454157],[114.617358,30.46251],[114.61945,30.470422],[114.629979,30.472835],[114.6359,30.479592],[114.628209,30.502641],[114.632289,30.508863],[114.628262,30.52933],[114.625093,30.532934],[114.618991,30.533355],[114.626352,30.54036],[114.620884,30.544146],[114.616075,30.559516],[114.625146,30.559117],[114.66117,30.574507],[114.714044,30.586587],[114.733983,30.595339],[114.754755,30.611592],[114.779669,30.61927],[114.803497,30.617796],[114.82361,30.599048],[114.830883,30.583078],[114.834442,30.56405],[114.834997,30.529845],[114.830544,30.476924],[114.840968,30.449028],[114.812819,30.436423],[114.810884,30.440969],[114.802972,30.4387],[114.801338,30.443025],[114.792096,30.441717],[114.786736,30.43215],[114.782846,30.431852],[114.783586,30.423727],[114.778216,30.416803],[114.779127,30.402823],[114.781877,30.403064],[114.784795,30.397252],[114.773454,30.393595],[114.759612,30.398684],[114.754117,30.394409],[114.752646,30.387131],[114.741073,30.383628],[114.733872,30.390142],[114.714663,30.391091],[114.711722,30.386355],[114.712726,30.374198],[114.708387,30.372462],[114.683139,30.379492],[114.674845,30.391533],[114.667531,30.392988],[114.656222,30.386426],[114.661408,30.367116],[114.657556,30.351935],[114.646512,30.366666],[114.640957,30.358623],[114.632476,30.363619],[114.621573,30.357506],[114.617241,30.348371],[114.593448,30.349448],[114.58402,30.358157],[114.581504,30.365744],[114.587957,30.412998],[114.585387,30.415655],[114.585152,30.427525],[114.578191,30.440149]]]}},{"type":"Feature","properties":{"id":"cn:420704","name":"鄂城区","level":2},"geometry":{"type":"Polygon","coordinates":[[[114.655668,30.302302],[114.65571,30.307488],[114.669671,30.309499],[114.672447,30.330882],[114.664781,30.331859],[114.659383,30.336311],[114.657556,30.351935],[114.661408,30.367116],[114.655914,30.383779],[114.657405,30.388626],[114.668662,30.39321],[114.674845,30.391533],[114.683139,30.379492],[114.708387,30.372462],[114.712726,30.374198],[114.711722,30.386355],[114.714663,30.391091],[114.733872,30.390142],[114.741073,30.383628],[114.752646,30.387131],[114.754117,30.394409],[114.759612,30.398684],[114.775398,30.393866],[114.784795,30.397252],[114.781877,30.403064],[114.779127,30.402823],[114.778216,30.416803],[114.783586,30.423727],[114.782846,30.431852],[114.786736,30.43215],[114.792096,30.441717],[114.801338,30.443025],[114.802972,30.4387],[114.810884,30.440969],[114.812819,30.436423],[114.840968,30.449028],[114.858676,30.430196],[114.887461,30.416392],[114.967578,30.403551],[115.013114,30.407167],[115.03241,30.403521],[115.039966,30.399019],[115.050599,30.39106],[115.065573,30.369113],[115.075417,30.341205],[115.083178,30.298432],[115.074306,30.261574],[115.056288,30.263788],[115.050717,30.257268],[115.032518,30.251481],[115.028955,30.253681],[115.019335,30.250811],[115.013533,30.240333],[115.007507,30.239561],[115.000403,30.233293],[115.004788,30.230633],[115.005519,30.225108],[114.995467,30.221745],[114.992101,30.215354],[114.981452,30.222425],[114.961752,30.214351],[114.960216,30.208435],[114.953992,30.206066],[114.924989,30.2229],[114.866861,30.240246],[114.855935,30.260527],[114.856667,30.264318],[114.864514,30.269306],[114.865769,30.275393],[114.858178,30.283614],[114.843705,30.283943],[114.832337,30.291718],[114.832723,30.306749],[114.824932,30.314539],[114.782633,30.311538],[114.778871,30.306327],[114.781113,30.294653],[114.769091,30.293389],[114.728518,30.30573],[114.72809,30.312818],[114.722174,30.318059],[114.721204,30.327798],[114.716421,30.328761],[114.692916,30.311208],[114.680336,30.308369],[114.67084,30.296509],[114.655668,30.302302]]]}},{"type":"Feature","properties":{"id":"cn:4208","name":"荆门市","level":1},"geometry":{"type":"MultiPolygon","coordinates":[[[[111.855423,31.230076],[111.85935,31.231296],[111.86106,31.237367],[111.878618,31.23745],[111.891326,31.253401],[111.904197,31.26256],[111.913623,31.263072],[111.921931,31.25831],[111.928129,31.259882],[111.939455,31.275776],[111.9356,31.294475],[111.922468,31.300813],[111.925441,31.315705],[111.912749,31.330445],[111.925353,31.330147],[111.930114,31.3339],[111.932697,31.352823],[111.935699,31.355955],[111.932506,31.362212],[111.937896,31.367116],[111.930474,31.371719],[111.939076,31.397096],[111.940996,31.427544],[111.950585,31.442655],[111.962388,31.442977],[111.967925,31.447126],[111.97801,31.444333],[111.987189,31.451662],[111.99381,31.45294],[112.01811,31.436651],[112.025129,31.437347],[112.029738,31.44575],[112.034925,31.445418],[112.04158,31.443601],[112.055787,31.432024],[112.067094,31.446096],[112.064582,31.450538],[112.07023,31.459205],[112.086855,31.457808],[112.102643,31.466368],[112.119242,31.46341],[112.132288,31.464711],[112.144654,31.476807],[112.155244,31.4814],[112.165678,31.480721],[112.185253,31.471593],[112.185513,31.516296],[112.201893,31.534749],[112.219932,31.527483],[112.226919,31.528022],[112.243699,31.541415],[112.274263,31.549233],[112.293135,31.53506],[112.319523,31.529662],[112.338429,31.516403],[112.359176,31.519145],[112.383274,31.5092],[112.416976,31.50474],[112.442015,31.525738],[112.46244,31.534664],[112.475391,31.536657],[112.488768,31.551932],[112.501962,31.561251],[112.50954,31.562904],[112.522327,31.560083],[112.541815,31.56512],[112.561086,31.563283],[112.591346,31.545815],[112.598985,31.533249],[112.628022,31.504106],[112.646989,31.509601],[112.662769,31.500497],[112.682457,31.495881],[112.695686,31.483169],[112.709966,31.477535],[112.718424,31.498573],[112.717996,31.508444],[112.698768,31.540185],[112.697448,31.548475],[112.702266,31.555458],[112.709341,31.558262],[112.73678,31.559864],[112.740547,31.567793],[112.739506,31.576072],[112.746424,31.611897],[112.758403,31.616409],[112.768439,31.611793],[112.776702,31.602412],[112.820505,31.596008],[112.832423,31.584232],[112.842206,31.565406],[112.865964,31.56226],[112.872822,31.55864],[112.892674,31.529452],[112.897535,31.516253],[112.896589,31.483715],[112.901043,31.473507],[112.911433,31.471626],[112.946155,31.474822],[112.976433,31.438918],[112.986485,31.435432],[113.010382,31.443496],[113.020339,31.451478],[113.031303,31.450486],[113.049333,31.438523],[113.066832,31.446979],[113.085903,31.447826],[113.096763,31.444538],[113.105152,31.436505],[113.107277,31.42853],[113.116265,31.430907],[113.12645,31.427745],[113.13945,31.439448],[113.148049,31.430712],[113.155191,31.430492],[113.148293,31.421953],[113.142601,31.428368],[113.141732,31.418051],[113.147561,31.416447],[113.155282,31.407698],[113.163292,31.413998],[113.200781,31.397544],[113.234497,31.356891],[113.243759,31.360748],[113.257345,31.358977],[113.289166,31.343042],[113.291676,31.329637],[113.294286,31.328283],[113.298215,31.335254],[113.310628,31.342154],[113.32369,31.329341],[113.324343,31.320278],[113.337336,31.317122],[113.343786,31.306148],[113.347156,31.309794],[113.353513,31.309193],[113.36038,31.300078],[113.362036,31.287485],[113.369994,31.277719],[113.379239,31.292764],[113.382606,31.293867],[113.388516,31.288859],[113.391164,31.291813],[113.401198,31.292877],[113.406365,31.284949],[113.416862,31.282165],[113.438586,31.236561],[113.454258,31.228477],[113.458208,31.229759],[113.459165,31.226468],[113.465032,31.227705],[113.468046,31.233427],[113.48132,31.228362],[113.484454,31.214271],[113.485143,31.150519],[113.470976,31.132663],[113.48885,31.119248],[113.482165,31.114051],[113.474646,31.115213],[113.471763,31.109602],[113.462793,31.106145],[113.463108,31.072481],[113.452952,31.047331],[113.430286,31.029219],[113.423149,31.015679],[113.409752,31.00658],[113.402634,31.006802],[113.389076,30.988162],[113.37631,30.995919],[113.380034,30.976395],[113.385833,30.967935],[113.365684,30.968378],[113.360111,30.962105],[113.359318,30.949869],[113.355805,30.951178],[113.351903,30.947343],[113.358527,30.932708],[113.340523,30.933489],[113.334848,30.940704],[113.32289,30.933187],[113.325958,30.928902],[113.32295,30.923327],[113.328326,30.919377],[113.327617,30.915317],[113.322135,30.913396],[113.323961,30.896908],[113.320177,30.891204],[113.296337,30.901004],[113.290961,30.89755],[113.285937,30.905616],[113.264418,30.899036],[113.261337,30.893824],[113.252226,30.88881],[113.251168,30.882665],[113.239064,30.87046],[113.224966,30.87006],[113.231626,30.862234],[113.226072,30.856088],[113.213659,30.861051],[113.195307,30.83076],[113.182622,30.818563],[113.160451,30.814193],[113.137587,30.804553],[113.072535,30.825803],[113.068976,30.812561],[113.072856,30.798029],[113.066623,30.784152],[113.040226,30.780299],[113.031009,30.773668],[113.015094,30.777938],[113.005586,30.789901],[112.994531,30.790352],[112.972925,30.76666],[112.94145,30.751183],[112.924939,30.739093],[112.915703,30.719987],[112.904453,30.716977],[112.890756,30.719903],[112.885723,30.713722],[112.885777,30.701475],[112.874601,30.700366],[112.868481,30.702951],[112.865884,30.707901],[112.860662,30.707085],[112.857334,30.712395],[112.84355,30.718687],[112.842129,30.725838],[112.835495,30.731832],[112.824092,30.731402],[112.829798,30.734356],[112.824543,30.741286],[112.827319,30.745363],[112.822515,30.748095],[112.825722,30.749516],[112.82235,30.75518],[112.823595,30.758695],[112.828509,30.760282],[112.823574,30.775311],[112.826702,30.780865],[112.821249,30.783343],[112.82102,30.787914],[112.814989,30.792183],[112.817799,30.804073],[112.811406,30.815748],[112.807567,30.816513],[112.80658,30.825346],[112.795664,30.829727],[112.774548,30.816292],[112.76456,30.805212],[112.701943,30.772396],[112.652412,30.736239],[112.624522,30.706949],[112.608368,30.704848],[112.609939,30.711057],[112.601694,30.713502],[112.586762,30.671017],[112.60856,30.652492],[112.630676,30.643582],[112.638372,30.643768],[112.698792,30.658819],[112.711256,30.654258],[112.71602,30.647014],[112.711845,30.636503],[112.704485,30.636326],[112.685961,30.647389],[112.676028,30.640691],[112.6661,30.643209],[112.665012,30.633516],[112.657921,30.630345],[112.655344,30.631537],[112.660003,30.639448],[112.656961,30.641413],[112.646088,30.636318],[112.641612,30.624583],[112.631372,30.627921],[112.626354,30.621358],[112.61738,30.621676],[112.618231,30.615246],[112.631387,30.607667],[112.632666,30.601801],[112.62,30.587147],[112.620217,30.570167],[112.604922,30.565499],[112.597865,30.553285],[112.601831,30.544931],[112.613671,30.533856],[112.615531,30.521333],[112.61826,30.520916],[112.619618,30.515416],[112.614472,30.510289],[112.616153,30.507869],[112.609438,30.506171],[112.611495,30.501674],[112.603991,30.501639],[112.578741,30.529667],[112.574375,30.526332],[112.573686,30.512416],[112.566764,30.512976],[112.562707,30.497561],[112.565026,30.486936],[112.571496,30.487688],[112.576904,30.483844],[112.573449,30.479971],[112.577287,30.474288],[112.572707,30.453859],[112.562766,30.445845],[112.534393,30.442196],[112.523203,30.433059],[112.521389,30.426452],[112.527526,30.411394],[112.522274,30.397068],[112.467213,30.433476],[112.443316,30.44069],[112.433325,30.435648],[112.427943,30.424766],[112.394366,30.428294],[112.375182,30.425752],[112.339757,30.404767],[112.32515,30.408089],[112.302014,30.426128],[112.303878,30.433781],[112.296536,30.441087],[112.299396,30.444249],[112.298243,30.451339],[112.305945,30.453765],[112.303119,30.459699],[112.305535,30.463541],[112.292446,30.487576],[112.274713,30.48949],[112.268216,30.495522],[112.266857,30.50182],[112.261094,30.504243],[112.240173,30.500279],[112.219286,30.502468],[112.212313,30.507954],[112.203219,30.501355],[112.197565,30.503436],[112.19436,30.496511],[112.194963,30.48166],[112.19916,30.479322],[112.204034,30.481758],[112.208407,30.472554],[112.196932,30.475861],[112.182764,30.471841],[112.179811,30.477775],[112.168214,30.484239],[112.176285,30.525249],[112.167814,30.534963],[112.15991,30.537949],[112.1529,30.536782],[112.146175,30.525008],[112.138819,30.527063],[112.130286,30.535271],[112.12723,30.548411],[112.130868,30.56393],[112.127691,30.57317],[112.118845,30.588723],[112.106449,30.601367],[112.103993,30.608761],[112.111357,30.627885],[112.094719,30.632496],[112.094423,30.649671],[112.0754,30.661673],[112.080469,30.672344],[112.073523,30.682902],[112.073058,30.691933],[112.04984,30.723525],[112.060865,30.733811],[112.063216,30.742793],[112.059113,30.761706],[112.040765,30.77034],[112.043286,30.787867],[112.03943,30.797009],[112.047144,30.799192],[112.042467,30.804314],[112.043645,30.812979],[112.038935,30.819176],[112.043222,30.821102],[112.04191,30.827386],[112.009342,30.86776],[112.020512,30.878874],[112.022594,30.90431],[112.025525,30.909641],[112.021933,30.923229],[112.0252,30.931032],[112.017933,30.935536],[112.013569,30.93308],[112.015349,30.925145],[112.008232,30.927339],[112.006891,30.931916],[112.010247,30.936932],[112.006203,30.939575],[112.002369,30.959839],[112.008037,30.976904],[112.015081,30.986724],[112.007164,30.98723],[112.002473,30.996391],[111.995635,30.997632],[111.994775,31.00194],[111.997992,31.00469],[111.983892,31.007497],[111.980977,31.011188],[111.98304,31.016813],[111.970462,31.017761],[111.967913,31.030016],[111.959155,31.037266],[111.964176,31.045379],[111.960466,31.057601],[111.939712,31.05819],[111.927191,31.050712],[111.913751,31.05276],[111.900988,31.081514],[111.906251,31.083551],[111.91398,31.076665],[111.921494,31.075843],[111.935984,31.099947],[111.948451,31.104923],[111.950693,31.111571],[111.95775,31.117554],[111.947305,31.125614],[111.938912,31.125485],[111.932007,31.14048],[111.922569,31.143561],[111.928362,31.154752],[111.929,31.175855],[111.921288,31.175713],[111.914634,31.183174],[111.9012,31.173473],[111.897156,31.177868],[111.902748,31.189282],[111.899009,31.195928],[111.896163,31.195389],[111.893074,31.185652],[111.879509,31.176385],[111.878993,31.190122],[111.871588,31.197369],[111.877985,31.211611],[111.872142,31.214955],[111.864183,31.21429],[111.866738,31.223878],[111.856947,31.226333],[111.855423,31.230076]]],[[[112.81974,30.724579],[112.820912,30.729628],[112.823251,30.728495],[112.81974,30.724579]]],[[[112.054396,30.689944],[112.061517,30.699144],[112.066056,30.697168],[112.062841,30.687811],[112.056608,30.687048],[112.054396,30.689944]]],[[[112.633438,30.615493],[112.641641,30.617213],[112.642198,30.612394],[112.634898,30.613145],[112.633438,30.615493]]],[[[112.662568,30.629079],[112.668131,30.63008],[112.667724,30.627292],[112.662568,30.629079]]]]}},{"type":"Feature","properties":{"id":"cn:420802","name":"东宝区","level":2},"geometry":{"type":"Polygon","coordinates":[[[111.855423,31.230076],[111.85935,31.231296],[111.86106,31.237367],[111.878618,31.23745],[111.891326,31.253401],[111.904197,31.26256],[111.913623,31.263072],[111.921931,31.25831],[111.928129,31.259882],[111.939455,31.275776],[111.9356,31.294475],[111.922468,31.300813],[111.925441,31.315705],[111.912749,31.330445],[111.925353,31.330147],[111.930114,31.3339],[111.932697,31.352823],[111.935699,31.355955],[111.932506,31.362212],[111.937896,31.367116],[111.930474,31.371719],[111.939076,31.397096],[111.940996,31.427544],[111.949271,31.441793],[111.963098,31.443174],[111.967925,31.447126],[111.97801,31.444333],[111.987189,31.451662],[111.99381,31.45294],[112.01811,31.436651],[112.025129,31.437347],[112.029738,31.44575],[112.034925,31.445418],[112.04158,31.443601],[112.055787,31.432024],[112.067094,31.446096],[112.064582,31.450538],[112.07023,31.459205],[112.086855,31.457808],[112.102643,31.466368],[112.132988,31.46444],[112.134596,31.447977],[112.130578,31.445313],[112.136679,31.43535],[112.134934,31.431857],[112.141413,31.401161],[112.12514,31.402404],[112.122615,31.387159],[112.131999,31.388113],[112.133426,31.375367],[112.142207,31.377642],[112.133753,31.368592],[112.142652,31.352176],[112.149471,31.35254],[112.150657,31.356611],[112.154741,31.357506],[112.164079,31.351333],[112.160506,31.347028],[112.162016,31.34371],[112.15732,31.341255],[112.15753,31.334407],[112.16056,31.332047],[112.15833,31.328337],[112.169954,31.320973],[112.168672,31.308393],[112.173215,31.307062],[112.176542,31.297144],[112.196011,31.302952],[112.196615,31.318892],[112.201011,31.321697],[112.20534,31.320201],[112.202755,31.325007],[112.208677,31.330565],[112.213416,31.33211],[112.218569,31.328809],[112.220203,31.325517],[112.214723,31.322892],[112.211407,31.310905],[112.213095,31.302211],[112.221884,31.30128],[112.236081,31.286242],[112.245815,31.282264],[112.250513,31.276781],[112.284857,31.26024],[112.285296,31.250361],[112.276296,31.254978],[112.271893,31.247391],[112.264364,31.243897],[112.263478,31.238061],[112.272059,31.23642],[112.271414,31.225491],[112.281394,31.222145],[112.289061,31.215503],[112.305456,31.213971],[112.335704,31.184124],[112.336265,31.176142],[112.32691,31.160921],[112.302159,31.159754],[112.288626,31.151506],[112.286139,31.136532],[112.278052,31.131859],[112.283126,31.117101],[112.279975,31.102413],[112.285338,31.094821],[112.286643,31.078377],[112.29351,31.06818],[112.31001,31.072482],[112.314414,31.077517],[112.319987,31.0744],[112.322821,31.078838],[112.332203,31.078741],[112.33875,31.074145],[112.338763,31.069985],[112.330257,31.063954],[112.342979,31.048357],[112.352989,31.014576],[112.346648,31.007976],[112.342871,31.014948],[112.334292,31.010991],[112.327215,31.012112],[112.328745,31.00816],[112.326209,31.006821],[112.320565,31.010091],[112.316785,31.006436],[112.318319,31.002525],[112.311825,31.000074],[112.308687,30.990252],[112.310884,30.98233],[112.325025,30.970548],[112.320651,30.970345],[112.318928,30.956027],[112.308232,30.952369],[112.297932,30.962562],[112.291739,30.963111],[112.289314,30.96025],[112.282688,30.968615],[112.276855,30.967017],[112.272514,30.97055],[112.268799,30.969619],[112.265618,30.977534],[112.265125,30.984576],[112.271001,30.985704],[112.272423,30.988985],[112.268441,30.993399],[112.272683,30.997834],[112.278315,30.995245],[112.282669,31.002918],[112.287832,31.004812],[112.290537,31.013966],[112.283191,31.018747],[112.278091,31.016587],[112.261233,31.025258],[112.260231,31.034486],[112.245728,31.039745],[112.235808,31.051067],[112.214033,31.05479],[112.210844,31.064278],[112.207103,31.062686],[112.206869,31.033637],[112.199502,31.019505],[112.203858,31.004468],[112.194246,31.008649],[112.191922,31.016727],[112.181569,31.014757],[112.173412,31.021766],[112.157471,31.019432],[112.135012,31.033005],[112.112984,31.051358],[112.099974,31.054112],[112.097967,31.046204],[112.102825,31.031658],[112.102732,31.011859],[112.111078,31.002834],[112.104932,30.992681],[112.10872,30.985068],[112.10781,30.969692],[112.099772,30.962768],[112.104116,30.95813],[112.111101,30.964477],[112.11786,30.960448],[112.115371,30.953431],[112.128734,30.941269],[112.134178,30.916198],[112.137428,30.91285],[112.134138,30.90717],[112.142793,30.895731],[112.131434,30.885925],[112.116288,30.879199],[112.10852,30.86776],[112.095014,30.866792],[112.081975,30.86081],[112.077177,30.843343],[112.063311,30.828298],[112.044032,30.844156],[112.036584,30.84205],[112.036436,30.834161],[112.009342,30.86776],[112.020512,30.878874],[112.022594,30.90431],[112.025525,30.909641],[112.021933,30.923229],[112.0252,30.931032],[112.017933,30.935536],[112.013569,30.93308],[112.015349,30.925145],[112.008232,30.927339],[112.006891,30.931916],[112.010247,30.936932],[112.006203,30.939575],[112.002369,30.959839],[112.008037,30.976904],[112.015081,30.986724],[112.007164,30.98723],[112.002473,30.996391],[111.995635,30.997632],[111.994775,31.00194],[111.997992,31.00469],[111.983892,31.007497],[111.980977,31.011188],[111.98304,31.016813],[111.970462,31.017761],[111.967913,31.030016],[111.959155,31.037266],[111.964176,31.045379],[111.960466,31.057601],[111.939712,31.05819],[111.929882,31.051171],[111.916148,31.051523],[111.900112,31.078715],[111.904413,31.084052],[111.91398,31.076665],[111.921494,31.075843],[111.935984,31.099947],[111.948451,31.104923],[111.950693,31.111571],[111.957493,31.114974],[111.956988,31.11935],[111.947305,31.125614],[111.938912,31.125485],[111.932007,31.14048],[111.922569,31.143561],[111.928362,31.154752],[111.929,31.175855],[111.921288,31.175713],[111.914634,31.183174],[111.9012,31.173473],[111.897156,31.177868],[111.902748,31.189282],[111.899009,31.195928],[111.896163,31.195389],[111.893074,31.185652],[111.879509,31.176385],[111.878993,31.190122],[111.871588,31.197369],[111.877985,31.211611],[111.872142,31.214955],[111.864183,31.21429],[111.866738,31.223878],[111.856947,31.226333],[111.855423,31.230076]]]}},{"type":"Feature","properties":{"id":"cn:420804","name":"掇刀区","level":2},"geometry":{"type":"Polygon","coordinates":[[[112.035836,30.840522],[112.044032,30.844156],[112.063311,30.828298],[112.077177,30.843343],[112.081975,30.86081],[112.095014,30.866792],[112.10852,30.86776],[112.116288,30.879199],[112.131434,30.885925],[112.142793,30.895731],[112.134138,30.90717],[112.137428,30.91285],[112.134178,30.916198],[112.128734,30.941269],[112.115371,30.953431],[112.11786,30.960448],[112.111101,30.964477],[112.104116,30.95813],[112.099772,30.962768],[112.10781,30.969692],[112.10872,30.985068],[112.104932,30.992681],[112.111078,31.002834],[112.102732,31.011859],[112.102825,31.031658],[112.097967,31.046204],[112.099974,31.054112],[112.112984,31.051358],[112.135012,31.033005],[112.157471,31.019432],[112.173412,31.021766],[112.181569,31.014757],[112.191922,31.016727],[112.194246,31.008649],[112.203858,31.004468],[112.199502,31.019505],[112.206869,31.033637],[112.207103,31.062686],[112.209728,31.064747],[112.214033,31.05479],[112.235808,31.051067],[112.245728,31.039745],[112.260231,31.034486],[112.261233,31.025258],[112.278091,31.016587],[112.283191,31.018747],[112.290537,31.013966],[112.287832,31.004812],[112.282669,31.002918],[112.278315,30.995245],[112.272683,30.997834],[112.268441,30.993399],[112.269347,30.990336],[112.272538,30.990678],[112.271001,30.985704],[112.265125,30.984576],[112.268799,30.969619],[112.272514,30.97055],[112.276855,30.967017],[112.282688,30.968615],[112.289314,30.96025],[112.291739,30.963111],[112.297932,30.962562],[112.308232,30.952369],[112.318928,30.956027],[112.320651,30.970345],[112.323428,30.968613],[112.324807,30.972428],[112.332468,30.967319],[112.340288,30.937225],[112.335803,30.930272],[112.345206,30.92235],[112.33597,30.919467],[112.338508,30.909083],[112.328962,30.904351],[112.329605,30.896058],[112.334046,30.892753],[112.33297,30.884651],[112.319601,30.886515],[112.318555,30.881682],[112.315162,30.881121],[112.316105,30.872668],[112.308482,30.870232],[112.308329,30.864122],[112.310526,30.856789],[112.315159,30.854483],[112.317563,30.856431],[112.318557,30.852073],[112.32379,30.851916],[112.323713,30.84623],[112.320113,30.847098],[112.325782,30.841413],[112.338785,30.842007],[112.339597,30.835201],[112.336058,30.831656],[112.337961,30.827807],[112.334124,30.825114],[112.334185,30.820422],[112.338529,30.81678],[112.338054,30.809715],[112.327845,30.801027],[112.328868,30.805404],[112.324789,30.803451],[112.32364,30.808067],[112.321083,30.803533],[112.316309,30.806376],[112.315334,30.803244],[112.30694,30.807426],[112.312135,30.802445],[112.323534,30.800105],[112.32107,30.794422],[112.324488,30.79178],[112.325755,30.795907],[112.331675,30.786774],[112.329852,30.780362],[112.333022,30.772908],[112.32458,30.771256],[112.32098,30.778419],[112.304414,30.789698],[112.306962,30.795813],[112.304128,30.797529],[112.302338,30.79412],[112.298039,30.794254],[112.293101,30.77469],[112.280215,30.775583],[112.277435,30.769709],[112.282553,30.760508],[112.273558,30.760297],[112.267915,30.762803],[112.270399,30.780058],[112.261671,30.790371],[112.246117,30.788145],[112.243393,30.797024],[112.237139,30.801785],[112.229004,30.798673],[112.226327,30.790843],[112.210427,30.778744],[112.207955,30.786154],[112.200799,30.792578],[112.203278,30.803721],[112.197563,30.803521],[112.192683,30.808188],[112.194298,30.811129],[112.188994,30.814658],[112.182904,30.81239],[112.181805,30.807062],[112.17589,30.803537],[112.169128,30.803954],[112.16648,30.770017],[112.152898,30.775697],[112.152106,30.763599],[112.147595,30.764791],[112.147925,30.767739],[112.145975,30.763467],[112.139639,30.761357],[112.133589,30.770816],[112.12489,30.769494],[112.114807,30.77321],[112.092859,30.759247],[112.060567,30.753253],[112.058998,30.761845],[112.040765,30.77034],[112.043286,30.787867],[112.03943,30.797009],[112.047144,30.799192],[112.042467,30.804314],[112.043645,30.812979],[112.038935,30.819176],[112.043164,30.822326],[112.035836,30.840522]]]}},{"type":"Feature","properties":{"id":"cn:420822","name":"沙洋县","level":2},"geometry":{"type":"MultiPolygon","coordinates":[[[[112.049672,30.725012],[112.060865,30.733811],[112.063216,30.742793],[112.060567,30.753253],[112.092859,30.759247],[112.114807,30.77321],[112.12489,30.769494],[112.133589,30.770816],[112.139639,30.761357],[112.145975,30.763467],[112.147925,30.767739],[112.147595,30.764791],[112.152106,30.763599],[112.152898,30.775697],[112.16648,30.770017],[112.169128,30.803954],[112.17589,30.803537],[112.181805,30.807062],[112.182904,30.81239],[112.188994,30.814658],[112.194298,30.811129],[112.192683,30.808188],[112.197563,30.803521],[112.203278,30.803721],[112.200799,30.792578],[112.207955,30.786154],[112.210427,30.778744],[112.226327,30.790843],[112.229004,30.798673],[112.237139,30.801785],[112.243393,30.797024],[112.246117,30.788145],[112.261671,30.790371],[112.270399,30.780058],[112.267915,30.762803],[112.273558,30.760297],[112.282553,30.760508],[112.277435,30.769709],[112.280215,30.775583],[112.293101,30.77469],[112.298039,30.794254],[112.302338,30.79412],[112.304128,30.797529],[112.306962,30.795813],[112.304414,30.789698],[112.32098,30.778419],[112.32458,30.771256],[112.333022,30.772908],[112.329852,30.780362],[112.331675,30.786774],[112.325755,30.795907],[112.324488,30.79178],[112.32107,30.794422],[112.323534,30.800105],[112.312135,30.802445],[112.30694,30.807426],[112.315334,30.803244],[112.316309,30.806376],[112.321083,30.803533],[112.32364,30.808067],[112.324789,30.803451],[112.328868,30.805404],[112.327845,30.801027],[112.335486,30.80544],[112.338529,30.81678],[112.334185,30.820422],[112.334124,30.825114],[112.337521,30.826461],[112.336058,30.831656],[112.340018,30.839494],[112.338566,30.842162],[112.325782,30.841413],[112.321319,30.845048],[112.320121,30.847644],[112.323713,30.84623],[112.32379,30.851916],[112.318557,30.852073],[112.317563,30.856431],[112.315159,30.854483],[112.310526,30.856789],[112.308259,30.869326],[112.316105,30.872668],[112.315162,30.881121],[112.318555,30.881682],[112.320328,30.886975],[112.33297,30.884651],[112.334046,30.892753],[112.329605,30.896058],[112.328962,30.904351],[112.338508,30.909083],[112.335978,30.913019],[112.337496,30.920867],[112.358769,30.923857],[112.361016,30.908808],[112.367347,30.909943],[112.366836,30.902736],[112.376161,30.906809],[112.387101,30.89853],[112.388235,30.889192],[112.394565,30.882838],[112.387912,30.876092],[112.390353,30.87418],[112.399156,30.875951],[112.400871,30.888823],[112.408782,30.887339],[112.408467,30.893485],[112.411186,30.894463],[112.420467,30.88481],[112.436955,30.883023],[112.440997,30.876268],[112.4446,30.875892],[112.450195,30.878185],[112.460944,30.892367],[112.47263,30.888881],[112.481434,30.889962],[112.484815,30.907437],[112.498999,30.917928],[112.487198,30.924626],[112.491429,30.930935],[112.503736,30.932766],[112.516374,30.921666],[112.521135,30.924514],[112.521976,30.936377],[112.52734,30.933755],[112.541233,30.934735],[112.561866,30.929648],[112.561971,30.916574],[112.552265,30.893883],[112.562405,30.881561],[112.594175,30.860232],[112.662352,30.846107],[112.670243,30.840252],[112.67408,30.829788],[112.667561,30.821396],[112.65401,30.820601],[112.642118,30.824429],[112.621389,30.818945],[112.621754,30.809221],[112.644522,30.789978],[112.645555,30.777428],[112.63474,30.760065],[112.619809,30.749662],[112.61178,30.737941],[112.587547,30.678934],[112.587696,30.668034],[112.60856,30.652492],[112.630676,30.643582],[112.652959,30.645683],[112.698792,30.658819],[112.711256,30.654258],[112.71602,30.647014],[112.711845,30.636503],[112.704485,30.636326],[112.685961,30.647389],[112.676028,30.640691],[112.6661,30.643209],[112.665012,30.633516],[112.657921,30.630345],[112.655344,30.631537],[112.660003,30.639448],[112.656961,30.641413],[112.646088,30.636318],[112.641612,30.624583],[112.631372,30.627921],[112.626354,30.621358],[112.61738,30.621676],[112.618231,30.615246],[112.631387,30.607667],[112.632666,30.601801],[112.62,30.587147],[112.620217,30.570167],[112.604922,30.565499],[112.597865,30.553285],[112.601831,30.544931],[112.613671,30.533856],[112.615531,30.521333],[112.61826,30.520916],[112.619618,30.515416],[112.614472,30.510289],[112.616153,30.507869],[112.609438,30.506171],[112.611495,30.501674],[112.603991,30.501639],[112.578741,30.529667],[112.574375,30.526332],[112.573686,30.512416],[112.566764,30.512976],[112.562707,30.497561],[112.565026,30.486936],[112.571496,30.487688],[112.576904,30.483844],[112.573449,30.479971],[112.577287,30.474288],[112.572707,30.453859],[112.562766,30.445845],[112.534393,30.442196],[112.523203,30.433059],[112.521389,30.426452],[112.527526,30.411394],[112.522274,30.397068],[112.467213,30.433476],[112.443316,30.44069],[112.433325,30.435648],[112.427943,30.424766],[112.394366,30.428294],[112.375182,30.425752],[112.346198,30.407144],[112.332446,30.405621],[112.317417,30.412998],[112.312917,30.420041],[112.301476,30.427234],[112.303878,30.433781],[112.296536,30.441087],[112.299396,30.444249],[112.298243,30.451339],[112.305945,30.453765],[112.303119,30.459699],[112.305535,30.463541],[112.29684,30.482642],[112.290905,30.488079],[112.274713,30.48949],[112.268216,30.495522],[112.266857,30.50182],[112.257396,30.505011],[112.242595,30.500328],[112.222971,30.501757],[112.214449,30.507934],[112.203219,30.501355],[112.197565,30.503436],[112.19436,30.496511],[112.194963,30.48166],[112.19916,30.479322],[112.205325,30.480843],[112.207361,30.472067],[112.196932,30.475861],[112.182764,30.471841],[112.179811,30.477775],[112.168673,30.482746],[112.176285,30.525249],[112.167814,30.534963],[112.15991,30.537949],[112.1529,30.536782],[112.146175,30.525008],[112.138819,30.527063],[112.130286,30.535271],[112.12723,30.548411],[112.130868,30.56393],[112.127691,30.57317],[112.118845,30.588723],[112.106449,30.601367],[112.103993,30.608761],[112.111357,30.627885],[112.094719,30.632496],[112.094423,30.649671],[112.0754,30.661673],[112.080469,30.672344],[112.073523,30.682902],[112.073058,30.691933],[112.049672,30.725012]]],[[[112.054396,30.689944],[112.061517,30.699144],[112.066056,30.697168],[112.062841,30.687811],[112.056608,30.687048],[112.054396,30.689944]]],[[[112.633438,30.615493],[112.641641,30.617213],[112.642198,30.612394],[112.634898,30.613145],[112.633438,30.615493]]],[[[112.662568,30.629079],[112.668131,30.63008],[112.667724,30.627292],[112.662568,30.629079]]]]}},{"type":"Feature","properties":{"id":"cn:420881","name":"钟祥市","level":2},"geometry":{"type":"Polygon","coordinates":[[[112.122615,31.387159],[112.12514,31.402404],[112.141413,31.401161],[112.134934,31.431857],[112.136679,31.43535],[112.130556,31.445609],[112.134596,31.447977],[112.132288,31.464711],[112.140377,31.473341],[112.155244,31.4814],[112.165678,31.480721],[112.185253,31.471593],[112.185513,31.516296],[112.198386,31.533675],[112.226919,31.528022],[112.243699,31.541415],[112.274263,31.549233],[112.293135,31.53506],[112.319523,31.529662],[112.338429,31.516403],[112.359176,31.519145],[112.383274,31.5092],[112.407249,31.504069],[112.416976,31.50474],[112.442015,31.525738],[112.46244,31.534664],[112.475391,31.536657],[112.488768,31.551932],[112.501962,31.561251],[112.50954,31.562904],[112.522327,31.560083],[112.553629,31.565065],[112.591346,31.545815],[112.598985,31.533249],[112.628022,31.504106],[112.646989,31.509601],[112.662769,31.500497],[112.682457,31.495881],[112.695686,31.483169],[112.709966,31.477535],[112.718424,31.498573],[112.717996,31.508444],[112.698768,31.540185],[112.697448,31.548475],[112.702266,31.555458],[112.709341,31.558262],[112.73678,31.559864],[112.740547,31.567793],[112.739506,31.576072],[112.746424,31.611897],[112.758403,31.616409],[112.768439,31.611793],[112.776702,31.602412],[112.820505,31.596008],[112.832423,31.584232],[112.842206,31.565406],[112.865964,31.56226],[112.872822,31.55864],[112.892674,31.529452],[112.897535,31.516253],[112.897718,31.477954],[112.901043,31.473507],[112.911433,31.471626],[112.946155,31.474822],[112.953699,31.468887],[112.976433,31.438918],[112.986485,31.435432],[112.987874,31.418746],[112.998299,31.398588],[112.998386,31.391704],[112.991754,31.383568],[113.006207,31.374121],[113.003342,31.367062],[112.996849,31.364201],[112.93408,31.344488],[112.927005,31.318462],[112.899228,31.318049],[112.886181,31.309568],[112.88171,31.291062],[112.88527,31.273792],[112.900209,31.252183],[112.90717,31.231865],[112.927466,31.222776],[112.928629,31.215645],[112.904358,31.205532],[112.898455,31.193249],[112.898065,31.17811],[112.874809,31.176237],[112.865043,31.169298],[112.866789,31.143796],[112.836068,31.130348],[112.83632,31.119099],[112.852466,31.103439],[112.854184,31.09813],[112.852222,31.072695],[112.848577,31.065187],[112.815772,31.034421],[112.804844,31.029306],[112.79158,31.031154],[112.782917,31.028709],[112.772188,31.016704],[112.753829,31.007034],[112.73309,30.975888],[112.723255,30.954673],[112.722952,30.94849],[112.740443,30.935263],[112.746077,30.90869],[112.759453,30.89308],[112.759436,30.871291],[112.76256,30.861496],[112.778101,30.848686],[112.777407,30.843817],[112.795664,30.829727],[112.774548,30.816292],[112.76456,30.805212],[112.701943,30.772396],[112.652412,30.736239],[112.624522,30.706949],[112.612208,30.704192],[112.608368,30.704848],[112.61056,30.70956],[112.608506,30.712378],[112.601694,30.713502],[112.61178,30.737941],[112.619809,30.749662],[112.63474,30.760065],[112.646293,30.782767],[112.642482,30.79278],[112.621754,30.809221],[112.621389,30.818945],[112.642118,30.824429],[112.65401,30.820601],[112.667561,30.821396],[112.673819,30.827003],[112.670243,30.840252],[112.660148,30.846689],[112.640096,30.848705],[112.594175,30.860232],[112.562405,30.881561],[112.552265,30.893883],[112.561971,30.916574],[112.561866,30.929648],[112.541233,30.934735],[112.52734,30.933755],[112.521976,30.936377],[112.521135,30.924514],[112.516374,30.921666],[112.503736,30.932766],[112.491429,30.930935],[112.487198,30.924626],[112.498999,30.917928],[112.484815,30.907437],[112.481434,30.889962],[112.47263,30.888881],[112.460944,30.892367],[112.447735,30.876782],[112.440997,30.876268],[112.436955,30.883023],[112.420467,30.88481],[112.411186,30.894463],[112.408467,30.893485],[112.408782,30.887339],[112.400871,30.888823],[112.399156,30.875951],[112.387912,30.876092],[112.394565,30.882838],[112.388235,30.889192],[112.387101,30.89853],[112.376161,30.906809],[112.366836,30.902736],[112.367347,30.909943],[112.361016,30.908808],[112.358769,30.923857],[112.347338,30.921973],[112.336451,30.928327],[112.340288,30.937225],[112.332468,30.967319],[112.313257,30.979194],[112.308687,30.990252],[112.311825,31.000074],[112.318319,31.002525],[112.316785,31.006436],[112.320565,31.010091],[112.326209,31.006821],[112.328745,31.00816],[112.327215,31.012112],[112.334292,31.010991],[112.342871,31.014948],[112.346648,31.007976],[112.352989,31.014576],[112.342979,31.048357],[112.330257,31.063954],[112.338763,31.069985],[112.33875,31.074145],[112.332203,31.078741],[112.322821,31.078838],[112.319987,31.0744],[112.314414,31.077517],[112.31001,31.072482],[112.29351,31.06818],[112.286643,31.078377],[112.285338,31.094821],[112.279975,31.102413],[112.283126,31.117101],[112.278052,31.131859],[112.286139,31.136532],[112.288626,31.151506],[112.302159,31.159754],[112.32691,31.160921],[112.336265,31.176142],[112.335704,31.184124],[112.305456,31.213971],[112.289061,31.215503],[112.281394,31.222145],[112.271414,31.225491],[112.272059,31.23642],[112.263478,31.238061],[112.264364,31.243897],[112.271893,31.247391],[112.276296,31.254978],[112.285296,31.250361],[112.284857,31.26024],[112.250513,31.276781],[112.245815,31.282264],[112.236081,31.286242],[112.221884,31.30128],[112.213095,31.302211],[112.211407,31.310905],[112.214723,31.322892],[112.220203,31.325517],[112.218569,31.328809],[112.213416,31.33211],[112.208677,31.330565],[112.202755,31.325007],[112.20534,31.320201],[112.201011,31.321697],[112.196615,31.318892],[112.196011,31.302952],[112.176542,31.297144],[112.173215,31.307062],[112.168672,31.308393],[112.169954,31.320973],[112.15833,31.328337],[112.16056,31.332047],[112.15753,31.334407],[112.15732,31.341255],[112.162016,31.34371],[112.160506,31.347028],[112.164079,31.351333],[112.154741,31.357506],[112.150657,31.356611],[112.149471,31.35254],[112.142652,31.352176],[112.133753,31.368592],[112.142207,31.377642],[112.133426,31.375367],[112.131999,31.388113],[112.122615,31.387159]]]}},{"type":"Feature","properties":{"id":"cn:420882","name":"京山市","level":2},"geometry":{"type":"MultiPolygon","coordinates":[[[[112.722952,30.94849],[112.73309,30.975888],[112.753829,31.007034],[112.772188,31.016704],[112.782917,31.028709],[112.79158,31.031154],[112.804844,31.029306],[112.815772,31.034421],[112.848577,31.065187],[112.852222,31.072695],[112.854184,31.09813],[112.852466,31.103439],[112.83632,31.119099],[112.836068,31.130348],[112.866789,31.143796],[112.865043,31.169298],[112.874809,31.176237],[112.898065,31.17811],[112.898455,31.193249],[112.904358,31.205532],[112.928629,31.215645],[112.929237,31.218616],[112.927466,31.222776],[112.909749,31.228608],[112.900209,31.252183],[112.88527,31.273792],[112.88171,31.291062],[112.886181,31.309568],[112.899228,31.318049],[112.927005,31.318462],[112.93408,31.344488],[113.003342,31.367062],[113.006207,31.374121],[112.991754,31.383568],[112.998386,31.391704],[112.998299,31.398588],[112.987874,31.418746],[112.986485,31.435432],[113.010382,31.443496],[113.020339,31.451478],[113.031303,31.450486],[113.049333,31.438523],[113.066832,31.446979],[113.085903,31.447826],[113.096763,31.444538],[113.105152,31.436505],[113.107277,31.42853],[113.116265,31.430907],[113.12645,31.427745],[113.13945,31.439448],[113.148049,31.430712],[113.155191,31.430492],[113.148293,31.421953],[113.142601,31.428368],[113.141732,31.418051],[113.147561,31.416447],[113.155282,31.407698],[113.163292,31.413998],[113.200781,31.397544],[113.234497,31.356891],[113.243759,31.360748],[113.257345,31.358977],[113.289166,31.343042],[113.291676,31.329637],[113.294286,31.328283],[113.298215,31.335254],[113.310628,31.342154],[113.32369,31.329341],[113.324343,31.320278],[113.337336,31.317122],[113.343786,31.306148],[113.347156,31.309794],[113.353513,31.309193],[113.36038,31.300078],[113.362036,31.287485],[113.369994,31.277719],[113.379239,31.292764],[113.382606,31.293867],[113.388516,31.288859],[113.400095,31.29344],[113.406365,31.284949],[113.416862,31.282165],[113.438586,31.236561],[113.454258,31.228477],[113.458208,31.229759],[113.459165,31.226468],[113.465032,31.227705],[113.468046,31.233427],[113.48132,31.228362],[113.484454,31.214271],[113.485143,31.150519],[113.470976,31.132663],[113.48885,31.119248],[113.482165,31.114051],[113.474646,31.115213],[113.471763,31.109602],[113.462793,31.106145],[113.463108,31.072481],[113.452952,31.047331],[113.430286,31.029219],[113.423149,31.015679],[113.409752,31.00658],[113.402634,31.006802],[113.389076,30.988162],[113.37631,30.995919],[113.380034,30.976395],[113.385833,30.967935],[113.365684,30.968378],[113.360111,30.962105],[113.359318,30.949869],[113.355805,30.951178],[113.351903,30.947343],[113.358527,30.932708],[113.340523,30.933489],[113.334848,30.940704],[113.32289,30.933187],[113.325958,30.928902],[113.32295,30.923327],[113.328326,30.919377],[113.327617,30.915317],[113.322135,30.913396],[113.323961,30.896908],[113.320177,30.891204],[113.296337,30.901004],[113.290961,30.89755],[113.285937,30.905616],[113.27441,30.904108],[113.252226,30.88881],[113.251168,30.882665],[113.239064,30.87046],[113.224966,30.87006],[113.231626,30.862234],[113.226072,30.856088],[113.213659,30.861051],[113.206815,30.846758],[113.186415,30.821011],[113.137587,30.804553],[113.072535,30.825803],[113.068976,30.812561],[113.072856,30.798029],[113.066623,30.784152],[113.040226,30.780299],[113.031009,30.773668],[113.015094,30.777938],[113.005586,30.789901],[112.994531,30.790352],[112.972925,30.76666],[112.94145,30.751183],[112.924939,30.739093],[112.915703,30.719987],[112.904453,30.716977],[112.890756,30.719903],[112.885723,30.713722],[112.886762,30.702796],[112.883871,30.700718],[112.874601,30.700366],[112.864694,30.708495],[112.860662,30.707085],[112.857334,30.712395],[112.84355,30.718687],[112.842129,30.725838],[112.835495,30.731832],[112.82462,30.730565],[112.824775,30.73332],[112.829798,30.734356],[112.824543,30.741286],[112.827319,30.745363],[112.822515,30.748095],[112.825722,30.749516],[112.82235,30.75518],[112.823595,30.758695],[112.828509,30.760282],[112.823574,30.775311],[112.826702,30.780865],[112.821249,30.783343],[112.82102,30.787914],[112.814989,30.792183],[112.817799,30.804073],[112.813607,30.808034],[112.815063,30.810893],[112.807567,30.816513],[112.80658,30.825346],[112.796363,30.828642],[112.777407,30.843817],[112.778101,30.848686],[112.76256,30.861496],[112.759436,30.871291],[112.759453,30.89308],[112.746077,30.90869],[112.740443,30.935263],[112.722952,30.94849]]],[[[112.81974,30.724579],[112.820912,30.729628],[112.823251,30.728495],[112.81974,30.724579]]]]}},{"type":"Feature","properties":{"id":"cn:4209","name":"孝感市","level":1},"geometry":{"type":"MultiPolygon","coordinates":[[[[113.430453,30.49706],[113.444896,30.523647],[113.438164,30.536463],[113.429039,30.540708],[113.428672,30.563688],[113.44683,30.600703],[113.443168,30.607389],[113.454376,30.617088],[113.456428,30.634035],[113.449134,30.638654],[113.446982,30.647575],[113.441208,30.647801],[113.429474,30.656351],[113.42707,30.678558],[113.436453,30.681881],[113.435866,30.696408],[113.417113,30.700247],[113.42662,30.705822],[113.433455,30.719634],[113.430892,30.731014],[113.416937,30.741563],[113.431838,30.759235],[113.432029,30.762324],[113.42674,30.765032],[113.431134,30.784157],[113.389821,30.837907],[113.381963,30.84503],[113.365495,30.852501],[113.361831,30.856984],[113.360806,30.866724],[113.353783,30.868218],[113.353027,30.873341],[113.338296,30.873197],[113.33358,30.879124],[113.332796,30.891513],[113.323803,30.897254],[113.322135,30.913396],[113.327617,30.915317],[113.328326,30.919377],[113.32295,30.923327],[113.325958,30.928902],[113.32289,30.933187],[113.334848,30.940704],[113.340523,30.933489],[113.358527,30.932708],[113.351903,30.947343],[113.355805,30.951178],[113.359318,30.949869],[113.360111,30.962105],[113.365684,30.968378],[113.385833,30.967935],[113.380034,30.976395],[113.37631,30.995919],[113.389076,30.988162],[113.402634,31.006802],[113.409752,31.00658],[113.423149,31.015679],[113.430286,31.029219],[113.44737,31.041769],[113.456103,31.052281],[113.463108,31.072481],[113.462793,31.106145],[113.471763,31.109602],[113.474646,31.115213],[113.482165,31.114051],[113.48885,31.119248],[113.470976,31.132663],[113.485143,31.150519],[113.484454,31.214271],[113.48132,31.228362],[113.475868,31.232431],[113.468046,31.233427],[113.465032,31.227705],[113.459165,31.226468],[113.458208,31.229759],[113.454258,31.228477],[113.438586,31.236561],[113.416862,31.282165],[113.406365,31.284949],[113.401198,31.292877],[113.391164,31.291813],[113.388516,31.288859],[113.382606,31.293867],[113.379239,31.292764],[113.369994,31.277719],[113.362036,31.287485],[113.36038,31.300078],[113.353513,31.309193],[113.347156,31.309794],[113.343786,31.306148],[113.337336,31.317122],[113.324343,31.320278],[113.32369,31.329341],[113.310628,31.342154],[113.316541,31.360611],[113.32327,31.361472],[113.327466,31.356903],[113.334428,31.363345],[113.336095,31.371095],[113.326885,31.413801],[113.329914,31.422195],[113.351893,31.428419],[113.373777,31.413543],[113.386338,31.412473],[113.403109,31.422286],[113.424819,31.420419],[113.429366,31.42595],[113.441284,31.423009],[113.454506,31.427175],[113.456641,31.433751],[113.467718,31.434882],[113.478398,31.422517],[113.512858,31.39887],[113.515077,31.393909],[113.528826,31.395498],[113.533882,31.39064],[113.539332,31.400645],[113.546432,31.402163],[113.551224,31.399016],[113.555233,31.40378],[113.554638,31.407799],[113.560823,31.410586],[113.56752,31.40774],[113.567078,31.412868],[113.572029,31.415342],[113.572836,31.419321],[113.579402,31.41725],[113.578172,31.422359],[113.589872,31.425685],[113.59092,31.421674],[113.605757,31.413879],[113.608298,31.40017],[113.616282,31.396704],[113.618371,31.391366],[113.628924,31.389289],[113.635623,31.391854],[113.636905,31.398679],[113.645501,31.399381],[113.658465,31.410008],[113.667432,31.422184],[113.681764,31.427122],[113.693807,31.446569],[113.725114,31.467377],[113.768865,31.455757],[113.792138,31.440268],[113.807463,31.443567],[113.81264,31.435792],[113.821514,31.434668],[113.826169,31.427347],[113.83511,31.444263],[113.850965,31.454863],[113.857302,31.452636],[113.868569,31.438357],[113.873466,31.418266],[113.881148,31.415777],[113.887294,31.415852],[113.89574,31.43514],[113.905531,31.439709],[113.913162,31.4363],[113.922903,31.418188],[113.945846,31.409643],[113.943864,31.402273],[113.925073,31.399169],[113.923074,31.392094],[113.928304,31.384663],[113.942044,31.389421],[113.944052,31.385141],[113.947028,31.38651],[113.946635,31.390314],[113.960862,31.398356],[113.976191,31.39652],[113.976056,31.402662],[113.972279,31.402853],[113.970568,31.419286],[113.974112,31.432315],[113.985408,31.430358],[113.985325,31.424227],[113.993371,31.420679],[114.006383,31.424571],[114.019543,31.438254],[114.025402,31.44039],[114.035853,31.440058],[114.044517,31.433977],[114.055679,31.439383],[114.063483,31.453455],[114.065445,31.464937],[114.055905,31.475597],[114.055984,31.487052],[114.074802,31.500341],[114.074889,31.511343],[114.086924,31.517158],[114.087129,31.527608],[114.101145,31.529989],[114.103218,31.534136],[114.102585,31.540318],[114.083196,31.545813],[114.081998,31.554049],[114.089972,31.575687],[114.088772,31.581754],[114.095826,31.594035],[114.091654,31.60532],[114.103366,31.6076],[114.104416,31.629936],[114.12057,31.661055],[114.122837,31.671164],[114.121924,31.677798],[114.1084,31.684745],[114.091421,31.705628],[114.094676,31.720559],[114.107862,31.736063],[114.094189,31.751715],[114.114554,31.772531],[114.109329,31.781142],[114.101116,31.786304],[114.115674,31.811159],[114.116707,31.820486],[114.122096,31.828229],[114.121333,31.83727],[114.128269,31.844683],[114.15122,31.841203],[114.15761,31.843609],[114.161272,31.852975],[114.174589,31.856005],[114.186754,31.853793],[114.215726,31.834419],[114.222784,31.835495],[114.230918,31.843968],[114.231716,31.829817],[114.256508,31.798365],[114.25986,31.788636],[114.266438,31.784411],[114.268549,31.777695],[114.289,31.753856],[114.344774,31.757327],[114.37953,31.743234],[114.397708,31.748556],[114.410669,31.743931],[114.41684,31.732632],[114.425252,31.736817],[114.440964,31.729941],[114.444427,31.731136],[114.445981,31.740144],[114.455791,31.735182],[114.471455,31.743066],[114.48553,31.737434],[114.503265,31.742736],[114.50494,31.747579],[114.498282,31.755791],[114.507058,31.769804],[114.515947,31.769008],[114.52771,31.742517],[114.538386,31.746404],[114.538508,31.754227],[114.545045,31.755345],[114.5456,31.769915],[114.559593,31.766506],[114.565218,31.769258],[114.56843,31.764542],[114.579333,31.766306],[114.582918,31.757726],[114.576416,31.744731],[114.578952,31.734098],[114.574567,31.726882],[114.577354,31.714863],[114.573969,31.710359],[114.58561,31.706114],[114.586244,31.702565],[114.579629,31.693436],[114.569586,31.692919],[114.565636,31.662304],[114.551608,31.656822],[114.544429,31.645741],[114.547737,31.635276],[114.543032,31.627265],[114.543675,31.611937],[114.553519,31.571097],[114.546462,31.55543],[114.539526,31.551764],[114.522547,31.552361],[114.519118,31.559935],[114.514413,31.559535],[114.515924,31.54391],[114.508475,31.538189],[114.505645,31.52633],[114.499613,31.521369],[114.497339,31.511899],[114.509362,31.469408],[114.503242,31.462105],[114.495985,31.462563],[114.48635,31.468218],[114.484309,31.465862],[114.475343,31.437834],[114.477149,31.414506],[114.474718,31.408925],[114.456711,31.408389],[114.455261,31.414166],[114.453646,31.4119],[114.445414,31.41641],[114.444704,31.405774],[114.448807,31.400519],[114.444757,31.389404],[114.431358,31.383227],[114.4226,31.362997],[114.423511,31.354315],[114.435435,31.344059],[114.431715,31.340575],[114.437085,31.321762],[114.434933,31.309736],[114.433425,31.308041],[114.434484,31.309897],[114.426255,31.314033],[114.412323,31.310626],[114.41102,31.314041],[114.401785,31.316541],[114.391871,31.313138],[114.360941,31.312498],[114.358311,31.318896],[114.352052,31.319833],[114.350108,31.325399],[114.341765,31.325162],[114.327434,31.318625],[114.321114,31.325444],[114.312729,31.327695],[114.302745,31.339699],[114.293527,31.340839],[114.291764,31.351331],[114.277416,31.363321],[114.261955,31.352435],[114.234637,31.341256],[114.233717,31.325779],[114.223465,31.320373],[114.213821,31.304956],[114.198361,31.303719],[114.191676,31.290638],[114.192953,31.28403],[114.190445,31.280614],[114.195159,31.270127],[114.176035,31.268201],[114.174368,31.258798],[114.186532,31.225815],[114.184432,31.220613],[114.205681,31.203076],[114.21633,31.210614],[114.225295,31.207538],[114.235793,31.197202],[114.242842,31.181956],[114.238094,31.171839],[114.219777,31.153026],[114.214509,31.142466],[114.216255,31.13639],[114.206755,31.126337],[114.196902,31.126294],[114.175567,31.113982],[114.173762,31.104427],[114.180515,31.101141],[114.180836,31.09635],[114.176756,31.087379],[114.185914,31.075972],[114.18387,31.071321],[114.185924,31.066488],[114.18084,31.062439],[114.180727,31.056147],[114.173926,31.05587],[114.171449,31.049889],[114.161281,31.050459],[114.162256,31.040557],[114.151955,31.030563],[114.153313,31.023536],[114.162092,31.020386],[114.165018,31.014438],[114.160486,31.009389],[114.161367,31.005971],[114.169152,30.991797],[114.173935,30.989243],[114.16942,30.986075],[114.17169,30.982096],[114.167753,30.980663],[114.172191,30.977589],[114.169696,30.969261],[114.158422,30.957574],[114.152671,30.95683],[114.15144,30.949036],[114.155555,30.944737],[114.151785,30.935503],[114.15484,30.935174],[114.153149,30.922986],[114.156989,30.915503],[114.153425,30.90795],[114.156679,30.900726],[114.153597,30.898938],[114.158958,30.894303],[114.151707,30.888348],[114.160853,30.877693],[114.165345,30.832432],[114.174685,30.821684],[114.170921,30.817247],[114.167943,30.800762],[114.175356,30.773516],[114.173244,30.760498],[114.164369,30.762804],[114.159844,30.758078],[114.149889,30.769482],[114.139323,30.77408],[114.104563,30.777464],[114.081425,30.7843],[114.024612,30.787619],[114.014244,30.782378],[113.994097,30.789118],[113.971015,30.780255],[113.966576,30.783001],[113.958864,30.779589],[113.943813,30.782238],[113.934948,30.779395],[113.92281,30.770392],[113.919536,30.762763],[113.912075,30.772794],[113.906149,30.770228],[113.902737,30.773465],[113.899054,30.75619],[113.911343,30.757227],[113.906213,30.739773],[113.912565,30.730919],[113.909462,30.725723],[113.902899,30.723863],[113.899574,30.72451],[113.896996,30.730264],[113.888941,30.730419],[113.893046,30.723708],[113.889713,30.72154],[113.889583,30.711786],[113.900616,30.711195],[113.911684,30.717242],[113.912413,30.702013],[113.918967,30.695757],[113.931866,30.700455],[113.9396,30.689553],[113.952717,30.686341],[113.934462,30.662144],[113.918836,30.647211],[113.920199,30.643192],[113.935121,30.637215],[113.922189,30.625233],[113.934531,30.612925],[113.932994,30.600457],[113.937604,30.59562],[113.935434,30.590677],[113.915581,30.573802],[113.905034,30.571417],[113.895399,30.573787],[113.896383,30.567629],[113.889051,30.573874],[113.888426,30.568696],[113.880466,30.567977],[113.881541,30.562176],[113.874653,30.552529],[113.878561,30.546919],[113.876033,30.526747],[113.862551,30.52029],[113.857525,30.532877],[113.852439,30.534882],[113.847222,30.532706],[113.843454,30.525954],[113.832481,30.518918],[113.826041,30.497988],[113.814982,30.496805],[113.78447,30.459635],[113.775789,30.454563],[113.771489,30.44262],[113.775372,30.432781],[113.757098,30.438226],[113.746831,30.425252],[113.726866,30.427215],[113.715512,30.425142],[113.711242,30.410953],[113.698186,30.400982],[113.699469,30.398438],[113.707408,30.398456],[113.703187,30.391888],[113.676485,30.39454],[113.657317,30.416998],[113.646344,30.421028],[113.615572,30.423938],[113.619279,30.430016],[113.615631,30.441091],[113.61737,30.444462],[113.620084,30.443442],[113.621461,30.451924],[113.631518,30.465776],[113.624828,30.47298],[113.618786,30.487498],[113.613834,30.487382],[113.603023,30.477744],[113.601428,30.48112],[113.594622,30.482483],[113.589556,30.493456],[113.579041,30.484753],[113.564714,30.482569],[113.557252,30.477591],[113.539994,30.451874],[113.534401,30.426429],[113.503967,30.413425],[113.495518,30.400917],[113.495381,30.386865],[113.487537,30.382499],[113.481429,30.384474],[113.467521,30.396774],[113.459584,30.394359],[113.457551,30.397058],[113.458377,30.424341],[113.455427,30.432568],[113.461167,30.451836],[113.460663,30.461511],[113.437473,30.472111],[113.435465,30.490112],[113.430453,30.49706]],[[113.451466,30.513148],[113.44293,30.504138],[113.441954,30.494082],[113.448679,30.500673],[113.451466,30.513148]]],[[[113.392582,30.685378],[113.384125,30.681405],[113.384955,30.676709],[113.381097,30.676355],[113.380427,30.685079],[113.383697,30.687479],[113.392582,30.685378]]],[[[113.379535,30.684588],[113.379387,30.679705],[113.379317,30.679663],[113.377401,30.68262],[113.379535,30.684588]]],[[[113.386894,30.730607],[113.38843,30.717888],[113.387279,30.717913],[113.386894,30.730607]]]]}},{"type":"Feature","properties":{"id":"cn:420902","name":"孝南区","level":2},"geometry":{"type":"MultiPolygon","coordinates":[[[[113.828004,31.019408],[113.83724,31.040291],[113.834935,31.051483],[113.828307,31.06247],[113.845823,31.068323],[113.847156,31.073202],[113.843421,31.08341],[113.850106,31.08535],[113.852863,31.082391],[113.863273,31.082559],[113.86777,31.087726],[113.88218,31.091224],[113.882299,31.1165],[113.892509,31.115748],[113.901242,31.122253],[113.911159,31.136288],[113.911128,31.141457],[113.921071,31.144794],[113.929931,31.15887],[113.940435,31.145794],[113.950496,31.14423],[113.972561,31.148607],[113.979167,31.145992],[113.981911,31.140278],[113.982987,31.107021],[113.975044,31.097947],[113.977388,31.09372],[113.975139,31.076079],[113.966337,31.065574],[113.970756,31.043379],[113.97737,31.036529],[113.99955,31.045011],[114.01895,31.070894],[114.030782,31.063531],[114.048446,31.070599],[114.05408,31.043173],[114.065721,31.050192],[114.103049,31.058653],[114.109143,31.073265],[114.104812,31.079974],[114.105854,31.084397],[114.118978,31.099275],[114.136869,31.092311],[114.154117,31.09444],[114.170645,31.078758],[114.18475,31.073496],[114.186218,31.067678],[114.18084,31.062439],[114.180727,31.056147],[114.173926,31.05587],[114.170638,31.049613],[114.161281,31.050459],[114.162256,31.040557],[114.151898,31.029781],[114.153313,31.023536],[114.162092,31.020386],[114.165018,31.014438],[114.160486,31.009389],[114.161367,31.005971],[114.169152,30.991797],[114.173935,30.989243],[114.16942,30.986075],[114.17169,30.982096],[114.167753,30.980663],[114.172191,30.977589],[114.169696,30.969261],[114.158422,30.957574],[114.152671,30.95683],[114.15144,30.949036],[114.155555,30.944737],[114.151785,30.935503],[114.15484,30.935174],[114.153149,30.922986],[114.156989,30.915503],[114.153425,30.90795],[114.156679,30.900726],[114.153597,30.898938],[114.158958,30.894303],[114.151707,30.888348],[114.160853,30.877693],[114.165345,30.832432],[114.174685,30.821684],[114.170921,30.817247],[114.167943,30.800762],[114.175356,30.773516],[114.173647,30.761017],[114.164369,30.762804],[114.159844,30.758078],[114.149889,30.769482],[114.139323,30.77408],[114.104563,30.777464],[114.081425,30.7843],[114.024612,30.787619],[114.014244,30.782378],[113.994097,30.789118],[113.971015,30.780255],[113.966576,30.783001],[113.958864,30.779589],[113.943813,30.782238],[113.934948,30.779395],[113.92281,30.770392],[113.919016,30.762801],[113.910275,30.772485],[113.907848,30.781265],[113.899445,30.785406],[113.889314,30.797571],[113.861354,30.805217],[113.860842,30.812159],[113.880782,30.815918],[113.882821,30.81974],[113.8646,30.81821],[113.862049,30.822478],[113.868611,30.828528],[113.855173,30.82891],[113.852431,30.833627],[113.857144,30.846302],[113.872239,30.848436],[113.871259,30.863021],[113.857057,30.865613],[113.850269,30.874393],[113.851598,30.879689],[113.861991,30.880376],[113.865805,30.887565],[113.866034,30.899785],[113.853094,30.908587],[113.841619,30.902124],[113.830129,30.903815],[113.835689,30.907054],[113.835138,30.917702],[113.852475,30.925253],[113.852361,30.941505],[113.859446,30.945944],[113.861039,30.953033],[113.856505,30.951756],[113.854761,30.954679],[113.857262,30.956986],[113.855149,30.960015],[113.855061,30.956405],[113.840155,30.961098],[113.849629,30.965581],[113.844875,30.968111],[113.844317,30.975626],[113.84085,30.97813],[113.843299,30.980441],[113.837668,30.984008],[113.83803,31.002734],[113.831461,31.007688],[113.828004,31.019408]]],[[[113.857438,30.880588],[113.857161,30.883973],[113.858358,30.884272],[113.857438,30.880588]]]]}},{"type":"Feature","properties":{"id":"cn:420921","name":"孝昌县","level":2},"geometry":{"type":"Polygon","coordinates":[[[113.809256,31.161125],[113.812927,31.170537],[113.810256,31.174517],[113.820004,31.181798],[113.813216,31.18938],[113.814971,31.195913],[113.83187,31.198796],[113.835167,31.204592],[113.82468,31.230635],[113.824707,31.246927],[113.81878,31.250262],[113.813098,31.26382],[113.838118,31.279179],[113.855689,31.300308],[113.860897,31.311649],[113.856825,31.340437],[113.861801,31.352374],[113.860353,31.362098],[113.875823,31.379196],[113.891727,31.378403],[113.903307,31.382902],[113.907419,31.378981],[113.906183,31.37345],[113.913764,31.369561],[113.915933,31.383397],[113.923074,31.392094],[113.928304,31.384663],[113.942044,31.389421],[113.944052,31.385141],[113.947028,31.38651],[113.946635,31.390314],[113.960862,31.398356],[113.976191,31.39652],[113.976056,31.402662],[113.972279,31.402853],[113.970568,31.419286],[113.974112,31.432315],[113.985408,31.430358],[113.985325,31.424227],[113.988353,31.42242],[113.998928,31.421173],[114.009291,31.426668],[114.019543,31.438254],[114.035853,31.440058],[114.044517,31.433977],[114.049594,31.418225],[114.065315,31.405581],[114.068379,31.381784],[114.081843,31.376443],[114.102161,31.361103],[114.123551,31.362269],[114.140495,31.356275],[114.153334,31.356422],[114.235028,31.380253],[114.241287,31.356365],[114.250844,31.348331],[114.234637,31.341256],[114.233717,31.325779],[114.223465,31.320373],[114.213821,31.304956],[114.198361,31.303719],[114.191676,31.290638],[114.192953,31.28403],[114.190445,31.280614],[114.195159,31.270127],[114.177953,31.269531],[114.174993,31.264536],[114.175765,31.251609],[114.186532,31.225815],[114.184432,31.220613],[114.205681,31.203076],[114.21633,31.210614],[114.225295,31.207538],[114.235793,31.197202],[114.242842,31.181956],[114.238094,31.171839],[114.219777,31.153026],[114.214509,31.142466],[114.216255,31.13639],[114.206755,31.126337],[114.196902,31.126294],[114.175567,31.113982],[114.173762,31.104427],[114.180515,31.101141],[114.180836,31.09635],[114.176756,31.087379],[114.184404,31.079043],[114.18475,31.073496],[114.170645,31.078758],[114.154117,31.09444],[114.136869,31.092311],[114.118978,31.099275],[114.105854,31.084397],[114.104812,31.079974],[114.109143,31.073265],[114.103049,31.058653],[114.065721,31.050192],[114.05408,31.043173],[114.048446,31.070599],[114.030782,31.063531],[114.01895,31.070894],[113.99955,31.045011],[113.97737,31.036529],[113.970756,31.043379],[113.966337,31.065574],[113.975139,31.076079],[113.977388,31.09372],[113.975044,31.097947],[113.982987,31.107021],[113.981911,31.140278],[113.979167,31.145992],[113.972561,31.148607],[113.950496,31.14423],[113.940435,31.145794],[113.929931,31.15887],[113.921071,31.144794],[113.911128,31.141457],[113.911159,31.136288],[113.901242,31.122253],[113.892509,31.115748],[113.882299,31.1165],[113.88218,31.091224],[113.86777,31.087726],[113.865391,31.08337],[113.859029,31.081737],[113.850106,31.08535],[113.844752,31.084199],[113.842784,31.081992],[113.847156,31.073202],[113.845823,31.068323],[113.828307,31.06247],[113.824845,31.06655],[113.825302,31.071703],[113.81092,31.08124],[113.813308,31.087957],[113.81697,31.088229],[113.818375,31.096239],[113.827736,31.100911],[113.829875,31.110902],[113.822311,31.125747],[113.816376,31.129671],[113.821098,31.139773],[113.829666,31.142559],[113.830704,31.147432],[113.824592,31.156337],[113.819663,31.156543],[113.818427,31.151839],[113.814437,31.151304],[113.809256,31.161125]]]}},{"type":"Feature","properties":{"id":"cn:420922","name":"大悟县","level":2},"geometry":{"type":"Polygon","coordinates":[[[114.044517,31.433977],[114.055679,31.439383],[114.063483,31.453455],[114.065445,31.464937],[114.055905,31.475597],[114.055984,31.487052],[114.074802,31.500341],[114.074889,31.511343],[114.086924,31.517158],[114.087129,31.527608],[114.101145,31.529989],[114.104234,31.537817],[114.099347,31.541881],[114.085644,31.543782],[114.081998,31.554049],[114.089972,31.575687],[114.088772,31.581754],[114.095826,31.594035],[114.091654,31.60532],[114.103366,31.6076],[114.104416,31.629936],[114.12057,31.661055],[114.122837,31.671164],[114.121924,31.677798],[114.1084,31.684745],[114.091421,31.705628],[114.094676,31.720559],[114.107862,31.736063],[114.094189,31.751715],[114.114554,31.772531],[114.109329,31.781142],[114.101116,31.786304],[114.115674,31.811159],[114.116707,31.820486],[114.122096,31.828229],[114.121333,31.83727],[114.128269,31.844683],[114.15122,31.841203],[114.15761,31.843609],[114.161272,31.852975],[114.174589,31.856005],[114.186754,31.853793],[114.215726,31.834419],[114.222784,31.835495],[114.230918,31.843968],[114.231716,31.829817],[114.256508,31.798365],[114.25986,31.788636],[114.266438,31.784411],[114.268549,31.777695],[114.289,31.753856],[114.344774,31.757327],[114.37953,31.743234],[114.397708,31.748556],[114.410669,31.743931],[114.41684,31.732632],[114.425252,31.736817],[114.440964,31.729941],[114.444427,31.731136],[114.445981,31.740144],[114.455791,31.735182],[114.471455,31.743066],[114.48553,31.737434],[114.503265,31.742736],[114.50494,31.747579],[114.498282,31.755791],[114.507058,31.769804],[114.515947,31.769008],[114.52771,31.742517],[114.538386,31.746404],[114.538508,31.754227],[114.545045,31.755345],[114.5456,31.769915],[114.559593,31.766506],[114.565218,31.769258],[114.567571,31.764782],[114.575305,31.767105],[114.580861,31.764613],[114.582918,31.757726],[114.576416,31.744731],[114.578952,31.734098],[114.574567,31.726882],[114.577354,31.714863],[114.573969,31.710359],[114.58561,31.706114],[114.586244,31.702565],[114.579629,31.693436],[114.569586,31.692919],[114.565636,31.662304],[114.551608,31.656822],[114.544429,31.645741],[114.547737,31.635276],[114.543032,31.627265],[114.543675,31.611937],[114.553519,31.571097],[114.546462,31.55543],[114.539526,31.551764],[114.522547,31.552361],[114.519118,31.559935],[114.514413,31.559535],[114.515924,31.54391],[114.508475,31.538189],[114.505645,31.52633],[114.499613,31.521369],[114.497339,31.511899],[114.509362,31.469408],[114.503242,31.462105],[114.495985,31.462563],[114.48635,31.468218],[114.484309,31.465862],[114.475343,31.437834],[114.477149,31.414506],[114.474718,31.408925],[114.456711,31.408389],[114.455261,31.414166],[114.453646,31.4119],[114.445414,31.41641],[114.444704,31.405774],[114.448807,31.400519],[114.444757,31.389404],[114.431358,31.383227],[114.4226,31.362997],[114.423511,31.354315],[114.435435,31.344059],[114.431715,31.340575],[114.437363,31.313313],[114.433425,31.308041],[114.429251,31.313379],[114.412323,31.310626],[114.41102,31.314041],[114.401785,31.316541],[114.391871,31.313138],[114.360941,31.312498],[114.358311,31.318896],[114.352052,31.319833],[114.350108,31.325399],[114.341765,31.325162],[114.327434,31.318625],[114.321114,31.325444],[114.312729,31.327695],[114.302745,31.339699],[114.293527,31.340839],[114.291764,31.351331],[114.277416,31.363321],[114.250844,31.348331],[114.241287,31.356365],[114.235028,31.380253],[114.153334,31.356422],[114.140495,31.356275],[114.123551,31.362269],[114.102161,31.361103],[114.081843,31.376443],[114.068379,31.381784],[114.065315,31.405581],[114.049594,31.418225],[114.044517,31.433977]]]}},{"type":"Feature","properties":{"id":"cn:420923","name":"云梦县","level":2},"geometry":{"type":"Polygon","coordinates":[[[113.853168,30.779939],[113.848264,30.759247],[113.84434,30.756183],[113.83585,30.767678],[113.832144,30.76786],[113.825217,30.761423],[113.804705,30.762925],[113.802058,30.759776],[113.800276,30.762933],[113.795785,30.762103],[113.797699,30.765992],[113.793326,30.770575],[113.801531,30.776576],[113.800599,30.785655],[113.787448,30.79447],[113.771997,30.812602],[113.761762,30.810425],[113.747049,30.819347],[113.742509,30.827806],[113.743246,30.83714],[113.736693,30.846332],[113.733463,30.860013],[113.743958,30.867242],[113.74421,30.878755],[113.753446,30.888438],[113.763611,30.888819],[113.766112,30.899091],[113.731762,30.913199],[113.726389,30.932515],[113.711658,30.93672],[113.702804,30.960781],[113.70507,30.967885],[113.702631,30.975259],[113.687232,30.979256],[113.688854,30.985417],[113.679098,30.991405],[113.687501,30.995753],[113.688013,31.007107],[113.682839,31.008907],[113.680911,31.016326],[113.665573,31.018429],[113.656485,31.030532],[113.648508,31.031886],[113.629462,31.054642],[113.627648,31.061887],[113.641849,31.06617],[113.64333,31.075933],[113.648297,31.081798],[113.639027,31.088002],[113.644696,31.089986],[113.643984,31.09361],[113.648282,31.09887],[113.665356,31.101728],[113.675397,31.109789],[113.674114,31.11445],[113.66353,31.123826],[113.672776,31.140801],[113.671577,31.157232],[113.693333,31.162774],[113.693463,31.169108],[113.699123,31.177329],[113.7151,31.186927],[113.714239,31.196193],[113.71819,31.209379],[113.751546,31.202693],[113.756323,31.195677],[113.783087,31.194957],[113.794745,31.18367],[113.812248,31.173111],[113.809256,31.161125],[113.814437,31.151304],[113.822326,31.156783],[113.82968,31.151438],[113.829666,31.142559],[113.821098,31.139773],[113.816384,31.129011],[113.822311,31.125747],[113.830205,31.109265],[113.827561,31.100337],[113.818375,31.096239],[113.81697,31.088229],[113.813308,31.087957],[113.81092,31.08124],[113.825302,31.071703],[113.824845,31.06655],[113.836641,31.045812],[113.83724,31.040291],[113.828004,31.019408],[113.831461,31.007688],[113.83803,31.002734],[113.837668,30.984008],[113.843299,30.980441],[113.84085,30.97813],[113.844317,30.975626],[113.844875,30.968111],[113.849629,30.965581],[113.840155,30.961098],[113.855061,30.956405],[113.855149,30.960015],[113.856505,30.951756],[113.861039,30.953033],[113.859446,30.945944],[113.852361,30.941505],[113.852475,30.925253],[113.835138,30.917702],[113.835689,30.907054],[113.830129,30.903815],[113.841619,30.902124],[113.853094,30.908587],[113.866034,30.899785],[113.865805,30.887565],[113.861991,30.880376],[113.851598,30.879689],[113.850269,30.874393],[113.857057,30.865613],[113.871259,30.863021],[113.872239,30.848436],[113.857144,30.846302],[113.852431,30.833627],[113.855173,30.82891],[113.868611,30.828528],[113.862049,30.822478],[113.8646,30.81821],[113.877847,30.820948],[113.883012,30.818466],[113.866128,30.812159],[113.856763,30.812732],[113.852812,30.802094],[113.853168,30.779939]],[[113.846736,30.772139],[113.844939,30.768838],[113.847725,30.768906],[113.846736,30.772139]],[[113.857161,30.883973],[113.857438,30.880588],[113.858358,30.884272],[113.857161,30.883973]]]}},{"type":"Feature","properties":{"id":"cn:420981","name":"应城市","level":2},"geometry":{"type":"Polygon","coordinates":[[[113.322014,30.911748],[113.327617,30.915317],[113.328326,30.919377],[113.32295,30.923327],[113.32594,30.928151],[113.323755,30.934356],[113.336367,30.940625],[113.340523,30.933489],[113.357808,30.932066],[113.351903,30.947343],[113.355805,30.951178],[113.359318,30.949869],[113.360111,30.962105],[113.365684,30.968378],[113.385702,30.967651],[113.380034,30.976395],[113.37631,30.995919],[113.389076,30.988162],[113.402634,31.006802],[113.409752,31.00658],[113.423149,31.015679],[113.430286,31.029219],[113.452952,31.047331],[113.463108,31.072481],[113.462793,31.106145],[113.471763,31.109602],[113.474646,31.115213],[113.482165,31.114051],[113.48885,31.119248],[113.503562,31.106082],[113.505068,31.11527],[113.520982,31.121224],[113.535113,31.139124],[113.548421,31.146031],[113.568134,31.137767],[113.56987,31.135936],[113.563134,31.130139],[113.575557,31.129089],[113.578872,31.123889],[113.582874,31.124765],[113.583264,31.11701],[113.589749,31.125148],[113.598881,31.124876],[113.612666,31.099238],[113.602171,31.097103],[113.606216,31.090575],[113.602987,31.088187],[113.620209,31.072333],[113.630078,31.059738],[113.632083,31.049848],[113.648508,31.031886],[113.656485,31.030532],[113.665573,31.018429],[113.680911,31.016326],[113.682839,31.008907],[113.688013,31.007107],[113.687501,30.995753],[113.679098,30.991405],[113.688854,30.985417],[113.687232,30.979256],[113.702631,30.975259],[113.70507,30.967885],[113.702804,30.960781],[113.7123,30.935812],[113.726389,30.932515],[113.734341,30.91105],[113.766112,30.899091],[113.763611,30.888819],[113.753446,30.888438],[113.74421,30.878755],[113.743958,30.867242],[113.733715,30.860665],[113.736693,30.846332],[113.724783,30.841684],[113.724844,30.820056],[113.704974,30.83579],[113.691753,30.826906],[113.677188,30.80089],[113.66276,30.790178],[113.654948,30.785364],[113.635668,30.783846],[113.61191,30.76865],[113.60204,30.765946],[113.601207,30.755412],[113.615391,30.752352],[113.613629,30.739125],[113.570668,30.728184],[113.52941,30.729193],[113.507865,30.71495],[113.503559,30.714998],[113.498073,30.734822],[113.439002,30.810212],[113.423583,30.811052],[113.419149,30.814966],[113.417951,30.825448],[113.414785,30.824614],[113.414191,30.830494],[113.410215,30.830811],[113.409086,30.833547],[113.412755,30.83539],[113.408132,30.836855],[113.410672,30.841145],[113.408163,30.839442],[113.407079,30.845765],[113.403577,30.844639],[113.402479,30.849673],[113.388173,30.861261],[113.366986,30.851535],[113.361831,30.856984],[113.361222,30.866095],[113.353783,30.868218],[113.353027,30.873341],[113.338296,30.873197],[113.332516,30.880834],[113.332596,30.891876],[113.323803,30.897254],[113.322014,30.911748]]]}},{"type":"Feature","properties":{"id":"cn:420982","name":"安陆市","level":2},"geometry":{"type":"Polygon","coordinates":[[[113.310628,31.342154],[113.316541,31.360611],[113.32327,31.361472],[113.327466,31.356903],[113.334428,31.363345],[113.336095,31.371095],[113.327102,31.419065],[113.341347,31.426669],[113.351893,31.428419],[113.373777,31.413543],[113.386338,31.412473],[113.403109,31.422286],[113.424819,31.420419],[113.429366,31.42595],[113.441284,31.423009],[113.454506,31.427175],[113.456641,31.433751],[113.467718,31.434882],[113.478398,31.422517],[113.512858,31.39887],[113.515077,31.393909],[113.528826,31.395498],[113.533882,31.39064],[113.539332,31.400645],[113.546432,31.402163],[113.551224,31.399016],[113.555233,31.40378],[113.554638,31.407799],[113.560823,31.410586],[113.56752,31.40774],[113.567078,31.412868],[113.572029,31.415342],[113.572836,31.419321],[113.579402,31.41725],[113.578172,31.422359],[113.589872,31.425685],[113.59092,31.421674],[113.605757,31.413879],[113.608298,31.40017],[113.616282,31.396704],[113.618371,31.391366],[113.628924,31.389289],[113.635623,31.391854],[113.636905,31.398679],[113.645501,31.399381],[113.658465,31.410008],[113.667432,31.422184],[113.681764,31.427122],[113.693807,31.446569],[113.725114,31.467377],[113.768865,31.455757],[113.792138,31.440268],[113.807463,31.443567],[113.81264,31.435792],[113.821514,31.434668],[113.826169,31.427347],[113.83511,31.444263],[113.850965,31.454863],[113.857302,31.452636],[113.868569,31.438357],[113.873466,31.418266],[113.887294,31.415852],[113.89574,31.43514],[113.905531,31.439709],[113.913162,31.4363],[113.922903,31.418188],[113.945846,31.409643],[113.943864,31.402273],[113.925073,31.399169],[113.91488,31.380473],[113.914632,31.369885],[113.906183,31.37345],[113.907419,31.378981],[113.901488,31.383287],[113.891727,31.378403],[113.875823,31.379196],[113.860353,31.362098],[113.861801,31.352374],[113.856825,31.340437],[113.860897,31.311649],[113.855689,31.300308],[113.838118,31.279179],[113.813098,31.26382],[113.81878,31.250262],[113.824707,31.246927],[113.82468,31.230635],[113.835167,31.204592],[113.83187,31.198796],[113.814971,31.195913],[113.813216,31.18938],[113.81969,31.183243],[113.818752,31.179373],[113.810256,31.174517],[113.779815,31.196479],[113.766722,31.193724],[113.756323,31.195677],[113.751546,31.202693],[113.71819,31.209379],[113.714239,31.196193],[113.7151,31.186927],[113.699123,31.177329],[113.693463,31.169108],[113.693333,31.162774],[113.671577,31.157232],[113.672776,31.140801],[113.66353,31.123826],[113.674114,31.11445],[113.675397,31.109789],[113.665356,31.101728],[113.648282,31.09887],[113.643984,31.09361],[113.644696,31.089986],[113.638691,31.087288],[113.648472,31.083237],[113.64333,31.075933],[113.642839,31.0677],[113.627648,31.061887],[113.602987,31.088187],[113.606216,31.090575],[113.602171,31.097103],[113.612666,31.099238],[113.600929,31.122552],[113.591537,31.125927],[113.583264,31.11701],[113.582874,31.124765],[113.578872,31.123889],[113.575557,31.129089],[113.563134,31.130139],[113.56987,31.135936],[113.556954,31.144456],[113.545982,31.145576],[113.535113,31.139124],[113.520982,31.121224],[113.505068,31.11527],[113.503562,31.106082],[113.487957,31.12053],[113.472627,31.129503],[113.471493,31.134286],[113.485143,31.150519],[113.484454,31.214271],[113.48132,31.228362],[113.468046,31.233427],[113.465032,31.227705],[113.459165,31.226468],[113.458208,31.229759],[113.454258,31.228477],[113.438586,31.236561],[113.416862,31.282165],[113.406365,31.284949],[113.400095,31.29344],[113.388516,31.288859],[113.382606,31.293867],[113.379239,31.292764],[113.369994,31.277719],[113.362036,31.287485],[113.36038,31.300078],[113.353513,31.309193],[113.347156,31.309794],[113.343786,31.306148],[113.337336,31.317122],[113.324343,31.320278],[113.32369,31.329341],[113.310628,31.342154]]]}},{"type":"Feature","properties":{"id":"cn:420984","name":"汉川市","level":2},"geometry":{"type":"MultiPolygon","coordinates":[[[[113.430453,30.49706],[113.444896,30.523647],[113.441623,30.532527],[113.429039,30.540708],[113.428672,30.563688],[113.44683,30.600703],[113.443168,30.607389],[113.454376,30.617088],[113.456352,30.636209],[113.449134,30.638654],[113.446982,30.647575],[113.441208,30.647801],[113.429474,30.656351],[113.42707,30.678558],[113.436453,30.681881],[113.435866,30.696408],[113.417113,30.700247],[113.42662,30.705822],[113.433455,30.719634],[113.430892,30.731014],[113.416937,30.741563],[113.431838,30.759235],[113.432029,30.762324],[113.42674,30.765032],[113.431134,30.784157],[113.389821,30.837907],[113.381963,30.84503],[113.366986,30.851535],[113.387014,30.86113],[113.402479,30.849673],[113.403577,30.844639],[113.407079,30.845765],[113.408163,30.839442],[113.410672,30.841145],[113.408132,30.836855],[113.412755,30.83539],[113.409086,30.833547],[113.410703,30.830234],[113.414191,30.830494],[113.413633,30.825627],[113.417951,30.825448],[113.421767,30.812213],[113.439002,30.810212],[113.455642,30.789459],[113.498073,30.734822],[113.503559,30.714998],[113.507865,30.71495],[113.52941,30.729193],[113.544505,30.730538],[113.556901,30.726617],[113.608602,30.735801],[113.613629,30.739125],[113.615391,30.752352],[113.601207,30.755412],[113.60204,30.765946],[113.61191,30.76865],[113.635668,30.783846],[113.654948,30.785364],[113.66276,30.790178],[113.677188,30.80089],[113.691753,30.826906],[113.704974,30.83579],[113.724844,30.820056],[113.724783,30.841684],[113.736693,30.846332],[113.743246,30.83714],[113.742509,30.827806],[113.747049,30.819347],[113.761762,30.810425],[113.771997,30.812602],[113.787448,30.79447],[113.800599,30.785655],[113.801531,30.776576],[113.793373,30.768981],[113.797699,30.765992],[113.795785,30.762103],[113.800276,30.762933],[113.802058,30.759776],[113.804705,30.762925],[113.825217,30.761423],[113.833732,30.767892],[113.838638,30.764887],[113.841216,30.757131],[113.8475,30.757591],[113.848177,30.769791],[113.854062,30.785764],[113.853073,30.80375],[113.856763,30.812732],[113.860842,30.812159],[113.863073,30.803941],[113.889314,30.797571],[113.908836,30.778685],[113.909652,30.773533],[113.906149,30.770228],[113.902737,30.773465],[113.899975,30.768389],[113.899054,30.75619],[113.911343,30.757227],[113.906213,30.739773],[113.912565,30.730919],[113.909462,30.725723],[113.902899,30.723863],[113.899574,30.72451],[113.896996,30.730264],[113.888941,30.730419],[113.893046,30.723708],[113.889713,30.72154],[113.889583,30.711786],[113.900616,30.711195],[113.911684,30.717242],[113.912413,30.702013],[113.918967,30.695757],[113.931866,30.700455],[113.9396,30.689553],[113.952717,30.686341],[113.934462,30.662144],[113.918836,30.647211],[113.920199,30.643192],[113.935121,30.637215],[113.922189,30.625233],[113.935121,30.611217],[113.932994,30.600457],[113.937604,30.59562],[113.934244,30.588899],[113.915581,30.573802],[113.905034,30.571417],[113.895399,30.573787],[113.896383,30.567629],[113.889051,30.573874],[113.888426,30.568696],[113.880466,30.567977],[113.881541,30.562176],[113.874653,30.552529],[113.878561,30.546919],[113.876033,30.526747],[113.862551,30.52029],[113.857525,30.532877],[113.852439,30.534882],[113.847222,30.532706],[113.843454,30.525954],[113.832481,30.518918],[113.826041,30.497988],[113.814982,30.496805],[113.78447,30.459635],[113.775789,30.454563],[113.771489,30.44262],[113.775372,30.432781],[113.757098,30.438226],[113.746831,30.425252],[113.726866,30.427215],[113.715512,30.425142],[113.711242,30.410953],[113.698186,30.400982],[113.699469,30.398438],[113.707408,30.398456],[113.703187,30.391888],[113.676485,30.39454],[113.657317,30.416998],[113.646344,30.421028],[113.615572,30.423938],[113.619279,30.430016],[113.615631,30.441091],[113.61737,30.444462],[113.620084,30.443442],[113.621461,30.451924],[113.631518,30.465776],[113.624828,30.47298],[113.618786,30.487498],[113.613834,30.487382],[113.603023,30.477744],[113.601428,30.48112],[113.594622,30.482483],[113.589556,30.493456],[113.579041,30.484753],[113.564714,30.482569],[113.557252,30.477591],[113.539994,30.451874],[113.534401,30.426429],[113.503967,30.413425],[113.495518,30.400917],[113.495381,30.386865],[113.492312,30.383454],[113.481429,30.384474],[113.467521,30.396774],[113.459584,30.394359],[113.456582,30.408672],[113.457738,30.431036],[113.455427,30.432568],[113.461167,30.451836],[113.460663,30.461511],[113.437473,30.472111],[113.435465,30.490112],[113.430453,30.49706]],[[113.451466,30.513148],[113.44293,30.504138],[113.441954,30.494082],[113.448679,30.500673],[113.451466,30.513148]]],[[[113.392582,30.685378],[113.384125,30.681405],[113.384955,30.676709],[113.381097,30.676355],[113.380427,30.685079],[113.383697,30.687479],[113.392582,30.685378]]],[[[113.379535,30.684588],[113.377334,30.680322],[113.377811,30.684517],[113.379535,30.684588]]],[[[113.386894,30.730607],[113.38843,30.717888],[113.387279,30.717913],[113.386894,30.730607]]],[[[113.844642,30.772072],[113.847725,30.768906],[113.844865,30.768872],[113.844642,30.772072]]]]}},{"type":"Feature","properties":{"id":"cn:4210","name":"荆州市","level":1},"geometry":{"type":"MultiPolygon","coordinates":[[[[112.919617,29.768257],[112.883921,29.788482],[112.864464,29.788733],[112.838047,29.773785],[112.809784,29.749267],[112.788272,29.738505],[112.800443,29.728712],[112.786814,29.718275],[112.791059,29.704961],[112.789523,29.700289],[112.779184,29.696161],[112.7829,29.682513],[112.771988,29.682238],[112.76027,29.677672],[112.756424,29.663577],[112.745868,29.661055],[112.727873,29.648049],[112.723768,29.649664],[112.723681,29.657518],[112.711528,29.654219],[112.707457,29.638292],[112.693082,29.622642],[112.69342,29.613407],[112.687734,29.611378],[112.688516,29.604429],[112.683412,29.605082],[112.684297,29.600712],[112.67718,29.592283],[112.673438,29.592226],[112.667873,29.602748],[112.654749,29.602268],[112.644275,29.595635],[112.634705,29.610662],[112.621103,29.619358],[112.603803,29.610339],[112.599792,29.616361],[112.566771,29.626641],[112.52994,29.602355],[112.499583,29.613619],[112.493455,29.631832],[112.476304,29.636017],[112.460113,29.633932],[112.450868,29.638421],[112.433807,29.636251],[112.421076,29.618835],[112.417726,29.598145],[112.403108,29.581076],[112.395495,29.578275],[112.390521,29.565436],[112.387278,29.565184],[112.384886,29.569969],[112.363056,29.544015],[112.330278,29.547463],[112.314349,29.543132],[112.310032,29.526861],[112.292729,29.519536],[112.285101,29.519561],[112.277197,29.497497],[112.272596,29.511128],[112.273937,29.533742],[112.276357,29.539726],[112.286406,29.546131],[112.297051,29.568608],[112.297513,29.588077],[112.288149,29.598691],[112.276384,29.598874],[112.248593,29.61332],[112.236718,29.612585],[112.228753,29.618413],[112.222688,29.633642],[112.238522,29.662214],[112.230434,29.661046],[112.213785,29.649974],[112.214783,29.639829],[112.211441,29.63679],[112.196692,29.636376],[112.192587,29.620015],[112.180608,29.635493],[112.176614,29.653765],[112.166275,29.663114],[112.158758,29.664827],[112.144731,29.657014],[112.13816,29.659874],[112.119123,29.659449],[112.112622,29.665113],[112.106721,29.661685],[112.100903,29.674739],[112.085979,29.688083],[112.077856,29.683037],[112.060478,29.683301],[112.054115,29.698242],[112.058776,29.703525],[112.058099,29.71235],[112.067778,29.718511],[112.067431,29.737129],[112.070573,29.745117],[112.060304,29.756135],[112.058586,29.772261],[112.048776,29.760519],[112.058828,29.74839],[112.056667,29.745377],[112.044896,29.75163],[112.038359,29.761801],[112.025417,29.764781],[112.004037,29.780616],[111.996051,29.780313],[111.985625,29.78541],[111.980651,29.797127],[111.974974,29.797492],[111.971441,29.793184],[111.950235,29.798511],[111.946007,29.816958],[111.95967,29.833848],[111.957413,29.839343],[111.944714,29.839883],[111.931528,29.835145],[111.92599,29.836793],[111.914436,29.844046],[111.909088,29.855447],[111.878785,29.861239],[111.875096,29.862758],[111.875062,29.868887],[111.872292,29.862382],[111.855912,29.85962],[111.839445,29.877108],[111.834037,29.879496],[111.823333,29.876649],[111.825026,29.890584],[111.80539,29.895785],[111.803351,29.905408],[111.751447,29.922722],[111.741589,29.923919],[111.733958,29.920849],[111.730361,29.923188],[111.719248,29.918264],[111.718019,29.907878],[111.713243,29.902598],[111.710413,29.903991],[111.705418,29.899615],[111.699696,29.899364],[111.700035,29.89341],[111.694297,29.89038],[111.685376,29.891567],[111.676153,29.887224],[111.663444,29.891549],[111.656787,29.888517],[111.647581,29.890655],[111.645799,29.895809],[111.639598,29.898007],[111.618153,29.898112],[111.614247,29.894097],[111.592674,29.892128],[111.586848,29.897244],[111.582984,29.895537],[111.578644,29.900819],[111.572345,29.897112],[111.56042,29.901246],[111.548134,29.897155],[111.540547,29.906916],[111.531129,29.908755],[111.521806,29.928305],[111.516519,29.930682],[111.492987,29.927329],[111.475478,29.920514],[111.456302,29.929796],[111.450127,29.9304],[111.443975,29.926135],[111.431456,29.932447],[111.411612,29.917242],[111.398813,29.91343],[111.390127,29.914856],[111.377006,29.926059],[111.384112,29.940137],[111.375378,29.936158],[111.372422,29.937634],[111.377032,29.952165],[111.363432,29.956648],[111.354178,29.953106],[111.345686,29.953748],[111.342649,29.944412],[111.337081,29.947078],[111.330519,29.965424],[111.323931,29.967961],[111.325867,29.972362],[111.318757,29.980478],[111.311847,29.974467],[111.305998,29.982709],[111.297333,29.98576],[111.291618,29.992752],[111.292072,30.007181],[111.280501,30.013867],[111.261432,30.013996],[111.250894,30.036271],[111.24079,30.0385],[111.238255,30.042157],[111.245582,30.046293],[111.300581,30.048991],[111.311511,30.053188],[111.321675,30.084457],[111.34645,30.093258],[111.367605,30.106467],[111.382396,30.126243],[111.397717,30.125729],[111.435427,30.111082],[111.445408,30.113158],[111.458818,30.103771],[111.47849,30.10285],[111.501554,30.112832],[111.521076,30.099208],[111.566383,30.123435],[111.570411,30.139123],[111.568466,30.153753],[111.57963,30.164135],[111.572303,30.173329],[111.574165,30.192282],[111.58474,30.196394],[111.586761,30.216239],[111.593902,30.219734],[111.601438,30.2346],[111.589347,30.243136],[111.589683,30.237758],[111.586921,30.235786],[111.580291,30.240416],[111.572959,30.239726],[111.568419,30.257322],[111.578742,30.258585],[111.59655,30.270881],[111.628273,30.318186],[111.67441,30.339863],[111.709661,30.365918],[111.730599,30.376322],[111.745886,30.376103],[111.767522,30.367963],[111.782308,30.327945],[111.801913,30.300857],[111.815675,30.302364],[111.816021,30.293176],[111.821182,30.287849],[111.83959,30.290996],[111.858595,30.289278],[111.887223,30.279796],[111.898042,30.299365],[111.896839,30.310182],[111.906623,30.330185],[111.907137,30.34944],[111.924132,30.35687],[111.934036,30.350486],[111.953195,30.319341],[111.985833,30.285527],[111.9948,30.280046],[112.007966,30.277325],[112.037915,30.27902],[112.035526,30.286374],[112.042797,30.291422],[112.043469,30.301392],[112.026427,30.308177],[112.008574,30.320812],[111.990672,30.338169],[111.971317,30.365096],[111.975112,30.410168],[111.966199,30.438522],[111.957744,30.447831],[111.950845,30.450713],[111.948182,30.45039],[111.950208,30.445395],[111.939694,30.448643],[111.946924,30.443438],[111.943641,30.441203],[111.924481,30.447508],[111.916483,30.447194],[111.90333,30.46059],[111.90836,30.46562],[111.91367,30.460415],[111.918455,30.461603],[111.915295,30.46934],[111.922526,30.477304],[111.907173,30.483504],[111.917251,30.507869],[111.97135,30.507765],[111.97589,30.526724],[111.994248,30.549313],[111.996312,30.555843],[111.990687,30.570645],[111.968957,30.576867],[111.979972,30.584681],[111.983267,30.591565],[111.980466,30.602546],[112.007337,30.619385],[112.017477,30.642594],[112.015401,30.647564],[112.038872,30.655596],[112.043812,30.660991],[112.046391,30.659453],[112.045283,30.655832],[112.055715,30.659376],[112.055808,30.654822],[112.060558,30.654389],[112.064625,30.659817],[112.0754,30.661673],[112.094423,30.649671],[112.094719,30.632496],[112.111357,30.627885],[112.103993,30.608761],[112.106449,30.601367],[112.118845,30.588723],[112.127691,30.57317],[112.131024,30.560486],[112.12723,30.548411],[112.128541,30.538748],[112.14329,30.525365],[112.146175,30.525008],[112.1529,30.536782],[112.15991,30.537949],[112.167814,30.534963],[112.176285,30.525249],[112.168214,30.484239],[112.179811,30.477775],[112.182764,30.471841],[112.196932,30.475861],[112.208407,30.472554],[112.204034,30.481758],[112.19916,30.479322],[112.194963,30.48166],[112.19436,30.496511],[112.197565,30.503436],[112.203219,30.501355],[112.212313,30.507954],[112.219286,30.502468],[112.240173,30.500279],[112.261094,30.504243],[112.266857,30.50182],[112.268216,30.495522],[112.274713,30.48949],[112.290905,30.488079],[112.29684,30.482642],[112.305535,30.463541],[112.303119,30.459699],[112.305945,30.453765],[112.298243,30.451339],[112.299396,30.444249],[112.296536,30.441087],[112.303878,30.433781],[112.301476,30.427234],[112.32515,30.408089],[112.339757,30.404767],[112.375182,30.425752],[112.394366,30.428294],[112.427943,30.424766],[112.433325,30.435648],[112.443316,30.44069],[112.467213,30.433476],[112.522274,30.397068],[112.509275,30.383419],[112.500542,30.380974],[112.496644,30.376428],[112.49688,30.371005],[112.504677,30.360994],[112.515563,30.353255],[112.51525,30.332327],[112.511204,30.319105],[112.515815,30.290241],[112.522033,30.277523],[112.540301,30.262736],[112.564869,30.233472],[112.574906,30.212219],[112.569712,30.208081],[112.571779,30.182378],[112.574861,30.178199],[112.587187,30.174327],[112.592987,30.162302],[112.592457,30.149458],[112.577769,30.130183],[112.579488,30.124186],[112.590712,30.118269],[112.62237,30.118219],[112.644028,30.107769],[112.66454,30.104907],[112.678681,30.095195],[112.694141,30.095461],[112.702648,30.090835],[112.73429,30.091496],[112.735135,30.080879],[112.811334,30.080917],[112.80312,30.093265],[112.788403,30.099356],[112.783281,30.105412],[112.787118,30.111543],[112.8048,30.111463],[112.811641,30.121441],[112.813264,30.133809],[112.805729,30.149779],[112.807058,30.161233],[112.811658,30.16597],[112.83513,30.164866],[112.8477,30.182316],[112.864375,30.192005],[112.874628,30.18508],[112.875636,30.172112],[112.887274,30.173991],[112.898821,30.16611],[112.917814,30.167553],[112.939831,30.161436],[112.942626,30.158824],[112.941045,30.146109],[112.953737,30.137724],[112.971722,30.14077],[112.983498,30.13486],[112.996213,30.138411],[113.01335,30.148492],[113.009707,30.165927],[113.022263,30.172754],[113.019088,30.185422],[113.035069,30.192972],[113.05245,30.185162],[113.064242,30.164708],[113.085779,30.149141],[113.091017,30.148117],[113.11156,30.154145],[113.129965,30.144928],[113.144948,30.143699],[113.209879,30.159237],[113.234459,30.15233],[113.245111,30.155784],[113.273864,30.15435],[113.303688,30.159079],[113.326816,30.173499],[113.338731,30.194825],[113.368368,30.195714],[113.380588,30.190518],[113.409906,30.16958],[113.430619,30.167371],[113.440075,30.157632],[113.463461,30.145732],[113.464325,30.13948],[113.47491,30.125194],[113.475571,30.117743],[113.510206,30.094521],[113.509122,30.082294],[113.515441,30.074538],[113.526515,30.070462],[113.538041,30.075104],[113.552731,30.071986],[113.5914,30.084317],[113.611335,30.085255],[113.63967,30.092158],[113.654592,30.084332],[113.664432,30.083121],[113.67305,30.087281],[113.681081,30.096101],[113.687301,30.094196],[113.700785,30.096797],[113.709918,30.118443],[113.727644,30.121883],[113.725451,30.132059],[113.729131,30.136866],[113.746655,30.130537],[113.749914,30.124999],[113.75912,30.12162],[113.769339,30.126814],[113.770144,30.131972],[113.783337,30.133144],[113.818334,30.162207],[113.818425,30.172782],[113.814541,30.181585],[113.817752,30.183621],[113.837275,30.189406],[113.843152,30.185476],[113.860738,30.192375],[113.868524,30.189067],[113.888508,30.188466],[113.94204,30.206917],[113.963394,30.203113],[114.049654,30.141828],[114.081164,30.126344],[114.085635,30.119473],[114.084871,30.108242],[114.078551,30.095647],[114.040817,30.074273],[113.912331,30.033184],[113.897255,30.025811],[113.884324,30.014731],[113.828942,29.944562],[113.8104,29.931912],[113.79448,29.926897],[113.735374,29.922424],[113.690453,29.92657],[113.664419,29.921001],[113.634602,29.907112],[113.600235,29.871999],[113.512127,29.815038],[113.487256,29.789112],[113.450675,29.761649],[113.419924,29.745287],[113.371336,29.70562],[113.292223,29.616426],[113.27145,29.597707],[113.261278,29.577127],[113.216565,29.546317],[113.176192,29.488154],[113.149777,29.459666],[113.139378,29.451834],[113.123674,29.460814],[113.109934,29.458957],[113.100871,29.463141],[113.094005,29.462145],[113.096661,29.445528],[113.090924,29.43612],[113.084595,29.433264],[113.074778,29.436582],[113.072208,29.440845],[113.066844,29.485254],[113.058753,29.514928],[113.051722,29.524958],[113.02857,29.526159],[113.01298,29.518795],[112.984629,29.500646],[112.96357,29.471831],[112.950298,29.471815],[112.944585,29.475699],[112.93186,29.529919],[112.906328,29.609655],[112.906503,29.618939],[112.939836,29.650245],[112.959809,29.661628],[112.970547,29.674805],[112.999193,29.696348],[113.009427,29.713469],[113.025105,29.769371],[113.02027,29.775286],[113.005999,29.77023],[112.997717,29.757824],[112.969262,29.735356],[112.952223,29.696893],[112.939245,29.685506],[112.931432,29.684139],[112.921467,29.694925],[112.926478,29.742662],[112.924361,29.758092],[112.919617,29.768257]],[[112.896515,29.794046],[112.932344,29.769327],[112.933802,29.771049],[112.932109,29.786747],[112.914149,29.802435],[112.895669,29.805936],[112.880999,29.799177],[112.896515,29.794046]],[[111.582848,30.171828],[111.591538,30.157531],[111.595014,30.15702],[111.59578,30.163889],[111.592132,30.170535],[111.582848,30.171828]]],[[[113.885062,30.001548],[113.905501,30.024294],[113.934168,30.032527],[113.891877,30.002183],[113.885062,30.001548]]],[[[113.023487,30.19669],[113.026456,30.193719],[113.02333,30.192316],[113.023487,30.19669]]]]}},{"type":"Feature","properties":{"id":"cn:421002","name":"沙市区","level":2},"geometry":{"type":"Polygon","coordinates":[[[112.213958,30.340365],[112.220414,30.338848],[112.225327,30.348163],[112.235691,30.354496],[112.244069,30.3816],[112.263527,30.387738],[112.268555,30.400677],[112.275112,30.399524],[112.302005,30.382263],[112.316542,30.381434],[112.33015,30.388515],[112.339757,30.404767],[112.375182,30.425752],[112.394366,30.428294],[112.427943,30.424766],[112.436597,30.438094],[112.443316,30.44069],[112.45783,30.438285],[112.49638,30.416267],[112.51,30.402867],[112.522274,30.397068],[112.509275,30.383419],[112.498184,30.379487],[112.496536,30.372453],[112.506367,30.359181],[112.515563,30.353255],[112.511505,30.311603],[112.515815,30.290241],[112.522033,30.277523],[112.498464,30.254015],[112.494271,30.240219],[112.472205,30.229278],[112.455755,30.229012],[112.453881,30.22218],[112.433388,30.222476],[112.430427,30.217311],[112.411287,30.22539],[112.403632,30.222105],[112.402447,30.229532],[112.394416,30.230307],[112.391668,30.22243],[112.396989,30.205022],[112.388823,30.197575],[112.381094,30.20517],[112.367887,30.204849],[112.354079,30.213591],[112.315356,30.21988],[112.312231,30.235262],[112.299951,30.236607],[112.296725,30.225072],[112.280171,30.230412],[112.283819,30.245744],[112.282439,30.260829],[112.277812,30.270586],[112.259297,30.290666],[112.216893,30.315421],[112.214347,30.332977],[112.218205,30.338076],[112.213958,30.340365]]]}},{"type":"Feature","properties":{"id":"cn:421003","name":"荆州区","level":2},"geometry":{"type":"Polygon","coordinates":[[[111.90333,30.46059],[111.90836,30.46562],[111.91367,30.460415],[111.918455,30.461603],[111.915295,30.46934],[111.922526,30.477304],[111.907173,30.483504],[111.917251,30.507869],[111.97135,30.507765],[111.97589,30.526724],[111.994248,30.549313],[111.996358,30.560394],[111.989515,30.571539],[111.981022,30.571739],[111.968885,30.57748],[111.979972,30.584681],[111.983267,30.591565],[111.980867,30.603359],[112.007337,30.619385],[112.017477,30.642594],[112.015401,30.647564],[112.038872,30.655596],[112.042742,30.660802],[112.045792,30.660645],[112.045283,30.655832],[112.055715,30.659376],[112.055808,30.654822],[112.060558,30.654389],[112.064625,30.659817],[112.0754,30.661673],[112.094423,30.649671],[112.094719,30.632496],[112.111357,30.627885],[112.103993,30.608761],[112.106449,30.601367],[112.118845,30.588723],[112.127691,30.57317],[112.130868,30.56393],[112.12723,30.548411],[112.130286,30.535271],[112.138819,30.527063],[112.146175,30.525008],[112.1529,30.536782],[112.15991,30.537949],[112.167814,30.534963],[112.176285,30.525249],[112.169613,30.495328],[112.169962,30.481472],[112.179811,30.477775],[112.182764,30.471841],[112.196932,30.475861],[112.208407,30.472554],[112.204034,30.481758],[112.19916,30.479322],[112.194963,30.48166],[112.19436,30.496511],[112.197565,30.503436],[112.203219,30.501355],[112.212313,30.507954],[112.222971,30.501757],[112.242595,30.500328],[112.257396,30.505011],[112.266857,30.50182],[112.268216,30.495522],[112.274713,30.48949],[112.290905,30.488079],[112.29684,30.482642],[112.305535,30.463541],[112.303119,30.459699],[112.305945,30.453765],[112.298243,30.451339],[112.299396,30.444249],[112.296536,30.441087],[112.303878,30.433781],[112.302014,30.426128],[112.32515,30.408089],[112.339757,30.404767],[112.33015,30.388515],[112.316542,30.381434],[112.302005,30.382263],[112.275112,30.399524],[112.268555,30.400677],[112.263527,30.387738],[112.244069,30.3816],[112.235691,30.354496],[112.225327,30.348163],[112.220414,30.338848],[112.213958,30.340365],[112.218205,30.338076],[112.214347,30.332977],[112.216893,30.315421],[112.1796,30.312828],[112.123499,30.294599],[112.128457,30.278353],[112.123647,30.25763],[112.12628,30.235564],[112.122406,30.214826],[112.127521,30.210994],[112.137494,30.211466],[112.140961,30.2065],[112.129961,30.199052],[112.130196,30.194408],[112.136274,30.187473],[112.128442,30.181866],[112.128591,30.171743],[112.123882,30.161085],[112.127585,30.158367],[112.139699,30.158752],[112.149672,30.150791],[112.14552,30.145825],[112.13056,30.140796],[112.122984,30.132577],[112.106354,30.129902],[112.103615,30.126735],[112.104706,30.119278],[112.100989,30.117836],[112.080295,30.133774],[112.076754,30.129363],[112.066753,30.127014],[112.081615,30.157776],[112.081164,30.162602],[112.069896,30.167328],[112.067065,30.171723],[112.066545,30.187565],[112.058038,30.184453],[112.048351,30.173551],[112.034566,30.170271],[112.01934,30.159203],[111.999471,30.154842],[111.982934,30.16031],[111.981407,30.163542],[111.986632,30.176793],[112.006397,30.20663],[112.016276,30.213633],[112.02283,30.227783],[112.040364,30.233548],[112.031111,30.24926],[112.032222,30.252231],[112.043351,30.254397],[112.045773,30.25758],[112.044927,30.275115],[112.037915,30.27902],[112.035512,30.285292],[112.042797,30.291422],[112.043882,30.300757],[112.021537,30.311058],[111.997222,30.330855],[111.971317,30.365096],[111.975112,30.410168],[111.970251,30.430379],[111.962449,30.443181],[111.950845,30.450713],[111.948182,30.45039],[111.950208,30.445395],[111.939694,30.448643],[111.946924,30.443438],[111.943641,30.441203],[111.924481,30.447508],[111.917984,30.44667],[111.90333,30.46059]]]}},{"type":"Feature","properties":{"id":"cn:421022","name":"公安县","level":2},"geometry":{"type":"Polygon","coordinates":[[[111.804653,29.897502],[111.805078,29.903524],[111.812943,29.908768],[111.816894,29.907188],[111.830747,29.911105],[111.87309,29.908442],[111.880815,29.918667],[111.899961,29.931759],[111.895131,29.947451],[111.889309,29.992947],[111.919592,30.039607],[111.931928,30.04944],[111.920773,30.102022],[111.903255,30.116341],[111.925035,30.145469],[111.928177,30.161903],[111.938638,30.166942],[111.94649,30.180676],[111.959575,30.185267],[111.969919,30.178304],[111.988533,30.179755],[111.981407,30.163542],[111.982934,30.16031],[111.992639,30.156069],[112.007152,30.155902],[112.01934,30.159203],[112.034566,30.170271],[112.048351,30.173551],[112.058038,30.184453],[112.066545,30.187565],[112.067065,30.171723],[112.069896,30.167328],[112.081164,30.162602],[112.081615,30.157776],[112.066753,30.127014],[112.076754,30.129363],[112.080295,30.133774],[112.092571,30.12616],[112.097569,30.118795],[112.103538,30.118446],[112.106354,30.129902],[112.122984,30.132577],[112.13056,30.140796],[112.14552,30.145825],[112.149672,30.150791],[112.139699,30.158752],[112.127585,30.158367],[112.123882,30.161085],[112.128591,30.171743],[112.128442,30.181866],[112.136274,30.187473],[112.130196,30.194408],[112.129961,30.199052],[112.140961,30.2065],[112.137494,30.211466],[112.127521,30.210994],[112.122406,30.214826],[112.12628,30.235564],[112.123647,30.25763],[112.128457,30.278353],[112.123499,30.294599],[112.193629,30.315259],[112.222153,30.314079],[112.259297,30.290666],[112.277812,30.270586],[112.283168,30.255097],[112.280505,30.231502],[112.269757,30.216337],[112.25665,30.204529],[112.208803,30.176888],[112.189887,30.155053],[112.19,30.138553],[112.217899,30.083758],[112.229427,30.071029],[112.242075,30.064377],[112.259697,30.064558],[112.285157,30.073221],[112.299792,30.074096],[112.35895,30.062862],[112.382153,30.054128],[112.390928,30.045414],[112.41447,30.006797],[112.42421,29.97773],[112.427934,29.950924],[112.420452,29.917685],[112.406146,29.886517],[112.384175,29.85732],[112.375469,29.838581],[112.331094,29.813718],[112.319922,29.801632],[112.317899,29.77829],[112.324306,29.74207],[112.321114,29.736203],[112.29387,29.739529],[112.287184,29.742966],[112.272952,29.736573],[112.269694,29.730614],[112.268152,29.711088],[112.246611,29.693279],[112.247067,29.68107],[112.238522,29.662214],[112.230434,29.661046],[112.213785,29.649974],[112.214783,29.639829],[112.211441,29.63679],[112.196692,29.636376],[112.192587,29.620015],[112.180608,29.635493],[112.176614,29.653765],[112.166275,29.663114],[112.158758,29.664827],[112.144731,29.657014],[112.13816,29.659874],[112.119123,29.659449],[112.112622,29.665113],[112.106721,29.661685],[112.100903,29.674739],[112.085979,29.688083],[112.077856,29.683037],[112.059861,29.683785],[112.054115,29.698242],[112.058776,29.703525],[112.058099,29.71235],[112.067778,29.718511],[112.067431,29.737129],[112.070573,29.745117],[112.060304,29.756135],[112.058586,29.772261],[112.048776,29.760519],[112.058828,29.74839],[112.056667,29.745377],[112.044896,29.75163],[112.038359,29.761801],[112.025417,29.764781],[112.004037,29.780616],[111.996051,29.780313],[111.985625,29.78541],[111.980651,29.797127],[111.974974,29.797492],[111.971441,29.793184],[111.950235,29.798511],[111.946007,29.816958],[111.95967,29.833848],[111.957413,29.839343],[111.944714,29.839883],[111.931528,29.835145],[111.92599,29.836793],[111.914436,29.844046],[111.909088,29.855447],[111.878785,29.861239],[111.875096,29.862758],[111.875062,29.868887],[111.872292,29.862382],[111.855912,29.85962],[111.839445,29.877108],[111.834037,29.879496],[111.823333,29.876649],[111.823707,29.892185],[111.816667,29.891069],[111.804653,29.897502]]]}},{"type":"Feature","properties":{"id":"cn:421024","name":"江陵县","level":2},"geometry":{"type":"MultiPolygon","coordinates":[[[[112.188204,30.144334],[112.191094,30.157973],[112.201423,30.171131],[112.25665,30.204529],[112.271458,30.218224],[112.280505,30.231502],[112.296725,30.225072],[112.299951,30.236607],[112.312231,30.235262],[112.315356,30.21988],[112.354079,30.213591],[112.367887,30.204849],[112.381094,30.20517],[112.390807,30.197635],[112.396989,30.205022],[112.391668,30.22243],[112.394416,30.230307],[112.402447,30.229532],[112.403632,30.222105],[112.411287,30.22539],[112.430427,30.217311],[112.433388,30.222476],[112.453881,30.22218],[112.455755,30.229012],[112.472205,30.229278],[112.494271,30.240219],[112.498464,30.254015],[112.522033,30.277523],[112.540301,30.262736],[112.564869,30.233472],[112.574906,30.212219],[112.569712,30.208081],[112.571779,30.182378],[112.574861,30.178199],[112.587187,30.174327],[112.592987,30.162302],[112.592457,30.149458],[112.578368,30.133385],[112.579488,30.124186],[112.590712,30.118269],[112.62237,30.118219],[112.644028,30.107769],[112.66454,30.104907],[112.678681,30.095195],[112.694141,30.095461],[112.702648,30.090835],[112.73429,30.091496],[112.734663,30.081589],[112.740434,30.080907],[112.730936,30.065897],[112.719341,30.057408],[112.706171,30.052658],[112.703877,30.049068],[112.693282,30.049864],[112.688388,30.042873],[112.693443,30.035063],[112.689037,30.032284],[112.687727,30.026309],[112.677318,30.025563],[112.673313,30.028107],[112.673638,30.023996],[112.663093,30.016818],[112.661756,30.014144],[112.669998,30.004676],[112.669495,30.001454],[112.660326,30.000787],[112.656124,30.008735],[112.648118,30.005376],[112.645793,30.010969],[112.640975,30.005464],[112.63371,30.00794],[112.639257,30.002835],[112.632572,29.983384],[112.622062,29.97714],[112.62305,29.970294],[112.61176,29.951638],[112.613733,29.937673],[112.608029,29.93493],[112.607504,29.927454],[112.601594,29.924445],[112.601434,29.917299],[112.596864,29.915936],[112.594385,29.910241],[112.584391,29.921898],[112.56991,29.92858],[112.571149,29.935279],[112.567717,29.939101],[112.542416,29.946627],[112.523292,29.941567],[112.511308,29.943779],[112.5047,29.941682],[112.504223,29.935537],[112.490774,29.932365],[112.488107,29.924622],[112.481202,29.927043],[112.47756,29.936077],[112.442,29.923217],[112.437949,29.927906],[112.423737,29.930035],[112.427934,29.950924],[112.419002,29.994568],[112.410764,30.014913],[112.384236,30.052704],[112.35895,30.062862],[112.299792,30.074096],[112.285157,30.073221],[112.259697,30.064558],[112.235764,30.066619],[112.217899,30.083758],[112.188204,30.144334]]],[[[112.669479,30.018684],[112.672133,30.020864],[112.673574,30.014758],[112.672621,30.014495],[112.669479,30.018684]]]]}},{"type":"Feature","properties":{"id":"cn:421081","name":"石首市","level":2},"geometry":{"type":"Polygon","coordinates":[[[112.22262,29.632179],[112.225816,29.64227],[112.236138,29.654542],[112.246745,29.680094],[112.246611,29.693279],[112.268152,29.711088],[112.269694,29.730614],[112.272952,29.736573],[112.287184,29.742966],[112.29387,29.739529],[112.321114,29.736203],[112.324306,29.74207],[112.317899,29.77829],[112.319922,29.801632],[112.331094,29.813718],[112.375469,29.838581],[112.384175,29.85732],[112.404714,29.883568],[112.423737,29.930035],[112.437949,29.927906],[112.442983,29.923215],[112.47756,29.936077],[112.481202,29.927043],[112.488107,29.924622],[112.490774,29.932365],[112.504223,29.935537],[112.5047,29.941682],[112.511308,29.943779],[112.523292,29.941567],[112.542416,29.946627],[112.567717,29.939101],[112.571149,29.935279],[112.56991,29.92858],[112.584391,29.921898],[112.602655,29.899338],[112.600985,29.889775],[112.604551,29.87407],[112.592809,29.8538],[112.59617,29.855722],[112.613406,29.844031],[112.626133,29.830808],[112.641581,29.827406],[112.705805,29.830056],[112.738218,29.828165],[112.752764,29.83172],[112.762281,29.823129],[112.76853,29.802044],[112.766955,29.777008],[112.76366,29.771717],[112.750421,29.764017],[112.729245,29.759754],[112.726821,29.753597],[112.729558,29.737475],[112.737691,29.73222],[112.745087,29.731704],[112.788272,29.738505],[112.800443,29.728712],[112.786814,29.718275],[112.791059,29.704961],[112.789523,29.700289],[112.779184,29.696161],[112.7829,29.682513],[112.771988,29.682238],[112.76027,29.677672],[112.756424,29.663577],[112.745868,29.661055],[112.727873,29.648049],[112.723768,29.649664],[112.723681,29.657518],[112.711528,29.654219],[112.707457,29.638292],[112.693082,29.622642],[112.69342,29.613407],[112.687734,29.611378],[112.688516,29.604429],[112.683412,29.605082],[112.684297,29.600712],[112.67718,29.592283],[112.673438,29.592226],[112.667873,29.602748],[112.654749,29.602268],[112.644275,29.595635],[112.634705,29.610662],[112.621103,29.619358],[112.603803,29.610339],[112.599792,29.616361],[112.566771,29.626641],[112.52994,29.602355],[112.499583,29.613619],[112.493455,29.631832],[112.476304,29.636017],[112.460113,29.633932],[112.450868,29.638421],[112.433807,29.636251],[112.421076,29.618835],[112.417726,29.598145],[112.403108,29.581076],[112.395495,29.578275],[112.390521,29.565436],[112.387278,29.565184],[112.384886,29.569969],[112.363056,29.544015],[112.330278,29.547463],[112.314349,29.543132],[112.310032,29.526861],[112.292729,29.519536],[112.285101,29.519561],[112.277468,29.49753],[112.272596,29.511128],[112.273937,29.533742],[112.276357,29.539726],[112.286406,29.546131],[112.297051,29.568608],[112.297513,29.588077],[112.288149,29.598691],[112.276384,29.598874],[112.246292,29.614128],[112.235243,29.613246],[112.228753,29.618413],[112.22262,29.632179]]]}},{"type":"Feature","properties":{"id":"cn:421083","name":"洪湖市","level":2},"geometry":{"type":"MultiPolygon","coordinates":[[[[113.122867,30.132304],[113.127768,30.146022],[113.148488,30.144079],[113.207217,30.158973],[113.234459,30.15233],[113.245111,30.155784],[113.273864,30.15435],[113.303688,30.159079],[113.326816,30.173499],[113.338731,30.194825],[113.368368,30.195714],[113.380588,30.190518],[113.409906,30.16958],[113.430619,30.167371],[113.440075,30.157632],[113.463461,30.145732],[113.464325,30.13948],[113.47491,30.125194],[113.475571,30.117743],[113.510206,30.094521],[113.509122,30.082294],[113.515441,30.074538],[113.526515,30.070462],[113.538041,30.075104],[113.552731,30.071986],[113.5914,30.084317],[113.611335,30.085255],[113.63967,30.092158],[113.654592,30.084332],[113.664432,30.083121],[113.67305,30.087281],[113.681081,30.096101],[113.687301,30.094196],[113.700785,30.096797],[113.709918,30.118443],[113.727644,30.121883],[113.725451,30.132059],[113.729131,30.136866],[113.746655,30.130537],[113.749914,30.124999],[113.75912,30.12162],[113.769339,30.126814],[113.770144,30.131972],[113.783337,30.133144],[113.818334,30.162207],[113.818425,30.172782],[113.814541,30.181585],[113.817752,30.183621],[113.837275,30.189406],[113.843152,30.185476],[113.860738,30.192375],[113.868524,30.189067],[113.888508,30.188466],[113.94204,30.206917],[113.955651,30.205402],[113.971251,30.198314],[114.049654,30.141828],[114.081164,30.126344],[114.086181,30.113367],[114.078551,30.095647],[114.040817,30.074273],[113.912331,30.033184],[113.897255,30.025811],[113.884324,30.014731],[113.828942,29.944562],[113.8104,29.931912],[113.79448,29.926897],[113.735374,29.922424],[113.690453,29.92657],[113.664419,29.921001],[113.634602,29.907112],[113.600235,29.871999],[113.512127,29.815038],[113.473172,29.778364],[113.450675,29.761649],[113.432619,29.754032],[113.395733,29.726456],[113.35626,29.690226],[113.314011,29.642757],[113.265608,29.671863],[113.280044,29.702032],[113.29026,29.713375],[113.295213,29.724975],[113.286799,29.738872],[113.293799,29.748063],[113.306283,29.756594],[113.313319,29.767195],[113.286971,29.860212],[113.257677,29.896414],[113.228122,29.921749],[113.2174,29.924633],[113.193624,29.915398],[113.178585,29.96017],[113.166546,29.957562],[113.167133,29.975261],[113.186901,29.987138],[113.17625,29.997484],[113.180116,30.001406],[113.180876,30.008268],[113.180164,30.013686],[113.174309,30.016171],[113.175096,30.033937],[113.179595,30.037209],[113.168855,30.045691],[113.174154,30.060667],[113.168586,30.071973],[113.158149,30.078386],[113.161131,30.092828],[113.167694,30.09723],[113.160022,30.101248],[113.151157,30.098488],[113.142708,30.113249],[113.132379,30.11073],[113.125936,30.112568],[113.123891,30.117865],[113.13006,30.123516],[113.122867,30.132304]]],[[[113.885062,30.001548],[113.903784,30.023314],[113.933922,30.032953],[113.891877,30.002183],[113.885062,30.001548]]]]}},{"type":"Feature","properties":{"id":"cn:421087","name":"松滋市","level":2},"geometry":{"type":"Polygon","coordinates":[[[111.244124,30.045981],[111.300581,30.048991],[111.311511,30.053188],[111.321675,30.084457],[111.34645,30.093258],[111.367605,30.106467],[111.382396,30.126243],[111.397717,30.125729],[111.435427,30.111082],[111.445408,30.113158],[111.458818,30.103771],[111.47849,30.10285],[111.501554,30.112832],[111.521076,30.099208],[111.566383,30.123435],[111.570411,30.139123],[111.568466,30.153753],[111.57963,30.164135],[111.572303,30.173329],[111.574165,30.192282],[111.58474,30.196394],[111.586761,30.216239],[111.593902,30.219734],[111.601438,30.2346],[111.589347,30.243136],[111.589683,30.237758],[111.586921,30.235786],[111.580291,30.240416],[111.572959,30.239726],[111.568419,30.257322],[111.578742,30.258585],[111.59655,30.270881],[111.628273,30.318186],[111.67441,30.339863],[111.709661,30.365918],[111.730599,30.376322],[111.745886,30.376103],[111.767522,30.367963],[111.782308,30.327945],[111.801913,30.300857],[111.815675,30.302364],[111.816021,30.293176],[111.821182,30.287849],[111.83959,30.290996],[111.858595,30.289278],[111.887223,30.279796],[111.898042,30.299365],[111.896839,30.310182],[111.906623,30.330185],[111.907137,30.34944],[111.924132,30.35687],[111.934036,30.350486],[111.953195,30.319341],[111.985833,30.285527],[112.002093,30.278197],[112.037915,30.27902],[112.045384,30.273849],[112.045773,30.25758],[112.043351,30.254397],[112.032222,30.252231],[112.031111,30.24926],[112.040364,30.233548],[112.02283,30.227783],[112.016276,30.213633],[112.006397,30.20663],[111.988533,30.179755],[111.969919,30.178304],[111.956675,30.185332],[111.94649,30.180676],[111.938638,30.166942],[111.928177,30.161903],[111.925035,30.145469],[111.903255,30.116341],[111.920773,30.102022],[111.931928,30.04944],[111.919592,30.039607],[111.890026,29.994785],[111.895131,29.947451],[111.900531,29.932999],[111.880815,29.918667],[111.871596,29.907912],[111.830747,29.911105],[111.816894,29.907188],[111.812943,29.908768],[111.805078,29.903524],[111.788933,29.908334],[111.777662,29.915506],[111.772984,29.914361],[111.751447,29.922722],[111.741589,29.923919],[111.733958,29.920849],[111.730361,29.923188],[111.719191,29.918215],[111.718019,29.907878],[111.713243,29.902598],[111.710413,29.903991],[111.705418,29.899615],[111.699696,29.899364],[111.701658,29.897135],[111.69939,29.892663],[111.689459,29.889832],[111.685376,29.891567],[111.676153,29.887224],[111.663444,29.891549],[111.656787,29.888517],[111.647581,29.890655],[111.645799,29.895809],[111.639598,29.898007],[111.618153,29.898112],[111.614247,29.894097],[111.592674,29.892128],[111.586848,29.897244],[111.582984,29.895537],[111.578644,29.900819],[111.572345,29.897112],[111.56042,29.901246],[111.548134,29.897155],[111.540547,29.906916],[111.531129,29.908755],[111.521806,29.928305],[111.516519,29.930682],[111.492987,29.927329],[111.475478,29.920514],[111.456302,29.929796],[111.450127,29.9304],[111.443975,29.926135],[111.431456,29.932447],[111.411612,29.917242],[111.398813,29.91343],[111.391204,29.91458],[111.377006,29.926059],[111.384112,29.940137],[111.375378,29.936158],[111.372422,29.937634],[111.377032,29.952165],[111.363432,29.956648],[111.354178,29.953106],[111.345686,29.953748],[111.342649,29.944412],[111.337081,29.947078],[111.330519,29.965424],[111.323931,29.967961],[111.325867,29.972362],[111.318757,29.980478],[111.312279,29.974341],[111.305998,29.982709],[111.296684,29.986263],[111.29142,29.993273],[111.292577,30.006398],[111.282528,30.013171],[111.260408,30.014809],[111.250894,30.036271],[111.238923,30.040759],[111.244124,30.045981]],[[111.582823,30.167632],[111.591538,30.157531],[111.595014,30.15702],[111.59578,30.163889],[111.592132,30.170535],[111.582848,30.171828],[111.582823,30.167632]]]}},{"type":"Feature","properties":{"id":"cn:421088","name":"监利市","level":2},"geometry":{"type":"MultiPolygon","coordinates":[[[[112.919617,29.768257],[112.883921,29.788482],[112.864464,29.788733],[112.838047,29.773785],[112.796337,29.741218],[112.764341,29.733477],[112.737691,29.73222],[112.729558,29.737475],[112.728429,29.758563],[112.756292,29.766734],[112.766955,29.777008],[112.768758,29.800607],[112.760167,29.825743],[112.751025,29.831856],[112.738218,29.828165],[112.705805,29.830056],[112.641581,29.827406],[112.626133,29.830808],[112.613406,29.844031],[112.59617,29.855722],[112.592478,29.854266],[112.604551,29.87407],[112.604808,29.880166],[112.600985,29.889775],[112.602655,29.899338],[112.593439,29.909937],[112.596864,29.915936],[112.601434,29.917299],[112.601594,29.924445],[112.607504,29.927454],[112.608029,29.93493],[112.613733,29.937673],[112.61176,29.951638],[112.62305,29.970294],[112.622062,29.97714],[112.632572,29.983384],[112.639257,30.002835],[112.63371,30.00794],[112.640975,30.005464],[112.645793,30.010969],[112.648118,30.005376],[112.656124,30.008735],[112.660326,30.000787],[112.669495,30.001454],[112.669998,30.004676],[112.661756,30.014144],[112.663093,30.016818],[112.673638,30.023996],[112.673313,30.028107],[112.677318,30.025563],[112.687727,30.026309],[112.689037,30.032284],[112.693443,30.035063],[112.688388,30.042873],[112.693282,30.049864],[112.703877,30.049068],[112.706171,30.052658],[112.719341,30.057408],[112.730936,30.065897],[112.740434,30.080907],[112.811334,30.080917],[112.80312,30.093265],[112.788403,30.099356],[112.783281,30.105412],[112.787118,30.111543],[112.8048,30.111463],[112.811641,30.121441],[112.813264,30.133809],[112.804783,30.154843],[112.811658,30.16597],[112.83513,30.164866],[112.8477,30.182316],[112.864375,30.192005],[112.874628,30.18508],[112.875636,30.172112],[112.887274,30.173991],[112.898821,30.16611],[112.917814,30.167553],[112.939831,30.161436],[112.942626,30.158824],[112.941045,30.146109],[112.953737,30.137724],[112.971722,30.14077],[112.985239,30.134906],[113.01335,30.148492],[113.009707,30.165927],[113.022263,30.172754],[113.018986,30.181849],[113.020723,30.187752],[113.030932,30.192315],[113.041334,30.192005],[113.054499,30.18288],[113.064242,30.164708],[113.085779,30.149141],[113.091017,30.148117],[113.11156,30.154145],[113.124405,30.149142],[113.127768,30.146022],[113.122932,30.130742],[113.13006,30.123516],[113.123891,30.117865],[113.125448,30.113097],[113.132379,30.11073],[113.142708,30.113249],[113.151157,30.098488],[113.160022,30.101248],[113.167416,30.098189],[113.167047,30.094986],[113.161131,30.092828],[113.158149,30.078386],[113.168586,30.071973],[113.174154,30.060667],[113.168855,30.045691],[113.179595,30.037209],[113.175096,30.033937],[113.174309,30.016171],[113.180164,30.013686],[113.180876,30.008268],[113.180116,30.001406],[113.17625,29.997484],[113.186901,29.987138],[113.167133,29.975261],[113.166546,29.957562],[113.178585,29.96017],[113.193624,29.915398],[113.2174,29.924633],[113.228122,29.921749],[113.257677,29.896414],[113.286971,29.860212],[113.313319,29.767195],[113.306283,29.756594],[113.293799,29.748063],[113.286799,29.738872],[113.295213,29.724975],[113.29026,29.713375],[113.280044,29.702032],[113.265608,29.671863],[113.314011,29.642757],[113.292223,29.616426],[113.27145,29.597707],[113.261278,29.577127],[113.216565,29.546317],[113.176192,29.488154],[113.139378,29.451834],[113.123674,29.460814],[113.109934,29.458957],[113.100871,29.463141],[113.094005,29.462145],[113.096661,29.445528],[113.094629,29.440493],[113.084595,29.433264],[113.074778,29.436582],[113.058753,29.514928],[113.051722,29.524958],[113.038979,29.527477],[113.02857,29.526159],[113.01298,29.518795],[112.984629,29.500646],[112.96357,29.471831],[112.950298,29.471815],[112.944585,29.475699],[112.941349,29.482921],[112.93186,29.529919],[112.906328,29.609655],[112.906503,29.618939],[112.939836,29.650245],[112.959809,29.661628],[112.970547,29.674805],[112.999193,29.696348],[113.009427,29.713469],[113.025105,29.769371],[113.02027,29.775286],[113.005999,29.77023],[112.997717,29.757824],[112.969262,29.735356],[112.952223,29.696893],[112.939245,29.685506],[112.931432,29.684139],[112.921467,29.694925],[112.926478,29.742662],[112.923006,29.761959],[112.919617,29.768257]],[[112.896515,29.794046],[112.932344,29.769327],[112.933802,29.771049],[112.932109,29.786747],[112.914149,29.802435],[112.895669,29.805936],[112.880999,29.799177],[112.896515,29.794046]],[[112.669846,30.019042],[112.671471,30.015805],[112.673574,30.014758],[112.672498,30.020503],[112.669846,30.019042]]],[[[113.023487,30.19669],[113.026456,30.193719],[113.02333,30.192316],[113.023487,30.19669]]]]}},{"type":"Feature","properties":{"id":"cn:4211","name":"黄冈市","level":1},"geometry":{"type":"MultiPolygon","coordinates":[[[[114.396594,31.251264],[114.437363,31.313313],[114.431715,31.340575],[114.435435,31.344059],[114.423511,31.354315],[114.4226,31.362997],[114.431358,31.383227],[114.444757,31.389404],[114.448807,31.400519],[114.444704,31.405774],[114.445414,31.41641],[114.453646,31.4119],[114.455261,31.414166],[114.456711,31.408389],[114.474718,31.408925],[114.477149,31.414506],[114.475343,31.437834],[114.484309,31.465862],[114.488789,31.467609],[114.49977,31.461767],[114.508172,31.465704],[114.509232,31.472385],[114.498328,31.501385],[114.497339,31.511899],[114.499613,31.521369],[114.505645,31.52633],[114.508475,31.538189],[114.515924,31.54391],[114.515611,31.560733],[114.519118,31.559935],[114.522547,31.552361],[114.539526,31.551764],[114.546462,31.55543],[114.553519,31.571097],[114.555872,31.563125],[114.568311,31.556168],[114.569787,31.561748],[114.583493,31.563303],[114.59049,31.578511],[114.604049,31.579449],[114.61108,31.587391],[114.636558,31.584343],[114.638867,31.577207],[114.647835,31.574875],[114.65174,31.565029],[114.668729,31.546711],[114.694563,31.548226],[114.69129,31.527936],[114.710423,31.530549],[114.716447,31.522534],[114.735536,31.529511],[114.743071,31.525945],[114.751682,31.529253],[114.765675,31.522584],[114.773531,31.522785],[114.769061,31.516168],[114.768505,31.504946],[114.778549,31.495778],[114.777716,31.48667],[114.784096,31.482603],[114.807734,31.48095],[114.818931,31.472069],[114.824601,31.461037],[114.829081,31.46071],[114.836337,31.464108],[114.845486,31.478327],[114.864774,31.48153],[114.87013,31.480484],[114.871633,31.472772],[114.87889,31.471463],[114.917527,31.483525],[114.932351,31.471976],[114.936925,31.481781],[114.96275,31.498744],[114.972289,31.496981],[114.977194,31.482469],[114.992949,31.473676],[114.996673,31.487338],[115.005631,31.491489],[114.996673,31.50404],[115.006021,31.508094],[115.018904,31.530548],[115.023999,31.530349],[115.02531,31.524336],[115.032957,31.518976],[115.043418,31.519459],[115.047134,31.515378],[115.058806,31.515053],[115.060745,31.512387],[115.090625,31.510304],[115.093072,31.516065],[115.087203,31.520937],[115.096489,31.522439],[115.10885,31.532343],[115.099892,31.544502],[115.105447,31.554178],[115.098581,31.556432],[115.09734,31.56212],[115.101133,31.56931],[115.121662,31.580913],[115.119761,31.600948],[115.158858,31.60647],[115.17016,31.602548],[115.173762,31.58114],[115.186636,31.573262],[115.187486,31.566008],[115.2018,31.566203],[115.210108,31.556658],[115.230498,31.557477],[115.225923,31.55022],[115.225142,31.540252],[115.213372,31.51953],[115.213571,31.506555],[115.206836,31.494396],[115.213111,31.473575],[115.205073,31.44746],[115.216774,31.427295],[115.230438,31.428731],[115.247164,31.423731],[115.252788,31.41714],[115.253771,31.408173],[115.245073,31.393825],[115.257564,31.389838],[115.272789,31.401046],[115.280116,31.401439],[115.288614,31.39706],[115.295671,31.386079],[115.301748,31.384377],[115.321686,31.393105],[115.331816,31.405917],[115.347311,31.401536],[115.368031,31.407649],[115.385618,31.395064],[115.384507,31.385587],[115.369993,31.373984],[115.377641,31.360255],[115.366469,31.351202],[115.393465,31.34486],[115.400322,31.3395],[115.416338,31.352477],[115.41889,31.348881],[115.4283,31.351299],[115.436441,31.348015],[115.444028,31.317781],[115.448342,31.315821],[115.4554,31.320003],[115.458083,31.317127],[115.451276,31.284901],[115.460886,31.278297],[115.467622,31.26725],[115.488593,31.267974],[115.495618,31.264458],[115.502222,31.270008],[115.520313,31.256655],[115.534418,31.23411],[115.533993,31.205904],[115.537204,31.189247],[115.554374,31.162608],[115.563967,31.155273],[115.580546,31.146499],[115.588992,31.149453],[115.59559,31.16061],[115.598567,31.176041],[115.623889,31.186948],[115.631153,31.202247],[115.640746,31.211868],[115.657838,31.212495],[115.705069,31.202766],[115.708859,31.198125],[115.707597,31.186046],[115.726692,31.177877],[115.730906,31.15835],[115.743693,31.153568],[115.750519,31.144695],[115.758733,31.120355],[115.764766,31.115213],[115.776234,31.1157],[115.792631,31.130048],[115.80803,31.133139],[115.832449,31.129322],[115.852014,31.145561],[115.86205,31.149675],[115.868482,31.148898],[115.877588,31.138779],[115.881329,31.129691],[115.882379,31.111604],[115.890057,31.099856],[115.898876,31.090766],[115.904357,31.093179],[115.920696,31.079185],[115.934766,31.074031],[115.937172,31.063028],[115.933543,31.049656],[115.935513,31.046259],[115.941156,31.044775],[115.96053,31.048618],[115.978543,31.044181],[115.988882,31.03683],[116.001417,31.03686],[116.004837,31.019509],[116.009793,31.014109],[116.034099,31.016993],[116.053595,31.014812],[116.054976,30.997028],[116.066381,30.958775],[116.036547,30.960655],[116.029237,30.953306],[116.019472,30.955789],[116.004672,30.95193],[115.985115,30.937302],[115.971182,30.933812],[115.965479,30.922404],[115.931087,30.905322],[115.927362,30.891867],[115.915687,30.888311],[115.907771,30.890055],[115.880652,30.880325],[115.871868,30.871466],[115.860592,30.866703],[115.858816,30.857738],[115.846564,30.846635],[115.842067,30.83818],[115.843682,30.830999],[115.858708,30.818249],[115.860791,30.800734],[115.853143,30.792009],[115.853612,30.787312],[115.86442,30.784962],[115.866764,30.781742],[115.863274,30.776776],[115.847033,30.768052],[115.846434,30.759194],[115.829524,30.758851],[115.817301,30.752807],[115.805279,30.761856],[115.78224,30.759899],[115.761034,30.712482],[115.76211,30.696743],[115.757249,30.68803],[115.767111,30.680261],[115.770088,30.67128],[115.791798,30.661045],[115.79356,30.652536],[115.810325,30.63762],[115.809767,30.627273],[115.802605,30.61802],[115.813986,30.600389],[115.818986,30.598634],[115.822944,30.608665],[115.843404,30.604475],[115.852223,30.592083],[115.871269,30.584956],[115.874038,30.580901],[115.870523,30.571987],[115.878126,30.562056],[115.881399,30.546353],[115.894472,30.540509],[115.905713,30.5218],[115.916425,30.520009],[115.904741,30.509404],[115.893118,30.484921],[115.895687,30.469485],[115.889064,30.462223],[115.88981,30.455403],[115.912068,30.445542],[115.917944,30.431256],[115.941148,30.427845],[115.933205,30.420449],[115.925983,30.42315],[115.919359,30.421597],[115.906322,30.403021],[115.895922,30.400522],[115.880524,30.385459],[115.891504,30.35937],[115.91173,30.337097],[115.909378,30.326966],[115.898761,30.318485],[115.899456,30.312765],[115.91693,30.303972],[115.933718,30.309604],[115.948831,30.309006],[115.975888,30.298342],[115.980254,30.293616],[115.984725,30.265966],[115.989725,30.257587],[115.996462,30.253143],[116.007086,30.251986],[116.019473,30.244217],[116.026496,30.22946],[116.04288,30.225329],[116.047201,30.218585],[116.052746,30.217846],[116.060186,30.206991],[116.058632,30.195953],[116.050759,30.183411],[116.05148,30.172287],[116.065394,30.141062],[116.082555,30.128909],[116.079004,30.1163],[116.084206,30.108962],[116.077236,30.101695],[116.076114,30.092473],[116.079492,30.078293],[116.073519,30.064416],[116.086358,30.038534],[116.083702,30.029309],[116.073745,30.016497],[116.076296,29.984867],[116.068763,29.96572],[116.120542,29.903704],[116.126802,29.892478],[116.129336,29.879805],[116.126733,29.846615],[116.127792,29.838547],[116.131926,29.836172],[116.129953,29.821793],[116.101854,29.810632],[116.07198,29.789381],[116.044365,29.764318],[115.960845,29.727374],[115.927753,29.723844],[115.904937,29.726923],[115.832124,29.751179],[115.757375,29.795551],[115.701062,29.840442],[115.677903,29.850395],[115.662774,29.852835],[115.606605,29.84429],[115.523907,29.840625],[115.482665,29.847489],[115.451597,29.864431],[115.440625,29.875884],[115.428629,29.899776],[115.403194,29.919275],[115.401216,29.925894],[115.405513,29.944143],[115.403499,29.952686],[115.37967,29.967784],[115.356293,30.005324],[115.323959,30.031383],[115.318064,30.043507],[115.317153,30.073051],[115.312058,30.092173],[115.296137,30.119121],[115.263936,30.157669],[115.210721,30.205322],[115.204158,30.216003],[115.173863,30.22237],[115.145695,30.211181],[115.120656,30.212358],[115.089683,30.224347],[115.079248,30.234855],[115.074732,30.242424],[115.073557,30.257292],[115.08303,30.295183],[115.077292,30.332155],[115.065573,30.369113],[115.050599,30.39106],[115.032967,30.403351],[115.013114,30.407167],[114.967578,30.403551],[114.887461,30.416392],[114.852609,30.434586],[114.834076,30.461889],[114.829875,30.487682],[114.835353,30.54426],[114.830883,30.583078],[114.82361,30.599048],[114.810094,30.61295],[114.803497,30.617796],[114.786535,30.619293],[114.797984,30.623951],[114.845919,30.630754],[114.854461,30.638927],[114.850164,30.645247],[114.843263,30.643054],[114.835095,30.66092],[114.824799,30.671367],[114.82026,30.672936],[114.818819,30.667562],[114.810407,30.662208],[114.804036,30.667589],[114.800867,30.675468],[114.808012,30.687227],[114.787023,30.717467],[114.791658,30.732227],[114.797543,30.735285],[114.805764,30.728686],[114.83757,30.740858],[114.86671,30.762403],[114.872371,30.772911],[114.87077,30.795695],[114.878334,30.799833],[114.89363,30.797816],[114.896729,30.790146],[114.910426,30.786011],[114.920243,30.794104],[114.928794,30.795445],[114.947795,30.776858],[114.952995,30.782834],[114.95362,30.789017],[114.947552,30.797269],[114.942596,30.798361],[114.941797,30.803666],[114.963464,30.813733],[114.966468,30.808238],[114.971606,30.809393],[114.976051,30.818314],[114.978794,30.818025],[114.979385,30.809957],[114.984514,30.811185],[114.985903,30.823996],[114.996719,30.832965],[114.987154,30.847124],[114.987857,30.853888],[114.994106,30.85989],[114.998985,30.859966],[115.005279,30.854526],[115.005965,30.86096],[115.023881,30.860101],[115.026885,30.856984],[115.023117,30.852379],[115.034028,30.849699],[115.038048,30.854072],[115.050817,30.858011],[115.046398,30.862314],[115.046911,30.866172],[115.076927,30.881348],[115.073899,30.893117],[115.051564,30.898367],[115.048369,30.902427],[115.052796,30.902744],[115.054125,30.906884],[115.049958,30.910352],[115.039332,30.91344],[115.034358,30.910438],[115.022857,30.918812],[115.03047,30.929122],[115.021989,30.932158],[115.018204,30.928308],[115.004203,30.928367],[114.982823,30.948501],[114.981772,30.959878],[114.992224,30.968033],[114.98931,30.971627],[114.9842,30.969762],[114.97718,30.97484],[114.978587,30.981991],[114.986903,30.986794],[114.984003,30.990221],[114.985974,30.997244],[114.978873,31.0001],[114.980202,31.019925],[114.975436,31.027506],[114.972407,31.029522],[114.967111,31.025381],[114.972676,31.008454],[114.959481,30.98822],[114.950219,30.990907],[114.952172,31.002384],[114.938179,30.995941],[114.93232,31.004661],[114.926226,30.99749],[114.915977,31.017081],[114.900578,31.008175],[114.878416,31.00888],[114.861333,30.994555],[114.850091,30.993747],[114.848207,30.989977],[114.850342,30.986577],[114.865421,30.982568],[114.865846,30.976648],[114.872469,30.969111],[114.856575,30.947931],[114.838458,30.947047],[114.835654,30.952175],[114.820394,30.951153],[114.820273,30.95877],[114.812903,30.958569],[114.807556,30.968207],[114.799847,30.971798],[114.804744,30.984311],[114.801862,30.995904],[114.797764,30.996707],[114.790325,30.991199],[114.787651,30.992684],[114.794536,30.999257],[114.792886,31.003246],[114.773693,30.989405],[114.772678,30.980765],[114.762651,30.962735],[114.757651,30.969205],[114.76214,30.975023],[114.75931,30.984085],[114.764926,30.98787],[114.756462,30.988808],[114.754474,30.996564],[114.747747,30.996775],[114.725229,30.982293],[114.715086,30.984743],[114.71062,30.980105],[114.707243,30.983148],[114.704891,30.978128],[114.697235,30.976116],[114.698944,30.959621],[114.695923,30.955433],[114.706071,30.94348],[114.698163,30.942084],[114.69252,30.94514],[114.692729,30.954026],[114.689022,30.949979],[114.677434,30.951038],[114.669126,30.945812],[114.668328,30.940389],[114.660228,30.940441],[114.652224,30.934525],[114.643848,30.944846],[114.637825,30.935815],[114.621044,30.929792],[114.610844,30.92975],[114.609135,30.942561],[114.603475,30.946623],[114.598267,30.964007],[114.57114,30.972303],[114.554777,30.986576],[114.547513,31.000096],[114.537387,30.993265],[114.537347,31.000096],[114.5268,31.011262],[114.505359,31.016537],[114.494803,31.038655],[114.499492,31.047229],[114.510247,31.053074],[114.508285,31.057797],[114.510359,31.065932],[114.528815,31.096659],[114.52326,31.110493],[114.52931,31.119264],[114.522366,31.124603],[114.52043,31.137701],[114.514275,31.146345],[114.48819,31.151293],[114.483555,31.159677],[114.465734,31.172237],[114.456055,31.170594],[114.452531,31.178269],[114.453677,31.185089],[114.466776,31.185915],[114.466872,31.192995],[114.447171,31.197963],[114.445553,31.200888],[114.449479,31.206034],[114.426021,31.209308],[114.401325,31.230303],[114.396594,31.251264]],[[114.924259,31.026775],[114.93139,31.025657],[114.932389,31.021894],[114.942537,31.025243],[114.939429,31.029732],[114.940887,31.039287],[114.932823,31.036593],[114.928379,31.039509],[114.926921,31.035566],[114.921746,31.035597],[114.924259,31.026775]]],[[[114.972383,30.997439],[114.976269,31.001238],[114.980678,30.994149],[114.974203,30.992356],[114.972383,30.997439]]]]}},{"type":"Feature","properties":{"id":"cn:421102","name":"黄州区","level":2},"geometry":{"type":"Polygon","coordinates":[[[114.829875,30.487682],[114.834997,30.529845],[114.83301,30.57171],[114.839729,30.589466],[114.857182,30.593207],[114.890705,30.609022],[114.897121,30.598742],[114.913644,30.596641],[114.916143,30.582155],[114.914581,30.56533],[114.923905,30.566141],[114.934713,30.561334],[114.948636,30.560706],[114.957386,30.568211],[114.972699,30.572013],[114.996756,30.591671],[115.01061,30.592769],[115.014214,30.600216],[115.013261,30.611423],[115.025375,30.612054],[115.029672,30.627559],[115.041939,30.646212],[115.045864,30.645857],[115.060345,30.631292],[115.065303,30.622891],[115.064225,30.611903],[115.075217,30.608687],[115.067011,30.606097],[115.058189,30.591963],[115.06232,30.555709],[115.058124,30.544658],[115.053409,30.539557],[115.04186,30.541616],[115.037429,30.545958],[115.021142,30.539685],[114.999029,30.487714],[114.995199,30.461108],[115.004436,30.449599],[115.00072,30.43749],[115.011913,30.407147],[114.961945,30.404055],[114.906298,30.411786],[114.878615,30.419799],[114.858676,30.430196],[114.846142,30.441631],[114.834076,30.461889],[114.829875,30.487682]]]}},{"type":"Feature","properties":{"id":"cn:421121","name":"团风县","level":2},"geometry":{"type":"Polygon","coordinates":[[[114.786198,30.721215],[114.793534,30.734453],[114.797543,30.735285],[114.805764,30.728686],[114.839801,30.74192],[114.86671,30.762403],[114.872371,30.772911],[114.87077,30.795695],[114.874898,30.79876],[114.89363,30.797816],[114.896729,30.790146],[114.910426,30.786011],[114.920243,30.794104],[114.928794,30.795445],[114.947084,30.776869],[114.949966,30.778004],[114.952961,30.791122],[114.942596,30.798361],[114.941797,30.803666],[114.963464,30.813733],[114.966468,30.808238],[114.971606,30.809393],[114.976051,30.818314],[114.978794,30.818025],[114.979385,30.809957],[114.984514,30.811185],[114.985903,30.823996],[114.996719,30.832965],[114.987423,30.845968],[114.990999,30.857218],[114.997396,30.860532],[115.005279,30.854526],[115.005965,30.86096],[115.023881,30.860101],[115.026885,30.856984],[115.023117,30.852379],[115.029011,30.849087],[115.047536,30.855686],[115.050817,30.858011],[115.046398,30.862314],[115.046911,30.866172],[115.076129,30.880142],[115.073899,30.893117],[115.06527,30.89588],[115.076407,30.899009],[115.091069,30.881058],[115.097822,30.861372],[115.105304,30.857277],[115.118621,30.85596],[115.123446,30.850477],[115.127839,30.822531],[115.133993,30.815222],[115.154515,30.808195],[115.178716,30.811722],[115.189782,30.800461],[115.199179,30.801943],[115.210092,30.790062],[115.232906,30.784749],[115.219419,30.747081],[115.206138,30.737544],[115.193516,30.740987],[115.182917,30.749558],[115.173898,30.746527],[115.169288,30.721766],[115.155134,30.706636],[115.146074,30.683699],[115.146286,30.666175],[115.142493,30.651167],[115.12908,30.63818],[115.118481,30.636208],[115.10543,30.641528],[115.096338,30.64083],[115.083821,30.62353],[115.081064,30.614276],[115.075217,30.608687],[115.069847,30.608553],[115.064225,30.611903],[115.065303,30.622891],[115.058333,30.634274],[115.04539,30.646212],[115.041939,30.646212],[115.029672,30.627559],[115.025375,30.612054],[115.013261,30.611423],[115.014214,30.600216],[115.01061,30.592769],[114.996756,30.591671],[114.972699,30.572013],[114.957386,30.568211],[114.948636,30.560706],[114.934713,30.561334],[114.923905,30.566141],[114.914581,30.56533],[114.916143,30.582155],[114.913644,30.596641],[114.897121,30.598742],[114.889504,30.609244],[114.857182,30.593207],[114.839729,30.589466],[114.83301,30.57171],[114.82361,30.599048],[114.810094,30.61295],[114.803497,30.617796],[114.786535,30.619293],[114.797984,30.623951],[114.845919,30.630754],[114.854461,30.638927],[114.850164,30.645247],[114.843263,30.643054],[114.835095,30.66092],[114.824799,30.671367],[114.82026,30.672936],[114.818159,30.666961],[114.807256,30.66315],[114.800729,30.674756],[114.808012,30.687227],[114.790225,30.710723],[114.786198,30.721215]]]}},{"type":"Feature","properties":{"id":"cn:421122","name":"红安县","level":2},"geometry":{"type":"Polygon","coordinates":[[[114.396516,31.249348],[114.408825,31.263853],[114.437363,31.313313],[114.431715,31.340575],[114.435435,31.344059],[114.423511,31.354315],[114.4226,31.362997],[114.431358,31.383227],[114.444757,31.389404],[114.448807,31.400519],[114.444704,31.405774],[114.445414,31.41641],[114.453646,31.4119],[114.455261,31.414166],[114.456711,31.408389],[114.474718,31.408925],[114.477149,31.414506],[114.475343,31.437834],[114.484309,31.465862],[114.488789,31.467609],[114.49977,31.461767],[114.508172,31.465704],[114.509232,31.472385],[114.498328,31.501385],[114.497339,31.511899],[114.499613,31.521369],[114.505645,31.52633],[114.508475,31.538189],[114.515924,31.54391],[114.515611,31.560733],[114.519118,31.559935],[114.522547,31.552361],[114.539526,31.551764],[114.546462,31.55543],[114.553519,31.571097],[114.555872,31.563125],[114.568311,31.556168],[114.569787,31.561748],[114.583493,31.563303],[114.59049,31.578511],[114.604049,31.579449],[114.61108,31.587391],[114.636558,31.584343],[114.638867,31.577207],[114.647835,31.574875],[114.65174,31.565029],[114.668729,31.546711],[114.694563,31.548226],[114.69129,31.527936],[114.710423,31.530549],[114.716447,31.522534],[114.735536,31.529511],[114.743071,31.525945],[114.751682,31.529253],[114.765675,31.522584],[114.773531,31.522785],[114.769061,31.516168],[114.768505,31.504946],[114.778549,31.495778],[114.777716,31.48667],[114.784096,31.482603],[114.807734,31.48095],[114.821171,31.468851],[114.824601,31.461037],[114.813498,31.436413],[114.818125,31.404464],[114.81106,31.38494],[114.796737,31.37018],[114.794906,31.363983],[114.77126,31.345491],[114.76889,31.340665],[114.776226,31.297169],[114.800993,31.278083],[114.8016,31.268921],[114.783879,31.24834],[114.780988,31.238982],[114.760276,31.224635],[114.759894,31.207213],[114.741395,31.185083],[114.730006,31.160639],[114.73709,31.148529],[114.732246,31.144819],[114.736061,31.140945],[114.733711,31.133817],[114.746704,31.118006],[114.744086,31.109981],[114.758331,31.09648],[114.712757,31.075784],[114.687843,31.079729],[114.678375,31.065482],[114.683362,31.063796],[114.67967,31.055284],[114.682592,31.049435],[114.698146,31.040609],[114.69582,31.033027],[114.677322,31.015702],[114.681692,30.999281],[114.698641,30.987663],[114.700444,30.982949],[114.707243,30.983148],[114.704891,30.978128],[114.697235,30.976116],[114.698944,30.959621],[114.695915,30.955889],[114.706071,30.94348],[114.698163,30.942084],[114.69252,30.94514],[114.692729,30.954026],[114.689022,30.949979],[114.677434,30.951038],[114.669126,30.945812],[114.668328,30.940389],[114.660228,30.940441],[114.652224,30.934525],[114.643848,30.944846],[114.637825,30.935815],[114.621044,30.929792],[114.610844,30.92975],[114.609135,30.942561],[114.603475,30.946623],[114.598267,30.964007],[114.57114,30.972303],[114.554777,30.986576],[114.547513,31.000096],[114.537387,30.993265],[114.537347,31.000096],[114.5268,31.011262],[114.505359,31.016537],[114.494803,31.038655],[114.499492,31.047229],[114.510247,31.053074],[114.508285,31.057797],[114.510359,31.065932],[114.528815,31.096659],[114.52326,31.110493],[114.52931,31.119264],[114.522366,31.124603],[114.52043,31.137701],[114.514275,31.146345],[114.48819,31.151293],[114.483555,31.159677],[114.465734,31.172237],[114.456055,31.170594],[114.452531,31.178269],[114.453677,31.185089],[114.466776,31.185915],[114.466872,31.192995],[114.447171,31.197963],[114.445553,31.200888],[114.449479,31.206034],[114.429233,31.207997],[114.417314,31.214799],[114.400257,31.231511],[114.396516,31.249348]]]}},{"type":"Feature","properties":{"id":"cn:421123","name":"罗田县","level":2},"geometry":{"type":"Polygon","coordinates":[[[115.097822,30.861372],[115.10845,30.86779],[115.120815,30.882944],[115.140799,30.893182],[115.138577,30.911053],[115.142804,30.917946],[115.165426,30.922843],[115.179985,30.940461],[115.194909,30.921576],[115.202473,30.924598],[115.205694,30.934821],[115.202844,30.940168],[115.207023,30.942049],[115.210866,30.938746],[115.211266,30.944001],[115.22264,30.935653],[115.223785,30.916635],[115.238421,30.921954],[115.246274,30.919324],[115.253819,30.933922],[115.246563,30.949716],[115.257952,30.969002],[115.268881,30.968119],[115.282769,30.960137],[115.29237,30.95856],[115.328594,30.961404],[115.337353,30.975183],[115.355061,31.032066],[115.370434,31.06671],[115.399176,31.094629],[115.404295,31.106641],[115.404608,31.115212],[115.393095,31.111696],[115.385312,31.115188],[115.38477,31.118833],[115.410001,31.144714],[115.414757,31.16856],[115.406467,31.17244],[115.400313,31.179992],[115.428837,31.20663],[115.449922,31.218356],[115.470764,31.266719],[115.488593,31.267974],[115.495618,31.264458],[115.502222,31.270008],[115.520313,31.256655],[115.534418,31.23411],[115.533993,31.205904],[115.537204,31.189247],[115.554374,31.162608],[115.576501,31.14755],[115.588992,31.149453],[115.59559,31.16061],[115.598567,31.176041],[115.623889,31.186948],[115.638384,31.210439],[115.657838,31.212495],[115.707315,31.201217],[115.707597,31.186046],[115.726692,31.177877],[115.730906,31.15835],[115.743693,31.153568],[115.750519,31.144695],[115.758733,31.120355],[115.764766,31.115213],[115.773335,31.114491],[115.769819,31.089457],[115.76073,31.076168],[115.740173,31.067699],[115.731102,31.066098],[115.716432,31.069774],[115.706024,31.064507],[115.701475,31.048003],[115.69427,31.03838],[115.695859,31.033337],[115.711058,31.029897],[115.715858,31.025082],[115.709443,31.004913],[115.657439,30.965725],[115.615078,30.9444],[115.590304,30.91826],[115.580729,30.893956],[115.580469,30.879288],[115.545087,30.835022],[115.535529,30.810716],[115.535538,30.801548],[115.5398,30.798342],[115.552309,30.800189],[115.569323,30.813036],[115.579957,30.827254],[115.586346,30.82978],[115.597257,30.819703],[115.612556,30.813802],[115.612214,30.798095],[115.605391,30.785486],[115.608477,30.780957],[115.619192,30.77991],[115.608056,30.770792],[115.617665,30.766409],[115.627807,30.745867],[115.623161,30.739047],[115.623712,30.730485],[115.613199,30.730845],[115.607387,30.721597],[115.61697,30.707387],[115.616971,30.701888],[115.614045,30.696612],[115.59717,30.685323],[115.577109,30.677797],[115.577127,30.652125],[115.569045,30.646016],[115.558533,30.645692],[115.559072,30.629874],[115.549523,30.618865],[115.526684,30.620447],[115.507023,30.630512],[115.503298,30.62982],[115.493099,30.616046],[115.489271,30.59427],[115.456085,30.588322],[115.447205,30.590781],[115.442587,30.596517],[115.426623,30.597094],[115.428272,30.605138],[115.422098,30.615285],[115.423968,30.622077],[115.431361,30.620955],[115.426339,30.623837],[115.430571,30.632555],[115.414888,30.631323],[115.41362,30.634951],[115.417134,30.638748],[115.402056,30.655334],[115.381624,30.64383],[115.374192,30.642664],[115.368333,30.64655],[115.365105,30.663274],[115.361371,30.667624],[115.339332,30.662986],[115.313229,30.682632],[115.312144,30.690653],[115.335156,30.72762],[115.334575,30.745039],[115.35144,30.756773],[115.338742,30.770307],[115.328698,30.77295],[115.330771,30.790307],[115.321061,30.7932],[115.31567,30.800215],[115.322868,30.80772],[115.321332,30.809227],[115.300634,30.812452],[115.289315,30.806145],[115.287636,30.800212],[115.269482,30.805472],[115.255909,30.797945],[115.243741,30.795649],[115.232906,30.784749],[115.214637,30.788512],[115.199179,30.801943],[115.189782,30.800461],[115.178716,30.811722],[115.154515,30.808195],[115.137196,30.813169],[115.127839,30.822531],[115.126406,30.843156],[115.120756,30.853905],[115.097822,30.861372]]]}},{"type":"Feature","properties":{"id":"cn:421124","name":"英山县","level":2},"geometry":{"type":"Polygon","coordinates":[[[115.535268,30.806818],[115.547483,30.838922],[115.580469,30.879288],[115.584453,30.906109],[115.598559,30.929726],[115.615078,30.9444],[115.657439,30.965725],[115.709443,31.004913],[115.715858,31.025082],[115.711058,31.029897],[115.695859,31.033337],[115.69427,31.03838],[115.701475,31.048003],[115.706024,31.064507],[115.716432,31.069774],[115.731102,31.066098],[115.740173,31.067699],[115.76073,31.076168],[115.769819,31.089457],[115.773335,31.114491],[115.792631,31.130048],[115.80803,31.133139],[115.829802,31.128572],[115.852014,31.145561],[115.86205,31.149675],[115.868482,31.148898],[115.877588,31.138779],[115.881329,31.129691],[115.882379,31.111604],[115.890057,31.099856],[115.898876,31.090766],[115.904357,31.093179],[115.920696,31.079185],[115.934766,31.074031],[115.937172,31.063028],[115.933543,31.049656],[115.935513,31.046259],[115.941156,31.044775],[115.96053,31.048618],[115.978543,31.044181],[115.988882,31.03683],[116.001417,31.03686],[116.004837,31.019509],[116.009793,31.014109],[116.034099,31.016993],[116.053595,31.014812],[116.054976,30.997028],[116.066381,30.958775],[116.036547,30.960655],[116.029237,30.953306],[116.019472,30.955789],[116.004672,30.95193],[115.985115,30.937302],[115.971182,30.933812],[115.965479,30.922404],[115.931087,30.905322],[115.927362,30.891867],[115.915687,30.888311],[115.907771,30.890055],[115.880652,30.880325],[115.871868,30.871466],[115.860592,30.866703],[115.858816,30.857738],[115.846564,30.846635],[115.842067,30.83818],[115.843682,30.830999],[115.858708,30.818249],[115.860791,30.800734],[115.853005,30.789458],[115.855219,30.786036],[115.866693,30.783285],[115.865006,30.778881],[115.847033,30.768052],[115.846434,30.759194],[115.829524,30.758851],[115.817301,30.752807],[115.805279,30.761856],[115.78751,30.761655],[115.77974,30.757466],[115.760287,30.709914],[115.76211,30.696743],[115.757049,30.691474],[115.757249,30.68803],[115.767111,30.680261],[115.770088,30.67128],[115.759818,30.671516],[115.760322,30.660437],[115.755053,30.652197],[115.745669,30.65267],[115.713646,30.625324],[115.710712,30.60836],[115.699019,30.597362],[115.692622,30.554267],[115.68678,30.546016],[115.660765,30.535929],[115.627335,30.517354],[115.622822,30.527212],[115.620694,30.544173],[115.611407,30.558384],[115.615912,30.578101],[115.613794,30.581768],[115.598395,30.586117],[115.56112,30.585454],[115.553142,30.592582],[115.552691,30.605149],[115.548194,30.614507],[115.560139,30.633086],[115.558533,30.645692],[115.569045,30.646016],[115.577127,30.652125],[115.577109,30.677797],[115.59717,30.685323],[115.614045,30.696612],[115.616971,30.701888],[115.61697,30.707387],[115.607387,30.721597],[115.613199,30.730845],[115.623712,30.730485],[115.623161,30.739047],[115.627807,30.745867],[115.617665,30.766409],[115.608056,30.770792],[115.619192,30.77991],[115.608477,30.780957],[115.605391,30.785486],[115.612214,30.798095],[115.612556,30.813802],[115.597257,30.819703],[115.586346,30.82978],[115.579957,30.827254],[115.569323,30.813036],[115.552309,30.800189],[115.537144,30.799256],[115.535268,30.806818]]]}},{"type":"Feature","properties":{"id":"cn:421125","name":"浠水县","level":2},"geometry":{"type":"Polygon","coordinates":[[[114.995079,30.462406],[114.999029,30.487714],[115.021142,30.539685],[115.037429,30.545958],[115.04186,30.541616],[115.053409,30.539557],[115.058124,30.544658],[115.06232,30.555709],[115.058189,30.591963],[115.065414,30.6045],[115.077651,30.610206],[115.096338,30.64083],[115.10543,30.641528],[115.123675,30.636282],[115.142493,30.651167],[115.146286,30.666175],[115.146074,30.683699],[115.155134,30.706636],[115.169288,30.721766],[115.173898,30.746527],[115.182917,30.749558],[115.193516,30.740987],[115.206138,30.737544],[115.219419,30.747081],[115.234497,30.788948],[115.243741,30.795649],[115.255909,30.797945],[115.269482,30.805472],[115.287636,30.800212],[115.289315,30.806145],[115.300634,30.812452],[115.311302,30.812492],[115.322868,30.80772],[115.31567,30.800215],[115.321061,30.7932],[115.330771,30.790307],[115.328698,30.77295],[115.338742,30.770307],[115.35144,30.756773],[115.334575,30.745039],[115.335156,30.72762],[115.312144,30.690653],[115.313229,30.682632],[115.339332,30.662986],[115.361371,30.667624],[115.365105,30.663274],[115.368333,30.64655],[115.374192,30.642664],[115.381624,30.64383],[115.402056,30.655334],[115.417134,30.638748],[115.41362,30.634951],[115.414888,30.631323],[115.430571,30.632555],[115.426339,30.623837],[115.431361,30.620955],[115.423968,30.622077],[115.422098,30.615285],[115.428272,30.605138],[115.426623,30.597094],[115.442587,30.596517],[115.451372,30.589574],[115.489271,30.59427],[115.493099,30.616046],[115.503298,30.62982],[115.507023,30.630512],[115.526684,30.620447],[115.549523,30.618865],[115.553142,30.592582],[115.56112,30.585454],[115.598395,30.586117],[115.613794,30.581768],[115.615912,30.578101],[115.611407,30.558384],[115.620694,30.544173],[115.622822,30.527212],[115.627335,30.517354],[115.603368,30.516628],[115.589193,30.532874],[115.580374,30.510226],[115.58198,30.487533],[115.576784,30.482734],[115.564482,30.484905],[115.549866,30.474402],[115.536641,30.475117],[115.529479,30.478778],[115.511742,30.498774],[115.49841,30.495513],[115.496819,30.485895],[115.489065,30.480727],[115.48363,30.470711],[115.487419,30.467779],[115.473585,30.435608],[115.461987,30.396391],[115.449539,30.394535],[115.435755,30.402081],[115.429913,30.402068],[115.407202,30.389769],[115.393504,30.389977],[115.392128,30.382013],[115.370903,30.373524],[115.365393,30.35938],[115.357112,30.356954],[115.34995,30.345646],[115.321484,30.334202],[115.296994,30.341098],[115.283116,30.332842],[115.282686,30.329734],[115.254558,30.325376],[115.259063,30.31454],[115.26757,30.305163],[115.266259,30.301951],[115.240642,30.288114],[115.226048,30.256436],[115.21974,30.253902],[115.220685,30.246186],[115.210191,30.243208],[115.212292,30.231623],[115.204158,30.216003],[115.173863,30.22237],[115.142033,30.210502],[115.106983,30.216098],[115.089683,30.224347],[115.074732,30.242424],[115.073557,30.257292],[115.083178,30.298432],[115.072474,30.351247],[115.065573,30.369113],[115.050599,30.39106],[115.032967,30.403351],[115.011913,30.407147],[115.00072,30.43749],[115.004436,30.449599],[114.995079,30.462406]]]}},{"type":"Feature","properties":{"id":"cn:421126","name":"蕲春县","level":2},"geometry":{"type":"Polygon","coordinates":[[[115.204158,30.216003],[115.212292,30.231623],[115.210191,30.243208],[115.220685,30.246186],[115.21974,30.253902],[115.226048,30.256436],[115.240642,30.288114],[115.266259,30.301951],[115.26757,30.305163],[115.259063,30.31454],[115.254558,30.325376],[115.282686,30.329734],[115.283116,30.332842],[115.296994,30.341098],[115.321484,30.334202],[115.34995,30.345646],[115.357112,30.356954],[115.365393,30.35938],[115.370903,30.373524],[115.392128,30.382013],[115.393504,30.389977],[115.407202,30.389769],[115.429913,30.402068],[115.435755,30.402081],[115.449539,30.394535],[115.461987,30.396391],[115.473585,30.435608],[115.487419,30.467779],[115.48363,30.470711],[115.489065,30.480727],[115.496819,30.485895],[115.49841,30.495513],[115.50428,30.498653],[115.511742,30.498774],[115.529479,30.478778],[115.536641,30.475117],[115.549866,30.474402],[115.564482,30.484905],[115.576784,30.482734],[115.58198,30.487533],[115.580374,30.510226],[115.589193,30.532874],[115.603368,30.516628],[115.620435,30.515977],[115.632909,30.519191],[115.670053,30.540054],[115.683317,30.543034],[115.692622,30.554267],[115.699019,30.597362],[115.710712,30.60836],[115.713646,30.625324],[115.745669,30.65267],[115.755053,30.652197],[115.760322,30.660437],[115.759818,30.671516],[115.774914,30.670435],[115.78619,30.664693],[115.791798,30.661045],[115.795782,30.649901],[115.804705,30.645038],[115.810325,30.63762],[115.809767,30.627273],[115.802605,30.61802],[115.816147,30.598634],[115.818986,30.598634],[115.822944,30.608665],[115.843404,30.604475],[115.852223,30.592083],[115.871269,30.584956],[115.874038,30.580901],[115.870523,30.571987],[115.878126,30.562056],[115.881399,30.546353],[115.894472,30.540509],[115.905713,30.5218],[115.916425,30.520009],[115.904741,30.509404],[115.893118,30.484921],[115.895687,30.469485],[115.889064,30.462223],[115.88981,30.455403],[115.912068,30.445542],[115.917944,30.431256],[115.941148,30.427845],[115.933205,30.420449],[115.925983,30.42315],[115.919359,30.421597],[115.906322,30.403021],[115.895922,30.400522],[115.879915,30.382218],[115.891504,30.35937],[115.911123,30.339089],[115.909378,30.326966],[115.897762,30.316399],[115.899456,30.312765],[115.91693,30.303972],[115.913735,30.293835],[115.835332,30.26599],[115.829751,30.257973],[115.827051,30.23184],[115.822285,30.224739],[115.800845,30.218802],[115.780444,30.196582],[115.71391,30.184893],[115.707429,30.181128],[115.699754,30.183349],[115.694976,30.18009],[115.689738,30.184609],[115.663003,30.1865],[115.62151,30.213819],[115.602734,30.218856],[115.591892,30.216788],[115.579201,30.199355],[115.568897,30.198889],[115.545078,30.208959],[115.522882,30.200456],[115.50835,30.184388],[115.505451,30.176818],[115.509974,30.156191],[115.491614,30.12862],[115.497898,30.125753],[115.498655,30.113073],[115.495581,30.107159],[115.490897,30.105919],[115.489916,30.09623],[115.485411,30.091155],[115.489193,30.086925],[115.482335,30.074535],[115.478411,30.051834],[115.469461,30.035311],[115.470017,30.018118],[115.465807,30.008481],[115.454722,30.008924],[115.437804,30.020358],[115.426979,30.021486],[115.414323,30.014583],[115.403906,29.994154],[115.392734,29.992383],[115.384192,29.996168],[115.367066,29.987591],[115.356293,30.005324],[115.326424,30.028581],[115.321146,30.036144],[115.317257,30.048984],[115.314948,30.083544],[115.296137,30.119121],[115.263936,30.157669],[115.210721,30.205322],[115.204158,30.216003]]]}},{"type":"Feature","properties":{"id":"cn:421127","name":"黄梅县","level":2},"geometry":{"type":"Polygon","coordinates":[[[115.72073,29.825531],[115.735642,29.837749],[115.754473,29.835707],[115.756488,29.839095],[115.743758,29.845106],[115.727395,29.862684],[115.72105,29.877578],[115.723863,29.88478],[115.76219,29.88942],[115.762894,29.897841],[115.758388,29.911159],[115.773423,29.918256],[115.829385,29.979526],[115.814914,29.993123],[115.804178,30.009935],[115.793631,30.016365],[115.784656,30.015686],[115.778631,30.019547],[115.783134,30.028618],[115.7923,30.031586],[115.795573,30.037285],[115.791589,30.053058],[115.815115,30.070909],[115.821738,30.083054],[115.809467,30.094588],[115.801947,30.09362],[115.789802,30.099135],[115.768961,30.118871],[115.763432,30.13286],[115.760558,30.153956],[115.743402,30.17735],[115.743671,30.190418],[115.780444,30.196582],[115.800845,30.218802],[115.822285,30.224739],[115.827051,30.23184],[115.829751,30.257973],[115.835332,30.26599],[115.910289,30.290862],[115.91693,30.303972],[115.933718,30.309604],[115.948831,30.309006],[115.975888,30.298342],[115.980254,30.293616],[115.984725,30.265966],[115.989725,30.257587],[115.996462,30.253143],[116.007086,30.251986],[116.019473,30.244217],[116.026496,30.22946],[116.04288,30.225329],[116.047201,30.218585],[116.052746,30.217846],[116.060186,30.206991],[116.058632,30.195953],[116.050759,30.183411],[116.05148,30.172287],[116.065394,30.141062],[116.082555,30.128909],[116.079004,30.1163],[116.084206,30.108962],[116.077236,30.101695],[116.076114,30.092473],[116.079492,30.078293],[116.073519,30.064416],[116.086358,30.038534],[116.083702,30.029309],[116.073745,30.016497],[116.076296,29.984867],[116.068763,29.96572],[116.120542,29.903704],[116.126802,29.892478],[116.129336,29.879805],[116.126733,29.846615],[116.127792,29.838547],[116.131926,29.836172],[116.129953,29.821793],[116.101854,29.810632],[116.07198,29.789381],[116.044365,29.764318],[115.960845,29.727374],[115.927753,29.723844],[115.904937,29.726923],[115.832124,29.751179],[115.757375,29.795551],[115.72073,29.825531]]]}},{"type":"Feature","properties":{"id":"cn:421181","name":"麻城市","level":2},"geometry":{"type":"MultiPolygon","coordinates":[[[[114.972383,30.997439],[114.976269,31.001238],[114.980678,30.994149],[114.974203,30.992356],[114.972383,30.997439]]],[[[114.93232,31.004661],[114.926738,30.997254],[114.924542,30.998936],[114.915977,31.017081],[114.900578,31.008175],[114.878416,31.00888],[114.861333,30.994555],[114.850091,30.993747],[114.848207,30.989977],[114.850342,30.986577],[114.865421,30.982568],[114.865846,30.976648],[114.872539,30.968168],[114.858033,30.948667],[114.84851,30.947115],[114.837842,30.947177],[114.834978,30.952279],[114.820394,30.951153],[114.820273,30.95877],[114.811479,30.959629],[114.807556,30.968207],[114.79964,30.972503],[114.8045,30.981527],[114.801862,30.995904],[114.797764,30.996707],[114.790325,30.991199],[114.787651,30.992684],[114.794536,30.999257],[114.793198,31.003156],[114.773693,30.989405],[114.772678,30.980765],[114.762651,30.962735],[114.757651,30.969205],[114.76214,30.975023],[114.75931,30.984085],[114.764926,30.98787],[114.755447,30.989389],[114.754474,30.996564],[114.743164,30.995505],[114.7343,30.986203],[114.725229,30.982293],[114.715086,30.984743],[114.71062,30.980105],[114.706739,30.983332],[114.700444,30.982949],[114.698641,30.987663],[114.681692,30.999281],[114.677322,31.015702],[114.69582,31.033027],[114.698146,31.040609],[114.680421,31.053085],[114.683362,31.063796],[114.678249,31.064817],[114.680774,31.071768],[114.685981,31.074602],[114.687843,31.079729],[114.712757,31.075784],[114.758331,31.09648],[114.744086,31.109981],[114.746704,31.118006],[114.733711,31.133817],[114.736061,31.140945],[114.732246,31.144819],[114.73709,31.148529],[114.730006,31.160639],[114.741395,31.185083],[114.759894,31.207213],[114.760276,31.224635],[114.780988,31.238982],[114.783879,31.24834],[114.799403,31.263808],[114.802381,31.271675],[114.800993,31.278083],[114.776226,31.297169],[114.76889,31.340665],[114.77126,31.345491],[114.794906,31.363983],[114.796737,31.37018],[114.80948,31.381719],[114.818125,31.404464],[114.813498,31.436413],[114.820035,31.454451],[114.824601,31.461037],[114.836337,31.464108],[114.845486,31.478327],[114.868038,31.481202],[114.871633,31.472772],[114.87889,31.471463],[114.917527,31.483525],[114.932351,31.471976],[114.936925,31.481781],[114.958766,31.497503],[114.966934,31.49881],[114.97347,31.495216],[114.979096,31.480377],[114.992037,31.47335],[114.996673,31.487338],[115.005631,31.491489],[114.996673,31.50404],[115.006021,31.508094],[115.018904,31.530548],[115.023999,31.530349],[115.02531,31.524336],[115.032957,31.518976],[115.043418,31.519459],[115.047134,31.515378],[115.058806,31.515053],[115.060745,31.512387],[115.090625,31.510304],[115.093072,31.516065],[115.087203,31.520937],[115.096489,31.522439],[115.10885,31.532343],[115.099892,31.544502],[115.105447,31.554178],[115.098581,31.556432],[115.09734,31.56212],[115.101133,31.56931],[115.121662,31.580913],[115.119761,31.600948],[115.143363,31.606242],[115.168199,31.603857],[115.17134,31.600785],[115.173762,31.58114],[115.186636,31.573262],[115.187486,31.566008],[115.2018,31.566203],[115.210108,31.556658],[115.230498,31.557477],[115.225923,31.55022],[115.225142,31.540252],[115.213372,31.51953],[115.213571,31.506555],[115.206836,31.494396],[115.213111,31.473575],[115.205073,31.44746],[115.216774,31.427295],[115.230438,31.428731],[115.247164,31.423731],[115.252788,31.41714],[115.253771,31.408173],[115.245073,31.393825],[115.257564,31.389838],[115.272789,31.401046],[115.280116,31.401439],[115.288614,31.39706],[115.295671,31.386079],[115.301748,31.384377],[115.321686,31.393105],[115.331816,31.405917],[115.347311,31.401536],[115.368031,31.407649],[115.387189,31.39173],[115.37758,31.377512],[115.369993,31.373984],[115.377641,31.360255],[115.366469,31.351202],[115.393465,31.34486],[115.400322,31.3395],[115.416338,31.352477],[115.41889,31.348881],[115.4283,31.351299],[115.436441,31.348015],[115.444028,31.317781],[115.448342,31.315821],[115.4554,31.320003],[115.458083,31.317127],[115.451276,31.284901],[115.470764,31.266719],[115.449922,31.218356],[115.428837,31.20663],[115.400313,31.179992],[115.406467,31.17244],[115.414757,31.16856],[115.410001,31.144714],[115.38477,31.118833],[115.385312,31.115188],[115.393095,31.111696],[115.404608,31.115212],[115.404295,31.106641],[115.399176,31.094629],[115.370434,31.06671],[115.355061,31.032066],[115.337353,30.975183],[115.331519,30.965768],[115.325678,30.959566],[115.29237,30.95856],[115.282769,30.960137],[115.268881,30.968119],[115.257952,30.969002],[115.246563,30.949716],[115.253819,30.933922],[115.246274,30.919324],[115.238421,30.921954],[115.223785,30.916635],[115.22264,30.935653],[115.211266,30.944001],[115.210866,30.938746],[115.207023,30.942049],[115.202844,30.940168],[115.205694,30.934821],[115.202473,30.924598],[115.194909,30.921576],[115.179985,30.940461],[115.165426,30.922843],[115.142804,30.917946],[115.138577,30.911053],[115.140799,30.893182],[115.120815,30.882944],[115.10845,30.86779],[115.097822,30.861372],[115.091069,30.881058],[115.076407,30.899009],[115.063048,30.895578],[115.052657,30.897748],[115.048369,30.902427],[115.052796,30.902744],[115.054125,30.906884],[115.049958,30.910352],[115.039332,30.91344],[115.034358,30.910438],[115.022857,30.918812],[115.03047,30.929122],[115.021989,30.932158],[115.018204,30.928308],[115.004203,30.928367],[114.982823,30.948501],[114.981772,30.959878],[114.992224,30.968033],[114.98931,30.971627],[114.9842,30.969762],[114.97718,30.97484],[114.978587,30.981991],[114.986903,30.986794],[114.984003,30.990221],[114.985974,30.997244],[114.978873,31.0001],[114.980202,31.019925],[114.975436,31.027506],[114.969698,31.028641],[114.966391,31.023476],[114.972676,31.008454],[114.960861,30.98873],[114.950219,30.990907],[114.952172,31.002384],[114.938179,30.995941],[114.93232,31.004661]],[[114.924259,31.026775],[114.93139,31.025657],[114.932389,31.021894],[114.942537,31.025243],[114.939429,31.029732],[114.940887,31.039287],[114.932823,31.036593],[114.928379,31.039509],[114.926921,31.035566],[114.921746,31.035597],[114.924259,31.026775]]]]}},{"type":"Feature","properties":{"id":"cn:421182","name":"武穴市","level":2},"geometry":{"type":"Polygon","coordinates":[[[115.367066,29.987591],[115.384192,29.996168],[115.392734,29.992383],[115.403906,29.994154],[115.414323,30.014583],[115.426979,30.021486],[115.437804,30.020358],[115.454722,30.008924],[115.467908,30.009862],[115.469461,30.035311],[115.478411,30.051834],[115.482335,30.074535],[115.489193,30.086925],[115.485411,30.091155],[115.489916,30.09623],[115.490897,30.105919],[115.495581,30.107159],[115.498655,30.113073],[115.497898,30.125753],[115.491614,30.12862],[115.509974,30.156191],[115.505199,30.172005],[115.507031,30.181407],[115.519704,30.198157],[115.539531,30.208954],[115.574973,30.198663],[115.579201,30.199355],[115.591892,30.216788],[115.602734,30.218856],[115.62151,30.213819],[115.666311,30.185205],[115.689738,30.184609],[115.69663,30.180087],[115.699754,30.183349],[115.707429,30.181128],[115.71391,30.184893],[115.743671,30.190418],[115.743402,30.17735],[115.760558,30.153956],[115.763432,30.13286],[115.768961,30.118871],[115.789802,30.099135],[115.801947,30.09362],[115.809467,30.094588],[115.821738,30.083054],[115.815115,30.070909],[115.791589,30.053058],[115.795573,30.037285],[115.7923,30.031586],[115.783134,30.028618],[115.778631,30.019547],[115.784656,30.015686],[115.793631,30.016365],[115.804178,30.009935],[115.814914,29.993123],[115.829385,29.979526],[115.773423,29.918256],[115.758388,29.911159],[115.762894,29.897841],[115.76219,29.88942],[115.723863,29.88478],[115.72105,29.877578],[115.727395,29.862684],[115.743758,29.845106],[115.756488,29.839095],[115.754473,29.835707],[115.735642,29.837749],[115.72073,29.825531],[115.701062,29.840442],[115.677903,29.850395],[115.662774,29.852835],[115.606605,29.84429],[115.544896,29.840588],[115.523907,29.840625],[115.482665,29.847489],[115.447986,29.867469],[115.437778,29.880269],[115.428629,29.899776],[115.403194,29.919275],[115.401216,29.925894],[115.405513,29.944143],[115.403499,29.952686],[115.37967,29.967784],[115.367066,29.987591]]]}},{"type":"Feature","properties":{"id":"cn:4212","name":"咸宁市","level":1},"geometry":{"type":"Polygon","coordinates":[[[113.552813,29.729764],[113.554949,29.747056],[113.548685,29.76125],[113.550245,29.76636],[113.54516,29.769964],[113.554386,29.785862],[113.562475,29.789688],[113.556258,29.794292],[113.564615,29.808337],[113.570043,29.810709],[113.559639,29.814275],[113.571618,29.821289],[113.570515,29.828172],[113.575671,29.836157],[113.565903,29.851652],[113.600235,29.871999],[113.634602,29.907112],[113.664419,29.921001],[113.690453,29.92657],[113.735374,29.922424],[113.79448,29.926897],[113.8104,29.931912],[113.828942,29.944562],[113.884324,30.014731],[113.897255,30.025811],[113.912331,30.033184],[114.040817,30.074273],[114.078551,30.095647],[114.086181,30.113367],[114.081164,30.126344],[114.049654,30.141828],[113.963394,30.203113],[113.938004,30.20636],[113.888508,30.188466],[113.868524,30.189067],[113.860738,30.192375],[113.857987,30.202694],[113.861772,30.212229],[113.906563,30.27753],[113.924002,30.29191],[113.948134,30.29916],[113.963074,30.299316],[113.980981,30.291198],[114.00889,30.269783],[114.029957,30.227833],[114.042822,30.222084],[114.039072,30.212594],[114.034072,30.21413],[114.031077,30.210699],[114.034524,30.19869],[114.043013,30.200617],[114.050339,30.207767],[114.072041,30.210973],[114.10034,30.204712],[114.109584,30.196794],[114.123734,30.171087],[114.147258,30.143657],[114.149281,30.13019],[114.144871,30.119585],[114.156642,30.112449],[114.160209,30.095028],[114.18836,30.088193],[114.191885,30.073595],[114.190861,30.047771],[114.20692,30.029018],[114.206703,30.005765],[114.233057,29.998369],[114.260053,30.002015],[114.292554,30.008938],[114.319543,30.019965],[114.329047,30.029884],[114.341677,30.028684],[114.356504,30.035411],[114.367033,30.030429],[114.401043,30.023298],[114.431504,30.008047],[114.445592,30.007245],[114.455697,29.998014],[114.472064,29.992755],[114.476508,29.987987],[114.47441,29.984996],[114.480229,29.987006],[114.476203,29.994521],[114.482702,29.996624],[114.492675,29.994216],[114.492172,29.986223],[114.498665,29.986473],[114.509967,29.977274],[114.520011,29.978368],[114.528639,29.967467],[114.544429,29.962189],[114.547799,29.955345],[114.535696,29.950917],[114.532996,29.942107],[114.55054,29.949092],[114.555627,29.946154],[114.555862,29.939407],[114.561261,29.937582],[114.59166,29.943018],[114.600549,29.937702],[114.599438,29.92881],[114.602849,29.926827],[114.6431,29.914245],[114.660558,29.912974],[114.662945,29.906822],[114.698579,29.89579],[114.719221,29.897259],[114.707668,29.843242],[114.728943,29.839948],[114.727988,29.812326],[114.731565,29.802601],[114.718232,29.766526],[114.719811,29.759857],[114.739942,29.743743],[114.751565,29.746918],[114.778058,29.738157],[114.784091,29.738138],[114.786052,29.741571],[114.807746,29.741521],[114.830602,29.735587],[114.840489,29.711536],[114.840333,29.701654],[114.86462,29.697923],[114.877477,29.677205],[114.880333,29.656847],[114.890732,29.643589],[114.886843,29.625612],[114.888276,29.617196],[114.901842,29.603069],[114.901156,29.588587],[114.904294,29.585737],[114.910653,29.588423],[114.932006,29.585485],[114.930817,29.564392],[114.95185,29.556294],[114.948594,29.549151],[114.942805,29.545656],[114.942882,29.529465],[114.961616,29.52494],[114.964159,29.521843],[114.95257,29.503269],[114.935132,29.496912],[114.92765,29.502557],[114.918391,29.503926],[114.921822,29.519575],[114.920225,29.52461],[114.916085,29.523021],[114.912098,29.512007],[114.895045,29.508895],[114.899421,29.520205],[114.903383,29.522809],[114.898449,29.531383],[114.893412,29.531733],[114.880097,29.497872],[114.871998,29.494381],[114.866842,29.485331],[114.855488,29.478823],[114.859854,29.472631],[114.866521,29.475093],[114.871286,29.471043],[114.87922,29.440603],[114.883587,29.438936],[114.913074,29.457308],[114.912137,29.461409],[114.899793,29.467929],[114.900288,29.475741],[114.918222,29.487736],[114.930782,29.489248],[114.933557,29.483548],[114.929891,29.478139],[114.933061,29.472473],[114.930343,29.469247],[114.937078,29.471612],[114.942519,29.467417],[114.941541,29.46484],[114.937899,29.465795],[114.935635,29.458195],[114.926148,29.448794],[114.922224,29.449015],[114.927223,29.437611],[114.926195,29.425874],[114.921695,29.418996],[114.905618,29.42369],[114.889884,29.399879],[114.8789,29.395823],[114.871998,29.394444],[114.870965,29.404526],[114.861286,29.407384],[114.826529,29.399467],[114.803457,29.38501],[114.77942,29.388873],[114.7637,29.381514],[114.754837,29.365828],[114.735548,29.36948],[114.735557,29.389142],[114.72764,29.396929],[114.70521,29.399676],[114.683882,29.39466],[114.673456,29.399153],[114.649873,29.391244],[114.643479,29.384882],[114.616877,29.382929],[114.584663,29.355527],[114.551694,29.346905],[114.51449,29.328166],[114.497337,29.326499],[114.488058,29.330308],[114.453925,29.327292],[114.449745,29.332489],[114.450502,29.338392],[114.445721,29.337237],[114.437537,29.342274],[114.444941,29.345953],[114.439279,29.351699],[114.434607,29.34415],[114.423329,29.340389],[114.39344,29.339438],[114.366921,29.324356],[114.359143,29.327213],[114.347875,29.325944],[114.336287,29.330388],[114.318388,29.360427],[114.305446,29.368166],[114.268179,29.355942],[114.253657,29.346656],[114.256669,29.321359],[114.245784,29.309657],[114.246348,29.304392],[114.253753,29.299462],[114.255879,29.293835],[114.248337,29.284423],[114.247858,29.272259],[114.241035,29.269084],[114.247859,29.253089],[114.24699,29.237611],[114.236036,29.23507],[114.222694,29.239317],[114.19706,29.226697],[114.186982,29.226656],[114.174274,29.217371],[114.159751,29.219831],[114.118553,29.213995],[114.087677,29.214354],[114.057635,29.207589],[114.054224,29.188856],[114.049302,29.180759],[114.035551,29.173186],[114.032331,29.157864],[113.981784,29.129158],[113.967947,29.105139],[113.95668,29.104851],[113.950205,29.101176],[113.946238,29.090201],[113.946524,29.067339],[113.936723,29.050424],[113.912791,29.041453],[113.90635,29.033876],[113.890014,29.032619],[113.876116,29.036691],[113.871212,29.041311],[113.869493,29.056224],[113.876472,29.068543],[113.863243,29.06887],[113.847166,29.061756],[113.826064,29.072346],[113.831559,29.092454],[113.819927,29.106376],[113.810431,29.108268],[113.786897,29.099952],[113.782904,29.101769],[113.767539,29.097036],[113.760821,29.092152],[113.75872,29.081141],[113.739388,29.06131],[113.734501,29.061655],[113.728547,29.067413],[113.720578,29.086571],[113.726445,29.107981],[113.717106,29.107627],[113.708347,29.100727],[113.701533,29.08673],[113.694165,29.082059],[113.684979,29.080927],[113.680022,29.085284],[113.68497,29.117493],[113.678989,29.124908],[113.679128,29.134021],[113.664753,29.141862],[113.662409,29.14673],[113.66483,29.158472],[113.657583,29.162544],[113.656446,29.170249],[113.666341,29.182402],[113.675934,29.186533],[113.686063,29.199709],[113.687339,29.229138],[113.684466,29.233674],[113.676263,29.236846],[113.660203,29.235155],[113.655864,29.227749],[113.647763,29.227326],[113.629709,29.253566],[113.602574,29.255502],[113.601002,29.268779],[113.608103,29.275405],[113.627486,29.321283],[113.637869,29.32976],[113.655446,29.336303],[113.660369,29.349888],[113.656757,29.356046],[113.655377,29.371036],[113.662061,29.384522],[113.668918,29.390723],[113.684649,29.396595],[113.70772,29.396249],[113.715897,29.392373],[113.723519,29.395402],[113.736054,29.415554],[113.731288,29.428935],[113.747833,29.442871],[113.749231,29.450242],[113.734847,29.46803],[113.736826,29.470676],[113.718143,29.47622],[113.712848,29.482652],[113.701241,29.48868],[113.683207,29.512291],[113.672956,29.516431],[113.667431,29.513105],[113.666062,29.515207],[113.637828,29.510637],[113.628905,29.513539],[113.625364,29.525473],[113.649137,29.533782],[113.650227,29.539364],[113.663745,29.538454],[113.675197,29.54207],[113.673591,29.548803],[113.675966,29.551322],[113.685952,29.55047],[113.695622,29.558201],[113.697236,29.555611],[113.702985,29.556556],[113.705382,29.571815],[113.730689,29.57947],[113.735483,29.593849],[113.722883,29.600857],[113.716248,29.614416],[113.70273,29.611616],[113.698154,29.621928],[113.697998,29.637152],[113.687,29.636011],[113.68982,29.640976],[113.682434,29.643493],[113.673155,29.637704],[113.666193,29.641209],[113.666405,29.643843],[113.675119,29.645243],[113.661516,29.666584],[113.663442,29.673143],[113.657703,29.680299],[113.657711,29.687184],[113.646138,29.686178],[113.639795,29.678803],[113.64074,29.675146],[113.631564,29.67239],[113.607759,29.673659],[113.602921,29.66944],[113.578482,29.676804],[113.541503,29.678072],[113.532718,29.686324],[113.534446,29.702323],[113.552813,29.729764]],[[113.934168,30.032527],[113.899914,30.020623],[113.885062,30.001548],[113.891877,30.002183],[113.934168,30.032527]]]}},{"type":"Feature","properties":{"id":"cn:421202","name":"咸安区","level":2},"geometry":{"type":"Polygon","coordinates":[[[114.109272,29.971063],[114.146346,29.969645],[114.155731,29.974877],[114.170991,29.970572],[114.189098,29.985403],[114.199665,30.002726],[114.204142,30.004892],[114.233057,29.998369],[114.260053,30.002015],[114.292554,30.008938],[114.319543,30.019965],[114.329047,30.029884],[114.341677,30.028684],[114.356504,30.035411],[114.367033,30.030429],[114.401043,30.023298],[114.431504,30.008047],[114.445592,30.007245],[114.455697,29.998014],[114.472064,29.992755],[114.476508,29.987987],[114.47441,29.984996],[114.480229,29.987006],[114.476203,29.994521],[114.482702,29.996624],[114.492675,29.994216],[114.492172,29.986223],[114.498665,29.986473],[114.509967,29.977274],[114.520011,29.978368],[114.528639,29.967467],[114.544429,29.962189],[114.547799,29.955345],[114.535696,29.950917],[114.532996,29.942107],[114.55054,29.949092],[114.555627,29.946154],[114.555862,29.939407],[114.561261,29.937582],[114.59166,29.943018],[114.600549,29.937702],[114.599915,29.927938],[114.6431,29.914245],[114.660558,29.912974],[114.662945,29.906822],[114.698579,29.89579],[114.719221,29.897259],[114.718665,29.890035],[114.707668,29.843242],[114.686321,29.847569],[114.674012,29.843838],[114.660124,29.848044],[114.650437,29.847172],[114.647024,29.830781],[114.642737,29.82967],[114.640124,29.812841],[114.636703,29.808079],[114.584342,29.805514],[114.584811,29.793765],[114.594577,29.789281],[114.604898,29.77801],[114.60442,29.773801],[114.597277,29.767532],[114.558066,29.753203],[114.534811,29.753522],[114.509568,29.736811],[114.495593,29.723518],[114.490748,29.711134],[114.47837,29.712007],[114.445748,29.698474],[114.421373,29.695774],[114.420028,29.685693],[114.414472,29.682638],[114.404073,29.66438],[114.397007,29.660054],[114.386131,29.663945],[114.366286,29.658706],[114.365019,29.676486],[114.372242,29.6822],[114.369229,29.687438],[114.346443,29.679463],[114.333821,29.671367],[114.313743,29.673152],[114.305245,29.662595],[114.30041,29.661006],[114.27659,29.659261],[114.271278,29.662912],[114.244846,29.662872],[114.239289,29.670731],[114.225158,29.673708],[114.221903,29.690138],[114.228492,29.710776],[114.224681,29.717562],[114.219637,29.716054],[114.215314,29.721531],[114.209047,29.722206],[114.192493,29.71659],[114.174872,29.714864],[114.17245,29.718792],[114.152848,29.726632],[114.152007,29.733141],[114.156972,29.737547],[114.15606,29.748242],[114.167849,29.752966],[114.164666,29.766659],[114.17126,29.774083],[114.167349,29.799028],[114.156183,29.81104],[114.166045,29.822032],[114.161163,29.832009],[114.165879,29.834741],[114.170164,29.833118],[114.173164,29.838869],[114.167302,29.843618],[114.170645,29.850623],[114.168967,29.852759],[114.174016,29.85434],[114.169367,29.857912],[114.172217,29.864802],[114.167903,29.871876],[114.162591,29.870566],[114.161618,29.880263],[114.143144,29.892375],[114.141555,29.91974],[114.129888,29.927996],[114.11758,29.954547],[114.110678,29.961772],[114.109272,29.971063]]]}},{"type":"Feature","properties":{"id":"cn:421221","name":"嘉鱼县","level":2},"geometry":{"type":"Polygon","coordinates":[[[113.897255,30.025811],[114.040817,30.074273],[114.078551,30.095647],[114.086181,30.113367],[114.081164,30.126344],[114.049654,30.141828],[113.963394,30.203113],[113.938004,30.20636],[113.888508,30.188466],[113.868524,30.189067],[113.860738,30.192375],[113.857987,30.202694],[113.861772,30.212229],[113.906563,30.27753],[113.924002,30.29191],[113.948134,30.29916],[113.963074,30.299316],[113.980981,30.291198],[114.00889,30.269783],[114.029957,30.227833],[114.042822,30.222084],[114.039072,30.212594],[114.034072,30.21413],[114.031077,30.210699],[114.034524,30.19869],[114.043013,30.200617],[114.050339,30.207767],[114.072041,30.210973],[114.10034,30.204712],[114.109584,30.196794],[114.123734,30.171087],[114.147258,30.143657],[114.149281,30.13019],[114.144871,30.119585],[114.156642,30.112449],[114.160209,30.095028],[114.18836,30.088193],[114.191885,30.073595],[114.190861,30.047771],[114.205548,30.031459],[114.208699,30.020735],[114.206703,30.005765],[114.199665,30.002726],[114.189098,29.985403],[114.170991,29.970572],[114.155731,29.974877],[114.146346,29.969645],[114.109272,29.971063],[114.104255,29.983821],[114.095097,29.988673],[114.071651,29.989218],[114.063473,29.984966],[114.053004,29.944782],[114.040904,29.921227],[114.044931,29.908959],[114.042484,29.903072],[114.035669,29.902089],[114.019853,29.910676],[114.011893,29.905498],[114.012006,29.901353],[114.003717,29.896555],[113.997935,29.897536],[113.991173,29.890803],[113.964732,29.898598],[113.961676,29.894838],[113.964298,29.87829],[113.961572,29.873817],[113.942379,29.871337],[113.929723,29.877989],[113.911737,29.865721],[113.911356,29.858061],[113.924819,29.844758],[113.924602,29.841567],[113.916208,29.837916],[113.921277,29.829028],[113.916147,29.827174],[113.904923,29.830609],[113.878039,29.809862],[113.867953,29.804818],[113.857814,29.805802],[113.842814,29.800157],[113.839324,29.793779],[113.825148,29.79236],[113.823022,29.801466],[113.819862,29.802258],[113.809341,29.792279],[113.800617,29.792496],[113.788187,29.804738],[113.784532,29.816787],[113.766207,29.818124],[113.76218,29.822158],[113.745495,29.815942],[113.734801,29.806373],[113.710652,29.827338],[113.707814,29.838625],[113.670357,29.854245],[113.66567,29.858824],[113.658907,29.880988],[113.66218,29.890693],[113.655418,29.900699],[113.656459,29.90446],[113.666164,29.910732],[113.664419,29.921001],[113.690453,29.92657],[113.718803,29.922643],[113.775947,29.924933],[113.8104,29.931912],[113.828942,29.944562],[113.884324,30.014731],[113.897255,30.025811]],[[113.934168,30.032527],[113.899914,30.020623],[113.885062,30.001548],[113.891877,30.002183],[113.934168,30.032527]]]}},{"type":"Feature","properties":{"id":"cn:421222","name":"通城县","level":2},"geometry":{"type":"Polygon","coordinates":[[[113.604119,29.254494],[113.601384,29.270605],[113.608103,29.275405],[113.627486,29.321283],[113.637869,29.32976],[113.655446,29.336303],[113.660369,29.349888],[113.656757,29.356046],[113.655377,29.371036],[113.65871,29.379671],[113.666792,29.389397],[113.684649,29.396595],[113.70772,29.396249],[113.717599,29.392331],[113.726193,29.397496],[113.734847,29.384875],[113.757156,29.366064],[113.775412,29.358126],[113.778345,29.349712],[113.77628,29.339352],[113.778268,29.331416],[113.795725,29.319712],[113.799651,29.321147],[113.802582,29.314891],[113.797443,29.307726],[113.800707,29.29917],[113.827889,29.300837],[113.829262,29.296793],[113.861402,29.288795],[113.86852,29.290417],[113.878841,29.302562],[113.881063,29.3207],[113.899475,29.327131],[113.897174,29.339749],[113.904552,29.345187],[113.887009,29.356379],[113.889631,29.365904],[113.894709,29.369081],[113.909318,29.370192],[113.922816,29.362173],[113.938849,29.369715],[113.939483,29.378645],[113.947027,29.382773],[113.967426,29.381087],[113.98036,29.386047],[113.988415,29.382831],[114.00378,29.387733],[114.013814,29.385034],[114.018424,29.378506],[114.03009,29.374736],[114.042668,29.382633],[114.052556,29.368523],[114.052834,29.360766],[114.047235,29.352668],[114.055889,29.343202],[114.036046,29.340505],[114.013537,29.328697],[114.009015,29.315441],[114.011393,29.310917],[114.009014,29.294087],[114.020846,29.280377],[114.039813,29.28113],[114.03997,29.262458],[114.036723,29.25432],[114.039657,29.241701],[114.045056,29.226777],[114.058867,29.217847],[114.062079,29.208277],[114.056445,29.206636],[114.055413,29.193617],[114.050648,29.182504],[114.035551,29.173186],[114.032331,29.157864],[113.981784,29.129158],[113.967947,29.105139],[113.95668,29.104851],[113.950205,29.101176],[113.946238,29.090201],[113.946524,29.067339],[113.936723,29.050424],[113.912791,29.041453],[113.90635,29.033876],[113.890014,29.032619],[113.876116,29.036691],[113.871212,29.041311],[113.869493,29.056224],[113.876472,29.068543],[113.863243,29.06887],[113.847166,29.061756],[113.826064,29.072346],[113.831559,29.092454],[113.819927,29.106376],[113.810431,29.108268],[113.786897,29.099952],[113.782904,29.101769],[113.767539,29.097036],[113.760821,29.092152],[113.75872,29.081141],[113.739388,29.06131],[113.734501,29.061655],[113.728547,29.067413],[113.720578,29.086571],[113.727192,29.104639],[113.724779,29.108595],[113.717106,29.107627],[113.708347,29.100727],[113.700725,29.085834],[113.690707,29.080623],[113.683304,29.081482],[113.679831,29.089817],[113.68497,29.117493],[113.678989,29.124908],[113.679128,29.134021],[113.664753,29.141862],[113.662409,29.14673],[113.66483,29.158472],[113.657583,29.162544],[113.656446,29.170249],[113.666341,29.182402],[113.675934,29.186533],[113.686063,29.199709],[113.687339,29.229138],[113.684466,29.233674],[113.676263,29.236846],[113.660203,29.235155],[113.655864,29.227749],[113.647763,29.227326],[113.629709,29.253566],[113.604119,29.254494]]]}},{"type":"Feature","properties":{"id":"cn:421223","name":"崇阳县","level":2},"geometry":{"type":"Polygon","coordinates":[[[113.726193,29.397496],[113.736054,29.415554],[113.731288,29.428935],[113.749317,29.445986],[113.749231,29.450242],[113.734872,29.468948],[113.747972,29.48374],[113.74331,29.49801],[113.763866,29.51087],[113.765064,29.537264],[113.786652,29.543295],[113.843483,29.55048],[113.843719,29.557386],[113.832372,29.57207],[113.829428,29.593541],[113.846737,29.599335],[113.869992,29.614298],[113.902458,29.616123],[113.916035,29.612629],[113.940001,29.621639],[113.951277,29.646483],[113.968821,29.65105],[113.979611,29.659144],[113.988664,29.658291],[113.99771,29.642119],[114.007631,29.637],[114.014819,29.641761],[114.023109,29.637653],[114.044385,29.641523],[114.05534,29.634976],[114.079594,29.640114],[114.088317,29.646228],[114.110427,29.652397],[114.163057,29.650592],[114.166147,29.653053],[114.164802,29.661389],[114.171313,29.67008],[114.188214,29.668888],[114.225158,29.673708],[114.239289,29.670731],[114.24278,29.663189],[114.271278,29.662912],[114.280401,29.659339],[114.3035,29.661723],[114.313743,29.673152],[114.329854,29.670492],[114.346443,29.679463],[114.343387,29.649813],[114.335957,29.634833],[114.324819,29.622109],[114.301381,29.604669],[114.291287,29.573149],[114.272146,29.550477],[114.272442,29.51511],[114.266391,29.510152],[114.243614,29.502611],[114.239247,29.495705],[114.252979,29.49126],[114.26679,29.470026],[114.285766,29.465184],[114.317832,29.446888],[114.324343,29.432203],[114.344186,29.410334],[114.348232,29.389578],[114.329899,29.371997],[114.309421,29.364852],[114.301522,29.367927],[114.268179,29.355942],[114.253657,29.346656],[114.256669,29.321359],[114.246608,29.313093],[114.245567,29.306113],[114.255879,29.293835],[114.248337,29.284423],[114.247858,29.272259],[114.241035,29.269084],[114.247859,29.253089],[114.24699,29.237611],[114.236036,29.23507],[114.222694,29.239317],[114.19706,29.226697],[114.186982,29.226656],[114.174274,29.217371],[114.159751,29.219831],[114.118553,29.213995],[114.087677,29.214354],[114.062079,29.208277],[114.058867,29.217847],[114.045056,29.226777],[114.039657,29.241701],[114.036723,29.25432],[114.03997,29.262458],[114.039813,29.28113],[114.020846,29.280377],[114.009014,29.294087],[114.011393,29.310917],[114.009015,29.315441],[114.013537,29.328697],[114.036046,29.340505],[114.055889,29.343202],[114.047235,29.352668],[114.053111,29.364931],[114.042668,29.382633],[114.03009,29.374736],[114.018424,29.378506],[114.013814,29.385034],[114.00378,29.387733],[113.988415,29.382831],[113.98036,29.386047],[113.967426,29.381087],[113.947027,29.382773],[113.939483,29.378645],[113.938849,29.369715],[113.922816,29.362173],[113.917729,29.363365],[113.913528,29.369557],[113.894709,29.369081],[113.889631,29.365904],[113.887009,29.356379],[113.904552,29.345187],[113.897174,29.339749],[113.899475,29.327131],[113.881063,29.3207],[113.878841,29.302562],[113.86852,29.290417],[113.861402,29.288795],[113.829262,29.296793],[113.827889,29.300837],[113.800707,29.29917],[113.797443,29.307726],[113.802582,29.314891],[113.799651,29.321147],[113.795725,29.319712],[113.778268,29.331416],[113.77628,29.339352],[113.778345,29.349712],[113.775412,29.358126],[113.757156,29.366064],[113.734847,29.384875],[113.726193,29.397496]]]}},{"type":"Feature","properties":{"id":"cn:421224","name":"通山县","level":2},"geometry":{"type":"Polygon","coordinates":[[[114.239247,29.495705],[114.243614,29.502611],[114.266391,29.510152],[114.272442,29.51511],[114.272146,29.550477],[114.291287,29.573149],[114.301381,29.604669],[114.324819,29.622109],[114.335957,29.634833],[114.343387,29.649813],[114.346443,29.679463],[114.369229,29.687438],[114.372242,29.6822],[114.365019,29.676486],[114.366286,29.658706],[114.386131,29.663945],[114.397007,29.660054],[114.404073,29.66438],[114.414472,29.682638],[114.420028,29.685693],[114.421373,29.695774],[114.445748,29.698474],[114.47837,29.712007],[114.490748,29.711134],[114.495593,29.723518],[114.509568,29.736811],[114.534811,29.753522],[114.558066,29.753203],[114.593865,29.765388],[114.60442,29.773801],[114.604898,29.77801],[114.594577,29.789281],[114.584811,29.793765],[114.584342,29.805514],[114.636703,29.808079],[114.640124,29.812841],[114.642737,29.82967],[114.647024,29.830781],[114.649412,29.845902],[114.65488,29.848044],[114.674012,29.843838],[114.686321,29.847569],[114.710531,29.840781],[114.728943,29.839948],[114.727988,29.812326],[114.731408,29.799903],[114.718232,29.763825],[114.722432,29.756999],[114.738787,29.744299],[114.751565,29.746918],[114.778058,29.738157],[114.784091,29.738138],[114.786052,29.741571],[114.807746,29.741521],[114.830602,29.735587],[114.840489,29.711536],[114.840333,29.701654],[114.86462,29.697923],[114.877477,29.677205],[114.880333,29.656847],[114.890732,29.643589],[114.886843,29.625612],[114.888276,29.617196],[114.901842,29.603069],[114.901156,29.588587],[114.904294,29.585737],[114.910653,29.588423],[114.932006,29.585485],[114.930817,29.564392],[114.95185,29.556294],[114.948594,29.549151],[114.942805,29.545656],[114.942882,29.529465],[114.961616,29.52494],[114.964159,29.521843],[114.95257,29.503269],[114.935132,29.496912],[114.92765,29.502557],[114.918391,29.503926],[114.921822,29.519575],[114.920225,29.52461],[114.916085,29.523021],[114.912098,29.512007],[114.895045,29.508895],[114.899421,29.520205],[114.903383,29.522809],[114.898449,29.531383],[114.893412,29.531733],[114.880097,29.497872],[114.871998,29.494381],[114.866842,29.485331],[114.855488,29.478823],[114.859854,29.472631],[114.866521,29.475093],[114.871286,29.471043],[114.880574,29.439253],[114.913074,29.457308],[114.912137,29.461409],[114.902258,29.465246],[114.898283,29.473159],[114.913829,29.485772],[114.930782,29.489248],[114.933557,29.483548],[114.929891,29.478139],[114.933061,29.472473],[114.930343,29.469247],[114.937078,29.471612],[114.9425,29.467532],[114.941541,29.46484],[114.937899,29.465795],[114.935635,29.458195],[114.926148,29.448794],[114.922224,29.449015],[114.927223,29.437611],[114.926195,29.425874],[114.921846,29.419151],[114.905618,29.42369],[114.889345,29.399573],[114.871998,29.394444],[114.870965,29.404526],[114.861286,29.407384],[114.826529,29.399467],[114.803457,29.38501],[114.77942,29.388873],[114.7637,29.381514],[114.754837,29.365828],[114.735548,29.36948],[114.735557,29.389142],[114.72764,29.396929],[114.70521,29.399676],[114.683882,29.39466],[114.668213,29.398989],[114.649873,29.391244],[114.643479,29.384882],[114.616877,29.382929],[114.584663,29.355527],[114.551694,29.346905],[114.51449,29.328166],[114.497337,29.326499],[114.491869,29.330308],[114.451912,29.328114],[114.450502,29.338392],[114.445721,29.337237],[114.437537,29.342274],[114.444941,29.345953],[114.439279,29.351699],[114.434607,29.34415],[114.423329,29.340389],[114.39344,29.339438],[114.366921,29.324356],[114.339464,29.327847],[114.328613,29.340481],[114.318388,29.360427],[114.309421,29.364852],[114.335133,29.374774],[114.348232,29.389578],[114.344186,29.410334],[114.324343,29.432203],[114.317832,29.446888],[114.285766,29.465184],[114.26679,29.470026],[114.252979,29.49126],[114.239247,29.495705]]]}},{"type":"Feature","properties":{"id":"cn:421281","name":"赤壁市","level":2},"geometry":{"type":"Polygon","coordinates":[[[113.532614,29.687351],[113.534446,29.702323],[113.554662,29.735647],[113.554072,29.750878],[113.548685,29.76125],[113.550245,29.76636],[113.545307,29.77089],[113.554386,29.785862],[113.562475,29.789688],[113.556258,29.794292],[113.564615,29.808337],[113.570043,29.810709],[113.560881,29.812238],[113.559621,29.815313],[113.571618,29.821289],[113.570515,29.828172],[113.575463,29.835046],[113.565903,29.851652],[113.600235,29.871999],[113.634602,29.907112],[113.664419,29.921001],[113.666164,29.910732],[113.656459,29.90446],[113.655418,29.900699],[113.66218,29.890693],[113.658907,29.880988],[113.66567,29.858824],[113.670357,29.854245],[113.707814,29.838625],[113.710652,29.827338],[113.728811,29.809317],[113.737587,29.806483],[113.745495,29.815942],[113.76218,29.822158],[113.766207,29.818124],[113.784532,29.816787],[113.788187,29.804738],[113.800617,29.792496],[113.809341,29.792279],[113.819862,29.802258],[113.823022,29.801466],[113.825148,29.79236],[113.839324,29.793779],[113.842814,29.800157],[113.857814,29.805802],[113.867953,29.804818],[113.878039,29.809862],[113.904923,29.830609],[113.916147,29.827174],[113.921277,29.829028],[113.916208,29.837916],[113.924602,29.841567],[113.924819,29.844758],[113.911356,29.858061],[113.911737,29.865721],[113.929723,29.877989],[113.942379,29.871337],[113.961572,29.873817],[113.964298,29.87829],[113.961676,29.894838],[113.964732,29.898598],[113.991173,29.890803],[113.997935,29.897536],[114.003717,29.896555],[114.012006,29.901353],[114.011893,29.905498],[114.019853,29.910676],[114.035669,29.902089],[114.042484,29.903072],[114.044931,29.908959],[114.040904,29.921227],[114.053004,29.944782],[114.060861,29.980821],[114.067397,29.987364],[114.078083,29.989873],[114.095097,29.988673],[114.104255,29.983821],[114.110678,29.961772],[114.11758,29.954547],[114.129888,29.927996],[114.141555,29.91974],[114.143144,29.892375],[114.161618,29.880263],[114.162591,29.870566],[114.167903,29.871876],[114.172217,29.864802],[114.169367,29.857912],[114.174016,29.85434],[114.168967,29.852759],[114.170645,29.850623],[114.167302,29.843618],[114.173164,29.838869],[114.170164,29.833118],[114.165879,29.834741],[114.161163,29.832009],[114.166045,29.822032],[114.156183,29.81104],[114.167349,29.799028],[114.17126,29.774083],[114.164666,29.766659],[114.167849,29.752966],[114.15606,29.748242],[114.156972,29.737547],[114.152007,29.733141],[114.152848,29.726632],[114.17245,29.718792],[114.174872,29.714864],[114.213803,29.722167],[114.219637,29.716054],[114.225314,29.717087],[114.228492,29.710776],[114.221903,29.690138],[114.225158,29.673708],[114.188214,29.668888],[114.171313,29.67008],[114.164802,29.661389],[114.166147,29.653053],[114.160036,29.649719],[114.114438,29.652836],[114.100149,29.650811],[114.081173,29.64067],[114.05534,29.634976],[114.044385,29.641523],[114.023109,29.637653],[114.013864,29.641642],[114.009021,29.636722],[113.99771,29.642119],[113.988664,29.658291],[113.979611,29.659144],[113.968821,29.65105],[113.951277,29.646483],[113.940001,29.621639],[113.916035,29.612629],[113.902458,29.616123],[113.87087,29.614693],[113.846737,29.599335],[113.833482,29.596715],[113.828638,29.588777],[113.832372,29.57207],[113.839039,29.565243],[113.844829,29.551908],[113.84094,29.549289],[113.786652,29.543295],[113.765064,29.537264],[113.763866,29.51087],[113.74331,29.49801],[113.747972,29.48374],[113.7366,29.470855],[113.718143,29.47622],[113.712848,29.482652],[113.701241,29.48868],[113.690384,29.50093],[113.690242,29.5057],[113.678758,29.51433],[113.672399,29.516386],[113.667431,29.513105],[113.666062,29.515207],[113.637828,29.510637],[113.629326,29.513142],[113.62584,29.520698],[113.625652,29.526184],[113.649137,29.533782],[113.649975,29.539267],[113.67121,29.540629],[113.675493,29.54253],[113.673591,29.548803],[113.675966,29.551322],[113.685952,29.55047],[113.695622,29.558201],[113.697236,29.555611],[113.702985,29.556556],[113.705608,29.572056],[113.730689,29.57947],[113.731802,29.588467],[113.735129,29.590635],[113.732954,29.596333],[113.727135,29.596378],[113.722883,29.600857],[113.716248,29.614416],[113.70273,29.611616],[113.698154,29.621928],[113.697998,29.637152],[113.687,29.636011],[113.68982,29.640976],[113.682434,29.643493],[113.673155,29.637704],[113.666193,29.641209],[113.666405,29.643843],[113.675119,29.645243],[113.661516,29.666584],[113.663617,29.672006],[113.657703,29.680299],[113.658674,29.68673],[113.646138,29.686178],[113.639795,29.678803],[113.64074,29.675146],[113.631564,29.67239],[113.607759,29.673659],[113.602921,29.66944],[113.578482,29.676804],[113.541503,29.678072],[113.532614,29.687351]]]}},{"type":"Feature","properties":{"id":"cn:4213","name":"随州市","level":1},"geometry":{"type":"MultiPolygon","coordinates":[[[[112.723586,31.672316],[112.725956,31.702028],[112.742561,31.714252],[112.745791,31.721735],[112.74165,31.741326],[112.743265,31.74885],[112.750062,31.750743],[112.764202,31.747631],[112.778902,31.738063],[112.793508,31.754449],[112.822987,31.758958],[112.852171,31.806574],[112.8625,31.809513],[112.879896,31.799655],[112.885304,31.800661],[112.892561,31.807119],[112.897526,31.817761],[112.926242,31.84405],[112.93882,31.84211],[112.946875,31.834557],[112.957804,31.831513],[112.970625,31.843316],[112.971997,31.850847],[112.962119,31.867162],[112.954965,31.891424],[112.960651,31.899298],[112.982093,31.903302],[112.991545,31.918403],[112.994642,31.943913],[112.996659,31.946005],[113.001381,31.942667],[113.007596,31.956942],[113.018889,31.953609],[113.025044,31.955089],[113.029028,31.960711],[113.025583,31.969059],[113.020826,31.971481],[112.985842,31.979999],[112.984124,32.052232],[113.005704,32.072594],[113.043516,32.11744],[113.042449,32.128201],[113.018725,32.151342],[113.019628,32.173905],[113.030339,32.208663],[113.02961,32.237188],[113.018828,32.268564],[113.025591,32.2768],[113.046129,32.277923],[113.061546,32.283177],[113.078343,32.301246],[113.085869,32.315501],[113.084818,32.324032],[113.061363,32.33996],[113.054905,32.363317],[113.063733,32.368738],[113.076763,32.37135],[113.104315,32.367123],[113.112457,32.377796],[113.137492,32.380671],[113.144028,32.378284],[113.149393,32.382795],[113.152917,32.412702],[113.166519,32.423225],[113.179523,32.423945],[113.205677,32.434111],[113.222275,32.426496],[113.230253,32.409106],[113.28869,32.371192],[113.292613,32.356092],[113.312353,32.351157],[113.325165,32.34403],[113.327458,32.33854],[113.311572,32.329128],[113.312223,32.32112],[113.325886,32.318177],[113.347327,32.296964],[113.358898,32.296769],[113.368838,32.30056],[113.380799,32.296116],[113.387796,32.290069],[113.39165,32.281244],[113.403741,32.280003],[113.416754,32.271177],[113.458394,32.294284],[113.46303,32.300626],[113.474141,32.30105],[113.49415,32.314844],[113.509445,32.32102],[113.52393,32.333059],[113.534136,32.328992],[113.544186,32.331035],[113.542303,32.308536],[113.544927,32.304817],[113.553503,32.307769],[113.555662,32.309652],[113.553937,32.319217],[113.545397,32.331548],[113.559385,32.342511],[113.577198,32.345396],[113.573352,32.357576],[113.579814,32.357037],[113.583797,32.351821],[113.599815,32.352891],[113.598091,32.358086],[113.587447,32.3609],[113.587923,32.367612],[113.596136,32.368341],[113.610075,32.360003],[113.617678,32.36269],[113.618793,32.381825],[113.630771,32.388224],[113.645386,32.415724],[113.650601,32.415983],[113.654889,32.412283],[113.66095,32.41489],[113.65604,32.421214],[113.658413,32.424512],[113.666095,32.419877],[113.67514,32.42295],[113.68521,32.418471],[113.695615,32.422613],[113.701912,32.412519],[113.706846,32.413053],[113.71264,32.419372],[113.729306,32.413014],[113.731779,32.398206],[113.746849,32.39081],[113.744818,32.381083],[113.737283,32.376361],[113.742466,32.365855],[113.74717,32.362188],[113.751432,32.363065],[113.756658,32.372474],[113.762917,32.371636],[113.765183,32.36777],[113.764749,32.360773],[113.752552,32.354375],[113.746649,32.33564],[113.747926,32.330378],[113.759167,32.321608],[113.762353,32.312758],[113.768012,32.308292],[113.766823,32.304705],[113.742579,32.294063],[113.739393,32.288639],[113.737561,32.283537],[113.745373,32.265799],[113.743854,32.26245],[113.733411,32.259739],[113.734532,32.244989],[113.742422,32.236938],[113.746728,32.21832],[113.758768,32.206361],[113.772006,32.210109],[113.777422,32.191812],[113.776388,32.18655],[113.757813,32.163828],[113.759245,32.136441],[113.744419,32.118461],[113.733976,32.115193],[113.731025,32.123723],[113.716511,32.126434],[113.722435,32.101538],[113.722587,32.085325],[113.738959,32.078917],[113.741503,32.071904],[113.757848,32.056873],[113.77547,32.050894],[113.785435,32.038139],[113.773395,32.021036],[113.763994,32.019144],[113.754584,32.005711],[113.75251,31.989945],[113.764228,31.980676],[113.771363,31.982609],[113.782328,31.97611],[113.792679,31.976228],[113.811069,31.968239],[113.801503,31.951036],[113.799307,31.933636],[113.810548,31.925385],[113.826737,31.92086],[113.830201,31.908701],[113.825895,31.878126],[113.83232,31.871668],[113.832953,31.856859],[113.848627,31.845355],[113.853906,31.843333],[113.860348,31.847394],[113.869021,31.842702],[113.888483,31.849543],[113.909376,31.879242],[113.921408,31.88307],[113.929142,31.881713],[113.927952,31.871629],[113.95211,31.854647],[113.950835,31.842449],[113.941025,31.825507],[113.947406,31.8157],[113.947007,31.796047],[113.962075,31.786162],[113.966859,31.765253],[113.976981,31.753892],[113.983118,31.752297],[114.010071,31.772308],[114.030636,31.770635],[114.038847,31.775179],[114.053283,31.774183],[114.059654,31.785344],[114.080786,31.784081],[114.084004,31.796721],[114.093334,31.805256],[114.112279,31.807592],[114.101116,31.784948],[114.109329,31.781142],[114.114554,31.772531],[114.094189,31.751715],[114.107636,31.733772],[114.094676,31.720559],[114.091082,31.709749],[114.098842,31.694259],[114.1084,31.684745],[114.121924,31.677798],[114.122837,31.671164],[114.12057,31.661055],[114.104416,31.629936],[114.103366,31.6076],[114.091654,31.60532],[114.095826,31.594035],[114.088772,31.581754],[114.089972,31.575687],[114.081998,31.554049],[114.083196,31.545813],[114.102585,31.540318],[114.103218,31.534136],[114.101145,31.529989],[114.087129,31.527608],[114.086924,31.517158],[114.074889,31.511343],[114.074802,31.500341],[114.055984,31.487052],[114.055905,31.475597],[114.065445,31.464937],[114.057511,31.441697],[114.049065,31.434032],[114.035853,31.440058],[114.025402,31.44039],[113.998928,31.421173],[113.988353,31.42242],[113.985325,31.424227],[113.985408,31.430358],[113.974112,31.432315],[113.970568,31.419286],[113.972279,31.402853],[113.976056,31.402662],[113.976191,31.39652],[113.960862,31.398356],[113.946635,31.390314],[113.947028,31.38651],[113.944052,31.385141],[113.942044,31.389421],[113.928304,31.384663],[113.923074,31.392094],[113.925073,31.399169],[113.943864,31.402273],[113.945846,31.409643],[113.922903,31.418188],[113.913162,31.4363],[113.905531,31.439709],[113.89574,31.43514],[113.887294,31.415852],[113.881148,31.415777],[113.873466,31.418266],[113.868569,31.438357],[113.857302,31.452636],[113.850965,31.454863],[113.83511,31.444263],[113.826169,31.427347],[113.821514,31.434668],[113.81264,31.435792],[113.807463,31.443567],[113.792138,31.440268],[113.768865,31.455757],[113.722441,31.467443],[113.693807,31.446569],[113.681764,31.427122],[113.667432,31.422184],[113.658465,31.410008],[113.645501,31.399381],[113.636905,31.398679],[113.635623,31.391854],[113.628924,31.389289],[113.618371,31.391366],[113.616282,31.396704],[113.608298,31.40017],[113.605757,31.413879],[113.59092,31.421674],[113.589872,31.425685],[113.578172,31.422359],[113.579402,31.41725],[113.572836,31.419321],[113.572029,31.415342],[113.567078,31.412868],[113.56752,31.40774],[113.560823,31.410586],[113.554638,31.407799],[113.555233,31.40378],[113.551224,31.399016],[113.546432,31.402163],[113.539332,31.400645],[113.533882,31.39064],[113.528826,31.395498],[113.515077,31.393909],[113.512858,31.39887],[113.478398,31.422517],[113.467718,31.434882],[113.456641,31.433751],[113.454506,31.427175],[113.441284,31.423009],[113.429366,31.42595],[113.424819,31.420419],[113.403109,31.422286],[113.386338,31.412473],[113.373777,31.413543],[113.351893,31.428419],[113.341347,31.426669],[113.327102,31.419065],[113.336095,31.371095],[113.334428,31.363345],[113.327466,31.356903],[113.32327,31.361472],[113.316541,31.360611],[113.312192,31.343622],[113.298215,31.335254],[113.294286,31.328283],[113.291676,31.329637],[113.289166,31.343042],[113.257345,31.358977],[113.243759,31.360748],[113.234497,31.356891],[113.200781,31.397544],[113.163292,31.413998],[113.158144,31.408471],[113.152933,31.408648],[113.147561,31.416447],[113.141732,31.418051],[113.14122,31.426805],[113.144219,31.427466],[113.148293,31.421953],[113.155191,31.430492],[113.148049,31.430712],[113.13945,31.439448],[113.12645,31.427745],[113.116265,31.430907],[113.107277,31.42853],[113.105152,31.436505],[113.096763,31.444538],[113.085903,31.447826],[113.066832,31.446979],[113.049333,31.438523],[113.031303,31.450486],[113.020339,31.451478],[113.010382,31.443496],[112.986485,31.435432],[112.976433,31.438918],[112.946155,31.474822],[112.911433,31.471626],[112.901043,31.473507],[112.896589,31.483715],[112.897535,31.516253],[112.892674,31.529452],[112.872822,31.55864],[112.865964,31.56226],[112.842206,31.565406],[112.832423,31.584232],[112.820505,31.596008],[112.776702,31.602412],[112.762127,31.615621],[112.752475,31.615871],[112.746424,31.611897],[112.73191,31.619143],[112.724836,31.631702],[112.728161,31.649502],[112.723586,31.672316]]],[[[113.747986,32.29141],[113.75257,32.294083],[113.763368,32.285133],[113.764045,32.278156],[113.756016,32.27716],[113.759425,32.270655],[113.754037,32.270692],[113.747986,32.29141]]]]}},{"type":"Feature","properties":{"id":"cn:421303","name":"曾都区","level":2},"geometry":{"type":"Polygon","coordinates":[[[113.240842,31.503662],[113.242682,31.508104],[113.261147,31.516904],[113.26922,31.52486],[113.257762,31.545125],[113.262727,31.57965],[113.275956,31.592887],[113.279176,31.636769],[113.275713,31.642106],[113.250357,31.654842],[113.246433,31.661723],[113.261893,31.676123],[113.267796,31.691939],[113.265964,31.720005],[113.284637,31.737561],[113.295617,31.767453],[113.316529,31.784628],[113.314828,31.790389],[113.288985,31.817939],[113.337069,31.827469],[113.345147,31.842922],[113.35338,31.844778],[113.357912,31.850796],[113.369378,31.844844],[113.371157,31.839617],[113.368245,31.835076],[113.373766,31.825743],[113.377982,31.839307],[113.384315,31.839514],[113.386403,31.844072],[113.398315,31.844257],[113.404109,31.838154],[113.411947,31.83615],[113.420441,31.838589],[113.421727,31.835687],[113.428178,31.836302],[113.429748,31.840959],[113.425609,31.840967],[113.422192,31.850756],[113.427517,31.853706],[113.429029,31.900038],[113.484724,31.933189],[113.491772,31.933688],[113.511823,31.926153],[113.5254,31.939391],[113.53902,31.941344],[113.545739,31.938382],[113.556112,31.920863],[113.570504,31.918838],[113.576824,31.913851],[113.584784,31.914918],[113.592041,31.920496],[113.605296,31.920861],[113.60757,31.907837],[113.624775,31.900871],[113.626485,31.897147],[113.618291,31.882505],[113.607596,31.872297],[113.602111,31.852061],[113.59745,31.848444],[113.587912,31.850442],[113.570187,31.834585],[113.569973,31.831147],[113.574257,31.828868],[113.573938,31.823071],[113.573046,31.816544],[113.568018,31.810878],[113.561565,31.809305],[113.557309,31.814771],[113.54578,31.816484],[113.529399,31.798981],[113.52513,31.789356],[113.53836,31.780235],[113.529836,31.757798],[113.544645,31.751833],[113.551633,31.745422],[113.558065,31.720911],[113.546894,31.699018],[113.551321,31.677553],[113.547119,31.667933],[113.545522,31.643335],[113.534512,31.6155],[113.542243,31.604728],[113.539108,31.592523],[113.544829,31.577854],[113.531895,31.570824],[113.530982,31.565711],[113.55749,31.547846],[113.560899,31.53269],[113.572281,31.526786],[113.574077,31.518417],[113.570424,31.509409],[113.580559,31.486369],[113.573407,31.472279],[113.57292,31.459436],[113.566195,31.451736],[113.566681,31.445283],[113.571246,31.43877],[113.589324,31.433718],[113.588777,31.42398],[113.578172,31.422359],[113.579402,31.41725],[113.572836,31.419321],[113.572029,31.415342],[113.567078,31.412868],[113.56752,31.40774],[113.560823,31.410586],[113.554638,31.407799],[113.555233,31.40378],[113.551224,31.399016],[113.546432,31.402163],[113.539332,31.400645],[113.533882,31.39064],[113.528826,31.395498],[113.515077,31.393909],[113.512858,31.39887],[113.478398,31.422517],[113.467718,31.434882],[113.456641,31.433751],[113.454506,31.427175],[113.441284,31.423009],[113.429366,31.42595],[113.424819,31.420419],[113.403109,31.422286],[113.386338,31.412473],[113.373777,31.413543],[113.351893,31.428419],[113.341347,31.426669],[113.327102,31.419065],[113.336095,31.371095],[113.334428,31.363345],[113.327466,31.356903],[113.32327,31.361472],[113.316541,31.360611],[113.312192,31.343622],[113.298215,31.335254],[113.294286,31.328283],[113.291676,31.329637],[113.289166,31.343042],[113.270401,31.350674],[113.270783,31.382039],[113.277562,31.395242],[113.278022,31.405405],[113.27139,31.447607],[113.289471,31.470218],[113.254801,31.485602],[113.243117,31.49743],[113.240842,31.503662]]]}},{"type":"Feature","properties":{"id":"cn:421321","name":"随县","level":2},"geometry":{"type":"MultiPolygon","coordinates":[[[[112.723586,31.672316],[112.725956,31.702028],[112.742561,31.714252],[112.745791,31.721735],[112.74165,31.741326],[112.743265,31.74885],[112.750062,31.750743],[112.764202,31.747631],[112.778902,31.738063],[112.793508,31.754449],[112.822987,31.758958],[112.852171,31.806574],[112.8625,31.809513],[112.879896,31.799655],[112.885304,31.800661],[112.892561,31.807119],[112.897526,31.817761],[112.926242,31.84405],[112.93882,31.84211],[112.946875,31.834557],[112.954853,31.831819],[112.964159,31.836155],[112.972683,31.847618],[112.962119,31.867162],[112.954965,31.891424],[112.960651,31.899298],[112.982093,31.903302],[112.991545,31.918403],[112.994642,31.943913],[112.996659,31.946005],[113.001381,31.942667],[113.007596,31.956942],[113.018889,31.953609],[113.025044,31.955089],[113.029028,31.960711],[113.025583,31.969059],[113.020826,31.971481],[112.985842,31.979999],[112.984124,32.052232],[113.005704,32.072594],[113.043516,32.11744],[113.042449,32.128201],[113.018725,32.151342],[113.019628,32.173905],[113.030339,32.208663],[113.02961,32.237188],[113.018828,32.268564],[113.025591,32.2768],[113.046129,32.277923],[113.061546,32.283177],[113.078343,32.301246],[113.085869,32.315501],[113.084818,32.324032],[113.061363,32.33996],[113.054905,32.363317],[113.063733,32.368738],[113.076763,32.37135],[113.104315,32.367123],[113.112457,32.377796],[113.137492,32.380671],[113.144028,32.378284],[113.149393,32.382795],[113.152917,32.412702],[113.166519,32.423225],[113.179523,32.423945],[113.205677,32.434111],[113.222275,32.426496],[113.230253,32.409106],[113.28869,32.371192],[113.292613,32.356092],[113.312353,32.351157],[113.325165,32.34403],[113.327458,32.33854],[113.311572,32.329128],[113.312223,32.32112],[113.325886,32.318177],[113.347327,32.296964],[113.358898,32.296769],[113.368838,32.30056],[113.380799,32.296116],[113.387796,32.290069],[113.39165,32.281244],[113.403741,32.280003],[113.416754,32.271177],[113.458394,32.294284],[113.46303,32.300626],[113.474141,32.30105],[113.49415,32.314844],[113.509445,32.32102],[113.52393,32.333059],[113.534136,32.328992],[113.544186,32.331035],[113.542303,32.308536],[113.544927,32.304817],[113.553503,32.307769],[113.555662,32.309652],[113.553937,32.319217],[113.545397,32.331548],[113.559385,32.342511],[113.577198,32.345396],[113.573352,32.357576],[113.579814,32.357037],[113.583797,32.351821],[113.599815,32.352891],[113.598091,32.358086],[113.587447,32.3609],[113.587923,32.367612],[113.596136,32.368341],[113.610075,32.360003],[113.617678,32.36269],[113.618793,32.381825],[113.630771,32.388224],[113.645386,32.415724],[113.650601,32.415983],[113.654889,32.412283],[113.66095,32.41489],[113.65604,32.421214],[113.658413,32.424512],[113.666095,32.419877],[113.67514,32.42295],[113.68521,32.418471],[113.695615,32.422613],[113.701912,32.412519],[113.706846,32.413053],[113.71264,32.419372],[113.728351,32.413733],[113.731779,32.398206],[113.746849,32.39081],[113.744818,32.381083],[113.737283,32.376361],[113.742466,32.365855],[113.748282,32.361869],[113.755183,32.372114],[113.763872,32.37048],[113.765625,32.362367],[113.752552,32.354375],[113.746649,32.33564],[113.747926,32.330378],[113.760199,32.320251],[113.767856,32.305901],[113.742579,32.294063],[113.737561,32.283537],[113.744653,32.272136],[113.745053,32.263485],[113.732778,32.257985],[113.734532,32.244989],[113.742422,32.236938],[113.746728,32.21832],[113.758768,32.206361],[113.772006,32.210109],[113.777422,32.191812],[113.776388,32.18655],[113.757813,32.163828],[113.759245,32.136441],[113.744419,32.118461],[113.735565,32.114796],[113.731025,32.123723],[113.716832,32.12763],[113.722435,32.101538],[113.721736,32.087847],[113.708577,32.0904],[113.708742,32.080751],[113.690001,32.062932],[113.694228,32.059983],[113.696624,32.047466],[113.693908,32.038378],[113.678438,32.026259],[113.647744,31.984321],[113.630843,31.981292],[113.62652,31.969829],[113.619637,31.966839],[113.607118,31.969987],[113.605912,31.949163],[113.60073,31.935799],[113.605296,31.920861],[113.592041,31.920496],[113.584784,31.914918],[113.576824,31.913851],[113.570504,31.918838],[113.556112,31.920863],[113.545739,31.938382],[113.53902,31.941344],[113.5254,31.939391],[113.511823,31.926153],[113.491772,31.933688],[113.484724,31.933189],[113.429029,31.900038],[113.427517,31.853706],[113.422192,31.850756],[113.425609,31.840967],[113.429748,31.840959],[113.428178,31.836302],[113.421727,31.835687],[113.420441,31.838589],[113.411947,31.83615],[113.404109,31.838154],[113.398315,31.844257],[113.386403,31.844072],[113.384315,31.839514],[113.377982,31.839307],[113.373766,31.825743],[113.368245,31.835076],[113.371157,31.839617],[113.369378,31.844844],[113.357912,31.850796],[113.35338,31.844778],[113.345147,31.842922],[113.337069,31.827469],[113.288985,31.817939],[113.314828,31.790389],[113.315991,31.782353],[113.295617,31.767453],[113.284637,31.737561],[113.265964,31.720005],[113.267796,31.691939],[113.261893,31.676123],[113.246345,31.659968],[113.253352,31.652924],[113.277744,31.640795],[113.279176,31.636769],[113.275956,31.592887],[113.262727,31.57965],[113.257762,31.545125],[113.26922,31.52486],[113.261147,31.516904],[113.242682,31.508104],[113.240842,31.503662],[113.243117,31.49743],[113.254801,31.485602],[113.289471,31.470218],[113.27139,31.447607],[113.278022,31.405405],[113.277562,31.395242],[113.270783,31.382039],[113.270401,31.350674],[113.257345,31.358977],[113.248585,31.360608],[113.234497,31.356891],[113.200781,31.397544],[113.163292,31.413998],[113.158144,31.408471],[113.152933,31.408648],[113.147561,31.416447],[113.141732,31.418051],[113.14122,31.426805],[113.144219,31.427466],[113.148293,31.421953],[113.155191,31.430492],[113.148049,31.430712],[113.13945,31.439448],[113.12645,31.427745],[113.116265,31.430907],[113.107277,31.42853],[113.105152,31.436505],[113.096763,31.444538],[113.085903,31.447826],[113.066832,31.446979],[113.049333,31.438523],[113.031303,31.450486],[113.020339,31.451478],[113.010382,31.443496],[112.986485,31.435432],[112.976433,31.438918],[112.946155,31.474822],[112.911433,31.471626],[112.901043,31.473507],[112.896589,31.483715],[112.897535,31.516253],[112.892674,31.529452],[112.872822,31.55864],[112.865964,31.56226],[112.842206,31.565406],[112.832423,31.584232],[112.820505,31.596008],[112.776702,31.602412],[112.762127,31.615621],[112.752475,31.615871],[112.746424,31.611897],[112.73191,31.619143],[112.724836,31.631702],[112.728161,31.649502],[112.723586,31.672316]]],[[[113.747986,32.29141],[113.75257,32.294083],[113.763368,32.285133],[113.764045,32.278156],[113.756016,32.27716],[113.759425,32.270655],[113.754037,32.270692],[113.747986,32.29141]]]]}},{"type":"Feature","properties":{"id":"cn:421381","name":"广水市","level":2},"geometry":{"type":"Polygon","coordinates":[[[113.52513,31.789356],[113.529399,31.798981],[113.54578,31.816484],[113.557309,31.814771],[113.561565,31.809305],[113.568018,31.810878],[113.573046,31.816544],[113.573938,31.823071],[113.574257,31.828868],[113.569695,31.833953],[113.587912,31.850442],[113.599665,31.848793],[113.607596,31.872297],[113.625765,31.893043],[113.624775,31.900871],[113.60757,31.907837],[113.604983,31.916175],[113.60073,31.935799],[113.605912,31.949163],[113.607118,31.969987],[113.619637,31.966839],[113.62652,31.969829],[113.630843,31.981292],[113.647744,31.984321],[113.678438,32.026259],[113.693908,32.038378],[113.696624,32.047466],[113.694228,32.059983],[113.690001,32.062932],[113.708742,32.080751],[113.709054,32.090957],[113.738959,32.078917],[113.741503,32.071904],[113.757848,32.056873],[113.77547,32.050894],[113.784159,32.041486],[113.785114,32.035825],[113.773395,32.021036],[113.763994,32.019144],[113.754584,32.005711],[113.751711,31.992136],[113.764228,31.980676],[113.771363,31.982609],[113.782328,31.97611],[113.792679,31.976228],[113.811069,31.968239],[113.801503,31.951036],[113.799307,31.933636],[113.810548,31.925385],[113.827848,31.918788],[113.829602,31.895008],[113.825496,31.881156],[113.83232,31.871668],[113.831998,31.859053],[113.835583,31.854029],[113.852722,31.843462],[113.860348,31.847394],[113.869948,31.842847],[113.8908,31.851618],[113.901,31.870791],[113.909376,31.879242],[113.921408,31.88307],[113.929142,31.881713],[113.927952,31.871629],[113.95211,31.854647],[113.950835,31.842449],[113.941025,31.825507],[113.947406,31.8157],[113.947007,31.796047],[113.962075,31.786162],[113.969724,31.759353],[113.980167,31.752616],[113.985748,31.753812],[114.010071,31.772308],[114.030636,31.770635],[114.038847,31.775179],[114.053283,31.774183],[114.059654,31.785344],[114.080786,31.784081],[114.084004,31.796721],[114.093334,31.805256],[114.112279,31.807592],[114.101116,31.784948],[114.109329,31.781142],[114.114554,31.772531],[114.094189,31.751715],[114.107636,31.733772],[114.094676,31.720559],[114.091082,31.709749],[114.098842,31.694259],[114.1084,31.684745],[114.121924,31.677798],[114.122367,31.666346],[114.104416,31.629936],[114.103366,31.6076],[114.091654,31.60532],[114.095826,31.594035],[114.088772,31.581754],[114.089972,31.575687],[114.081998,31.554049],[114.085644,31.543782],[114.099347,31.541881],[114.104234,31.537817],[114.101145,31.529989],[114.087129,31.527608],[114.086924,31.517158],[114.074889,31.511343],[114.074802,31.500341],[114.055984,31.487052],[114.055905,31.475597],[114.065445,31.464937],[114.057511,31.441697],[114.049065,31.434032],[114.035853,31.440058],[114.025402,31.44039],[113.998928,31.421173],[113.988353,31.42242],[113.985325,31.424227],[113.985408,31.430358],[113.974112,31.432315],[113.970568,31.419286],[113.972279,31.402853],[113.976056,31.402662],[113.976191,31.39652],[113.960862,31.398356],[113.946635,31.390314],[113.947028,31.38651],[113.944052,31.385141],[113.942044,31.389421],[113.928304,31.384663],[113.923074,31.392094],[113.925073,31.399169],[113.943864,31.402273],[113.945846,31.409643],[113.922903,31.418188],[113.913162,31.4363],[113.905531,31.439709],[113.89574,31.43514],[113.887294,31.415852],[113.881148,31.415777],[113.873466,31.418266],[113.868569,31.438357],[113.857302,31.452636],[113.850965,31.454863],[113.83511,31.444263],[113.826169,31.427347],[113.821514,31.434668],[113.81264,31.435792],[113.807463,31.443567],[113.792138,31.440268],[113.768865,31.455757],[113.722441,31.467443],[113.693807,31.446569],[113.67929,31.425114],[113.667432,31.422184],[113.645501,31.399381],[113.635113,31.397409],[113.635623,31.391854],[113.627106,31.389186],[113.618371,31.391366],[113.616282,31.396704],[113.607873,31.400621],[113.607185,31.410922],[113.602368,31.417695],[113.590186,31.422472],[113.589324,31.433718],[113.567655,31.441753],[113.566195,31.451736],[113.57292,31.459436],[113.573407,31.472279],[113.580559,31.486369],[113.570424,31.509409],[113.574259,31.521156],[113.571307,31.528126],[113.560899,31.53269],[113.55749,31.547846],[113.531347,31.564129],[113.531895,31.570824],[113.544829,31.577854],[113.539108,31.592523],[113.542243,31.604728],[113.534512,31.6155],[113.545522,31.643335],[113.547119,31.667933],[113.551321,31.677553],[113.546894,31.699018],[113.558065,31.720911],[113.551633,31.745422],[113.544645,31.751833],[113.529836,31.757798],[113.53836,31.780235],[113.52513,31.789356]]]}},{"type":"Feature","properties":{"id":"cn:4228","name":"恩施土家族苗族自治州","level":1},"geometry":{"type":"MultiPolygon","coordinates":[[[[108.362476,29.822556],[108.368617,29.83735],[108.366963,29.844066],[108.387736,29.856491],[108.38218,29.863731],[108.387892,29.866074],[108.396599,29.858956],[108.403168,29.859996],[108.408565,29.867917],[108.412437,29.867606],[108.421676,29.875214],[108.420383,29.881163],[108.423656,29.882723],[108.448656,29.874182],[108.451043,29.869401],[108.457588,29.866872],[108.486477,29.870588],[108.491338,29.879503],[108.496555,29.882106],[108.504721,29.881258],[108.505304,29.87472],[108.512267,29.867798],[108.513768,29.870142],[108.515209,29.8771],[108.511911,29.888279],[108.520036,29.898019],[108.51659,29.906625],[108.520184,29.912573],[108.511747,29.930448],[108.512692,29.938969],[108.52955,29.972886],[108.538431,30.000085],[108.534507,30.005119],[108.524637,30.008164],[108.52712,30.047487],[108.52113,30.051239],[108.527727,30.054711],[108.527545,30.057793],[108.519967,30.06135],[108.510992,30.05563],[108.509151,30.060089],[108.518613,30.074985],[108.528101,30.076398],[108.528952,30.086899],[108.541877,30.107103],[108.563761,30.159732],[108.557849,30.160085],[108.547797,30.166619],[108.564716,30.228407],[108.562154,30.234115],[108.569359,30.239979],[108.577988,30.256433],[108.576087,30.259028],[108.561807,30.25798],[108.557866,30.265654],[108.547791,30.267076],[108.541631,30.271888],[108.541972,30.27902],[108.532438,30.282509],[108.529655,30.294297],[108.520349,30.297599],[108.522296,30.302484],[108.519708,30.304783],[108.522348,30.307256],[108.51947,30.312017],[108.511158,30.317741],[108.505362,30.315795],[108.493955,30.319008],[108.478331,30.338576],[108.464614,30.346327],[108.455992,30.362049],[108.448101,30.358385],[108.42817,30.356551],[108.418918,30.367907],[108.397199,30.378183],[108.395003,30.392599],[108.420037,30.398565],[108.417387,30.413871],[108.42592,30.418035],[108.407005,30.440867],[108.417942,30.45274],[108.416457,30.468261],[108.411431,30.470995],[108.409677,30.478828],[108.418037,30.491129],[108.422641,30.490556],[108.42241,30.494665],[108.431523,30.495599],[108.435381,30.488173],[108.437848,30.494607],[108.449892,30.498601],[108.450954,30.491265],[108.466721,30.489545],[108.477065,30.492889],[108.487351,30.504028],[108.505362,30.505483],[108.52334,30.49001],[108.527889,30.493573],[108.53446,30.488601],[108.530701,30.493446],[108.53867,30.494646],[108.551969,30.490196],[108.547654,30.486246],[108.55433,30.483492],[108.559938,30.471956],[108.563419,30.471361],[108.571821,30.481867],[108.57571,30.482307],[108.577524,30.488657],[108.58709,30.490542],[108.586431,30.497459],[108.59439,30.496652],[108.607229,30.504935],[108.607323,30.507849],[108.601387,30.509412],[108.600796,30.514152],[108.61755,30.518207],[108.619962,30.522561],[108.615952,30.525631],[108.645121,30.54054],[108.645621,30.556633],[108.639375,30.564418],[108.635672,30.577457],[108.647349,30.586236],[108.661924,30.591251],[108.686793,30.588677],[108.695648,30.564408],[108.692712,30.560786],[108.694712,30.547506],[108.711187,30.535744],[108.707501,30.525802],[108.721888,30.517981],[108.719584,30.510147],[108.723851,30.505993],[108.741976,30.497313],[108.752687,30.506903],[108.767757,30.505733],[108.785578,30.515882],[108.794823,30.508538],[108.799953,30.496404],[108.80406,30.493799],[108.842184,30.510882],[108.848642,30.517698],[108.850413,30.525487],[108.871516,30.540122],[108.896998,30.575055],[108.907465,30.580793],[108.920814,30.594733],[108.939491,30.604528],[108.963041,30.627466],[108.973518,30.63241],[108.9814,30.625432],[108.994157,30.634817],[108.999593,30.629691],[109.005139,30.629749],[109.017428,30.645448],[109.033446,30.652367],[109.03806,30.657721],[109.044426,30.647952],[109.051015,30.644662],[109.065952,30.642665],[109.082523,30.649047],[109.094418,30.640415],[109.106324,30.648579],[109.113949,30.641407],[109.117299,30.632242],[109.107639,30.615044],[109.088316,30.611338],[109.080801,30.606459],[109.078744,30.60062],[109.09197,30.57453],[109.099635,30.567456],[109.108611,30.551021],[109.120138,30.541032],[109.119531,30.534076],[109.135703,30.536472],[109.138863,30.523497],[109.159027,30.539581],[109.165598,30.549291],[109.187345,30.548115],[109.218063,30.572142],[109.240302,30.583641],[109.242967,30.585756],[109.240336,30.587512],[109.223123,30.583413],[109.221882,30.586319],[109.22703,30.59083],[109.25235,30.599086],[109.274051,30.612677],[109.29807,30.633433],[109.297628,30.626615],[109.308747,30.612646],[109.318009,30.619416],[109.323278,30.618512],[109.318417,30.606607],[109.310414,30.603421],[109.310856,30.599531],[109.339337,30.579567],[109.356204,30.557123],[109.356082,30.55339],[109.332263,30.523301],[109.336672,30.515181],[109.337922,30.497181],[109.348738,30.48941],[109.360196,30.498539],[109.37583,30.520686],[109.413077,30.562358],[109.431897,30.599679],[109.444335,30.606111],[109.453407,30.618085],[109.479709,30.626457],[109.488432,30.639662],[109.52394,30.666482],[109.533145,30.666581],[109.535932,30.661287],[109.536652,30.654267],[109.529335,30.64183],[109.569438,30.649544],[109.572399,30.65798],[109.583327,30.667361],[109.576947,30.673503],[109.585974,30.696083],[109.597572,30.701499],[109.620731,30.705325],[109.647224,30.725414],[109.656235,30.741642],[109.65192,30.763031],[109.680574,30.771189],[109.687337,30.781419],[109.697241,30.786145],[109.699498,30.783715],[109.696503,30.772974],[109.713222,30.781143],[109.715861,30.78634],[109.710782,30.792692],[109.711694,30.804147],[109.724724,30.817822],[109.775861,30.851003],[109.824054,30.866895],[109.889515,30.902225],[109.900938,30.902346],[109.927571,30.890219],[109.936157,30.892223],[109.940619,30.880633],[109.953604,30.879969],[109.971121,30.891128],[109.976937,30.888852],[109.990167,30.890247],[109.992397,30.885926],[110.002502,30.886662],[110.000184,30.872317],[110.012991,30.857673],[110.014645,30.831949],[110.026963,30.822798],[110.034151,30.822822],[110.037988,30.807564],[110.043647,30.803044],[110.069836,30.80458],[110.07659,30.801503],[110.084287,30.812947],[110.084404,30.818309],[110.090731,30.823792],[110.090574,30.831935],[110.110222,30.847087],[110.109214,30.851243],[110.114885,30.856924],[110.118963,30.870359],[110.141767,30.903683],[110.146739,30.914532],[110.140092,30.928347],[110.148033,30.954171],[110.158705,30.96357],[110.157965,30.973209],[110.168163,30.981837],[110.166977,30.989204],[110.158488,30.993823],[110.130938,30.988923],[110.132171,31.001917],[110.135852,31.00718],[110.136191,31.021642],[110.132163,31.028113],[110.135053,31.032766],[110.115687,31.034096],[110.115244,31.03624],[110.120097,31.043428],[110.121486,31.05677],[110.128239,31.063456],[110.126503,31.0671],[110.120213,31.066957],[110.122423,31.070902],[110.116992,31.074984],[110.117892,31.086586],[110.11495,31.091151],[110.11699,31.096264],[110.12356,31.097228],[110.130314,31.108354],[110.140722,31.110261],[110.141807,31.11899],[110.149906,31.120756],[110.157432,31.118179],[110.180435,31.127787],[110.184385,31.131629],[110.181833,31.147473],[110.194845,31.160811],[110.192727,31.165101],[110.179558,31.173174],[110.175757,31.180066],[110.17146,31.200162],[110.172493,31.212905],[110.16613,31.22154],[110.164533,31.230016],[110.169766,31.245749],[110.166762,31.25245],[110.157353,31.253991],[110.155009,31.258724],[110.157205,31.261821],[110.150921,31.284492],[110.157136,31.293026],[110.15888,31.305262],[110.172605,31.297225],[110.208871,31.308008],[110.242344,31.336899],[110.267882,31.346122],[110.316624,31.396897],[110.338685,31.396871],[110.347867,31.38876],[110.352392,31.389243],[110.354933,31.393927],[110.370023,31.391256],[110.384502,31.376981],[110.398756,31.3775],[110.414775,31.366771],[110.433989,31.359484],[110.433242,31.343089],[110.441574,31.338057],[110.442588,31.331107],[110.436553,31.319772],[110.421822,31.314145],[110.431229,31.30385],[110.433475,31.290988],[110.429255,31.284917],[110.433323,31.278214],[110.444999,31.271619],[110.447301,31.262849],[110.459143,31.264236],[110.469742,31.254749],[110.493111,31.256278],[110.500656,31.252817],[110.479191,31.233958],[110.479293,31.223858],[110.483802,31.214581],[110.482457,31.207648],[110.477264,31.204893],[110.471426,31.206973],[110.468439,31.196741],[110.471003,31.188294],[110.495112,31.184883],[110.495328,31.162706],[110.507091,31.156006],[110.5097,31.146138],[110.531928,31.136865],[110.53329,31.126663],[110.512553,31.109775],[110.507631,31.099577],[110.493203,31.087852],[110.473967,31.087097],[110.460842,31.083539],[110.459201,31.080575],[110.463281,31.06495],[110.472536,31.048947],[110.472585,31.039969],[110.441164,31.032808],[110.437682,31.001426],[110.439722,30.971734],[110.434621,30.957622],[110.435079,30.949677],[110.41931,30.91381],[110.426604,30.910929],[110.437918,30.883227],[110.417769,30.873261],[110.408585,30.877848],[110.399511,30.875071],[110.369062,30.847859],[110.358122,30.844774],[110.35053,30.834102],[110.33093,30.829289],[110.332419,30.825713],[110.327497,30.822738],[110.327793,30.815731],[110.334291,30.808615],[110.33315,30.804087],[110.319896,30.785711],[110.313254,30.764571],[110.32633,30.755319],[110.344343,30.755908],[110.355306,30.759209],[110.369955,30.769924],[110.379645,30.784078],[110.406165,30.785236],[110.422807,30.78124],[110.428464,30.773898],[110.436164,30.747175],[110.449123,30.733407],[110.455864,30.733117],[110.455428,30.723378],[110.460472,30.715758],[110.451661,30.703901],[110.447329,30.672001],[110.458617,30.668423],[110.464131,30.651548],[110.444023,30.65187],[110.442092,30.632495],[110.427685,30.619711],[110.438368,30.606051],[110.448899,30.60495],[110.460964,30.596668],[110.466889,30.580401],[110.461508,30.565353],[110.474253,30.564572],[110.479716,30.567863],[110.483398,30.557942],[110.473206,30.556866],[110.465995,30.552466],[110.469104,30.544168],[110.461477,30.525227],[110.446413,30.523686],[110.445421,30.518144],[110.439907,30.513693],[110.434387,30.491949],[110.406638,30.485354],[110.396907,30.492586],[110.396074,30.489132],[110.404007,30.483146],[110.402052,30.480015],[110.382008,30.471563],[110.36868,30.476881],[110.362782,30.472972],[110.362085,30.468964],[110.372768,30.44805],[110.368136,30.443741],[110.369948,30.425945],[110.363158,30.420624],[110.362043,30.415367],[110.364303,30.407864],[110.372828,30.403487],[110.373254,30.399528],[110.370477,30.393327],[110.358316,30.383869],[110.348299,30.36262],[110.34842,30.349319],[110.362084,30.338663],[110.34586,30.333743],[110.36263,30.317791],[110.368342,30.30674],[110.348542,30.26584],[110.345139,30.245916],[110.318464,30.252767],[110.293516,30.246068],[110.271277,30.246226],[110.250748,30.236988],[110.259447,30.225212],[110.278405,30.222441],[110.290821,30.215806],[110.297042,30.205153],[110.272049,30.194651],[110.270894,30.184768],[110.298551,30.172188],[110.299176,30.156359],[110.3023,30.15152],[110.331007,30.14076],[110.343064,30.129892],[110.313941,30.103275],[110.336328,30.09623],[110.338889,30.088184],[110.334844,30.080646],[110.319948,30.071813],[110.315374,30.065655],[110.319149,30.047051],[110.313265,30.040215],[110.311979,30.019585],[110.300721,30.004299],[110.308386,29.980393],[110.297665,29.965337],[110.298151,29.9612],[110.310469,29.952858],[110.33494,29.945567],[110.349583,29.957609],[110.365209,29.961847],[110.386276,29.957554],[110.418255,29.95982],[110.424922,29.965041],[110.436799,29.986097],[110.447482,29.997879],[110.461201,30.009216],[110.486588,30.022263],[110.499721,30.011405],[110.515198,30.004409],[110.54243,30.002297],[110.551397,29.992669],[110.551596,29.988142],[110.546249,29.982412],[110.530434,29.977786],[110.510399,29.96198],[110.50842,29.951777],[110.501961,29.941577],[110.503133,29.924263],[110.493124,29.912634],[110.502934,29.911536],[110.511813,29.904535],[110.522091,29.907336],[110.533011,29.899472],[110.535182,29.891788],[110.531154,29.881414],[110.542004,29.867933],[110.546405,29.849754],[110.568514,29.848467],[110.577707,29.837623],[110.595476,29.842471],[110.595077,29.840118],[110.601726,29.839766],[110.611709,29.831724],[110.637863,29.778477],[110.626986,29.760522],[110.618965,29.758731],[110.610277,29.750318],[110.576943,29.731893],[110.558029,29.715325],[110.515633,29.694611],[110.502196,29.694728],[110.488889,29.703561],[110.460168,29.71556],[110.444298,29.693283],[110.441973,29.667124],[110.410457,29.663939],[110.408148,29.6563],[110.366903,29.635913],[110.349532,29.642675],[110.346737,29.647198],[110.348547,29.65527],[110.338829,29.66524],[110.338229,29.670105],[110.323177,29.669354],[110.305209,29.663064],[110.292101,29.66683],[110.287179,29.674434],[110.285062,29.698991],[110.273351,29.711686],[110.240938,29.734849],[110.21501,29.749244],[110.194263,29.755571],[110.155808,29.756273],[110.139906,29.773573],[110.108456,29.792106],[110.059117,29.785275],[110.019238,29.772185],[109.986053,29.774872],[109.97127,29.770818],[109.964976,29.774513],[109.945048,29.775736],[109.942042,29.781943],[109.935866,29.776996],[109.930878,29.778651],[109.907754,29.767432],[109.903266,29.766994],[109.895419,29.773449],[109.883788,29.76868],[109.865142,29.777472],[109.816114,29.772613],[109.774682,29.76037],[109.767017,29.753972],[109.764442,29.747128],[109.750426,29.745746],[109.747548,29.7426],[109.748699,29.736733],[109.753293,29.737546],[109.753812,29.734076],[109.768138,29.726847],[109.754462,29.713584],[109.761352,29.705534],[109.759056,29.695893],[109.732231,29.681028],[109.70941,29.675585],[109.713891,29.658146],[109.706164,29.646355],[109.696465,29.639007],[109.706072,29.632302],[109.712096,29.616597],[109.700229,29.61108],[109.671037,29.609928],[109.658789,29.60244],[109.653043,29.60458],[109.646375,29.612905],[109.646836,29.628969],[109.634674,29.626976],[109.606324,29.637356],[109.571759,29.631506],[109.571011,29.622656],[109.554024,29.609844],[109.543659,29.616178],[109.527324,29.617375],[109.528299,29.623679],[109.524309,29.628755],[109.511755,29.628683],[109.50953,29.620691],[109.520306,29.611523],[109.515083,29.610776],[109.511794,29.603072],[109.496689,29.608084],[109.491654,29.605652],[109.491108,29.601352],[109.498868,29.600386],[109.49925,29.591285],[109.492824,29.570753],[109.484467,29.556235],[109.473128,29.555753],[109.46296,29.562579],[109.456927,29.556809],[109.453688,29.533094],[109.459866,29.516213],[109.453665,29.515747],[109.443582,29.522102],[109.441587,29.531314],[109.430774,29.533644],[109.426044,29.531565],[109.42639,29.507802],[109.434526,29.498949],[109.435242,29.493836],[109.429938,29.49159],[109.414526,29.500083],[109.410201,29.49953],[109.405035,29.493109],[109.407589,29.48267],[109.400196,29.471276],[109.403287,29.464571],[109.412173,29.457327],[109.413278,29.451265],[109.406378,29.453146],[109.397462,29.447964],[109.401257,29.444499],[109.401435,29.437003],[109.386038,29.441409],[109.36524,29.422489],[109.363706,29.413931],[109.38035,29.396133],[109.3769,29.385933],[109.381501,29.3845],[109.386618,29.374859],[109.37186,29.379144],[109.363892,29.385497],[109.344977,29.37799],[109.339144,29.372076],[109.335324,29.338648],[109.340445,29.317342],[109.338267,29.310295],[109.347825,29.307236],[109.347065,29.286833],[109.310309,29.254881],[109.281392,29.244868],[109.27231,29.236184],[109.254126,29.227797],[109.254716,29.22092],[109.271409,29.20318],[109.265958,29.183173],[109.268805,29.174113],[109.261679,29.170172],[109.255636,29.159434],[109.259374,29.146934],[109.272481,29.136977],[109.272586,29.130687],[109.269496,29.125055],[109.251322,29.126163],[109.240706,29.118038],[109.227928,29.12239],[109.22555,29.13064],[109.211175,29.147889],[109.19844,29.154692],[109.166288,29.180689],[109.15779,29.18346],[109.1493,29.174834],[109.134673,29.171875],[109.11825,29.193983],[109.120264,29.198931],[109.105602,29.218933],[109.114674,29.230125],[109.113779,29.235076],[109.12003,29.244153],[109.119847,29.248716],[109.124995,29.251253],[109.137226,29.273131],[109.125203,29.285111],[109.101694,29.291187],[109.099856,29.295775],[109.109101,29.316818],[109.10378,29.322519],[109.109813,29.33539],[109.105169,29.344667],[109.108988,29.354908],[109.107722,29.363583],[109.096905,29.376077],[109.085613,29.381257],[109.076021,29.393236],[109.059468,29.404319],[109.048503,29.405341],[109.045847,29.399044],[109.031924,29.388648],[109.02886,29.380901],[109.029675,29.362522],[109.005257,29.362961],[108.994953,29.366702],[108.990257,29.357843],[108.983182,29.357483],[108.979293,29.33597],[108.968009,29.332109],[108.949763,29.333883],[108.914684,29.329792],[108.912375,29.337602],[108.919919,29.353059],[108.924138,29.354931],[108.921863,29.365996],[108.926751,29.372559],[108.925622,29.381984],[108.930214,29.389159],[108.929615,29.401981],[108.939433,29.41351],[108.923183,29.438293],[108.87643,29.445711],[108.868817,29.453658],[108.866951,29.462857],[108.869503,29.465619],[108.862246,29.475355],[108.866664,29.490863],[108.874356,29.492215],[108.883704,29.503721],[108.883453,29.53215],[108.874208,29.542189],[108.882689,29.555974],[108.908853,29.576013],[108.895566,29.587036],[108.904794,29.597192],[108.897009,29.607622],[108.892719,29.59823],[108.884975,29.597531],[108.881643,29.591305],[108.864056,29.600844],[108.881617,29.623967],[108.882337,29.635897],[108.865453,29.645804],[108.851495,29.639184],[108.841894,29.661281],[108.825452,29.654221],[108.823864,29.661244],[108.830826,29.669703],[108.829724,29.672627],[108.823734,29.674],[108.821,29.662524],[108.813352,29.650514],[108.815505,29.635156],[108.806564,29.635008],[108.800036,29.643277],[108.788369,29.63765],[108.777336,29.638483],[108.775704,29.64819],[108.781564,29.653366],[108.787892,29.650011],[108.793136,29.66276],[108.789784,29.67388],[108.780627,29.678069],[108.784498,29.688223],[108.781885,29.69418],[108.765296,29.696966],[108.748205,29.692003],[108.753777,29.681361],[108.76074,29.684885],[108.771564,29.678045],[108.76929,29.661917],[108.77916,29.658251],[108.777631,29.654904],[108.770183,29.654397],[108.765497,29.661341],[108.757406,29.663758],[108.754975,29.661291],[108.758626,29.656116],[108.756017,29.647852],[108.754377,29.654026],[108.748282,29.65167],[108.738656,29.658587],[108.736243,29.668379],[108.729247,29.674131],[108.706598,29.681836],[108.706017,29.687916],[108.713934,29.694751],[108.710461,29.701489],[108.682501,29.693092],[108.680539,29.69623],[108.688864,29.707166],[108.676382,29.72577],[108.682032,29.745757],[108.677353,29.752053],[108.672727,29.752316],[108.673048,29.764179],[108.677892,29.772254],[108.674177,29.780618],[108.676356,29.804039],[108.666754,29.814553],[108.653066,29.818548],[108.653829,29.820731],[108.664481,29.820441],[108.667111,29.825499],[108.66606,29.831398],[108.661407,29.8338],[108.663769,29.843504],[108.653534,29.85084],[108.657614,29.853008],[108.657085,29.856589],[108.63117,29.857537],[108.628677,29.859525],[108.629218,29.867013],[108.62262,29.869592],[108.604075,29.865763],[108.597297,29.868395],[108.583847,29.856693],[108.5833,29.850187],[108.574567,29.849325],[108.575748,29.833993],[108.560296,29.820951],[108.5533,29.821805],[108.549854,29.818756],[108.530227,29.790209],[108.518262,29.766461],[108.541225,29.756061],[108.544784,29.748461],[108.533274,29.739437],[108.52356,29.738375],[108.516746,29.732858],[108.511103,29.739189],[108.500166,29.733227],[108.511181,29.720401],[108.509602,29.715012],[108.502128,29.710843],[108.483872,29.726577],[108.464845,29.730959],[108.456997,29.743168],[108.432631,29.743265],[108.435643,29.752588],[108.43435,29.759847],[108.44099,29.766862],[108.440305,29.778404],[108.435817,29.781109],[108.417144,29.776106],[108.412466,29.789796],[108.415574,29.801973],[108.420991,29.806645],[108.419998,29.817747],[108.403234,29.824],[108.398936,29.837953],[108.388629,29.838294],[108.391363,29.831741],[108.389706,29.818937],[108.362476,29.822556]]],[[[109.098646,30.581591],[109.101319,30.587806],[109.10513,30.57843],[109.098646,30.581591]]],[[[109.093767,30.582195],[109.095703,30.582952],[109.10368,30.573017],[109.100494,30.573418],[109.093767,30.582195]]]]}},{"type":"Feature","properties":{"id":"cn:422801","name":"恩施市","level":2},"geometry":{"type":"Polygon","coordinates":[[[109.094532,30.473808],[109.105078,30.48279],[109.125026,30.488079],[109.12691,30.502353],[109.13447,30.510873],[109.147195,30.512368],[109.145763,30.518423],[109.14019,30.518946],[109.140607,30.523395],[109.159027,30.539581],[109.164157,30.548433],[109.183669,30.550258],[109.187345,30.548115],[109.218063,30.572142],[109.242967,30.585756],[109.237993,30.587645],[109.223123,30.583413],[109.222802,30.588179],[109.25235,30.599086],[109.274051,30.612677],[109.296569,30.633577],[109.297628,30.626615],[109.308747,30.612646],[109.318009,30.619416],[109.323278,30.618512],[109.318417,30.606607],[109.310414,30.603421],[109.310856,30.599531],[109.339337,30.579567],[109.356204,30.557123],[109.356082,30.55339],[109.332263,30.523301],[109.336672,30.515181],[109.337922,30.497181],[109.347141,30.489622],[109.35077,30.490048],[109.413077,30.562358],[109.431897,30.599679],[109.444335,30.606111],[109.454891,30.619199],[109.479709,30.626457],[109.487521,30.638719],[109.509855,30.657938],[109.52976,30.667285],[109.533145,30.666581],[109.536652,30.654267],[109.529335,30.64183],[109.562677,30.64855],[109.551427,30.618264],[109.551851,30.607904],[109.563636,30.591745],[109.591964,30.5881],[109.596678,30.579929],[109.603314,30.575803],[109.62377,30.574459],[109.624912,30.5687],[109.639797,30.566626],[109.640043,30.559808],[109.634886,30.54926],[109.644079,30.542015],[109.645711,30.531631],[109.654876,30.526729],[109.65408,30.523164],[109.657503,30.524158],[109.662212,30.518186],[109.664669,30.520146],[109.667772,30.513832],[109.670228,30.51494],[109.678168,30.508293],[109.681818,30.51173],[109.688313,30.50899],[109.701682,30.514287],[109.710241,30.513838],[109.727824,30.490606],[109.743994,30.480981],[109.761227,30.505414],[109.76146,30.509934],[109.773854,30.518507],[109.790954,30.52298],[109.812829,30.517773],[109.815833,30.519414],[109.816657,30.524608],[109.810095,30.533904],[109.809548,30.540739],[109.812282,30.542928],[109.816935,30.544839],[109.850303,30.537562],[109.87637,30.543653],[109.883263,30.541103],[109.890903,30.531426],[109.894143,30.513993],[109.900489,30.511927],[109.907482,30.501093],[109.905068,30.486908],[109.908277,30.476562],[109.903369,30.472262],[109.894066,30.477953],[109.891929,30.48446],[109.880774,30.490075],[109.877325,30.488151],[109.869739,30.46364],[109.872272,30.445975],[109.884111,30.429563],[109.899288,30.415718],[109.9007,30.405832],[109.905452,30.399125],[109.906903,30.384421],[109.92314,30.365115],[109.916666,30.358123],[109.916992,30.34871],[109.932404,30.34939],[109.940268,30.33067],[109.951385,30.317769],[109.959407,30.314306],[109.962424,30.294457],[109.960193,30.279101],[109.945827,30.271137],[109.948648,30.259428],[109.931634,30.249412],[109.922997,30.227202],[109.922398,30.214362],[109.924481,30.211601],[109.934307,30.21523],[109.938006,30.212919],[109.944229,30.196836],[109.954976,30.181651],[109.957424,30.154804],[109.960826,30.149515],[109.97371,30.148102],[109.98171,30.143835],[109.977112,30.140572],[109.976818,30.114063],[109.948882,30.108057],[109.947276,30.105083],[109.954299,30.090141],[109.950783,30.07938],[109.942008,30.07185],[109.926747,30.080862],[109.911824,30.115693],[109.90389,30.119561],[109.885982,30.113743],[109.869211,30.129803],[109.856456,30.129634],[109.848713,30.12548],[109.829433,30.126906],[109.821662,30.124025],[109.817811,30.112377],[109.806723,30.115114],[109.804791,30.120795],[109.799389,30.118977],[109.782954,30.093956],[109.78383,30.080653],[109.780203,30.070074],[109.769152,30.066801],[109.762259,30.072274],[109.749672,30.102035],[109.740376,30.111623],[109.721591,30.119779],[109.682329,30.113119],[109.676965,30.126396],[109.666549,30.139569],[109.648571,30.147138],[109.63351,30.157841],[109.638831,30.188755],[109.648217,30.209677],[109.642403,30.220154],[109.628389,30.220734],[109.619544,30.211096],[109.608072,30.211364],[109.590972,30.217998],[109.566019,30.218736],[109.553888,30.201827],[109.536195,30.203521],[109.532524,30.198611],[109.520603,30.19435],[109.52665,30.185366],[109.519798,30.18289],[109.518799,30.178258],[109.530208,30.176732],[109.527289,30.167978],[109.52955,30.16116],[109.511368,30.135518],[109.499136,30.105887],[109.510473,30.096701],[109.512314,30.091423],[109.480986,30.040771],[109.466976,30.039407],[109.457748,30.046293],[109.442209,30.075893],[109.42609,30.075215],[109.415787,30.071321],[109.395827,30.057664],[109.385639,30.059317],[109.36583,30.069271],[109.358955,30.066062],[109.340414,30.03464],[109.31504,30.009408],[109.305769,29.988991],[109.302315,29.970183],[109.298617,29.964447],[109.288313,29.95848],[109.285666,29.941277],[109.243956,29.910057],[109.239468,29.87955],[109.230762,29.875871],[109.20492,29.874697],[109.197542,29.870791],[109.192515,29.854961],[109.191734,29.839363],[109.172481,29.848741],[109.163236,29.866619],[109.171674,29.883142],[109.160849,29.897348],[109.167437,29.919835],[109.168219,29.930834],[109.164724,29.93982],[109.169507,29.968314],[109.163564,29.984098],[109.167405,29.987785],[109.165976,29.996329],[109.170906,30.005536],[109.164497,30.008873],[109.143765,29.996275],[109.136188,29.996836],[109.140842,30.016602],[109.147149,30.027776],[109.147109,30.042067],[109.143544,30.050527],[109.130513,30.050565],[109.12801,30.054491],[109.127587,30.062747],[109.134556,30.08171],[109.132699,30.091796],[109.140346,30.111536],[109.138488,30.124604],[109.159625,30.141612],[109.15169,30.15926],[109.141621,30.162224],[109.134226,30.159461],[109.121812,30.144988],[109.099834,30.172013],[109.099018,30.181873],[109.101657,30.186464],[109.120173,30.197507],[109.128097,30.20853],[109.168045,30.229234],[109.181803,30.232002],[109.193183,30.227888],[109.203782,30.232258],[109.209347,30.238688],[109.207212,30.250154],[109.210127,30.256348],[109.241915,30.271746],[109.300206,30.314894],[109.30656,30.326594],[109.306056,30.338518],[109.28353,30.349059],[109.276915,30.358916],[109.258357,30.36785],[109.248288,30.388484],[109.239538,30.393521],[109.208262,30.387757],[109.19288,30.39072],[109.17538,30.383589],[109.163704,30.400316],[109.133479,30.402795],[109.120981,30.428916],[109.123881,30.448645],[109.120156,30.460563],[109.109793,30.469259],[109.094532,30.473808]]]}},{"type":"Feature","properties":{"id":"cn:422802","name":"利川市","level":2},"geometry":{"type":"MultiPolygon","coordinates":[[[[108.362476,29.822556],[108.368617,29.83735],[108.366963,29.844066],[108.387736,29.856491],[108.38218,29.863731],[108.387892,29.866074],[108.396599,29.858956],[108.403168,29.859996],[108.408565,29.867917],[108.412437,29.867606],[108.421676,29.875214],[108.420383,29.881163],[108.423656,29.882723],[108.448656,29.874182],[108.451043,29.869401],[108.457588,29.866872],[108.486477,29.870588],[108.491338,29.879503],[108.496555,29.882106],[108.504721,29.881258],[108.505304,29.87472],[108.512267,29.867798],[108.513768,29.870142],[108.515209,29.8771],[108.511911,29.888279],[108.520036,29.898019],[108.51659,29.906625],[108.520184,29.912573],[108.511747,29.930448],[108.512692,29.938969],[108.52955,29.972886],[108.538431,30.000085],[108.534507,30.005119],[108.524637,30.008164],[108.52712,30.047487],[108.52113,30.051239],[108.527727,30.054711],[108.527545,30.057793],[108.519967,30.06135],[108.510992,30.05563],[108.509151,30.060089],[108.518613,30.074985],[108.528101,30.076398],[108.528952,30.086899],[108.541877,30.107103],[108.563761,30.159732],[108.557849,30.160085],[108.547797,30.166619],[108.564716,30.228407],[108.562154,30.234115],[108.569359,30.239979],[108.577988,30.256433],[108.576087,30.259028],[108.561807,30.25798],[108.557866,30.265654],[108.547791,30.267076],[108.541631,30.271888],[108.541972,30.27902],[108.532438,30.282509],[108.529655,30.294297],[108.520349,30.297599],[108.522296,30.302484],[108.519708,30.304783],[108.522348,30.307256],[108.51947,30.312017],[108.511158,30.317741],[108.505362,30.315795],[108.493955,30.319008],[108.478331,30.338576],[108.464614,30.346327],[108.455992,30.362049],[108.448101,30.358385],[108.42817,30.356551],[108.418918,30.367907],[108.397199,30.378183],[108.395003,30.392599],[108.420037,30.398565],[108.417387,30.413871],[108.42592,30.418035],[108.417777,30.430828],[108.407222,30.43932],[108.40888,30.445661],[108.417942,30.45274],[108.416457,30.468261],[108.411431,30.470995],[108.409677,30.478828],[108.413889,30.486982],[108.418668,30.491426],[108.422641,30.490556],[108.42241,30.494665],[108.430209,30.495883],[108.435381,30.488173],[108.437848,30.494607],[108.448977,30.498588],[108.451566,30.497827],[108.450954,30.491265],[108.472066,30.490562],[108.485284,30.503073],[108.503531,30.505764],[108.52334,30.49001],[108.527889,30.493573],[108.53446,30.488601],[108.530701,30.493446],[108.53867,30.494646],[108.551969,30.490196],[108.547654,30.486246],[108.55433,30.483492],[108.559938,30.471956],[108.563419,30.471361],[108.571821,30.481867],[108.57571,30.482307],[108.577524,30.488657],[108.58709,30.490542],[108.586431,30.497459],[108.59439,30.496652],[108.607229,30.504935],[108.607323,30.507849],[108.601387,30.509412],[108.600796,30.514152],[108.61755,30.518207],[108.619962,30.522561],[108.615952,30.525631],[108.645121,30.54054],[108.645621,30.556633],[108.639375,30.564418],[108.635672,30.577457],[108.647349,30.586236],[108.661924,30.591251],[108.686793,30.588677],[108.695648,30.564408],[108.692712,30.560786],[108.694712,30.547506],[108.711187,30.535744],[108.707501,30.525802],[108.721888,30.517981],[108.719584,30.510147],[108.723851,30.505993],[108.741976,30.497313],[108.752687,30.506903],[108.767757,30.505733],[108.785578,30.515882],[108.794823,30.508538],[108.799953,30.496404],[108.80406,30.493799],[108.842184,30.510882],[108.848642,30.517698],[108.850413,30.525487],[108.871516,30.540122],[108.896998,30.575055],[108.907465,30.580793],[108.920814,30.594733],[108.939491,30.604528],[108.967563,30.630131],[108.976851,30.63137],[108.9814,30.625432],[108.994157,30.634817],[108.999593,30.629691],[109.005139,30.629749],[109.017428,30.645448],[109.033446,30.652367],[109.03806,30.657721],[109.044426,30.647952],[109.051015,30.644662],[109.065952,30.642665],[109.082523,30.649047],[109.094418,30.640415],[109.09943,30.6422],[109.102313,30.647866],[109.108438,30.647662],[109.117447,30.633991],[109.110155,30.618334],[109.103315,30.613441],[109.088316,30.611338],[109.080801,30.606459],[109.078744,30.60062],[109.09197,30.57453],[109.099635,30.567456],[109.108611,30.551021],[109.120138,30.541032],[109.119531,30.534076],[109.135703,30.536472],[109.14019,30.518946],[109.145763,30.518423],[109.147795,30.513699],[109.131649,30.508351],[109.125105,30.49841],[109.125026,30.488079],[109.105078,30.48279],[109.094558,30.474993],[109.095643,30.472032],[109.109793,30.469259],[109.120156,30.460563],[109.123881,30.448645],[109.120981,30.428916],[109.133479,30.402795],[109.163704,30.400316],[109.17538,30.383589],[109.19288,30.39072],[109.208262,30.387757],[109.239538,30.393521],[109.248288,30.388484],[109.258357,30.36785],[109.276915,30.358916],[109.28353,30.349059],[109.30208,30.34173],[109.306056,30.338518],[109.306577,30.333243],[109.30524,30.321778],[109.300206,30.314894],[109.241915,30.271746],[109.210127,30.256348],[109.207212,30.250154],[109.209347,30.238688],[109.203782,30.232258],[109.193183,30.227888],[109.181803,30.232002],[109.168045,30.229234],[109.128097,30.20853],[109.120173,30.197507],[109.101657,30.186464],[109.099018,30.181873],[109.099834,30.172013],[109.121812,30.144988],[109.134226,30.159461],[109.141621,30.162224],[109.15169,30.15926],[109.159625,30.141612],[109.138488,30.124604],[109.139564,30.106719],[109.133479,30.094782],[109.134556,30.08171],[109.127587,30.062747],[109.130513,30.050565],[109.145688,30.048611],[109.140362,30.038456],[109.119548,30.03054],[109.096076,30.001136],[109.08657,29.995844],[109.059359,30.004505],[109.047476,30.004935],[109.032953,29.999397],[109.004776,29.964004],[108.998743,29.947016],[108.981068,29.942151],[108.962554,29.952648],[108.954559,29.982899],[108.963977,30.014119],[108.960522,30.026722],[108.95258,30.033353],[108.9354,30.035134],[108.931946,30.039251],[108.932458,30.044984],[108.926651,30.045428],[108.89975,30.029053],[108.888986,30.005163],[108.871607,29.990651],[108.862961,29.975938],[108.864845,29.96425],[108.870948,29.959227],[108.87653,29.944796],[108.873916,29.937448],[108.855253,29.917424],[108.853995,29.898382],[108.860166,29.872487],[108.834542,29.881793],[108.826893,29.88245],[108.816364,29.878509],[108.789689,29.8839],[108.780739,29.87859],[108.773925,29.868007],[108.770488,29.869599],[108.76699,29.886553],[108.76435,29.886315],[108.747059,29.862153],[108.727736,29.876742],[108.711781,29.900749],[108.693912,29.911438],[108.682975,29.898213],[108.656573,29.889027],[108.65524,29.882113],[108.657534,29.879652],[108.653613,29.875909],[108.621998,29.872483],[108.616952,29.868428],[108.604287,29.86579],[108.597297,29.868395],[108.583847,29.856693],[108.5833,29.850187],[108.573213,29.847474],[108.575748,29.833993],[108.560296,29.820951],[108.5533,29.821805],[108.549854,29.818756],[108.521069,29.773642],[108.518262,29.766461],[108.52119,29.763341],[108.535904,29.7595],[108.544359,29.752287],[108.544784,29.748461],[108.533274,29.739437],[108.52356,29.738375],[108.516746,29.732858],[108.511103,29.739189],[108.500166,29.733227],[108.511181,29.720401],[108.509602,29.715012],[108.502128,29.710843],[108.483872,29.726577],[108.464845,29.730959],[108.456997,29.743168],[108.432631,29.743265],[108.435643,29.752588],[108.43435,29.759847],[108.44099,29.766862],[108.440305,29.778404],[108.435817,29.781109],[108.417144,29.776106],[108.412466,29.789796],[108.415574,29.801973],[108.420991,29.806645],[108.419998,29.817747],[108.403234,29.824],[108.398936,29.837953],[108.388629,29.838294],[108.391363,29.831741],[108.389706,29.818937],[108.362476,29.822556]]],[[[109.098646,30.581591],[109.101319,30.587806],[109.10513,30.57843],[109.098646,30.581591]]],[[[109.093767,30.582195],[109.095703,30.582952],[109.10368,30.573017],[109.100494,30.573418],[109.093767,30.582195]]]]}},{"type":"Feature","properties":{"id":"cn:422822","name":"建始县","level":2},"geometry":{"type":"Polygon","coordinates":[[[109.551427,30.618264],[109.562677,30.64855],[109.571504,30.651137],[109.572399,30.65798],[109.583327,30.667361],[109.576947,30.673503],[109.585974,30.696083],[109.597572,30.701499],[109.620731,30.705325],[109.644316,30.721549],[109.653318,30.734168],[109.656235,30.741642],[109.65192,30.763031],[109.680574,30.771189],[109.687337,30.781419],[109.697241,30.786145],[109.699498,30.783715],[109.696503,30.772974],[109.713222,30.781143],[109.715861,30.78634],[109.710782,30.792692],[109.711694,30.804147],[109.724724,30.817822],[109.775861,30.851003],[109.824054,30.866895],[109.889818,30.902342],[109.900938,30.902346],[109.927571,30.890219],[109.936157,30.892223],[109.940619,30.880633],[109.953604,30.879969],[109.971121,30.891128],[109.976937,30.888852],[109.990167,30.890247],[109.992397,30.885926],[110.002502,30.886662],[110.000184,30.872317],[110.012991,30.857673],[110.014645,30.831949],[110.026963,30.822798],[110.034151,30.822822],[110.037988,30.807564],[110.045453,30.802484],[110.069836,30.80458],[110.077171,30.801841],[110.084287,30.812947],[110.084404,30.818309],[110.090731,30.823792],[110.090574,30.831935],[110.109087,30.846437],[110.11994,30.836348],[110.151911,30.843606],[110.169385,30.831804],[110.20395,30.826544],[110.219853,30.8191],[110.220808,30.808087],[110.211486,30.792771],[110.209438,30.781455],[110.191166,30.775038],[110.17554,30.762448],[110.176357,30.754371],[110.155077,30.743522],[110.141025,30.721505],[110.135035,30.698119],[110.122223,30.686459],[110.110765,30.684669],[110.102128,30.669769],[110.088508,30.656271],[110.094567,30.645925],[110.094741,30.63032],[110.103203,30.622952],[110.102631,30.61515],[110.11126,30.587303],[110.12415,30.567069],[110.11954,30.549643],[110.122336,30.528292],[110.114514,30.506288],[110.12935,30.499949],[110.132023,30.487719],[110.13198,30.480146],[110.120218,30.463662],[110.124619,30.444371],[110.11974,30.423503],[110.121729,30.401754],[110.112137,30.391861],[110.1156,30.380051],[110.107067,30.369981],[110.113404,30.351926],[110.10764,30.330398],[110.113552,30.309263],[110.104134,30.292577],[110.10323,30.280887],[110.108995,30.274202],[110.128867,30.285331],[110.139868,30.298717],[110.154747,30.304704],[110.16123,30.320594],[110.165664,30.313858],[110.175818,30.308681],[110.172645,30.277443],[110.178833,30.280666],[110.184204,30.273556],[110.188331,30.274979],[110.191917,30.259919],[110.183258,30.234862],[110.187196,30.225974],[110.174118,30.210955],[110.17012,30.199501],[110.150124,30.183208],[110.1361,30.180374],[110.125694,30.173658],[110.109726,30.171428],[110.031313,30.133116],[109.999785,30.127998],[109.977997,30.113196],[109.975159,30.124783],[109.977112,30.140572],[109.98171,30.143835],[109.97371,30.148102],[109.960826,30.149515],[109.957424,30.154804],[109.954976,30.181651],[109.944229,30.196836],[109.938006,30.212919],[109.934307,30.21523],[109.924481,30.211601],[109.922398,30.214362],[109.922997,30.227202],[109.931634,30.249412],[109.945974,30.25646],[109.94897,30.266078],[109.945827,30.271137],[109.960193,30.279101],[109.962424,30.294457],[109.959407,30.314306],[109.951385,30.317769],[109.940268,30.33067],[109.932404,30.34939],[109.916992,30.34871],[109.916666,30.358123],[109.92314,30.365115],[109.906903,30.384421],[109.905452,30.399125],[109.9007,30.405832],[109.899288,30.415718],[109.884111,30.429563],[109.870458,30.452173],[109.869739,30.46364],[109.877325,30.488151],[109.880774,30.490075],[109.891929,30.48446],[109.894066,30.477953],[109.903369,30.472262],[109.908277,30.476562],[109.905068,30.486908],[109.907482,30.501093],[109.900489,30.511927],[109.893899,30.514406],[109.887742,30.536271],[109.87637,30.543653],[109.850303,30.537562],[109.816935,30.544839],[109.809548,30.540739],[109.810095,30.533904],[109.816657,30.524608],[109.815833,30.519414],[109.812829,30.517773],[109.790954,30.52298],[109.773854,30.518507],[109.76146,30.509934],[109.761227,30.505414],[109.743994,30.480981],[109.727824,30.490606],[109.710241,30.513838],[109.701682,30.514287],[109.688313,30.50899],[109.681818,30.51173],[109.678168,30.508293],[109.670228,30.51494],[109.667772,30.513832],[109.664669,30.520146],[109.662212,30.518186],[109.657503,30.524158],[109.65408,30.523164],[109.654876,30.526729],[109.645711,30.531631],[109.644079,30.542015],[109.634886,30.54926],[109.640043,30.559808],[109.639797,30.566626],[109.624912,30.5687],[109.62377,30.574459],[109.603314,30.575803],[109.59139,30.588284],[109.565203,30.590516],[109.551851,30.607904],[109.551427,30.618264]]]}},{"type":"Feature","properties":{"id":"cn:422823","name":"巴东县","level":2},"geometry":{"type":"Polygon","coordinates":[[[110.088508,30.656271],[110.102128,30.669769],[110.110765,30.684669],[110.122223,30.686459],[110.135035,30.698119],[110.141025,30.721505],[110.155077,30.743522],[110.176357,30.754371],[110.17554,30.762448],[110.191166,30.775038],[110.209438,30.781455],[110.211486,30.792771],[110.216988,30.798939],[110.221937,30.814729],[110.211381,30.823972],[110.169385,30.831804],[110.151911,30.843606],[110.11994,30.836348],[110.109087,30.846437],[110.118963,30.870359],[110.146622,30.913745],[110.140062,30.928008],[110.148033,30.954171],[110.158271,30.96293],[110.156672,30.970841],[110.16817,30.982117],[110.166819,30.989398],[110.158488,30.993823],[110.130938,30.988923],[110.132171,31.001917],[110.135852,31.00718],[110.136191,31.021642],[110.132163,31.028113],[110.135348,31.031722],[110.115687,31.034096],[110.121486,31.05677],[110.128239,31.063456],[110.126503,31.0671],[110.120213,31.066957],[110.122423,31.070902],[110.116992,31.074984],[110.117892,31.086586],[110.115013,31.091551],[110.11699,31.096264],[110.124775,31.098356],[110.130314,31.108354],[110.140722,31.110261],[110.141807,31.11899],[110.149906,31.120756],[110.157432,31.118179],[110.180435,31.127787],[110.184385,31.131629],[110.181833,31.147473],[110.194845,31.160811],[110.192727,31.165101],[110.179558,31.173174],[110.17514,31.181714],[110.17146,31.200162],[110.172493,31.212905],[110.16613,31.22154],[110.164533,31.230016],[110.169766,31.245749],[110.166762,31.25245],[110.157353,31.253991],[110.155382,31.257246],[110.157205,31.261821],[110.151059,31.279337],[110.151537,31.287865],[110.157136,31.293026],[110.15888,31.305262],[110.172605,31.297225],[110.208871,31.308008],[110.242344,31.336899],[110.267882,31.346122],[110.316624,31.396897],[110.338685,31.396871],[110.347867,31.38876],[110.352392,31.389243],[110.354933,31.393927],[110.370023,31.391256],[110.384502,31.376981],[110.398756,31.3775],[110.414775,31.366771],[110.433989,31.359484],[110.433242,31.343089],[110.441574,31.338057],[110.442588,31.331107],[110.436553,31.319772],[110.421645,31.313162],[110.431229,31.30385],[110.433475,31.290988],[110.429113,31.285742],[110.4324,31.279507],[110.444999,31.271619],[110.447301,31.262849],[110.459143,31.264236],[110.469742,31.254749],[110.493111,31.256278],[110.500656,31.252817],[110.479191,31.233958],[110.483769,31.21234],[110.479984,31.206184],[110.470366,31.205801],[110.472061,31.202529],[110.468417,31.196895],[110.471003,31.188294],[110.495112,31.184883],[110.495328,31.162706],[110.507091,31.156006],[110.5097,31.146138],[110.534168,31.133647],[110.531123,31.123102],[110.512553,31.109775],[110.502361,31.093963],[110.493203,31.087852],[110.473967,31.087097],[110.460842,31.083539],[110.459201,31.080575],[110.463281,31.06495],[110.472536,31.048947],[110.472585,31.039969],[110.441164,31.032808],[110.437682,31.001426],[110.439722,30.971734],[110.434621,30.957622],[110.435079,30.949677],[110.41931,30.91381],[110.426604,30.910929],[110.437918,30.883227],[110.417769,30.873261],[110.408585,30.877848],[110.399511,30.875071],[110.369062,30.847859],[110.358122,30.844774],[110.35053,30.834102],[110.33093,30.829289],[110.332419,30.825713],[110.327497,30.822738],[110.327793,30.815731],[110.334291,30.808615],[110.33315,30.804087],[110.319896,30.785711],[110.313254,30.764571],[110.32633,30.755319],[110.344343,30.755908],[110.355306,30.759209],[110.369955,30.769924],[110.379645,30.784078],[110.406165,30.785236],[110.422807,30.78124],[110.428464,30.773898],[110.436164,30.747175],[110.449123,30.733407],[110.455864,30.733117],[110.455428,30.723378],[110.460472,30.715758],[110.451661,30.703901],[110.447329,30.672001],[110.458617,30.668423],[110.464131,30.651548],[110.444023,30.65187],[110.442092,30.632495],[110.427685,30.619711],[110.438368,30.606051],[110.448899,30.60495],[110.460964,30.596668],[110.466889,30.580401],[110.461508,30.565353],[110.474253,30.564572],[110.479716,30.567863],[110.483389,30.559801],[110.482596,30.556396],[110.473206,30.556866],[110.465995,30.552466],[110.469104,30.544168],[110.461477,30.525227],[110.446413,30.523686],[110.445421,30.518144],[110.439907,30.513693],[110.434387,30.491949],[110.406638,30.485354],[110.396907,30.492586],[110.396074,30.489132],[110.404007,30.483146],[110.402052,30.480015],[110.382008,30.471563],[110.36868,30.476881],[110.362782,30.472972],[110.362085,30.468964],[110.372768,30.44805],[110.368136,30.443741],[110.369948,30.425945],[110.363158,30.420624],[110.362043,30.415367],[110.364303,30.407864],[110.372828,30.403487],[110.373254,30.399528],[110.370477,30.393327],[110.358316,30.383869],[110.348299,30.36262],[110.34842,30.349319],[110.362084,30.338663],[110.34586,30.333743],[110.36263,30.317791],[110.368342,30.30674],[110.348542,30.26584],[110.345139,30.245916],[110.318464,30.252767],[110.293516,30.246068],[110.271277,30.246226],[110.250748,30.236988],[110.240692,30.240602],[110.199682,30.229282],[110.186017,30.231102],[110.183258,30.234862],[110.191917,30.259919],[110.189636,30.270676],[110.188331,30.274979],[110.184204,30.273556],[110.181396,30.276009],[110.180244,30.280413],[110.172645,30.277443],[110.175818,30.308681],[110.165664,30.313858],[110.16123,30.320594],[110.153915,30.303986],[110.139868,30.298717],[110.128867,30.285331],[110.106356,30.274906],[110.1033,30.289372],[110.113552,30.309263],[110.10764,30.330398],[110.113404,30.351926],[110.107067,30.369981],[110.1156,30.380051],[110.112137,30.391861],[110.121729,30.401754],[110.11974,30.423503],[110.124619,30.444371],[110.120218,30.463662],[110.13198,30.480146],[110.132023,30.487719],[110.12935,30.499949],[110.114514,30.506288],[110.122336,30.528292],[110.11954,30.549643],[110.12415,30.567069],[110.11126,30.587303],[110.102631,30.61515],[110.103203,30.622952],[110.094741,30.63032],[110.094567,30.645925],[110.088508,30.656271]]]}},{"type":"Feature","properties":{"id":"cn:422825","name":"宣恩县","level":2},"geometry":{"type":"Polygon","coordinates":[[[109.191734,29.839363],[109.192515,29.854961],[109.197542,29.870791],[109.20492,29.874697],[109.230762,29.875871],[109.239468,29.87955],[109.243956,29.910057],[109.285666,29.941277],[109.288313,29.95848],[109.298617,29.964447],[109.302315,29.970183],[109.305769,29.988991],[109.31504,30.009408],[109.340414,30.03464],[109.358955,30.066062],[109.36583,30.069271],[109.385639,30.059317],[109.395827,30.057664],[109.415787,30.071321],[109.42609,30.075215],[109.442209,30.075893],[109.457748,30.046293],[109.466976,30.039407],[109.480986,30.040771],[109.512314,30.091423],[109.510473,30.096701],[109.499136,30.105887],[109.511368,30.135518],[109.52955,30.16116],[109.527289,30.167978],[109.530208,30.176732],[109.518799,30.178258],[109.519798,30.18289],[109.52665,30.185366],[109.520603,30.19435],[109.532524,30.198611],[109.536195,30.203521],[109.553888,30.201827],[109.566019,30.218736],[109.590972,30.217998],[109.608072,30.211364],[109.619544,30.211096],[109.628389,30.220734],[109.642403,30.220154],[109.648217,30.209677],[109.638831,30.188755],[109.63351,30.157841],[109.648571,30.147138],[109.666549,30.139569],[109.676965,30.126396],[109.682329,30.113119],[109.721591,30.119779],[109.740376,30.111623],[109.749672,30.102035],[109.762259,30.072274],[109.769152,30.066801],[109.780203,30.070074],[109.78383,30.080653],[109.782954,30.093956],[109.799389,30.118977],[109.804791,30.120795],[109.806723,30.115114],[109.817811,30.112377],[109.821662,30.124025],[109.829433,30.126906],[109.848713,30.12548],[109.856456,30.129634],[109.869542,30.129732],[109.889412,30.1133],[109.90389,30.119561],[109.915288,30.111119],[109.925427,30.085002],[109.926747,30.080862],[109.888561,30.063361],[109.875236,30.046673],[109.863301,30.039379],[109.860072,30.029989],[109.861313,30.016911],[109.830801,29.995695],[109.831791,29.984684],[109.846,29.976372],[109.843856,29.971337],[109.826626,29.960161],[109.82574,29.944796],[109.821738,29.9377],[109.791496,29.911428],[109.767156,29.898663],[109.761401,29.858544],[109.778641,29.828441],[109.781435,29.810085],[109.770212,29.782136],[109.787086,29.766062],[109.770984,29.757859],[109.764442,29.747128],[109.750426,29.745746],[109.747548,29.7426],[109.748699,29.736733],[109.753293,29.737546],[109.753812,29.734076],[109.768138,29.726847],[109.754462,29.713584],[109.761352,29.705534],[109.757491,29.693937],[109.732231,29.681028],[109.70941,29.675585],[109.713891,29.658146],[109.706164,29.646355],[109.696465,29.639007],[109.706072,29.632302],[109.712434,29.620036],[109.712096,29.616597],[109.703502,29.611919],[109.674058,29.610724],[109.657408,29.602651],[109.646375,29.612905],[109.646836,29.628969],[109.634674,29.626976],[109.606324,29.637356],[109.571759,29.631506],[109.571011,29.622656],[109.554024,29.609844],[109.543659,29.616178],[109.527324,29.617375],[109.528299,29.623679],[109.524309,29.628755],[109.511755,29.628683],[109.50953,29.620691],[109.520306,29.611523],[109.515083,29.610776],[109.511794,29.603072],[109.496689,29.608084],[109.491654,29.605652],[109.491108,29.601352],[109.498868,29.600386],[109.49925,29.591285],[109.492824,29.570753],[109.48384,29.555806],[109.473128,29.555753],[109.46296,29.562579],[109.456393,29.555227],[109.450897,29.555643],[109.427209,29.563373],[109.421311,29.569165],[109.422534,29.584513],[109.417132,29.588552],[109.41048,29.588311],[109.407748,29.60238],[109.389269,29.612138],[109.377028,29.612846],[109.367775,29.586928],[109.35781,29.597023],[109.352315,29.63051],[109.326273,29.64358],[109.321291,29.649314],[109.323938,29.662618],[109.332888,29.663078],[109.336309,29.671106],[109.334476,29.675921],[109.312637,29.691971],[109.310275,29.703671],[109.31636,29.718119],[109.301621,29.73463],[109.316117,29.754819],[109.301907,29.768117],[109.303487,29.772707],[109.32511,29.79152],[109.325657,29.81285],[109.315649,29.818812],[109.311707,29.828443],[109.296327,29.834216],[109.256856,29.825433],[109.23762,29.806612],[109.22998,29.802243],[109.219954,29.803843],[109.210727,29.814151],[109.196231,29.822623],[109.191734,29.839363]]]}},{"type":"Feature","properties":{"id":"cn:422826","name":"咸丰县","level":2},"geometry":{"type":"Polygon","coordinates":[[[108.619368,29.86984],[108.621998,29.872483],[108.653613,29.875909],[108.657534,29.879652],[108.65524,29.882113],[108.656573,29.889027],[108.682975,29.898213],[108.693912,29.911438],[108.711781,29.900749],[108.727736,29.876742],[108.747059,29.862153],[108.76435,29.886315],[108.76699,29.886553],[108.770488,29.869599],[108.773925,29.868007],[108.780739,29.87859],[108.789689,29.8839],[108.816364,29.878509],[108.826893,29.88245],[108.834542,29.881793],[108.860166,29.872487],[108.853995,29.898382],[108.855253,29.917424],[108.873916,29.937448],[108.87653,29.944796],[108.870948,29.959227],[108.864845,29.96425],[108.862961,29.975938],[108.871607,29.990651],[108.888986,30.005163],[108.90264,30.031814],[108.93008,30.046357],[108.9354,30.035134],[108.957337,30.030842],[108.963977,30.014119],[108.954559,29.982899],[108.962554,29.952648],[108.981068,29.942151],[108.998743,29.947016],[109.004776,29.964004],[109.032953,29.999397],[109.050114,30.004943],[109.08657,29.995844],[109.090268,29.997227],[109.119548,30.03054],[109.140362,30.038456],[109.145715,30.046359],[109.147149,30.027776],[109.140842,30.016602],[109.136188,29.996836],[109.143765,29.996275],[109.164497,30.008873],[109.170906,30.005536],[109.165976,29.996329],[109.167405,29.987785],[109.163564,29.984098],[109.169507,29.968314],[109.164724,29.93982],[109.168219,29.930834],[109.167437,29.919835],[109.160849,29.897348],[109.171674,29.883142],[109.163236,29.866619],[109.168002,29.854467],[109.172481,29.848741],[109.191734,29.839363],[109.196231,29.822623],[109.210727,29.814151],[109.219954,29.803843],[109.22998,29.802243],[109.23762,29.806612],[109.256856,29.825433],[109.296327,29.834216],[109.311707,29.828443],[109.315649,29.818812],[109.325657,29.81285],[109.32511,29.79152],[109.303487,29.772707],[109.301907,29.768117],[109.316117,29.754819],[109.301621,29.73463],[109.31636,29.718119],[109.310275,29.703671],[109.312637,29.691971],[109.334476,29.675921],[109.335258,29.666518],[109.32867,29.661012],[109.318938,29.665619],[109.290778,29.666756],[109.284451,29.659875],[109.27893,29.641985],[109.267372,29.628074],[109.266151,29.620143],[109.250679,29.624655],[109.243897,29.635183],[109.23893,29.614943],[109.22747,29.622389],[109.223335,29.622408],[109.2259,29.619406],[109.219543,29.614412],[109.205902,29.613003],[109.205719,29.603636],[109.199255,29.600152],[109.19025,29.604542],[109.188484,29.618045],[109.182869,29.618972],[109.182175,29.610396],[109.176156,29.607937],[109.173722,29.597632],[109.129545,29.575551],[109.103556,29.542708],[109.08964,29.532821],[109.081519,29.530282],[109.065025,29.543108],[109.058452,29.544024],[109.056119,29.527048],[109.049854,29.524193],[109.036861,29.526212],[109.024096,29.506429],[109.029275,29.497741],[109.04276,29.49794],[109.053574,29.491635],[109.043551,29.47035],[109.030396,29.46045],[109.032245,29.451741],[109.054302,29.419673],[109.045847,29.399044],[109.035284,29.392455],[109.02965,29.384671],[109.030109,29.362965],[109.005257,29.362961],[108.994953,29.366702],[108.990257,29.357843],[108.98142,29.355885],[108.981741,29.3396],[108.979293,29.33597],[108.968009,29.332109],[108.949763,29.333883],[108.9155,29.32928],[108.912375,29.337602],[108.919919,29.353059],[108.923894,29.353896],[108.921863,29.365996],[108.926751,29.372559],[108.925622,29.381984],[108.930214,29.389159],[108.929615,29.401981],[108.939433,29.41351],[108.923183,29.438293],[108.87643,29.445711],[108.868817,29.453658],[108.866951,29.462857],[108.869503,29.465619],[108.862246,29.475355],[108.866664,29.490863],[108.874356,29.492215],[108.883704,29.503721],[108.883453,29.53215],[108.874208,29.542189],[108.882689,29.555974],[108.908853,29.576013],[108.895566,29.587036],[108.904794,29.597192],[108.897009,29.607622],[108.892719,29.59823],[108.884975,29.597531],[108.881643,29.591305],[108.864056,29.600844],[108.881617,29.623967],[108.882337,29.635897],[108.865453,29.645804],[108.851495,29.639184],[108.841894,29.661281],[108.825452,29.654221],[108.823864,29.661244],[108.830826,29.669703],[108.829724,29.672627],[108.823734,29.674],[108.821,29.662524],[108.813352,29.650514],[108.815505,29.635156],[108.806564,29.635008],[108.800036,29.643277],[108.788369,29.63765],[108.777336,29.638483],[108.775704,29.64819],[108.781564,29.653366],[108.787892,29.650011],[108.793136,29.66276],[108.789784,29.67388],[108.780627,29.678069],[108.784498,29.688223],[108.781885,29.69418],[108.765296,29.696966],[108.748205,29.692003],[108.753777,29.681361],[108.76074,29.684885],[108.771564,29.678045],[108.76929,29.661917],[108.77916,29.658251],[108.777631,29.654904],[108.770183,29.654397],[108.765497,29.661341],[108.757406,29.663758],[108.754975,29.661291],[108.758626,29.656116],[108.756017,29.647852],[108.754377,29.654026],[108.748282,29.65167],[108.738656,29.658587],[108.736243,29.668379],[108.729247,29.674131],[108.706598,29.681836],[108.706017,29.687916],[108.713934,29.694751],[108.710461,29.701489],[108.682501,29.693092],[108.680539,29.69623],[108.688864,29.707166],[108.676382,29.72577],[108.682032,29.745757],[108.677353,29.752053],[108.672727,29.752316],[108.673048,29.764179],[108.677892,29.772254],[108.674177,29.780618],[108.676356,29.804039],[108.666754,29.814553],[108.65626,29.816035],[108.652753,29.819435],[108.666095,29.821806],[108.666582,29.830614],[108.661407,29.8338],[108.664107,29.842576],[108.653534,29.85084],[108.657614,29.853008],[108.657085,29.856589],[108.63117,29.857537],[108.628801,29.867486],[108.619368,29.86984]]]}},{"type":"Feature","properties":{"id":"cn:422827","name":"来凤县","level":2},"geometry":{"type":"Polygon","coordinates":[[[109.024096,29.506429],[109.036861,29.526212],[109.049854,29.524193],[109.056119,29.527048],[109.058452,29.544024],[109.065025,29.543108],[109.081519,29.530282],[109.094632,29.535124],[109.120361,29.560858],[109.129545,29.575551],[109.173722,29.597632],[109.176156,29.607937],[109.182175,29.610396],[109.182869,29.618972],[109.188484,29.618045],[109.19025,29.604542],[109.199255,29.600152],[109.205719,29.603636],[109.205902,29.613003],[109.219543,29.614412],[109.2259,29.619406],[109.223335,29.622408],[109.23893,29.614943],[109.243897,29.635183],[109.250679,29.624655],[109.266151,29.620143],[109.267372,29.628074],[109.27893,29.641985],[109.286829,29.663777],[109.295778,29.668137],[109.323938,29.662618],[109.321291,29.649314],[109.326273,29.64358],[109.352315,29.63051],[109.35781,29.597023],[109.367775,29.586928],[109.377028,29.612846],[109.389269,29.612138],[109.405177,29.605048],[109.41048,29.588311],[109.417132,29.588552],[109.423618,29.583096],[109.421059,29.570353],[109.425348,29.564683],[109.442096,29.557401],[109.456393,29.555227],[109.453688,29.533094],[109.459866,29.516213],[109.453665,29.515747],[109.443582,29.522102],[109.441587,29.531314],[109.430774,29.533644],[109.426044,29.531565],[109.42639,29.507802],[109.434526,29.498949],[109.435242,29.493836],[109.429938,29.49159],[109.414526,29.500083],[109.410201,29.49953],[109.405035,29.493109],[109.407589,29.48267],[109.400196,29.471276],[109.403287,29.464571],[109.412173,29.457327],[109.413278,29.451265],[109.406378,29.453146],[109.397462,29.447964],[109.401257,29.444499],[109.401435,29.437003],[109.386038,29.441409],[109.36524,29.422489],[109.363706,29.413931],[109.38035,29.396133],[109.3769,29.385933],[109.381501,29.3845],[109.386618,29.374859],[109.37186,29.379144],[109.363892,29.385497],[109.344977,29.37799],[109.339144,29.372076],[109.335324,29.338648],[109.340445,29.317342],[109.338267,29.310295],[109.347825,29.307236],[109.347065,29.286833],[109.310309,29.254881],[109.281392,29.244868],[109.27231,29.236184],[109.254126,29.227797],[109.254716,29.22092],[109.271409,29.20318],[109.265958,29.183173],[109.268805,29.174113],[109.261679,29.170172],[109.255636,29.159434],[109.259374,29.146934],[109.272481,29.136977],[109.269496,29.125055],[109.251322,29.126163],[109.240706,29.118038],[109.227928,29.12239],[109.22555,29.13064],[109.211175,29.147889],[109.19844,29.154692],[109.175394,29.174753],[109.15884,29.18366],[109.1493,29.174834],[109.134673,29.171875],[109.11825,29.193983],[109.120264,29.198931],[109.105602,29.218933],[109.114674,29.230125],[109.113779,29.235076],[109.12003,29.244153],[109.119847,29.248716],[109.124995,29.251253],[109.137226,29.273131],[109.125203,29.285111],[109.101694,29.291187],[109.099856,29.295775],[109.109101,29.316818],[109.10378,29.322519],[109.109813,29.33539],[109.105169,29.344667],[109.108988,29.354908],[109.107722,29.363583],[109.096905,29.376077],[109.085613,29.381257],[109.076021,29.393236],[109.058287,29.404877],[109.048503,29.405341],[109.054302,29.419673],[109.030137,29.456552],[109.030396,29.46045],[109.043551,29.47035],[109.053574,29.491635],[109.04276,29.49794],[109.029275,29.497741],[109.024096,29.506429]]]}},{"type":"Feature","properties":{"id":"cn:422828","name":"鹤峰县","level":2},"geometry":{"type":"Polygon","coordinates":[[[109.760628,29.863593],[109.767069,29.884215],[109.767156,29.898663],[109.791496,29.911428],[109.819083,29.934041],[109.82574,29.944796],[109.826626,29.960161],[109.843856,29.971337],[109.846,29.976372],[109.831791,29.984684],[109.830801,29.995695],[109.861313,30.016911],[109.860628,30.03595],[109.875236,30.046673],[109.888561,30.063361],[109.926747,30.080862],[109.939907,30.072315],[109.944924,30.073212],[109.950783,30.07938],[109.954299,30.090141],[109.947276,30.105083],[109.948882,30.108057],[109.974854,30.115505],[109.977997,30.113196],[109.982771,30.11478],[109.999785,30.127998],[110.031313,30.133116],[110.109726,30.171428],[110.125694,30.173658],[110.1361,30.180374],[110.150124,30.183208],[110.17012,30.199501],[110.174118,30.210955],[110.187196,30.225974],[110.186017,30.231102],[110.199682,30.229282],[110.227822,30.238767],[110.244324,30.240587],[110.24894,30.239142],[110.259447,30.225212],[110.278405,30.222441],[110.292118,30.214693],[110.296816,30.20361],[110.276016,30.197741],[110.270982,30.192105],[110.270894,30.184768],[110.298551,30.172188],[110.299176,30.156359],[110.3023,30.15152],[110.331007,30.14076],[110.343064,30.129892],[110.313941,30.103275],[110.336328,30.09623],[110.338889,30.088184],[110.334844,30.080646],[110.319948,30.071813],[110.315374,30.065655],[110.319149,30.047051],[110.313265,30.040215],[110.311979,30.019585],[110.300721,30.004299],[110.308386,29.980393],[110.297665,29.965337],[110.298151,29.9612],[110.310469,29.952858],[110.33494,29.945567],[110.349583,29.957609],[110.365209,29.961847],[110.386276,29.957554],[110.418255,29.95982],[110.424922,29.965041],[110.436799,29.986097],[110.447482,29.997879],[110.461201,30.009216],[110.486588,30.022263],[110.499721,30.011405],[110.515198,30.004409],[110.54243,30.002297],[110.551397,29.992669],[110.551596,29.988142],[110.546249,29.982412],[110.530434,29.977786],[110.510399,29.96198],[110.50842,29.951777],[110.501961,29.941577],[110.503133,29.924263],[110.493124,29.912634],[110.502934,29.911536],[110.511813,29.904535],[110.522091,29.907336],[110.533011,29.899472],[110.535182,29.891788],[110.531154,29.881414],[110.542004,29.867933],[110.546405,29.849754],[110.568514,29.848467],[110.577707,29.837623],[110.594356,29.842757],[110.609868,29.833677],[110.637932,29.7767],[110.626986,29.760522],[110.618965,29.758731],[110.610277,29.750318],[110.576943,29.731893],[110.558029,29.715325],[110.52039,29.696174],[110.502196,29.694728],[110.488889,29.703561],[110.460168,29.71556],[110.444298,29.693283],[110.441973,29.667124],[110.410457,29.663939],[110.408148,29.6563],[110.365988,29.635935],[110.349532,29.642675],[110.346737,29.647198],[110.348547,29.65527],[110.338829,29.66524],[110.338229,29.670105],[110.323177,29.669354],[110.305209,29.663064],[110.292101,29.66683],[110.287179,29.674434],[110.285062,29.698991],[110.273351,29.711686],[110.240938,29.734849],[110.21501,29.749244],[110.194263,29.755571],[110.155808,29.756273],[110.139906,29.773573],[110.108456,29.792106],[110.059117,29.785275],[110.019238,29.772185],[109.986053,29.774872],[109.97127,29.770818],[109.964976,29.774513],[109.945048,29.775736],[109.942042,29.781943],[109.935866,29.776996],[109.930878,29.778651],[109.907754,29.767432],[109.903266,29.766994],[109.895419,29.773449],[109.883788,29.76868],[109.865142,29.777472],[109.816114,29.772613],[109.787086,29.766062],[109.770212,29.782136],[109.77983,29.805044],[109.78094,29.815361],[109.778641,29.828441],[109.764777,29.850504],[109.760628,29.863593]]]}},{"type":"Feature","properties":{"id":"cn:429004","name":"仙桃市","level":1},"geometry":{"type":"MultiPolygon","coordinates":[[[[113.760044,30.28968],[113.770687,30.286259],[113.783933,30.290384],[113.786641,30.283746],[113.777492,30.266353],[113.775721,30.254274],[113.759149,30.248236],[113.750148,30.234573],[113.763837,30.217993],[113.794801,30.205425],[113.807944,30.205836],[113.813151,30.197126],[113.818881,30.163297],[113.784749,30.134072],[113.770144,30.131972],[113.769339,30.126814],[113.763938,30.126103],[113.762283,30.122051],[113.751281,30.12404],[113.746655,30.130537],[113.729131,30.136866],[113.725451,30.132059],[113.727644,30.121883],[113.709918,30.118443],[113.700785,30.096797],[113.687301,30.094196],[113.681081,30.096101],[113.67305,30.087281],[113.662371,30.082546],[113.641036,30.092278],[113.611335,30.085255],[113.5914,30.084317],[113.55378,30.072136],[113.539223,30.075149],[113.530438,30.070817],[113.521855,30.071536],[113.509793,30.080722],[113.511874,30.091107],[113.508125,30.096984],[113.475571,30.117743],[113.47491,30.125194],[113.464325,30.13948],[113.465609,30.143298],[113.457238,30.150805],[113.440075,30.157632],[113.430619,30.167371],[113.409906,30.16958],[113.380588,30.190518],[113.368368,30.195714],[113.338731,30.194825],[113.326816,30.173499],[113.303688,30.159079],[113.273864,30.15435],[113.245111,30.155784],[113.234459,30.15233],[113.209879,30.159237],[113.144948,30.143699],[113.129965,30.144928],[113.11156,30.154145],[113.091017,30.148117],[113.085779,30.149141],[113.064242,30.164708],[113.049393,30.187479],[113.038318,30.192895],[113.027684,30.191464],[113.023795,30.198347],[113.016367,30.196896],[113.010332,30.215459],[113.011935,30.221197],[113.005328,30.222695],[113.000247,30.216487],[112.996791,30.234955],[113.001223,30.262744],[113.007073,30.26617],[113.001337,30.279921],[113.005053,30.292995],[113.000702,30.302689],[112.978342,30.31235],[112.97428,30.318854],[112.970417,30.333157],[112.979028,30.349062],[112.960695,30.366161],[112.951884,30.383543],[112.968441,30.410955],[112.980617,30.421289],[112.978934,30.428828],[112.98671,30.430036],[112.984797,30.43886],[112.974397,30.447475],[112.982364,30.455148],[112.983444,30.461736],[112.992152,30.463777],[112.994131,30.469128],[112.988501,30.478409],[112.972388,30.47462],[112.963178,30.482749],[112.95594,30.476465],[112.945488,30.480301],[112.943405,30.484066],[112.948188,30.488216],[112.939045,30.502213],[112.937787,30.515548],[112.948863,30.528353],[112.955834,30.524257],[112.986541,30.532972],[113.017247,30.531765],[113.043125,30.515943],[113.052982,30.512792],[113.069072,30.513462],[113.071605,30.506373],[113.062502,30.482621],[113.066525,30.475113],[113.077386,30.47404],[113.104874,30.487716],[113.118283,30.486376],[113.121434,30.481615],[113.117947,30.470084],[113.119824,30.463514],[113.129613,30.449568],[113.139937,30.444205],[113.147715,30.433478],[113.15576,30.433344],[113.171046,30.450776],[113.188211,30.443803],[113.193238,30.428851],[113.201954,30.424426],[113.222872,30.428718],[113.270942,30.431198],[113.319214,30.42208],[113.338993,30.427645],[113.350926,30.42617],[113.374526,30.412493],[113.39169,30.409141],[113.404228,30.398616],[113.43185,30.396603],[113.440297,30.385072],[113.452587,30.380498],[113.457381,30.382954],[113.458615,30.39312],[113.462627,30.396865],[113.472834,30.393842],[113.481429,30.384474],[113.492312,30.383454],[113.495381,30.386865],[113.495518,30.400917],[113.503967,30.413425],[113.534401,30.426429],[113.539994,30.451874],[113.561739,30.481116],[113.579041,30.484753],[113.589556,30.493456],[113.594622,30.482483],[113.605403,30.477868],[113.616146,30.488697],[113.620838,30.485384],[113.624828,30.47298],[113.631518,30.465776],[113.621461,30.451924],[113.620084,30.443442],[113.61737,30.444462],[113.615631,30.441091],[113.619279,30.430016],[113.615572,30.423938],[113.646344,30.421028],[113.657317,30.416998],[113.676485,30.39454],[113.703187,30.391888],[113.699375,30.384402],[113.703889,30.380358],[113.730825,30.375375],[113.734167,30.378511],[113.747405,30.376895],[113.738837,30.362516],[113.740261,30.357058],[113.7354,30.351556],[113.742475,30.336997],[113.757527,30.326934],[113.753377,30.320061],[113.758342,30.307021],[113.756034,30.300977],[113.760044,30.28968]],[[113.754913,30.298162],[113.755339,30.300921],[113.754966,30.301175],[113.754913,30.298162]]],[[[112.974194,30.420624],[112.97516,30.419276],[112.974074,30.419459],[112.974194,30.420624]]],[[[113.151281,30.433916],[113.157096,30.440899],[113.159493,30.441098],[113.156707,30.436485],[113.151281,30.433916]]],[[[112.972658,30.473918],[112.973736,30.473409],[112.972917,30.473279],[112.972658,30.473918]]]]}},{"type":"Feature","properties":{"id":"cn:429004000","name":"仙桃市","level":2},"geometry":{"type":"MultiPolygon","coordinates":[[[[113.760044,30.28968],[113.770687,30.286259],[113.783933,30.290384],[113.786641,30.283746],[113.777492,30.266353],[113.775721,30.254274],[113.759149,30.248236],[113.750148,30.234573],[113.763837,30.217993],[113.794801,30.205425],[113.807944,30.205836],[113.813151,30.197126],[113.818881,30.163297],[113.784749,30.134072],[113.770144,30.131972],[113.769339,30.126814],[113.763938,30.126103],[113.762283,30.122051],[113.751281,30.12404],[113.746655,30.130537],[113.729131,30.136866],[113.725451,30.132059],[113.727644,30.121883],[113.709918,30.118443],[113.700785,30.096797],[113.687301,30.094196],[113.681081,30.096101],[113.67305,30.087281],[113.662371,30.082546],[113.641036,30.092278],[113.611335,30.085255],[113.5914,30.084317],[113.55378,30.072136],[113.539223,30.075149],[113.530438,30.070817],[113.521855,30.071536],[113.509793,30.080722],[113.511874,30.091107],[113.508125,30.096984],[113.475571,30.117743],[113.47491,30.125194],[113.464325,30.13948],[113.465609,30.143298],[113.457238,30.150805],[113.440075,30.157632],[113.430619,30.167371],[113.409906,30.16958],[113.380588,30.190518],[113.368368,30.195714],[113.338731,30.194825],[113.326816,30.173499],[113.303688,30.159079],[113.273864,30.15435],[113.245111,30.155784],[113.234459,30.15233],[113.209879,30.159237],[113.144948,30.143699],[113.129965,30.144928],[113.11156,30.154145],[113.091017,30.148117],[113.085779,30.149141],[113.064242,30.164708],[113.049393,30.187479],[113.038318,30.192895],[113.027684,30.191464],[113.023795,30.198347],[113.016367,30.196896],[113.010332,30.215459],[113.011935,30.221197],[113.005328,30.222695],[113.000247,30.216487],[112.996791,30.234955],[113.001223,30.262744],[113.007073,30.26617],[113.001337,30.279921],[113.005053,30.292995],[113.000702,30.302689],[112.978342,30.31235],[112.97428,30.318854],[112.970417,30.333157],[112.979028,30.349062],[112.960695,30.366161],[112.951884,30.383543],[112.968441,30.410955],[112.980617,30.421289],[112.978934,30.428828],[112.98671,30.430036],[112.984797,30.43886],[112.974397,30.447475],[112.982364,30.455148],[112.983444,30.461736],[112.992152,30.463777],[112.994131,30.469128],[112.988501,30.478409],[112.972388,30.47462],[112.963178,30.482749],[112.95594,30.476465],[112.945488,30.480301],[112.943405,30.484066],[112.948188,30.488216],[112.939045,30.502213],[112.937787,30.515548],[112.948863,30.528353],[112.955834,30.524257],[112.986541,30.532972],[113.017247,30.531765],[113.043125,30.515943],[113.052982,30.512792],[113.069072,30.513462],[113.071605,30.506373],[113.062502,30.482621],[113.066525,30.475113],[113.077386,30.47404],[113.104874,30.487716],[113.118283,30.486376],[113.121434,30.481615],[113.117947,30.470084],[113.119824,30.463514],[113.129613,30.449568],[113.139937,30.444205],[113.147715,30.433478],[113.15576,30.433344],[113.171046,30.450776],[113.188211,30.443803],[113.193238,30.428851],[113.201954,30.424426],[113.222872,30.428718],[113.270942,30.431198],[113.319214,30.42208],[113.338993,30.427645],[113.350926,30.42617],[113.374526,30.412493],[113.39169,30.409141],[113.404228,30.398616],[113.43185,30.396603],[113.440297,30.385072],[113.452587,30.380498],[113.457381,30.382954],[113.458615,30.39312],[113.462627,30.396865],[113.472834,30.393842],[113.481429,30.384474],[113.492312,30.383454],[113.495381,30.386865],[113.495518,30.400917],[113.503967,30.413425],[113.534401,30.426429],[113.539994,30.451874],[113.561739,30.481116],[113.579041,30.484753],[113.589556,30.493456],[113.594622,30.482483],[113.605403,30.477868],[113.616146,30.488697],[113.620838,30.485384],[113.624828,30.47298],[113.631518,30.465776],[113.621461,30.451924],[113.620084,30.443442],[113.61737,30.444462],[113.615631,30.441091],[113.619279,30.430016],[113.615572,30.423938],[113.646344,30.421028],[113.657317,30.416998],[113.676485,30.39454],[113.703187,30.391888],[113.699375,30.384402],[113.703889,30.380358],[113.730825,30.375375],[113.734167,30.378511],[113.747405,30.376895],[113.738837,30.362516],[113.740261,30.357058],[113.7354,30.351556],[113.742475,30.336997],[113.757527,30.326934],[113.753377,30.320061],[113.758342,30.307021],[113.756034,30.300977],[113.760044,30.28968]],[[113.754913,30.298162],[113.755339,30.300921],[113.754966,30.301175],[113.754913,30.298162]]],[[[112.974194,30.420624],[112.97516,30.419276],[112.974074,30.419459],[112.974194,30.420624]]],[[[113.151281,30.433916],[113.157096,30.440899],[113.159493,30.441098],[113.156707,30.436485],[113.151281,30.433916]]],[[[112.972658,30.473918],[112.973736,30.473409],[112.972917,30.473279],[112.972658,30.473918]]]]}},{"type":"Feature","properties":{"id":"cn:429005","name":"潜江市","level":1},"geometry":{"type":"Polygon","coordinates":[[[113.025893,30.196558],[113.027684,30.191464],[113.019088,30.185422],[113.022263,30.172754],[113.009707,30.165927],[113.01335,30.148492],[112.985239,30.134906],[112.971722,30.14077],[112.953737,30.137724],[112.941045,30.146109],[112.942626,30.158824],[112.939831,30.161436],[112.917814,30.167553],[112.898821,30.16611],[112.887274,30.173991],[112.875636,30.172112],[112.874628,30.18508],[112.864375,30.192005],[112.8477,30.182316],[112.83513,30.164866],[112.811658,30.16597],[112.804783,30.154843],[112.813264,30.133809],[112.811641,30.121441],[112.8048,30.111463],[112.787118,30.111543],[112.783281,30.105412],[112.788403,30.099356],[112.80312,30.093265],[112.811334,30.080917],[112.735135,30.080879],[112.73429,30.091496],[112.702648,30.090835],[112.694141,30.095461],[112.678681,30.095195],[112.66454,30.104907],[112.644028,30.107769],[112.62237,30.118219],[112.590712,30.118269],[112.579488,30.124186],[112.578368,30.133385],[112.592457,30.149458],[112.592987,30.162302],[112.587187,30.174327],[112.574861,30.178199],[112.571779,30.182378],[112.569712,30.208081],[112.574906,30.212219],[112.564869,30.233472],[112.540301,30.262736],[112.522033,30.277523],[112.516514,30.288556],[112.511204,30.319105],[112.51525,30.332327],[112.515563,30.353255],[112.504677,30.360994],[112.49688,30.371005],[112.496644,30.376428],[112.517058,30.389792],[112.525043,30.400441],[112.527526,30.411394],[112.521389,30.426452],[112.5298,30.440013],[112.539757,30.444132],[112.562766,30.445845],[112.572707,30.453859],[112.577287,30.474288],[112.573449,30.479971],[112.576904,30.483844],[112.571496,30.487688],[112.565026,30.486936],[112.562707,30.497561],[112.566764,30.512976],[112.573686,30.512416],[112.574375,30.526332],[112.578741,30.529667],[112.603991,30.501639],[112.611495,30.501674],[112.609438,30.506171],[112.616153,30.507869],[112.614472,30.510289],[112.619618,30.515416],[112.61826,30.520916],[112.615531,30.521333],[112.613671,30.533856],[112.601831,30.544931],[112.597865,30.553285],[112.604922,30.565499],[112.620217,30.570167],[112.62,30.587147],[112.632666,30.601801],[112.631387,30.607667],[112.618231,30.615246],[112.618598,30.622904],[112.626354,30.621358],[112.631372,30.627921],[112.641612,30.624583],[112.646088,30.636318],[112.657872,30.641632],[112.660003,30.639448],[112.655344,30.631537],[112.661036,30.631248],[112.665012,30.633516],[112.6661,30.643209],[112.676028,30.640691],[112.683313,30.64737],[112.704485,30.636326],[112.711845,30.636503],[112.70593,30.631719],[112.684039,30.624914],[112.672546,30.611003],[112.671579,30.586687],[112.692022,30.56092],[112.697104,30.556202],[112.703877,30.555235],[112.716822,30.571445],[112.732669,30.576526],[112.75956,30.571602],[112.774852,30.577795],[112.783077,30.577796],[112.791352,30.565747],[112.799869,30.534779],[112.812836,30.514069],[112.828223,30.50294],[112.860547,30.494714],[112.866064,30.494229],[112.873031,30.498585],[112.879322,30.507584],[112.879176,30.520795],[112.87037,30.540827],[112.871435,30.551957],[112.877628,30.562021],[112.899403,30.577602],[112.932658,30.561552],[112.948863,30.528353],[112.937787,30.515548],[112.939045,30.502213],[112.948188,30.488216],[112.943351,30.482517],[112.95594,30.476465],[112.963178,30.482749],[112.972388,30.47462],[112.988501,30.478409],[112.994131,30.469128],[112.992152,30.463777],[112.983444,30.461736],[112.982364,30.455148],[112.974397,30.447475],[112.984797,30.43886],[112.98671,30.430036],[112.978934,30.428828],[112.980617,30.421289],[112.968441,30.410955],[112.951884,30.383543],[112.960695,30.366161],[112.979028,30.349062],[112.970417,30.333157],[112.97428,30.318854],[112.978342,30.31235],[113.000702,30.302689],[113.005053,30.292995],[113.001337,30.279921],[113.007073,30.26617],[113.001223,30.262744],[112.996791,30.234955],[113.000247,30.216487],[113.005328,30.222695],[113.011935,30.221197],[113.010332,30.215459],[113.015255,30.19832],[113.023795,30.198347],[113.025893,30.196558]],[[113.026456,30.193719],[113.024463,30.197065],[113.023487,30.19669],[113.02333,30.192316],[113.026456,30.193719]],[[112.974194,30.420624],[112.97516,30.419276],[112.975026,30.420612],[112.974194,30.420624]],[[112.973736,30.473409],[112.972658,30.473918],[112.972917,30.473279],[112.973736,30.473409]],[[112.634898,30.613145],[112.642198,30.612394],[112.642352,30.616029],[112.63444,30.617334],[112.634898,30.613145]],[[112.667724,30.627292],[112.668131,30.63008],[112.662269,30.630748],[112.662568,30.629079],[112.667724,30.627292]]]}},{"type":"Feature","properties":{"id":"cn:429005000","name":"潜江市","level":2},"geometry":{"type":"Polygon","coordinates":[[[113.025893,30.196558],[113.027684,30.191464],[113.019088,30.185422],[113.022263,30.172754],[113.009707,30.165927],[113.01335,30.148492],[112.985239,30.134906],[112.971722,30.14077],[112.953737,30.137724],[112.941045,30.146109],[112.942626,30.158824],[112.939831,30.161436],[112.917814,30.167553],[112.898821,30.16611],[112.887274,30.173991],[112.875636,30.172112],[112.874628,30.18508],[112.864375,30.192005],[112.8477,30.182316],[112.83513,30.164866],[112.811658,30.16597],[112.804783,30.154843],[112.813264,30.133809],[112.811641,30.121441],[112.8048,30.111463],[112.787118,30.111543],[112.783281,30.105412],[112.788403,30.099356],[112.80312,30.093265],[112.811334,30.080917],[112.735135,30.080879],[112.73429,30.091496],[112.702648,30.090835],[112.694141,30.095461],[112.678681,30.095195],[112.66454,30.104907],[112.644028,30.107769],[112.62237,30.118219],[112.590712,30.118269],[112.579488,30.124186],[112.578368,30.133385],[112.592457,30.149458],[112.592987,30.162302],[112.587187,30.174327],[112.574861,30.178199],[112.571779,30.182378],[112.569712,30.208081],[112.574906,30.212219],[112.564869,30.233472],[112.540301,30.262736],[112.522033,30.277523],[112.516514,30.288556],[112.511204,30.319105],[112.51525,30.332327],[112.515563,30.353255],[112.504677,30.360994],[112.49688,30.371005],[112.496644,30.376428],[112.517058,30.389792],[112.525043,30.400441],[112.527526,30.411394],[112.521389,30.426452],[112.5298,30.440013],[112.539757,30.444132],[112.562766,30.445845],[112.572707,30.453859],[112.577287,30.474288],[112.573449,30.479971],[112.576904,30.483844],[112.571496,30.487688],[112.565026,30.486936],[112.562707,30.497561],[112.566764,30.512976],[112.573686,30.512416],[112.574375,30.526332],[112.578741,30.529667],[112.603991,30.501639],[112.611495,30.501674],[112.609438,30.506171],[112.616153,30.507869],[112.614472,30.510289],[112.619618,30.515416],[112.61826,30.520916],[112.615531,30.521333],[112.613671,30.533856],[112.601831,30.544931],[112.597865,30.553285],[112.604922,30.565499],[112.620217,30.570167],[112.62,30.587147],[112.632666,30.601801],[112.631387,30.607667],[112.618231,30.615246],[112.618598,30.622904],[112.626354,30.621358],[112.631372,30.627921],[112.641612,30.624583],[112.646088,30.636318],[112.657872,30.641632],[112.660003,30.639448],[112.655344,30.631537],[112.661036,30.631248],[112.665012,30.633516],[112.6661,30.643209],[112.676028,30.640691],[112.683313,30.64737],[112.704485,30.636326],[112.711845,30.636503],[112.70593,30.631719],[112.684039,30.624914],[112.672546,30.611003],[112.671579,30.586687],[112.692022,30.56092],[112.697104,30.556202],[112.703877,30.555235],[112.716822,30.571445],[112.732669,30.576526],[112.75956,30.571602],[112.774852,30.577795],[112.783077,30.577796],[112.791352,30.565747],[112.799869,30.534779],[112.812836,30.514069],[112.828223,30.50294],[112.860547,30.494714],[112.866064,30.494229],[112.873031,30.498585],[112.879322,30.507584],[112.879176,30.520795],[112.87037,30.540827],[112.871435,30.551957],[112.877628,30.562021],[112.899403,30.577602],[112.932658,30.561552],[112.948863,30.528353],[112.937787,30.515548],[112.939045,30.502213],[112.948188,30.488216],[112.943351,30.482517],[112.95594,30.476465],[112.963178,30.482749],[112.972388,30.47462],[112.988501,30.478409],[112.994131,30.469128],[112.992152,30.463777],[112.983444,30.461736],[112.982364,30.455148],[112.974397,30.447475],[112.984797,30.43886],[112.98671,30.430036],[112.978934,30.428828],[112.980617,30.421289],[112.968441,30.410955],[112.951884,30.383543],[112.960695,30.366161],[112.979028,30.349062],[112.970417,30.333157],[112.97428,30.318854],[112.978342,30.31235],[113.000702,30.302689],[113.005053,30.292995],[113.001337,30.279921],[113.007073,30.26617],[113.001223,30.262744],[112.996791,30.234955],[113.000247,30.216487],[113.005328,30.222695],[113.011935,30.221197],[113.010332,30.215459],[113.015255,30.19832],[113.023795,30.198347],[113.025893,30.196558]],[[113.026456,30.193719],[113.024463,30.197065],[113.023487,30.19669],[113.02333,30.192316],[113.026456,30.193719]],[[112.974194,30.420624],[112.97516,30.419276],[112.975026,30.420612],[112.974194,30.420624]],[[112.973736,30.473409],[112.972658,30.473918],[112.972917,30.473279],[112.973736,30.473409]],[[112.634898,30.613145],[112.642198,30.612394],[112.642352,30.616029],[112.63444,30.617334],[112.634898,30.613145]],[[112.667724,30.627292],[112.668131,30.63008],[112.662269,30.630748],[112.662568,30.629079],[112.667724,30.627292]]]}},{"type":"Feature","properties":{"id":"cn:429006","name":"天门市","level":1},"geometry":{"type":"MultiPolygon","coordinates":[[[[113.15147,30.432405],[113.139937,30.444205],[113.129613,30.449568],[113.119824,30.463514],[113.117947,30.470084],[113.121434,30.481615],[113.118283,30.486376],[113.104874,30.487716],[113.077386,30.47404],[113.066525,30.475113],[113.062502,30.482621],[113.071605,30.506373],[113.069072,30.513462],[113.052982,30.512792],[113.043125,30.515943],[113.026365,30.527206],[113.01081,30.533106],[112.986541,30.532972],[112.955834,30.524257],[112.944839,30.53324],[112.932658,30.561552],[112.903275,30.577118],[112.891854,30.574118],[112.877628,30.562021],[112.871435,30.551957],[112.87037,30.540827],[112.879176,30.520795],[112.879322,30.507584],[112.866064,30.494229],[112.828223,30.50294],[112.812836,30.514069],[112.799869,30.534779],[112.791352,30.565747],[112.783077,30.577796],[112.774852,30.577795],[112.75956,30.571602],[112.732669,30.576526],[112.716822,30.571445],[112.703877,30.555235],[112.697104,30.556202],[112.675087,30.579792],[112.671579,30.586687],[112.67049,30.601808],[112.67666,30.618986],[112.684039,30.624914],[112.710071,30.634495],[112.715643,30.644188],[112.715345,30.649855],[112.698792,30.658819],[112.638372,30.643768],[112.630676,30.643582],[112.60856,30.652492],[112.586762,30.671017],[112.601694,30.713502],[112.609939,30.711057],[112.608368,30.704848],[112.624522,30.706949],[112.652412,30.736239],[112.701943,30.772396],[112.76456,30.805212],[112.774548,30.816292],[112.795664,30.829727],[112.80658,30.825346],[112.807567,30.816513],[112.811406,30.815748],[112.817799,30.804073],[112.814989,30.792183],[112.82102,30.787914],[112.821249,30.783343],[112.826702,30.780865],[112.823574,30.775311],[112.828509,30.760282],[112.823595,30.758695],[112.82235,30.75518],[112.825722,30.749516],[112.822515,30.748095],[112.827319,30.745363],[112.824543,30.741286],[112.829798,30.734356],[112.824775,30.73332],[112.82462,30.730565],[112.835495,30.731832],[112.842129,30.725838],[112.84355,30.718687],[112.857334,30.712395],[112.860662,30.707085],[112.864694,30.708495],[112.874601,30.700366],[112.883871,30.700718],[112.886762,30.702796],[112.885723,30.713722],[112.890756,30.719903],[112.904453,30.716977],[112.915703,30.719987],[112.924939,30.739093],[112.94145,30.751183],[112.972925,30.76666],[112.994531,30.790352],[113.005586,30.789901],[113.015094,30.777938],[113.031009,30.773668],[113.040226,30.780299],[113.066623,30.784152],[113.072856,30.798029],[113.068976,30.812561],[113.072535,30.825803],[113.137587,30.804553],[113.186415,30.821011],[113.206815,30.846758],[113.213659,30.861051],[113.226072,30.856088],[113.231626,30.862234],[113.224966,30.87006],[113.239064,30.87046],[113.251168,30.882665],[113.252226,30.88881],[113.27441,30.904108],[113.285937,30.905616],[113.290961,30.89755],[113.296337,30.901004],[113.317916,30.891252],[113.323961,30.896908],[113.332596,30.891876],[113.332516,30.880834],[113.338296,30.873197],[113.353027,30.873341],[113.353783,30.868218],[113.361222,30.866095],[113.361831,30.856984],[113.365495,30.852501],[113.381963,30.84503],[113.389821,30.837907],[113.431134,30.784157],[113.42674,30.765032],[113.432029,30.762324],[113.431838,30.759235],[113.416937,30.741563],[113.430892,30.731014],[113.433455,30.719634],[113.42662,30.705822],[113.417113,30.700247],[113.435866,30.696408],[113.436453,30.681881],[113.42707,30.678558],[113.429474,30.656351],[113.441208,30.647801],[113.446982,30.647575],[113.449134,30.638654],[113.456352,30.636209],[113.454376,30.617088],[113.443168,30.607389],[113.44683,30.600703],[113.43161,30.57356],[113.428451,30.559095],[113.429039,30.540708],[113.438164,30.536463],[113.444896,30.523647],[113.430453,30.49706],[113.435465,30.490112],[113.435924,30.475686],[113.441499,30.469436],[113.460157,30.462703],[113.461137,30.459221],[113.455427,30.432568],[113.457738,30.431036],[113.456582,30.408672],[113.459584,30.394359],[113.457381,30.382954],[113.452587,30.380498],[113.443404,30.38307],[113.427157,30.398615],[113.404228,30.398616],[113.39169,30.409141],[113.374526,30.412493],[113.350926,30.42617],[113.338993,30.427645],[113.319214,30.42208],[113.270942,30.431198],[113.222872,30.428718],[113.201954,30.424426],[113.193238,30.428851],[113.188211,30.443803],[113.171046,30.450776],[113.15576,30.433344],[113.15147,30.432405]],[[113.151281,30.433916],[113.156707,30.436485],[113.159493,30.441098],[113.151564,30.436206],[113.151281,30.433916]],[[113.384955,30.676709],[113.384125,30.681405],[113.39256,30.68405],[113.392437,30.686789],[113.380427,30.685079],[113.381097,30.676355],[113.384955,30.676709]],[[113.379387,30.679705],[113.379535,30.684588],[113.377811,30.684517],[113.377334,30.680322],[113.379387,30.679705]],[[113.386894,30.730607],[113.38843,30.717888],[113.388243,30.730601],[113.386894,30.730607]],[[112.818093,30.725712],[112.823279,30.728276],[112.822057,30.729811],[112.818093,30.725712]]],[[[113.441954,30.494082],[113.44293,30.504138],[113.451466,30.513148],[113.45159,30.506759],[113.444473,30.493763],[113.441954,30.494082]]]]}},{"type":"Feature","properties":{"id":"cn:429006000","name":"天门市","level":2},"geometry":{"type":"MultiPolygon","coordinates":[[[[113.15147,30.432405],[113.139937,30.444205],[113.129613,30.449568],[113.119824,30.463514],[113.117947,30.470084],[113.121434,30.481615],[113.118283,30.486376],[113.104874,30.487716],[113.077386,30.47404],[113.066525,30.475113],[113.062502,30.482621],[113.071605,30.506373],[113.069072,30.513462],[113.052982,30.512792],[113.043125,30.515943],[113.026365,30.527206],[113.01081,30.533106],[112.986541,30.532972],[112.955834,30.524257],[112.944839,30.53324],[112.932658,30.561552],[112.903275,30.577118],[112.891854,30.574118],[112.877628,30.562021],[112.871435,30.551957],[112.87037,30.540827],[112.879176,30.520795],[112.879322,30.507584],[112.866064,30.494229],[112.828223,30.50294],[112.812836,30.514069],[112.799869,30.534779],[112.791352,30.565747],[112.783077,30.577796],[112.774852,30.577795],[112.75956,30.571602],[112.732669,30.576526],[112.716822,30.571445],[112.703877,30.555235],[112.697104,30.556202],[112.675087,30.579792],[112.671579,30.586687],[112.67049,30.601808],[112.67666,30.618986],[112.684039,30.624914],[112.710071,30.634495],[112.715643,30.644188],[112.715345,30.649855],[112.698792,30.658819],[112.638372,30.643768],[112.630676,30.643582],[112.60856,30.652492],[112.586762,30.671017],[112.601694,30.713502],[112.609939,30.711057],[112.608368,30.704848],[112.624522,30.706949],[112.652412,30.736239],[112.701943,30.772396],[112.76456,30.805212],[112.774548,30.816292],[112.795664,30.829727],[112.80658,30.825346],[112.807567,30.816513],[112.811406,30.815748],[112.817799,30.804073],[112.814989,30.792183],[112.82102,30.787914],[112.821249,30.783343],[112.826702,30.780865],[112.823574,30.775311],[112.828509,30.760282],[112.823595,30.758695],[112.82235,30.75518],[112.825722,30.749516],[112.822515,30.748095],[112.827319,30.745363],[112.824543,30.741286],[112.829798,30.734356],[112.824775,30.73332],[112.82462,30.730565],[112.835495,30.731832],[112.842129,30.725838],[112.84355,30.718687],[112.857334,30.712395],[112.860662,30.707085],[112.864694,30.708495],[112.874601,30.700366],[112.883871,30.700718],[112.886762,30.702796],[112.885723,30.713722],[112.890756,30.719903],[112.904453,30.716977],[112.915703,30.719987],[112.924939,30.739093],[112.94145,30.751183],[112.972925,30.76666],[112.994531,30.790352],[113.005586,30.789901],[113.015094,30.777938],[113.031009,30.773668],[113.040226,30.780299],[113.066623,30.784152],[113.072856,30.798029],[113.068976,30.812561],[113.072535,30.825803],[113.137587,30.804553],[113.186415,30.821011],[113.206815,30.846758],[113.213659,30.861051],[113.226072,30.856088],[113.231626,30.862234],[113.224966,30.87006],[113.239064,30.87046],[113.251168,30.882665],[113.252226,30.88881],[113.27441,30.904108],[113.285937,30.905616],[113.290961,30.89755],[113.296337,30.901004],[113.317916,30.891252],[113.323961,30.896908],[113.332596,30.891876],[113.332516,30.880834],[113.338296,30.873197],[113.353027,30.873341],[113.353783,30.868218],[113.361222,30.866095],[113.361831,30.856984],[113.365495,30.852501],[113.381963,30.84503],[113.389821,30.837907],[113.431134,30.784157],[113.42674,30.765032],[113.432029,30.762324],[113.431838,30.759235],[113.416937,30.741563],[113.430892,30.731014],[113.433455,30.719634],[113.42662,30.705822],[113.417113,30.700247],[113.435866,30.696408],[113.436453,30.681881],[113.42707,30.678558],[113.429474,30.656351],[113.441208,30.647801],[113.446982,30.647575],[113.449134,30.638654],[113.456352,30.636209],[113.454376,30.617088],[113.443168,30.607389],[113.44683,30.600703],[113.43161,30.57356],[113.428451,30.559095],[113.429039,30.540708],[113.438164,30.536463],[113.444896,30.523647],[113.430453,30.49706],[113.435465,30.490112],[113.435924,30.475686],[113.441499,30.469436],[113.460157,30.462703],[113.461137,30.459221],[113.455427,30.432568],[113.457738,30.431036],[113.456582,30.408672],[113.459584,30.394359],[113.457381,30.382954],[113.452587,30.380498],[113.443404,30.38307],[113.427157,30.398615],[113.404228,30.398616],[113.39169,30.409141],[113.374526,30.412493],[113.350926,30.42617],[113.338993,30.427645],[113.319214,30.42208],[113.270942,30.431198],[113.222872,30.428718],[113.201954,30.424426],[113.193238,30.428851],[113.188211,30.443803],[113.171046,30.450776],[113.15576,30.433344],[113.15147,30.432405]],[[113.151281,30.433916],[113.156707,30.436485],[113.159493,30.441098],[113.151564,30.436206],[113.151281,30.433916]],[[113.384955,30.676709],[113.384125,30.681405],[113.39256,30.68405],[113.392437,30.686789],[113.380427,30.685079],[113.381097,30.676355],[113.384955,30.676709]],[[113.379387,30.679705],[113.379535,30.684588],[113.377811,30.684517],[113.377334,30.680322],[113.379387,30.679705]],[[113.386894,30.730607],[113.38843,30.717888],[113.388243,30.730601],[113.386894,30.730607]],[[112.818093,30.725712],[112.823279,30.728276],[112.822057,30.729811],[112.818093,30.725712]]],[[[113.441954,30.494082],[113.44293,30.504138],[113.451466,30.513148],[113.45159,30.506759],[113.444473,30.493763],[113.441954,30.494082]]]]}},{"type":"Feature","properties":{"id":"cn:429021","name":"神农架林区","level":1},"geometry":{"type":"Polygon","coordinates":[[[109.935766,31.480993],[109.941494,31.488931],[109.954229,31.494602],[109.957441,31.502354],[109.989742,31.523489],[110.004628,31.526202],[110.02015,31.521644],[110.036156,31.531382],[110.043508,31.539561],[110.060739,31.546805],[110.064801,31.551594],[110.059829,31.565833],[110.078683,31.573982],[110.093017,31.587992],[110.124289,31.605804],[110.170602,31.604349],[110.187318,31.582746],[110.197653,31.581021],[110.212709,31.571127],[110.216955,31.587551],[110.228442,31.592859],[110.229099,31.601254],[110.219452,31.614233],[110.200832,31.623117],[110.209455,31.63687],[110.22649,31.644229],[110.232189,31.65036],[110.230541,31.666818],[110.219046,31.676365],[110.212358,31.67742],[110.228536,31.71861],[110.228431,31.734882],[110.231703,31.738986],[110.244429,31.747838],[110.262485,31.752531],[110.278474,31.764796],[110.342201,31.764045],[110.359776,31.770455],[110.365623,31.77522],[110.363064,31.783695],[110.363942,31.803561],[110.390895,31.807042],[110.403783,31.821711],[110.423051,31.822377],[110.427195,31.81922],[110.4273,31.814204],[110.44579,31.807928],[110.457917,31.815314],[110.465895,31.815578],[110.468436,31.820496],[110.466846,31.83067],[110.484698,31.838982],[110.477317,31.845342],[110.477772,31.849424],[110.504173,31.858916],[110.513692,31.855956],[110.514398,31.850127],[110.510398,31.843469],[110.513783,31.840734],[110.526338,31.843359],[110.531826,31.852199],[110.577999,31.846832],[110.592863,31.850518],[110.602761,31.845584],[110.613371,31.851882],[110.623585,31.847784],[110.633989,31.850932],[110.651733,31.845382],[110.656392,31.84836],[110.659526,31.860069],[110.665082,31.862707],[110.679907,31.856282],[110.695748,31.854518],[110.703465,31.848024],[110.746506,31.842316],[110.755466,31.830265],[110.761577,31.834193],[110.768474,31.8315],[110.772453,31.818593],[110.806051,31.784615],[110.826243,31.785998],[110.843516,31.773716],[110.870364,31.73525],[110.870674,31.725121],[110.866761,31.721036],[110.873684,31.714153],[110.87556,31.697713],[110.886296,31.678063],[110.901087,31.669682],[110.90386,31.661443],[110.928511,31.663189],[110.941498,31.667903],[110.972595,31.651593],[110.977237,31.644323],[110.974987,31.641414],[110.96534,31.64036],[110.938395,31.600899],[110.936364,31.592214],[110.941134,31.581798],[110.942094,31.567672],[110.910293,31.554844],[110.901851,31.532768],[110.884054,31.530258],[110.877617,31.519236],[110.848738,31.500978],[110.843008,31.501738],[110.835645,31.51574],[110.825827,31.523482],[110.824295,31.540537],[110.821451,31.544151],[110.80705,31.538802],[110.791355,31.555222],[110.786422,31.555405],[110.763975,31.543763],[110.738454,31.540772],[110.727415,31.53265],[110.727028,31.515729],[110.702702,31.479315],[110.69032,31.479947],[110.682116,31.487619],[110.672792,31.484152],[110.649105,31.485119],[110.634305,31.481815],[110.608852,31.487182],[110.606683,31.480655],[110.608766,31.469109],[110.601457,31.460699],[110.600808,31.449432],[110.583943,31.421096],[110.583371,31.411876],[110.573634,31.40213],[110.575974,31.383802],[110.561596,31.368386],[110.562845,31.358835],[110.571762,31.346701],[110.568992,31.332443],[110.537194,31.318985],[110.519385,31.32788],[110.516989,31.339898],[110.503003,31.349838],[110.506564,31.361048],[110.492436,31.375297],[110.485747,31.3719],[110.48588,31.359506],[110.476982,31.339802],[110.462448,31.330913],[110.442588,31.331107],[110.441574,31.338057],[110.433242,31.343089],[110.433297,31.360306],[110.414775,31.366771],[110.398756,31.3775],[110.384502,31.376981],[110.370023,31.391256],[110.354933,31.393927],[110.352392,31.389243],[110.347867,31.38876],[110.338685,31.396871],[110.323334,31.397762],[110.316624,31.396897],[110.267882,31.346122],[110.242344,31.336899],[110.208871,31.308008],[110.171181,31.29745],[110.1579,31.305784],[110.156424,31.316303],[110.146633,31.319901],[110.152874,31.335524],[110.142995,31.347335],[110.144306,31.357149],[110.134888,31.370291],[110.140174,31.383297],[110.139271,31.388905],[110.118273,31.397379],[110.113707,31.402583],[110.111746,31.413585],[110.102171,31.410075],[110.094897,31.413208],[110.084593,31.4106],[110.050557,31.41208],[110.029394,31.432851],[110.03047,31.440469],[110.003586,31.450494],[109.998673,31.455761],[109.996442,31.464763],[109.987632,31.474164],[109.977849,31.477582],[109.963048,31.476523],[109.944567,31.470494],[109.935766,31.480993]]]}},{"type":"Feature","properties":{"id":"cn:429021000","name":"神农架林区","level":2},"geometry":{"type":"Polygon","coordinates":[[[109.935766,31.480993],[109.941494,31.488931],[109.954229,31.494602],[109.957441,31.502354],[109.989742,31.523489],[110.004628,31.526202],[110.02015,31.521644],[110.036156,31.531382],[110.043508,31.539561],[110.060739,31.546805],[110.064801,31.551594],[110.059829,31.565833],[110.078683,31.573982],[110.093017,31.587992],[110.124289,31.605804],[110.170602,31.604349],[110.187318,31.582746],[110.197653,31.581021],[110.212709,31.571127],[110.216955,31.587551],[110.228442,31.592859],[110.229099,31.601254],[110.219452,31.614233],[110.200832,31.623117],[110.209455,31.63687],[110.22649,31.644229],[110.232189,31.65036],[110.230541,31.666818],[110.219046,31.676365],[110.212358,31.67742],[110.228536,31.71861],[110.228431,31.734882],[110.231703,31.738986],[110.244429,31.747838],[110.262485,31.752531],[110.278474,31.764796],[110.342201,31.764045],[110.359776,31.770455],[110.365623,31.77522],[110.363064,31.783695],[110.363942,31.803561],[110.390895,31.807042],[110.403783,31.821711],[110.423051,31.822377],[110.427195,31.81922],[110.4273,31.814204],[110.44579,31.807928],[110.457917,31.815314],[110.465895,31.815578],[110.468436,31.820496],[110.466846,31.83067],[110.484698,31.838982],[110.477317,31.845342],[110.477772,31.849424],[110.504173,31.858916],[110.513692,31.855956],[110.514398,31.850127],[110.510398,31.843469],[110.513783,31.840734],[110.526338,31.843359],[110.531826,31.852199],[110.577999,31.846832],[110.592863,31.850518],[110.602761,31.845584],[110.613371,31.851882],[110.623585,31.847784],[110.633989,31.850932],[110.651733,31.845382],[110.656392,31.84836],[110.659526,31.860069],[110.665082,31.862707],[110.679907,31.856282],[110.695748,31.854518],[110.703465,31.848024],[110.746506,31.842316],[110.755466,31.830265],[110.761577,31.834193],[110.768474,31.8315],[110.772453,31.818593],[110.806051,31.784615],[110.826243,31.785998],[110.843516,31.773716],[110.870364,31.73525],[110.870674,31.725121],[110.866761,31.721036],[110.873684,31.714153],[110.87556,31.697713],[110.886296,31.678063],[110.901087,31.669682],[110.90386,31.661443],[110.928511,31.663189],[110.941498,31.667903],[110.972595,31.651593],[110.977237,31.644323],[110.974987,31.641414],[110.96534,31.64036],[110.938395,31.600899],[110.936364,31.592214],[110.941134,31.581798],[110.942094,31.567672],[110.910293,31.554844],[110.901851,31.532768],[110.884054,31.530258],[110.877617,31.519236],[110.848738,31.500978],[110.843008,31.501738],[110.835645,31.51574],[110.825827,31.523482],[110.824295,31.540537],[110.821451,31.544151],[110.80705,31.538802],[110.791355,31.555222],[110.786422,31.555405],[110.763975,31.543763],[110.738454,31.540772],[110.727415,31.53265],[110.727028,31.515729],[110.702702,31.479315],[110.69032,31.479947],[110.682116,31.487619],[110.672792,31.484152],[110.649105,31.485119],[110.634305,31.481815],[110.608852,31.487182],[110.606683,31.480655],[110.608766,31.469109],[110.601457,31.460699],[110.600808,31.449432],[110.583943,31.421096],[110.583371,31.411876],[110.573634,31.40213],[110.575974,31.383802],[110.561596,31.368386],[110.562845,31.358835],[110.571762,31.346701],[110.568992,31.332443],[110.537194,31.318985],[110.519385,31.32788],[110.516989,31.339898],[110.503003,31.349838],[110.506564,31.361048],[110.492436,31.375297],[110.485747,31.3719],[110.48588,31.359506],[110.476982,31.339802],[110.462448,31.330913],[110.442588,31.331107],[110.441574,31.338057],[110.433242,31.343089],[110.433297,31.360306],[110.414775,31.366771],[110.398756,31.3775],[110.384502,31.376981],[110.370023,31.391256],[110.354933,31.393927],[110.352392,31.389243],[110.347867,31.38876],[110.338685,31.396871],[110.323334,31.397762],[110.316624,31.396897],[110.267882,31.346122],[110.242344,31.336899],[110.208871,31.308008],[110.171181,31.29745],[110.1579,31.305784],[110.156424,31.316303],[110.146633,31.319901],[110.152874,31.335524],[110.142995,31.347335],[110.144306,31.357149],[110.134888,31.370291],[110.140174,31.383297],[110.139271,31.388905],[110.118273,31.397379],[110.113707,31.402583],[110.111746,31.413585],[110.102171,31.410075],[110.094897,31.413208],[110.084593,31.4106],[110.050557,31.41208],[110.029394,31.432851],[110.03047,31.440469],[110.003586,31.450494],[109.998673,31.455761],[109.996442,31.464763],[109.987632,31.474164],[109.977849,31.477582],[109.963048,31.476523],[109.944567,31.470494],[109.935766,31.480993]]]}}]}