{"type":"FeatureCollection","features":[{"type":"Feature","properties":{"id":"cn:43","name":"湖南省","level":0},"geometry":{"type":"MultiPolygon","coordinates":[[[[109.518278,26.7549],[109.517751,26.759178],[109.512395,26.761233],[109.512983,26.783429],[109.49201,26.822837],[109.494449,26.829761],[109.508555,26.843759],[109.505794,26.868976],[109.507913,26.879572],[109.488832,26.884329],[109.482158,26.898695],[109.477245,26.900455],[109.470184,26.898529],[109.468243,26.888135],[109.452023,26.876548],[109.452755,26.867423],[109.443143,26.862912],[109.431516,26.864947],[109.440107,26.875039],[109.433006,26.882029],[109.431665,26.895902],[109.447125,26.905807],[109.454368,26.905402],[109.464095,26.909961],[109.468442,26.915595],[109.479584,26.916936],[109.506267,26.933575],[109.519612,26.929661],[109.525725,26.931052],[109.53089,26.943758],[109.548772,26.948621],[109.554116,26.956368],[109.546471,26.962595],[109.545404,26.987292],[109.542239,26.988139],[109.531132,26.977436],[109.523072,26.980707],[109.525965,26.986825],[109.524722,26.995311],[109.534252,26.996245],[109.537854,26.999981],[109.535437,27.009121],[109.537863,27.013017],[109.521254,27.030033],[109.520468,27.040753],[109.51335,27.04666],[109.515188,27.062136],[109.50588,27.071358],[109.515493,27.071768],[109.516318,27.074744],[109.500448,27.076127],[109.495999,27.082112],[109.485681,27.082313],[109.481339,27.072081],[109.490497,27.064447],[109.483604,27.058058],[109.451704,27.07065],[109.454759,27.073721],[109.47511,27.073457],[109.477246,27.076032],[109.477742,27.084441],[109.461277,27.083829],[109.454746,27.088018],[109.457431,27.093198],[109.462841,27.093387],[109.462696,27.098132],[109.45499,27.096924],[109.453304,27.101735],[109.458692,27.104167],[109.455064,27.112845],[109.464647,27.118729],[109.467991,27.1382],[109.462296,27.139721],[109.452843,27.136588],[109.443572,27.123815],[109.43615,27.121401],[109.420256,27.13263],[109.410862,27.156734],[109.396861,27.154961],[109.395305,27.162858],[109.388019,27.159274],[109.388393,27.147075],[109.379802,27.147134],[109.378642,27.153654],[109.373408,27.158645],[109.368479,27.150792],[109.350291,27.156211],[109.329866,27.152817],[109.330401,27.142369],[109.270608,27.13337],[109.258846,27.139185],[109.252921,27.153988],[109.243607,27.156813],[109.234423,27.152524],[109.21852,27.125843],[109.186089,27.089687],[109.180596,27.085602],[109.169388,27.089569],[109.158952,27.069088],[109.151696,27.069848],[109.149681,27.075216],[109.13755,27.076874],[109.127013,27.073675],[109.129722,27.070569],[109.125915,27.068308],[109.096518,27.072158],[109.104567,27.09575],[109.113616,27.107933],[109.126455,27.113333],[109.129347,27.120973],[109.124137,27.125691],[109.11061,27.126806],[109.092589,27.119325],[109.081892,27.121108],[109.074629,27.118929],[109.061177,27.106845],[109.057394,27.113671],[109.045431,27.10024],[109.03346,27.1007],[109.028089,27.107117],[109.022496,27.106127],[109.014417,27.099208],[109.015752,27.096857],[109.008259,27.0867],[108.985326,27.077544],[108.960066,27.058005],[108.937138,27.050291],[108.938977,27.040963],[108.946797,27.040496],[108.947805,27.022294],[108.938001,27.018002],[108.939886,27.020844],[108.934415,27.019338],[108.932654,27.015406],[108.91728,27.013357],[108.915488,27.015704],[108.919363,27.027894],[108.916907,27.033396],[108.910848,27.029551],[108.914327,27.024213],[108.912885,27.021021],[108.908224,27.023568],[108.896261,27.020449],[108.880926,27.00653],[108.871595,27.003035],[108.868352,27.004976],[108.874364,27.009965],[108.870206,27.025193],[108.871479,27.031616],[108.868391,27.027294],[108.863094,27.035196],[108.863932,27.026425],[108.861332,27.027878],[108.861903,27.033772],[108.850604,27.03555],[108.839847,27.051509],[108.843036,27.056029],[108.839335,27.064507],[108.836833,27.066582],[108.833651,27.062011],[108.827052,27.061394],[108.824343,27.064036],[108.825938,27.067146],[108.816646,27.068008],[108.804904,27.077461],[108.801523,27.07691],[108.800003,27.08209],[108.786637,27.087856],[108.803307,27.102016],[108.811837,27.100375],[108.81437,27.094532],[108.820237,27.09254],[108.833665,27.096393],[108.839975,27.101948],[108.851198,27.099955],[108.850236,27.107693],[108.857125,27.119264],[108.866708,27.119379],[108.874689,27.10988],[108.880686,27.112062],[108.883875,27.117556],[108.883058,27.124771],[108.900827,27.138515],[108.910051,27.154363],[108.908769,27.160325],[108.910359,27.162551],[108.915669,27.160537],[108.915943,27.169399],[108.918684,27.169003],[108.916183,27.172299],[108.919384,27.17678],[108.915771,27.179214],[108.913038,27.189482],[108.915056,27.197036],[108.921655,27.203153],[108.914323,27.203424],[108.904558,27.207907],[108.903534,27.211111],[108.910399,27.213268],[108.910134,27.218199],[108.913919,27.22068],[108.942941,27.231921],[108.947713,27.239807],[108.962054,27.24015],[108.964322,27.248984],[108.980362,27.259656],[108.979043,27.270478],[108.981607,27.273454],[108.989307,27.273345],[108.993487,27.266116],[108.995219,27.270916],[109.005855,27.273629],[109.018264,27.281655],[109.019454,27.285536],[109.036907,27.27987],[109.041476,27.292187],[109.049381,27.298084],[109.049563,27.309283],[109.043163,27.322017],[109.041399,27.337928],[109.049076,27.339171],[109.054979,27.330074],[109.064653,27.32599],[109.072596,27.337262],[109.082553,27.33422],[109.099066,27.340044],[109.096722,27.354358],[109.100133,27.358762],[109.107816,27.354981],[109.110776,27.35733],[109.11382,27.3654],[109.109662,27.369239],[109.10986,27.374276],[109.120099,27.391052],[109.111393,27.403535],[109.122319,27.407655],[109.12682,27.414401],[109.136792,27.420293],[109.138097,27.427564],[109.134007,27.433504],[109.130154,27.433017],[109.124601,27.428711],[109.120358,27.418708],[109.114888,27.415618],[109.106931,27.417052],[109.104547,27.421868],[109.10987,27.428045],[109.118471,27.421225],[109.118667,27.431765],[109.124478,27.434488],[109.136532,27.450818],[109.148878,27.452528],[109.150678,27.446767],[109.154828,27.445539],[109.151601,27.419717],[109.1624,27.421057],[109.194015,27.450538],[109.203225,27.45368],[109.209153,27.453784],[109.222096,27.439314],[109.236619,27.435199],[109.241028,27.421499],[109.248268,27.420475],[109.259743,27.42618],[109.295308,27.427237],[109.302322,27.437684],[109.298399,27.478943],[109.307739,27.489428],[109.374362,27.53896],[109.394779,27.550763],[109.404518,27.554824],[109.428841,27.551536],[109.441193,27.565556],[109.454376,27.563336],[109.457177,27.568816],[109.44648,27.589124],[109.456713,27.60482],[109.465308,27.631976],[109.450812,27.675479],[109.465716,27.683485],[109.452072,27.696762],[109.425161,27.706719],[109.422053,27.71406],[109.413416,27.717415],[109.413581,27.724503],[109.409345,27.728193],[109.395507,27.723433],[109.387573,27.729516],[109.36115,27.725383],[109.360734,27.729242],[109.371011,27.737189],[109.372938,27.742853],[109.358389,27.747716],[109.361446,27.752981],[109.359518,27.762964],[109.345135,27.774265],[109.344171,27.778084],[109.333433,27.779153],[109.333745,27.782487],[109.32825,27.783818],[109.33635,27.793443],[109.32615,27.795162],[109.338069,27.804349],[109.333911,27.807744],[109.338276,27.814394],[109.335508,27.82467],[109.342053,27.841529],[109.322166,27.86187],[109.322843,27.865646],[109.334084,27.872019],[109.317217,27.871264],[109.318477,27.87546],[109.312947,27.885547],[109.315959,27.898885],[109.307235,27.911088],[109.310179,27.921407],[109.30741,27.930466],[109.309172,27.936632],[109.297262,27.959909],[109.302496,27.971359],[109.316255,27.974735],[109.316932,27.995098],[109.337523,28.008602],[109.360061,28.012054],[109.374345,28.036309],[109.365751,28.049306],[109.355265,28.057444],[109.333703,28.066168],[109.329849,28.065497],[109.318937,28.044484],[109.306863,28.041296],[109.301246,28.033327],[109.294953,28.033494],[109.293946,28.039618],[109.298807,28.075144],[109.30846,28.08936],[109.30879,28.10513],[109.3207,28.118509],[109.323391,28.13017],[109.333451,28.145059],[109.330688,28.160356],[109.337062,28.165443],[109.336055,28.197066],[109.341003,28.209982],[109.35602,28.226801],[109.351992,28.236743],[109.360256,28.240138],[109.368051,28.25161],[109.363104,28.258909],[109.383156,28.271343],[109.393971,28.272224],[109.395439,28.27495],[109.368729,28.280297],[109.349892,28.26805],[109.347418,28.271784],[109.358746,28.2877],[109.333495,28.297201],[109.329093,28.296612],[109.313277,28.281219],[109.299101,28.277886],[109.290291,28.281912],[109.292939,28.296171],[109.283581,28.301393],[109.279475,28.308609],[109.268475,28.312784],[109.270636,28.317429],[109.268478,28.323109],[109.271938,28.326357],[109.267115,28.326902],[109.263494,28.340445],[109.280378,28.361745],[109.284152,28.376824],[109.280778,28.380037],[109.271365,28.380641],[109.272875,28.384685],[109.264149,28.387771],[109.260089,28.395876],[109.25993,28.40717],[109.254818,28.421194],[109.255323,28.435798],[109.252276,28.440103],[109.25554,28.45467],[109.260502,28.459031],[109.25597,28.461327],[109.256011,28.467323],[109.262606,28.486505],[109.271842,28.488345],[109.267127,28.516557],[109.275789,28.523129],[109.269904,28.528512],[109.269305,28.541798],[109.284008,28.549124],[109.296247,28.579944],[109.312653,28.584699],[109.315779,28.583039],[109.31648,28.588897],[109.310607,28.590371],[109.304661,28.602086],[109.299748,28.605275],[109.30473,28.611288],[109.303918,28.618164],[109.295259,28.629755],[109.282868,28.630363],[109.274023,28.620294],[109.273832,28.615735],[109.265134,28.615307],[109.254283,28.608899],[109.248129,28.609743],[109.23463,28.621229],[109.227712,28.622826],[109.197582,28.601212],[109.196184,28.605199],[109.181696,28.61387],[109.183945,28.618419],[109.178233,28.619172],[109.175932,28.623953],[109.184847,28.630519],[109.189439,28.640179],[109.198285,28.641225],[109.266002,28.674602],[109.261566,28.683438],[109.251774,28.687542],[109.248337,28.694812],[109.260385,28.702707],[109.26687,28.702202],[109.268623,28.709],[109.273102,28.708751],[109.289989,28.722337],[109.28358,28.730524],[109.295973,28.74287],[109.292995,28.751339],[109.27384,28.754735],[109.275253,28.759411],[109.268953,28.763829],[109.251582,28.768832],[109.251347,28.771354],[109.255373,28.77064],[109.256702,28.778152],[109.24152,28.777134],[109.23527,28.783699],[109.237084,28.796911],[109.241798,28.804862],[109.241425,28.815791],[109.234906,28.83134],[109.237962,28.837623],[109.237857,28.857742],[109.229307,28.867245],[109.233448,28.868873],[109.23027,28.871525],[109.230809,28.884784],[109.235783,28.89585],[109.242841,28.900505],[109.245609,28.909335],[109.252224,28.91084],[109.250931,28.932278],[109.26383,28.969645],[109.267701,28.973997],[109.281895,28.977261],[109.287763,28.990668],[109.289819,29.018089],[109.300514,29.024105],[109.307415,29.038088],[109.31488,29.045494],[109.30659,29.07044],[109.296452,29.073598],[109.286512,29.072554],[109.269117,29.081677],[109.262051,29.082026],[109.253128,29.089726],[109.232633,29.089683],[109.221349,29.116193],[109.227155,29.118542],[109.227928,29.12239],[109.240706,29.118038],[109.251322,29.126163],[109.269496,29.125055],[109.27185,29.127182],[109.272481,29.136977],[109.259374,29.146934],[109.255636,29.159434],[109.261679,29.170172],[109.268805,29.174113],[109.265958,29.183173],[109.271409,29.20318],[109.253206,29.225449],[109.25673,29.23065],[109.27231,29.236184],[109.281392,29.244868],[109.310309,29.254881],[109.347065,29.286833],[109.347825,29.307236],[109.338267,29.310295],[109.340445,29.317342],[109.335324,29.338648],[109.339144,29.372076],[109.344977,29.37799],[109.363892,29.385497],[109.37186,29.379144],[109.386618,29.374859],[109.381501,29.3845],[109.3769,29.385933],[109.38035,29.396133],[109.363706,29.413931],[109.36524,29.422489],[109.386038,29.441409],[109.401435,29.437003],[109.401257,29.444499],[109.397462,29.447964],[109.406378,29.453146],[109.413278,29.451265],[109.412173,29.457327],[109.403287,29.464571],[109.400196,29.471276],[109.407589,29.48267],[109.405035,29.493109],[109.410201,29.49953],[109.414526,29.500083],[109.429938,29.49159],[109.435242,29.493836],[109.434526,29.498949],[109.42639,29.507802],[109.426044,29.531565],[109.430774,29.533644],[109.441587,29.531314],[109.443582,29.522102],[109.453665,29.515747],[109.459866,29.516213],[109.453688,29.533094],[109.456927,29.556809],[109.46296,29.562579],[109.473128,29.555753],[109.484467,29.556235],[109.492824,29.570753],[109.49925,29.591285],[109.498868,29.600386],[109.491108,29.601352],[109.491654,29.605652],[109.496689,29.608084],[109.511794,29.603072],[109.515083,29.610776],[109.520306,29.611523],[109.50953,29.620691],[109.510735,29.628238],[109.524309,29.628755],[109.528299,29.623679],[109.527324,29.617375],[109.543659,29.616178],[109.554024,29.609844],[109.571011,29.622656],[109.571759,29.631506],[109.606324,29.637356],[109.634674,29.626976],[109.646836,29.628969],[109.646375,29.612905],[109.657408,29.602651],[109.674058,29.610724],[109.703502,29.611919],[109.712096,29.616597],[109.712434,29.620036],[109.706072,29.632302],[109.696465,29.639007],[109.706164,29.646355],[109.713891,29.658146],[109.70941,29.675585],[109.732231,29.681028],[109.757491,29.693937],[109.761352,29.705534],[109.754462,29.713584],[109.768138,29.726847],[109.753812,29.734076],[109.753293,29.737546],[109.748699,29.736733],[109.747548,29.7426],[109.750426,29.745746],[109.764442,29.747128],[109.770984,29.757859],[109.787086,29.766062],[109.816114,29.772613],[109.865142,29.777472],[109.883788,29.76868],[109.895419,29.773449],[109.903266,29.766994],[109.907754,29.767432],[109.930878,29.778651],[109.935866,29.776996],[109.942042,29.781943],[109.945048,29.775736],[109.964976,29.774513],[109.97127,29.770818],[109.986053,29.774872],[110.019238,29.772185],[110.059117,29.785275],[110.108456,29.792106],[110.139906,29.773573],[110.155808,29.756273],[110.194263,29.755571],[110.21501,29.749244],[110.240938,29.734849],[110.273351,29.711686],[110.285062,29.698991],[110.287179,29.674434],[110.292101,29.66683],[110.305209,29.663064],[110.323177,29.669354],[110.338229,29.670105],[110.338829,29.66524],[110.348547,29.65527],[110.346737,29.647198],[110.350172,29.641936],[110.368363,29.636314],[110.408148,29.6563],[110.410457,29.663939],[110.442481,29.66756],[110.444298,29.693283],[110.460168,29.71556],[110.488889,29.703561],[110.502196,29.694728],[110.52039,29.696174],[110.558029,29.715325],[110.576943,29.731893],[110.610277,29.750318],[110.618965,29.758731],[110.626986,29.760522],[110.637594,29.774924],[110.63519,29.785246],[110.609868,29.833677],[110.594356,29.842757],[110.577707,29.837623],[110.568514,29.848467],[110.546405,29.849754],[110.542004,29.867933],[110.531154,29.881414],[110.535182,29.891788],[110.533011,29.899472],[110.522091,29.907336],[110.511813,29.904535],[110.502934,29.911536],[110.493124,29.912634],[110.503133,29.924263],[110.501961,29.941577],[110.50842,29.951777],[110.510399,29.96198],[110.532803,29.979216],[110.546249,29.982412],[110.552377,29.991007],[110.54243,30.002297],[110.515198,30.004409],[110.490625,30.017866],[110.486588,30.022263],[110.49572,30.031256],[110.491424,30.038971],[110.494522,30.051291],[110.491371,30.05718],[110.49605,30.05779],[110.503264,30.053036],[110.512204,30.056316],[110.516344,30.061588],[110.526466,30.063782],[110.546232,30.058365],[110.557429,30.060156],[110.559964,30.057093],[110.568627,30.061969],[110.596231,30.057439],[110.64828,30.080166],[110.659877,30.071095],[110.678201,30.064467],[110.68138,30.061803],[110.678367,30.05448],[110.693514,30.040904],[110.707299,30.035776],[110.719928,30.043345],[110.736985,30.044371],[110.75104,30.056905],[110.749069,30.0667],[110.751439,30.084952],[110.74387,30.090914],[110.748001,30.103889],[110.741257,30.115207],[110.764462,30.122791],[110.783194,30.122607],[110.797874,30.117064],[110.807752,30.12795],[110.814896,30.128987],[110.832777,30.125124],[110.846086,30.129082],[110.854201,30.120746],[110.889028,30.112746],[110.918108,30.11521],[110.920166,30.09727],[110.917501,30.080352],[110.920347,30.070291],[110.924835,30.066196],[110.943541,30.063039],[110.958464,30.064785],[110.977214,30.060866],[110.993073,30.061986],[111.002066,30.056535],[111.026094,30.051391],[111.06645,30.049627],[111.080669,30.051838],[111.172171,30.042965],[111.17513,30.046894],[111.194167,30.043529],[111.237474,30.042791],[111.24079,30.0385],[111.250894,30.036271],[111.261432,30.013996],[111.280501,30.013867],[111.292072,30.007181],[111.291618,29.992752],[111.297333,29.98576],[111.305998,29.982709],[111.311847,29.974467],[111.318757,29.980478],[111.325867,29.972362],[111.323931,29.967961],[111.330519,29.965424],[111.337081,29.947078],[111.342649,29.944412],[111.345686,29.953748],[111.354178,29.953106],[111.363432,29.956648],[111.377032,29.952165],[111.372422,29.937634],[111.375378,29.936158],[111.384112,29.940137],[111.377006,29.926059],[111.391204,29.91458],[111.398813,29.91343],[111.411612,29.917242],[111.431456,29.932447],[111.443975,29.926135],[111.450127,29.9304],[111.456302,29.929796],[111.475478,29.920514],[111.492987,29.927329],[111.516519,29.930682],[111.521806,29.928305],[111.531129,29.908755],[111.540547,29.906916],[111.548134,29.897155],[111.56042,29.901246],[111.572345,29.897112],[111.578644,29.900819],[111.582984,29.895537],[111.586848,29.897244],[111.592674,29.892128],[111.614247,29.894097],[111.618153,29.898112],[111.639598,29.898007],[111.645799,29.895809],[111.647581,29.890655],[111.656787,29.888517],[111.663444,29.891549],[111.676153,29.887224],[111.685376,29.891567],[111.694297,29.89038],[111.700035,29.89341],[111.699696,29.899364],[111.705418,29.899615],[111.710413,29.903991],[111.713243,29.902598],[111.718019,29.907878],[111.719248,29.918264],[111.730361,29.923188],[111.733958,29.920849],[111.741589,29.923919],[111.751447,29.922722],[111.803351,29.905408],[111.80539,29.895785],[111.825026,29.890584],[111.823333,29.876649],[111.834037,29.879496],[111.839445,29.877108],[111.855912,29.85962],[111.872292,29.862382],[111.875062,29.868887],[111.875096,29.862758],[111.878785,29.861239],[111.909088,29.855447],[111.914436,29.844046],[111.92599,29.836793],[111.931528,29.835145],[111.944714,29.839883],[111.957413,29.839343],[111.95967,29.833848],[111.946007,29.816958],[111.950235,29.798511],[111.971441,29.793184],[111.974974,29.797492],[111.980651,29.797127],[111.985625,29.78541],[111.996051,29.780313],[112.004037,29.780616],[112.025417,29.764781],[112.038359,29.761801],[112.044896,29.75163],[112.056667,29.745377],[112.058828,29.74839],[112.048776,29.760519],[112.058586,29.772261],[112.060304,29.756135],[112.070573,29.745117],[112.067431,29.737129],[112.067778,29.718511],[112.058099,29.71235],[112.058776,29.703525],[112.054115,29.698242],[112.060478,29.683301],[112.077856,29.683037],[112.085979,29.688083],[112.100903,29.674739],[112.106721,29.661685],[112.112622,29.665113],[112.119123,29.659449],[112.13816,29.659874],[112.144731,29.657014],[112.158758,29.664827],[112.166275,29.663114],[112.176614,29.653765],[112.180608,29.635493],[112.192587,29.620015],[112.196692,29.636376],[112.211441,29.63679],[112.214783,29.639829],[112.213785,29.649974],[112.230434,29.661046],[112.238522,29.662214],[112.222688,29.633642],[112.228753,29.618413],[112.236718,29.612585],[112.248593,29.61332],[112.276384,29.598874],[112.288149,29.598691],[112.297513,29.588077],[112.297051,29.568608],[112.286406,29.546131],[112.276357,29.539726],[112.273937,29.533742],[112.272596,29.511128],[112.277197,29.497497],[112.285101,29.519561],[112.292729,29.519536],[112.310032,29.526861],[112.314349,29.543132],[112.330278,29.547463],[112.363056,29.544015],[112.384886,29.569969],[112.387278,29.565184],[112.390521,29.565436],[112.395495,29.578275],[112.403108,29.581076],[112.417726,29.598145],[112.421076,29.618835],[112.433807,29.636251],[112.450868,29.638421],[112.460113,29.633932],[112.476304,29.636017],[112.493455,29.631832],[112.499583,29.613619],[112.52994,29.602355],[112.566771,29.626641],[112.599792,29.616361],[112.603803,29.610339],[112.621103,29.619358],[112.634705,29.610662],[112.644275,29.595635],[112.654749,29.602268],[112.667873,29.602748],[112.673438,29.592226],[112.67718,29.592283],[112.684297,29.600712],[112.683412,29.605082],[112.688516,29.604429],[112.687734,29.611378],[112.69342,29.613407],[112.693082,29.622642],[112.707457,29.638292],[112.711528,29.654219],[112.723681,29.657518],[112.723768,29.649664],[112.727873,29.648049],[112.745868,29.661055],[112.756424,29.663577],[112.76027,29.677672],[112.771988,29.682238],[112.7829,29.682513],[112.779184,29.696161],[112.789523,29.700289],[112.791059,29.704961],[112.786814,29.718275],[112.800443,29.728712],[112.788272,29.738505],[112.809784,29.749267],[112.856085,29.785861],[112.875134,29.789612],[112.894216,29.784465],[112.921331,29.765786],[112.926478,29.742662],[112.921467,29.694925],[112.931432,29.684139],[112.939245,29.685506],[112.952223,29.696893],[112.973559,29.740267],[112.997717,29.757824],[113.005999,29.77023],[113.016484,29.775345],[113.023134,29.772956],[113.025009,29.764798],[113.015017,29.731166],[113.009427,29.713469],[112.999193,29.696348],[112.970547,29.674805],[112.959809,29.661628],[112.939836,29.650245],[112.91612,29.629355],[112.906503,29.618939],[112.906328,29.609655],[112.93186,29.529919],[112.944585,29.475699],[112.950298,29.471815],[112.96357,29.471831],[112.984629,29.500646],[113.01298,29.518795],[113.02857,29.526159],[113.051722,29.524958],[113.058753,29.514928],[113.066844,29.485254],[113.072208,29.440845],[113.074778,29.436582],[113.084595,29.433264],[113.090924,29.43612],[113.096661,29.445528],[113.094005,29.462145],[113.100871,29.463141],[113.109934,29.458957],[113.123674,29.460814],[113.139378,29.451834],[113.149777,29.459666],[113.176192,29.488154],[113.216565,29.546317],[113.261278,29.577127],[113.27145,29.597707],[113.292223,29.616426],[113.371336,29.70562],[113.419924,29.745287],[113.450675,29.761649],[113.487256,29.789112],[113.512127,29.815038],[113.565903,29.851652],[113.575463,29.835046],[113.570515,29.828172],[113.571618,29.821289],[113.559621,29.815313],[113.560881,29.812238],[113.570043,29.810709],[113.564615,29.808337],[113.556258,29.794292],[113.562475,29.789688],[113.554386,29.785862],[113.545307,29.77089],[113.550245,29.76636],[113.548685,29.76125],[113.554072,29.750878],[113.554662,29.735647],[113.534446,29.702323],[113.532718,29.686324],[113.541503,29.678072],[113.578482,29.676804],[113.602921,29.66944],[113.607759,29.673659],[113.631564,29.67239],[113.64074,29.675146],[113.639795,29.678803],[113.646138,29.686178],[113.657711,29.687184],[113.657703,29.680299],[113.663442,29.673143],[113.661516,29.666584],[113.675119,29.645243],[113.666405,29.643843],[113.666193,29.641209],[113.673155,29.637704],[113.682434,29.643493],[113.68982,29.640976],[113.687,29.636011],[113.697998,29.637152],[113.698154,29.621928],[113.70273,29.611616],[113.716248,29.614416],[113.722883,29.600857],[113.735483,29.593849],[113.730689,29.57947],[113.705382,29.571815],[113.702985,29.556556],[113.697236,29.555611],[113.695622,29.558201],[113.685952,29.55047],[113.675966,29.551322],[113.673591,29.548803],[113.675197,29.54207],[113.663745,29.538454],[113.650227,29.539364],[113.649137,29.533782],[113.625364,29.525473],[113.628905,29.513539],[113.637828,29.510637],[113.666062,29.515207],[113.667431,29.513105],[113.672956,29.516431],[113.683207,29.512291],[113.701241,29.48868],[113.712848,29.482652],[113.718143,29.47622],[113.736826,29.470676],[113.734847,29.46803],[113.749231,29.450242],[113.747833,29.442871],[113.731288,29.428935],[113.736054,29.415554],[113.723519,29.395402],[113.715897,29.392373],[113.70772,29.396249],[113.684649,29.396595],[113.668918,29.390723],[113.662061,29.384522],[113.655377,29.371036],[113.656757,29.356046],[113.660369,29.349888],[113.655446,29.336303],[113.637869,29.32976],[113.627486,29.321283],[113.608103,29.275405],[113.601002,29.268779],[113.602574,29.255502],[113.629709,29.253566],[113.647763,29.227326],[113.655864,29.227749],[113.660203,29.235155],[113.676263,29.236846],[113.684466,29.233674],[113.687339,29.229138],[113.686063,29.199709],[113.675934,29.186533],[113.666341,29.182402],[113.656446,29.170249],[113.657583,29.162544],[113.66483,29.158472],[113.662409,29.14673],[113.664753,29.141862],[113.679128,29.134021],[113.678989,29.124908],[113.68497,29.117493],[113.680022,29.085284],[113.684979,29.080927],[113.694165,29.082059],[113.701533,29.08673],[113.708347,29.100727],[113.717106,29.107627],[113.726445,29.107981],[113.720578,29.086571],[113.728547,29.067413],[113.734501,29.061655],[113.739388,29.06131],[113.75872,29.081141],[113.760821,29.092152],[113.767539,29.097036],[113.782904,29.101769],[113.786897,29.099952],[113.810431,29.108268],[113.821654,29.105416],[113.83063,29.094774],[113.826064,29.072346],[113.847166,29.061756],[113.863243,29.06887],[113.876472,29.068543],[113.869493,29.056224],[113.871212,29.041311],[113.876116,29.036691],[113.890014,29.032619],[113.90438,29.033238],[113.912791,29.041453],[113.928043,29.04908],[113.937922,29.050393],[113.942062,29.043356],[113.941438,29.019441],[113.956012,29.002509],[113.950205,28.982463],[113.96136,28.947405],[113.969537,28.940679],[113.981873,28.953115],[114.003399,28.95841],[113.999511,28.921347],[114.009138,28.920854],[114.013938,28.917184],[114.022835,28.894146],[114.036542,28.910372],[114.044737,28.910678],[114.057272,28.9029],[114.061534,28.890409],[114.051994,28.877903],[114.052163,28.867435],[114.056716,28.85963],[114.055422,28.849602],[114.063609,28.849961],[114.068617,28.839595],[114.074841,28.836169],[114.089023,28.835895],[114.119327,28.846195],[114.123502,28.84458],[114.12378,28.837941],[114.128893,28.829917],[114.137391,28.830962],[114.144006,28.838011],[114.14687,28.837521],[114.146436,28.824808],[114.149101,28.819914],[114.146489,28.804602],[114.135438,28.793512],[114.131932,28.782726],[114.148285,28.773769],[114.151219,28.767041],[114.14648,28.745481],[114.141226,28.738966],[114.143847,28.726794],[114.13712,28.718204],[114.134473,28.705984],[114.122684,28.704047],[114.116842,28.692491],[114.118317,28.683632],[114.12758,28.674731],[114.123865,28.66531],[114.126894,28.661388],[114.123847,28.650487],[114.126789,28.642551],[114.116737,28.626323],[114.117832,28.621919],[114.124029,28.61878],[114.126599,28.610269],[114.113153,28.589938],[114.097198,28.584242],[114.089229,28.573178],[114.089125,28.565339],[114.082675,28.5631],[114.081034,28.559305],[114.095096,28.543412],[114.112953,28.542091],[114.11988,28.537514],[114.131408,28.538477],[114.137172,28.523363],[114.149177,28.510702],[114.163465,28.502527],[114.174646,28.500108],[114.188551,28.502345],[114.2129,28.487842],[114.214315,28.476635],[114.211598,28.469682],[114.196981,28.462518],[114.182172,28.442186],[114.167822,28.439372],[114.166954,28.43599],[114.18803,28.434111],[114.199203,28.425044],[114.209324,28.406353],[114.217241,28.404927],[114.222883,28.398739],[114.228082,28.402101],[114.249775,28.397238],[114.254046,28.378551],[114.244619,28.369315],[114.256033,28.35556],[114.24849,28.353091],[114.241876,28.341414],[114.250288,28.329924],[114.248855,28.324241],[114.229879,28.314246],[114.221885,28.304335],[114.210383,28.29731],[114.192822,28.294018],[114.190817,28.2877],[114.193056,28.273067],[114.179297,28.27089],[114.176781,28.253299],[114.162518,28.256782],[114.139558,28.250973],[114.138307,28.241343],[114.124141,28.231318],[114.115703,28.216295],[114.101102,28.204779],[114.102283,28.187555],[114.099792,28.18467],[114.078237,28.182362],[114.072091,28.177325],[114.054808,28.174188],[114.047959,28.174291],[114.042525,28.179908],[114.021839,28.175366],[114.006935,28.178417],[114.001961,28.169895],[113.988731,28.167335],[113.99046,28.155989],[114.00058,28.148185],[114.001805,28.128758],[114.011648,28.123469],[114.012916,28.103786],[114.021578,28.095654],[114.022898,28.087479],[114.013653,28.088734],[114.019365,28.083882],[114.030841,28.081389],[114.041621,28.060787],[114.040224,28.056099],[114.029894,28.053818],[114.022107,28.045055],[114.021387,28.035066],[113.995198,28.043775],[113.958063,28.04308],[113.950962,28.03407],[113.960276,28.020298],[113.940858,28.017516],[113.930277,28.022409],[113.92005,28.007668],[113.913705,28.004916],[113.909269,27.995022],[113.894911,27.991091],[113.873402,27.995452],[113.866145,28.006204],[113.859512,28.009779],[113.84493,27.990866],[113.848117,27.982982],[113.842935,27.972977],[113.823418,27.975029],[113.819703,27.984176],[113.813393,27.984886],[113.791778,27.973269],[113.787576,27.965543],[113.789469,27.959361],[113.765493,27.956004],[113.74788,27.937998],[113.72974,27.906163],[113.722405,27.87938],[113.727491,27.871437],[113.746207,27.86631],[113.752882,27.860094],[113.754633,27.843082],[113.75179,27.838387],[113.75797,27.833509],[113.761962,27.822436],[113.761719,27.811478],[113.757674,27.802582],[113.725668,27.777772],[113.695921,27.748104],[113.690808,27.722235],[113.668118,27.703296],[113.646684,27.66704],[113.606429,27.638395],[113.602318,27.638396],[113.596305,27.589284],[113.573403,27.548616],[113.57421,27.535061],[113.581537,27.525786],[113.605041,27.517975],[113.617095,27.530283],[113.61766,27.523915],[113.623283,27.51762],[113.616958,27.507091],[113.621628,27.501459],[113.608337,27.487553],[113.608969,27.480903],[113.598754,27.478666],[113.59436,27.473354],[113.586294,27.471092],[113.594254,27.453774],[113.592344,27.43222],[113.596443,27.423839],[113.601494,27.42098],[113.618072,27.42111],[113.621468,27.415293],[113.618614,27.412316],[113.626511,27.409497],[113.624391,27.4045],[113.614311,27.402378],[113.597292,27.389228],[113.599011,27.369004],[113.611293,27.348873],[113.62053,27.346689],[113.63921,27.353794],[113.652292,27.350868],[113.666736,27.336676],[113.694271,27.335393],[113.712491,27.345708],[113.717248,27.352303],[113.735252,27.350679],[113.743629,27.35814],[113.757405,27.364152],[113.777778,27.365476],[113.798507,27.371384],[113.820868,27.368314],[113.867378,27.388305],[113.870937,27.385499],[113.867674,27.350191],[113.849366,27.308671],[113.853108,27.30219],[113.86665,27.296942],[113.866484,27.28822],[113.8546,27.27255],[113.847769,27.238209],[113.841875,27.225896],[113.822422,27.204134],[113.803255,27.169965],[113.773906,27.14053],[113.76658,27.105729],[113.769705,27.094205],[113.778368,27.089494],[113.788194,27.092798],[113.79789,27.102767],[113.802231,27.101098],[113.811311,27.050224],[113.815504,27.041212],[113.837761,27.035842],[113.842856,27.020155],[113.858057,27.022],[113.861103,27.019888],[113.866251,26.993637],[113.878864,26.981741],[113.887336,26.968299],[113.916242,26.963627],[113.916095,26.958073],[113.921693,26.952728],[113.898524,26.931789],[113.895869,26.921457],[113.897865,26.914213],[113.885218,26.899089],[113.886129,26.888134],[113.883437,26.883644],[113.887804,26.864372],[113.87224,26.863058],[113.868742,26.85984],[113.853768,26.837351],[113.852701,26.830376],[113.82928,26.807595],[113.831468,26.79966],[113.840661,26.791696],[113.848291,26.772978],[113.851207,26.718295],[113.857405,26.703093],[113.855261,26.667662],[113.862805,26.656565],[113.871981,26.660055],[113.876286,26.657937],[113.879759,26.639388],[113.894767,26.633293],[113.901303,26.619287],[113.933777,26.616448],[113.948004,26.617286],[113.957388,26.62203],[113.96507,26.620148],[113.968256,26.615982],[113.971693,26.619712],[113.991129,26.619044],[114.012379,26.603003],[114.010322,26.594871],[114.014428,26.590819],[114.027752,26.588942],[114.037196,26.58324],[114.055487,26.583913],[114.064254,26.579095],[114.073447,26.578373],[114.079271,26.581018],[114.10061,26.57949],[114.103526,26.575384],[114.100497,26.562901],[114.09087,26.551504],[114.09212,26.54445],[114.080877,26.528967],[114.077067,26.503215],[114.066832,26.490641],[114.068012,26.482565],[114.081355,26.481407],[114.092666,26.48736],[114.104733,26.486216],[114.084549,26.457112],[114.080356,26.426661],[114.083265,26.414681],[114.080035,26.409464],[114.071077,26.407361],[114.066285,26.413052],[114.058681,26.41065],[114.044532,26.39436],[114.03764,26.393514],[114.030938,26.380604],[114.025244,26.379909],[114.026537,26.372568],[114.034333,26.364678],[114.03218,26.357741],[114.03442,26.348933],[114.042232,26.340606],[114.033169,26.333152],[114.030296,26.326652],[114.036441,26.312785],[114.021901,26.301775],[114.016303,26.291822],[114.019072,26.275411],[114.023994,26.269614],[113.983916,26.250034],[113.973724,26.241123],[113.975738,26.232042],[113.966381,26.222718],[113.9675,26.209356],[113.962127,26.203355],[113.946607,26.197663],[113.942656,26.193247],[113.94099,26.187942],[113.946667,26.181279],[113.946503,26.175324],[113.939393,26.167169],[113.952483,26.155254],[113.957535,26.154213],[113.968638,26.159007],[113.980269,26.169701],[113.986901,26.17111],[114.000573,26.183945],[114.003447,26.182817],[114.008116,26.187316],[114.022604,26.183243],[114.03105,26.191743],[114.036771,26.186626],[114.035626,26.180558],[114.05125,26.183379],[114.055008,26.168462],[114.069315,26.174861],[114.075564,26.171102],[114.083203,26.171493],[114.088647,26.179474],[114.094985,26.181496],[114.094941,26.187735],[114.099793,26.192174],[114.176078,26.217701],[114.181408,26.200345],[114.211669,26.206384],[114.216017,26.193343],[114.22731,26.184686],[114.213361,26.171746],[114.21429,26.167191],[114.220279,26.162896],[114.230609,26.163311],[114.232424,26.157132],[114.183717,26.124453],[114.165826,26.12637],[114.139463,26.11442],[114.103387,26.103319],[114.100314,26.10065],[114.102119,26.098178],[114.113604,26.092919],[114.115662,26.088918],[114.101547,26.072462],[114.094671,26.074832],[114.080217,26.069353],[114.064479,26.081588],[114.038481,26.079766],[114.04073,26.073926],[114.030833,26.06484],[114.031285,26.049883],[114.022807,26.034273],[114.00322,26.018802],[114.00382,26.007322],[114.012327,25.996031],[114.021762,25.994573],[114.022838,25.988203],[114.013742,25.970674],[114.018012,25.962105],[114.016285,25.954685],[114.022743,25.952264],[114.021207,25.947194],[114.02612,25.944978],[114.016562,25.922253],[114.019957,25.914464],[114.017136,25.907639],[114.023021,25.896331],[114.008707,25.888653],[114.005035,25.874132],[113.986138,25.863639],[113.964948,25.837073],[113.966173,25.817856],[113.955573,25.800007],[113.953655,25.788592],[113.956589,25.780406],[113.941771,25.764462],[113.915356,25.744358],[113.909211,25.731819],[113.913204,25.720582],[113.908951,25.702331],[113.92159,25.688612],[113.926606,25.668056],[113.934827,25.662525],[113.938169,25.645779],[113.946173,25.640623],[113.945296,25.624838],[113.952023,25.614935],[113.977301,25.605187],[113.974341,25.576239],[113.988116,25.566259],[113.97895,25.541547],[113.982544,25.53339],[113.957761,25.531229],[113.948212,25.508028],[113.939861,25.500892],[113.951129,25.502676],[113.946971,25.48997],[113.953924,25.487948],[113.94632,25.473864],[113.935096,25.46431],[113.938429,25.441858],[113.933369,25.439966],[113.921494,25.445191],[113.909454,25.445893],[113.907987,25.44168],[113.898638,25.444003],[113.881789,25.439642],[113.879263,25.436031],[113.881563,25.429163],[113.877917,25.425255],[113.887449,25.415855],[113.87713,25.411487],[113.878797,25.400639],[113.87226,25.391133],[113.872885,25.384664],[113.855828,25.372305],[113.842147,25.370604],[113.83457,25.36642],[113.828241,25.356908],[113.827608,25.346819],[113.81792,25.334836],[113.809717,25.331603],[113.796887,25.33198],[113.774882,25.336924],[113.752746,25.332813],[113.751193,25.335672],[113.758806,25.336433],[113.758788,25.341075],[113.753059,25.346613],[113.748085,25.36548],[113.742686,25.368495],[113.735211,25.362991],[113.731843,25.351397],[113.71884,25.362047],[113.712173,25.35978],[113.701228,25.363766],[113.705663,25.357225],[113.683241,25.355927],[113.678927,25.349103],[113.679951,25.343267],[113.6749,25.337414],[113.658388,25.340673],[113.654679,25.333954],[113.64718,25.329996],[113.640616,25.329357],[113.634695,25.333814],[113.630528,25.331098],[113.623588,25.333151],[113.618144,25.328189],[113.605775,25.33027],[113.603857,25.324791],[113.589934,25.320395],[113.577226,25.30928],[113.574534,25.319643],[113.578085,25.334882],[113.576184,25.345732],[113.549231,25.354834],[113.546106,25.361631],[113.54062,25.363113],[113.537842,25.37063],[113.530733,25.371433],[113.517035,25.356307],[113.509648,25.363534],[113.513527,25.373184],[113.499943,25.377609],[113.489005,25.375496],[113.478259,25.379087],[113.46713,25.368782],[113.456809,25.372572],[113.444205,25.362254],[113.440203,25.362247],[113.42207,25.375917],[113.41845,25.395349],[113.412747,25.401233],[113.401375,25.404064],[113.390012,25.399656],[113.382625,25.406496],[113.368944,25.403795],[113.361278,25.433881],[113.3541,25.441105],[113.347156,25.439555],[113.334473,25.452668],[113.320575,25.452826],[113.30838,25.445736],[113.310402,25.470327],[113.303623,25.483842],[113.305801,25.49329],[113.291305,25.511245],[113.30015,25.514696],[113.297816,25.518694],[113.286218,25.519237],[113.283284,25.512244],[113.286279,25.50377],[113.278424,25.49706],[113.272156,25.500567],[113.27305,25.504449],[113.263917,25.508145],[113.255315,25.502348],[113.240496,25.518526],[113.223865,25.513897],[113.205159,25.499538],[113.203717,25.491645],[113.19528,25.482216],[113.174187,25.474001],[113.166687,25.478632],[113.160948,25.493411],[113.146374,25.494963],[113.144282,25.479271],[113.138189,25.480285],[113.134811,25.47499],[113.145593,25.476272],[113.148249,25.473047],[113.124664,25.468533],[113.116357,25.456252],[113.119056,25.453652],[113.122415,25.458794],[113.122303,25.452392],[113.112755,25.449968],[113.121764,25.439158],[113.125897,25.417444],[113.122746,25.4159],[113.108744,25.423253],[113.100385,25.423862],[113.08673,25.420152],[113.085455,25.417451],[113.091218,25.413392],[113.084778,25.409442],[113.083102,25.399199],[113.074995,25.393615],[113.074509,25.386021],[113.05898,25.3845],[113.036063,25.368751],[113.030247,25.370018],[113.028493,25.364185],[113.024257,25.36401],[113.01819,25.348749],[113.013051,25.348984],[113.003789,25.355707],[112.99003,25.351831],[112.981219,25.356965],[112.962816,25.35279],[112.958086,25.343673],[112.94589,25.340448],[112.939856,25.329346],[112.92766,25.327369],[112.922626,25.302927],[112.918971,25.299598],[112.90799,25.302907],[112.895395,25.314366],[112.888624,25.342007],[112.885959,25.342885],[112.880343,25.335867],[112.872495,25.336758],[112.867157,25.330444],[112.852131,25.339822],[112.846862,25.338188],[112.853564,25.323213],[112.849692,25.314839],[112.853086,25.304075],[112.851237,25.293207],[112.858277,25.288354],[112.861236,25.279574],[112.868745,25.2773],[112.860684,25.262797],[112.863129,25.251796],[112.875759,25.252643],[112.886532,25.249199],[112.896228,25.240718],[112.905551,25.24817],[112.918806,25.251681],[112.921472,25.246835],[112.926775,25.245414],[112.928884,25.253392],[112.946609,25.248727],[112.94891,25.255859],[112.95312,25.257343],[112.960611,25.252258],[112.967461,25.254158],[112.974596,25.247994],[112.987183,25.25009],[112.993615,25.246924],[112.993398,25.239856],[113.001236,25.23432],[113.010169,25.216251],[113.015238,25.212653],[113.024274,25.213278],[113.028953,25.204155],[113.025004,25.19726],[113.003155,25.192946],[112.993536,25.184307],[112.969023,25.171188],[112.963702,25.153997],[112.96273,25.144567],[112.967512,25.13506],[112.976627,25.128194],[112.985776,25.112345],[112.994214,25.105918],[113.000829,25.090116],[113.012994,25.085941],[112.996638,25.073983],[112.99434,25.065249],[112.997025,25.061071],[112.99183,25.05183],[112.985892,25.050092],[112.973946,25.036539],[112.973235,25.02869],[112.986697,25.02085],[112.984448,24.999091],[112.996889,24.993741],[112.99822,24.985445],[113.003859,24.982566],[113.003077,24.964813],[112.9974,24.959976],[113.006662,24.950809],[113.002452,24.946234],[112.986324,24.941367],[112.989448,24.930266],[112.980837,24.925025],[112.963824,24.92188],[112.953545,24.926464],[112.935551,24.918938],[112.930065,24.924261],[112.917704,24.921912],[112.900482,24.925073],[112.874145,24.910833],[112.866453,24.898953],[112.838763,24.900345],[112.828511,24.896093],[112.819267,24.897758],[112.798528,24.893452],[112.778164,24.89754],[112.775412,24.90019],[112.781402,24.914739],[112.776914,24.925596],[112.779379,24.934194],[112.777418,24.945833],[112.768129,24.952838],[112.739119,24.960508],[112.736879,24.980342],[112.740195,24.98571],[112.736541,25.001447],[112.729674,25.003228],[112.728363,25.009708],[112.71957,25.013725],[112.70984,25.028929],[112.71398,25.056554],[112.708408,25.085093],[112.69345,25.091347],[112.689978,25.098439],[112.674536,25.112847],[112.663702,25.116905],[112.662704,25.125119],[112.654632,25.13575],[112.640959,25.136968],[112.636507,25.141321],[112.625595,25.144025],[112.61971,25.137102],[112.607635,25.136234],[112.591429,25.129294],[112.557548,25.127499],[112.531819,25.137181],[112.502418,25.139574],[112.494892,25.148468],[112.485691,25.147283],[112.473981,25.153756],[112.452835,25.154809],[112.446993,25.163646],[112.449397,25.176219],[112.439423,25.188475],[112.425231,25.177925],[112.421706,25.161021],[112.410624,25.146641],[112.400702,25.14233],[112.393983,25.143334],[112.383765,25.151597],[112.3819,25.154846],[112.387255,25.164896],[112.369087,25.178728],[112.365415,25.189792],[112.359356,25.194406],[112.349243,25.191818],[112.327021,25.177316],[112.309782,25.177812],[112.3017,25.167594],[112.302056,25.161308],[112.297212,25.160006],[112.281665,25.161821],[112.27604,25.167763],[112.250753,25.16222],[112.249625,25.17631],[112.241256,25.187797],[112.192107,25.189997],[112.18176,25.185306],[112.187784,25.174986],[112.177914,25.151624],[112.179121,25.144954],[112.168722,25.132254],[112.172038,25.125945],[112.171699,25.110145],[112.160388,25.08774],[112.157949,25.072134],[112.146707,25.058681],[112.148096,25.0482],[112.143201,25.039654],[112.150058,25.029139],[112.129164,24.998535],[112.117219,24.993149],[112.115587,24.987453],[112.117072,24.973571],[112.114528,24.966396],[112.119268,24.964065],[112.123365,24.953757],[112.132471,24.948883],[112.136646,24.940647],[112.143738,24.939029],[112.145752,24.935383],[112.151864,24.936251],[112.17037,24.928367],[112.159901,24.886372],[112.161637,24.877192],[112.159449,24.87112],[112.165657,24.865497],[112.161013,24.861691],[112.159727,24.854065],[112.155595,24.852097],[112.155665,24.846953],[112.148105,24.840229],[112.144033,24.839683],[112.134545,24.847526],[112.118556,24.843809],[112.111324,24.836467],[112.090256,24.827956],[112.090978,24.819939],[112.078303,24.807559],[112.053755,24.802278],[112.05339,24.793505],[112.028416,24.773962],[112.028147,24.756245],[112.024241,24.746575],[112.018754,24.743007],[111.992408,24.761846],[111.964882,24.766729],[111.956003,24.773981],[111.945794,24.772649],[111.939935,24.76356],[111.933068,24.760082],[111.919458,24.760099],[111.898555,24.766553],[111.870029,24.759699],[111.863762,24.763374],[111.863537,24.774857],[111.851193,24.775094],[111.84338,24.779005],[111.830021,24.779933],[111.80884,24.773285],[111.788936,24.777198],[111.774075,24.789602],[111.737044,24.782118],[111.703134,24.791761],[111.696678,24.779497],[111.684326,24.781561],[111.676261,24.777422],[111.661218,24.763844],[111.63719,24.733078],[111.632659,24.718606],[111.638701,24.699551],[111.634135,24.685337],[111.614161,24.686817],[111.592597,24.696985],[111.58857,24.696063],[111.578046,24.684741],[111.565561,24.647738],[111.554934,24.641965],[111.548075,24.649464],[111.540949,24.65181],[111.532709,24.646712],[111.531397,24.640424],[111.524668,24.639527],[111.513788,24.644954],[111.509058,24.658051],[111.493918,24.670639],[111.466201,24.677502],[111.462642,24.669517],[111.447412,24.667683],[111.442842,24.68471],[111.432756,24.683141],[111.425653,24.688561],[111.447771,24.720282],[111.449723,24.727337],[111.457414,24.733651],[111.45882,24.73935],[111.455185,24.750772],[111.461788,24.760858],[111.465034,24.776252],[111.474493,24.777465],[111.47576,24.780316],[111.471453,24.789842],[111.474071,24.800382],[111.471649,24.811122],[111.447544,24.846949],[111.443984,24.859802],[111.456059,24.880495],[111.441658,24.895853],[111.4477,24.907346],[111.459583,24.912775],[111.464818,24.931726],[111.454219,24.93469],[111.434758,24.947281],[111.425904,24.962421],[111.425383,24.969766],[111.427892,24.982403],[111.432935,24.987008],[111.455079,24.995511],[111.461936,25.005229],[111.462926,25.022206],[111.455096,25.027933],[111.433873,25.030186],[111.417943,25.038189],[111.412883,25.044148],[111.413344,25.068262],[111.431234,25.101145],[111.423638,25.106179],[111.407215,25.103387],[111.402405,25.105672],[111.397345,25.110253],[111.394281,25.127241],[111.389715,25.131136],[111.369689,25.131175],[111.362458,25.111545],[111.349341,25.103725],[111.334355,25.102407],[111.316758,25.107136],[111.305687,25.118969],[111.291478,25.124887],[111.281938,25.148046],[111.269577,25.154003],[111.258031,25.146677],[111.259586,25.141573],[111.256703,25.134691],[111.242345,25.130696],[111.220652,25.11317],[111.216877,25.109253],[111.214134,25.096381],[111.201504,25.087817],[111.195583,25.077458],[111.161955,25.06334],[111.144073,25.048337],[111.098656,25.040388],[111.096582,25.037873],[111.102649,25.01242],[111.096808,24.985004],[111.091703,24.977569],[111.095176,24.948415],[111.092181,24.94358],[111.080861,24.943838],[111.045123,24.931039],[111.018266,24.934331],[111.004351,24.923823],[110.998495,24.92435],[110.992607,24.930065],[110.974272,24.917666],[110.978854,24.927123],[110.986363,24.92698],[110.989998,24.933265],[110.984291,24.935283],[110.982372,24.941693],[110.98719,24.961929],[110.980671,24.96896],[110.964178,24.974805],[110.963952,24.978505],[110.970315,24.983796],[110.97061,24.990751],[110.955957,25.004514],[110.950636,25.019902],[110.952702,25.027895],[110.946938,25.046763],[110.949004,25.056604],[110.961878,25.0761],[110.956626,25.080835],[110.979048,25.104624],[110.972833,25.11428],[110.978822,25.123159],[110.977937,25.129596],[110.989551,25.149169],[110.996365,25.15457],[110.993996,25.164484],[110.997762,25.168629],[111.029507,25.18191],[111.042086,25.181762],[111.046452,25.189308],[111.061843,25.190345],[111.07265,25.203737],[111.107494,25.219756],[111.112529,25.241956],[111.104534,25.255421],[111.105575,25.264523],[111.098024,25.287756],[111.10824,25.29434],[111.11423,25.293527],[111.133172,25.306255],[111.150193,25.327083],[111.158622,25.345137],[111.164473,25.349022],[111.16588,25.356716],[111.176609,25.369368],[111.205315,25.366334],[111.231513,25.381023],[111.236982,25.390716],[111.252303,25.398818],[111.251713,25.410508],[111.259337,25.427418],[111.273018,25.425643],[111.275613,25.432967],[111.283382,25.435187],[111.294927,25.45117],[111.295586,25.472591],[111.31031,25.490711],[111.312285,25.497693],[111.316098,25.498941],[111.322776,25.52426],[111.322375,25.540219],[111.318529,25.551688],[111.319562,25.566968],[111.331472,25.598638],[111.337913,25.607367],[111.329328,25.621204],[111.312314,25.634152],[111.304692,25.647841],[111.308598,25.685559],[111.303434,25.695268],[111.303434,25.722979],[111.309718,25.72616],[111.313346,25.732451],[111.321932,25.735633],[111.337175,25.731636],[111.385855,25.743661],[111.394075,25.747435],[111.410551,25.771035],[111.427331,25.769464],[111.434701,25.772465],[111.436766,25.780952],[111.430551,25.816469],[111.419527,25.82912],[111.425664,25.847176],[111.451385,25.851024],[111.463173,25.860219],[111.47069,25.859045],[111.480786,25.862333],[111.486663,25.87161],[111.465525,25.878244],[111.451315,25.874016],[111.448728,25.880006],[111.454597,25.887757],[111.450959,25.89128],[111.435109,25.887875],[111.423954,25.889634],[111.412087,25.879537],[111.401046,25.888697],[111.378034,25.884965],[111.37924,25.89157],[111.372773,25.898133],[111.371922,25.908467],[111.361801,25.905414],[111.353286,25.893333],[111.338693,25.910081],[111.323189,25.904563],[111.320256,25.897751],[111.294891,25.882336],[111.285611,25.856824],[111.273277,25.863342],[111.254665,25.864135],[111.244569,25.869537],[111.239162,25.88865],[111.217443,25.908525],[111.219196,25.912753],[111.227365,25.914925],[111.211974,25.92981],[111.215498,25.939439],[111.201288,25.942728],[111.198589,25.95729],[111.184378,25.955294],[111.190837,25.963983],[111.191427,25.973966],[111.201054,25.985533],[111.207225,26.004968],[111.20555,26.01037],[111.210125,26.014936],[111.208718,26.022981],[111.216349,26.027032],[111.225247,26.037659],[111.231592,26.052033],[111.244039,26.055012],[111.248233,26.060089],[111.262269,26.060016],[111.239222,26.080597],[111.260681,26.099297],[111.260828,26.102733],[111.252815,26.100973],[111.264178,26.111674],[111.263354,26.132562],[111.25713,26.139139],[111.25279,26.152613],[111.264413,26.173839],[111.264291,26.181532],[111.269465,26.186964],[111.260541,26.196008],[111.265706,26.205784],[111.263649,26.217936],[111.28614,26.224102],[111.288605,26.227626],[111.290368,26.240866],[111.286608,26.247912],[111.287311,26.255751],[111.275983,26.274453],[111.261009,26.276273],[111.247207,26.272573],[111.244038,26.266938],[111.233882,26.270488],[111.222606,26.264677],[111.219316,26.273895],[111.211035,26.270548],[111.197823,26.282202],[111.203579,26.29427],[111.203847,26.307569],[111.201321,26.310842],[111.172493,26.310388],[111.163621,26.313764],[111.133006,26.309565],[111.111069,26.312368],[111.09883,26.307069],[111.087259,26.309888],[111.074047,26.32144],[111.067379,26.319239],[111.064098,26.322645],[111.059541,26.322102],[111.056902,26.328502],[111.048239,26.322747],[111.040079,26.326432],[111.035678,26.324905],[111.036972,26.336384],[111.028925,26.335269],[111.021052,26.34073],[111.003205,26.340407],[110.997571,26.343519],[110.997805,26.352208],[111.0035,26.362249],[110.986885,26.367007],[110.978838,26.375372],[110.978665,26.381478],[110.96962,26.389055],[110.954055,26.386264],[110.94001,26.377159],[110.945659,26.360491],[110.942561,26.356666],[110.93909,26.330248],[110.920653,26.323408],[110.931217,26.308906],[110.930748,26.297835],[110.934854,26.292668],[110.925583,26.267861],[110.925166,26.25917],[110.922406,26.257527],[110.916832,26.258406],[110.920236,26.265453],[110.91014,26.279869],[110.85086,26.271635],[110.831797,26.259573],[110.783802,26.261791],[110.754252,26.252036],[110.753351,26.258536],[110.730403,26.274357],[110.737977,26.279465],[110.745194,26.293863],[110.744676,26.304473],[110.736924,26.317279],[110.72774,26.315148],[110.716135,26.297613],[110.70471,26.29656],[110.693045,26.312147],[110.676647,26.318687],[110.662576,26.321109],[110.645788,26.313406],[110.630467,26.313979],[110.621231,26.319189],[110.616483,26.336149],[110.607794,26.337227],[110.590563,26.321936],[110.579539,26.300472],[110.5486,26.286922],[110.541509,26.260732],[110.542058,26.237029],[110.53809,26.224597],[110.503047,26.179978],[110.485808,26.168805],[110.472918,26.183162],[110.466554,26.181728],[110.452154,26.167592],[110.433135,26.157089],[110.418299,26.136743],[110.37231,26.097501],[110.368542,26.092184],[110.368403,26.081615],[110.348525,26.05777],[110.353205,26.049547],[110.351746,26.042874],[110.320861,25.978727],[110.303461,25.970649],[110.299624,25.970951],[110.298932,25.975987],[110.297011,25.971091],[110.29359,25.972918],[110.292993,25.968783],[110.278717,25.971391],[110.262182,25.965882],[110.246374,25.974537],[110.248591,25.989904],[110.255245,25.991497],[110.255187,25.994685],[110.248591,25.998955],[110.246656,26.004646],[110.241879,26.004702],[110.245633,26.014037],[110.241537,26.021492],[110.236245,26.021945],[110.234025,26.027978],[110.235789,26.036118],[110.227369,26.035623],[110.22543,26.04055],[110.208397,26.047126],[110.204297,26.060071],[110.189346,26.066203],[110.189345,26.070537],[110.184969,26.069655],[110.171966,26.054831],[110.161122,26.026911],[110.151657,26.02157],[110.139524,26.021851],[110.110541,26.038064],[110.093154,26.022479],[110.090623,26.026954],[110.091152,26.041438],[110.084421,26.045421],[110.067843,26.047772],[110.060642,26.054624],[110.067355,26.066971],[110.069647,26.086167],[110.077897,26.09916],[110.076087,26.102162],[110.09126,26.130227],[110.09754,26.133277],[110.089608,26.150232],[110.093918,26.172253],[110.079193,26.174618],[110.063675,26.1712],[110.046834,26.172383],[110.034912,26.165889],[110.025543,26.169337],[110.009551,26.188785],[110.001151,26.18909],[109.984699,26.183355],[109.97779,26.187801],[109.973181,26.196062],[109.961773,26.198924],[109.93463,26.170799],[109.910072,26.157858],[109.902815,26.148349],[109.894673,26.112415],[109.895602,26.101174],[109.881492,26.086713],[109.876062,26.060729],[109.864491,26.034167],[109.851817,26.029639],[109.835723,26.032412],[109.810072,26.044247],[109.797426,26.037647],[109.787251,26.020513],[109.777886,26.000405],[109.778528,25.991685],[109.801939,25.976841],[109.804074,25.95367],[109.822416,25.91992],[109.808727,25.882989],[109.794856,25.874994],[109.77502,25.869057],[109.760181,25.879294],[109.762669,25.894596],[109.717579,25.886818],[109.706127,25.890046],[109.697589,25.88545],[109.680737,25.883537],[109.681057,25.889584],[109.684215,25.891469],[109.676433,25.899319],[109.680712,25.904309],[109.68877,25.90169],[109.690792,25.9096],[109.679342,25.917981],[109.675128,25.924993],[109.677607,25.936413],[109.685816,25.940866],[109.684793,25.947168],[109.689782,25.95234],[109.688961,25.962398],[109.705461,25.957272],[109.706937,25.964956],[109.718974,25.977806],[109.725436,25.993155],[109.719616,26.006015],[109.712482,26.007977],[109.703693,26.016787],[109.69724,26.011421],[109.696476,26.003944],[109.684674,26.001546],[109.684971,26.011777],[109.677677,26.01283],[109.670994,26.018416],[109.647443,26.017873],[109.643789,26.023331],[109.641628,26.045349],[109.630577,26.0507],[109.614883,26.045418],[109.593806,26.026043],[109.58392,26.02314],[109.55536,26.024779],[109.546741,26.02235],[109.540977,26.017211],[109.53412,26.001716],[109.514023,25.999803],[109.506055,26.004273],[109.504372,26.012745],[109.496646,26.017448],[109.491844,26.026951],[109.478026,26.032778],[109.474536,26.050912],[109.45859,26.052436],[109.448595,26.057978],[109.447756,26.066794],[109.442857,26.074873],[109.446406,26.079387],[109.444986,26.104956],[109.460222,26.093873],[109.460344,26.099798],[109.465013,26.098411],[109.471354,26.102666],[109.499537,26.100092],[109.509416,26.127511],[109.508868,26.132691],[109.497423,26.140805],[109.490611,26.155916],[109.48846,26.14722],[109.48216,26.151947],[109.476389,26.148713],[109.471536,26.151282],[109.462777,26.165824],[109.466524,26.177099],[109.45465,26.197279],[109.465804,26.199571],[109.465717,26.204162],[109.447696,26.212839],[109.434901,26.242034],[109.435075,26.246863],[109.451689,26.270278],[109.453652,26.286696],[109.467034,26.300746],[109.472253,26.302535],[109.462174,26.317088],[109.455483,26.317061],[109.439758,26.306324],[109.438729,26.30327],[109.442672,26.300063],[109.435378,26.296739],[109.437912,26.293109],[109.401359,26.288583],[109.386446,26.280302],[109.368556,26.281389],[109.3497,26.268522],[109.335188,26.267324],[109.330627,26.279478],[109.318419,26.286367],[109.320968,26.29339],[109.30194,26.294051],[109.292853,26.300639],[109.281377,26.299185],[109.267549,26.327477],[109.269589,26.340144],[109.28807,26.348727],[109.291291,26.353835],[109.29452,26.371574],[109.302185,26.384337],[109.317956,26.42709],[109.344172,26.445901],[109.356333,26.451611],[109.368842,26.452735],[109.37616,26.457909],[109.376281,26.465029],[109.359876,26.466828],[109.357662,26.47552],[109.380786,26.496799],[109.381941,26.503477],[109.377062,26.517407],[109.378972,26.524789],[109.396264,26.53058],[109.404006,26.540352],[109.399224,26.56347],[109.390441,26.56973],[109.394294,26.57425],[109.38078,26.574291],[109.385539,26.584998],[109.382429,26.591347],[109.386549,26.603823],[109.380002,26.608025],[109.372366,26.62895],[109.356246,26.641547],[109.352036,26.660769],[109.346654,26.660682],[109.337609,26.652033],[109.329458,26.649604],[109.313425,26.657145],[109.299667,26.666563],[109.279232,26.702045],[109.288408,26.704724],[109.297202,26.70028],[109.314536,26.705163],[109.330969,26.70337],[109.350318,26.69657],[109.35721,26.69783],[109.381211,26.715443],[109.376559,26.730757],[109.407705,26.72391],[109.412973,26.743053],[109.432939,26.75853],[109.449232,26.764528],[109.493095,26.763604],[109.497748,26.761147],[109.500039,26.748095],[109.50339,26.746767],[109.518278,26.7549]],[[109.523999,26.747477],[109.527105,26.742058],[109.543602,26.732483],[109.54037,26.726255],[109.544661,26.721509],[109.548904,26.726602],[109.563842,26.729812],[109.573742,26.73694],[109.574111,26.743881],[109.593349,26.761628],[109.572705,26.774208],[109.575882,26.763321],[109.572943,26.755245],[109.565498,26.751365],[109.553621,26.758261],[109.554729,26.751408],[109.552277,26.749228],[109.563311,26.744658],[109.556301,26.739226],[109.549446,26.738907],[109.529694,26.748114],[109.523999,26.747477]]],[[[109.458035,26.831891],[109.473333,26.840906],[109.47743,26.840436],[109.470402,26.832446],[109.462239,26.829538],[109.458035,26.831891]]],[[[112.895669,29.805936],[112.914149,29.802435],[112.928212,29.79203],[112.934028,29.782739],[112.932344,29.769327],[112.893204,29.796018],[112.880999,29.799177],[112.895669,29.805936]]]]}},{"type":"Feature","properties":{"id":"cn:4301","name":"长沙市","level":1},"geometry":{"type":"Polygon","coordinates":[[[111.890885,28.013189],[111.89435,28.023549],[111.908169,28.032335],[111.902162,28.045367],[111.905695,28.055844],[111.921528,28.069781],[111.91487,28.073433],[111.908715,28.082884],[111.909888,28.086337],[111.89645,28.097622],[111.893793,28.103353],[111.903464,28.119606],[111.92711,28.137847],[111.92783,28.171685],[111.936389,28.175792],[111.939506,28.182496],[111.933094,28.190029],[111.950782,28.196074],[111.955686,28.201632],[111.956694,28.212346],[111.96691,28.216482],[111.97053,28.223123],[111.981085,28.227593],[112.001467,28.2293],[111.998403,28.239243],[112.004063,28.247387],[112.024675,28.25535],[112.045998,28.254527],[112.050946,28.258016],[112.065252,28.258965],[112.074897,28.263991],[112.076484,28.271059],[112.086111,28.267945],[112.093299,28.273234],[112.110521,28.27489],[112.117396,28.26934],[112.133333,28.269147],[112.140478,28.25775],[112.163846,28.248852],[112.172326,28.23901],[112.189913,28.236537],[112.204522,28.24257],[112.216015,28.238183],[112.222969,28.222197],[112.232413,28.213813],[112.246163,28.227752],[112.250199,28.23683],[112.259748,28.239497],[112.275104,28.251797],[112.27678,28.257229],[112.282744,28.257415],[112.288559,28.250423],[112.300852,28.264667],[112.316138,28.265779],[112.312317,28.288162],[112.3273,28.287654],[112.344575,28.277697],[112.351232,28.280609],[112.353619,28.285914],[112.343481,28.28508],[112.339618,28.29274],[112.341415,28.294531],[112.364627,28.287606],[112.37118,28.291727],[112.374227,28.298574],[112.381936,28.292558],[112.395781,28.297626],[112.399071,28.30186],[112.404103,28.297932],[112.416571,28.307782],[112.414609,28.316365],[112.422407,28.313168],[112.42797,28.32191],[112.430384,28.314076],[112.435244,28.315433],[112.438048,28.32035],[112.445565,28.321073],[112.460366,28.316127],[112.467319,28.320999],[112.48133,28.312546],[112.497562,28.316846],[112.495227,28.330756],[112.500088,28.324027],[112.520505,28.329373],[112.531555,28.335963],[112.534558,28.332842],[112.530566,28.32782],[112.547267,28.32241],[112.557519,28.330342],[112.566052,28.328485],[112.563898,28.334157],[112.559064,28.336629],[112.557006,28.347608],[112.569836,28.358113],[112.570088,28.372568],[112.574992,28.376418],[112.573104,28.38587],[112.577996,28.404485],[112.587649,28.409009],[112.590844,28.420208],[112.606792,28.428056],[112.618756,28.449021],[112.621946,28.471755],[112.634455,28.472803],[112.649011,28.487957],[112.645726,28.491965],[112.646357,28.499109],[112.655519,28.506869],[112.657782,28.504509],[112.668279,28.522313],[112.679907,28.528801],[112.709012,28.513982],[112.726087,28.510753],[112.741313,28.513767],[112.739967,28.519303],[112.748283,28.521289],[112.752138,28.533037],[112.767094,28.549705],[112.790861,28.561842],[112.803223,28.562391],[112.783231,28.538324],[112.783831,28.531287],[112.789325,28.52379],[112.803032,28.522658],[112.810054,28.531152],[112.816895,28.53174],[112.818118,28.514767],[112.848986,28.515753],[112.864637,28.504533],[112.8685,28.507456],[112.866018,28.522608],[112.879681,28.524121],[112.885887,28.528253],[112.896617,28.520193],[112.917927,28.52331],[112.934343,28.511979],[112.960115,28.524564],[112.968883,28.524038],[112.973058,28.526814],[112.973328,28.517316],[112.969334,28.510386],[112.971982,28.500538],[112.955272,28.480495],[112.965002,28.470384],[112.97699,28.468144],[112.981713,28.463849],[113.010506,28.474185],[113.026296,28.488698],[113.038857,28.490295],[113.05647,28.506559],[113.062068,28.522413],[113.0689,28.527166],[113.083673,28.50881],[113.090662,28.511808],[113.106009,28.502425],[113.124552,28.501643],[113.126185,28.49391],[113.123101,28.475729],[113.148431,28.474054],[113.164057,28.483666],[113.165558,28.49561],[113.179638,28.506593],[113.177251,28.513372],[113.180116,28.532441],[113.18897,28.544758],[113.188136,28.553301],[113.194977,28.558818],[113.188874,28.569677],[113.180307,28.571155],[113.179317,28.576754],[113.183892,28.585343],[113.177616,28.60228],[113.189239,28.60687],[113.209274,28.623065],[113.207086,28.637482],[113.228962,28.649671],[113.227864,28.664829],[113.23785,28.659406],[113.242461,28.648102],[113.24022,28.643838],[113.250315,28.628886],[113.258908,28.634574],[113.269012,28.635219],[113.27284,28.640811],[113.279846,28.641658],[113.309446,28.63362],[113.309828,28.624205],[113.314507,28.618962],[113.32837,28.622378],[113.347077,28.620874],[113.352698,28.62551],[113.355445,28.636363],[113.373935,28.647736],[113.403752,28.635512],[113.419377,28.639018],[113.417815,28.624097],[113.412076,28.621965],[113.414776,28.611732],[113.410983,28.607732],[113.408639,28.59398],[113.409733,28.590731],[113.413917,28.591694],[113.418387,28.581807],[113.424473,28.593378],[113.436087,28.59347],[113.439915,28.597109],[113.447024,28.593751],[113.455453,28.600516],[113.466555,28.590388],[113.469281,28.581705],[113.491477,28.569084],[113.50166,28.540238],[113.512085,28.539643],[113.522579,28.531636],[113.542935,28.528367],[113.551278,28.536158],[113.571443,28.539717],[113.60179,28.506564],[113.619376,28.494147],[113.624176,28.486241],[113.630635,28.485949],[113.644255,28.473472],[113.655999,28.459513],[113.651833,28.451153],[113.671425,28.44544],[113.699098,28.425548],[113.714046,28.428451],[113.716077,28.435075],[113.726381,28.445685],[113.756086,28.45469],[113.768317,28.454356],[113.779402,28.46088],[113.797996,28.460498],[113.809662,28.468219],[113.819428,28.487486],[113.827545,28.492436],[113.827006,28.502254],[113.839003,28.5273],[113.8504,28.535257],[113.880331,28.518627],[113.88422,28.519094],[113.897171,28.532043],[113.912571,28.528909],[113.930149,28.534842],[113.935956,28.529808],[113.9479,28.541518],[113.957129,28.54573],[113.970644,28.568085],[113.990357,28.568191],[113.996599,28.565456],[114.008101,28.557842],[114.009602,28.548931],[114.014116,28.546127],[114.019958,28.546021],[114.034542,28.554203],[114.047753,28.547314],[114.0604,28.550835],[114.068326,28.558311],[114.08119,28.558975],[114.095096,28.543412],[114.112953,28.542091],[114.11988,28.537514],[114.131408,28.538477],[114.137172,28.523363],[114.149177,28.510702],[114.163465,28.502527],[114.174646,28.500108],[114.188551,28.502345],[114.2129,28.487842],[114.214315,28.476635],[114.211598,28.469682],[114.196981,28.462518],[114.182172,28.442186],[114.167822,28.439372],[114.166954,28.43599],[114.18803,28.434111],[114.199203,28.425044],[114.209324,28.406353],[114.217241,28.404927],[114.222883,28.398739],[114.228082,28.402101],[114.247223,28.399055],[114.250757,28.395419],[114.254229,28.379988],[114.244619,28.369315],[114.256033,28.35556],[114.24849,28.353091],[114.241876,28.341414],[114.250288,28.329924],[114.248855,28.324241],[114.229879,28.314246],[114.221885,28.304335],[114.210383,28.29731],[114.192822,28.294018],[114.190817,28.2877],[114.193056,28.273067],[114.179297,28.27089],[114.176781,28.253299],[114.162518,28.256782],[114.139558,28.250973],[114.138307,28.241343],[114.124141,28.231318],[114.115703,28.216295],[114.101102,28.204779],[114.101719,28.186127],[114.078237,28.182362],[114.07486,28.178441],[114.063142,28.174834],[114.047959,28.174291],[114.042525,28.179908],[114.021839,28.175366],[114.006935,28.178417],[114.001961,28.169895],[113.988731,28.167335],[113.99046,28.155989],[114.00058,28.148185],[114.001805,28.128758],[114.011648,28.123469],[114.012916,28.103786],[114.021578,28.095654],[114.022898,28.087479],[114.013653,28.088734],[114.019365,28.083882],[114.030841,28.081389],[114.041621,28.060787],[114.040224,28.056099],[114.029894,28.053818],[114.022107,28.045055],[114.021387,28.035066],[113.995198,28.043775],[113.958063,28.04308],[113.950962,28.03407],[113.960276,28.020298],[113.940858,28.017516],[113.930277,28.022409],[113.92005,28.007668],[113.913705,28.004916],[113.909269,27.995022],[113.894911,27.991091],[113.874738,27.99479],[113.865962,28.006385],[113.857976,28.009154],[113.84493,27.990866],[113.848117,27.982982],[113.842935,27.972977],[113.823418,27.975029],[113.8165,27.985658],[113.796048,27.976539],[113.78795,27.966902],[113.789469,27.959361],[113.765493,27.956004],[113.74788,27.937998],[113.72974,27.906163],[113.724844,27.888021],[113.715495,27.888709],[113.693915,27.873577],[113.666728,27.880252],[113.655209,27.888331],[113.650044,27.885664],[113.649497,27.881254],[113.64244,27.881494],[113.628516,27.89924],[113.596761,27.917052],[113.589383,27.913823],[113.591849,27.906411],[113.58678,27.894863],[113.571954,27.902546],[113.565989,27.915266],[113.568402,27.922187],[113.563975,27.931262],[113.56697,27.940841],[113.572768,27.943241],[113.571848,27.958291],[113.569122,27.964515],[113.562247,27.968255],[113.527716,27.961933],[113.519686,27.962998],[113.51756,27.947844],[113.505513,27.940372],[113.480876,27.941253],[113.474886,27.929313],[113.455755,27.919483],[113.452353,27.911249],[113.453725,27.90337],[113.44889,27.900135],[113.418317,27.900789],[113.409653,27.892091],[113.409202,27.864133],[113.403178,27.859063],[113.365669,27.855762],[113.352988,27.851271],[113.337268,27.86174],[113.323568,27.860498],[113.310002,27.868346],[113.295888,27.871612],[113.29436,27.880503],[113.291599,27.881812],[113.282225,27.879906],[113.284134,27.868199],[113.269308,27.865977],[113.268838,27.873304],[113.275695,27.885327],[113.27593,27.897749],[113.27211,27.906997],[113.265973,27.911184],[113.284861,27.914205],[113.279199,27.922388],[113.266675,27.923046],[113.262795,27.935],[113.253411,27.945117],[113.257509,27.952804],[113.265494,27.951074],[113.266137,27.965083],[113.272318,27.972975],[113.26355,27.981124],[113.266103,27.992172],[113.261875,27.996447],[113.263134,28.007369],[113.258342,28.01507],[113.254176,28.005985],[113.254609,27.997682],[113.250982,27.997316],[113.254661,28.014016],[113.250549,28.016312],[113.248994,28.022454],[113.244576,28.023009],[113.235713,28.013002],[113.222493,28.017747],[113.220869,28.023738],[113.21218,28.022274],[113.208222,28.027842],[113.202718,28.014682],[113.185062,28.013932],[113.170053,28.018266],[113.161382,28.015526],[113.158291,28.009939],[113.164611,28.004074],[113.162285,27.999474],[113.157796,27.999316],[113.15488,28.003273],[113.142814,27.995474],[113.14725,27.976982],[113.1564,27.971754],[113.147919,27.967117],[113.140704,27.957056],[113.129641,27.9566],[113.132718,27.947601],[113.125193,27.945378],[113.124194,27.942089],[113.12712,27.933729],[113.133569,27.930119],[113.129923,27.916848],[113.121677,27.916024],[113.114359,27.91894],[113.10277,27.936173],[113.094333,27.937885],[113.081903,27.950246],[113.085106,27.968254],[113.077683,27.967047],[113.074402,27.971615],[113.067735,27.973587],[113.085175,27.992132],[113.068525,28.013055],[113.035939,28.009408],[113.024471,27.996588],[113.029628,27.97937],[113.023604,27.978928],[113.022111,27.98323],[113.024714,27.986319],[113.017171,27.988544],[113.018725,27.981551],[113.015088,27.976987],[113.006703,27.975908],[112.99757,27.968491],[112.986502,27.97922],[112.95133,28.00241],[112.940262,28.018237],[112.933187,28.022729],[112.928031,28.018777],[112.929897,28.005365],[112.922649,27.996611],[112.932206,27.995891],[112.93494,27.986079],[112.932449,27.985105],[112.930297,27.988955],[112.922943,27.987082],[112.921112,27.984473],[112.925106,27.983364],[112.923812,27.980444],[112.917449,27.97825],[112.90915,27.981223],[112.901164,27.974576],[112.893065,27.982267],[112.881173,27.977291],[112.878369,27.982657],[112.886399,27.992015],[112.88738,27.998859],[112.876876,27.996403],[112.875808,28.004853],[112.869602,28.008171],[112.863621,28.004131],[112.869767,28.000775],[112.867623,27.993793],[112.853213,27.990802],[112.855843,28.000006],[112.854315,28.007646],[112.844029,28.026037],[112.8333,28.024893],[112.827127,28.028599],[112.828074,28.04114],[112.820079,28.047423],[112.811164,28.062495],[112.8131,28.072623],[112.810131,28.075127],[112.804949,28.072692],[112.77718,28.076922],[112.773005,28.075175],[112.77159,28.064491],[112.777014,28.056147],[112.794984,28.047735],[112.803153,28.040251],[112.802458,28.036403],[112.798725,28.029015],[112.786919,28.027099],[112.781902,28.037894],[112.766233,28.038686],[112.774862,28.026297],[112.76455,28.020735],[112.763152,28.009749],[112.758135,28.005678],[112.760322,27.995031],[112.75488,27.984025],[112.752866,27.968742],[112.738551,27.94976],[112.736224,27.933106],[112.725964,27.932447],[112.723352,27.928086],[112.726911,27.921581],[112.708143,27.919352],[112.699732,27.926658],[112.677996,27.923714],[112.681684,27.930455],[112.661415,27.939005],[112.65527,27.94514],[112.649228,27.944955],[112.636587,27.926788],[112.640504,27.920285],[112.645869,27.921988],[112.651659,27.902774],[112.647379,27.896472],[112.646564,27.886859],[112.638465,27.883128],[112.628535,27.883593],[112.620453,27.899964],[112.604246,27.906559],[112.607024,27.911813],[112.602431,27.914536],[112.601251,27.92236],[112.594619,27.923402],[112.589037,27.936325],[112.593603,27.950595],[112.591642,27.956989],[112.571373,27.962815],[112.569749,27.970574],[112.562397,27.974139],[112.557969,27.98443],[112.548534,27.976092],[112.534594,27.978666],[112.530923,27.982312],[112.527971,27.996533],[112.506321,27.998035],[112.502814,28.014283],[112.505757,28.020326],[112.51094,28.0222],[112.480704,28.04351],[112.474663,28.059519],[112.469844,28.063443],[112.453499,28.055126],[112.439619,28.060585],[112.426841,28.05728],[112.41796,28.053543],[112.416215,28.047109],[112.412577,28.048916],[112.407587,28.043834],[112.404384,28.034752],[112.409157,28.017358],[112.402821,28.004871],[112.392231,28.003986],[112.39276,27.999345],[112.402838,27.999206],[112.406032,27.994574],[112.410087,27.995076],[112.404522,27.965191],[112.401632,27.973046],[112.401623,27.966152],[112.396649,27.969507],[112.384826,27.964993],[112.37625,27.971471],[112.365433,27.973231],[112.348394,27.968874],[112.346962,27.964364],[112.340486,27.960872],[112.333455,27.961085],[112.324557,27.967203],[112.310009,27.961669],[112.299497,27.975093],[112.252161,27.96248],[112.239774,27.967028],[112.224827,27.965157],[112.217578,27.974768],[112.214835,27.972693],[112.215868,27.966838],[112.205547,27.957029],[112.195174,27.963182],[112.192136,27.973633],[112.177431,27.950343],[112.176423,27.941656],[112.167795,27.943954],[112.166663,27.936872],[112.16066,27.937036],[112.153203,27.931537],[112.151111,27.927207],[112.155017,27.920096],[112.147691,27.916727],[112.145487,27.911983],[112.131902,27.90886],[112.129245,27.915758],[112.123325,27.915805],[112.112545,27.900771],[112.097614,27.89685],[112.087354,27.899055],[112.082015,27.911535],[112.055356,27.923342],[112.046485,27.923218],[112.038429,27.915363],[112.030217,27.916706],[112.02678,27.911666],[112.024888,27.917643],[112.010591,27.909095],[112.007153,27.912452],[111.994168,27.911183],[111.980521,27.953416],[111.957787,27.969588],[111.945817,27.990584],[111.930937,27.994716],[111.916085,27.980727],[111.902961,27.978041],[111.894271,27.987162],[111.902926,28.003712],[111.890885,28.013189]]]}},{"type":"Feature","properties":{"id":"cn:430102","name":"芙蓉区","level":2},"geometry":{"type":"Polygon","coordinates":[[[112.970471,28.204019],[112.98578,28.201269],[112.989168,28.208897],[113.001199,28.209355],[113.002094,28.212786],[112.995575,28.216377],[113.000192,28.221583],[113.03501,28.219813],[113.052024,28.227014],[113.054004,28.221015],[113.06677,28.220767],[113.066939,28.218548],[113.078886,28.216152],[113.078847,28.21321],[113.081802,28.214402],[113.080892,28.218388],[113.085282,28.217701],[113.09174,28.210341],[113.097531,28.208407],[113.09958,28.211093],[113.100342,28.205617],[113.105068,28.204236],[113.100793,28.199807],[113.103254,28.191018],[113.101295,28.185541],[113.077293,28.176163],[113.06752,28.177736],[113.044958,28.19288],[113.0385,28.187966],[113.03934,28.181132],[113.036592,28.178722],[113.024619,28.187461],[112.973208,28.189246],[112.970471,28.204019]]]}},{"type":"Feature","properties":{"id":"cn:430103","name":"天心区","level":2},"geometry":{"type":"Polygon","coordinates":[[[112.922545,28.077019],[112.927085,28.093956],[112.948257,28.117695],[112.95159,28.15108],[112.961868,28.199084],[112.970809,28.198741],[112.971385,28.189947],[112.981192,28.189201],[112.978396,28.160041],[112.98067,28.147731],[112.988317,28.150598],[113.00113,28.126643],[112.995191,28.126378],[112.998689,28.124319],[112.996975,28.118776],[112.989335,28.115659],[112.994932,28.108151],[112.993718,28.100077],[112.997421,28.091901],[112.993625,28.090744],[112.993186,28.086343],[112.999974,28.086105],[113.001903,28.073516],[113.006747,28.076364],[113.014276,28.074178],[113.022559,28.063958],[113.025937,28.06482],[113.029316,28.054849],[113.026289,28.041828],[113.020643,28.040176],[113.015684,28.031704],[113.0085,28.032029],[113.022185,28.010314],[113.027318,28.012119],[113.028173,28.00666],[113.035533,28.009133],[113.024471,27.996588],[113.029628,27.97937],[113.023604,27.978928],[113.022111,27.98323],[113.024714,27.986319],[113.017171,27.988544],[113.018725,27.981551],[113.015088,27.976987],[113.006703,27.975908],[112.99757,27.968491],[112.959428,27.997533],[112.955157,28.012875],[112.925479,28.056562],[112.922545,28.077019]]]}},{"type":"Feature","properties":{"id":"cn:430104","name":"岳麓区","level":2},"geometry":{"type":"MultiPolygon","coordinates":[[[[112.607527,28.129178],[112.625027,28.140986],[112.628777,28.162657],[112.623248,28.176129],[112.631598,28.179797],[112.637449,28.194665],[112.664359,28.208568],[112.661232,28.203893],[112.665291,28.201625],[112.66636,28.193541],[112.676762,28.185686],[112.680915,28.188667],[112.694318,28.186478],[112.699499,28.183518],[112.707081,28.170827],[112.72666,28.181051],[112.734205,28.178889],[112.739351,28.175103],[112.735234,28.17503],[112.736091,28.171775],[112.746471,28.166529],[112.754836,28.171052],[112.758333,28.165055],[112.771577,28.167105],[112.781497,28.158809],[112.783239,28.149351],[112.79215,28.14153],[112.803065,28.145806],[112.809328,28.158142],[112.817279,28.156925],[112.821404,28.162608],[112.824867,28.158264],[112.826974,28.161049],[112.8288,28.156795],[112.837335,28.153688],[112.852612,28.168499],[112.850269,28.17224],[112.840328,28.173743],[112.83876,28.178781],[112.854123,28.182618],[112.857794,28.189604],[112.855623,28.19518],[112.850541,28.197596],[112.854487,28.201675],[112.847847,28.205182],[112.845009,28.212703],[112.836951,28.210044],[112.834325,28.221274],[112.827666,28.225608],[112.826032,28.230578],[112.823379,28.228342],[112.816784,28.233904],[112.811345,28.228223],[112.807249,28.235504],[112.803549,28.233806],[112.794048,28.249093],[112.79966,28.24944],[112.800869,28.254108],[112.812207,28.256665],[112.822069,28.24897],[112.832323,28.249906],[112.83574,28.253107],[112.840961,28.251171],[112.84414,28.252481],[112.844978,28.257908],[112.854853,28.254536],[112.857589,28.257351],[112.860444,28.252706],[112.863931,28.253055],[112.867661,28.259328],[112.882002,28.259471],[112.891666,28.263786],[112.898641,28.26217],[112.914983,28.276224],[112.921902,28.277229],[112.924334,28.272095],[112.928576,28.27142],[112.928352,28.268027],[112.933482,28.270186],[112.938503,28.267658],[112.945487,28.267866],[112.946141,28.27404],[112.956695,28.278776],[112.958518,28.275221],[112.965895,28.254654],[112.966277,28.239475],[112.961773,28.198187],[112.95159,28.15108],[112.951295,28.129218],[112.943404,28.110237],[112.927085,28.093956],[112.922545,28.077019],[112.925479,28.056562],[112.955157,28.012875],[112.958378,27.99871],[112.949706,28.003868],[112.940262,28.018237],[112.933187,28.022729],[112.928031,28.018777],[112.929897,28.005365],[112.922649,27.996611],[112.932206,27.995891],[112.935808,27.987516],[112.933039,27.985097],[112.930297,27.988955],[112.922943,27.987082],[112.921112,27.984473],[112.925106,27.983364],[112.923812,27.980444],[112.917449,27.97825],[112.90915,27.981223],[112.901164,27.974576],[112.894871,27.981622],[112.889064,27.982414],[112.881173,27.977291],[112.878369,27.982657],[112.888178,27.997243],[112.884967,27.999523],[112.876876,27.996403],[112.875808,28.004853],[112.869602,28.008171],[112.863621,28.004131],[112.869767,28.000775],[112.867623,27.993793],[112.853925,27.990196],[112.854315,28.007646],[112.844029,28.026037],[112.8333,28.024893],[112.827127,28.028599],[112.828074,28.04114],[112.820079,28.047423],[112.811164,28.062495],[112.811286,28.074912],[112.796607,28.072757],[112.773898,28.07626],[112.769628,28.082922],[112.7529,28.092931],[112.733752,28.084051],[112.693021,28.086067],[112.686407,28.08914],[112.681303,28.096919],[112.663526,28.101032],[112.654723,28.108988],[112.647613,28.110754],[112.643968,28.118608],[112.611763,28.116763],[112.607527,28.129178]]],[[[112.760904,28.044828],[112.76705,28.046598],[112.769159,28.053905],[112.775018,28.049744],[112.779141,28.054482],[112.790669,28.050558],[112.803153,28.040251],[112.798725,28.029015],[112.786919,28.027099],[112.781902,28.037894],[112.766233,28.038686],[112.760904,28.044828]]]]}},{"type":"Feature","properties":{"id":"cn:430105","name":"开福区","level":2},"geometry":{"type":"Polygon","coordinates":[[[112.902154,28.340354],[112.945522,28.356894],[112.951755,28.381584],[112.972077,28.389368],[112.972945,28.394297],[112.986052,28.38366],[112.994802,28.38094],[113.012734,28.382518],[113.018815,28.376922],[113.023392,28.377565],[113.022915,28.381535],[113.026139,28.383117],[113.031136,28.379132],[113.030571,28.374535],[113.049924,28.361788],[113.057598,28.35834],[113.072702,28.359592],[113.075887,28.356901],[113.073779,28.354294],[113.075835,28.348188],[113.070688,28.346905],[113.06988,28.337636],[113.066287,28.336334],[113.06383,28.329125],[113.053518,28.32363],[113.058248,28.315394],[113.05456,28.31373],[113.055306,28.307313],[113.052796,28.30944],[113.051408,28.306937],[113.057328,28.30013],[113.035409,28.289468],[113.02429,28.269097],[113.032017,28.260655],[113.031725,28.256208],[113.044638,28.259038],[113.047516,28.250628],[113.05316,28.248819],[113.052734,28.234226],[113.049883,28.232098],[113.053487,28.229646],[113.052024,28.227014],[113.03501,28.219813],[113.000192,28.221583],[112.995575,28.216377],[113.002094,28.212786],[113.001199,28.209355],[112.989168,28.208897],[112.98578,28.201269],[112.970471,28.204019],[112.970809,28.198741],[112.961868,28.199084],[112.965895,28.254654],[112.958518,28.275221],[112.943699,28.300167],[112.902154,28.340354]]]}},{"type":"Feature","properties":{"id":"cn:430111","name":"雨花区","level":2},"geometry":{"type":"Polygon","coordinates":[[[112.978396,28.160041],[112.981408,28.189301],[113.024619,28.187461],[113.036592,28.178722],[113.03934,28.181132],[113.0385,28.187966],[113.044958,28.19288],[113.06752,28.177736],[113.077293,28.176163],[113.098899,28.18544],[113.10528,28.182471],[113.109298,28.174954],[113.107588,28.171219],[113.086972,28.174049],[113.07423,28.164552],[113.068952,28.147981],[113.071382,28.137558],[113.079134,28.129246],[113.083662,28.116845],[113.097732,28.101545],[113.111467,28.09231],[113.131224,28.095054],[113.149617,28.092811],[113.167849,28.072091],[113.168539,28.059518],[113.177771,28.059973],[113.180982,28.054393],[113.178847,28.028339],[113.171451,28.018165],[113.162379,28.016215],[113.158291,28.009939],[113.164862,28.003118],[113.161095,27.998673],[113.15488,28.003273],[113.143048,27.996214],[113.145348,27.99055],[113.143517,27.98448],[113.14725,27.976982],[113.1564,27.971754],[113.147919,27.967117],[113.140704,27.957056],[113.129121,27.955667],[113.132718,27.947601],[113.124047,27.943159],[113.12712,27.933729],[113.133551,27.930685],[113.129923,27.916848],[113.116243,27.917451],[113.10277,27.936173],[113.094333,27.937885],[113.081903,27.950246],[113.085427,27.967753],[113.076477,27.967423],[113.067657,27.9746],[113.085097,27.993033],[113.069993,28.011765],[113.062406,28.013905],[113.028173,28.00666],[113.027318,28.012119],[113.022185,28.010314],[113.011067,28.024443],[113.0085,28.032786],[113.015684,28.031704],[113.020643,28.040176],[113.026289,28.041828],[113.029316,28.054849],[113.025937,28.06482],[113.022559,28.063958],[113.014276,28.074178],[113.006747,28.076364],[113.001903,28.073516],[112.999974,28.086105],[112.993186,28.086343],[112.993625,28.090744],[112.997421,28.091901],[112.993718,28.100077],[112.994932,28.108151],[112.989335,28.115659],[112.996975,28.118776],[112.998689,28.124319],[112.995191,28.126378],[113.00113,28.126643],[112.988317,28.150598],[112.98067,28.147731],[112.978396,28.160041]]]}},{"type":"Feature","properties":{"id":"cn:430112","name":"望城区","level":2},"geometry":{"type":"Polygon","coordinates":[[[112.645726,28.491965],[112.646357,28.499109],[112.655519,28.506869],[112.657782,28.504509],[112.66712,28.520932],[112.676076,28.528467],[112.690418,28.525149],[112.709012,28.513982],[112.726087,28.510753],[112.736078,28.512325],[112.741313,28.513767],[112.740592,28.519975],[112.748283,28.521289],[112.752138,28.533037],[112.767094,28.549705],[112.790861,28.561842],[112.802433,28.563229],[112.783231,28.538324],[112.785688,28.527528],[112.791713,28.52269],[112.80449,28.523127],[112.810054,28.531152],[112.816895,28.53174],[112.818118,28.514767],[112.848986,28.515753],[112.866947,28.504107],[112.866018,28.522608],[112.879681,28.524121],[112.885887,28.528253],[112.896617,28.520193],[112.917927,28.52331],[112.934343,28.511979],[112.960115,28.524564],[112.968883,28.524038],[112.973058,28.526814],[112.973328,28.517316],[112.969334,28.510386],[112.971982,28.500538],[112.955176,28.482075],[112.965002,28.470384],[112.986243,28.464295],[113.010506,28.474185],[113.018561,28.483764],[113.028128,28.489338],[113.035636,28.488121],[113.043978,28.480755],[113.040715,28.476658],[113.023891,28.472984],[113.018423,28.459607],[113.016973,28.442949],[113.019291,28.435909],[113.015514,28.427513],[112.999803,28.414948],[112.986001,28.415139],[112.979689,28.410047],[112.984612,28.405416],[112.984716,28.398758],[112.972832,28.394229],[112.972077,28.389368],[112.951755,28.381584],[112.945522,28.356894],[112.902154,28.340354],[112.943699,28.300167],[112.955959,28.276607],[112.946141,28.27404],[112.945487,28.267866],[112.938503,28.267658],[112.933482,28.270186],[112.928352,28.268027],[112.928576,28.27142],[112.924334,28.272095],[112.921902,28.277229],[112.914983,28.276224],[112.898641,28.26217],[112.891666,28.263786],[112.882002,28.259471],[112.867661,28.259328],[112.863931,28.253055],[112.860444,28.252706],[112.857589,28.257351],[112.854853,28.254536],[112.844978,28.257908],[112.84414,28.252481],[112.840961,28.251171],[112.83574,28.253107],[112.832323,28.249906],[112.822069,28.24897],[112.812207,28.256665],[112.800869,28.254108],[112.79966,28.24944],[112.796974,28.251024],[112.793244,28.248098],[112.803549,28.233806],[112.807722,28.235014],[112.81098,28.228279],[112.816784,28.233904],[112.823379,28.228342],[112.826032,28.230578],[112.827666,28.225608],[112.834325,28.221274],[112.836951,28.210044],[112.845009,28.212703],[112.847847,28.205182],[112.854487,28.201675],[112.850541,28.197596],[112.855623,28.19518],[112.857794,28.189604],[112.854123,28.182618],[112.83876,28.178781],[112.840328,28.173743],[112.850269,28.17224],[112.852612,28.168499],[112.840756,28.159217],[112.839614,28.15481],[112.835207,28.153514],[112.821404,28.162608],[112.817279,28.156925],[112.809328,28.158142],[112.803065,28.145806],[112.79215,28.14153],[112.783239,28.149351],[112.781497,28.158809],[112.771577,28.167105],[112.758333,28.165055],[112.754836,28.171052],[112.746471,28.166529],[112.736091,28.171775],[112.735234,28.17503],[112.739351,28.175103],[112.734205,28.178889],[112.72666,28.181051],[112.707081,28.170827],[112.699499,28.183518],[112.680915,28.188667],[112.676762,28.185686],[112.66636,28.193541],[112.665291,28.201625],[112.661232,28.203893],[112.665757,28.208927],[112.679871,28.207755],[112.701052,28.228914],[112.694589,28.236612],[112.690965,28.236613],[112.691258,28.253303],[112.685662,28.256485],[112.694835,28.257118],[112.694888,28.27557],[112.709723,28.281462],[112.710756,28.284295],[112.704056,28.284098],[112.713951,28.287669],[112.713648,28.293873],[112.706017,28.299702],[112.701382,28.309914],[112.706364,28.313309],[112.703604,28.321739],[112.711,28.325505],[112.710765,28.331991],[112.716156,28.333582],[112.698118,28.354632],[112.695618,28.36245],[112.697154,28.366874],[112.716226,28.375218],[112.718274,28.378856],[112.717099,28.384226],[112.705832,28.382475],[112.691494,28.386774],[112.696703,28.399257],[112.676217,28.405483],[112.672683,28.414075],[112.676537,28.424001],[112.674498,28.427588],[112.654706,28.43715],[112.653804,28.450495],[112.647707,28.450298],[112.64727,28.451632],[112.678934,28.473886],[112.665193,28.484904],[112.645726,28.491965]]]}},{"type":"Feature","properties":{"id":"cn:430121","name":"长沙县","level":2},"geometry":{"type":"Polygon","coordinates":[[[112.972945,28.394297],[112.985401,28.399837],[112.984612,28.405416],[112.979186,28.409251],[112.985245,28.41462],[112.999803,28.414948],[113.015514,28.427513],[113.019291,28.435909],[113.016973,28.442949],[113.018423,28.459607],[113.023891,28.472984],[113.041608,28.477005],[113.04364,28.481994],[113.035636,28.488121],[113.05647,28.506559],[113.066288,28.526743],[113.073154,28.525009],[113.078422,28.51829],[113.0791,28.511354],[113.083673,28.50881],[113.090662,28.511808],[113.106009,28.502425],[113.124552,28.501643],[113.126185,28.49391],[113.122772,28.477137],[113.125289,28.474454],[113.148431,28.474054],[113.164057,28.483666],[113.165558,28.49561],[113.180012,28.507346],[113.177251,28.513372],[113.180116,28.532441],[113.18897,28.544758],[113.188136,28.553301],[113.194977,28.558818],[113.188874,28.569677],[113.180307,28.571155],[113.179317,28.576754],[113.183892,28.585343],[113.177616,28.60228],[113.189239,28.60687],[113.209274,28.623065],[113.207086,28.637482],[113.228962,28.649671],[113.227864,28.664829],[113.23785,28.659406],[113.242461,28.648102],[113.24022,28.643838],[113.250315,28.628886],[113.258908,28.634574],[113.269012,28.635219],[113.27284,28.640811],[113.279846,28.641658],[113.309446,28.63362],[113.309828,28.624205],[113.314507,28.618962],[113.32837,28.622378],[113.347077,28.620874],[113.352698,28.62551],[113.355445,28.636363],[113.373935,28.647736],[113.403752,28.635512],[113.419377,28.639018],[113.417815,28.624097],[113.412076,28.621965],[113.414776,28.611732],[113.410983,28.607732],[113.408639,28.59398],[113.409733,28.590731],[113.413917,28.591694],[113.418387,28.581807],[113.424473,28.593378],[113.436087,28.59347],[113.439915,28.597109],[113.447024,28.593751],[113.455453,28.600516],[113.466555,28.590388],[113.469281,28.581705],[113.489403,28.571115],[113.495201,28.562436],[113.50166,28.540238],[113.501156,28.532319],[113.500028,28.526126],[113.492172,28.517432],[113.468691,28.51289],[113.468699,28.504487],[113.45962,28.504089],[113.451026,28.499287],[113.434724,28.49707],[113.429768,28.502851],[113.423101,28.488619],[113.402493,28.482586],[113.406998,28.467389],[113.405236,28.461082],[113.369602,28.451514],[113.363118,28.445568],[113.35955,28.434699],[113.351425,28.432937],[113.348508,28.425564],[113.338995,28.424762],[113.322961,28.410741],[113.333708,28.369118],[113.326702,28.360017],[113.325985,28.347171],[113.330548,28.339352],[113.326242,28.331702],[113.32488,28.317438],[113.319498,28.312838],[113.321502,28.304539],[113.311893,28.2968],[113.305592,28.299141],[113.294384,28.279131],[113.290079,28.257978],[113.282023,28.253953],[113.283343,28.248814],[113.279177,28.24545],[113.27691,28.23683],[113.262692,28.230677],[113.262414,28.223222],[113.27448,28.208466],[113.273152,28.197021],[113.280825,28.18926],[113.286458,28.177305],[113.330295,28.196591],[113.334376,28.195953],[113.333447,28.190431],[113.337396,28.188043],[113.34066,28.192483],[113.350426,28.194352],[113.356693,28.199904],[113.363872,28.19564],[113.364159,28.190337],[113.353039,28.184299],[113.346251,28.165493],[113.350895,28.165528],[113.359132,28.156405],[113.353151,28.145944],[113.371606,28.154707],[113.396928,28.161404],[113.400321,28.1536],[113.409696,28.1465],[113.426693,28.145619],[113.407622,28.12628],[113.384045,28.114373],[113.362118,28.098689],[113.35934,28.089056],[113.344366,28.07469],[113.329167,28.066018],[113.321406,28.066563],[113.318377,28.059414],[113.303177,28.059707],[113.299523,28.052784],[113.307223,28.042542],[113.315104,28.039627],[113.310252,28.035534],[113.297969,28.034798],[113.293794,28.039584],[113.295756,28.047613],[113.276024,28.050948],[113.250575,28.063398],[113.235626,28.078769],[113.227206,28.068821],[113.233265,28.061467],[113.230115,28.055232],[113.223995,28.054682],[113.219159,28.063413],[113.211885,28.064097],[113.195687,28.052495],[113.190071,28.061006],[113.168539,28.059518],[113.167849,28.072091],[113.149617,28.092811],[113.131224,28.095054],[113.111467,28.09231],[113.097732,28.101545],[113.083662,28.116845],[113.079134,28.129246],[113.069515,28.140794],[113.068952,28.147981],[113.071642,28.160598],[113.083934,28.172531],[113.092901,28.17439],[113.104533,28.170327],[113.109039,28.172608],[113.101295,28.185541],[113.103254,28.191018],[113.100793,28.199807],[113.105068,28.204236],[113.100342,28.205617],[113.09958,28.211093],[113.097531,28.208407],[113.09174,28.210341],[113.085282,28.217701],[113.080892,28.218388],[113.081802,28.214402],[113.078847,28.21321],[113.078886,28.216152],[113.066939,28.218548],[113.06677,28.220767],[113.054004,28.221015],[113.051844,28.223402],[113.053487,28.229646],[113.049883,28.232098],[113.052734,28.234226],[113.05316,28.248819],[113.047516,28.250628],[113.044638,28.259038],[113.031725,28.256208],[113.032017,28.260655],[113.024203,28.266269],[113.035409,28.289468],[113.057328,28.30013],[113.051408,28.306937],[113.052796,28.30944],[113.055306,28.307313],[113.05456,28.31373],[113.058248,28.315394],[113.053518,28.32363],[113.06344,28.328784],[113.066287,28.336334],[113.06969,28.337297],[113.070688,28.346905],[113.076175,28.348937],[113.073779,28.354294],[113.075887,28.356901],[113.072702,28.359592],[113.057598,28.35834],[113.049924,28.361788],[113.030571,28.374535],[113.031136,28.379132],[113.026139,28.383117],[113.022915,28.381535],[113.023392,28.377565],[113.018815,28.376922],[113.012734,28.382518],[112.994802,28.38094],[112.986052,28.38366],[112.972945,28.394297]]]}},{"type":"Feature","properties":{"id":"cn:430181","name":"浏阳市","level":2},"geometry":{"type":"Polygon","coordinates":[[[113.171451,28.018165],[113.179437,28.030874],[113.180982,28.054393],[113.177771,28.059973],[113.190071,28.061006],[113.196781,28.052354],[113.205435,28.061466],[113.217997,28.06416],[113.22265,28.055433],[113.227363,28.054224],[113.233161,28.058782],[113.227206,28.068821],[113.234411,28.079051],[113.250575,28.063398],[113.276024,28.050948],[113.295756,28.047613],[113.293794,28.039584],[113.297969,28.034798],[113.310252,28.035534],[113.315104,28.039627],[113.307223,28.042542],[113.299523,28.052784],[113.303177,28.059707],[113.318377,28.059414],[113.321406,28.066563],[113.329167,28.066018],[113.344366,28.07469],[113.35934,28.089056],[113.362118,28.098689],[113.384045,28.114373],[113.407622,28.12628],[113.426241,28.143535],[113.42276,28.146825],[113.409696,28.1465],[113.400321,28.1536],[113.396928,28.161404],[113.371606,28.154707],[113.353151,28.145944],[113.359132,28.156405],[113.350895,28.165528],[113.346251,28.165493],[113.353039,28.184299],[113.364159,28.190337],[113.363872,28.19564],[113.356693,28.199904],[113.350426,28.194352],[113.34066,28.192483],[113.337396,28.188043],[113.333447,28.190431],[113.334376,28.195953],[113.330295,28.196591],[113.286458,28.177305],[113.280825,28.18926],[113.273152,28.197021],[113.27448,28.208466],[113.261373,28.228145],[113.27691,28.23683],[113.279177,28.24545],[113.283343,28.248814],[113.282023,28.253953],[113.290981,28.259725],[113.294384,28.279131],[113.305592,28.299141],[113.311893,28.2968],[113.321502,28.304539],[113.319498,28.312838],[113.32488,28.317438],[113.326242,28.331702],[113.330548,28.339352],[113.325985,28.347171],[113.326702,28.360017],[113.333708,28.369118],[113.322484,28.406116],[113.324055,28.413047],[113.338995,28.424762],[113.348508,28.425564],[113.351425,28.432937],[113.35955,28.434699],[113.363118,28.445568],[113.369602,28.451514],[113.405236,28.461082],[113.406998,28.467389],[113.402493,28.482586],[113.423101,28.488619],[113.429768,28.502851],[113.434724,28.49707],[113.451026,28.499287],[113.45962,28.504089],[113.468699,28.504487],[113.468691,28.51289],[113.492172,28.517432],[113.500028,28.526126],[113.50166,28.540238],[113.512085,28.539643],[113.522579,28.531636],[113.542935,28.528367],[113.551278,28.536158],[113.571443,28.539717],[113.60179,28.506564],[113.619376,28.494147],[113.624176,28.486241],[113.630635,28.485949],[113.644255,28.473472],[113.655999,28.459513],[113.651833,28.451153],[113.671425,28.44544],[113.699098,28.425548],[113.714046,28.428451],[113.716077,28.435075],[113.726381,28.445685],[113.756086,28.45469],[113.768317,28.454356],[113.779402,28.46088],[113.797996,28.460498],[113.809662,28.468219],[113.819428,28.487486],[113.827545,28.492436],[113.827006,28.502254],[113.839003,28.5273],[113.8504,28.535257],[113.880331,28.518627],[113.88422,28.519094],[113.897171,28.532043],[113.912571,28.528909],[113.930149,28.534842],[113.935956,28.529808],[113.9479,28.541518],[113.957129,28.54573],[113.970644,28.568085],[113.990357,28.568191],[113.996599,28.565456],[114.008101,28.557842],[114.009602,28.548931],[114.014116,28.546127],[114.019958,28.546021],[114.034542,28.554203],[114.047753,28.547314],[114.0604,28.550835],[114.068326,28.558311],[114.08119,28.558975],[114.095096,28.543412],[114.112953,28.542091],[114.11988,28.537514],[114.131408,28.538477],[114.137172,28.523363],[114.149177,28.510702],[114.163465,28.502527],[114.174646,28.500108],[114.188551,28.502345],[114.2129,28.487842],[114.214315,28.476635],[114.211598,28.469682],[114.196981,28.462518],[114.182172,28.442186],[114.167822,28.439372],[114.166954,28.43599],[114.18803,28.434111],[114.199203,28.425044],[114.209324,28.406353],[114.217241,28.404927],[114.222883,28.398739],[114.228082,28.402101],[114.247223,28.399055],[114.250757,28.395419],[114.254046,28.378551],[114.244619,28.369315],[114.256033,28.35556],[114.24849,28.353091],[114.241876,28.341414],[114.250288,28.329924],[114.248855,28.324241],[114.229879,28.314246],[114.221885,28.304335],[114.210383,28.29731],[114.192822,28.294018],[114.190817,28.2877],[114.193056,28.273067],[114.179297,28.27089],[114.176781,28.253299],[114.162518,28.256782],[114.139558,28.250973],[114.138307,28.241343],[114.124141,28.231318],[114.115703,28.216295],[114.101102,28.204779],[114.101719,28.186127],[114.078237,28.182362],[114.07486,28.178441],[114.063142,28.174834],[114.047959,28.174291],[114.042525,28.179908],[114.021839,28.175366],[114.006935,28.178417],[114.001961,28.169895],[113.988731,28.167335],[113.99046,28.155989],[114.00058,28.148185],[114.001805,28.128758],[114.011648,28.123469],[114.012916,28.103786],[114.021578,28.095654],[114.022898,28.087479],[114.013653,28.088734],[114.019365,28.083882],[114.030841,28.081389],[114.041621,28.060787],[114.040224,28.056099],[114.029894,28.053818],[114.022107,28.045055],[114.021387,28.035066],[113.995198,28.043775],[113.958063,28.04308],[113.950962,28.03407],[113.960276,28.020298],[113.940858,28.017516],[113.930277,28.022409],[113.92005,28.007668],[113.913705,28.004916],[113.909269,27.995022],[113.894911,27.991091],[113.874738,27.99479],[113.865962,28.006385],[113.857976,28.009154],[113.84493,27.990866],[113.848117,27.982982],[113.842935,27.972977],[113.823418,27.975029],[113.8165,27.985658],[113.796048,27.976539],[113.78795,27.966902],[113.789469,27.959361],[113.765493,27.956004],[113.74788,27.937998],[113.72974,27.906163],[113.724844,27.888021],[113.715495,27.888709],[113.693915,27.873577],[113.666728,27.880252],[113.655209,27.888331],[113.650044,27.885664],[113.649497,27.881254],[113.64244,27.881494],[113.628516,27.89924],[113.596761,27.917052],[113.589383,27.913823],[113.591849,27.906411],[113.58678,27.894863],[113.571954,27.902546],[113.565989,27.915266],[113.568402,27.922187],[113.563975,27.931262],[113.56697,27.940841],[113.572768,27.943241],[113.571848,27.958291],[113.569122,27.964515],[113.562247,27.968255],[113.527716,27.961933],[113.519686,27.962998],[113.51756,27.947844],[113.505513,27.940372],[113.480876,27.941253],[113.474886,27.929313],[113.455755,27.919483],[113.452353,27.911249],[113.453725,27.90337],[113.44889,27.900135],[113.418317,27.900789],[113.409653,27.892091],[113.409202,27.864133],[113.403178,27.859063],[113.365669,27.855762],[113.352988,27.851271],[113.337268,27.86174],[113.323568,27.860498],[113.310002,27.868346],[113.295888,27.871612],[113.29436,27.880503],[113.291599,27.881812],[113.282225,27.879906],[113.284134,27.868199],[113.269308,27.865977],[113.268838,27.873304],[113.275695,27.885327],[113.27593,27.897749],[113.27211,27.906997],[113.265973,27.911184],[113.284861,27.914205],[113.279199,27.922388],[113.266675,27.923046],[113.262795,27.935],[113.253411,27.945117],[113.257509,27.952804],[113.265494,27.951074],[113.266137,27.965083],[113.272274,27.972014],[113.26355,27.981124],[113.266103,27.992172],[113.261875,27.996447],[113.264288,28.000007],[113.259583,28.013522],[113.256224,28.012904],[113.254609,27.997682],[113.251159,27.997128],[113.254661,28.014016],[113.250549,28.016312],[113.248994,28.022454],[113.244576,28.023009],[113.236937,28.012983],[113.222493,28.017747],[113.220869,28.023738],[113.21218,28.022274],[113.208222,28.027842],[113.202718,28.014682],[113.185062,28.013932],[113.171451,28.018165]]]}},{"type":"Feature","properties":{"id":"cn:430182","name":"宁乡市","level":2},"geometry":{"type":"Polygon","coordinates":[[[111.890885,28.013189],[111.89435,28.023549],[111.908169,28.032335],[111.902162,28.045367],[111.905695,28.055844],[111.921528,28.069781],[111.91487,28.073433],[111.908715,28.082884],[111.909888,28.086337],[111.89645,28.097622],[111.893793,28.103353],[111.903464,28.119606],[111.92711,28.137847],[111.92783,28.171685],[111.936389,28.175792],[111.939506,28.182496],[111.933094,28.190029],[111.950782,28.196074],[111.955686,28.201632],[111.956694,28.212346],[111.96691,28.216482],[111.97053,28.223123],[111.981085,28.227593],[112.001467,28.2293],[111.998403,28.239243],[112.004063,28.247387],[112.024675,28.25535],[112.045998,28.254527],[112.050946,28.258016],[112.065252,28.258965],[112.074897,28.263991],[112.076484,28.271059],[112.086111,28.267945],[112.093299,28.273234],[112.110521,28.27489],[112.117396,28.26934],[112.133333,28.269147],[112.140478,28.25775],[112.163846,28.248852],[112.172326,28.23901],[112.189913,28.236537],[112.204522,28.24257],[112.216015,28.238183],[112.222969,28.222197],[112.232413,28.213813],[112.246163,28.227752],[112.250199,28.23683],[112.259748,28.239497],[112.275104,28.251797],[112.27678,28.257229],[112.282744,28.257415],[112.288559,28.250423],[112.300852,28.264667],[112.316138,28.265779],[112.312317,28.288162],[112.3273,28.287654],[112.344575,28.277697],[112.351232,28.280609],[112.353619,28.285914],[112.343481,28.28508],[112.339618,28.29274],[112.341415,28.294531],[112.364627,28.287606],[112.37118,28.291727],[112.374227,28.298574],[112.381936,28.292558],[112.395781,28.297626],[112.399071,28.30186],[112.404103,28.297932],[112.416571,28.307782],[112.414609,28.316365],[112.422407,28.313168],[112.42797,28.32191],[112.430384,28.314076],[112.435244,28.315433],[112.438048,28.32035],[112.445565,28.321073],[112.460366,28.316127],[112.467319,28.320999],[112.48133,28.312546],[112.497562,28.316846],[112.495227,28.330756],[112.500088,28.324027],[112.520505,28.329373],[112.531555,28.335963],[112.534558,28.332842],[112.530566,28.32782],[112.547267,28.32241],[112.557519,28.330342],[112.566052,28.328485],[112.563898,28.334157],[112.559064,28.336629],[112.557006,28.347608],[112.569836,28.358113],[112.570088,28.372568],[112.574992,28.376418],[112.573104,28.38587],[112.577058,28.402375],[112.578916,28.405932],[112.587649,28.409009],[112.590844,28.420208],[112.606792,28.428056],[112.618756,28.449021],[112.621946,28.471755],[112.634455,28.472803],[112.649011,28.487957],[112.646433,28.491285],[112.665193,28.484904],[112.678934,28.473886],[112.657105,28.460733],[112.647247,28.450919],[112.653804,28.450495],[112.655427,28.436087],[112.674498,28.427588],[112.676537,28.424001],[112.672683,28.414075],[112.676217,28.405483],[112.696703,28.399257],[112.691494,28.386774],[112.705832,28.382475],[112.717099,28.384226],[112.716226,28.375218],[112.697154,28.366874],[112.695618,28.36245],[112.698118,28.354632],[112.716156,28.333582],[112.710765,28.331991],[112.711,28.325505],[112.703604,28.321739],[112.706364,28.313309],[112.701382,28.309914],[112.706017,28.299702],[112.713648,28.293873],[112.713951,28.287669],[112.704056,28.284098],[112.710756,28.284295],[112.709723,28.281462],[112.694888,28.27557],[112.694835,28.257118],[112.685662,28.256485],[112.691258,28.253303],[112.690965,28.236613],[112.698639,28.232327],[112.700018,28.226531],[112.686598,28.217212],[112.679871,28.207755],[112.661824,28.207803],[112.637449,28.194665],[112.631598,28.179797],[112.623005,28.175561],[112.628777,28.162657],[112.625027,28.140986],[112.607545,28.128163],[112.611763,28.116763],[112.643968,28.118608],[112.647613,28.110754],[112.654723,28.108988],[112.663526,28.101032],[112.681303,28.096919],[112.686407,28.08914],[112.693021,28.086067],[112.733752,28.084051],[112.7529,28.092931],[112.772102,28.080018],[112.77159,28.064491],[112.779141,28.054482],[112.775018,28.049744],[112.769159,28.053905],[112.76705,28.046598],[112.760904,28.044828],[112.774862,28.026297],[112.76455,28.020735],[112.763152,28.009749],[112.758135,28.005678],[112.760322,27.995031],[112.75488,27.984025],[112.752866,27.968742],[112.738551,27.94976],[112.736224,27.933106],[112.725478,27.931941],[112.723073,27.927021],[112.727197,27.923156],[112.725479,27.920296],[112.708143,27.919352],[112.699732,27.926658],[112.677996,27.923714],[112.681684,27.930455],[112.661415,27.939005],[112.65527,27.94514],[112.649228,27.944955],[112.636587,27.926788],[112.640504,27.920285],[112.645869,27.921988],[112.651694,27.903792],[112.647379,27.896472],[112.646564,27.886859],[112.642961,27.883508],[112.628535,27.883593],[112.621694,27.898691],[112.614377,27.903276],[112.606347,27.903781],[112.604246,27.906559],[112.607024,27.911813],[112.602431,27.914536],[112.601251,27.92236],[112.596763,27.921529],[112.593682,27.924682],[112.588847,27.938579],[112.593603,27.950595],[112.592483,27.956106],[112.582856,27.961542],[112.571373,27.962815],[112.569749,27.970574],[112.562397,27.974139],[112.557969,27.98443],[112.548534,27.976092],[112.534594,27.978666],[112.530923,27.982312],[112.527971,27.996533],[112.507008,27.997313],[112.502814,28.014283],[112.505757,28.020326],[112.51094,28.0222],[112.480704,28.04351],[112.474663,28.059519],[112.469844,28.063443],[112.453499,28.055126],[112.439619,28.060585],[112.426841,28.05728],[112.41796,28.053543],[112.416215,28.047109],[112.412577,28.048916],[112.407587,28.043834],[112.404384,28.034752],[112.409157,28.017358],[112.402821,28.004871],[112.392231,28.003986],[112.39276,27.999345],[112.402838,27.999206],[112.406032,27.994574],[112.410087,27.995076],[112.404522,27.965191],[112.401632,27.973046],[112.401623,27.966152],[112.396649,27.969507],[112.384826,27.964993],[112.37625,27.971471],[112.365433,27.973231],[112.348394,27.968874],[112.346962,27.964364],[112.340486,27.960872],[112.333455,27.961085],[112.324557,27.967203],[112.310009,27.961669],[112.299497,27.975093],[112.252161,27.96248],[112.239774,27.967028],[112.224827,27.965157],[112.217578,27.974768],[112.214835,27.972693],[112.215868,27.966838],[112.205547,27.957029],[112.195174,27.963182],[112.192136,27.973633],[112.177431,27.950343],[112.176423,27.941656],[112.167795,27.943954],[112.166663,27.936872],[112.16066,27.937036],[112.153203,27.931537],[112.151111,27.927207],[112.155017,27.920096],[112.147691,27.916727],[112.145487,27.911983],[112.131902,27.90886],[112.129245,27.915758],[112.123325,27.915805],[112.112545,27.900771],[112.097614,27.89685],[112.087354,27.899055],[112.082015,27.911535],[112.055356,27.923342],[112.046485,27.923218],[112.038429,27.915363],[112.030217,27.916706],[112.02678,27.911666],[112.024888,27.917643],[112.010591,27.909095],[112.007153,27.912452],[111.994168,27.911183],[111.980521,27.953416],[111.957787,27.969588],[111.945817,27.990584],[111.930937,27.994716],[111.916085,27.980727],[111.902961,27.978041],[111.894271,27.987162],[111.902926,28.003712],[111.890885,28.013189]]]}},{"type":"Feature","properties":{"id":"cn:4302","name":"株洲市","level":1},"geometry":{"type":"Polygon","coordinates":[[[112.96396,27.515036],[112.969802,27.529673],[112.970685,27.547961],[112.975803,27.548184],[112.967293,27.558161],[112.966685,27.572165],[112.975703,27.580481],[112.98248,27.580979],[113.003401,27.602012],[112.993451,27.609414],[112.991957,27.621634],[113.001187,27.625452],[113.016066,27.615881],[113.021299,27.622133],[113.034749,27.627295],[113.032079,27.635487],[113.018231,27.646857],[113.020421,27.653277],[113.02577,27.655127],[113.024076,27.659723],[113.011984,27.66407],[112.996312,27.656039],[112.988408,27.670681],[112.988918,27.678538],[113.004872,27.690297],[113.020522,27.714239],[113.044661,27.714185],[113.05316,27.73026],[113.044226,27.732123],[113.045917,27.735409],[113.043224,27.738393],[113.035734,27.732628],[113.032421,27.741155],[113.02583,27.738852],[113.018515,27.741886],[113.023856,27.755292],[113.03215,27.762282],[113.033514,27.767171],[113.02892,27.769858],[113.017354,27.795053],[113.012376,27.799335],[113.005757,27.797964],[112.99706,27.803106],[112.996739,27.813712],[113.013609,27.83218],[113.040628,27.8496],[113.036999,27.865041],[113.032872,27.869876],[113.040603,27.879611],[113.042615,27.894201],[113.055539,27.91405],[113.063387,27.941746],[113.080835,27.953252],[113.094333,27.937885],[113.10277,27.936173],[113.116243,27.917451],[113.129923,27.916848],[113.133551,27.930685],[113.12712,27.933729],[113.124047,27.943159],[113.132718,27.947601],[113.129641,27.9566],[113.140704,27.957056],[113.147919,27.967117],[113.1564,27.971754],[113.14725,27.976982],[113.142814,27.995474],[113.15488,28.003273],[113.157796,27.999316],[113.162285,27.999474],[113.164611,28.004074],[113.158291,28.009939],[113.164142,28.017306],[113.202718,28.014682],[113.208222,28.027842],[113.21218,28.022274],[113.220869,28.023738],[113.222493,28.017747],[113.236937,28.012983],[113.244576,28.023009],[113.248994,28.022454],[113.250549,28.016312],[113.254661,28.014016],[113.251159,27.997128],[113.254609,27.997682],[113.256224,28.012904],[113.259583,28.013522],[113.264288,28.000007],[113.261875,27.996447],[113.266103,27.992172],[113.26355,27.981124],[113.272274,27.972014],[113.266137,27.965083],[113.265494,27.951074],[113.257509,27.952804],[113.253411,27.945117],[113.262795,27.935],[113.266675,27.923046],[113.279199,27.922388],[113.284861,27.914205],[113.265973,27.911184],[113.27211,27.906997],[113.27593,27.897749],[113.275695,27.885327],[113.268838,27.873304],[113.269308,27.865977],[113.284134,27.868199],[113.282225,27.879906],[113.291599,27.881812],[113.29436,27.880503],[113.295888,27.871612],[113.310002,27.868346],[113.323568,27.860498],[113.337268,27.86174],[113.352988,27.851271],[113.365669,27.855762],[113.403178,27.859063],[113.409202,27.864133],[113.409653,27.892091],[113.418317,27.900789],[113.44889,27.900135],[113.453725,27.90337],[113.452353,27.911249],[113.455755,27.919483],[113.474886,27.929313],[113.480876,27.941253],[113.505513,27.940372],[113.51756,27.947844],[113.519686,27.962998],[113.527716,27.961933],[113.562247,27.968255],[113.569122,27.964515],[113.571848,27.958291],[113.572768,27.943241],[113.56697,27.940841],[113.563975,27.931262],[113.568402,27.922187],[113.565989,27.915266],[113.572987,27.901828],[113.58678,27.894863],[113.591849,27.906411],[113.589383,27.913823],[113.596761,27.917052],[113.628516,27.89924],[113.64244,27.881494],[113.649497,27.881254],[113.650044,27.885664],[113.655209,27.888331],[113.666728,27.880252],[113.691441,27.87326],[113.715495,27.888709],[113.724844,27.888021],[113.722405,27.87938],[113.725955,27.87243],[113.746207,27.86631],[113.752882,27.860094],[113.754633,27.843082],[113.75179,27.838387],[113.75797,27.833509],[113.762135,27.820423],[113.757674,27.802582],[113.725668,27.777772],[113.695921,27.748104],[113.690808,27.722235],[113.668118,27.703296],[113.646684,27.66704],[113.606429,27.638395],[113.602318,27.638396],[113.596305,27.589284],[113.573403,27.548616],[113.57421,27.535061],[113.581537,27.525786],[113.605041,27.517975],[113.617095,27.530283],[113.61766,27.523915],[113.623283,27.51762],[113.616958,27.507091],[113.621628,27.501459],[113.608337,27.487553],[113.608969,27.480903],[113.598754,27.478666],[113.59436,27.473354],[113.586294,27.471092],[113.594254,27.453774],[113.592344,27.43222],[113.596443,27.423839],[113.601494,27.42098],[113.618072,27.42111],[113.621468,27.415293],[113.618614,27.412316],[113.626511,27.409497],[113.624391,27.4045],[113.614311,27.402378],[113.597292,27.389228],[113.599011,27.369004],[113.611293,27.348873],[113.62053,27.346689],[113.63921,27.353794],[113.652292,27.350868],[113.666736,27.336676],[113.694271,27.335393],[113.712491,27.345708],[113.717248,27.352303],[113.735252,27.350679],[113.743629,27.35814],[113.757405,27.364152],[113.777778,27.365476],[113.798507,27.371384],[113.820868,27.368314],[113.867378,27.388305],[113.870937,27.385499],[113.867674,27.350191],[113.849366,27.308671],[113.853108,27.30219],[113.86665,27.296942],[113.866484,27.28822],[113.8546,27.27255],[113.847769,27.238209],[113.841875,27.225896],[113.822422,27.204134],[113.803255,27.169965],[113.773906,27.14053],[113.76658,27.105729],[113.769705,27.094205],[113.778368,27.089494],[113.788194,27.092798],[113.79789,27.102767],[113.802231,27.101098],[113.811311,27.050224],[113.815504,27.041212],[113.837761,27.035842],[113.842856,27.020155],[113.858057,27.022],[113.861103,27.019888],[113.866251,26.993637],[113.878864,26.981741],[113.887336,26.968299],[113.916242,26.963627],[113.916095,26.958073],[113.921693,26.952728],[113.898524,26.931789],[113.895869,26.921457],[113.897865,26.914213],[113.885218,26.899089],[113.886129,26.888134],[113.883437,26.883644],[113.887804,26.864372],[113.87224,26.863058],[113.868742,26.85984],[113.853768,26.837351],[113.852701,26.830376],[113.82928,26.807595],[113.831468,26.79966],[113.840661,26.791696],[113.848291,26.772978],[113.851207,26.718295],[113.857405,26.703093],[113.855261,26.667662],[113.862805,26.656565],[113.871981,26.660055],[113.876286,26.657937],[113.879759,26.639388],[113.894767,26.633293],[113.901303,26.619287],[113.933777,26.616448],[113.948004,26.617286],[113.957388,26.62203],[113.96507,26.620148],[113.968256,26.615982],[113.971693,26.619712],[113.991129,26.619044],[114.012379,26.603003],[114.010322,26.594871],[114.014428,26.590819],[114.027752,26.588942],[114.037196,26.58324],[114.055487,26.583913],[114.064254,26.579095],[114.073447,26.578373],[114.079271,26.581018],[114.10061,26.57949],[114.103526,26.575384],[114.100497,26.562901],[114.09087,26.551504],[114.09212,26.54445],[114.080877,26.528967],[114.077067,26.503215],[114.066832,26.490641],[114.068012,26.482565],[114.081355,26.481407],[114.092666,26.48736],[114.104733,26.486216],[114.084549,26.457112],[114.080356,26.426661],[114.083265,26.414681],[114.080035,26.409464],[114.071077,26.407361],[114.066285,26.413052],[114.058681,26.41065],[114.044532,26.39436],[114.03764,26.393514],[114.030938,26.380604],[114.025244,26.379909],[114.026537,26.372568],[114.034333,26.364678],[114.03218,26.357741],[114.03442,26.348933],[114.042232,26.340606],[114.033169,26.333152],[114.030296,26.326652],[114.036441,26.312785],[114.021901,26.301775],[114.016303,26.291822],[114.019072,26.275411],[114.023994,26.269614],[113.979281,26.246487],[113.973724,26.241123],[113.975009,26.229821],[113.966381,26.222718],[113.968368,26.211637],[113.964905,26.205496],[113.944358,26.196087],[113.937422,26.183006],[113.925113,26.1762],[113.911841,26.174762],[113.909376,26.162195],[113.8977,26.151477],[113.891337,26.138937],[113.85507,26.122707],[113.844402,26.110916],[113.839845,26.09904],[113.819489,26.087392],[113.808733,26.087215],[113.798048,26.105797],[113.786243,26.10756],[113.775383,26.09693],[113.775557,26.069363],[113.75613,26.05108],[113.738656,26.043054],[113.723239,26.049698],[113.703699,26.069029],[113.68791,26.099099],[113.697085,26.127685],[113.723865,26.14248],[113.731113,26.162592],[113.733317,26.186449],[113.71975,26.227058],[113.672954,26.250657],[113.652563,26.27382],[113.638823,26.271443],[113.609933,26.282422],[113.611756,26.311782],[113.594899,26.327723],[113.587208,26.363746],[113.577112,26.378396],[113.577893,26.398194],[113.602416,26.422642],[113.60423,26.429554],[113.597954,26.45191],[113.5837,26.470695],[113.591513,26.478861],[113.591322,26.488081],[113.59831,26.511273],[113.59173,26.515796],[113.583229,26.515303],[113.585704,26.524304],[113.569852,26.522102],[113.565434,26.525185],[113.553335,26.553064],[113.556834,26.578741],[113.549568,26.588937],[113.535871,26.596224],[113.507152,26.60327],[113.503613,26.596161],[113.490168,26.587598],[113.481764,26.574608],[113.468041,26.564208],[113.427312,26.561472],[113.421461,26.563607],[113.422666,26.572267],[113.408813,26.590621],[113.396887,26.596958],[113.392121,26.603902],[113.3945,26.608469],[113.405575,26.613394],[113.406496,26.623488],[113.412269,26.632606],[113.411426,26.644558],[113.401904,26.658446],[113.395202,26.661474],[113.394098,26.669834],[113.386416,26.678163],[113.37546,26.699566],[113.379723,26.704977],[113.394987,26.710203],[113.398972,26.715795],[113.422347,26.77303],[113.406912,26.785838],[113.398926,26.800855],[113.388509,26.808034],[113.378649,26.80034],[113.366547,26.801163],[113.332433,26.813583],[113.320611,26.810911],[113.316181,26.803758],[113.313351,26.804286],[113.297502,26.773273],[113.288509,26.77176],[113.277789,26.774859],[113.272277,26.784332],[113.279838,26.793436],[113.279716,26.803083],[113.268197,26.816461],[113.269369,26.823271],[113.275012,26.828613],[113.251264,26.831817],[113.246784,26.84262],[113.22727,26.86439],[113.222574,26.881569],[113.233494,26.881131],[113.237288,26.89271],[113.234102,26.897849],[113.249145,26.903676],[113.249692,26.919145],[113.26193,26.92254],[113.272711,26.93184],[113.27732,26.941758],[113.27002,26.944072],[113.239431,26.941704],[113.229744,26.955121],[113.219996,26.959648],[113.220222,26.971149],[113.215898,26.977892],[113.22121,26.998026],[113.219691,27.003354],[113.21312,27.007076],[113.219292,27.015822],[113.231271,27.018855],[113.230916,27.022914],[113.211106,27.029205],[113.21371,27.03356],[113.210212,27.044129],[113.192347,27.044016],[113.194188,27.054719],[113.190706,27.057592],[113.193667,27.060861],[113.187987,27.079948],[113.16941,27.09209],[113.165079,27.102285],[113.158837,27.104543],[113.161094,27.127164],[113.173152,27.135284],[113.187101,27.138524],[113.190357,27.145076],[113.210357,27.134649],[113.229896,27.144309],[113.230434,27.148551],[113.239202,27.143342],[113.240331,27.154933],[113.246025,27.162881],[113.252197,27.163497],[113.252544,27.1762],[113.275279,27.170498],[113.278308,27.181952],[113.274948,27.193859],[113.257691,27.220374],[113.249775,27.226951],[113.249967,27.232657],[113.241633,27.243631],[113.207541,27.240664],[113.177293,27.244133],[113.164271,27.236109],[113.142544,27.254853],[113.13836,27.252464],[113.12744,27.23279],[113.121711,27.2105],[113.110331,27.208089],[113.101832,27.223173],[113.104627,27.224862],[113.102796,27.22754],[113.082067,27.238614],[113.086798,27.241411],[113.076641,27.25703],[113.079446,27.258267],[113.076529,27.261431],[113.080062,27.269569],[113.074723,27.271052],[113.062649,27.284092],[113.054151,27.285457],[113.044376,27.292047],[113.038126,27.312818],[113.042883,27.317535],[113.042874,27.324882],[113.036798,27.330335],[113.02685,27.332466],[113.026668,27.347318],[113.036355,27.354953],[113.019594,27.3705],[113.015696,27.379797],[113.018499,27.389041],[112.996424,27.396053],[112.990438,27.403081],[112.988726,27.4104],[112.993682,27.438927],[112.981864,27.453895],[112.981016,27.472678],[112.970281,27.471624],[112.965925,27.478598],[112.968389,27.484177],[112.979597,27.491788],[112.982033,27.50203],[112.970296,27.504652],[112.96396,27.515036]]]}},{"type":"Feature","properties":{"id":"cn:430202","name":"荷塘区","level":2},"geometry":{"type":"MultiPolygon","coordinates":[[[[113.131104,27.860612],[113.147784,27.870825],[113.155048,27.871346],[113.157806,27.886002],[113.163614,27.890233],[113.164968,27.89888],[113.18006,27.894621],[113.186995,27.898608],[113.191595,27.906658],[113.187724,27.914769],[113.191686,27.923645],[113.189702,27.925842],[113.194137,27.926702],[113.205287,27.939218],[113.210186,27.938731],[113.20636,27.940922],[113.210105,27.942623],[113.202901,27.942553],[113.1979,27.948349],[113.191336,27.946375],[113.189889,27.958596],[113.219296,27.980941],[113.224592,27.972435],[113.236282,27.97338],[113.252539,27.991015],[113.248706,27.993305],[113.254609,27.997682],[113.254176,28.005985],[113.258342,28.01507],[113.263134,28.007369],[113.261875,27.996447],[113.266103,27.992172],[113.26355,27.981124],[113.272274,27.972014],[113.266137,27.965083],[113.265494,27.951074],[113.257509,27.952804],[113.253411,27.945117],[113.262795,27.935],[113.266675,27.923046],[113.279199,27.922388],[113.284861,27.914205],[113.265973,27.911184],[113.27211,27.906997],[113.275973,27.896111],[113.27534,27.884193],[113.26574,27.863772],[113.254646,27.864361],[113.223335,27.843491],[113.214853,27.84202],[113.205954,27.83413],[113.192147,27.838088],[113.183735,27.832522],[113.182226,27.836517],[113.165938,27.831244],[113.155121,27.831222],[113.144408,27.850936],[113.131104,27.860612]]],[[[113.24909,28.001553],[113.249689,28.014531],[113.253229,28.017051],[113.251885,27.997805],[113.24909,28.001553]]]]}},{"type":"Feature","properties":{"id":"cn:430203","name":"芦淞区","level":2},"geometry":{"type":"Polygon","coordinates":[[[113.107692,27.785672],[113.110977,27.793239],[113.137338,27.801221],[113.140623,27.807187],[113.14318,27.82008],[113.140336,27.836641],[113.121602,27.850928],[113.125136,27.857882],[113.131104,27.860612],[113.144408,27.850936],[113.155604,27.83103],[113.182226,27.836517],[113.183735,27.832522],[113.192147,27.838088],[113.205954,27.83413],[113.214853,27.84202],[113.223335,27.843491],[113.255551,27.864791],[113.264187,27.862887],[113.2679,27.86719],[113.284134,27.868199],[113.282225,27.879906],[113.291599,27.881812],[113.29436,27.880503],[113.295888,27.871612],[113.310002,27.868346],[113.323568,27.860498],[113.337268,27.86174],[113.353561,27.851233],[113.355907,27.794261],[113.342967,27.790272],[113.346615,27.767869],[113.34251,27.758095],[113.339023,27.754708],[113.332354,27.754824],[113.323756,27.747121],[113.317989,27.747027],[113.313136,27.757104],[113.297846,27.765543],[113.292382,27.765676],[113.291643,27.758766],[113.279153,27.752762],[113.271405,27.756389],[113.265941,27.765733],[113.246063,27.759329],[113.229339,27.77725],[113.210668,27.78344],[113.215707,27.771563],[113.192,27.764408],[113.181633,27.772363],[113.172134,27.768358],[113.175094,27.761015],[113.168312,27.754969],[113.154568,27.761367],[113.14527,27.76973],[113.14389,27.767451],[113.134585,27.772055],[113.129003,27.772054],[113.127614,27.76183],[113.114109,27.759319],[113.107692,27.785672]]]}},{"type":"Feature","properties":{"id":"cn:430204","name":"石峰区","level":2},"geometry":{"type":"Polygon","coordinates":[[[113.032711,27.868743],[113.040603,27.879611],[113.042615,27.894201],[113.055539,27.91405],[113.063387,27.941746],[113.080835,27.953252],[113.094333,27.937885],[113.10277,27.936173],[113.116243,27.917451],[113.129923,27.916848],[113.133551,27.930685],[113.12712,27.933729],[113.124047,27.943159],[113.132718,27.947601],[113.129641,27.9566],[113.140704,27.957056],[113.147919,27.967117],[113.1564,27.971754],[113.14725,27.976982],[113.142814,27.995474],[113.15488,28.003273],[113.157796,27.999316],[113.162285,27.999474],[113.164611,28.004074],[113.158291,28.009939],[113.161382,28.015526],[113.170053,28.018266],[113.185062,28.013932],[113.202718,28.014682],[113.208222,28.027842],[113.21218,28.022274],[113.220869,28.023738],[113.222493,28.017747],[113.235713,28.013002],[113.244576,28.023009],[113.249732,28.022111],[113.249125,28.001089],[113.251885,27.997805],[113.248739,27.992518],[113.25203,27.990065],[113.233883,27.971962],[113.224592,27.972435],[113.219296,27.980941],[113.189889,27.958596],[113.191336,27.946375],[113.1979,27.948349],[113.202901,27.942553],[113.210105,27.942623],[113.20636,27.940922],[113.210186,27.938731],[113.205287,27.939218],[113.194137,27.926702],[113.189702,27.925842],[113.191686,27.923645],[113.187724,27.914769],[113.191595,27.906658],[113.186995,27.898608],[113.18006,27.894621],[113.164968,27.89888],[113.163614,27.890233],[113.157806,27.886002],[113.155048,27.871346],[113.147784,27.870825],[113.125136,27.857882],[113.121602,27.850928],[113.102998,27.849957],[113.060057,27.857007],[113.040628,27.8496],[113.036999,27.865041],[113.032711,27.868743]]]}},{"type":"Feature","properties":{"id":"cn:430211","name":"天元区","level":2},"geometry":{"type":"Polygon","coordinates":[[[112.988247,27.671976],[112.989514,27.679903],[113.004872,27.690297],[113.020522,27.714239],[113.044661,27.714185],[113.05316,27.73026],[113.044226,27.732123],[113.045917,27.735409],[113.043224,27.738393],[113.035734,27.732628],[113.032421,27.741155],[113.02583,27.738852],[113.018515,27.741886],[113.023856,27.755292],[113.03215,27.762282],[113.033514,27.767171],[113.02892,27.769858],[113.017354,27.795053],[113.011433,27.79965],[113.004925,27.798172],[112.996266,27.804389],[112.996739,27.813712],[113.006817,27.826173],[113.032414,27.846494],[113.060057,27.857007],[113.098392,27.850154],[113.120032,27.851744],[113.136102,27.841061],[113.142793,27.829689],[113.140623,27.807187],[113.137338,27.801221],[113.110977,27.793239],[113.107692,27.785672],[113.114109,27.759319],[113.131583,27.727493],[113.131407,27.719807],[113.100443,27.650338],[113.109309,27.600039],[113.11685,27.581283],[113.104005,27.567997],[113.098647,27.571698],[113.093123,27.569544],[113.088123,27.558799],[113.073621,27.545236],[113.03995,27.520018],[113.031388,27.522614],[113.03125,27.540043],[113.018516,27.551673],[113.023128,27.5596],[113.045226,27.56529],[113.042463,27.567958],[113.046572,27.576979],[113.01499,27.615804],[113.021299,27.622133],[113.034749,27.627295],[113.032079,27.635487],[113.018231,27.646857],[113.020421,27.653277],[113.0258,27.656651],[113.021604,27.662217],[113.011984,27.66407],[112.996312,27.656039],[112.988247,27.671976]]]}},{"type":"Feature","properties":{"id":"cn:430212","name":"渌口区","level":2},"geometry":{"type":"Polygon","coordinates":[[[112.96396,27.515036],[112.969802,27.529673],[112.970685,27.547961],[112.975803,27.548184],[112.967293,27.558161],[112.966685,27.572165],[112.975703,27.580481],[112.98248,27.580979],[113.003401,27.602012],[112.993184,27.610142],[112.991544,27.620162],[112.996946,27.625005],[113.001737,27.625229],[113.01499,27.615804],[113.046572,27.576979],[113.042463,27.567958],[113.045226,27.56529],[113.019566,27.556533],[113.020836,27.547364],[113.03125,27.540043],[113.031388,27.522614],[113.034205,27.520239],[113.047409,27.523277],[113.088123,27.558799],[113.093123,27.569544],[113.098647,27.571698],[113.104005,27.567997],[113.11685,27.581283],[113.109309,27.600039],[113.105,27.632963],[113.100055,27.645697],[113.109061,27.674369],[113.131407,27.719807],[113.128435,27.735926],[113.114109,27.759319],[113.127614,27.76183],[113.129003,27.772054],[113.142096,27.77042],[113.14389,27.767451],[113.14527,27.76973],[113.154568,27.761367],[113.168312,27.754969],[113.175094,27.761015],[113.172134,27.768358],[113.181633,27.772363],[113.192,27.764408],[113.215707,27.771563],[113.210668,27.78344],[113.229339,27.77725],[113.246063,27.759329],[113.253259,27.759695],[113.264092,27.765983],[113.276348,27.753059],[113.291643,27.758766],[113.290337,27.748598],[113.297792,27.726824],[113.285959,27.725214],[113.282197,27.716968],[113.273362,27.708973],[113.27517,27.701836],[113.267541,27.693863],[113.251077,27.695278],[113.248558,27.688349],[113.244973,27.686988],[113.239017,27.692398],[113.219914,27.689806],[113.211242,27.682089],[113.203665,27.665565],[113.198793,27.629539],[113.193026,27.623496],[113.172506,27.621878],[113.171711,27.615297],[113.164855,27.609268],[113.166919,27.596885],[113.179134,27.58805],[113.184272,27.565644],[113.193829,27.549624],[113.204359,27.539285],[113.203161,27.534302],[113.19389,27.528465],[113.189263,27.516345],[113.18073,27.507008],[113.177397,27.494808],[113.183752,27.487038],[113.19454,27.483122],[113.219176,27.493256],[113.22876,27.490337],[113.238299,27.4681],[113.247015,27.457877],[113.254124,27.453046],[113.288777,27.450099],[113.295522,27.444139],[113.311508,27.405578],[113.308497,27.394827],[113.287372,27.388686],[113.27737,27.375434],[113.270137,27.372814],[113.252513,27.348862],[113.234363,27.343073],[113.214457,27.342047],[113.198038,27.335379],[113.192071,27.328106],[113.204264,27.317371],[113.200244,27.29935],[113.205569,27.287592],[113.216281,27.28349],[113.225993,27.284507],[113.231346,27.277906],[113.225573,27.248701],[113.220895,27.243238],[113.207541,27.240664],[113.177293,27.244133],[113.164271,27.236109],[113.141537,27.254611],[113.12744,27.23279],[113.121711,27.2105],[113.109688,27.208755],[113.101832,27.223173],[113.104627,27.224862],[113.102796,27.22754],[113.082067,27.238614],[113.086798,27.241411],[113.076641,27.25703],[113.079446,27.258267],[113.076529,27.261431],[113.080062,27.269569],[113.074723,27.271052],[113.062649,27.284092],[113.054151,27.285457],[113.044376,27.292047],[113.038126,27.312818],[113.042883,27.317535],[113.042874,27.324882],[113.036798,27.330335],[113.02685,27.332466],[113.026668,27.347318],[113.036355,27.354953],[113.019594,27.3705],[113.015696,27.379797],[113.018499,27.389041],[112.996424,27.396053],[112.990438,27.403081],[112.988726,27.4104],[112.993682,27.438927],[112.981864,27.453895],[112.981016,27.472678],[112.970281,27.471624],[112.965925,27.478598],[112.968389,27.484177],[112.979597,27.491788],[112.982033,27.50203],[112.970296,27.504652],[112.96396,27.515036]]]}},{"type":"Feature","properties":{"id":"cn:430223","name":"攸县","level":2},"geometry":{"type":"Polygon","coordinates":[[[113.159489,27.103766],[113.16224,27.129387],[113.187101,27.138524],[113.188603,27.144479],[113.21382,27.13505],[113.22086,27.141836],[113.229896,27.144309],[113.230434,27.148551],[113.239202,27.143342],[113.240331,27.154933],[113.246025,27.162881],[113.252197,27.163497],[113.252544,27.1762],[113.266754,27.17069],[113.275704,27.171183],[113.278308,27.181952],[113.274948,27.193859],[113.257691,27.220374],[113.249775,27.226951],[113.249967,27.232657],[113.242795,27.242748],[113.226225,27.240652],[113.220895,27.243238],[113.225573,27.248701],[113.231346,27.277906],[113.225993,27.284507],[113.216281,27.28349],[113.205569,27.287592],[113.200244,27.29935],[113.204264,27.317371],[113.191827,27.327537],[113.198038,27.335379],[113.214457,27.342047],[113.234363,27.343073],[113.252513,27.348862],[113.270937,27.373561],[113.27737,27.375434],[113.291304,27.391392],[113.307084,27.393707],[113.311136,27.402872],[113.312007,27.388315],[113.318446,27.378017],[113.327718,27.377639],[113.345582,27.384287],[113.356138,27.38382],[113.364706,27.387396],[113.375218,27.417064],[113.385738,27.425339],[113.391224,27.426127],[113.399037,27.420552],[113.419367,27.416448],[113.440616,27.40492],[113.451893,27.403712],[113.465652,27.395207],[113.478455,27.396886],[113.49165,27.387956],[113.507092,27.387155],[113.523082,27.392756],[113.530799,27.404429],[113.5379,27.430173],[113.551841,27.435912],[113.587909,27.413245],[113.60611,27.414503],[113.626511,27.409497],[113.624391,27.4045],[113.614311,27.402378],[113.597292,27.389228],[113.599011,27.369004],[113.611293,27.348873],[113.62053,27.346689],[113.63921,27.353794],[113.652292,27.350868],[113.666736,27.336676],[113.673915,27.334972],[113.694271,27.335393],[113.712491,27.345708],[113.717248,27.352303],[113.735252,27.350679],[113.743629,27.35814],[113.757405,27.364152],[113.777778,27.365476],[113.798507,27.371384],[113.820868,27.368314],[113.867378,27.388305],[113.870937,27.385499],[113.867674,27.350191],[113.849366,27.308671],[113.853108,27.30219],[113.86388,27.299967],[113.867361,27.293487],[113.864089,27.283891],[113.8546,27.27255],[113.847769,27.238209],[113.841875,27.225896],[113.822422,27.204134],[113.809314,27.177687],[113.773906,27.14053],[113.769566,27.128054],[113.743698,27.12431],[113.734644,27.118029],[113.731597,27.106734],[113.721242,27.103303],[113.700834,27.102858],[113.669914,27.08219],[113.637796,27.07448],[113.617423,27.050329],[113.602015,27.038946],[113.544506,27.017293],[113.531538,27.004131],[113.509073,26.988384],[113.502988,26.962109],[113.500193,26.959535],[113.484308,26.963591],[113.47679,26.947757],[113.456747,26.948177],[113.42829,26.963822],[113.410675,26.957945],[113.411069,26.954592],[113.417091,26.953],[113.410547,26.941998],[113.372591,26.939393],[113.36919,26.936176],[113.362799,26.926606],[113.362297,26.917782],[113.371933,26.899764],[113.36245,26.895089],[113.360549,26.890844],[113.362555,26.871619],[113.349386,26.864898],[113.362476,26.830675],[113.369786,26.82582],[113.380818,26.825707],[113.389646,26.814152],[113.388509,26.808034],[113.378649,26.80034],[113.35792,26.803335],[113.327051,26.813365],[113.320611,26.810911],[113.309422,26.799548],[113.297502,26.773273],[113.282884,26.772967],[113.272494,26.781115],[113.280428,26.798481],[113.268197,26.816461],[113.269369,26.823271],[113.275012,26.828613],[113.251264,26.831817],[113.246784,26.84262],[113.22727,26.86439],[113.221533,26.879802],[113.224823,26.882639],[113.233494,26.881131],[113.237288,26.89271],[113.234102,26.897849],[113.249145,26.903676],[113.249692,26.919145],[113.26193,26.92254],[113.272711,26.93184],[113.27732,26.941758],[113.27002,26.944072],[113.239431,26.941704],[113.229744,26.955121],[113.219996,26.959648],[113.220222,26.971149],[113.215898,26.977892],[113.22121,26.998026],[113.219691,27.003354],[113.21312,27.007076],[113.219292,27.015822],[113.231271,27.018855],[113.230916,27.022914],[113.211106,27.029205],[113.21371,27.03356],[113.210212,27.044129],[113.192347,27.044016],[113.194188,27.054719],[113.190706,27.057592],[113.193667,27.060861],[113.187987,27.079948],[113.16941,27.09209],[113.165791,27.101396],[113.159489,27.103766]]]}},{"type":"Feature","properties":{"id":"cn:430224","name":"茶陵县","level":2},"geometry":{"type":"Polygon","coordinates":[[[113.349386,26.864898],[113.362555,26.871619],[113.360549,26.890844],[113.36245,26.895089],[113.371933,26.899764],[113.362297,26.917782],[113.362799,26.926606],[113.372591,26.939393],[113.410547,26.941998],[113.417091,26.953],[113.411069,26.954592],[113.410675,26.957945],[113.42829,26.963822],[113.456747,26.948177],[113.47679,26.947757],[113.484308,26.963591],[113.500193,26.959535],[113.502988,26.962109],[113.509073,26.988384],[113.531538,27.004131],[113.544506,27.017293],[113.602015,27.038946],[113.617423,27.050329],[113.637796,27.07448],[113.669914,27.08219],[113.700834,27.102858],[113.721242,27.103303],[113.731597,27.106734],[113.734644,27.118029],[113.743698,27.12431],[113.769566,27.128054],[113.766475,27.099762],[113.774523,27.090466],[113.782734,27.089892],[113.79789,27.102767],[113.802231,27.101098],[113.811311,27.050224],[113.815504,27.041212],[113.837761,27.035842],[113.842856,27.020155],[113.858057,27.022],[113.861103,27.019888],[113.866251,26.993637],[113.878864,26.981741],[113.887336,26.968299],[113.916242,26.963627],[113.916095,26.958073],[113.921693,26.952728],[113.898524,26.931789],[113.895869,26.921457],[113.897865,26.914213],[113.885218,26.899089],[113.886129,26.888134],[113.883437,26.883644],[113.887804,26.864372],[113.87224,26.863058],[113.868742,26.85984],[113.853768,26.837351],[113.852701,26.830376],[113.82928,26.807595],[113.831468,26.79966],[113.840661,26.791696],[113.848291,26.772978],[113.851207,26.718295],[113.857405,26.703093],[113.855261,26.667662],[113.862805,26.656565],[113.850921,26.646923],[113.846259,26.638048],[113.852327,26.626067],[113.850912,26.612523],[113.844299,26.604469],[113.817354,26.601739],[113.795687,26.591736],[113.784055,26.561245],[113.773187,26.548419],[113.763604,26.544479],[113.748665,26.543899],[113.721287,26.529906],[113.708153,26.529431],[113.673796,26.514759],[113.666061,26.514368],[113.642285,26.527267],[113.633474,26.520276],[113.629863,26.511086],[113.622095,26.507244],[113.613692,26.514386],[113.601713,26.510334],[113.59173,26.515796],[113.583831,26.515002],[113.585704,26.524304],[113.567632,26.522699],[113.553335,26.553064],[113.556834,26.578741],[113.545775,26.591508],[113.51246,26.602571],[113.507152,26.60327],[113.503613,26.596161],[113.490168,26.587598],[113.481764,26.574608],[113.468041,26.564208],[113.427312,26.561472],[113.421461,26.563607],[113.422666,26.572267],[113.408813,26.590621],[113.396887,26.596958],[113.392121,26.603902],[113.3945,26.608469],[113.405575,26.613394],[113.406496,26.623488],[113.412269,26.632606],[113.411426,26.644558],[113.401904,26.658446],[113.395202,26.661474],[113.394098,26.669834],[113.386416,26.678163],[113.37546,26.699566],[113.379723,26.704977],[113.394987,26.710203],[113.398972,26.715795],[113.422347,26.77303],[113.406912,26.785838],[113.398926,26.800855],[113.388509,26.808034],[113.390454,26.811567],[113.383926,26.823005],[113.380818,26.825707],[113.369786,26.82582],[113.362476,26.830675],[113.349386,26.864898]]]}},{"type":"Feature","properties":{"id":"cn:430225","name":"炎陵县","level":2},"geometry":{"type":"Polygon","coordinates":[[[113.577112,26.378396],[113.577893,26.398194],[113.602416,26.422642],[113.60423,26.429554],[113.597954,26.45191],[113.5837,26.470695],[113.591513,26.478861],[113.591322,26.488081],[113.59831,26.511273],[113.604941,26.510393],[113.613692,26.514386],[113.624967,26.50774],[113.642285,26.527267],[113.666061,26.514368],[113.673796,26.514759],[113.708153,26.529431],[113.721287,26.529906],[113.748665,26.543899],[113.763604,26.544479],[113.773187,26.548419],[113.784055,26.561245],[113.795687,26.591736],[113.817354,26.601739],[113.839524,26.602731],[113.847683,26.607915],[113.853429,26.61787],[113.846416,26.635926],[113.847857,26.642267],[113.862805,26.656565],[113.871981,26.660055],[113.876286,26.657937],[113.879759,26.639388],[113.894767,26.633293],[113.901303,26.619287],[113.933777,26.616448],[113.948004,26.617286],[113.957388,26.62203],[113.96507,26.620148],[113.968256,26.615982],[113.971693,26.619712],[113.991129,26.619044],[114.012379,26.603003],[114.010322,26.594871],[114.014428,26.590819],[114.027752,26.588942],[114.037196,26.58324],[114.055487,26.583913],[114.064254,26.579095],[114.079271,26.581018],[114.102702,26.578265],[114.100497,26.562901],[114.09087,26.551504],[114.09212,26.54445],[114.080877,26.528967],[114.077067,26.503215],[114.066832,26.490641],[114.068012,26.482565],[114.081355,26.481407],[114.092666,26.48736],[114.104733,26.486216],[114.084549,26.457112],[114.080356,26.426661],[114.083265,26.414681],[114.080035,26.409464],[114.071077,26.407361],[114.066285,26.413052],[114.058681,26.41065],[114.044532,26.39436],[114.03764,26.393514],[114.030938,26.380604],[114.025244,26.379909],[114.026537,26.372568],[114.034333,26.364678],[114.03218,26.357741],[114.03442,26.348933],[114.042232,26.340606],[114.033169,26.333152],[114.030296,26.326652],[114.036441,26.312785],[114.021901,26.301775],[114.016303,26.291822],[114.019072,26.275411],[114.023994,26.269614],[113.979281,26.246487],[113.973724,26.241123],[113.975009,26.229821],[113.966381,26.222718],[113.968368,26.211637],[113.964905,26.205496],[113.944358,26.196087],[113.937422,26.183006],[113.925113,26.1762],[113.911841,26.174762],[113.909376,26.162195],[113.8977,26.151477],[113.891337,26.138937],[113.85507,26.122707],[113.844402,26.110916],[113.839845,26.09904],[113.819489,26.087392],[113.808733,26.087215],[113.798048,26.105797],[113.786243,26.10756],[113.775383,26.09693],[113.775557,26.069363],[113.745314,26.0448],[113.734593,26.043341],[113.723239,26.049698],[113.703699,26.069029],[113.68791,26.099099],[113.694732,26.124732],[113.721781,26.140211],[113.731113,26.162592],[113.733317,26.186449],[113.722241,26.223349],[113.703092,26.23739],[113.672954,26.250657],[113.652563,26.27382],[113.638823,26.271443],[113.609933,26.282422],[113.611756,26.311782],[113.594899,26.327723],[113.587208,26.363746],[113.577112,26.378396]]]}},{"type":"Feature","properties":{"id":"cn:430281","name":"醴陵市","level":2},"geometry":{"type":"Polygon","coordinates":[[[113.164855,27.609268],[113.171711,27.615297],[113.172506,27.621878],[113.193026,27.623496],[113.198793,27.629539],[113.203665,27.665565],[113.211242,27.682089],[113.219914,27.689806],[113.239017,27.692398],[113.244973,27.686988],[113.248558,27.688349],[113.251077,27.695278],[113.267541,27.693863],[113.27517,27.701836],[113.273362,27.708973],[113.282197,27.716968],[113.285959,27.725214],[113.297792,27.726824],[113.290109,27.750229],[113.292382,27.765676],[113.313136,27.757104],[113.317989,27.747027],[113.325145,27.747653],[113.332354,27.754824],[113.339023,27.754708],[113.34251,27.758095],[113.346615,27.767869],[113.342967,27.790272],[113.354288,27.792655],[113.356456,27.798334],[113.353561,27.851233],[113.365669,27.855762],[113.394133,27.856507],[113.407353,27.860917],[113.410304,27.875888],[113.409124,27.890259],[113.418317,27.900789],[113.440339,27.898818],[113.452163,27.901822],[113.456379,27.92017],[113.474886,27.929313],[113.478185,27.939181],[113.482768,27.942185],[113.505513,27.940372],[113.515946,27.945674],[113.520312,27.963292],[113.527716,27.961933],[113.562247,27.968255],[113.569122,27.964515],[113.572768,27.943241],[113.56697,27.940841],[113.56401,27.932562],[113.568402,27.922187],[113.565989,27.915266],[113.571954,27.902546],[113.584991,27.89512],[113.591849,27.906411],[113.589834,27.914766],[113.596761,27.917052],[113.628516,27.89924],[113.64244,27.881494],[113.649497,27.881254],[113.650044,27.885664],[113.655209,27.888331],[113.666728,27.880252],[113.691441,27.87326],[113.715495,27.888709],[113.724844,27.888021],[113.722405,27.87938],[113.725955,27.87243],[113.746207,27.86631],[113.752882,27.860094],[113.754633,27.843082],[113.75179,27.838387],[113.75797,27.833509],[113.762135,27.820423],[113.757674,27.802582],[113.725668,27.777772],[113.695921,27.748104],[113.690808,27.722235],[113.668118,27.703296],[113.646684,27.66704],[113.606429,27.638395],[113.602318,27.638396],[113.596305,27.589284],[113.573403,27.548616],[113.57421,27.535061],[113.581537,27.525786],[113.605041,27.517975],[113.617095,27.530283],[113.618118,27.523075],[113.622398,27.521048],[113.62323,27.515669],[113.616958,27.507091],[113.621628,27.501459],[113.608337,27.487553],[113.608969,27.480903],[113.598754,27.478666],[113.59436,27.473354],[113.586294,27.471092],[113.594254,27.453774],[113.592344,27.43222],[113.596443,27.423839],[113.601494,27.42098],[113.618072,27.42111],[113.621308,27.417038],[113.619133,27.412905],[113.587909,27.413245],[113.551841,27.435912],[113.5379,27.430173],[113.530799,27.404429],[113.523082,27.392756],[113.497761,27.386855],[113.49165,27.387956],[113.481251,27.396239],[113.465652,27.395207],[113.451893,27.403712],[113.440616,27.40492],[113.419367,27.416448],[113.399037,27.420552],[113.391224,27.426127],[113.385738,27.425339],[113.375218,27.417064],[113.364706,27.387396],[113.327718,27.377639],[113.318446,27.378017],[113.312007,27.388315],[113.311508,27.405578],[113.305947,27.423449],[113.295522,27.444139],[113.288777,27.450099],[113.254124,27.453046],[113.238299,27.4681],[113.233178,27.4843],[113.223587,27.493431],[113.19454,27.483122],[113.183752,27.487038],[113.177397,27.494808],[113.18073,27.507008],[113.189263,27.516345],[113.19389,27.528465],[113.203161,27.534302],[113.204359,27.539285],[113.193829,27.549624],[113.184272,27.565644],[113.179134,27.58805],[113.166919,27.596885],[113.164855,27.609268]]]}},{"type":"Feature","properties":{"id":"cn:4303","name":"湘潭市","level":1},"geometry":{"type":"Polygon","coordinates":[[[111.994168,27.911183],[112.007153,27.912452],[112.010591,27.909095],[112.024888,27.917643],[112.02678,27.911666],[112.030217,27.916706],[112.038429,27.915363],[112.046485,27.923218],[112.055356,27.923342],[112.082015,27.911535],[112.08915,27.897599],[112.112545,27.900771],[112.123325,27.915805],[112.129245,27.915758],[112.131902,27.90886],[112.143881,27.911188],[112.155017,27.920096],[112.151111,27.927207],[112.153203,27.931537],[112.16066,27.937036],[112.166663,27.936872],[112.167795,27.943954],[112.176423,27.941656],[112.177431,27.950343],[112.192604,27.973704],[112.195174,27.963182],[112.205547,27.957029],[112.215868,27.966838],[112.214835,27.972693],[112.217578,27.974768],[112.224827,27.965157],[112.239774,27.967028],[112.252161,27.96248],[112.299497,27.975093],[112.310009,27.961669],[112.324557,27.967203],[112.333455,27.961085],[112.340486,27.960872],[112.346962,27.964364],[112.348394,27.968874],[112.365433,27.973231],[112.37625,27.971471],[112.384826,27.964993],[112.396649,27.969507],[112.401623,27.966152],[112.401632,27.973046],[112.404522,27.965191],[112.410087,27.995076],[112.406032,27.994574],[112.402838,27.999206],[112.39276,27.999345],[112.392231,28.003986],[112.402821,28.004871],[112.409157,28.017358],[112.404384,28.034752],[112.407587,28.043834],[112.412577,28.048916],[112.416215,28.047109],[112.41796,28.053543],[112.426841,28.05728],[112.439619,28.060585],[112.453499,28.055126],[112.467518,28.063423],[112.473352,28.061687],[112.480704,28.04351],[112.51094,28.0222],[112.505757,28.020326],[112.502814,28.014283],[112.507008,27.997313],[112.527971,27.996533],[112.530923,27.982312],[112.534594,27.978666],[112.548534,27.976092],[112.557969,27.98443],[112.562397,27.974139],[112.569749,27.970574],[112.571373,27.962815],[112.582856,27.961542],[112.592483,27.956106],[112.593603,27.950595],[112.588847,27.938579],[112.593682,27.924682],[112.596763,27.921529],[112.601251,27.92236],[112.602431,27.914536],[112.607024,27.911813],[112.604246,27.906559],[112.606347,27.903781],[112.620453,27.899964],[112.630002,27.883287],[112.644107,27.883758],[112.651373,27.901697],[112.645869,27.921988],[112.640504,27.920285],[112.636587,27.926788],[112.649228,27.944955],[112.65527,27.94514],[112.661415,27.939005],[112.681684,27.930455],[112.677093,27.924091],[112.699732,27.926658],[112.710287,27.919046],[112.725479,27.920296],[112.727197,27.923156],[112.723073,27.927021],[112.725478,27.931941],[112.736224,27.933106],[112.738551,27.94976],[112.752866,27.968742],[112.75488,27.984025],[112.760322,27.995031],[112.758135,28.005678],[112.763152,28.009749],[112.76455,28.020735],[112.774862,28.026297],[112.766233,28.038686],[112.781902,28.037894],[112.786919,28.027099],[112.798725,28.029015],[112.802458,28.036403],[112.803153,28.040251],[112.794984,28.047735],[112.777014,28.056147],[112.77159,28.064491],[112.774194,28.076544],[112.796607,28.072757],[112.812892,28.073805],[112.810574,28.063729],[112.820079,28.047423],[112.827475,28.042544],[112.827127,28.028599],[112.8333,28.024893],[112.844029,28.026037],[112.854315,28.007646],[112.855843,28.000006],[112.853213,27.990802],[112.867623,27.993793],[112.869767,28.000775],[112.863621,28.004131],[112.869602,28.008171],[112.875808,28.004853],[112.876876,27.996403],[112.88738,27.998859],[112.886399,27.992015],[112.878369,27.982657],[112.881173,27.977291],[112.893065,27.982267],[112.901164,27.974576],[112.90915,27.981223],[112.917449,27.97825],[112.923812,27.980444],[112.925106,27.983364],[112.921112,27.984473],[112.922943,27.987082],[112.930297,27.988955],[112.932449,27.985105],[112.93494,27.986079],[112.932206,27.995891],[112.922649,27.996611],[112.929897,28.005365],[112.928031,28.018777],[112.933187,28.022729],[112.940262,28.018237],[112.95133,28.00241],[112.986502,27.97922],[112.99757,27.968491],[113.006703,27.975908],[113.015088,27.976987],[113.018725,27.981551],[113.017171,27.988544],[113.024714,27.986319],[113.022111,27.98323],[113.023604,27.978928],[113.029628,27.97937],[113.024471,27.996588],[113.035939,28.009408],[113.068525,28.013055],[113.085097,27.993033],[113.067657,27.9746],[113.076477,27.967423],[113.085106,27.968254],[113.081416,27.954474],[113.063387,27.941746],[113.055539,27.91405],[113.042615,27.894201],[113.040603,27.879611],[113.033231,27.871068],[113.040628,27.8496],[113.013609,27.83218],[112.996289,27.811276],[112.998166,27.802054],[113.005757,27.797964],[113.012376,27.799335],[113.017354,27.795053],[113.02892,27.769858],[113.033514,27.767171],[113.03215,27.762282],[113.023856,27.755292],[113.018515,27.741886],[113.02583,27.738852],[113.032421,27.741155],[113.035734,27.732628],[113.043224,27.738393],[113.045917,27.735409],[113.044226,27.732123],[113.05316,27.73026],[113.044661,27.714185],[113.020522,27.714239],[113.004872,27.690297],[112.988918,27.678538],[112.988408,27.670681],[112.996312,27.656039],[113.011984,27.66407],[113.02316,27.660722],[113.02577,27.655127],[113.020421,27.653277],[113.018231,27.646857],[113.032079,27.635487],[113.03478,27.628653],[113.033095,27.624782],[113.021299,27.622133],[113.016066,27.615881],[113.001187,27.625452],[112.993253,27.622959],[112.993451,27.609414],[113.003401,27.602012],[112.98248,27.580979],[112.975703,27.580481],[112.966685,27.572165],[112.967293,27.558161],[112.975803,27.548184],[112.970685,27.547961],[112.969802,27.529673],[112.96396,27.515036],[112.970296,27.504652],[112.976485,27.50506],[112.982161,27.501095],[112.979597,27.491788],[112.968389,27.484177],[112.966008,27.477866],[112.970281,27.471624],[112.981016,27.472678],[112.981864,27.453895],[112.988925,27.447143],[112.989872,27.441618],[112.972649,27.442555],[112.919767,27.422355],[112.916451,27.413308],[112.919584,27.370557],[112.914845,27.360088],[112.89422,27.364118],[112.864593,27.359576],[112.858526,27.354656],[112.847606,27.3585],[112.831468,27.358343],[112.825262,27.351498],[112.826893,27.342217],[112.816086,27.341657],[112.810253,27.347128],[112.801095,27.341575],[112.794359,27.347649],[112.800826,27.352071],[112.798369,27.365384],[112.790965,27.367666],[112.784958,27.365342],[112.768647,27.379639],[112.76705,27.394624],[112.754819,27.407301],[112.745566,27.402534],[112.730313,27.404813],[112.722007,27.3982],[112.701485,27.410584],[112.67961,27.409554],[112.678413,27.416137],[112.672457,27.42109],[112.6731,27.432284],[112.681868,27.440487],[112.685262,27.457499],[112.67001,27.45723],[112.666764,27.460268],[112.655756,27.455287],[112.646162,27.461785],[112.6431,27.467601],[112.634281,27.463287],[112.625192,27.46971],[112.612571,27.471631],[112.603065,27.459472],[112.587814,27.459061],[112.5885,27.45264],[112.583474,27.448973],[112.580227,27.438229],[112.572788,27.437161],[112.561607,27.445214],[112.546954,27.434895],[112.549229,27.428337],[112.54284,27.428255],[112.533508,27.420086],[112.52639,27.427668],[112.525652,27.433643],[112.51659,27.432531],[112.495487,27.44911],[112.467467,27.461419],[112.4581,27.486484],[112.450392,27.497341],[112.439365,27.494785],[112.436349,27.498485],[112.424435,27.501604],[112.428519,27.506291],[112.427133,27.515844],[112.431884,27.515469],[112.42144,27.529201],[112.411913,27.530808],[112.400386,27.527545],[112.401126,27.521793],[112.393772,27.513974],[112.397061,27.508246],[112.386873,27.504501],[112.388481,27.496392],[112.36811,27.489699],[112.362689,27.48444],[112.352836,27.486688],[112.350913,27.493347],[112.348917,27.490703],[112.342744,27.491055],[112.338873,27.500834],[112.333956,27.496867],[112.328294,27.498929],[112.320852,27.492338],[112.31856,27.495092],[112.321594,27.496996],[112.316871,27.499632],[112.307249,27.494775],[112.302131,27.495436],[112.299734,27.505173],[112.295362,27.507149],[112.300004,27.532456],[112.308252,27.540575],[112.324724,27.567185],[112.3287,27.584611],[112.326738,27.601146],[112.321876,27.608508],[112.28481,27.630225],[112.278396,27.636904],[112.276381,27.646553],[112.307936,27.654238],[112.309568,27.667543],[112.315053,27.678536],[112.31021,27.689116],[112.289906,27.707551],[112.263014,27.704207],[112.239586,27.713856],[112.23327,27.690964],[112.22662,27.690852],[112.22441,27.682021],[112.215613,27.673884],[112.212559,27.67391],[112.210866,27.679479],[112.200887,27.673145],[112.200783,27.654634],[112.19383,27.657529],[112.170495,27.653389],[112.17015,27.657499],[112.159852,27.663602],[112.150961,27.652164],[112.145159,27.656493],[112.141339,27.666994],[112.134418,27.670118],[112.128905,27.664724],[112.12982,27.65899],[112.117533,27.648504],[112.109748,27.64955],[112.106868,27.657092],[112.098547,27.656464],[112.085542,27.64546],[112.072341,27.648875],[112.066267,27.659373],[112.061227,27.660642],[112.065254,27.672736],[112.058319,27.673755],[112.05688,27.681562],[112.052376,27.683538],[112.047012,27.679278],[112.044787,27.682743],[112.041604,27.678078],[112.04187,27.6893],[112.048033,27.694702],[112.043471,27.699016],[112.044646,27.704288],[112.039135,27.705696],[112.039683,27.709515],[112.047788,27.717284],[112.066063,27.723792],[112.077572,27.718331],[112.086382,27.719445],[112.085595,27.722639],[112.075803,27.725719],[112.080084,27.735925],[112.086217,27.738045],[112.092868,27.734543],[112.096658,27.729017],[112.096179,27.722009],[112.100663,27.720244],[112.105196,27.741832],[112.125091,27.750548],[112.106928,27.765112],[112.095043,27.767895],[112.097695,27.775961],[112.093197,27.781659],[112.100774,27.793766],[112.095488,27.810507],[112.090835,27.81465],[112.081277,27.816967],[112.071164,27.809187],[112.061329,27.807603],[112.041199,27.820266],[112.034879,27.842723],[112.025596,27.843468],[112.021347,27.838434],[112.012831,27.845335],[112.007692,27.856819],[112.007709,27.878721],[111.994168,27.911183]]]}},{"type":"Feature","properties":{"id":"cn:430302","name":"雨湖区","level":2},"geometry":{"type":"MultiPolygon","coordinates":[[[[112.715611,27.879253],[112.719248,27.893731],[112.724227,27.895644],[112.722312,27.907347],[112.715981,27.918836],[112.726911,27.921581],[112.723073,27.927021],[112.725964,27.932447],[112.732908,27.931568],[112.737536,27.935287],[112.738551,27.94976],[112.754038,27.97266],[112.75488,27.984025],[112.760322,27.995031],[112.758135,28.005678],[112.763152,28.009749],[112.76455,28.020735],[112.774862,28.026297],[112.766233,28.038686],[112.781902,28.037894],[112.786919,28.027099],[112.798725,28.029015],[112.802458,28.036403],[112.803153,28.040251],[112.794984,28.047735],[112.777014,28.056147],[112.77159,28.064491],[112.774194,28.076544],[112.796607,28.072757],[112.812892,28.073805],[112.810574,28.063729],[112.820079,28.047423],[112.827475,28.042544],[112.827127,28.028599],[112.8333,28.024893],[112.844029,28.026037],[112.854315,28.007646],[112.853925,27.990196],[112.867623,27.993793],[112.869767,28.000775],[112.863621,28.004131],[112.869602,28.008171],[112.875808,28.004853],[112.876876,27.996403],[112.884967,27.999523],[112.888178,27.997243],[112.878369,27.982657],[112.880271,27.977781],[112.889064,27.982414],[112.894871,27.981622],[112.899246,27.974764],[112.90915,27.981223],[112.920132,27.978913],[112.924662,27.981177],[112.921112,27.984473],[112.922943,27.987082],[112.930297,27.988955],[112.933039,27.985097],[112.935808,27.987516],[112.932206,27.995891],[112.922649,27.996611],[112.930427,28.00746],[112.928031,28.018777],[112.934333,28.022686],[112.949706,28.003868],[112.991338,27.975372],[113.00411,27.959981],[113.003057,27.94675],[112.993249,27.937994],[112.979368,27.93318],[112.971728,27.927049],[112.961755,27.909459],[112.955636,27.888751],[112.947094,27.876078],[112.886408,27.842513],[112.881911,27.82162],[112.890505,27.801972],[112.873175,27.80431],[112.866803,27.818212],[112.857576,27.825026],[112.837075,27.824486],[112.820264,27.834236],[112.796156,27.840524],[112.782475,27.847746],[112.772095,27.84699],[112.746987,27.824424],[112.738361,27.836701],[112.745547,27.848495],[112.729546,27.85464],[112.728157,27.862458],[112.715611,27.879253]]],[[[112.696772,27.850887],[112.702799,27.863143],[112.711907,27.86303],[112.711797,27.859856],[112.703363,27.857368],[112.710006,27.855698],[112.710259,27.852943],[112.702011,27.854632],[112.699737,27.85011],[112.696772,27.850887]]],[[[112.642583,27.849849],[112.648434,27.855283],[112.661927,27.857661],[112.664549,27.842257],[112.652274,27.837483],[112.649601,27.847369],[112.642583,27.849849]]],[[[112.662655,27.827277],[112.667922,27.829119],[112.669397,27.824391],[112.66444,27.823393],[112.662655,27.827277]]],[[[112.667709,27.83862],[112.675454,27.842866],[112.680213,27.834923],[112.672502,27.832794],[112.667709,27.83862]]],[[[112.651685,27.818307],[112.651945,27.823702],[112.660916,27.822588],[112.651685,27.818307]]]]}},{"type":"Feature","properties":{"id":"cn:430304","name":"岳塘区","level":2},"geometry":{"type":"Polygon","coordinates":[[[112.881695,27.824751],[112.888543,27.845237],[112.931651,27.865724],[112.950262,27.879578],[112.962753,27.91167],[112.97389,27.930027],[112.993249,27.937994],[113.003057,27.94675],[113.00411,27.959981],[112.99757,27.968491],[113.006703,27.975908],[113.015088,27.976987],[113.018725,27.981551],[113.017171,27.988544],[113.024714,27.986319],[113.022111,27.98323],[113.023604,27.978928],[113.029628,27.97937],[113.024471,27.996588],[113.034055,28.008128],[113.065904,28.01406],[113.081121,28.000006],[113.084455,27.990537],[113.067657,27.9746],[113.076477,27.967423],[113.085106,27.968254],[113.081416,27.954474],[113.063387,27.941746],[113.055539,27.91405],[113.042615,27.894201],[113.040603,27.879611],[113.032872,27.869876],[113.036999,27.865041],[113.040628,27.8496],[113.013609,27.83218],[112.998599,27.816101],[112.926612,27.794862],[112.907848,27.794306],[112.890505,27.801972],[112.881695,27.824751]]]}},{"type":"Feature","properties":{"id":"cn:430321","name":"湘潭县","level":2},"geometry":{"type":"Polygon","coordinates":[[[112.415611,27.53054],[112.423651,27.540139],[112.424854,27.569415],[112.430175,27.571397],[112.438981,27.567933],[112.443118,27.573683],[112.447642,27.568429],[112.460088,27.576746],[112.481225,27.579164],[112.49909,27.596255],[112.505314,27.596342],[112.510705,27.589127],[112.519767,27.585823],[112.541755,27.589101],[112.543605,27.572683],[112.548025,27.561912],[112.552359,27.559071],[112.555112,27.560207],[112.558966,27.574125],[112.5642,27.570684],[112.571875,27.574975],[112.579558,27.572377],[112.587248,27.583105],[112.602629,27.579488],[112.613112,27.583218],[112.609628,27.603399],[112.584298,27.627225],[112.579698,27.638077],[112.580626,27.653419],[112.583856,27.658282],[112.601563,27.662959],[112.605852,27.668216],[112.602502,27.681751],[112.586598,27.700409],[112.583638,27.709089],[112.592962,27.715654],[112.617597,27.709339],[112.623891,27.710768],[112.621931,27.720198],[112.631209,27.720902],[112.631955,27.724099],[112.628873,27.731179],[112.618804,27.738228],[112.614073,27.750694],[112.618248,27.774658],[112.629933,27.780203],[112.650603,27.781532],[112.645697,27.79814],[112.637182,27.807275],[112.642309,27.815062],[112.625098,27.819493],[112.619436,27.824056],[112.593221,27.80034],[112.59094,27.811527],[112.595579,27.820494],[112.582761,27.831224],[112.578068,27.848793],[112.578503,27.850897],[112.587147,27.847129],[112.589398,27.857565],[112.600133,27.85554],[112.61028,27.849436],[112.619153,27.857138],[112.622236,27.865279],[112.634119,27.867778],[112.635652,27.883293],[112.644602,27.884218],[112.651659,27.902774],[112.645869,27.921988],[112.640504,27.920285],[112.636587,27.926788],[112.649228,27.944955],[112.65527,27.94514],[112.661415,27.939005],[112.681684,27.930455],[112.677996,27.923714],[112.699732,27.926658],[112.706945,27.919831],[112.715981,27.918836],[112.722312,27.907347],[112.724227,27.895644],[112.719248,27.893731],[112.715611,27.879253],[112.728157,27.862458],[112.729546,27.85464],[112.745547,27.848495],[112.738361,27.836701],[112.746987,27.824424],[112.772095,27.84699],[112.782475,27.847746],[112.796156,27.840524],[112.820264,27.834236],[112.837075,27.824486],[112.857576,27.825026],[112.866803,27.818212],[112.873175,27.80431],[112.890505,27.801972],[112.903379,27.795272],[112.914281,27.793839],[112.936383,27.796611],[112.998599,27.816101],[112.99706,27.803106],[113.005757,27.797964],[113.012376,27.799335],[113.017354,27.795053],[113.02892,27.769858],[113.033514,27.767171],[113.03215,27.762282],[113.023856,27.755292],[113.018515,27.741886],[113.02583,27.738852],[113.032421,27.741155],[113.035734,27.732628],[113.043224,27.738393],[113.045917,27.735409],[113.044226,27.732123],[113.053075,27.73133],[113.045844,27.714997],[113.02066,27.714341],[113.004872,27.690297],[112.988918,27.678538],[112.988408,27.670681],[112.996312,27.656039],[113.011984,27.66407],[113.02316,27.660722],[113.02577,27.655127],[113.020421,27.653277],[113.018231,27.646857],[113.032079,27.635487],[113.03478,27.628653],[113.033095,27.624782],[113.021299,27.622133],[113.016066,27.615881],[113.001187,27.625452],[112.993253,27.622959],[112.993451,27.609414],[113.003401,27.602012],[112.98248,27.580979],[112.975703,27.580481],[112.966685,27.572165],[112.967293,27.558161],[112.975803,27.548184],[112.970685,27.547961],[112.969802,27.529673],[112.96396,27.515036],[112.970296,27.504652],[112.976485,27.50506],[112.982161,27.501095],[112.979597,27.491788],[112.968389,27.484177],[112.966008,27.477866],[112.970281,27.471624],[112.981016,27.472678],[112.981864,27.453895],[112.988925,27.447143],[112.989872,27.441618],[112.972649,27.442555],[112.919767,27.422355],[112.916451,27.413308],[112.919584,27.370557],[112.914845,27.360088],[112.89422,27.364118],[112.864593,27.359576],[112.858526,27.354656],[112.847606,27.3585],[112.831468,27.358343],[112.825262,27.351498],[112.826893,27.342217],[112.816086,27.341657],[112.810253,27.347128],[112.801095,27.341575],[112.794359,27.347649],[112.800826,27.352071],[112.798369,27.365384],[112.790965,27.367666],[112.784958,27.365342],[112.768647,27.379639],[112.76705,27.394624],[112.754819,27.407301],[112.745566,27.402534],[112.730313,27.404813],[112.722007,27.3982],[112.701485,27.410584],[112.680253,27.409059],[112.678413,27.416137],[112.672457,27.42109],[112.6731,27.432284],[112.681268,27.43929],[112.686381,27.456336],[112.67001,27.45723],[112.666764,27.460268],[112.655756,27.455287],[112.640965,27.468148],[112.634281,27.463287],[112.625192,27.46971],[112.612571,27.471631],[112.603065,27.459472],[112.587814,27.459061],[112.5885,27.45264],[112.583474,27.448973],[112.580227,27.438229],[112.572788,27.437161],[112.561607,27.445214],[112.546954,27.434895],[112.549229,27.428337],[112.54284,27.428255],[112.532041,27.420392],[112.525652,27.433643],[112.51659,27.432531],[112.495487,27.44911],[112.467467,27.461419],[112.4581,27.486484],[112.450392,27.497341],[112.439365,27.494785],[112.436349,27.498485],[112.424435,27.501604],[112.428519,27.506291],[112.427133,27.515844],[112.431884,27.515469],[112.424552,27.527536],[112.415611,27.53054]],[[112.660484,27.821535],[112.651289,27.823551],[112.650328,27.819117],[112.660484,27.821535]],[[112.669027,27.827518],[112.664653,27.829528],[112.662975,27.824892],[112.668666,27.823342],[112.669027,27.827518]],[[112.679599,27.833713],[112.675454,27.842866],[112.667709,27.83862],[112.674576,27.832187],[112.679599,27.833713]],[[112.650232,27.856003],[112.642583,27.849849],[112.649601,27.847369],[112.651346,27.838174],[112.663266,27.840049],[112.665005,27.848708],[112.662629,27.856806],[112.650232,27.856003]],[[112.70201,27.862253],[112.697436,27.855271],[112.697711,27.849977],[112.702011,27.854632],[112.710931,27.853993],[112.70323,27.856523],[112.711797,27.859856],[112.711907,27.86303],[112.70201,27.862253]]]}},{"type":"Feature","properties":{"id":"cn:430381","name":"湘乡市","level":2},"geometry":{"type":"Polygon","coordinates":[[[111.994168,27.911183],[112.007153,27.912452],[112.010591,27.909095],[112.024888,27.917643],[112.02678,27.911666],[112.030217,27.916706],[112.038429,27.915363],[112.046485,27.923218],[112.055356,27.923342],[112.082015,27.911535],[112.08915,27.897599],[112.112545,27.900771],[112.123325,27.915805],[112.129245,27.915758],[112.131902,27.90886],[112.143881,27.911188],[112.155017,27.920096],[112.151111,27.927207],[112.153203,27.931537],[112.16066,27.937036],[112.166663,27.936872],[112.167795,27.943954],[112.176423,27.941656],[112.177431,27.950343],[112.192604,27.973704],[112.195174,27.963182],[112.205547,27.957029],[112.215868,27.966838],[112.214835,27.972693],[112.217578,27.974768],[112.224827,27.965157],[112.239774,27.967028],[112.252161,27.96248],[112.299497,27.975093],[112.310009,27.961669],[112.324557,27.967203],[112.333455,27.961085],[112.340486,27.960872],[112.346962,27.964364],[112.348394,27.968874],[112.365433,27.973231],[112.37625,27.971471],[112.384826,27.964993],[112.396649,27.969507],[112.401623,27.966152],[112.401632,27.973046],[112.404522,27.965191],[112.410087,27.995076],[112.406032,27.994574],[112.402838,27.999206],[112.39276,27.999345],[112.392231,28.003986],[112.402821,28.004871],[112.409157,28.017358],[112.404384,28.034752],[112.407587,28.043834],[112.412577,28.048916],[112.416215,28.047109],[112.41796,28.053543],[112.426841,28.05728],[112.439619,28.060585],[112.453499,28.055126],[112.463065,28.062131],[112.471589,28.062995],[112.480704,28.04351],[112.496147,28.03244],[112.486703,28.018216],[112.486591,28.009914],[112.462988,27.991392],[112.459645,27.981706],[112.460288,27.968244],[112.439212,27.965244],[112.443942,27.959964],[112.438567,27.951613],[112.436256,27.954957],[112.428584,27.948083],[112.427477,27.953506],[112.423376,27.952947],[112.423426,27.939899],[112.426317,27.94034],[112.427152,27.93667],[112.425572,27.930673],[112.431553,27.928833],[112.419658,27.915561],[112.402953,27.910869],[112.405043,27.901602],[112.398775,27.893975],[112.403985,27.883777],[112.421177,27.890218],[112.421756,27.88024],[112.435284,27.862102],[112.460016,27.840682],[112.470173,27.843137],[112.47218,27.853594],[112.485698,27.858301],[112.476785,27.860857],[112.475768,27.875787],[112.484378,27.877633],[112.494711,27.884948],[112.503623,27.875605],[112.528405,27.864271],[112.542723,27.870794],[112.551226,27.869851],[112.560739,27.858708],[112.578503,27.850897],[112.582761,27.831224],[112.595579,27.820494],[112.59094,27.811527],[112.59451,27.799576],[112.617536,27.824015],[112.642774,27.814393],[112.637182,27.807275],[112.645697,27.79814],[112.649964,27.780042],[112.633886,27.780959],[112.619863,27.776186],[112.613447,27.756019],[112.618804,27.738228],[112.631225,27.728052],[112.631209,27.720902],[112.622595,27.721097],[112.622545,27.709728],[112.592962,27.715654],[112.583638,27.709089],[112.586598,27.700409],[112.602502,27.681751],[112.605852,27.668216],[112.601563,27.662959],[112.583856,27.658282],[112.580626,27.653419],[112.579698,27.638077],[112.584298,27.627225],[112.609628,27.603399],[112.613112,27.583218],[112.602629,27.579488],[112.587248,27.583105],[112.579558,27.572377],[112.571875,27.574975],[112.5642,27.570684],[112.558966,27.574125],[112.555112,27.560207],[112.552359,27.559071],[112.548025,27.561912],[112.543605,27.572683],[112.541755,27.589101],[112.519767,27.585823],[112.510705,27.589127],[112.505314,27.596342],[112.49909,27.596255],[112.481225,27.579164],[112.460088,27.576746],[112.447642,27.568429],[112.443118,27.573683],[112.438981,27.567933],[112.430175,27.571397],[112.424854,27.569415],[112.421198,27.535131],[112.415611,27.53054],[112.400386,27.527545],[112.401126,27.521793],[112.393772,27.513974],[112.397061,27.508246],[112.386873,27.504501],[112.387798,27.49565],[112.36811,27.489699],[112.360189,27.484063],[112.350974,27.488203],[112.350913,27.493347],[112.348917,27.490703],[112.342744,27.491055],[112.338873,27.500834],[112.333956,27.496867],[112.328294,27.498929],[112.320852,27.492338],[112.31856,27.495092],[112.321594,27.496996],[112.316871,27.499632],[112.305924,27.494457],[112.30087,27.49606],[112.299734,27.505173],[112.295332,27.507941],[112.300004,27.532456],[112.308252,27.540575],[112.324724,27.567185],[112.3287,27.584611],[112.326738,27.601146],[112.321876,27.608508],[112.28481,27.630225],[112.278396,27.636904],[112.276381,27.646553],[112.307936,27.654238],[112.309568,27.667543],[112.315053,27.678536],[112.31021,27.689116],[112.289906,27.707551],[112.263014,27.704207],[112.239586,27.713856],[112.23327,27.690964],[112.22662,27.690852],[112.22441,27.682021],[112.215613,27.673884],[112.212559,27.67391],[112.210866,27.679479],[112.200887,27.673145],[112.200783,27.654634],[112.19383,27.657529],[112.170495,27.653389],[112.17015,27.657499],[112.159852,27.663602],[112.150961,27.652164],[112.145159,27.656493],[112.141339,27.666994],[112.134418,27.670118],[112.128905,27.664724],[112.12982,27.65899],[112.117533,27.648504],[112.109748,27.64955],[112.106868,27.657092],[112.098547,27.656464],[112.085542,27.64546],[112.072341,27.648875],[112.066267,27.659373],[112.061227,27.660642],[112.065254,27.672736],[112.058319,27.673755],[112.05688,27.681562],[112.052376,27.683538],[112.047012,27.679278],[112.044787,27.682743],[112.041604,27.678078],[112.04187,27.6893],[112.048033,27.694702],[112.043471,27.699016],[112.044646,27.704288],[112.039135,27.705696],[112.039683,27.709515],[112.047788,27.717284],[112.066063,27.723792],[112.077572,27.718331],[112.086382,27.719445],[112.085595,27.722639],[112.075803,27.725719],[112.080084,27.735925],[112.086217,27.738045],[112.092868,27.734543],[112.096658,27.729017],[112.096179,27.722009],[112.100663,27.720244],[112.105196,27.741832],[112.125091,27.750548],[112.106928,27.765112],[112.095043,27.767895],[112.097695,27.775961],[112.093197,27.781659],[112.100774,27.793766],[112.095488,27.810507],[112.090835,27.81465],[112.081277,27.816967],[112.071164,27.809187],[112.061329,27.807603],[112.041199,27.820266],[112.034879,27.842723],[112.025596,27.843468],[112.021347,27.838434],[112.012831,27.845335],[112.007692,27.856819],[112.007709,27.878721],[111.994168,27.911183]]]}},{"type":"Feature","properties":{"id":"cn:430382","name":"韶山市","level":2},"geometry":{"type":"Polygon","coordinates":[[[112.398775,27.893975],[112.405043,27.901602],[112.402953,27.910869],[112.419658,27.915561],[112.431553,27.928833],[112.425572,27.930673],[112.427152,27.93667],[112.426317,27.94034],[112.423426,27.939899],[112.423376,27.952947],[112.427477,27.953506],[112.428584,27.948083],[112.436256,27.954957],[112.438567,27.951613],[112.443942,27.959964],[112.439212,27.965244],[112.460288,27.968244],[112.460288,27.986725],[112.467285,27.996651],[112.486591,28.009914],[112.486703,28.018216],[112.496147,28.03244],[112.51094,28.0222],[112.505757,28.020326],[112.502814,28.014283],[112.507008,27.997313],[112.527971,27.996533],[112.530923,27.982312],[112.534594,27.978666],[112.548534,27.976092],[112.557969,27.98443],[112.562397,27.974139],[112.569749,27.970574],[112.571373,27.962815],[112.582856,27.961542],[112.592483,27.956106],[112.593603,27.950595],[112.589037,27.936325],[112.594619,27.923402],[112.601251,27.92236],[112.602431,27.914536],[112.607024,27.911813],[112.604246,27.906559],[112.620453,27.899964],[112.628535,27.883593],[112.635652,27.883293],[112.634119,27.867778],[112.622236,27.865279],[112.620199,27.858628],[112.611905,27.850432],[112.609212,27.849075],[112.600133,27.85554],[112.588063,27.857426],[112.586522,27.846777],[112.560739,27.858708],[112.551226,27.869851],[112.542723,27.870794],[112.528405,27.864271],[112.503623,27.875605],[112.494711,27.884948],[112.484378,27.877633],[112.475768,27.875787],[112.476785,27.860857],[112.485698,27.858301],[112.47218,27.853594],[112.470173,27.843137],[112.460016,27.840682],[112.435284,27.862102],[112.421756,27.88024],[112.421177,27.890218],[112.403985,27.883777],[112.398775,27.893975]]]}},{"type":"Feature","properties":{"id":"cn:4304","name":"衡阳市","level":1},"geometry":{"type":"Polygon","coordinates":[[[111.538274,26.844479],[111.545427,26.850509],[111.547475,26.866876],[111.559176,26.873189],[111.562545,26.887054],[111.572354,26.886126],[111.583821,26.90034],[111.576677,26.916358],[111.577848,26.928632],[111.569307,26.931379],[111.561833,26.938391],[111.571199,26.948608],[111.576173,26.965726],[111.584498,26.970229],[111.58988,26.965133],[111.599212,26.962006],[111.606729,26.963953],[111.616764,26.957799],[111.625401,26.961252],[111.629977,26.967311],[111.644932,26.966726],[111.643882,26.970969],[111.652476,26.99052],[111.646825,26.996814],[111.648621,26.999978],[111.64396,27.007996],[111.646182,27.012243],[111.654238,27.015689],[111.657119,27.02313],[111.655297,27.026966],[111.660158,27.030371],[111.659003,27.03386],[111.671607,27.036533],[111.682249,27.034081],[111.684906,27.040179],[111.691868,27.043089],[111.69383,27.050034],[111.707388,27.055747],[111.715279,27.064953],[111.718447,27.075247],[111.732371,27.064947],[111.751721,27.066672],[111.748031,27.060693],[111.765704,27.062072],[111.772128,27.048632],[111.800905,27.036425],[111.804967,27.041045],[111.803049,27.04909],[111.810618,27.048898],[111.81804,27.039203],[111.812328,27.023388],[111.825757,27.019884],[111.836564,27.012228],[111.856443,27.01281],[111.86429,27.016964],[111.872007,27.009214],[111.871416,27.001221],[111.87685,27.002586],[111.876441,26.991444],[111.884909,26.993241],[111.882625,26.988958],[111.888351,26.983103],[111.883576,26.977878],[111.889264,26.980229],[111.892953,26.972434],[111.892155,26.933159],[111.898717,26.927054],[111.912536,26.938751],[111.921756,26.93926],[111.929541,26.955043],[111.939307,26.95825],[111.960453,26.954804],[111.968344,26.962386],[111.97613,26.962247],[111.979611,26.960744],[111.980939,26.953483],[111.974082,26.945776],[111.995175,26.947068],[112.001573,26.95606],[112.010783,26.958799],[112.016373,26.9697],[112.022771,26.969528],[112.030618,26.975891],[112.03673,26.974288],[112.041521,26.978561],[112.041581,26.990956],[112.037614,26.998938],[112.031955,27.001171],[112.04212,27.002479],[112.044559,27.009722],[112.052103,27.015698],[112.075322,27.011774],[112.082172,27.018543],[112.084082,27.026171],[112.080444,27.030546],[112.081174,27.037135],[112.07238,27.044995],[112.077797,27.051697],[112.070705,27.053926],[112.067806,27.066236],[112.040627,27.077529],[112.050758,27.086747],[112.045558,27.103572],[112.050879,27.118068],[112.040827,27.131908],[112.046843,27.146085],[112.043396,27.15403],[112.049734,27.173296],[112.062823,27.188388],[112.062589,27.192517],[112.065506,27.19431],[112.07107,27.188339],[112.085576,27.188806],[112.086192,27.19326],[112.08068,27.194429],[112.086851,27.197916],[112.082858,27.199607],[112.084273,27.204414],[112.088327,27.205525],[112.086469,27.208833],[112.0889,27.21181],[112.092693,27.212543],[112.095011,27.209436],[112.101504,27.2173],[112.108527,27.213885],[112.107328,27.226176],[112.122876,27.223553],[112.122285,27.230803],[112.127147,27.232771],[112.129655,27.238715],[112.146687,27.241649],[112.154351,27.250011],[112.146921,27.255427],[112.144082,27.262537],[112.144898,27.269028],[112.15199,27.273379],[112.157719,27.282151],[112.148067,27.303368],[112.155263,27.308233],[112.155471,27.311541],[112.147163,27.309481],[112.154473,27.326115],[112.158284,27.327739],[112.169256,27.322843],[112.177693,27.312142],[112.185966,27.314868],[112.189855,27.307825],[112.187155,27.302732],[112.192137,27.299067],[112.19984,27.299809],[112.203067,27.294525],[112.200957,27.286905],[112.21206,27.278856],[112.208527,27.278099],[112.20846,27.272188],[112.221113,27.264171],[112.226609,27.267272],[112.231114,27.276524],[112.232589,27.290291],[112.250011,27.299783],[112.249595,27.313211],[112.26179,27.308377],[112.263613,27.313401],[112.275541,27.315811],[112.275315,27.323177],[112.282353,27.332225],[112.277919,27.343034],[112.29423,27.362018],[112.302971,27.362803],[112.305706,27.370021],[112.315992,27.367248],[112.325506,27.373396],[112.353145,27.365634],[112.355402,27.370178],[112.362467,27.370503],[112.36489,27.367014],[112.362502,27.359242],[112.402876,27.364562],[112.42672,27.357341],[112.43247,27.347738],[112.446287,27.352968],[112.44916,27.350496],[112.449446,27.358997],[112.455357,27.359123],[112.465566,27.376002],[112.468378,27.370776],[112.481147,27.363174],[112.48429,27.366885],[112.48409,27.375173],[112.495487,27.378725],[112.491112,27.390732],[112.493517,27.39417],[112.487641,27.403525],[112.493534,27.400982],[112.499438,27.404583],[112.499081,27.407265],[112.507372,27.406457],[112.501009,27.418571],[112.517007,27.42379],[112.51659,27.432531],[112.525652,27.433643],[112.52639,27.427668],[112.533508,27.420086],[112.54284,27.428255],[112.549229,27.428337],[112.546954,27.434895],[112.561607,27.445214],[112.572788,27.437161],[112.578352,27.437397],[112.581998,27.440527],[112.583474,27.448973],[112.5885,27.45264],[112.587814,27.459061],[112.603065,27.459472],[112.612571,27.471631],[112.625192,27.46971],[112.634281,27.463287],[112.6431,27.467601],[112.646162,27.461785],[112.655756,27.455287],[112.666764,27.460268],[112.67001,27.45723],[112.685262,27.457499],[112.681868,27.440487],[112.6731,27.432284],[112.672457,27.42109],[112.678413,27.416137],[112.67961,27.409554],[112.701485,27.410584],[112.722007,27.3982],[112.730313,27.404813],[112.745566,27.402534],[112.754819,27.407301],[112.76705,27.394624],[112.768647,27.379639],[112.784958,27.365342],[112.790965,27.367666],[112.798369,27.365384],[112.800826,27.352071],[112.794359,27.347649],[112.801095,27.341575],[112.810253,27.347128],[112.816086,27.341657],[112.826893,27.342217],[112.825262,27.351498],[112.831468,27.358343],[112.847606,27.3585],[112.858526,27.354656],[112.864593,27.359576],[112.89422,27.364118],[112.914845,27.360088],[112.919584,27.370557],[112.916451,27.413308],[112.919767,27.422355],[112.972649,27.442555],[112.989428,27.441932],[112.994211,27.436613],[112.988726,27.4104],[112.990438,27.403081],[112.996424,27.396053],[113.018499,27.389041],[113.015696,27.379797],[113.019594,27.3705],[113.036355,27.354953],[113.026668,27.347318],[113.02685,27.332466],[113.036798,27.330335],[113.042874,27.324882],[113.042883,27.317535],[113.038126,27.312818],[113.044376,27.292047],[113.054151,27.285457],[113.062649,27.284092],[113.074723,27.271052],[113.080062,27.269569],[113.076529,27.261431],[113.079446,27.258267],[113.076641,27.25703],[113.086798,27.241411],[113.082067,27.238614],[113.102796,27.22754],[113.104627,27.224862],[113.101832,27.223173],[113.110331,27.208089],[113.121711,27.2105],[113.12744,27.23279],[113.141537,27.254611],[113.164271,27.236109],[113.177293,27.244133],[113.207541,27.240664],[113.220895,27.243238],[113.226225,27.240652],[113.240357,27.244115],[113.249967,27.232657],[113.249775,27.226951],[113.266285,27.209009],[113.278091,27.183417],[113.274661,27.16998],[113.251616,27.175395],[113.252197,27.163497],[113.246025,27.162881],[113.240331,27.154933],[113.239202,27.143342],[113.230434,27.148551],[113.229896,27.144309],[113.210357,27.134649],[113.190357,27.145076],[113.187101,27.138524],[113.16224,27.129387],[113.158465,27.10719],[113.159489,27.103766],[113.165791,27.101396],[113.16941,27.09209],[113.187987,27.079948],[113.193667,27.060861],[113.190706,27.057592],[113.194188,27.054719],[113.192347,27.044016],[113.210212,27.044129],[113.21371,27.03356],[113.211106,27.029205],[113.230916,27.022914],[113.231271,27.018855],[113.219292,27.015822],[113.21312,27.007076],[113.219691,27.003354],[113.22121,26.998026],[113.215898,26.977892],[113.220222,26.971149],[113.219996,26.959648],[113.229744,26.955121],[113.239431,26.941704],[113.27002,26.944072],[113.27732,26.941758],[113.272711,26.93184],[113.26193,26.92254],[113.249692,26.919145],[113.249145,26.903676],[113.234102,26.897849],[113.237288,26.89271],[113.233494,26.881131],[113.224823,26.882639],[113.221533,26.879802],[113.22727,26.86439],[113.246784,26.84262],[113.24899,26.834013],[113.254196,26.831215],[113.252919,26.818905],[113.23247,26.808623],[113.219015,26.817826],[113.218087,26.824326],[113.20069,26.828882],[113.200144,26.833611],[113.168686,26.828672],[113.154788,26.830836],[113.150543,26.83985],[113.142391,26.840392],[113.138382,26.837734],[113.137167,26.815773],[113.138894,26.805706],[113.145543,26.800667],[113.143321,26.795413],[113.102696,26.788338],[113.09149,26.78487],[113.090092,26.77921],[113.089823,26.763165],[113.092661,26.758042],[113.106012,26.757539],[113.111429,26.74598],[113.126437,26.745753],[113.125656,26.741342],[113.115622,26.734256],[113.114346,26.728135],[113.132245,26.723241],[113.133434,26.721224],[113.128946,26.718108],[113.130119,26.714204],[113.146551,26.703816],[113.155179,26.691197],[113.168469,26.693269],[113.177323,26.691136],[113.176169,26.684324],[113.182506,26.665822],[113.173669,26.636154],[113.180917,26.607502],[113.173574,26.581826],[113.173478,26.567779],[113.154859,26.547482],[113.153513,26.540272],[113.165979,26.524528],[113.173739,26.52269],[113.183409,26.51436],[113.18558,26.508211],[113.204,26.508461],[113.208748,26.505845],[113.224495,26.485484],[113.222125,26.47307],[113.211805,26.466108],[113.202082,26.467772],[113.18637,26.450254],[113.206084,26.436467],[113.206622,26.428604],[113.179825,26.407109],[113.173419,26.40824],[113.166205,26.415378],[113.157898,26.412816],[113.154192,26.393397],[113.162212,26.379751],[113.15164,26.371582],[113.150884,26.365686],[113.163228,26.35235],[113.159113,26.347742],[113.16716,26.330543],[113.157022,26.327529],[113.152655,26.329855],[113.148006,26.326392],[113.132846,26.327659],[113.121613,26.316741],[113.12493,26.309724],[113.120867,26.303566],[113.121293,26.294566],[113.11348,26.296173],[113.111335,26.290456],[113.09782,26.29371],[113.092585,26.2914],[113.080546,26.274354],[113.084487,26.251572],[113.067829,26.251693],[113.062465,26.256087],[113.046405,26.251671],[113.039652,26.257739],[113.034383,26.258233],[113.026526,26.25525],[113.020311,26.248528],[113.020196,26.242053],[113.034293,26.216796],[113.029345,26.209837],[113.032383,26.199442],[113.03168,26.182381],[113.029327,26.175177],[113.024206,26.17667],[113.020396,26.169008],[113.006983,26.158845],[112.989457,26.166061],[112.979162,26.159915],[112.963269,26.157582],[112.943425,26.164221],[112.937314,26.174217],[112.924857,26.180224],[112.91741,26.180321],[112.915763,26.161392],[112.901455,26.151866],[112.885832,26.159987],[112.870586,26.153244],[112.864779,26.159236],[112.852634,26.157587],[112.841159,26.161664],[112.833268,26.15913],[112.82319,26.163598],[112.817844,26.161849],[112.813417,26.165139],[112.813183,26.190006],[112.800829,26.19553],[112.790221,26.183409],[112.784449,26.183145],[112.786333,26.196549],[112.780621,26.200313],[112.769944,26.183325],[112.787661,26.174208],[112.786003,26.169583],[112.777019,26.165905],[112.776741,26.149307],[112.767609,26.147916],[112.762948,26.148776],[112.759701,26.154634],[112.753347,26.153105],[112.755352,26.138535],[112.750152,26.133079],[112.741993,26.137204],[112.740803,26.147038],[112.736498,26.148796],[112.729658,26.137819],[112.719067,26.130078],[112.715005,26.12875],[112.712835,26.135132],[112.707983,26.137697],[112.702366,26.125725],[112.683243,26.117518],[112.680812,26.118958],[112.681116,26.127151],[112.671769,26.130604],[112.668534,26.11436],[112.660074,26.113188],[112.656897,26.107381],[112.64968,26.104415],[112.637086,26.109386],[112.63742,26.113193],[112.652971,26.118351],[112.665084,26.132904],[112.649005,26.132645],[112.635864,26.136671],[112.625483,26.153472],[112.628469,26.166701],[112.620135,26.193103],[112.60379,26.201927],[112.59977,26.216645],[112.594441,26.223336],[112.582887,26.224549],[112.575873,26.222561],[112.575378,26.212459],[112.567141,26.196862],[112.572245,26.185436],[112.571046,26.171788],[112.576854,26.162689],[112.575352,26.158024],[112.570977,26.157564],[112.567253,26.163459],[112.564076,26.163227],[112.549605,26.150666],[112.523815,26.150927],[112.519146,26.140796],[112.507566,26.138831],[112.502896,26.147135],[112.502436,26.162876],[112.493017,26.160759],[112.485214,26.154616],[112.479996,26.155313],[112.47655,26.16227],[112.479623,26.171181],[112.472279,26.180111],[112.44701,26.184058],[112.439059,26.179057],[112.433139,26.18536],[112.425049,26.187175],[112.421802,26.193159],[112.400197,26.18791],[112.389503,26.189298],[112.382237,26.206472],[112.377558,26.210038],[112.371717,26.204652],[112.369503,26.193684],[112.357186,26.18233],[112.351509,26.164452],[112.332307,26.170731],[112.323635,26.168066],[112.321587,26.1643],[112.310189,26.165095],[112.304989,26.161788],[112.306431,26.15218],[112.298835,26.136108],[112.292584,26.1364],[112.290362,26.141236],[112.285771,26.137988],[112.286188,26.146147],[112.281127,26.147543],[112.261578,26.134407],[112.25215,26.133291],[112.252342,26.126536],[112.244459,26.126076],[112.242368,26.130792],[112.237628,26.12538],[112.227047,26.121089],[112.226361,26.13733],[112.21893,26.14215],[112.217228,26.154027],[112.212472,26.152836],[112.206526,26.155985],[112.211812,26.16871],[112.210319,26.171158],[112.200701,26.168758],[112.194677,26.172015],[112.180458,26.188877],[112.189607,26.20302],[112.184815,26.226921],[112.19057,26.23306],[112.192722,26.242596],[112.195384,26.265661],[112.191868,26.280581],[112.203422,26.295206],[112.206356,26.313407],[112.199481,26.318029],[112.191634,26.310323],[112.184941,26.315518],[112.172779,26.30753],[112.17192,26.327695],[112.175983,26.346651],[112.171799,26.351442],[112.162519,26.349934],[112.162103,26.354444],[112.156573,26.356601],[112.150054,26.353133],[112.146078,26.354715],[112.142554,26.362135],[112.146417,26.385306],[112.135766,26.391024],[112.134663,26.410241],[112.138006,26.4109],[112.144047,26.404989],[112.147944,26.407124],[112.144542,26.419561],[112.148856,26.422108],[112.148084,26.43144],[112.140011,26.434958],[112.140913,26.438808],[112.137163,26.44312],[112.140098,26.446823],[112.149707,26.44779],[112.157033,26.455957],[112.157041,26.459793],[112.15185,26.461857],[112.151478,26.469817],[112.146174,26.471191],[112.160948,26.480355],[112.160636,26.484363],[112.153995,26.489618],[112.154463,26.497187],[112.171711,26.50294],[112.18639,26.492216],[112.189088,26.482968],[112.191563,26.492724],[112.205827,26.506133],[112.226521,26.506618],[112.234767,26.512203],[112.238925,26.526536],[112.237285,26.538474],[112.222398,26.549877],[112.207684,26.551946],[112.184959,26.540264],[112.146876,26.505985],[112.139151,26.50773],[112.143188,26.523307],[112.141756,26.530746],[112.148769,26.539106],[112.155349,26.538302],[112.15719,26.542651],[112.143551,26.551145],[112.14856,26.553287],[112.151816,26.559494],[112.154698,26.556293],[112.162623,26.558658],[112.162806,26.563456],[112.168795,26.566493],[112.16916,26.57453],[112.162639,26.577975],[112.166608,26.5825],[112.165002,26.588684],[112.135992,26.599359],[112.135357,26.605785],[112.13975,26.608181],[112.138934,26.616571],[112.144724,26.620327],[112.145505,26.629017],[112.131954,26.633799],[112.127919,26.639379],[112.120705,26.638999],[112.115054,26.642474],[112.110097,26.646657],[112.113344,26.652614],[112.105862,26.653734],[112.104159,26.6573],[112.096442,26.655427],[112.093904,26.648593],[112.088543,26.64838],[112.086625,26.636303],[112.071252,26.647234],[112.050549,26.651254],[112.040245,26.646562],[112.022979,26.655194],[111.990722,26.647538],[111.990262,26.642868],[111.999342,26.63347],[112.000054,26.628261],[112.0085,26.631002],[112.007085,26.62789],[112.014247,26.622591],[112.006633,26.603354],[112.000575,26.600342],[111.992094,26.608585],[111.984247,26.628494],[111.968205,26.634446],[111.955645,26.648853],[111.955644,26.656763],[111.946608,26.667827],[111.943708,26.685097],[111.935053,26.70304],[111.921773,26.714673],[111.911669,26.735234],[111.912719,26.752553],[111.893673,26.75781],[111.880626,26.778098],[111.870106,26.787877],[111.862623,26.803595],[111.853844,26.80315],[111.842884,26.792215],[111.826443,26.7897],[111.82067,26.783834],[111.811659,26.787493],[111.81863,26.801974],[111.815141,26.808],[111.79705,26.805004],[111.791842,26.796047],[111.7758,26.792616],[111.766234,26.803328],[111.766634,26.812206],[111.757719,26.814031],[111.748196,26.81046],[111.73837,26.816796],[111.738509,26.827098],[111.746807,26.833747],[111.74232,26.837375],[111.744229,26.844494],[111.741242,26.844948],[111.733538,26.836318],[111.725782,26.836067],[111.720748,26.839426],[111.716963,26.848474],[111.707233,26.852632],[111.69514,26.84667],[111.696035,26.839691],[111.688283,26.840611],[111.681772,26.83639],[111.660618,26.846854],[111.645522,26.843998],[111.637146,26.820835],[111.639195,26.806822],[111.631764,26.804476],[111.635201,26.801547],[111.62757,26.799943],[111.624376,26.792905],[111.610349,26.794986],[111.59712,26.789133],[111.58521,26.796499],[111.582736,26.801213],[111.573127,26.802011],[111.570089,26.812955],[111.546026,26.814003],[111.544681,26.82215],[111.54047,26.826603],[111.543795,26.836041],[111.538274,26.844479]]]}},{"type":"Feature","properties":{"id":"cn:430405","name":"珠晖区","level":2},"geometry":{"type":"Polygon","coordinates":[[[112.578112,26.778137],[112.587582,26.79899],[112.604795,26.812835],[112.625499,26.815025],[112.647903,26.810602],[112.657478,26.81405],[112.661357,26.834888],[112.661158,26.861112],[112.616817,26.880024],[112.611409,26.910696],[112.617442,26.917944],[112.63529,26.928201],[112.65654,26.951105],[112.656314,26.970554],[112.647191,27.005245],[112.649899,27.01943],[112.665185,27.028089],[112.686817,27.030647],[112.696444,27.024256],[112.711488,26.990254],[112.719708,26.982919],[112.730073,26.979701],[112.711314,26.968748],[112.713267,26.962663],[112.710932,26.957804],[112.698397,26.957578],[112.69542,26.951346],[112.700724,26.939515],[112.698951,26.932914],[112.690005,26.928891],[112.68971,26.924861],[112.705142,26.917754],[112.712852,26.920193],[112.721509,26.90994],[112.713195,26.903587],[112.713282,26.895092],[112.715254,26.893023],[112.719366,26.896731],[112.732409,26.876887],[112.73025,26.86647],[112.712504,26.850624],[112.701184,26.827121],[112.704153,26.795044],[112.699032,26.787575],[112.687817,26.785932],[112.684188,26.776562],[112.676227,26.77425],[112.670724,26.764379],[112.644171,26.75108],[112.621455,26.754309],[112.578112,26.778137]]]}},{"type":"Feature","properties":{"id":"cn:430406","name":"雁峰区","level":2},"geometry":{"type":"Polygon","coordinates":[[[112.541609,26.798528],[112.547017,26.812178],[112.542138,26.814539],[112.551609,26.825498],[112.552408,26.832531],[112.570768,26.852514],[112.568745,26.85807],[112.600673,26.879011],[112.595776,26.898468],[112.611887,26.900389],[112.617278,26.879601],[112.660906,26.861592],[112.661357,26.834888],[112.655785,26.812623],[112.647321,26.810596],[112.619223,26.815231],[112.604795,26.812835],[112.587582,26.79899],[112.578112,26.778137],[112.564604,26.782054],[112.558719,26.788614],[112.549821,26.785467],[112.544405,26.789712],[112.541609,26.798528]]]}},{"type":"Feature","properties":{"id":"cn:430407","name":"石鼓区","level":2},"geometry":{"type":"Polygon","coordinates":[[[112.52824,26.992782],[112.529916,26.998364],[112.561644,26.998601],[112.56739,27.006908],[112.575801,27.011845],[112.595055,27.005899],[112.597243,27.008688],[112.595758,27.016784],[112.600949,27.019445],[112.609526,27.019253],[112.6068,27.014204],[112.615151,27.009859],[112.628058,27.011645],[112.630672,27.008029],[112.642685,27.018025],[112.648952,27.016984],[112.647191,27.005245],[112.656166,26.971407],[112.6568,26.951867],[112.63529,26.928201],[112.613892,26.914803],[112.611887,26.900389],[112.595776,26.898468],[112.595073,26.916103],[112.592295,26.918889],[112.574517,26.921828],[112.546539,26.947478],[112.53857,26.96053],[112.549282,26.972739],[112.54693,26.976641],[112.538762,26.977305],[112.536964,26.986226],[112.52824,26.992782]]]}},{"type":"Feature","properties":{"id":"cn:430408","name":"蒸湘区","level":2},"geometry":{"type":"Polygon","coordinates":[[[112.472356,26.84338],[112.481765,26.845836],[112.480332,26.852956],[112.493275,26.84958],[112.504977,26.855003],[112.504777,26.863152],[112.509413,26.870026],[112.502816,26.875076],[112.506583,26.884766],[112.506591,26.900953],[112.498771,26.911003],[112.485958,26.914361],[112.485055,26.918987],[112.486826,26.923104],[112.492104,26.924874],[112.498232,26.918077],[112.503224,26.91961],[112.50824,26.947269],[112.520671,26.942253],[112.522564,26.952138],[112.53857,26.96053],[112.546539,26.947478],[112.564256,26.928789],[112.578466,26.920026],[112.590463,26.919994],[112.595073,26.916103],[112.600673,26.879011],[112.570168,26.859814],[112.570768,26.852514],[112.552408,26.832531],[112.551609,26.825498],[112.542138,26.814539],[112.521687,26.810825],[112.513233,26.812327],[112.504587,26.806926],[112.502842,26.809692],[112.507399,26.826133],[112.500533,26.83175],[112.483865,26.82812],[112.474292,26.837127],[112.476157,26.842092],[112.472356,26.84338]]]}},{"type":"Feature","properties":{"id":"cn:430412","name":"南岳区","level":2},"geometry":{"type":"Polygon","coordinates":[[[112.563978,27.236279],[112.573882,27.241694],[112.569637,27.247191],[112.572058,27.250557],[112.583421,27.254151],[112.601113,27.251356],[112.616955,27.241017],[112.630852,27.241609],[112.634689,27.244949],[112.635375,27.263374],[112.653899,27.263532],[112.654889,27.2733],[112.625089,27.279291],[112.613873,27.289956],[112.613968,27.296349],[112.634576,27.294982],[112.639246,27.29756],[112.6406,27.303937],[112.651599,27.307195],[112.660245,27.327271],[112.670001,27.326913],[112.673752,27.323857],[112.674064,27.317085],[112.6787,27.317028],[112.688196,27.332336],[112.696651,27.334113],[112.7033,27.328391],[112.72277,27.334548],[112.726538,27.333371],[112.727232,27.323959],[112.73383,27.314473],[112.766555,27.306917],[112.776469,27.294756],[112.769888,27.278289],[112.762258,27.274999],[112.763135,27.250161],[112.745001,27.247757],[112.742831,27.244022],[112.746485,27.235324],[112.756147,27.234075],[112.758039,27.220511],[112.76383,27.21442],[112.763734,27.208026],[112.75699,27.203159],[112.763213,27.196787],[112.759724,27.194159],[112.746329,27.198088],[112.737423,27.193309],[112.733569,27.197985],[112.724671,27.192777],[112.719663,27.200724],[112.697579,27.20521],[112.682771,27.202271],[112.675088,27.209882],[112.65784,27.208252],[112.642858,27.20106],[112.644394,27.208515],[112.628152,27.210871],[112.616867,27.216781],[112.608074,27.226243],[112.592284,27.230019],[112.583847,27.22887],[112.563978,27.236279]]]}},{"type":"Feature","properties":{"id":"cn:430421","name":"衡阳县","level":2},"geometry":{"type":"Polygon","coordinates":[[[111.996156,26.947736],[112.001573,26.95606],[112.010783,26.958799],[112.016373,26.9697],[112.022771,26.969528],[112.030618,26.975891],[112.03673,26.974288],[112.041521,26.978561],[112.041581,26.990956],[112.037614,26.998938],[112.031955,27.001171],[112.04212,27.002479],[112.044559,27.009722],[112.052103,27.015698],[112.075322,27.011774],[112.082172,27.018543],[112.084082,27.026171],[112.080444,27.030546],[112.081174,27.037135],[112.07238,27.044995],[112.077797,27.051697],[112.070705,27.053926],[112.067806,27.066236],[112.040627,27.077529],[112.050758,27.086747],[112.045558,27.103572],[112.050879,27.118068],[112.040827,27.131908],[112.046843,27.146085],[112.043396,27.15403],[112.049734,27.173296],[112.062823,27.188388],[112.062589,27.192517],[112.065506,27.19431],[112.07107,27.188339],[112.085576,27.188806],[112.086192,27.19326],[112.08068,27.194429],[112.086851,27.197916],[112.082858,27.199607],[112.084273,27.204414],[112.088327,27.205525],[112.086469,27.208833],[112.0889,27.21181],[112.092693,27.212543],[112.095011,27.209436],[112.101504,27.2173],[112.108527,27.213885],[112.107328,27.226176],[112.122876,27.223553],[112.122285,27.230803],[112.127147,27.232771],[112.129655,27.238715],[112.146687,27.241649],[112.154351,27.250011],[112.146921,27.255427],[112.144082,27.262537],[112.144898,27.269028],[112.15199,27.273379],[112.157719,27.282151],[112.148067,27.303368],[112.155263,27.308233],[112.155471,27.311541],[112.147163,27.309481],[112.154473,27.326115],[112.158284,27.327739],[112.169256,27.322843],[112.177693,27.312142],[112.185966,27.314868],[112.189855,27.307825],[112.187155,27.302732],[112.192137,27.299067],[112.19984,27.299809],[112.203067,27.294525],[112.200957,27.286905],[112.21206,27.278856],[112.208527,27.278099],[112.20846,27.272188],[112.221113,27.264171],[112.226609,27.267272],[112.231114,27.276524],[112.232589,27.290291],[112.250011,27.299783],[112.249595,27.313211],[112.26179,27.308377],[112.263613,27.313401],[112.275541,27.315811],[112.275315,27.323177],[112.282353,27.332225],[112.277112,27.341545],[112.29423,27.362018],[112.302971,27.362803],[112.305706,27.370021],[112.315992,27.367248],[112.325506,27.373396],[112.353145,27.365634],[112.355402,27.370178],[112.362467,27.370503],[112.36489,27.367014],[112.362502,27.359242],[112.402876,27.364562],[112.42672,27.357341],[112.43247,27.347738],[112.446287,27.352968],[112.450401,27.351034],[112.450245,27.359462],[112.45665,27.359576],[112.460826,27.35613],[112.463708,27.35963],[112.468265,27.352141],[112.47962,27.34966],[112.48383,27.353096],[112.496616,27.350899],[112.497962,27.347324],[112.494628,27.34644],[112.493483,27.341191],[112.496903,27.331931],[112.512111,27.320763],[112.512623,27.309711],[112.522407,27.303838],[112.521235,27.294162],[112.525496,27.288895],[112.52106,27.278345],[112.528309,27.272071],[112.526425,27.263052],[112.52238,27.260926],[112.525218,27.252408],[112.533491,27.252594],[112.533109,27.256989],[112.53968,27.25279],[112.543317,27.253832],[112.546608,27.249274],[112.570183,27.247202],[112.573882,27.241694],[112.565817,27.238464],[112.565166,27.234836],[112.583847,27.22887],[112.603535,27.227894],[112.628152,27.210871],[112.644394,27.208515],[112.642588,27.202998],[112.646963,27.191067],[112.645166,27.187527],[112.659784,27.175307],[112.658413,27.149361],[112.66659,27.143495],[112.667666,27.139057],[112.6635,27.134281],[112.649229,27.131657],[112.644775,27.114788],[112.651407,27.107987],[112.659967,27.106423],[112.669837,27.099124],[112.688022,27.108044],[112.699984,27.093054],[112.708621,27.095778],[112.711477,27.08833],[112.719056,27.085595],[112.721633,27.078593],[112.719309,27.073275],[112.723336,27.071372],[112.720897,27.066504],[112.722338,27.050677],[112.71226,27.037847],[112.715289,27.033247],[112.712886,27.014013],[112.734898,27.019543],[112.738045,27.015927],[112.734378,27.007279],[112.739578,27.007151],[112.742112,27.002444],[112.746418,27.001663],[112.733935,26.994577],[112.730073,26.979701],[112.722451,26.981618],[112.714256,26.987123],[112.704966,27.000053],[112.696444,27.024256],[112.686817,27.030647],[112.679169,27.031059],[112.654751,27.023856],[112.648952,27.016984],[112.642685,27.018025],[112.631782,27.008208],[112.628058,27.011645],[112.615151,27.009859],[112.6068,27.014204],[112.609526,27.019253],[112.603328,27.019735],[112.595758,27.016784],[112.597191,27.008312],[112.593701,27.005485],[112.575801,27.011845],[112.56739,27.006908],[112.561644,26.998601],[112.529916,26.998364],[112.529178,26.991048],[112.536964,26.986226],[112.538762,26.977305],[112.54693,26.976641],[112.548927,26.970589],[112.533128,26.956565],[112.522564,26.952138],[112.520671,26.942253],[112.50824,26.947269],[112.503224,26.91961],[112.498232,26.918077],[112.492104,26.924874],[112.485723,26.921382],[112.485958,26.914361],[112.493033,26.91127],[112.490567,26.906509],[112.485031,26.905715],[112.481416,26.911995],[112.473937,26.904592],[112.465897,26.910946],[112.457919,26.909814],[112.452415,26.914669],[112.449725,26.926882],[112.431938,26.933794],[112.427946,26.931031],[112.430506,26.930568],[112.430289,26.9244],[112.423935,26.92166],[112.417163,26.90867],[112.418995,26.904787],[112.412476,26.900395],[112.414845,26.8899],[112.405132,26.886196],[112.394507,26.886988],[112.391017,26.879572],[112.380896,26.875993],[112.381017,26.880855],[112.375844,26.883524],[112.373248,26.893085],[112.354256,26.883513],[112.341929,26.896267],[112.317728,26.889266],[112.299803,26.89582],[112.289055,26.904583],[112.279395,26.898314],[112.262494,26.904169],[112.257163,26.893619],[112.236381,26.900876],[112.227658,26.91024],[112.209576,26.903244],[112.197988,26.907003],[112.185817,26.899478],[112.171912,26.89806],[112.169429,26.893344],[112.163396,26.895201],[112.160435,26.890488],[112.154941,26.897794],[112.155991,26.904831],[112.140245,26.894362],[112.108544,26.880103],[112.075271,26.878515],[112.050315,26.884407],[112.043265,26.883421],[112.034107,26.885546],[112.030288,26.893741],[112.01054,26.908016],[111.998848,26.928773],[111.996156,26.947736]]]}},{"type":"Feature","properties":{"id":"cn:430422","name":"衡南县","level":2},"geometry":{"type":"Polygon","coordinates":[[[112.110705,26.878732],[112.155991,26.904831],[112.154941,26.897794],[112.160435,26.890488],[112.163396,26.895201],[112.169429,26.893344],[112.171912,26.89806],[112.185817,26.899478],[112.197988,26.907003],[112.209576,26.903244],[112.227658,26.91024],[112.236381,26.900876],[112.257163,26.893619],[112.262494,26.904169],[112.279395,26.898314],[112.289055,26.904583],[112.299803,26.89582],[112.317728,26.889266],[112.341929,26.896267],[112.354256,26.883513],[112.373248,26.893085],[112.375844,26.883524],[112.381017,26.880855],[112.379725,26.877002],[112.383604,26.87628],[112.392138,26.88062],[112.394507,26.886988],[112.405132,26.886196],[112.414845,26.8899],[112.412476,26.900395],[112.418995,26.904787],[112.417163,26.90867],[112.423015,26.920548],[112.430289,26.9244],[112.430506,26.930568],[112.427946,26.931031],[112.435628,26.933757],[112.449725,26.926882],[112.452415,26.914669],[112.457919,26.909814],[112.465897,26.910946],[112.473937,26.904592],[112.481416,26.911995],[112.487772,26.905144],[112.496105,26.91156],[112.50541,26.903336],[112.506583,26.884766],[112.502816,26.875076],[112.509439,26.872108],[112.504777,26.863152],[112.504977,26.855003],[112.493275,26.84958],[112.480332,26.852956],[112.481765,26.845836],[112.472356,26.84338],[112.476157,26.842092],[112.474292,26.837127],[112.483865,26.82812],[112.500533,26.83175],[112.507399,26.826133],[112.502842,26.809692],[112.504587,26.806926],[112.513233,26.812327],[112.521687,26.810825],[112.545272,26.814504],[112.547017,26.812178],[112.541609,26.798528],[112.546818,26.787176],[112.551453,26.78545],[112.558719,26.788614],[112.564604,26.782054],[112.574639,26.78054],[112.621455,26.754309],[112.644171,26.75108],[112.670724,26.764379],[112.676227,26.77425],[112.684188,26.776562],[112.687817,26.785932],[112.701861,26.790054],[112.704153,26.795044],[112.702034,26.829526],[112.712504,26.850624],[112.731313,26.869104],[112.732409,26.876887],[112.725064,26.889877],[112.719366,26.896731],[112.715254,26.893023],[112.713282,26.895092],[112.713195,26.903587],[112.721509,26.90994],[112.712852,26.920193],[112.705142,26.917754],[112.68971,26.924861],[112.690005,26.928891],[112.698951,26.932914],[112.700724,26.939515],[112.696662,26.944863],[112.695689,26.953868],[112.702303,26.959281],[112.713058,26.959341],[112.711314,26.968748],[112.730073,26.979701],[112.743077,26.977998],[112.740707,26.971375],[112.743015,26.968942],[112.761549,26.974519],[112.778154,26.952928],[112.781419,26.944144],[112.780229,26.937271],[112.786583,26.931564],[112.780516,26.922369],[112.786236,26.917868],[112.790785,26.908157],[112.806106,26.903499],[112.805672,26.893356],[112.816444,26.887401],[112.81628,26.860956],[112.832851,26.860026],[112.835334,26.864908],[112.84444,26.857542],[112.856488,26.859964],[112.865612,26.869528],[112.869344,26.867015],[112.887026,26.882206],[112.892279,26.892204],[112.892461,26.916501],[112.895047,26.920611],[112.906662,26.926381],[112.91818,26.927284],[112.93608,26.94264],[113.004171,26.968389],[113.012313,26.956562],[113.023832,26.957225],[113.03121,26.951901],[113.040464,26.957391],[113.060976,26.954778],[113.068294,26.950481],[113.070273,26.934995],[113.066454,26.923446],[113.057748,26.914859],[113.057947,26.90122],[113.064675,26.894752],[113.064258,26.884153],[113.083234,26.876217],[113.083016,26.873296],[113.065959,26.860605],[113.068199,26.851956],[113.065256,26.836363],[113.070048,26.830228],[113.063286,26.82115],[113.067123,26.814351],[113.07813,26.812647],[113.084111,26.802461],[113.09149,26.78487],[113.091142,26.759545],[113.096195,26.756495],[113.106012,26.757539],[113.111429,26.74598],[113.125404,26.746928],[113.125656,26.741342],[113.117045,26.736252],[113.114346,26.728135],[113.132245,26.723241],[113.133434,26.721224],[113.128946,26.718108],[113.130119,26.714204],[113.147228,26.70129],[113.142774,26.695593],[113.129225,26.69341],[113.11932,26.698584],[113.112071,26.708842],[113.104876,26.702995],[113.103148,26.696016],[113.093678,26.693855],[113.069823,26.709152],[113.053252,26.702704],[113.035995,26.702129],[113.011993,26.685738],[112.994666,26.697719],[112.992305,26.706218],[112.97892,26.707854],[112.967245,26.701343],[112.93984,26.706509],[112.950656,26.694174],[112.945352,26.690905],[112.944432,26.68549],[112.941854,26.686266],[112.943243,26.683333],[112.958017,26.672061],[112.962279,26.661548],[112.972027,26.660107],[112.978677,26.652897],[112.975995,26.62048],[112.961203,26.605161],[112.940821,26.608157],[112.923113,26.623327],[112.919132,26.617491],[112.907914,26.616793],[112.892201,26.604855],[112.872594,26.608814],[112.871542,26.612692],[112.877327,26.623341],[112.876194,26.660029],[112.851767,26.672092],[112.828451,26.668442],[112.826689,26.672408],[112.831038,26.683733],[112.828138,26.68753],[112.808919,26.676348],[112.803902,26.66136],[112.792739,26.661363],[112.793451,26.652305],[112.788555,26.645223],[112.789909,26.637194],[112.780898,26.624345],[112.767002,26.614733],[112.767106,26.600232],[112.763955,26.596179],[112.741593,26.589644],[112.738599,26.577624],[112.731072,26.578233],[112.714666,26.572153],[112.712991,26.58141],[112.702088,26.584017],[112.702384,26.591213],[112.695387,26.595199],[112.674579,26.590482],[112.670178,26.579555],[112.656899,26.5791],[112.663105,26.59695],[112.657305,26.604316],[112.646647,26.603176],[112.627794,26.588303],[112.622409,26.590752],[112.617175,26.602367],[112.61194,26.60325],[112.562027,26.594103],[112.545221,26.586657],[112.529206,26.569177],[112.516922,26.571802],[112.492487,26.585871],[112.487469,26.576937],[112.488649,26.56734],[112.485533,26.560444],[112.476219,26.554211],[112.45878,26.552894],[112.44043,26.560544],[112.429613,26.583655],[112.419613,26.593525],[112.412511,26.590948],[112.390521,26.564028],[112.382311,26.547002],[112.375427,26.550247],[112.367512,26.560627],[112.349707,26.569691],[112.334282,26.570948],[112.321469,26.567585],[112.31646,26.572617],[112.316772,26.577109],[112.330948,26.585985],[112.334958,26.597012],[112.333926,26.603252],[112.326694,26.607996],[112.320306,26.6074],[112.320444,26.613196],[112.314351,26.607706],[112.311382,26.615026],[112.298604,26.613521],[112.294229,26.618735],[112.294889,26.628608],[112.283769,26.626527],[112.278092,26.633122],[112.274047,26.625431],[112.265444,26.624885],[112.248075,26.634418],[112.255896,26.652332],[112.253934,26.669459],[112.239524,26.665409],[112.238118,26.676486],[112.221625,26.684357],[112.220774,26.689726],[112.214247,26.688908],[112.216747,26.701946],[112.206139,26.702784],[112.205314,26.7108],[112.201938,26.713074],[112.196278,26.709318],[112.198916,26.722916],[112.192814,26.730259],[112.197311,26.735366],[112.224342,26.731082],[112.250245,26.738493],[112.254333,26.744253],[112.252059,26.7458],[112.255462,26.751692],[112.248292,26.756805],[112.245765,26.766705],[112.22969,26.769713],[112.232988,26.779409],[112.241729,26.778647],[112.238708,26.782256],[112.240305,26.788788],[112.242641,26.785713],[112.255123,26.790559],[112.250167,26.80101],[112.235965,26.804752],[112.228534,26.810738],[112.222884,26.808823],[112.219533,26.813776],[112.216174,26.811436],[112.199949,26.814754],[112.199663,26.820553],[112.192025,26.820555],[112.181035,26.825852],[112.172797,26.835737],[112.156035,26.834005],[112.153084,26.84419],[112.145739,26.84615],[112.13883,26.843836],[112.130357,26.851074],[112.110705,26.878732]]]}},{"type":"Feature","properties":{"id":"cn:430423","name":"衡山县","level":2},"geometry":{"type":"Polygon","coordinates":[[[112.455757,27.359608],[112.465566,27.376002],[112.468378,27.370776],[112.481147,27.363174],[112.48429,27.366885],[112.48409,27.375173],[112.495487,27.378725],[112.491112,27.390732],[112.493517,27.39417],[112.487641,27.403525],[112.493534,27.400982],[112.499438,27.404583],[112.499081,27.407265],[112.507372,27.406457],[112.501009,27.418571],[112.517007,27.42379],[112.51659,27.432531],[112.525652,27.433643],[112.52639,27.427668],[112.532041,27.420392],[112.535392,27.420581],[112.54284,27.428255],[112.549229,27.428337],[112.546954,27.434895],[112.561607,27.445214],[112.572788,27.437161],[112.580227,27.438229],[112.583474,27.448973],[112.5885,27.45264],[112.587814,27.459061],[112.603065,27.459472],[112.612571,27.471631],[112.625192,27.46971],[112.634281,27.463287],[112.640965,27.468148],[112.655756,27.455287],[112.666764,27.460268],[112.67001,27.45723],[112.686381,27.456336],[112.681268,27.43929],[112.6731,27.432284],[112.672457,27.42109],[112.678413,27.416137],[112.680253,27.409059],[112.701485,27.410584],[112.722007,27.3982],[112.730313,27.404813],[112.745566,27.402534],[112.754819,27.407301],[112.76705,27.394624],[112.768647,27.379639],[112.784958,27.365342],[112.790965,27.367666],[112.798369,27.365384],[112.800826,27.352071],[112.794359,27.347649],[112.801095,27.341575],[112.810253,27.347128],[112.816086,27.341657],[112.826893,27.342217],[112.825262,27.351498],[112.831468,27.358343],[112.847606,27.3585],[112.858526,27.354656],[112.864593,27.359576],[112.89422,27.364118],[112.914845,27.360088],[112.913499,27.34996],[112.935895,27.318532],[112.940461,27.308927],[112.941485,27.293675],[112.936025,27.284914],[112.911424,27.270548],[112.847405,27.212729],[112.842822,27.195501],[112.862223,27.164958],[112.863361,27.147268],[112.852293,27.13576],[112.827779,27.133712],[112.817137,27.130263],[112.811876,27.123545],[112.808916,27.108728],[112.821833,27.093319],[112.822588,27.087227],[112.812918,27.081971],[112.805331,27.081813],[112.762302,27.092862],[112.749541,27.091739],[112.745774,27.088714],[112.741225,27.081215],[112.738223,27.062874],[112.751262,27.026852],[112.758076,27.014984],[112.770489,27.003813],[112.771652,26.996351],[112.759457,26.983802],[112.744135,26.978039],[112.735811,26.978195],[112.730073,26.979701],[112.733935,26.994577],[112.737086,26.99819],[112.746383,26.999975],[112.741288,27.006266],[112.734378,27.007279],[112.737649,27.017193],[112.732676,27.020092],[112.712886,27.014013],[112.715289,27.033247],[112.71226,27.037847],[112.722338,27.050677],[112.720897,27.066504],[112.723336,27.071372],[112.719309,27.073275],[112.721633,27.078593],[112.719056,27.085595],[112.711477,27.08833],[112.708621,27.095778],[112.699984,27.093054],[112.688022,27.108044],[112.669837,27.099124],[112.659967,27.106423],[112.651407,27.107987],[112.644775,27.114788],[112.649229,27.131657],[112.6635,27.134281],[112.667666,27.139057],[112.66659,27.143495],[112.658413,27.149361],[112.659784,27.175307],[112.645513,27.186628],[112.646963,27.191067],[112.642858,27.20106],[112.65784,27.208252],[112.675088,27.209882],[112.682771,27.202271],[112.697579,27.20521],[112.719663,27.200724],[112.724671,27.192777],[112.733569,27.197985],[112.737423,27.193309],[112.746329,27.198088],[112.756781,27.194196],[112.763204,27.195487],[112.75699,27.203159],[112.763734,27.208026],[112.76383,27.21442],[112.758039,27.220511],[112.756147,27.234075],[112.746485,27.235324],[112.742831,27.244022],[112.745001,27.247757],[112.763135,27.250161],[112.761356,27.270874],[112.763135,27.277245],[112.769888,27.278289],[112.775079,27.286874],[112.776469,27.294756],[112.773621,27.301186],[112.766555,27.306917],[112.73383,27.314473],[112.727232,27.323959],[112.726538,27.333371],[112.716442,27.333873],[112.700774,27.328422],[112.698422,27.333257],[112.694116,27.334146],[112.683925,27.328625],[112.6787,27.317028],[112.674064,27.317085],[112.673752,27.323857],[112.670001,27.326913],[112.660245,27.327271],[112.651599,27.307195],[112.6406,27.303937],[112.639246,27.29756],[112.634576,27.294982],[112.613968,27.296349],[112.613873,27.289956],[112.625089,27.279291],[112.654889,27.2733],[112.653899,27.263532],[112.635375,27.263374],[112.634689,27.244949],[112.630852,27.241609],[112.616955,27.241017],[112.601113,27.251356],[112.589785,27.254118],[112.572058,27.250557],[112.569637,27.247191],[112.546608,27.249274],[112.543317,27.253832],[112.53968,27.25279],[112.533109,27.256989],[112.533491,27.252594],[112.526043,27.251974],[112.52238,27.260926],[112.526425,27.263052],[112.528309,27.272071],[112.52106,27.278345],[112.525496,27.288895],[112.521235,27.294162],[112.522407,27.303838],[112.512623,27.309711],[112.512111,27.320763],[112.496903,27.331931],[112.493483,27.341191],[112.497145,27.350253],[112.489246,27.352879],[112.48383,27.353096],[112.480557,27.349569],[112.468804,27.351895],[112.464064,27.359507],[112.460826,27.35613],[112.455757,27.359608]]]}},{"type":"Feature","properties":{"id":"cn:430424","name":"衡东县","level":2},"geometry":{"type":"Polygon","coordinates":[[[112.738223,27.062874],[112.741225,27.081215],[112.749541,27.091739],[112.762302,27.092862],[112.805331,27.081813],[112.819393,27.084193],[112.822588,27.087227],[112.821833,27.093319],[112.808916,27.108728],[112.811876,27.123545],[112.817137,27.130263],[112.827779,27.133712],[112.852293,27.13576],[112.863361,27.147268],[112.862223,27.164958],[112.842822,27.195501],[112.847405,27.212729],[112.911424,27.270548],[112.936025,27.284914],[112.941485,27.293675],[112.940461,27.308927],[112.935895,27.318532],[112.915557,27.344936],[112.912414,27.353751],[112.919584,27.370557],[112.917258,27.418547],[112.926008,27.426496],[112.972649,27.442555],[112.989428,27.441932],[112.994211,27.436613],[112.988726,27.4104],[112.990438,27.403081],[112.996424,27.396053],[113.018499,27.389041],[113.015696,27.379797],[113.019594,27.3705],[113.036355,27.354953],[113.026668,27.347318],[113.02685,27.332466],[113.036798,27.330335],[113.042874,27.324882],[113.042883,27.317535],[113.038126,27.312818],[113.044376,27.292047],[113.054151,27.285457],[113.062649,27.284092],[113.074723,27.271052],[113.080062,27.269569],[113.076529,27.261431],[113.079446,27.258267],[113.076641,27.25703],[113.086798,27.241411],[113.082067,27.238614],[113.102796,27.22754],[113.104627,27.224862],[113.101832,27.223173],[113.110331,27.208089],[113.121711,27.2105],[113.12744,27.23279],[113.13836,27.252464],[113.142544,27.254853],[113.164271,27.236109],[113.177293,27.244133],[113.207541,27.240664],[113.241633,27.243631],[113.249967,27.232657],[113.249775,27.226951],[113.266285,27.209009],[113.275557,27.192462],[113.278308,27.181952],[113.275279,27.170498],[113.252544,27.1762],[113.252197,27.163497],[113.246025,27.162881],[113.240331,27.154933],[113.239202,27.143342],[113.230434,27.148551],[113.229896,27.144309],[113.210357,27.134649],[113.189349,27.144832],[113.187101,27.138524],[113.16224,27.129387],[113.158465,27.10719],[113.159489,27.103766],[113.165791,27.101396],[113.16941,27.09209],[113.187987,27.079948],[113.193667,27.060861],[113.190706,27.057592],[113.194188,27.054719],[113.192347,27.044016],[113.210212,27.044129],[113.21371,27.03356],[113.211106,27.029205],[113.230916,27.022914],[113.231271,27.018855],[113.219292,27.015822],[113.21312,27.007076],[113.219691,27.003354],[113.22121,26.998026],[113.215898,26.977892],[113.220222,26.971149],[113.219996,26.959648],[113.229744,26.955121],[113.239431,26.941704],[113.27002,26.944072],[113.27732,26.941758],[113.272711,26.93184],[113.26193,26.92254],[113.249692,26.919145],[113.249145,26.903676],[113.234102,26.897849],[113.237288,26.89271],[113.233494,26.881131],[113.224823,26.882639],[113.221533,26.879802],[113.22727,26.86439],[113.246784,26.84262],[113.24899,26.834013],[113.254196,26.831215],[113.252919,26.818905],[113.23247,26.808623],[113.219015,26.817826],[113.218087,26.824326],[113.20069,26.828882],[113.200144,26.833611],[113.168686,26.828672],[113.154788,26.830836],[113.150543,26.83985],[113.142391,26.840392],[113.138382,26.837734],[113.137167,26.815773],[113.138894,26.805706],[113.145543,26.800667],[113.143321,26.795413],[113.09149,26.78487],[113.07813,26.812647],[113.067123,26.814351],[113.063286,26.82115],[113.070048,26.830228],[113.065256,26.836363],[113.068199,26.851956],[113.065959,26.860605],[113.083016,26.873296],[113.083234,26.876217],[113.064258,26.884153],[113.064675,26.894752],[113.057947,26.90122],[113.057748,26.914859],[113.066454,26.923446],[113.070273,26.934995],[113.068294,26.950481],[113.060976,26.954778],[113.040464,26.957391],[113.03121,26.951901],[113.023832,26.957225],[113.012313,26.956562],[113.00509,26.967749],[113.000559,26.968753],[112.93608,26.94264],[112.91818,26.927284],[112.906662,26.926381],[112.895047,26.920611],[112.889231,26.885574],[112.869344,26.867015],[112.865612,26.869528],[112.856488,26.859964],[112.84444,26.857542],[112.835334,26.864908],[112.832851,26.860026],[112.81628,26.860956],[112.816444,26.887401],[112.805672,26.893356],[112.806106,26.903499],[112.790785,26.908157],[112.786236,26.917868],[112.780516,26.922369],[112.787148,26.929383],[112.780229,26.937271],[112.780923,26.946897],[112.776948,26.954996],[112.761549,26.974519],[112.749049,26.968866],[112.740707,26.971375],[112.743077,26.977998],[112.762095,26.985339],[112.771652,26.996351],[112.770489,27.003813],[112.758076,27.014984],[112.751262,27.026852],[112.738223,27.062874]]]}},{"type":"Feature","properties":{"id":"cn:430426","name":"祁东县","level":2},"geometry":{"type":"Polygon","coordinates":[[[111.538274,26.844479],[111.545427,26.850509],[111.547475,26.866876],[111.559176,26.873189],[111.562545,26.887054],[111.572354,26.886126],[111.583821,26.90034],[111.576677,26.916358],[111.577848,26.928632],[111.569307,26.931379],[111.561833,26.938391],[111.571199,26.948608],[111.576173,26.965726],[111.584498,26.970229],[111.58988,26.965133],[111.599212,26.962006],[111.606729,26.963953],[111.616764,26.957799],[111.625401,26.961252],[111.629977,26.967311],[111.644932,26.966726],[111.643882,26.970969],[111.652476,26.99052],[111.646825,26.996814],[111.648621,26.999978],[111.64396,27.007996],[111.646182,27.012243],[111.654238,27.015689],[111.657119,27.02313],[111.655297,27.026966],[111.660027,27.029999],[111.659707,27.034712],[111.671607,27.036533],[111.682249,27.034081],[111.684906,27.040179],[111.691868,27.043089],[111.69383,27.050034],[111.707388,27.055747],[111.715279,27.064953],[111.718447,27.075247],[111.732371,27.064947],[111.751721,27.066672],[111.748031,27.060693],[111.765704,27.062072],[111.772128,27.048632],[111.800905,27.036425],[111.804967,27.041045],[111.803049,27.04909],[111.810618,27.048898],[111.81804,27.039203],[111.812328,27.023388],[111.825757,27.019884],[111.837961,27.011705],[111.845679,27.014422],[111.856443,27.01281],[111.86429,27.016964],[111.872007,27.009214],[111.871416,27.001221],[111.87685,27.002586],[111.876441,26.991444],[111.884909,26.993241],[111.882625,26.988958],[111.888351,26.983103],[111.883576,26.977878],[111.889264,26.980229],[111.892953,26.972434],[111.892155,26.933159],[111.89646,26.928116],[111.900132,26.927016],[111.912536,26.938751],[111.921756,26.93926],[111.930314,26.955815],[111.948248,26.958736],[111.960453,26.954804],[111.968344,26.962386],[111.97837,26.961701],[111.980939,26.953483],[111.974082,26.945776],[111.996156,26.947736],[111.998848,26.928773],[112.01054,26.908016],[112.030288,26.893741],[112.034107,26.885546],[112.075271,26.878515],[112.11653,26.882895],[112.110931,26.876431],[112.136417,26.845165],[112.153084,26.84419],[112.156035,26.834005],[112.173769,26.835355],[112.181035,26.825852],[112.192025,26.820555],[112.199663,26.820553],[112.199949,26.814754],[112.216174,26.811436],[112.219533,26.813776],[112.222884,26.808823],[112.228534,26.810738],[112.235965,26.804752],[112.250167,26.80101],[112.255123,26.790559],[112.242641,26.785713],[112.240305,26.788788],[112.238708,26.782256],[112.241729,26.778647],[112.232988,26.779409],[112.22969,26.769713],[112.245765,26.766705],[112.248292,26.756805],[112.255462,26.751692],[112.252059,26.7458],[112.254333,26.744253],[112.250245,26.738493],[112.224342,26.731082],[112.197311,26.735366],[112.192814,26.730259],[112.198916,26.722916],[112.196278,26.709318],[112.201938,26.713074],[112.205314,26.7108],[112.206139,26.702784],[112.216747,26.701946],[112.214247,26.688908],[112.220774,26.689726],[112.221625,26.684357],[112.238118,26.676486],[112.239524,26.665409],[112.253934,26.669459],[112.255896,26.652332],[112.248075,26.634418],[112.265444,26.624885],[112.274047,26.625431],[112.278092,26.633122],[112.283769,26.626527],[112.294889,26.628608],[112.294229,26.618735],[112.298604,26.613521],[112.311382,26.615026],[112.314351,26.607706],[112.320444,26.613196],[112.320306,26.6074],[112.326694,26.607996],[112.333926,26.603252],[112.334958,26.597012],[112.330948,26.585985],[112.316772,26.577109],[112.31646,26.572617],[112.321469,26.567585],[112.308739,26.563221],[112.30306,26.553809],[112.316799,26.507862],[112.30692,26.493493],[112.259507,26.46868],[112.241963,26.467315],[112.216217,26.475249],[112.19502,26.475017],[112.190602,26.47935],[112.189173,26.48688],[112.196297,26.498639],[112.209707,26.507586],[112.226521,26.506618],[112.237805,26.517475],[112.237285,26.538474],[112.222398,26.549877],[112.211321,26.552306],[112.184959,26.540264],[112.146876,26.505985],[112.139151,26.50773],[112.143188,26.523307],[112.141756,26.530746],[112.148769,26.539106],[112.155349,26.538302],[112.15719,26.542651],[112.143551,26.551145],[112.14856,26.553287],[112.151816,26.559494],[112.154698,26.556293],[112.160454,26.557118],[112.163951,26.560393],[112.162806,26.563456],[112.168942,26.567178],[112.166955,26.569314],[112.16916,26.57453],[112.162639,26.577975],[112.166608,26.5825],[112.165002,26.588684],[112.135992,26.599359],[112.135357,26.605785],[112.13975,26.608181],[112.138934,26.616571],[112.144724,26.620327],[112.145505,26.629017],[112.131954,26.633799],[112.127919,26.639379],[112.120705,26.638999],[112.115054,26.642474],[112.110097,26.646657],[112.113344,26.652614],[112.105862,26.653734],[112.104159,26.6573],[112.096442,26.655427],[112.093904,26.648593],[112.088543,26.64838],[112.086625,26.636303],[112.065236,26.648714],[112.050549,26.651254],[112.040245,26.646562],[112.022979,26.655194],[112.001026,26.651922],[111.990722,26.647538],[111.990262,26.642868],[111.999342,26.63347],[112.000054,26.628261],[112.0085,26.631002],[112.007085,26.62789],[112.014247,26.622591],[112.006633,26.603354],[112.000575,26.600342],[111.992094,26.608585],[111.984247,26.628494],[111.968205,26.634446],[111.955645,26.648853],[111.955644,26.656763],[111.946608,26.667827],[111.943708,26.685097],[111.935053,26.70304],[111.921773,26.714673],[111.911669,26.735234],[111.912719,26.752553],[111.893673,26.75781],[111.880626,26.778098],[111.870106,26.787877],[111.862623,26.803595],[111.853844,26.80315],[111.842884,26.792215],[111.826443,26.7897],[111.82067,26.783834],[111.811659,26.787493],[111.81863,26.801974],[111.815141,26.808],[111.79705,26.805004],[111.791842,26.796047],[111.7758,26.792616],[111.766234,26.803328],[111.766634,26.812206],[111.757719,26.814031],[111.748196,26.81046],[111.73837,26.816796],[111.738509,26.827098],[111.746807,26.833747],[111.74232,26.837375],[111.744229,26.844494],[111.741242,26.844948],[111.733538,26.836318],[111.725782,26.836067],[111.720748,26.839426],[111.716963,26.848474],[111.707233,26.852632],[111.69514,26.84667],[111.696035,26.839691],[111.688283,26.840611],[111.681772,26.83639],[111.660618,26.846854],[111.645522,26.843998],[111.637146,26.820835],[111.639195,26.806822],[111.631764,26.804476],[111.635201,26.801547],[111.62757,26.799943],[111.624376,26.792905],[111.610349,26.794986],[111.59712,26.789133],[111.58521,26.796499],[111.582736,26.801213],[111.573127,26.802011],[111.570089,26.812955],[111.546026,26.814003],[111.544681,26.82215],[111.54047,26.826603],[111.543795,26.836041],[111.538274,26.844479]]]}},{"type":"Feature","properties":{"id":"cn:430481","name":"耒阳市","level":2},"geometry":{"type":"Polygon","coordinates":[[[112.622439,26.318001],[112.629372,26.337924],[112.637441,26.347104],[112.626031,26.373085],[112.626637,26.377878],[112.636397,26.385706],[112.636667,26.396005],[112.632561,26.40738],[112.64959,26.427842],[112.660629,26.433866],[112.661369,26.450525],[112.668134,26.465367],[112.664093,26.472629],[112.65405,26.477719],[112.652294,26.481688],[112.660034,26.490472],[112.670501,26.513526],[112.667715,26.531043],[112.672774,26.559538],[112.670566,26.563146],[112.654788,26.566],[112.637153,26.560023],[112.634999,26.563926],[112.639778,26.569607],[112.652145,26.572874],[112.656899,26.5791],[112.670178,26.579555],[112.6724,26.589119],[112.692904,26.595097],[112.700864,26.593398],[112.703477,26.582973],[112.712991,26.58141],[112.714666,26.572153],[112.731072,26.578233],[112.738599,26.577624],[112.741593,26.589644],[112.763955,26.596179],[112.767106,26.600232],[112.767002,26.614733],[112.780898,26.624345],[112.789909,26.637194],[112.788555,26.645223],[112.793451,26.652305],[112.792739,26.661363],[112.803902,26.66136],[112.808919,26.676348],[112.828138,26.68753],[112.831038,26.683733],[112.826689,26.672408],[112.828451,26.668442],[112.851767,26.672092],[112.876194,26.660029],[112.877327,26.623341],[112.871542,26.612692],[112.872594,26.608814],[112.892201,26.604855],[112.907914,26.616793],[112.919132,26.617491],[112.923113,26.623327],[112.940821,26.608157],[112.953425,26.604926],[112.961203,26.605161],[112.975995,26.62048],[112.978677,26.652897],[112.972027,26.660107],[112.962279,26.661548],[112.958017,26.672061],[112.943243,26.683333],[112.941854,26.686266],[112.944432,26.68549],[112.945352,26.690905],[112.950656,26.694174],[112.93984,26.706509],[112.967245,26.701343],[112.97892,26.707854],[112.992305,26.706218],[112.994666,26.697719],[113.011993,26.685738],[113.035995,26.702129],[113.053252,26.702704],[113.069823,26.709152],[113.093678,26.693855],[113.103148,26.696016],[113.104876,26.702995],[113.112071,26.708842],[113.11932,26.698584],[113.129225,26.69341],[113.142774,26.695593],[113.147228,26.70129],[113.157341,26.690092],[113.168469,26.693269],[113.177323,26.691136],[113.176169,26.684324],[113.182506,26.665822],[113.173669,26.636154],[113.180917,26.607502],[113.173574,26.581826],[113.173478,26.567779],[113.154859,26.547482],[113.153513,26.540272],[113.165979,26.524528],[113.173739,26.52269],[113.183409,26.51436],[113.18558,26.508211],[113.204,26.508461],[113.208748,26.505845],[113.224495,26.485484],[113.222125,26.47307],[113.211805,26.466108],[113.202082,26.467772],[113.18637,26.450254],[113.206084,26.436467],[113.206622,26.428604],[113.179825,26.407109],[113.173419,26.40824],[113.166205,26.415378],[113.157898,26.412816],[113.154192,26.393397],[113.162212,26.379751],[113.15164,26.371582],[113.150884,26.365686],[113.163228,26.35235],[113.159113,26.347742],[113.16716,26.330543],[113.157022,26.327529],[113.152655,26.329855],[113.148006,26.326392],[113.132846,26.327659],[113.121613,26.316741],[113.12493,26.309724],[113.120867,26.303566],[113.121293,26.294566],[113.11348,26.296173],[113.111335,26.290456],[113.09782,26.29371],[113.092585,26.2914],[113.080546,26.274354],[113.084487,26.251572],[113.067829,26.251693],[113.062465,26.256087],[113.046405,26.251671],[113.039652,26.257739],[113.034383,26.258233],[113.026526,26.25525],[113.020311,26.248528],[113.020196,26.242053],[113.034293,26.216796],[113.029345,26.209837],[113.032383,26.199442],[113.03168,26.182381],[113.029327,26.175177],[113.024206,26.17667],[113.020396,26.169008],[113.006983,26.158845],[112.989457,26.166061],[112.979162,26.159915],[112.963269,26.157582],[112.943425,26.164221],[112.937314,26.174217],[112.924857,26.180224],[112.91741,26.180321],[112.915763,26.161392],[112.901455,26.151866],[112.885832,26.159987],[112.870586,26.153244],[112.864779,26.159236],[112.852634,26.157587],[112.841159,26.161664],[112.833268,26.15913],[112.82319,26.163598],[112.817844,26.161849],[112.813417,26.165139],[112.813183,26.190006],[112.800829,26.19553],[112.790221,26.183409],[112.784449,26.183145],[112.786333,26.196549],[112.780621,26.200313],[112.769944,26.183325],[112.787661,26.174208],[112.786003,26.169583],[112.777019,26.165905],[112.776741,26.149307],[112.767609,26.147916],[112.762948,26.148776],[112.759701,26.154634],[112.753347,26.153105],[112.755352,26.138535],[112.750152,26.133079],[112.741993,26.137204],[112.740803,26.147038],[112.736498,26.148796],[112.729658,26.137819],[112.719067,26.130078],[112.715005,26.12875],[112.712835,26.135132],[112.707983,26.137697],[112.702366,26.125725],[112.682314,26.117569],[112.680318,26.125215],[112.687357,26.149166],[112.665942,26.195004],[112.649637,26.207475],[112.65193,26.227725],[112.64681,26.236576],[112.652894,26.250901],[112.639775,26.283804],[112.651433,26.295651],[112.647798,26.299151],[112.634443,26.301089],[112.622439,26.318001]]]}},{"type":"Feature","properties":{"id":"cn:430482","name":"常宁市","level":2},"geometry":{"type":"Polygon","coordinates":[[[112.134663,26.410241],[112.138006,26.4109],[112.144047,26.404989],[112.147944,26.407124],[112.144542,26.419561],[112.148856,26.422108],[112.148084,26.43144],[112.140011,26.434958],[112.140913,26.438808],[112.137163,26.44312],[112.140098,26.446823],[112.149707,26.44779],[112.157033,26.455957],[112.157041,26.459793],[112.15185,26.461857],[112.151478,26.469817],[112.146174,26.471191],[112.160948,26.480355],[112.160636,26.484363],[112.153995,26.489618],[112.154463,26.497187],[112.171711,26.50294],[112.18639,26.492216],[112.190602,26.47935],[112.197936,26.473995],[112.216217,26.475249],[112.22823,26.470131],[112.250792,26.467004],[112.272294,26.473943],[112.30692,26.493493],[112.316799,26.507862],[112.30306,26.553809],[112.305689,26.560697],[112.314102,26.565798],[112.334282,26.570948],[112.349707,26.569691],[112.367512,26.560627],[112.375427,26.550247],[112.382311,26.547002],[112.390521,26.564028],[112.412511,26.590948],[112.419613,26.593525],[112.429613,26.583655],[112.44043,26.560544],[112.45878,26.552894],[112.476219,26.554211],[112.487721,26.563406],[112.487469,26.576937],[112.492487,26.585871],[112.516922,26.571802],[112.529206,26.569177],[112.545221,26.586657],[112.573199,26.597614],[112.614944,26.603409],[112.622409,26.590752],[112.627794,26.588303],[112.646647,26.603176],[112.657305,26.604316],[112.663105,26.59695],[112.656269,26.576576],[112.639778,26.569607],[112.634838,26.562607],[112.637153,26.560023],[112.654788,26.566],[112.670566,26.563146],[112.672774,26.559538],[112.667715,26.531043],[112.670501,26.513526],[112.660034,26.490472],[112.652294,26.481688],[112.65405,26.477719],[112.664093,26.472629],[112.668134,26.465367],[112.661369,26.450525],[112.660629,26.433866],[112.64959,26.427842],[112.632561,26.40738],[112.636667,26.396005],[112.636397,26.385706],[112.626637,26.377878],[112.626031,26.373085],[112.637441,26.347104],[112.629372,26.337924],[112.622439,26.318001],[112.634443,26.301089],[112.647798,26.299151],[112.651433,26.295651],[112.639775,26.283804],[112.652894,26.250901],[112.64681,26.236576],[112.65193,26.227725],[112.649637,26.207475],[112.665942,26.195004],[112.683798,26.157361],[112.687774,26.147453],[112.683911,26.140846],[112.683581,26.131189],[112.681116,26.127151],[112.671769,26.130604],[112.668534,26.11436],[112.660074,26.113188],[112.656897,26.107381],[112.64968,26.104415],[112.637086,26.109386],[112.640974,26.11582],[112.652971,26.118351],[112.665084,26.132904],[112.649005,26.132645],[112.635864,26.136671],[112.625483,26.153472],[112.628469,26.166701],[112.620135,26.193103],[112.60379,26.201927],[112.59977,26.216645],[112.594441,26.223336],[112.582887,26.224549],[112.575873,26.222561],[112.575378,26.212459],[112.567141,26.196862],[112.572245,26.185436],[112.571046,26.171788],[112.576854,26.162689],[112.575352,26.158024],[112.570977,26.157564],[112.567253,26.163459],[112.564076,26.163227],[112.549605,26.150666],[112.523815,26.150927],[112.519146,26.140796],[112.507566,26.138831],[112.502896,26.147135],[112.502436,26.162876],[112.493017,26.160759],[112.485214,26.154616],[112.479996,26.155313],[112.47655,26.16227],[112.479623,26.171181],[112.472279,26.180111],[112.44701,26.184058],[112.439059,26.179057],[112.433139,26.18536],[112.425049,26.187175],[112.421802,26.193159],[112.400197,26.18791],[112.389503,26.189298],[112.382237,26.206472],[112.377558,26.210038],[112.371717,26.204652],[112.369503,26.193684],[112.357186,26.18233],[112.351509,26.164452],[112.332307,26.170731],[112.323635,26.168066],[112.321587,26.1643],[112.310189,26.165095],[112.304989,26.161788],[112.306431,26.15218],[112.298835,26.136108],[112.292584,26.1364],[112.290362,26.141236],[112.285771,26.137988],[112.286188,26.146147],[112.281127,26.147543],[112.261578,26.134407],[112.25215,26.133291],[112.252342,26.126536],[112.244459,26.126076],[112.242368,26.130792],[112.237628,26.12538],[112.227047,26.121089],[112.226361,26.13733],[112.21893,26.14215],[112.217228,26.154027],[112.212472,26.152836],[112.206526,26.155985],[112.211812,26.16871],[112.210319,26.171158],[112.200701,26.168758],[112.194677,26.172015],[112.180458,26.188877],[112.189607,26.20302],[112.184815,26.226921],[112.19057,26.23306],[112.192722,26.242596],[112.195384,26.265661],[112.191868,26.280581],[112.203422,26.295206],[112.206356,26.313407],[112.199481,26.318029],[112.191634,26.310323],[112.184941,26.315518],[112.172779,26.30753],[112.17192,26.327695],[112.175983,26.346651],[112.171799,26.351442],[112.162519,26.349934],[112.162103,26.354444],[112.156573,26.356601],[112.150054,26.353133],[112.146078,26.354715],[112.142554,26.362135],[112.146417,26.385306],[112.135766,26.391024],[112.134663,26.410241]]]}},{"type":"Feature","properties":{"id":"cn:4305","name":"邵阳市","level":1},"geometry":{"type":"Polygon","coordinates":[[[109.822313,26.609396],[109.826167,26.625062],[109.839509,26.62317],[109.846985,26.625411],[109.853746,26.647011],[109.87207,26.654824],[109.894543,26.659244],[109.896662,26.671672],[109.909613,26.679871],[109.929621,26.677366],[109.937511,26.681368],[109.945541,26.69249],[109.959083,26.695412],[109.97104,26.693394],[109.972986,26.689439],[109.983024,26.688867],[109.990953,26.68356],[109.994356,26.676826],[110.002837,26.676563],[109.997507,26.671484],[110.000166,26.667962],[110.014492,26.665807],[110.032154,26.685323],[110.038411,26.701177],[110.057187,26.698345],[110.067283,26.70344],[110.067691,26.711039],[110.062813,26.716049],[110.061818,26.722848],[110.056011,26.720869],[110.042717,26.728018],[110.045536,26.738967],[110.051754,26.743522],[110.044834,26.751945],[110.058285,26.752714],[110.057484,26.76484],[110.063457,26.762948],[110.064594,26.765008],[110.058682,26.773229],[110.063792,26.787923],[110.05685,26.796797],[110.051738,26.812155],[110.053363,26.825355],[110.043949,26.828353],[110.037348,26.838364],[110.043917,26.864058],[110.05468,26.8837],[110.073387,26.885292],[110.092198,26.899281],[110.09258,26.90962],[110.068674,26.931621],[110.071061,26.944967],[110.084837,26.952013],[110.097928,26.952159],[110.111417,26.981243],[110.119769,26.987453],[110.14207,26.990398],[110.148825,27.001695],[110.145529,27.026132],[110.150252,27.040989],[110.157824,27.049694],[110.196703,27.065266],[110.203664,27.084623],[110.199688,27.095374],[110.189459,27.10541],[110.195765,27.121507],[110.221841,27.133718],[110.244815,27.154439],[110.262379,27.157237],[110.287634,27.166767],[110.292886,27.164562],[110.300331,27.170484],[110.309618,27.161272],[110.322522,27.161697],[110.326777,27.159263],[110.326991,27.154746],[110.337909,27.153767],[110.351053,27.178504],[110.351561,27.187633],[110.347266,27.199182],[110.349822,27.208345],[110.370718,27.226224],[110.419132,27.202674],[110.43816,27.204451],[110.451415,27.216506],[110.457249,27.250309],[110.478724,27.265413],[110.506927,27.277134],[110.521702,27.293329],[110.519584,27.296773],[110.536207,27.308618],[110.549314,27.31171],[110.566537,27.287745],[110.574315,27.282066],[110.594105,27.284978],[110.604475,27.292483],[110.605352,27.299517],[110.601771,27.305347],[110.605386,27.313046],[110.600797,27.323457],[110.617329,27.33383],[110.631857,27.357123],[110.644531,27.368666],[110.644601,27.377177],[110.650208,27.383646],[110.654966,27.400211],[110.658377,27.424109],[110.669349,27.437963],[110.683447,27.447247],[110.688542,27.455777],[110.679881,27.472107],[110.67922,27.491287],[110.675539,27.500443],[110.643534,27.533033],[110.627996,27.539572],[110.628421,27.550363],[110.633452,27.559379],[110.64806,27.569273],[110.64909,27.578797],[110.656699,27.576318],[110.652508,27.581694],[110.652865,27.586498],[110.669272,27.603458],[110.700478,27.608046],[110.705664,27.610293],[110.710552,27.619655],[110.729245,27.619694],[110.728089,27.626641],[110.732388,27.630413],[110.73613,27.628973],[110.73875,27.620653],[110.733079,27.613186],[110.732288,27.604425],[110.744075,27.605879],[110.781867,27.56384],[110.794524,27.562775],[110.803786,27.566737],[110.81942,27.582212],[110.848607,27.595464],[110.849737,27.605258],[110.842786,27.612433],[110.840277,27.627474],[110.852433,27.624835],[110.856969,27.626971],[110.847153,27.631437],[110.848989,27.645132],[110.850713,27.650802],[110.864333,27.658931],[110.878057,27.654192],[110.912632,27.6599],[110.933569,27.657031],[110.961963,27.660628],[110.973373,27.658052],[110.972825,27.663276],[110.978734,27.663471],[110.984958,27.659829],[110.998679,27.659945],[110.994466,27.630048],[111.002944,27.629168],[111.020509,27.638897],[111.032093,27.635276],[111.054567,27.634465],[111.065461,27.623729],[111.068708,27.594593],[111.074905,27.591867],[111.101485,27.593822],[111.110843,27.580322],[111.124766,27.584512],[111.139178,27.581212],[111.144677,27.58532],[111.151919,27.58208],[111.14891,27.576507],[111.151971,27.574342],[111.164497,27.581383],[111.160399,27.574332],[111.164603,27.565122],[111.168473,27.563175],[111.176753,27.566949],[111.178536,27.559177],[111.192017,27.552421],[111.20024,27.556384],[111.216838,27.554354],[111.219654,27.549626],[111.218459,27.539466],[111.238135,27.528647],[111.246328,27.534189],[111.246958,27.542323],[111.250851,27.54172],[111.25142,27.547077],[111.264548,27.544473],[111.273004,27.559059],[111.293421,27.570469],[111.31665,27.55007],[111.344245,27.540203],[111.350411,27.530486],[111.345577,27.534323],[111.344933,27.531563],[111.35154,27.526072],[111.353604,27.529897],[111.362158,27.528049],[111.369645,27.534331],[111.372411,27.541405],[111.369969,27.547997],[111.38276,27.548033],[111.388996,27.555708],[111.398318,27.560491],[111.411941,27.581184],[111.410122,27.577014],[111.416861,27.574506],[111.418569,27.581491],[111.425714,27.586306],[111.427582,27.592656],[111.447585,27.599362],[111.452689,27.585429],[111.472232,27.581865],[111.483811,27.597507],[111.521279,27.608759],[111.521973,27.612196],[111.525753,27.609285],[111.538677,27.613821],[111.549078,27.630711],[111.556869,27.634014],[111.562653,27.630526],[111.562795,27.620345],[111.568741,27.611175],[111.583715,27.610044],[111.584878,27.597413],[111.591216,27.593247],[111.590224,27.584089],[111.595761,27.57877],[111.602367,27.57933],[111.606828,27.570004],[111.610246,27.569648],[111.615411,27.575912],[111.605927,27.583602],[111.620143,27.578664],[111.622717,27.583444],[111.626868,27.583677],[111.626474,27.580737],[111.629784,27.582235],[111.632035,27.588192],[111.634629,27.580027],[111.629236,27.577194],[111.636033,27.578088],[111.634962,27.57221],[111.620601,27.559583],[111.625299,27.556537],[111.630689,27.558949],[111.629773,27.563828],[111.633357,27.563896],[111.638642,27.556149],[111.636538,27.55068],[111.647079,27.544259],[111.644717,27.537453],[111.633303,27.541392],[111.638526,27.523592],[111.646281,27.517694],[111.664129,27.541335],[111.669951,27.540549],[111.684175,27.524793],[111.684357,27.534637],[111.687529,27.537217],[111.712232,27.519918],[111.725392,27.521529],[111.734915,27.505921],[111.744849,27.497654],[111.781944,27.497935],[111.784663,27.47378],[111.790852,27.471483],[111.798083,27.478135],[111.802979,27.477447],[111.808109,27.457704],[111.814029,27.452649],[111.829749,27.449428],[111.836729,27.46159],[111.849897,27.464566],[111.870227,27.44848],[111.907536,27.413779],[111.907771,27.406206],[111.901984,27.398888],[111.904134,27.392436],[111.935514,27.372658],[111.965089,27.360944],[111.984819,27.344913],[111.980245,27.336091],[111.98535,27.320703],[111.989029,27.318226],[111.994906,27.321957],[112.012493,27.32082],[112.01956,27.306868],[112.031617,27.294678],[112.03547,27.292374],[112.045645,27.295592],[112.056747,27.289015],[112.063596,27.239056],[112.062763,27.22184],[112.071183,27.21116],[112.079803,27.207114],[112.086313,27.209045],[112.088327,27.205525],[112.084273,27.204414],[112.082858,27.199607],[112.086868,27.198385],[112.085584,27.195769],[112.08068,27.194429],[112.086192,27.19326],[112.085576,27.188806],[112.068483,27.188954],[112.069829,27.190946],[112.06502,27.194251],[112.052485,27.178639],[112.043396,27.15403],[112.04673,27.145437],[112.040775,27.134195],[112.051018,27.11447],[112.045558,27.103572],[112.050567,27.0845],[112.041322,27.080523],[112.040627,27.077529],[112.067806,27.066236],[112.070705,27.053926],[112.077797,27.051697],[112.07238,27.044995],[112.081174,27.037135],[112.083716,27.022877],[112.077172,27.01251],[112.052103,27.015698],[112.044559,27.009722],[112.04212,27.002479],[112.031955,27.001171],[112.037614,26.998938],[112.04205,26.989012],[112.042007,26.979898],[112.03673,26.974288],[112.030618,26.975891],[112.022771,26.969528],[112.016373,26.9697],[112.010783,26.958799],[112.001573,26.95606],[111.995175,26.947068],[111.974082,26.945776],[111.980939,26.953483],[111.979611,26.960744],[111.97613,26.962247],[111.968344,26.962386],[111.960453,26.954804],[111.948248,26.958736],[111.930314,26.955815],[111.921756,26.93926],[111.912536,26.938751],[111.898717,26.927054],[111.892155,26.933159],[111.892953,26.972434],[111.889264,26.980229],[111.883576,26.977878],[111.888351,26.983103],[111.882625,26.988958],[111.884909,26.993241],[111.876441,26.991444],[111.87685,27.002586],[111.871416,27.001221],[111.872007,27.009214],[111.86429,27.016964],[111.856443,27.01281],[111.836564,27.012228],[111.825757,27.019884],[111.812328,27.023388],[111.81804,27.039203],[111.810618,27.048898],[111.803049,27.04909],[111.804967,27.041045],[111.800905,27.036425],[111.772128,27.048632],[111.765704,27.062072],[111.748031,27.060693],[111.751721,27.066672],[111.732371,27.064947],[111.718447,27.075247],[111.715279,27.064953],[111.707388,27.055747],[111.69383,27.050034],[111.691868,27.043089],[111.684906,27.040179],[111.682249,27.034081],[111.671607,27.036533],[111.659003,27.03386],[111.660158,27.030371],[111.655297,27.026966],[111.657119,27.02313],[111.654238,27.015689],[111.646182,27.012243],[111.64396,27.007996],[111.648621,26.999978],[111.646825,26.996814],[111.652476,26.99052],[111.643882,26.970969],[111.644932,26.966726],[111.629977,26.967311],[111.625401,26.961252],[111.616764,26.957799],[111.606729,26.963953],[111.599212,26.962006],[111.58988,26.965133],[111.584498,26.970229],[111.576173,26.965726],[111.571199,26.948608],[111.561833,26.938391],[111.569307,26.931379],[111.577848,26.928632],[111.576677,26.916358],[111.583821,26.90034],[111.572354,26.886126],[111.562545,26.887054],[111.559176,26.873189],[111.547475,26.866876],[111.545427,26.850509],[111.538899,26.844732],[111.528292,26.850633],[111.526824,26.862788],[111.521008,26.868894],[111.51179,26.868602],[111.502511,26.862994],[111.489768,26.86411],[111.477024,26.860116],[111.46593,26.865314],[111.456946,26.864374],[111.454542,26.870423],[111.437215,26.870509],[111.431581,26.86405],[111.42442,26.871156],[111.415549,26.87139],[111.407267,26.862054],[111.402988,26.861174],[111.38889,26.866253],[111.367346,26.861466],[111.359125,26.868749],[111.345678,26.86496],[111.344212,26.854862],[111.32442,26.840036],[111.316495,26.823506],[111.317085,26.81646],[111.309915,26.807123],[111.318551,26.793236],[111.317085,26.781495],[111.323777,26.775505],[111.319724,26.743269],[111.311799,26.736574],[111.31133,26.728061],[111.316555,26.723246],[111.316026,26.71761],[111.303691,26.71435],[111.297588,26.703428],[111.27093,26.692301],[111.277736,26.679853],[111.290366,26.674187],[111.295888,26.647619],[111.307155,26.642421],[111.306104,26.636783],[111.309211,26.63197],[111.300696,26.623162],[111.299229,26.586757],[111.292363,26.580357],[111.29166,26.571167],[111.283204,26.563064],[111.291599,26.515152],[111.285253,26.506108],[111.283439,26.495744],[111.272988,26.49363],[111.266581,26.502849],[111.263057,26.503202],[111.256364,26.492339],[111.255722,26.483326],[111.246096,26.487261],[111.227362,26.485939],[111.198526,26.466811],[111.195887,26.460704],[111.176895,26.465212],[111.179333,26.473842],[111.169498,26.478482],[111.163977,26.47672],[111.150175,26.485733],[111.153526,26.497712],[111.149064,26.504581],[111.158804,26.508457],[111.160627,26.515062],[111.15258,26.52058],[111.148647,26.530329],[111.136902,26.544597],[111.120461,26.557193],[111.121755,26.580768],[111.131911,26.611917],[111.129151,26.621429],[111.12205,26.626361],[111.104671,26.621546],[111.108075,26.608217],[111.101616,26.590162],[111.081538,26.592159],[111.068265,26.591101],[111.064333,26.587667],[111.058639,26.561683],[111.061277,26.537404],[111.057988,26.52983],[111.061216,26.524838],[111.062215,26.510424],[111.057224,26.505785],[111.056642,26.496214],[111.051182,26.489901],[111.054992,26.477044],[111.047423,26.460338],[111.038491,26.454524],[111.039723,26.444248],[111.024342,26.432829],[111.013187,26.39657],[111.020236,26.386295],[111.014012,26.380746],[111.011425,26.369355],[111.0035,26.362249],[110.986885,26.367007],[110.978838,26.375372],[110.978665,26.381478],[110.96962,26.389055],[110.954055,26.386264],[110.94001,26.377159],[110.945659,26.360491],[110.942561,26.356666],[110.93909,26.330248],[110.920653,26.323408],[110.931217,26.308906],[110.930748,26.297835],[110.934854,26.292668],[110.923995,26.258055],[110.916832,26.258406],[110.920236,26.265453],[110.91014,26.279869],[110.85086,26.271635],[110.831797,26.259573],[110.783802,26.261791],[110.754252,26.252036],[110.753351,26.258536],[110.730403,26.274357],[110.737977,26.279465],[110.745194,26.293863],[110.744676,26.304473],[110.736924,26.317279],[110.72774,26.315148],[110.716135,26.297613],[110.70471,26.29656],[110.693045,26.312147],[110.676647,26.318687],[110.662576,26.321109],[110.645788,26.313406],[110.630467,26.313979],[110.621231,26.319189],[110.616483,26.336149],[110.607794,26.337227],[110.590563,26.321936],[110.579539,26.300472],[110.5486,26.286922],[110.541509,26.260732],[110.542058,26.237029],[110.53809,26.224597],[110.503047,26.179978],[110.485808,26.168805],[110.472918,26.183162],[110.466554,26.181728],[110.452154,26.167592],[110.433135,26.157089],[110.418299,26.136743],[110.37231,26.097501],[110.368542,26.092184],[110.368403,26.081615],[110.348525,26.05777],[110.352727,26.04587],[110.335531,26.011481],[110.328379,25.990056],[110.320861,25.978727],[110.303461,25.970649],[110.299624,25.970951],[110.298932,25.975987],[110.297011,25.971091],[110.29359,25.972918],[110.292993,25.968783],[110.278717,25.971391],[110.262182,25.965882],[110.247532,25.972795],[110.246203,25.983757],[110.248591,25.989904],[110.255245,25.991497],[110.255187,25.994685],[110.248591,25.998955],[110.246656,26.004646],[110.241879,26.004702],[110.245633,26.014037],[110.241537,26.021492],[110.236245,26.021945],[110.234025,26.027978],[110.235789,26.036118],[110.227369,26.035623],[110.22543,26.04055],[110.208397,26.047126],[110.204297,26.060071],[110.189346,26.066203],[110.188034,26.071027],[110.171966,26.054831],[110.161122,26.026911],[110.151657,26.02157],[110.139524,26.021851],[110.110541,26.038064],[110.093154,26.022479],[110.090623,26.026954],[110.091152,26.041438],[110.084421,26.045421],[110.067843,26.047772],[110.060642,26.054624],[110.067355,26.066971],[110.069647,26.086167],[110.077897,26.09916],[110.076087,26.102162],[110.09126,26.130227],[110.09754,26.133277],[110.089608,26.150232],[110.093918,26.172253],[110.079193,26.174618],[110.063675,26.1712],[110.046834,26.172383],[110.034912,26.165889],[110.025543,26.169337],[110.009551,26.188785],[110.001151,26.18909],[109.984699,26.183355],[109.97779,26.187801],[109.973181,26.196062],[109.961773,26.198924],[109.969872,26.22176],[109.988215,26.241995],[109.984273,26.248567],[109.990858,26.263188],[109.986554,26.268677],[109.986486,26.275116],[109.979749,26.282522],[109.992406,26.29955],[110.004689,26.307376],[110.008353,26.338422],[110.012831,26.346744],[110.006921,26.368031],[110.007589,26.375848],[109.974143,26.391523],[109.973465,26.403689],[109.982719,26.43595],[109.962337,26.431571],[109.94844,26.43806],[109.946105,26.440557],[109.950566,26.450488],[109.93048,26.46057],[109.929742,26.475953],[109.924048,26.4807],[109.914622,26.478288],[109.892339,26.463539],[109.886974,26.463011],[109.870993,26.471764],[109.855716,26.467202],[109.851835,26.468773],[109.857894,26.49044],[109.874943,26.500663],[109.87392,26.507417],[109.879246,26.515911],[109.875267,26.521002],[109.887866,26.530873],[109.885869,26.53536],[109.880511,26.534109],[109.86787,26.542517],[109.858821,26.542518],[109.85989,26.564631],[109.867618,26.574653],[109.857235,26.587272],[109.852377,26.58453],[109.828042,26.602812],[109.822313,26.609396]]]}},{"type":"Feature","properties":{"id":"cn:430502","name":"双清区","level":2},"geometry":{"type":"Polygon","coordinates":[[[111.459106,27.260689],[111.459397,27.267097],[111.4633,27.2704],[111.468195,27.26856],[111.476094,27.256683],[111.481974,27.256449],[111.488096,27.262944],[111.490252,27.269001],[111.485635,27.276436],[111.48761,27.285254],[111.479931,27.293069],[111.486652,27.300884],[111.484564,27.304066],[111.493273,27.309241],[111.4946,27.304668],[111.500323,27.302446],[111.531389,27.302092],[111.528751,27.295202],[111.518924,27.286433],[111.518222,27.281253],[111.520972,27.28035],[111.53738,27.284017],[111.541745,27.298712],[111.545746,27.287514],[111.556928,27.279721],[111.574922,27.279289],[111.586086,27.290288],[111.595296,27.290269],[111.59968,27.286748],[111.601265,27.277697],[111.598319,27.271485],[111.608735,27.262958],[111.606532,27.252792],[111.619664,27.257994],[111.624323,27.254146],[111.617129,27.242501],[111.618282,27.233388],[111.612999,27.204441],[111.603605,27.196342],[111.597257,27.196067],[111.592937,27.203281],[111.583181,27.203756],[111.560015,27.200638],[111.547076,27.193367],[111.541393,27.204616],[111.533977,27.202562],[111.52815,27.206305],[111.514944,27.19465],[111.516039,27.201135],[111.499057,27.210386],[111.487249,27.199194],[111.482384,27.199515],[111.479497,27.207588],[111.469072,27.217103],[111.471317,27.220954],[111.467827,27.221964],[111.475984,27.231515],[111.469517,27.232929],[111.462971,27.245366],[111.469392,27.251056],[111.463825,27.252561],[111.459106,27.260689]]]}},{"type":"Feature","properties":{"id":"cn:430503","name":"大祥区","level":2},"geometry":{"type":"Polygon","coordinates":[[[111.373975,27.18892],[111.377871,27.19726],[111.380909,27.197335],[111.393759,27.212194],[111.400667,27.211982],[111.402813,27.202886],[111.408378,27.198959],[111.414631,27.197363],[111.419614,27.199709],[111.42521,27.211477],[111.415504,27.232713],[111.422875,27.240647],[111.440426,27.245919],[111.44707,27.242489],[111.462971,27.245366],[111.469517,27.232929],[111.475252,27.232369],[111.467827,27.221964],[111.471317,27.220954],[111.469072,27.217103],[111.479497,27.207588],[111.483506,27.199087],[111.490618,27.201547],[111.499057,27.210386],[111.516039,27.201135],[111.514944,27.19465],[111.52815,27.206305],[111.533977,27.202562],[111.541393,27.204616],[111.547076,27.193367],[111.562955,27.201386],[111.592937,27.203281],[111.5808,27.182201],[111.577996,27.168768],[111.569679,27.152461],[111.570044,27.147149],[111.581362,27.13892],[111.578362,27.135563],[111.585449,27.130057],[111.5811,27.123639],[111.589273,27.125946],[111.589802,27.112254],[111.580527,27.108922],[111.583496,27.105442],[111.563899,27.104242],[111.564235,27.099938],[111.555782,27.098663],[111.554048,27.092784],[111.547715,27.08977],[111.539162,27.091125],[111.533788,27.094693],[111.534631,27.101435],[111.539297,27.105604],[111.536835,27.113928],[111.53183,27.113744],[111.534714,27.122354],[111.528404,27.124369],[111.530343,27.129072],[111.517067,27.132203],[111.509912,27.148757],[111.502118,27.150007],[111.490976,27.147589],[111.487463,27.143197],[111.481104,27.145544],[111.480711,27.141198],[111.476546,27.139846],[111.479987,27.139137],[111.482217,27.132312],[111.480342,27.12332],[111.485123,27.120556],[111.486474,27.113704],[111.477838,27.099866],[111.470222,27.100255],[111.466307,27.104019],[111.467364,27.108463],[111.461841,27.108365],[111.462575,27.101196],[111.460014,27.102367],[111.457474,27.097069],[111.451955,27.097844],[111.443595,27.090994],[111.434155,27.089932],[111.430594,27.084333],[111.422816,27.084952],[111.423935,27.080152],[111.418821,27.080588],[111.412625,27.087163],[111.403926,27.088845],[111.401239,27.096049],[111.414194,27.098613],[111.415952,27.104089],[111.411431,27.107257],[111.413998,27.111654],[111.41206,27.114887],[111.422801,27.128693],[111.417216,27.133543],[111.410114,27.132591],[111.413463,27.134256],[111.40927,27.139592],[111.402258,27.142005],[111.405132,27.150761],[111.402672,27.155015],[111.388565,27.165494],[111.38087,27.164737],[111.381524,27.16991],[111.377259,27.174826],[111.373975,27.18892]]]}},{"type":"Feature","properties":{"id":"cn:430511","name":"北塔区","level":2},"geometry":{"type":"Polygon","coordinates":[[[111.347498,27.202512],[111.354177,27.214612],[111.349861,27.221393],[111.361057,27.234885],[111.359236,27.240958],[111.361636,27.247767],[111.355568,27.251419],[111.35514,27.255365],[111.36004,27.260648],[111.366286,27.260935],[111.375651,27.272327],[111.379755,27.273655],[111.382967,27.270843],[111.397834,27.278428],[111.398417,27.275573],[111.404199,27.276251],[111.406137,27.280413],[111.411489,27.279172],[111.413712,27.283914],[111.418616,27.283963],[111.424957,27.289942],[111.419393,27.295099],[111.422347,27.298828],[111.430807,27.300734],[111.436829,27.299224],[111.440594,27.293646],[111.448398,27.29484],[111.44993,27.290979],[111.457238,27.295648],[111.458548,27.301767],[111.46922,27.30283],[111.486845,27.287448],[111.485635,27.276436],[111.490217,27.267004],[111.482801,27.256946],[111.475244,27.257137],[111.468195,27.26856],[111.462192,27.270056],[111.459189,27.260172],[111.463825,27.252561],[111.469137,27.251634],[111.467831,27.248063],[111.452835,27.242917],[111.440426,27.245919],[111.425043,27.241711],[111.418084,27.236044],[111.414977,27.229946],[111.42535,27.210091],[111.416878,27.197982],[111.404018,27.20154],[111.40139,27.210984],[111.398152,27.212725],[111.389617,27.210178],[111.379736,27.196529],[111.372354,27.197299],[111.369777,27.203221],[111.35607,27.20065],[111.347498,27.202512]]]}},{"type":"Feature","properties":{"id":"cn:430522","name":"新邵县","level":2},"geometry":{"type":"Polygon","coordinates":[[[111.13994,27.351821],[111.142484,27.358718],[111.1631,27.356505],[111.17815,27.362087],[111.17362,27.369938],[111.166836,27.373155],[111.163553,27.382162],[111.156762,27.381724],[111.155576,27.390729],[111.141397,27.392349],[111.140465,27.405364],[111.143568,27.41062],[111.155957,27.412925],[111.164213,27.423701],[111.16302,27.426912],[111.152732,27.428974],[111.147345,27.434417],[111.159297,27.443229],[111.157903,27.447331],[111.151207,27.44618],[111.151411,27.448943],[111.160708,27.45232],[111.163513,27.45713],[111.174003,27.455425],[111.183257,27.462811],[111.180167,27.467361],[111.188168,27.470471],[111.177937,27.47922],[111.181249,27.487327],[111.186448,27.488122],[111.181058,27.493211],[111.184618,27.499624],[111.195825,27.50576],[111.191403,27.521365],[111.197423,27.533301],[111.192017,27.552421],[111.20024,27.556384],[111.216838,27.554354],[111.219654,27.549626],[111.218459,27.539466],[111.239303,27.528398],[111.246662,27.534684],[111.246958,27.542323],[111.250851,27.54172],[111.25142,27.547077],[111.264548,27.544473],[111.273004,27.559059],[111.295454,27.570342],[111.31665,27.55007],[111.344245,27.540203],[111.350412,27.531194],[111.344781,27.533829],[111.348229,27.527757],[111.352245,27.526156],[111.354116,27.529953],[111.362158,27.528049],[111.370922,27.535957],[111.369969,27.547997],[111.38276,27.548033],[111.388996,27.555708],[111.398318,27.560491],[111.411941,27.581184],[111.410122,27.577014],[111.416861,27.574506],[111.418569,27.581491],[111.425714,27.586306],[111.427582,27.592656],[111.447585,27.599362],[111.452689,27.585429],[111.472232,27.581865],[111.483811,27.597507],[111.521279,27.608759],[111.521973,27.612196],[111.525753,27.609285],[111.538677,27.613821],[111.549078,27.630711],[111.555564,27.63402],[111.562653,27.630526],[111.562795,27.620345],[111.568741,27.611175],[111.583715,27.610044],[111.584878,27.597413],[111.591216,27.593247],[111.590224,27.584089],[111.595761,27.57877],[111.602367,27.57933],[111.606828,27.570004],[111.610246,27.569648],[111.615411,27.575912],[111.605927,27.583602],[111.620143,27.578664],[111.622717,27.583444],[111.626868,27.583677],[111.626474,27.580737],[111.629784,27.582235],[111.632035,27.588192],[111.634629,27.580027],[111.629236,27.577194],[111.636033,27.578088],[111.634962,27.57221],[111.620601,27.559583],[111.625299,27.556537],[111.630689,27.558949],[111.629773,27.563828],[111.633357,27.563896],[111.638642,27.556149],[111.636538,27.55068],[111.647079,27.544259],[111.644717,27.537453],[111.633303,27.541392],[111.638526,27.523592],[111.646281,27.517694],[111.664129,27.541335],[111.667772,27.541534],[111.680813,27.530652],[111.682963,27.525015],[111.685281,27.527059],[111.684357,27.534637],[111.687529,27.537217],[111.712232,27.519918],[111.725392,27.521529],[111.734915,27.505921],[111.744849,27.497654],[111.781944,27.497935],[111.784663,27.47378],[111.790852,27.471483],[111.798083,27.478135],[111.802979,27.477447],[111.808109,27.457704],[111.818291,27.450751],[111.808803,27.427289],[111.812883,27.421282],[111.830483,27.41343],[111.833238,27.408977],[111.832443,27.400002],[111.82842,27.396997],[111.821908,27.401471],[111.816287,27.395337],[111.803577,27.397791],[111.801101,27.407434],[111.797715,27.408427],[111.789021,27.404798],[111.78725,27.394422],[111.777011,27.386257],[111.763815,27.388386],[111.757673,27.394152],[111.727267,27.383567],[111.723265,27.378039],[111.723143,27.361503],[111.716217,27.35108],[111.681113,27.343571],[111.68692,27.308324],[111.684724,27.299023],[111.681173,27.296227],[111.671781,27.298347],[111.664271,27.304962],[111.664732,27.308986],[111.649541,27.305066],[111.650201,27.314682],[111.646859,27.318541],[111.637822,27.314891],[111.639063,27.31211],[111.641534,27.315191],[111.642189,27.312387],[111.645564,27.313837],[111.64598,27.311155],[111.640937,27.311945],[111.64205,27.309309],[111.641622,27.308594],[111.639045,27.3112],[111.638263,27.306142],[111.631928,27.307854],[111.628622,27.304817],[111.620904,27.305231],[111.614898,27.322792],[111.609428,27.325844],[111.590531,27.317438],[111.590088,27.311027],[111.596304,27.307475],[111.595296,27.290269],[111.586086,27.290288],[111.574922,27.279289],[111.556928,27.279721],[111.545746,27.287514],[111.541745,27.298712],[111.535061,27.282203],[111.518222,27.281253],[111.518924,27.286433],[111.528751,27.295202],[111.531389,27.302092],[111.500323,27.302446],[111.4946,27.304668],[111.493273,27.309241],[111.484564,27.304066],[111.486652,27.300884],[111.479931,27.293069],[111.46922,27.30283],[111.458548,27.301767],[111.457238,27.295648],[111.44993,27.290979],[111.447117,27.295409],[111.439821,27.29394],[111.436057,27.299554],[111.423934,27.299682],[111.419338,27.295427],[111.424957,27.289942],[111.418616,27.283963],[111.413712,27.283914],[111.411489,27.279172],[111.406137,27.280413],[111.404199,27.276251],[111.398417,27.275573],[111.397834,27.278428],[111.382967,27.270843],[111.376388,27.272754],[111.363004,27.259681],[111.355762,27.258277],[111.350382,27.262892],[111.335625,27.255676],[111.310939,27.256686],[111.308666,27.250508],[111.298435,27.249974],[111.297189,27.243701],[111.292407,27.248363],[111.296978,27.251625],[111.291207,27.254432],[111.288605,27.252046],[111.286853,27.255992],[111.27081,27.248052],[111.269116,27.253951],[111.273464,27.255336],[111.272116,27.262809],[111.268511,27.263207],[111.264854,27.271039],[111.262177,27.271167],[111.263091,27.264622],[111.261183,27.266774],[111.245029,27.265982],[111.237713,27.271163],[111.23251,27.264041],[111.22902,27.264492],[111.222106,27.274487],[111.226818,27.285444],[111.218592,27.288042],[111.216807,27.294374],[111.211322,27.295453],[111.208039,27.300716],[111.210594,27.306151],[111.197823,27.307862],[111.198539,27.317578],[111.184672,27.320717],[111.18595,27.324046],[111.174246,27.34002],[111.154159,27.337188],[111.142301,27.339434],[111.13994,27.351821]]]}},{"type":"Feature","properties":{"id":"cn:430523","name":"邵阳县","level":2},"geometry":{"type":"Polygon","coordinates":[[[110.999342,26.931555],[111.004004,26.934472],[111.018694,26.930745],[111.026588,26.934732],[111.024644,26.947279],[111.03028,26.955942],[111.026718,26.968126],[111.030229,26.970995],[111.026195,26.975732],[111.031414,26.982247],[111.022022,26.985365],[111.017778,26.994529],[111.018963,27.002589],[111.034969,27.005806],[111.047881,27.014835],[111.053669,27.023505],[111.06618,27.030366],[111.073337,27.051379],[111.078287,27.049686],[111.087314,27.029686],[111.100681,27.033761],[111.132137,27.004905],[111.134731,27.008],[111.132644,27.01293],[111.1346,27.023822],[111.121376,27.037523],[111.131895,27.041793],[111.129281,27.057541],[111.133983,27.058152],[111.134431,27.062935],[111.135532,27.059131],[111.137341,27.062932],[111.144086,27.05881],[111.152852,27.066251],[111.157327,27.062234],[111.167782,27.069619],[111.177673,27.067888],[111.179858,27.070126],[111.184513,27.069807],[111.186543,27.066001],[111.191847,27.070995],[111.200398,27.069733],[111.207901,27.075216],[111.210484,27.080137],[111.208331,27.095299],[111.21319,27.102505],[111.214449,27.114824],[111.210776,27.111756],[111.207346,27.11421],[111.206639,27.125411],[111.210868,27.129728],[111.217035,27.127375],[111.216695,27.132637],[111.229321,27.142306],[111.228695,27.14986],[111.231379,27.152357],[111.226823,27.162971],[111.21603,27.165743],[111.216158,27.170641],[111.220849,27.170909],[111.218767,27.17431],[111.223182,27.173906],[111.224819,27.179321],[111.22054,27.179328],[111.220598,27.182573],[111.216972,27.183864],[111.219462,27.187963],[111.214941,27.187388],[111.219017,27.196994],[111.21697,27.200977],[111.222207,27.199928],[111.223911,27.196313],[111.225319,27.198546],[111.226373,27.195054],[111.230144,27.197252],[111.221603,27.206481],[111.228685,27.220612],[111.220219,27.225462],[111.22261,27.230633],[111.219904,27.239331],[111.217742,27.237345],[111.212809,27.245434],[111.222532,27.251939],[111.228087,27.264228],[111.23251,27.264041],[111.237014,27.271076],[111.245029,27.265982],[111.261183,27.266774],[111.262517,27.264598],[111.262177,27.271167],[111.265537,27.270794],[111.268511,27.263207],[111.272116,27.262809],[111.273464,27.255336],[111.269116,27.253951],[111.27081,27.248052],[111.286853,27.255992],[111.288605,27.252046],[111.291207,27.254432],[111.296978,27.251625],[111.292407,27.248363],[111.295987,27.243728],[111.298365,27.244187],[111.298435,27.249974],[111.308666,27.250508],[111.311869,27.256952],[111.335625,27.255676],[111.350382,27.262892],[111.355762,27.258277],[111.359613,27.258903],[111.354695,27.254227],[111.361636,27.247767],[111.359236,27.240958],[111.361057,27.234885],[111.349861,27.221393],[111.354177,27.214612],[111.347498,27.202512],[111.35607,27.20065],[111.369777,27.203221],[111.372354,27.197299],[111.377871,27.19726],[111.373975,27.18892],[111.377259,27.174826],[111.381524,27.16991],[111.38087,27.164737],[111.388565,27.165494],[111.402672,27.155015],[111.405132,27.150761],[111.402258,27.142005],[111.40927,27.139592],[111.413463,27.134256],[111.410114,27.132591],[111.417216,27.133543],[111.422801,27.128693],[111.41206,27.114887],[111.413998,27.111654],[111.411431,27.107257],[111.415952,27.104089],[111.414194,27.098613],[111.401239,27.096049],[111.403926,27.088845],[111.412625,27.087163],[111.418821,27.080588],[111.423935,27.080152],[111.422816,27.084952],[111.430594,27.084333],[111.434155,27.089932],[111.443595,27.090994],[111.451955,27.097844],[111.457474,27.097069],[111.460014,27.102367],[111.462575,27.101196],[111.461841,27.108365],[111.467364,27.108463],[111.466307,27.104019],[111.470222,27.100255],[111.477838,27.099866],[111.486474,27.113704],[111.485123,27.120556],[111.480342,27.12332],[111.482217,27.132312],[111.479987,27.139137],[111.476546,27.139846],[111.480711,27.141198],[111.481104,27.145544],[111.487463,27.143197],[111.490976,27.147589],[111.506214,27.150282],[111.510479,27.148246],[111.517067,27.132203],[111.530343,27.129072],[111.528404,27.124369],[111.535004,27.1218],[111.53183,27.113744],[111.536835,27.113928],[111.539297,27.105604],[111.534631,27.101435],[111.534529,27.093469],[111.545275,27.088994],[111.554048,27.092784],[111.55852,27.10031],[111.564235,27.099938],[111.563899,27.104242],[111.574731,27.10369],[111.579833,27.107085],[111.594722,27.101485],[111.596538,27.097825],[111.597978,27.100043],[111.604735,27.092135],[111.600467,27.091636],[111.597056,27.08647],[111.595935,27.077647],[111.600357,27.068085],[111.611264,27.071898],[111.612888,27.078565],[111.618333,27.077594],[111.616187,27.086861],[111.622706,27.091325],[111.631294,27.087339],[111.633418,27.079881],[111.638877,27.08132],[111.639701,27.088105],[111.655073,27.081648],[111.659557,27.069944],[111.663161,27.066425],[111.666702,27.068762],[111.665525,27.062237],[111.671248,27.064908],[111.662814,27.049535],[111.666312,27.046204],[111.663197,27.04165],[111.664385,27.036049],[111.659707,27.034712],[111.660027,27.029999],[111.655297,27.026966],[111.657119,27.02313],[111.654238,27.015689],[111.646182,27.012243],[111.64396,27.007996],[111.648621,26.999978],[111.646825,26.996814],[111.652476,26.99052],[111.643882,26.970969],[111.644932,26.966726],[111.629977,26.967311],[111.625401,26.961252],[111.616764,26.957799],[111.606729,26.963953],[111.599212,26.962006],[111.58988,26.965133],[111.584498,26.970229],[111.576173,26.965726],[111.571199,26.948608],[111.561833,26.938391],[111.569307,26.931379],[111.577848,26.928632],[111.576677,26.916358],[111.583821,26.90034],[111.572354,26.886126],[111.562545,26.887054],[111.559176,26.873189],[111.546356,26.865083],[111.546738,26.855344],[111.541677,26.846325],[111.538274,26.844479],[111.528292,26.850633],[111.526824,26.862788],[111.521008,26.868894],[111.51179,26.868602],[111.502511,26.862994],[111.489768,26.86411],[111.477024,26.860116],[111.46593,26.865314],[111.456946,26.864374],[111.454542,26.870423],[111.437215,26.870509],[111.431581,26.86405],[111.42442,26.871156],[111.415549,26.87139],[111.407267,26.862054],[111.402988,26.861174],[111.38889,26.866253],[111.367346,26.861466],[111.359125,26.868749],[111.345678,26.86496],[111.344212,26.854862],[111.32442,26.840036],[111.316495,26.823506],[111.317085,26.81646],[111.309915,26.807123],[111.318551,26.793236],[111.317085,26.781495],[111.323777,26.775505],[111.319724,26.743269],[111.311799,26.736574],[111.31133,26.728061],[111.316555,26.723246],[111.316026,26.71761],[111.303691,26.71435],[111.297588,26.703428],[111.27093,26.692301],[111.264585,26.699494],[111.265054,26.717404],[111.248084,26.720405],[111.218581,26.714869],[111.207693,26.721057],[111.209553,26.732337],[111.204808,26.752829],[111.195398,26.772888],[111.200672,26.780557],[111.19804,26.786699],[111.151772,26.796996],[111.148448,26.805664],[111.143309,26.80704],[111.133442,26.805055],[111.12804,26.793625],[111.124789,26.793334],[111.122088,26.799648],[111.109224,26.802964],[111.107882,26.811365],[111.10087,26.813299],[111.092631,26.821171],[111.086076,26.817264],[111.065036,26.816596],[111.059862,26.824211],[111.075401,26.834228],[111.076711,26.838527],[111.073603,26.846266],[111.065175,26.851058],[111.059411,26.869498],[111.070956,26.877192],[111.073153,26.883515],[111.071529,26.886123],[111.034229,26.89374],[111.013291,26.904208],[111.001265,26.916343],[111.003018,26.924677],[110.999342,26.931555]]]}},{"type":"Feature","properties":{"id":"cn:430524","name":"隆回县","level":2},"geometry":{"type":"Polygon","coordinates":[[[110.626667,27.543922],[110.633452,27.559379],[110.64806,27.569273],[110.64909,27.578797],[110.656699,27.576318],[110.652508,27.581694],[110.652865,27.586498],[110.669272,27.603458],[110.700478,27.608046],[110.705664,27.610293],[110.710552,27.619655],[110.729245,27.619694],[110.728089,27.626641],[110.732388,27.630413],[110.73613,27.628973],[110.73875,27.620653],[110.733079,27.613186],[110.732288,27.604425],[110.744075,27.605879],[110.781867,27.56384],[110.799159,27.564411],[110.81942,27.582212],[110.848607,27.595464],[110.849737,27.605258],[110.842786,27.612433],[110.840277,27.627474],[110.852433,27.624835],[110.856969,27.626971],[110.847153,27.631437],[110.848989,27.645132],[110.850713,27.650802],[110.864333,27.658931],[110.878057,27.654192],[110.912632,27.6599],[110.933569,27.657031],[110.961963,27.660628],[110.973373,27.658052],[110.972825,27.663276],[110.998679,27.659945],[110.994466,27.630048],[111.002944,27.629168],[111.020509,27.638897],[111.032093,27.635276],[111.054567,27.634465],[111.065461,27.623729],[111.068708,27.594593],[111.074905,27.591867],[111.101485,27.593822],[111.110843,27.580322],[111.124766,27.584512],[111.139178,27.581212],[111.144677,27.58532],[111.151919,27.58208],[111.14891,27.576507],[111.151971,27.574342],[111.158557,27.579968],[111.165007,27.580985],[111.160399,27.574332],[111.164603,27.565122],[111.168473,27.563175],[111.176753,27.566949],[111.178536,27.559177],[111.192017,27.552421],[111.197423,27.533301],[111.191403,27.521365],[111.196128,27.50781],[111.19342,27.502644],[111.184618,27.499624],[111.181058,27.493211],[111.186448,27.488122],[111.181249,27.487327],[111.178136,27.47815],[111.188168,27.470471],[111.180167,27.467361],[111.182857,27.462099],[111.172902,27.455069],[111.163513,27.45713],[111.160708,27.45232],[111.151411,27.448943],[111.151207,27.44618],[111.157903,27.447331],[111.159297,27.443229],[111.147345,27.434417],[111.152732,27.428974],[111.16302,27.426912],[111.163712,27.422633],[111.155957,27.412925],[111.143568,27.41062],[111.140465,27.405364],[111.141397,27.392349],[111.155576,27.390729],[111.156762,27.381724],[111.163553,27.382162],[111.166836,27.373155],[111.17362,27.369938],[111.17815,27.362087],[111.1631,27.356505],[111.142484,27.358718],[111.140487,27.343557],[111.147717,27.33716],[111.170122,27.340005],[111.177344,27.338197],[111.18595,27.324046],[111.184672,27.320717],[111.198539,27.317578],[111.197823,27.307862],[111.209896,27.306776],[111.208039,27.300716],[111.211322,27.295453],[111.216807,27.294374],[111.218592,27.288042],[111.226818,27.285444],[111.222009,27.275556],[111.228609,27.26486],[111.222532,27.251939],[111.212738,27.244393],[111.217742,27.237345],[111.219904,27.239331],[111.22261,27.230633],[111.220219,27.225462],[111.228685,27.220612],[111.221603,27.206481],[111.230144,27.197252],[111.226373,27.195054],[111.225319,27.198546],[111.223911,27.196313],[111.222207,27.199928],[111.21697,27.200977],[111.219017,27.196994],[111.214941,27.187388],[111.219462,27.187963],[111.216972,27.183864],[111.220598,27.182573],[111.22054,27.179328],[111.224819,27.179321],[111.223182,27.173906],[111.218767,27.17431],[111.220849,27.170909],[111.216158,27.170641],[111.21603,27.165743],[111.226823,27.162971],[111.231379,27.152357],[111.228695,27.14986],[111.229321,27.142306],[111.216695,27.132637],[111.217035,27.127375],[111.210868,27.129728],[111.206639,27.125411],[111.207346,27.11421],[111.210776,27.111756],[111.214449,27.114824],[111.21319,27.102505],[111.208331,27.095299],[111.210484,27.080137],[111.207901,27.075216],[111.200398,27.069733],[111.191847,27.070995],[111.186543,27.066001],[111.184513,27.069807],[111.179858,27.070126],[111.177673,27.067888],[111.167782,27.069619],[111.157327,27.062234],[111.152852,27.066251],[111.144086,27.05881],[111.137341,27.062932],[111.135532,27.059131],[111.134431,27.062935],[111.133983,27.058152],[111.129281,27.057541],[111.131895,27.041793],[111.121376,27.037523],[111.1346,27.023822],[111.132644,27.01293],[111.134731,27.008],[111.132137,27.004905],[111.100681,27.033761],[111.087314,27.029686],[111.078287,27.049686],[111.074908,27.051587],[111.069384,27.045855],[111.06618,27.030366],[111.053669,27.023505],[111.047881,27.014835],[111.034969,27.005806],[111.019951,27.003881],[111.018534,26.996251],[111.004775,27.011903],[111.000492,27.008785],[110.996924,27.010159],[110.992162,27.029563],[110.983534,27.035505],[110.930383,27.033308],[110.919089,27.029732],[110.914775,27.03063],[110.914081,27.043892],[110.905774,27.046826],[110.900444,27.056277],[110.885695,27.051025],[110.881755,27.053746],[110.878022,27.080578],[110.858829,27.094842],[110.846946,27.122771],[110.843642,27.123024],[110.841064,27.128029],[110.809813,27.124864],[110.805476,27.142444],[110.807226,27.146262],[110.802199,27.150969],[110.781271,27.156495],[110.768134,27.151814],[110.774085,27.156594],[110.770187,27.16074],[110.774563,27.167987],[110.770946,27.170299],[110.773671,27.174551],[110.77178,27.179206],[110.779241,27.181911],[110.781257,27.177762],[110.790149,27.187876],[110.794425,27.182889],[110.805973,27.181389],[110.823204,27.183494],[110.829506,27.188058],[110.82311,27.193779],[110.825335,27.199232],[110.829528,27.199587],[110.821762,27.202696],[110.824513,27.198494],[110.816039,27.202538],[110.815392,27.21081],[110.810736,27.217285],[110.803553,27.220107],[110.796848,27.229755],[110.796837,27.23608],[110.791411,27.238966],[110.792922,27.259228],[110.788603,27.271687],[110.77237,27.284415],[110.778482,27.350274],[110.776876,27.3577],[110.767415,27.36321],[110.759671,27.363351],[110.741918,27.355703],[110.733747,27.347325],[110.730705,27.338755],[110.71141,27.340743],[110.702861,27.336126],[110.699758,27.346105],[110.673056,27.347728],[110.668602,27.355058],[110.669211,27.365134],[110.662214,27.373047],[110.643594,27.370756],[110.654966,27.400211],[110.658377,27.424109],[110.669349,27.437963],[110.686781,27.450944],[110.688516,27.459218],[110.679881,27.472107],[110.67922,27.491287],[110.675539,27.500443],[110.643534,27.533033],[110.627996,27.539572],[110.626667,27.543922]]]}},{"type":"Feature","properties":{"id":"cn:430525","name":"洞口县","level":2},"geometry":{"type":"Polygon","coordinates":[[[110.143719,26.992977],[110.148825,27.001695],[110.145529,27.026132],[110.150252,27.040989],[110.157824,27.049694],[110.193395,27.062705],[110.199203,27.070803],[110.203664,27.084623],[110.199688,27.095374],[110.189459,27.10541],[110.195765,27.121507],[110.221841,27.133718],[110.244815,27.154439],[110.262379,27.157237],[110.287634,27.166767],[110.292886,27.164562],[110.300331,27.170484],[110.309618,27.161272],[110.322522,27.161697],[110.326777,27.159263],[110.326991,27.154746],[110.337909,27.153767],[110.351053,27.178504],[110.351561,27.187633],[110.347266,27.199182],[110.349822,27.208345],[110.370718,27.226224],[110.419132,27.202674],[110.43816,27.204451],[110.451415,27.216506],[110.457249,27.250309],[110.478724,27.265413],[110.506927,27.277134],[110.521702,27.293329],[110.519584,27.296773],[110.536207,27.308618],[110.549314,27.31171],[110.566537,27.287745],[110.574315,27.282066],[110.594105,27.284978],[110.605323,27.295672],[110.601771,27.305347],[110.605386,27.313046],[110.600797,27.323457],[110.617329,27.33383],[110.643594,27.370756],[110.658933,27.374349],[110.669211,27.365134],[110.668602,27.355058],[110.673056,27.347728],[110.699758,27.346105],[110.702861,27.336126],[110.71141,27.340743],[110.730705,27.338755],[110.733747,27.347325],[110.741918,27.355703],[110.759671,27.363351],[110.767415,27.36321],[110.776876,27.3577],[110.778482,27.350274],[110.77237,27.284415],[110.788603,27.271687],[110.792922,27.259228],[110.791411,27.238966],[110.796837,27.23608],[110.796848,27.229755],[110.803553,27.220107],[110.810736,27.217285],[110.815392,27.21081],[110.816039,27.202538],[110.824513,27.198494],[110.821762,27.202696],[110.829528,27.199587],[110.825335,27.199232],[110.82311,27.193779],[110.829506,27.188058],[110.823204,27.183494],[110.805973,27.181389],[110.794425,27.182889],[110.790149,27.187876],[110.781257,27.177762],[110.779241,27.181911],[110.77178,27.179206],[110.773671,27.174551],[110.770946,27.170299],[110.774563,27.167987],[110.770187,27.16074],[110.774085,27.156594],[110.768134,27.151814],[110.781271,27.156495],[110.798682,27.152872],[110.807226,27.146262],[110.805476,27.142444],[110.809813,27.124864],[110.832061,27.125645],[110.839279,27.129192],[110.846946,27.122771],[110.858829,27.094842],[110.878022,27.080578],[110.881755,27.053746],[110.885695,27.051025],[110.900444,27.056277],[110.905774,27.046826],[110.915965,27.041041],[110.914775,27.03063],[110.907961,27.028669],[110.913144,27.012791],[110.913213,26.997394],[110.917822,26.988897],[110.936233,26.969533],[110.954544,26.965842],[110.951767,26.957319],[110.945176,26.95297],[110.945626,26.946933],[110.932259,26.941279],[110.916549,26.941328],[110.908603,26.936048],[110.903517,26.928394],[110.904916,26.918069],[110.902441,26.915265],[110.900406,26.917512],[110.899769,26.914482],[110.879845,26.91609],[110.868108,26.92172],[110.863985,26.929734],[110.871478,26.940708],[110.864447,26.942867],[110.862536,26.939044],[110.852682,26.944274],[110.852747,26.947803],[110.847203,26.948247],[110.84837,26.954529],[110.83913,26.962509],[110.835759,26.962146],[110.838709,26.959886],[110.834624,26.956058],[110.830572,26.956148],[110.827199,26.962681],[110.822951,26.962997],[110.822954,26.959078],[110.820417,26.965634],[110.804679,26.964554],[110.801797,26.969035],[110.796728,26.970153],[110.797788,26.973848],[110.788864,26.973875],[110.777119,26.970027],[110.775525,26.954467],[110.760157,26.951212],[110.746084,26.935574],[110.74335,26.924448],[110.736875,26.919474],[110.729209,26.915939],[110.695016,26.911598],[110.689921,26.904034],[110.693957,26.88569],[110.689201,26.883621],[110.672925,26.886462],[110.653906,26.903448],[110.634808,26.906418],[110.623966,26.914284],[110.59947,26.912912],[110.579757,26.897068],[110.559856,26.889385],[110.552018,26.892213],[110.536472,26.880962],[110.533429,26.871671],[110.535403,26.85717],[110.522231,26.866886],[110.509705,26.865933],[110.513626,26.877593],[110.522553,26.888452],[110.50136,26.923935],[110.493976,26.930743],[110.488864,26.917055],[110.482323,26.918251],[110.470819,26.932367],[110.476246,26.936782],[110.477845,26.944356],[110.475375,26.948496],[110.44755,26.964893],[110.444534,26.969708],[110.448822,26.979571],[110.442352,26.98079],[110.436652,26.986544],[110.427947,26.986475],[110.429269,27.004186],[110.418013,27.015174],[110.409341,27.015692],[110.413189,27.020076],[110.418147,27.019334],[110.420282,27.025721],[110.428254,27.025823],[110.425602,27.029764],[110.429133,27.03095],[110.427117,27.04285],[110.406369,27.047366],[110.39062,27.039936],[110.3825,27.044465],[110.373961,27.043678],[110.370231,27.048342],[110.376648,27.054789],[110.373748,27.060688],[110.376218,27.067573],[110.367005,27.069671],[110.361216,27.078711],[110.368951,27.084791],[110.369104,27.089445],[110.358835,27.087553],[110.358214,27.081292],[110.350994,27.089711],[110.358915,27.094614],[110.372715,27.091227],[110.388547,27.10033],[110.396986,27.110336],[110.398803,27.121104],[110.367738,27.146448],[110.363579,27.140429],[110.355572,27.139308],[110.351033,27.134953],[110.353948,27.130131],[110.350334,27.126822],[110.342702,27.125703],[110.326183,27.115205],[110.311086,27.119711],[110.303403,27.110594],[110.29954,27.10158],[110.305774,27.071212],[110.298196,27.037788],[110.28481,27.019554],[110.278977,27.007643],[110.279394,26.996828],[110.260479,26.962757],[110.251356,26.956048],[110.224749,26.955322],[110.220106,26.964528],[110.219993,26.974129],[110.214811,26.978615],[110.188951,26.976084],[110.171122,26.979168],[110.148929,26.986716],[110.143719,26.992977]]]}},{"type":"Feature","properties":{"id":"cn:430527","name":"绥宁县","level":2},"geometry":{"type":"Polygon","coordinates":[[[109.822313,26.609396],[109.826167,26.625062],[109.839509,26.62317],[109.846985,26.625411],[109.853746,26.647011],[109.87207,26.654824],[109.894543,26.659244],[109.896662,26.671672],[109.909613,26.679871],[109.929621,26.677366],[109.937511,26.681368],[109.945541,26.69249],[109.959083,26.695412],[109.97104,26.693394],[109.972986,26.689439],[109.983024,26.688867],[109.990953,26.68356],[109.994356,26.676826],[110.002837,26.676563],[109.997507,26.671484],[110.000166,26.667962],[110.014492,26.665807],[110.032154,26.685323],[110.038411,26.701177],[110.057187,26.698345],[110.067283,26.70344],[110.067691,26.711039],[110.062813,26.716049],[110.061818,26.722848],[110.056011,26.720869],[110.042717,26.728018],[110.045536,26.738967],[110.051754,26.743522],[110.044834,26.751945],[110.058285,26.752714],[110.057484,26.76484],[110.064442,26.763819],[110.058682,26.773229],[110.063792,26.787923],[110.05685,26.796797],[110.051738,26.812155],[110.053363,26.825355],[110.043949,26.828353],[110.037333,26.839097],[110.041142,26.845457],[110.043917,26.864058],[110.052713,26.881963],[110.058761,26.885356],[110.073387,26.885292],[110.092198,26.899281],[110.09258,26.90962],[110.068674,26.931621],[110.071061,26.944967],[110.084837,26.952013],[110.097928,26.952159],[110.111417,26.981243],[110.122004,26.988521],[110.141452,26.990157],[110.143719,26.992977],[110.148929,26.986716],[110.171122,26.979168],[110.188951,26.976084],[110.214811,26.978615],[110.219993,26.974129],[110.220106,26.964528],[110.224749,26.955322],[110.251356,26.956048],[110.260479,26.962757],[110.279394,26.996828],[110.278977,27.007643],[110.28481,27.019554],[110.298196,27.037788],[110.305774,27.071212],[110.29954,27.10158],[110.309783,27.118575],[110.327858,27.115631],[110.342702,27.125703],[110.351263,27.12741],[110.353948,27.130131],[110.351033,27.134953],[110.355572,27.139308],[110.363579,27.140429],[110.366992,27.146444],[110.39658,27.124252],[110.398803,27.121104],[110.396986,27.110336],[110.388547,27.10033],[110.372715,27.091227],[110.357542,27.094234],[110.350885,27.087998],[110.358214,27.081292],[110.358835,27.087553],[110.369104,27.089445],[110.368951,27.084791],[110.361216,27.078711],[110.367005,27.069671],[110.376218,27.067573],[110.373748,27.060688],[110.376648,27.054789],[110.370288,27.049038],[110.373961,27.043678],[110.3825,27.044465],[110.391606,27.040013],[110.407767,27.047446],[110.427117,27.04285],[110.429133,27.03095],[110.425602,27.029764],[110.428254,27.025823],[110.420282,27.025721],[110.418147,27.019334],[110.413189,27.020076],[110.409341,27.015692],[110.418013,27.015174],[110.429269,27.004186],[110.427947,26.986475],[110.436652,26.986544],[110.442352,26.98079],[110.448822,26.979571],[110.444534,26.969708],[110.44755,26.964893],[110.475375,26.948496],[110.477845,26.944356],[110.476246,26.936782],[110.470819,26.932367],[110.482323,26.918251],[110.488864,26.917055],[110.493976,26.930743],[110.504373,26.919795],[110.522553,26.888452],[110.513626,26.877593],[110.509437,26.866604],[110.522231,26.866886],[110.535403,26.85717],[110.531929,26.839553],[110.52263,26.818804],[110.505135,26.798617],[110.478325,26.751688],[110.428428,26.71306],[110.431693,26.708783],[110.424766,26.704278],[110.42073,26.696651],[110.394201,26.637446],[110.379436,26.625944],[110.341962,26.58515],[110.321606,26.556437],[110.307422,26.52331],[110.297587,26.472062],[110.289063,26.461877],[110.283482,26.458223],[110.270878,26.457181],[110.260365,26.470524],[110.260722,26.508412],[110.258204,26.518175],[110.251355,26.5194],[110.233707,26.506177],[110.224862,26.503816],[110.217648,26.507583],[110.211642,26.523701],[110.200296,26.531559],[110.184333,26.525604],[110.175062,26.497299],[110.175617,26.484181],[110.158725,26.438523],[110.16014,26.418013],[110.16619,26.402586],[110.162111,26.375426],[110.162067,26.347171],[110.15166,26.343957],[110.143803,26.345225],[110.099038,26.359138],[110.062232,26.340989],[110.049312,26.336975],[110.043928,26.338521],[110.017767,26.306883],[110.018682,26.288713],[110.025335,26.282093],[110.01866,26.268431],[110.013968,26.266115],[109.998816,26.273718],[109.987195,26.271861],[109.979749,26.282522],[109.992406,26.29955],[110.004689,26.307376],[110.008353,26.338422],[110.013032,26.350878],[110.006921,26.368031],[110.007589,26.375848],[109.974143,26.391523],[109.973465,26.403689],[109.982719,26.43595],[109.962337,26.431571],[109.94844,26.43806],[109.946105,26.440557],[109.950566,26.450488],[109.93048,26.46057],[109.929742,26.475953],[109.924048,26.4807],[109.914622,26.478288],[109.892339,26.463539],[109.886974,26.463011],[109.870993,26.471764],[109.855716,26.467202],[109.851835,26.468773],[109.857894,26.49044],[109.874943,26.500663],[109.87392,26.507417],[109.879246,26.515911],[109.875267,26.521002],[109.887866,26.530873],[109.885869,26.53536],[109.880511,26.534109],[109.86787,26.542517],[109.858821,26.542518],[109.85989,26.564631],[109.867618,26.574653],[109.857235,26.587272],[109.852377,26.58453],[109.828042,26.602812],[109.822313,26.609396]]]}},{"type":"Feature","properties":{"id":"cn:430528","name":"新宁县","level":2},"geometry":{"type":"Polygon","coordinates":[[[110.483549,26.394616],[110.489574,26.432015],[110.515998,26.432853],[110.521831,26.436258],[110.565936,26.519663],[110.575338,26.548627],[110.585086,26.54863],[110.603593,26.536726],[110.611344,26.542104],[110.612499,26.557215],[110.608255,26.562002],[110.628749,26.561455],[110.648358,26.568109],[110.666995,26.562625],[110.685927,26.566316],[110.694486,26.550973],[110.700823,26.549749],[110.707854,26.564347],[110.716639,26.569671],[110.735015,26.564191],[110.75652,26.56798],[110.762379,26.571603],[110.772206,26.58997],[110.781225,26.594818],[110.787145,26.591086],[110.795896,26.574808],[110.80448,26.572781],[110.808769,26.575791],[110.812831,26.583406],[110.807362,26.61538],[110.814298,26.636411],[110.812953,26.660375],[110.815782,26.673104],[110.831356,26.676021],[110.840704,26.665454],[110.848196,26.666238],[110.863968,26.701311],[110.863334,26.716047],[110.858855,26.722471],[110.845207,26.726436],[110.843644,26.739967],[110.881636,26.748765],[110.894698,26.737486],[110.920521,26.744027],[110.928074,26.749858],[110.941329,26.781142],[110.926165,26.830142],[110.924628,26.850897],[110.93014,26.856601],[110.94363,26.846513],[110.955565,26.844312],[110.964941,26.846375],[110.974081,26.852816],[110.978014,26.86204],[110.976164,26.893842],[110.98179,26.913782],[110.990903,26.919761],[110.995029,26.915676],[111.001265,26.916343],[111.013291,26.904208],[111.026712,26.896874],[111.071529,26.886123],[111.07376,26.880956],[111.059411,26.869498],[111.065175,26.851058],[111.073603,26.846266],[111.076711,26.838527],[111.075401,26.834228],[111.059862,26.824211],[111.065036,26.816596],[111.086076,26.817264],[111.092631,26.821171],[111.10087,26.813299],[111.107882,26.811365],[111.109224,26.802964],[111.122088,26.799648],[111.124789,26.793334],[111.12804,26.793625],[111.133442,26.805055],[111.143309,26.80704],[111.148448,26.805664],[111.151772,26.796996],[111.199139,26.785976],[111.200672,26.780557],[111.195398,26.772888],[111.204808,26.752829],[111.209553,26.732337],[111.207693,26.721057],[111.218581,26.714869],[111.248084,26.720405],[111.265054,26.717404],[111.264585,26.699494],[111.277736,26.679853],[111.290366,26.674187],[111.295888,26.647619],[111.307155,26.642421],[111.308864,26.630032],[111.300288,26.620579],[111.299229,26.586757],[111.292363,26.580357],[111.29166,26.571167],[111.283204,26.563064],[111.291599,26.515152],[111.285253,26.506108],[111.283439,26.495744],[111.272988,26.49363],[111.266581,26.502849],[111.263057,26.503202],[111.256364,26.492339],[111.255722,26.483326],[111.246096,26.487261],[111.226069,26.485527],[111.198526,26.466811],[111.195887,26.460704],[111.176895,26.465212],[111.179333,26.473842],[111.169498,26.478482],[111.163977,26.47672],[111.150175,26.485733],[111.153526,26.497712],[111.149064,26.504581],[111.158804,26.508457],[111.160627,26.515062],[111.15258,26.52058],[111.148647,26.530329],[111.136902,26.544597],[111.120053,26.558602],[111.121755,26.580768],[111.131911,26.611917],[111.127918,26.623484],[111.119758,26.626244],[111.103847,26.620724],[111.108482,26.612504],[111.101616,26.590162],[111.081538,26.592159],[111.065973,26.589634],[111.058639,26.561683],[111.061277,26.537404],[111.057988,26.52983],[111.061216,26.524838],[111.062215,26.510424],[111.057224,26.505785],[111.056642,26.496214],[111.051182,26.489901],[111.054992,26.477044],[111.047423,26.460338],[111.038491,26.454524],[111.039723,26.444248],[111.024342,26.432829],[111.013187,26.39657],[111.020236,26.386295],[111.014012,26.380746],[111.011425,26.369355],[111.0035,26.362249],[110.986885,26.367007],[110.97126,26.38876],[110.954055,26.386264],[110.94001,26.377159],[110.945659,26.360491],[110.942561,26.356666],[110.93909,26.330248],[110.920653,26.323408],[110.931217,26.308906],[110.930748,26.297835],[110.934854,26.292668],[110.925583,26.267861],[110.925166,26.25917],[110.922406,26.257527],[110.916832,26.258406],[110.920236,26.265453],[110.91014,26.279869],[110.85086,26.271635],[110.831797,26.259573],[110.783802,26.261791],[110.754252,26.252036],[110.753351,26.258536],[110.730403,26.274357],[110.737977,26.279465],[110.745194,26.293863],[110.744676,26.304473],[110.736924,26.317279],[110.72774,26.315148],[110.716135,26.297613],[110.70471,26.29656],[110.693045,26.312147],[110.676647,26.318687],[110.662576,26.321109],[110.645788,26.313406],[110.630467,26.313979],[110.621231,26.319189],[110.618288,26.333636],[110.612646,26.337494],[110.607794,26.337227],[110.590563,26.321936],[110.580007,26.303936],[110.559279,26.312265],[110.531708,26.308731],[110.501527,26.325998],[110.499695,26.329758],[110.502785,26.351902],[110.486623,26.381607],[110.483549,26.394616]]]}},{"type":"Feature","properties":{"id":"cn:430529","name":"城步苗族自治县","level":2},"geometry":{"type":"Polygon","coordinates":[[[109.961773,26.198924],[109.969872,26.22176],[109.988215,26.241995],[109.984273,26.248567],[109.990766,26.262056],[109.987195,26.271861],[109.998816,26.273718],[110.013968,26.266115],[110.01866,26.268431],[110.025335,26.282093],[110.018682,26.288713],[110.017767,26.306883],[110.04276,26.337758],[110.062232,26.340989],[110.099038,26.359138],[110.143803,26.345225],[110.15166,26.343957],[110.162067,26.347171],[110.162111,26.375426],[110.16619,26.402586],[110.16014,26.418013],[110.158725,26.438523],[110.175617,26.484181],[110.175062,26.497299],[110.184333,26.525604],[110.200296,26.531559],[110.211642,26.523701],[110.217648,26.507583],[110.224862,26.503816],[110.233707,26.506177],[110.251355,26.5194],[110.258204,26.518175],[110.260722,26.508412],[110.258993,26.477934],[110.264792,26.462741],[110.270878,26.457181],[110.27599,26.456954],[110.283482,26.458223],[110.292049,26.464732],[110.297587,26.472062],[110.307422,26.52331],[110.321606,26.556437],[110.341962,26.58515],[110.379436,26.625944],[110.394201,26.637446],[110.42073,26.696651],[110.424766,26.704278],[110.431693,26.708783],[110.428428,26.71306],[110.434678,26.709751],[110.445513,26.693172],[110.463533,26.694178],[110.476145,26.690605],[110.491822,26.677932],[110.498584,26.666361],[110.50276,26.64595],[110.514913,26.638949],[110.527942,26.642478],[110.527308,26.648943],[110.518923,26.654618],[110.523481,26.662445],[110.542464,26.658112],[110.555955,26.639101],[110.566735,26.634919],[110.587586,26.666334],[110.594114,26.668322],[110.606525,26.658852],[110.618081,26.635943],[110.616284,26.610296],[110.606301,26.567575],[110.612499,26.557215],[110.611344,26.542104],[110.607247,26.537933],[110.599765,26.537137],[110.585086,26.54863],[110.575338,26.548627],[110.565936,26.519663],[110.551214,26.495995],[110.524617,26.440264],[110.515998,26.432853],[110.489574,26.432015],[110.483836,26.399426],[110.486623,26.381607],[110.502785,26.351902],[110.499695,26.329758],[110.505858,26.321432],[110.531708,26.308731],[110.562056,26.311674],[110.581006,26.304866],[110.579539,26.300472],[110.5486,26.286922],[110.541509,26.260732],[110.542058,26.237029],[110.53809,26.224597],[110.503047,26.179978],[110.485808,26.168805],[110.472918,26.183162],[110.466554,26.181728],[110.452154,26.167592],[110.433135,26.157089],[110.418299,26.136743],[110.37231,26.097501],[110.368542,26.092184],[110.368403,26.081615],[110.348525,26.05777],[110.353205,26.049547],[110.351746,26.042874],[110.320861,25.978727],[110.303461,25.970649],[110.299624,25.970951],[110.298932,25.975987],[110.297011,25.971091],[110.29359,25.972918],[110.292993,25.968783],[110.278717,25.971391],[110.262182,25.965882],[110.247532,25.972795],[110.246203,25.983757],[110.248591,25.989904],[110.255245,25.991497],[110.255187,25.994685],[110.248591,25.998955],[110.246656,26.004646],[110.241879,26.004702],[110.245633,26.014037],[110.241537,26.021492],[110.236245,26.021945],[110.234025,26.027978],[110.235789,26.036118],[110.227369,26.035623],[110.22543,26.04055],[110.208397,26.047126],[110.204297,26.060071],[110.189346,26.066203],[110.188034,26.071027],[110.171966,26.054831],[110.161122,26.026911],[110.151657,26.02157],[110.139524,26.021851],[110.110541,26.038064],[110.093154,26.022479],[110.090623,26.026954],[110.091152,26.041438],[110.084421,26.045421],[110.067843,26.047772],[110.060642,26.054624],[110.067355,26.066971],[110.069647,26.086167],[110.077897,26.09916],[110.076087,26.102162],[110.09126,26.130227],[110.09754,26.133277],[110.089608,26.150232],[110.093918,26.172253],[110.079193,26.174618],[110.063675,26.1712],[110.046834,26.172383],[110.034912,26.165889],[110.025543,26.169337],[110.009551,26.188785],[110.001151,26.18909],[109.984699,26.183355],[109.97779,26.187801],[109.973181,26.196062],[109.961773,26.198924]]]}},{"type":"Feature","properties":{"id":"cn:430581","name":"武冈市","level":2},"geometry":{"type":"Polygon","coordinates":[[[110.428428,26.71306],[110.448147,26.726181],[110.481126,26.755417],[110.505135,26.798617],[110.52263,26.818804],[110.52929,26.831931],[110.536193,26.860581],[110.533429,26.871671],[110.536472,26.880962],[110.552018,26.892213],[110.559856,26.889385],[110.579757,26.897068],[110.59947,26.912912],[110.616328,26.915334],[110.623966,26.914284],[110.634808,26.906418],[110.648654,26.905764],[110.672925,26.886462],[110.689201,26.883621],[110.693957,26.88569],[110.689921,26.904034],[110.695016,26.911598],[110.729209,26.915939],[110.736875,26.919474],[110.74335,26.924448],[110.746084,26.935574],[110.760157,26.951212],[110.775525,26.954467],[110.777119,26.970027],[110.793464,26.974517],[110.797788,26.973848],[110.796728,26.970153],[110.801797,26.969035],[110.804679,26.964554],[110.820417,26.965634],[110.822954,26.959078],[110.822951,26.962997],[110.827199,26.962681],[110.830572,26.956148],[110.834624,26.956058],[110.838709,26.959886],[110.835759,26.962146],[110.83913,26.962509],[110.84837,26.954529],[110.847203,26.948247],[110.852747,26.947803],[110.852682,26.944274],[110.862536,26.939044],[110.864447,26.942867],[110.871478,26.940708],[110.863985,26.929734],[110.868108,26.92172],[110.879845,26.91609],[110.899769,26.914482],[110.900406,26.917512],[110.902441,26.915265],[110.904916,26.918069],[110.903517,26.928394],[110.908603,26.936048],[110.916549,26.941328],[110.932259,26.941279],[110.945626,26.946933],[110.945176,26.95297],[110.951767,26.957319],[110.954544,26.965842],[110.936233,26.969533],[110.914532,26.993883],[110.913144,27.012791],[110.907961,27.028669],[110.914775,27.03063],[110.983534,27.035505],[110.992162,27.029563],[110.996924,27.010159],[111.000492,27.008785],[111.004775,27.011903],[111.018534,26.996251],[111.022857,26.984304],[111.031414,26.982247],[111.026195,26.975732],[111.03009,26.972117],[111.026542,26.966207],[111.03028,26.955942],[111.024644,26.947279],[111.027451,26.936647],[111.024884,26.932364],[111.016886,26.930651],[111.00205,26.933719],[110.999342,26.931555],[111.003018,26.924677],[111.001265,26.916343],[110.995029,26.915676],[110.990903,26.919761],[110.98179,26.913782],[110.974706,26.88702],[110.978014,26.86204],[110.974081,26.852816],[110.964941,26.846375],[110.955565,26.844312],[110.94363,26.846513],[110.93014,26.856601],[110.924628,26.850897],[110.926165,26.830142],[110.941329,26.781142],[110.928074,26.749858],[110.920521,26.744027],[110.894698,26.737486],[110.881636,26.748765],[110.843644,26.739967],[110.845207,26.726436],[110.858855,26.722471],[110.863334,26.716047],[110.863968,26.701311],[110.848196,26.666238],[110.840704,26.665454],[110.831356,26.676021],[110.815782,26.673104],[110.812953,26.660375],[110.814298,26.636411],[110.807362,26.61538],[110.812831,26.583406],[110.80448,26.572781],[110.795896,26.574808],[110.787145,26.591086],[110.781225,26.594818],[110.772206,26.58997],[110.762379,26.571603],[110.75652,26.56798],[110.735015,26.564191],[110.716639,26.569671],[110.707854,26.564347],[110.700823,26.549749],[110.694486,26.550973],[110.685927,26.566316],[110.666995,26.562625],[110.648358,26.568109],[110.628749,26.561455],[110.608255,26.562002],[110.606301,26.567575],[110.616284,26.610296],[110.618081,26.635943],[110.603298,26.663066],[110.594114,26.668322],[110.587586,26.666334],[110.566735,26.634919],[110.555955,26.639101],[110.542464,26.658112],[110.523481,26.662445],[110.518923,26.654618],[110.527308,26.648943],[110.527942,26.642478],[110.514913,26.638949],[110.50276,26.64595],[110.498584,26.666361],[110.491822,26.677932],[110.476145,26.690605],[110.463533,26.694178],[110.445513,26.693172],[110.434678,26.709751],[110.428428,26.71306]]]}},{"type":"Feature","properties":{"id":"cn:430582","name":"邵东市","level":2},"geometry":{"type":"Polygon","coordinates":[[[111.569679,27.152461],[111.577996,27.168768],[111.5808,27.182201],[111.592937,27.203281],[111.59988,27.195118],[111.612999,27.204441],[111.618282,27.233388],[111.617129,27.242501],[111.624323,27.254146],[111.619664,27.257994],[111.606532,27.252792],[111.608735,27.262958],[111.598319,27.271485],[111.601265,27.277697],[111.59968,27.286748],[111.594732,27.293326],[111.596304,27.307475],[111.590088,27.311027],[111.590531,27.317438],[111.612753,27.325433],[111.618439,27.306744],[111.624429,27.303892],[111.631928,27.307854],[111.638263,27.306142],[111.639045,27.3112],[111.64187,27.308603],[111.640937,27.311945],[111.644577,27.309936],[111.645564,27.313837],[111.642189,27.312387],[111.641534,27.315191],[111.639063,27.31211],[111.637822,27.314891],[111.646859,27.318541],[111.650201,27.314682],[111.649541,27.305066],[111.664732,27.308986],[111.664271,27.304962],[111.671781,27.298347],[111.681173,27.296227],[111.684724,27.299023],[111.68692,27.308324],[111.681113,27.343571],[111.716217,27.35108],[111.723143,27.361503],[111.723265,27.378039],[111.727267,27.383567],[111.757673,27.394152],[111.763815,27.388386],[111.777011,27.386257],[111.78725,27.394422],[111.789021,27.404798],[111.797715,27.408427],[111.801101,27.407434],[111.803577,27.397791],[111.816287,27.395337],[111.821908,27.401471],[111.827087,27.396896],[111.83049,27.398175],[111.833125,27.41006],[111.812883,27.421282],[111.808803,27.427289],[111.809515,27.431855],[111.818291,27.450751],[111.829749,27.449428],[111.836729,27.46159],[111.849897,27.464566],[111.907536,27.413779],[111.907771,27.406206],[111.901984,27.398888],[111.904134,27.392436],[111.935514,27.372658],[111.965089,27.360944],[111.984819,27.344913],[111.980245,27.336091],[111.98535,27.320703],[111.989029,27.318226],[111.994906,27.321957],[112.012493,27.32082],[112.01956,27.306868],[112.031617,27.294678],[112.03547,27.292374],[112.045645,27.295592],[112.056747,27.289015],[112.063596,27.239056],[112.062763,27.22184],[112.071183,27.21116],[112.079803,27.207114],[112.086313,27.209045],[112.088327,27.205525],[112.084273,27.204414],[112.082858,27.199607],[112.086868,27.198385],[112.085584,27.195769],[112.08068,27.194429],[112.086018,27.193451],[112.085958,27.189117],[112.068483,27.188954],[112.069829,27.190946],[112.06502,27.194251],[112.048622,27.170988],[112.043223,27.152734],[112.04673,27.145437],[112.040775,27.134195],[112.050879,27.118068],[112.045558,27.103572],[112.050567,27.0845],[112.041322,27.080523],[112.040627,27.077529],[112.067806,27.066236],[112.070705,27.053926],[112.077797,27.051697],[112.07238,27.044995],[112.081174,27.037135],[112.083716,27.022877],[112.077172,27.01251],[112.052103,27.015698],[112.044559,27.009722],[112.04212,27.002479],[112.031955,27.001171],[112.037614,26.998938],[112.041581,26.990956],[112.041521,26.978561],[112.03673,26.974288],[112.030618,26.975891],[112.022771,26.969528],[112.016373,26.9697],[112.010783,26.958799],[112.001573,26.95606],[111.995175,26.947068],[111.974082,26.945776],[111.980939,26.953483],[111.979611,26.960744],[111.97613,26.962247],[111.968344,26.962386],[111.960453,26.954804],[111.939307,26.95825],[111.929541,26.955043],[111.921756,26.93926],[111.912536,26.938751],[111.898717,26.927054],[111.892155,26.933159],[111.892953,26.972434],[111.889264,26.980229],[111.883576,26.977878],[111.888351,26.983103],[111.882625,26.988958],[111.884909,26.993241],[111.876441,26.991444],[111.87685,27.002586],[111.871416,27.001221],[111.872007,27.009214],[111.86429,27.016964],[111.856443,27.01281],[111.836564,27.012228],[111.825757,27.019884],[111.812328,27.023388],[111.81804,27.039203],[111.810618,27.048898],[111.803049,27.04909],[111.804967,27.041045],[111.800905,27.036425],[111.772128,27.048632],[111.765704,27.062072],[111.748031,27.060693],[111.751721,27.066672],[111.732371,27.064947],[111.719064,27.075299],[111.715279,27.064953],[111.707388,27.055747],[111.69383,27.050034],[111.691868,27.043089],[111.684906,27.040179],[111.682249,27.034081],[111.664385,27.036049],[111.663197,27.04165],[111.666312,27.046204],[111.662814,27.049535],[111.671248,27.064908],[111.665525,27.062237],[111.666702,27.068762],[111.66284,27.066541],[111.655551,27.081186],[111.644698,27.087106],[111.639701,27.088105],[111.638877,27.08132],[111.633418,27.079881],[111.631294,27.087339],[111.622191,27.091154],[111.616187,27.086861],[111.618333,27.077594],[111.612888,27.078565],[111.611264,27.071898],[111.600357,27.068085],[111.595935,27.077647],[111.597056,27.08647],[111.600467,27.091636],[111.604735,27.092135],[111.597978,27.100043],[111.595882,27.0981],[111.595217,27.101196],[111.588287,27.102151],[111.580679,27.107891],[111.589802,27.112254],[111.589529,27.12501],[111.5811,27.123639],[111.585449,27.130057],[111.578362,27.135563],[111.581362,27.13892],[111.570044,27.147149],[111.569679,27.152461]]]}},{"type":"Feature","properties":{"id":"cn:4306","name":"岳阳市","level":1},"geometry":{"type":"MultiPolygon","coordinates":[[[[112.310026,29.52691],[112.314349,29.543132],[112.330278,29.547463],[112.363056,29.544015],[112.384886,29.569969],[112.387278,29.565184],[112.390521,29.565436],[112.395495,29.578275],[112.403108,29.581076],[112.417726,29.598145],[112.421076,29.618835],[112.433807,29.636251],[112.450868,29.638421],[112.460113,29.633932],[112.476304,29.636017],[112.493455,29.631832],[112.499583,29.613619],[112.52994,29.602355],[112.566771,29.626641],[112.599792,29.616361],[112.603803,29.610339],[112.621103,29.619358],[112.634705,29.610662],[112.644275,29.595635],[112.654749,29.602268],[112.667873,29.602748],[112.673438,29.592226],[112.67718,29.592283],[112.684297,29.600712],[112.683412,29.605082],[112.688516,29.604429],[112.687734,29.611378],[112.69342,29.613407],[112.693082,29.622642],[112.707457,29.638292],[112.711528,29.654219],[112.723681,29.657518],[112.723768,29.649664],[112.727873,29.648049],[112.745868,29.661055],[112.756424,29.663577],[112.76027,29.677672],[112.771988,29.682238],[112.7829,29.682513],[112.779184,29.696161],[112.789523,29.700289],[112.791059,29.704961],[112.786814,29.718275],[112.800443,29.728712],[112.788272,29.738505],[112.809784,29.749267],[112.856085,29.785861],[112.864464,29.788733],[112.883921,29.788482],[112.919617,29.768257],[112.926478,29.742662],[112.921467,29.694925],[112.931432,29.684139],[112.939245,29.685506],[112.952223,29.696893],[112.973559,29.740267],[112.997717,29.757824],[113.005999,29.77023],[113.02027,29.775286],[113.025009,29.764798],[113.009427,29.713469],[112.999193,29.696348],[112.970547,29.674805],[112.959809,29.661628],[112.939836,29.650245],[112.91612,29.629355],[112.906503,29.618939],[112.906328,29.609655],[112.93186,29.529919],[112.944585,29.475699],[112.950298,29.471815],[112.96357,29.471831],[112.984629,29.500646],[113.01298,29.518795],[113.02857,29.526159],[113.051722,29.524958],[113.058753,29.514928],[113.066844,29.485254],[113.072208,29.440845],[113.074778,29.436582],[113.084595,29.433264],[113.090924,29.43612],[113.096661,29.445528],[113.094005,29.462145],[113.100871,29.463141],[113.109934,29.458957],[113.123674,29.460814],[113.139378,29.451834],[113.149777,29.459666],[113.176192,29.488154],[113.216565,29.546317],[113.261278,29.577127],[113.27145,29.597707],[113.292223,29.616426],[113.371336,29.70562],[113.419924,29.745287],[113.450675,29.761649],[113.487256,29.789112],[113.512127,29.815038],[113.565903,29.851652],[113.575463,29.835046],[113.570515,29.828172],[113.571618,29.821289],[113.559621,29.815313],[113.560881,29.812238],[113.570043,29.810709],[113.564615,29.808337],[113.556258,29.794292],[113.562475,29.789688],[113.554386,29.785862],[113.545307,29.77089],[113.550245,29.76636],[113.548685,29.76125],[113.554072,29.750878],[113.554662,29.735647],[113.534446,29.702323],[113.532718,29.686324],[113.541503,29.678072],[113.578482,29.676804],[113.602921,29.66944],[113.607759,29.673659],[113.631564,29.67239],[113.64074,29.675146],[113.639795,29.678803],[113.646138,29.686178],[113.658674,29.68673],[113.657703,29.680299],[113.663617,29.672006],[113.661516,29.666584],[113.675119,29.645243],[113.666405,29.643843],[113.666193,29.641209],[113.673155,29.637704],[113.682434,29.643493],[113.68982,29.640976],[113.687,29.636011],[113.697998,29.637152],[113.698154,29.621928],[113.70273,29.611616],[113.716248,29.614416],[113.722883,29.600857],[113.727135,29.596378],[113.732954,29.596333],[113.735129,29.590635],[113.731802,29.588467],[113.730689,29.57947],[113.705608,29.572056],[113.702985,29.556556],[113.697236,29.555611],[113.695622,29.558201],[113.685952,29.55047],[113.675966,29.551322],[113.673591,29.548803],[113.675493,29.54253],[113.67121,29.540629],[113.649975,29.539267],[113.649137,29.533782],[113.625652,29.526184],[113.62584,29.520698],[113.629326,29.513142],[113.637828,29.510637],[113.666062,29.515207],[113.667431,29.513105],[113.672956,29.516431],[113.683207,29.512291],[113.701241,29.48868],[113.712848,29.482652],[113.718143,29.47622],[113.736826,29.470676],[113.734847,29.46803],[113.749335,29.449191],[113.747833,29.442871],[113.731288,29.428935],[113.736054,29.415554],[113.723519,29.395402],[113.715897,29.392373],[113.70772,29.396249],[113.684649,29.396595],[113.668918,29.390723],[113.662061,29.384522],[113.655377,29.371036],[113.656757,29.356046],[113.660369,29.349888],[113.655446,29.336303],[113.637869,29.32976],[113.627486,29.321283],[113.608103,29.275405],[113.601384,29.270605],[113.601306,29.25685],[113.609257,29.25369],[113.629709,29.253566],[113.647763,29.227326],[113.655864,29.227749],[113.660203,29.235155],[113.676263,29.236846],[113.684466,29.233674],[113.687339,29.229138],[113.686063,29.199709],[113.675934,29.186533],[113.666341,29.182402],[113.656446,29.170249],[113.657583,29.162544],[113.66483,29.158472],[113.662409,29.14673],[113.664753,29.141862],[113.679128,29.134021],[113.678989,29.124908],[113.68497,29.117493],[113.679831,29.089817],[113.683304,29.081482],[113.690707,29.080623],[113.700725,29.085834],[113.708347,29.100727],[113.717106,29.107627],[113.724779,29.108595],[113.727192,29.104639],[113.720578,29.086571],[113.728547,29.067413],[113.734501,29.061655],[113.739388,29.06131],[113.75872,29.081141],[113.760821,29.092152],[113.767539,29.097036],[113.782904,29.101769],[113.786897,29.099952],[113.810431,29.108268],[113.821654,29.105416],[113.83063,29.094774],[113.826064,29.072346],[113.847166,29.061756],[113.863243,29.06887],[113.876472,29.068543],[113.869493,29.056224],[113.871212,29.041311],[113.876116,29.036691],[113.890014,29.032619],[113.90438,29.033238],[113.912791,29.041453],[113.928043,29.04908],[113.937922,29.050393],[113.942062,29.043356],[113.941438,29.019441],[113.956012,29.002509],[113.950205,28.982463],[113.96136,28.947405],[113.969537,28.940679],[113.981873,28.953115],[114.003399,28.95841],[113.999511,28.921347],[114.009138,28.920854],[114.013938,28.917184],[114.022835,28.894146],[114.036542,28.910372],[114.044737,28.910678],[114.057272,28.9029],[114.061534,28.890409],[114.051994,28.877903],[114.052163,28.867435],[114.056716,28.85963],[114.055422,28.849602],[114.063609,28.849961],[114.068617,28.839595],[114.074841,28.836169],[114.089023,28.835895],[114.119327,28.846195],[114.123502,28.84458],[114.12378,28.837941],[114.128893,28.829917],[114.137391,28.830962],[114.144006,28.838011],[114.14687,28.837521],[114.146436,28.824808],[114.149101,28.819914],[114.146489,28.804602],[114.135438,28.793512],[114.131932,28.782726],[114.148285,28.773769],[114.151219,28.767041],[114.14648,28.745481],[114.141226,28.738966],[114.143847,28.726794],[114.13712,28.718204],[114.134473,28.705984],[114.122684,28.704047],[114.116842,28.692491],[114.118317,28.683632],[114.12758,28.674731],[114.123865,28.66531],[114.126894,28.661388],[114.123847,28.650487],[114.126789,28.642551],[114.116737,28.626323],[114.117832,28.621919],[114.124029,28.61878],[114.126599,28.610269],[114.113153,28.589938],[114.097198,28.584242],[114.089229,28.573178],[114.089125,28.565339],[114.082675,28.5631],[114.08119,28.558975],[114.068326,28.558311],[114.056729,28.54925],[114.046191,28.547523],[114.034542,28.554203],[114.019958,28.546021],[114.014116,28.546127],[114.009602,28.548931],[114.008101,28.557842],[113.996599,28.565456],[113.990357,28.568191],[113.970644,28.568085],[113.957129,28.54573],[113.9479,28.541518],[113.935956,28.529808],[113.930149,28.534842],[113.912571,28.528909],[113.897171,28.532043],[113.88422,28.519094],[113.880331,28.518627],[113.8504,28.535257],[113.839003,28.5273],[113.827006,28.502254],[113.827545,28.492436],[113.819428,28.487486],[113.809662,28.468219],[113.797996,28.460498],[113.779402,28.46088],[113.768317,28.454356],[113.756086,28.45469],[113.726381,28.445685],[113.716077,28.435075],[113.714046,28.428451],[113.699098,28.425548],[113.671425,28.44544],[113.651833,28.451153],[113.655999,28.459513],[113.644255,28.473472],[113.630635,28.485949],[113.624176,28.486241],[113.619376,28.494147],[113.60179,28.506564],[113.571443,28.539717],[113.551278,28.536158],[113.542935,28.528367],[113.522579,28.531636],[113.512085,28.539643],[113.50166,28.540238],[113.491477,28.569084],[113.469281,28.581705],[113.466555,28.590388],[113.455453,28.600516],[113.447024,28.593751],[113.439915,28.597109],[113.436087,28.59347],[113.424473,28.593378],[113.418387,28.581807],[113.413917,28.591694],[113.409733,28.590731],[113.408639,28.59398],[113.410983,28.607732],[113.414776,28.611732],[113.412076,28.621965],[113.417815,28.624097],[113.419377,28.639018],[113.403752,28.635512],[113.373935,28.647736],[113.355445,28.636363],[113.352698,28.62551],[113.347077,28.620874],[113.32837,28.622378],[113.314507,28.618962],[113.309828,28.624205],[113.309446,28.63362],[113.279846,28.641658],[113.27284,28.640811],[113.269012,28.635219],[113.258908,28.634574],[113.250315,28.628886],[113.24022,28.643838],[113.242461,28.648102],[113.23785,28.659406],[113.229422,28.664677],[113.227972,28.648438],[113.207885,28.639165],[113.209274,28.623065],[113.189239,28.60687],[113.177616,28.60228],[113.183892,28.585343],[113.179317,28.576754],[113.180307,28.571155],[113.188874,28.569677],[113.194977,28.558818],[113.188136,28.553301],[113.18897,28.544758],[113.180116,28.532441],[113.177251,28.513372],[113.179638,28.506593],[113.165558,28.49561],[113.164057,28.483666],[113.148431,28.474054],[113.123101,28.475729],[113.126185,28.49391],[113.124552,28.501643],[113.106009,28.502425],[113.090662,28.511808],[113.083673,28.50881],[113.0689,28.527166],[113.062068,28.522413],[113.05647,28.506559],[113.038857,28.490295],[113.026296,28.488698],[113.010506,28.474185],[112.981713,28.463849],[112.97699,28.468144],[112.965002,28.470384],[112.955272,28.480495],[112.971982,28.500538],[112.969334,28.510386],[112.973328,28.517316],[112.973058,28.526814],[112.968883,28.524038],[112.960115,28.524564],[112.934343,28.511979],[112.917927,28.52331],[112.896617,28.520193],[112.885887,28.528253],[112.879681,28.524121],[112.866018,28.522608],[112.8685,28.507456],[112.864637,28.504533],[112.848986,28.515753],[112.818118,28.514767],[112.816895,28.53174],[112.810054,28.531152],[112.803032,28.522658],[112.793388,28.522203],[112.78745,28.525405],[112.783831,28.531287],[112.784125,28.540768],[112.802433,28.563229],[112.790861,28.561842],[112.767094,28.549705],[112.752138,28.533037],[112.748283,28.521289],[112.739967,28.519303],[112.741313,28.513767],[112.726087,28.510753],[112.709012,28.513982],[112.679907,28.528801],[112.680445,28.544388],[112.696225,28.555743],[112.720974,28.560499],[112.730697,28.570688],[112.720644,28.584982],[112.710913,28.582491],[112.707536,28.591293],[112.714056,28.592979],[112.713891,28.598715],[112.705774,28.598931],[112.698604,28.603038],[112.677606,28.599296],[112.669672,28.584587],[112.661669,28.58768],[112.653274,28.583925],[112.643413,28.567697],[112.630079,28.562476],[112.623977,28.550644],[112.604394,28.544288],[112.588074,28.5448],[112.580531,28.558528],[112.556599,28.56881],[112.564403,28.583368],[112.577432,28.593572],[112.584889,28.604103],[112.579682,28.608679],[112.583232,28.613367],[112.579448,28.621993],[112.583682,28.632324],[112.575166,28.633159],[112.568699,28.627228],[112.559428,28.631597],[112.548699,28.64744],[112.538682,28.642786],[112.528309,28.643745],[112.505062,28.658061],[112.516963,28.672584],[112.520921,28.705807],[112.529082,28.712873],[112.547033,28.71819],[112.550418,28.722988],[112.546833,28.732923],[112.562085,28.734212],[112.57521,28.743055],[112.5922,28.747564],[112.599047,28.744826],[112.599101,28.757475],[112.612113,28.77338],[112.613754,28.781898],[112.636377,28.792768],[112.642469,28.791644],[112.648184,28.794988],[112.65648,28.792262],[112.667978,28.795778],[112.670006,28.800474],[112.666359,28.803623],[112.667195,28.816305],[112.659483,28.824283],[112.653928,28.841946],[112.662894,28.853667],[112.671934,28.874428],[112.67968,28.882929],[112.729396,28.889278],[112.767583,28.905822],[112.775395,28.913899],[112.791862,28.91677],[112.80602,28.924668],[112.832591,28.932425],[112.84247,28.9387],[112.86694,28.966148],[112.870612,28.987237],[112.874805,28.992174],[112.899106,29.012019],[112.922443,29.026191],[112.943849,29.063867],[112.933528,29.068628],[112.933676,29.076327],[112.924396,29.100073],[112.919734,29.152049],[112.876115,29.165797],[112.802217,29.156442],[112.792886,29.162698],[112.807868,29.181559],[112.807459,29.185787],[112.793429,29.193332],[112.788225,29.193799],[112.765177,29.177123],[112.736309,29.171144],[112.718961,29.180504],[112.710237,29.190204],[112.704013,29.188284],[112.687642,29.195465],[112.676877,29.195163],[112.671843,29.205117],[112.67542,29.216929],[112.670862,29.227607],[112.677355,29.238282],[112.673032,29.240813],[112.673579,29.247671],[112.686991,29.255558],[112.689108,29.260167],[112.681199,29.265535],[112.676599,29.275099],[112.694299,29.290207],[112.683692,29.298563],[112.675229,29.297821],[112.66864,29.308982],[112.659273,29.303287],[112.644247,29.327743],[112.626808,29.339403],[112.611678,29.338138],[112.602641,29.333971],[112.569064,29.304722],[112.552563,29.307702],[112.543569,29.304192],[112.52172,29.313407],[112.496426,29.314962],[112.489646,29.32331],[112.483058,29.343344],[112.458508,29.356102],[112.434151,29.363194],[112.386216,29.398978],[112.380808,29.40854],[112.382778,29.425102],[112.361754,29.442407],[112.360399,29.460947],[112.345217,29.455634],[112.33625,29.446981],[112.322552,29.452661],[112.318317,29.47987],[112.325833,29.512342],[112.313004,29.519694],[112.310026,29.52691]]],[[[112.880999,29.799177],[112.895669,29.805936],[112.914149,29.802435],[112.932109,29.786747],[112.933802,29.771049],[112.932344,29.769327],[112.893204,29.796018],[112.880999,29.799177]]]]}},{"type":"Feature","properties":{"id":"cn:430602","name":"岳阳楼区","level":2},"geometry":{"type":"Polygon","coordinates":[[[113.065906,29.32369],[113.070429,29.336752],[113.069248,29.344357],[113.08211,29.364456],[113.089482,29.393831],[113.116045,29.406793],[113.140212,29.42726],[113.144265,29.446686],[113.142772,29.454386],[113.147425,29.4579],[113.196549,29.431893],[113.202512,29.404982],[113.210767,29.399344],[113.244587,29.40504],[113.250282,29.402496],[113.254708,29.394269],[113.264899,29.403057],[113.277867,29.40125],[113.276774,29.408091],[113.283467,29.412681],[113.290341,29.412029],[113.310472,29.418868],[113.322729,29.416351],[113.319117,29.404506],[113.329178,29.3767],[113.317095,29.365198],[113.304873,29.360806],[113.302035,29.347451],[113.308918,29.340547],[113.328857,29.339848],[113.335108,29.331353],[113.341392,29.329043],[113.345507,29.304541],[113.343357,29.279413],[113.336231,29.273287],[113.332456,29.264722],[113.325845,29.260579],[113.328534,29.253366],[113.324978,29.24702],[113.317075,29.24508],[113.310151,29.238923],[113.306456,29.240305],[113.304535,29.24588],[113.300757,29.245706],[113.29443,29.239276],[113.288521,29.243383],[113.282739,29.24101],[113.275471,29.245441],[113.262151,29.245527],[113.258524,29.248021],[113.262187,29.249196],[113.262306,29.252543],[113.257499,29.253143],[113.252445,29.261005],[113.243246,29.267859],[113.238725,29.267276],[113.236806,29.271187],[113.231274,29.270182],[113.228916,29.26539],[113.214606,29.275437],[113.191098,29.273298],[113.184665,29.280944],[113.189008,29.284899],[113.187247,29.292395],[113.183765,29.293623],[113.171298,29.288408],[113.171064,29.281386],[113.162834,29.279141],[113.156758,29.284068],[113.149388,29.28287],[113.153667,29.275848],[113.147868,29.270229],[113.15681,29.258556],[113.157617,29.241597],[113.14845,29.242331],[113.144449,29.246421],[113.131766,29.242817],[113.119249,29.26322],[113.114057,29.26623],[113.1147,29.273028],[113.104257,29.281062],[113.11022,29.282798],[113.11181,29.286946],[113.105994,29.296665],[113.100542,29.299532],[113.09523,29.292954],[113.082234,29.294695],[113.077078,29.312308],[113.065906,29.32369]]]}},{"type":"Feature","properties":{"id":"cn:430603","name":"云溪区","level":2},"geometry":{"type":"Polygon","coordinates":[[[113.147425,29.4579],[113.176192,29.488154],[113.216565,29.546317],[113.261278,29.577127],[113.27145,29.597707],[113.301893,29.628117],[113.323864,29.62028],[113.337266,29.637574],[113.34073,29.637692],[113.341269,29.617097],[113.345912,29.616127],[113.350114,29.624128],[113.357578,29.622475],[113.377432,29.602849],[113.384375,29.601965],[113.389107,29.605682],[113.387769,29.622696],[113.391919,29.626678],[113.403187,29.624447],[113.429089,29.608436],[113.407709,29.59142],[113.396235,29.572968],[113.375983,29.567327],[113.380549,29.563171],[113.390879,29.564271],[113.395619,29.557322],[113.421729,29.548212],[113.427815,29.542098],[113.425532,29.530406],[113.398787,29.536923],[113.3818,29.520764],[113.367129,29.521652],[113.362581,29.498434],[113.323118,29.493974],[113.324195,29.489419],[113.348232,29.489857],[113.353666,29.481098],[113.358206,29.483813],[113.358102,29.474872],[113.350863,29.465592],[113.359403,29.461994],[113.367676,29.465482],[113.373614,29.464258],[113.375637,29.455325],[113.383345,29.448204],[113.37239,29.43466],[113.360905,29.444365],[113.353484,29.436112],[113.337998,29.442906],[113.337147,29.433805],[113.330012,29.421176],[113.317946,29.422591],[113.317303,29.428624],[113.309785,29.418785],[113.280905,29.41148],[113.276774,29.408091],[113.277867,29.40125],[113.264899,29.403057],[113.254708,29.394269],[113.250282,29.402496],[113.244587,29.40504],[113.210767,29.399344],[113.202512,29.404982],[113.196549,29.431893],[113.147425,29.4579]]]}},{"type":"Feature","properties":{"id":"cn:430611","name":"君山区","level":2},"geometry":{"type":"Polygon","coordinates":[[[112.624157,29.469459],[112.640048,29.467624],[112.653782,29.454606],[112.661507,29.453762],[112.663682,29.461724],[112.66166,29.472728],[112.676321,29.480392],[112.688005,29.506634],[112.738548,29.519133],[112.737722,29.523048],[112.734107,29.522313],[112.733625,29.528891],[112.73614,29.540177],[112.73977,29.540256],[112.73843,29.551057],[112.744298,29.562311],[112.755783,29.565561],[112.765192,29.588737],[112.775225,29.585647],[112.781771,29.587658],[112.804549,29.610037],[112.812847,29.602444],[112.833498,29.610634],[112.838585,29.615307],[112.844323,29.631261],[112.860287,29.64067],[112.884619,29.64346],[112.91033,29.623816],[112.906503,29.618939],[112.906328,29.609655],[112.93186,29.529919],[112.944585,29.475699],[112.950298,29.471815],[112.96357,29.471831],[112.984629,29.500646],[113.02857,29.526159],[113.0462,29.526521],[113.051722,29.524958],[113.058753,29.514928],[113.074778,29.436582],[113.084595,29.433264],[113.090924,29.43612],[113.096661,29.445528],[113.094005,29.462145],[113.099369,29.463343],[113.107581,29.459172],[113.126591,29.459842],[113.134317,29.454295],[113.135151,29.444803],[113.128772,29.432852],[113.095481,29.407113],[113.083881,29.405465],[113.053784,29.388858],[113.0393,29.391296],[113.023259,29.386809],[113.018978,29.379491],[113.019214,29.355879],[112.99969,29.351863],[112.996001,29.354792],[112.99522,29.375127],[112.990211,29.394599],[112.947198,29.435678],[112.889959,29.470694],[112.850497,29.484386],[112.814853,29.513089],[112.790971,29.492659],[112.780437,29.487268],[112.776874,29.48252],[112.77564,29.466979],[112.767354,29.458293],[112.767771,29.452825],[112.774195,29.448726],[112.78653,29.454915],[112.791235,29.45396],[112.792997,29.445463],[112.803589,29.433044],[112.803892,29.419151],[112.79101,29.382433],[112.771434,29.376799],[112.770871,29.371087],[112.775819,29.361013],[112.773735,29.348173],[112.749786,29.320623],[112.719951,29.315866],[112.715497,29.322893],[112.722398,29.345067],[112.711192,29.357905],[112.709429,29.364331],[112.713918,29.376806],[112.712225,29.382554],[112.70416,29.3902],[112.698769,29.390859],[112.698387,29.398552],[112.694447,29.402446],[112.679646,29.403596],[112.670393,29.415581],[112.651105,29.42011],[112.627997,29.444127],[112.624568,29.454598],[112.627354,29.464819],[112.624157,29.469459]]]}},{"type":"Feature","properties":{"id":"cn:430621","name":"岳阳县","level":2},"geometry":{"type":"Polygon","coordinates":[[[112.766929,29.455735],[112.77564,29.466979],[112.776874,29.48252],[112.780437,29.487268],[112.790971,29.492659],[112.814853,29.513089],[112.818674,29.512537],[112.850497,29.484386],[112.889959,29.470694],[112.947198,29.435678],[112.990211,29.394599],[112.99522,29.375127],[112.996001,29.354792],[113.005541,29.351775],[113.020186,29.357507],[113.018978,29.379491],[113.023259,29.386809],[113.0393,29.391296],[113.053784,29.388858],[113.083881,29.405465],[113.095481,29.407113],[113.128772,29.432852],[113.135055,29.444289],[113.134317,29.454295],[113.139378,29.451834],[113.142772,29.454386],[113.144265,29.446686],[113.140212,29.42726],[113.116045,29.406793],[113.089482,29.393831],[113.08211,29.364456],[113.069248,29.344357],[113.070429,29.336752],[113.065906,29.32369],[113.077078,29.312308],[113.082234,29.294695],[113.09523,29.292954],[113.100542,29.299532],[113.105994,29.296665],[113.11181,29.286946],[113.11022,29.282798],[113.104257,29.281062],[113.1147,29.273028],[113.114057,29.26623],[113.119249,29.26322],[113.129701,29.243801],[113.144449,29.246421],[113.156428,29.240518],[113.15681,29.258556],[113.147868,29.270229],[113.153667,29.275848],[113.149388,29.28287],[113.153025,29.285082],[113.164006,29.279194],[113.171914,29.282249],[113.172487,29.289415],[113.18627,29.293582],[113.188989,29.284021],[113.184665,29.280944],[113.193412,29.272163],[113.214606,29.275437],[113.228916,29.26539],[113.231274,29.270182],[113.236806,29.271187],[113.238725,29.267276],[113.243246,29.267859],[113.252445,29.261005],[113.257499,29.253143],[113.262306,29.252543],[113.262187,29.249196],[113.258524,29.248021],[113.262151,29.245527],[113.275471,29.245441],[113.282739,29.24101],[113.288521,29.243383],[113.29443,29.239276],[113.303992,29.246009],[113.310151,29.238923],[113.307521,29.234233],[113.310264,29.231232],[113.320915,29.230123],[113.320916,29.236679],[113.336974,29.232759],[113.332373,29.229018],[113.334847,29.217231],[113.332443,29.211505],[113.338042,29.20157],[113.345151,29.206846],[113.358129,29.20001],[113.366549,29.210661],[113.37562,29.205503],[113.383858,29.208258],[113.404483,29.198812],[113.423372,29.213541],[113.435438,29.229274],[113.458389,29.239213],[113.47075,29.251325],[113.472521,29.253695],[113.466584,29.261044],[113.467087,29.265103],[113.483449,29.277698],[113.49029,29.27652],[113.500082,29.26427],[113.504439,29.26377],[113.515186,29.264624],[113.530446,29.277009],[113.543745,29.282447],[113.556635,29.271611],[113.582669,29.273471],[113.593363,29.257896],[113.598285,29.259478],[113.609257,29.25369],[113.629709,29.253566],[113.647763,29.227326],[113.655864,29.227749],[113.660203,29.235155],[113.676263,29.236846],[113.684466,29.233674],[113.687339,29.229138],[113.688173,29.204702],[113.675934,29.186533],[113.666341,29.182402],[113.65892,29.174548],[113.657583,29.162544],[113.66483,29.158472],[113.662409,29.14673],[113.664753,29.141862],[113.679128,29.134021],[113.678989,29.124908],[113.68497,29.117493],[113.68082,29.08366],[113.688225,29.080336],[113.695743,29.082853],[113.701533,29.08673],[113.708347,29.100727],[113.717106,29.107627],[113.726445,29.107981],[113.720578,29.086571],[113.731498,29.064388],[113.720196,29.06189],[113.705821,29.038183],[113.700387,29.036191],[113.675595,29.042454],[113.655144,29.034494],[113.645699,29.021956],[113.637583,29.028103],[113.624389,29.025903],[113.616576,29.019629],[113.616394,29.011206],[113.606889,29.000475],[113.60438,28.972865],[113.593165,28.97492],[113.584354,28.972557],[113.580847,28.982732],[113.577124,28.984056],[113.575239,28.980912],[113.577687,28.973561],[113.56458,28.971115],[113.572374,28.982678],[113.561316,28.987999],[113.557002,28.98628],[113.550517,28.96997],[113.539511,28.965929],[113.522956,28.966942],[113.50774,28.957116],[113.50175,28.962793],[113.490413,28.965006],[113.47043,28.961297],[113.467505,28.965716],[113.462896,28.966306],[113.459302,28.97541],[113.438946,28.973783],[113.433338,28.981036],[113.411541,28.975241],[113.403789,28.967048],[113.3957,28.966534],[113.389501,28.960873],[113.383148,28.960174],[113.378512,28.967135],[113.367149,28.967593],[113.355013,28.977189],[113.326897,28.975758],[113.32247,28.988188],[113.306671,28.997405],[113.297565,28.989103],[113.285942,28.987691],[113.267045,28.995225],[113.255387,28.98919],[113.245718,28.992449],[113.238132,28.990341],[113.235484,28.986913],[113.236516,28.975513],[113.221829,28.964805],[113.212003,28.962648],[113.203686,28.955125],[113.191647,28.959686],[113.182055,28.953975],[113.179355,28.967916],[113.174858,28.967935],[113.164242,28.960022],[113.147758,28.96172],[113.141247,28.970997],[113.128469,28.970537],[113.11017,28.984979],[113.100318,28.986618],[113.076351,29.000039],[113.066628,29.010246],[113.053625,29.011807],[113.041802,29.008413],[113.028252,29.019842],[113.026168,29.017472],[113.01438,29.018261],[113.002539,29.022285],[112.994171,29.019792],[112.982235,29.030021],[112.978615,29.056977],[112.974431,29.06098],[112.961116,29.064077],[112.949206,29.039079],[112.93352,29.047387],[112.943849,29.063867],[112.933528,29.068628],[112.933676,29.076327],[112.924396,29.100073],[112.919734,29.152049],[112.876115,29.165797],[112.802217,29.156442],[112.792886,29.162698],[112.807868,29.181559],[112.807459,29.185787],[112.789475,29.193982],[112.777729,29.185674],[112.792234,29.242091],[112.800333,29.254556],[112.798726,29.265758],[112.805454,29.300864],[112.812972,29.325045],[112.834464,29.371335],[112.838623,29.395419],[112.827433,29.430829],[112.832642,29.446359],[112.822224,29.449288],[112.817563,29.439295],[112.805125,29.432722],[112.792997,29.445463],[112.791235,29.45396],[112.78653,29.454915],[112.774195,29.448726],[112.766929,29.455735]]]}},{"type":"Feature","properties":{"id":"cn:430623","name":"华容县","level":2},"geometry":{"type":"MultiPolygon","coordinates":[[[[112.310026,29.52691],[112.314349,29.543132],[112.330278,29.547463],[112.363056,29.544015],[112.384886,29.569969],[112.387278,29.565184],[112.390521,29.565436],[112.395495,29.578275],[112.403108,29.581076],[112.417726,29.598145],[112.421076,29.618835],[112.433807,29.636251],[112.450868,29.638421],[112.460113,29.633932],[112.476304,29.636017],[112.493455,29.631832],[112.499583,29.613619],[112.52994,29.602355],[112.566771,29.626641],[112.599792,29.616361],[112.603803,29.610339],[112.621103,29.619358],[112.634705,29.610662],[112.644275,29.595635],[112.654749,29.602268],[112.667873,29.602748],[112.673438,29.592226],[112.67718,29.592283],[112.684297,29.600712],[112.683412,29.605082],[112.688516,29.604429],[112.687734,29.611378],[112.69342,29.613407],[112.693082,29.622642],[112.707457,29.638292],[112.711528,29.654219],[112.723681,29.657518],[112.723768,29.649664],[112.727873,29.648049],[112.745868,29.661055],[112.756424,29.663577],[112.76027,29.677672],[112.771988,29.682238],[112.7829,29.682513],[112.779184,29.696161],[112.789523,29.700289],[112.791059,29.704961],[112.786814,29.718275],[112.800443,29.728712],[112.788272,29.738505],[112.809784,29.749267],[112.838047,29.773785],[112.864464,29.788733],[112.883921,29.788482],[112.894216,29.784465],[112.921331,29.765786],[112.926478,29.742662],[112.921467,29.694925],[112.931432,29.684139],[112.939245,29.685506],[112.952223,29.696893],[112.969262,29.735356],[112.997717,29.757824],[113.005999,29.77023],[113.02027,29.775286],[113.025105,29.769371],[113.009427,29.713469],[112.999193,29.696348],[112.91033,29.623816],[112.884619,29.64346],[112.858959,29.640065],[112.844323,29.631261],[112.838585,29.615307],[112.833498,29.610634],[112.812847,29.602444],[112.804549,29.610037],[112.781771,29.587658],[112.775225,29.585647],[112.765192,29.588737],[112.755783,29.565561],[112.744298,29.562311],[112.73843,29.551057],[112.73977,29.540256],[112.73614,29.540177],[112.733625,29.528891],[112.734107,29.522313],[112.737722,29.523048],[112.738548,29.519133],[112.688005,29.506634],[112.676321,29.480392],[112.66166,29.472728],[112.663682,29.461724],[112.661507,29.453762],[112.653782,29.454606],[112.640048,29.467624],[112.624157,29.469459],[112.627354,29.464819],[112.624568,29.454598],[112.627997,29.444127],[112.651105,29.42011],[112.670393,29.415581],[112.679646,29.403596],[112.694447,29.402446],[112.698387,29.398552],[112.698769,29.390859],[112.70416,29.3902],[112.712225,29.382554],[112.713918,29.376806],[112.709429,29.364331],[112.711192,29.357905],[112.722398,29.345067],[112.715497,29.322893],[112.719343,29.315899],[112.749786,29.320623],[112.753987,29.32464],[112.773735,29.348173],[112.775819,29.361013],[112.770871,29.371087],[112.771434,29.376799],[112.79101,29.382433],[112.803892,29.419151],[112.803589,29.433044],[112.810265,29.433501],[112.817563,29.439295],[112.822224,29.449288],[112.832642,29.446359],[112.827433,29.430829],[112.838623,29.395419],[112.834464,29.371335],[112.810671,29.318663],[112.798726,29.265758],[112.800333,29.254556],[112.792234,29.242091],[112.778996,29.189523],[112.765177,29.177123],[112.736309,29.171144],[112.718961,29.180504],[112.710237,29.190204],[112.703128,29.18847],[112.687642,29.195465],[112.676877,29.195163],[112.672902,29.198852],[112.671817,29.206894],[112.67542,29.216929],[112.670645,29.226174],[112.677355,29.238282],[112.673032,29.240813],[112.673579,29.247671],[112.686991,29.255558],[112.689108,29.260167],[112.681199,29.265535],[112.676599,29.275099],[112.694299,29.290207],[112.683692,29.298563],[112.675229,29.297821],[112.66864,29.308982],[112.661235,29.303125],[112.657945,29.304269],[112.647102,29.324329],[112.635939,29.335085],[112.626808,29.339403],[112.611678,29.338138],[112.588601,29.324203],[112.573995,29.306602],[112.56521,29.304837],[112.552563,29.307702],[112.543569,29.304192],[112.52172,29.313407],[112.496426,29.314962],[112.491364,29.319761],[112.485314,29.340303],[112.480071,29.345596],[112.458508,29.356102],[112.434151,29.363194],[112.403056,29.384811],[112.382691,29.402836],[112.382778,29.425102],[112.361754,29.442407],[112.360399,29.460947],[112.345217,29.455634],[112.33625,29.446981],[112.322552,29.452661],[112.318317,29.47987],[112.325833,29.512342],[112.313004,29.519694],[112.310026,29.52691]]],[[[112.880999,29.799177],[112.895669,29.805936],[112.914149,29.802435],[112.932109,29.786747],[112.933802,29.771049],[112.932344,29.769327],[112.893204,29.796018],[112.880999,29.799177]]]]}},{"type":"Feature","properties":{"id":"cn:430624","name":"湘阴县","level":2},"geometry":{"type":"Polygon","coordinates":[[[112.505062,28.658061],[112.516963,28.672584],[112.520921,28.705807],[112.529082,28.712873],[112.547033,28.71819],[112.550418,28.722988],[112.546833,28.732923],[112.562085,28.734212],[112.57521,28.743055],[112.5922,28.747564],[112.599047,28.744826],[112.599101,28.757475],[112.612113,28.77338],[112.613754,28.781898],[112.636377,28.792768],[112.642469,28.791644],[112.648184,28.794988],[112.65648,28.792262],[112.668441,28.796365],[112.667195,28.816305],[112.659483,28.824283],[112.653928,28.841946],[112.662894,28.853667],[112.671934,28.874428],[112.67968,28.882929],[112.729396,28.889278],[112.767583,28.905822],[112.775395,28.913899],[112.791862,28.91677],[112.80602,28.924668],[112.832591,28.932425],[112.84247,28.9387],[112.86694,28.966148],[112.870612,28.987237],[112.881159,28.980245],[112.888641,28.968216],[112.888816,28.96082],[112.868858,28.921361],[112.86727,28.912372],[112.868069,28.903767],[112.886377,28.875321],[112.889068,28.866272],[112.885118,28.834262],[112.892028,28.834164],[112.898373,28.838614],[112.906975,28.838047],[112.913468,28.831654],[112.921411,28.83059],[112.93398,28.835171],[112.954823,28.824556],[112.983556,28.820786],[112.998521,28.808827],[113.003652,28.799167],[113.019494,28.788833],[113.018982,28.78488],[113.012818,28.780585],[113.005707,28.756473],[113.009143,28.741496],[113.019335,28.72298],[113.013875,28.714684],[113.001166,28.703154],[112.987659,28.711758],[112.979117,28.70405],[112.967529,28.704095],[112.947537,28.695697],[112.954864,28.689909],[112.954525,28.682342],[112.962294,28.672327],[112.968147,28.671826],[112.96855,28.667921],[112.986635,28.662823],[112.999483,28.664143],[113.005324,28.658279],[113.028849,28.652088],[113.031808,28.646645],[113.020324,28.643592],[113.012572,28.635273],[113.00502,28.607995],[112.99272,28.595846],[112.991479,28.588612],[112.997668,28.57248],[112.989925,28.559195],[112.991886,28.55199],[112.986296,28.535792],[112.968883,28.524038],[112.960115,28.524564],[112.934343,28.511979],[112.917927,28.52331],[112.896617,28.520193],[112.885887,28.528253],[112.879681,28.524121],[112.866018,28.522608],[112.866947,28.504107],[112.848986,28.515753],[112.818118,28.514767],[112.816895,28.53174],[112.810054,28.531152],[112.80449,28.523127],[112.790427,28.523183],[112.784429,28.529996],[112.783231,28.538324],[112.802433,28.563229],[112.790861,28.561842],[112.767094,28.549705],[112.752138,28.533037],[112.748283,28.521289],[112.739967,28.519303],[112.741313,28.513767],[112.726087,28.510753],[112.709012,28.513982],[112.679907,28.528801],[112.680445,28.544388],[112.696225,28.555743],[112.720974,28.560499],[112.730697,28.570688],[112.720644,28.584982],[112.710913,28.582491],[112.707536,28.591293],[112.714056,28.592979],[112.713891,28.598715],[112.705774,28.598931],[112.698604,28.603038],[112.677606,28.599296],[112.669672,28.584587],[112.661669,28.58768],[112.653274,28.583925],[112.643413,28.567697],[112.630079,28.562476],[112.623977,28.550644],[112.604394,28.544288],[112.58949,28.544311],[112.580531,28.558528],[112.556599,28.56881],[112.564403,28.583368],[112.577432,28.593572],[112.584889,28.604103],[112.579682,28.608679],[112.583232,28.613367],[112.579448,28.621993],[112.583682,28.632324],[112.575166,28.633159],[112.568699,28.627228],[112.559428,28.631597],[112.548699,28.64744],[112.538682,28.642786],[112.528309,28.643745],[112.505062,28.658061]]]}},{"type":"Feature","properties":{"id":"cn:430626","name":"平江县","level":2},"geometry":{"type":"Polygon","coordinates":[[[113.171022,28.783011],[113.177403,28.789618],[113.176014,28.803293],[113.181951,28.813422],[113.198461,28.808125],[113.205327,28.796065],[113.218445,28.785872],[113.229061,28.784589],[113.249026,28.789477],[113.262618,28.784187],[113.270474,28.801113],[113.286759,28.822637],[113.279276,28.836233],[113.283703,28.844506],[113.322331,28.840927],[113.344866,28.85683],[113.350231,28.853757],[113.367384,28.829583],[113.395474,28.850972],[113.402801,28.854712],[113.410344,28.851624],[113.424025,28.865644],[113.432367,28.856687],[113.436924,28.857449],[113.441203,28.863852],[113.434311,28.878162],[113.42563,28.884811],[113.396854,28.896142],[113.393885,28.903941],[113.398095,28.91673],[113.382367,28.933926],[113.389849,28.944796],[113.381229,28.960862],[113.387835,28.960145],[113.393702,28.965755],[113.403789,28.967048],[113.411541,28.975241],[113.433338,28.981036],[113.438946,28.973783],[113.459302,28.97541],[113.462896,28.966306],[113.467505,28.965716],[113.47043,28.961297],[113.490413,28.965006],[113.50175,28.962793],[113.50774,28.957116],[113.522956,28.966942],[113.539511,28.965929],[113.550517,28.96997],[113.557002,28.98628],[113.561316,28.987999],[113.572374,28.982678],[113.56458,28.971115],[113.577687,28.973561],[113.575239,28.980912],[113.577124,28.984056],[113.580847,28.982732],[113.584354,28.972557],[113.593165,28.97492],[113.60438,28.972865],[113.606889,29.000475],[113.616394,29.011206],[113.616576,29.019629],[113.624389,29.025903],[113.637583,29.028103],[113.645699,29.021956],[113.655144,29.034494],[113.675595,29.042454],[113.693026,29.036688],[113.705821,29.038183],[113.72234,29.063629],[113.731498,29.064388],[113.735595,29.061056],[113.743772,29.063846],[113.75872,29.081141],[113.760821,29.092152],[113.764293,29.094876],[113.810431,29.108268],[113.821654,29.105416],[113.83063,29.094774],[113.826064,29.072346],[113.847166,29.061756],[113.863243,29.06887],[113.876472,29.068543],[113.869493,29.056224],[113.871212,29.041311],[113.876116,29.036691],[113.890014,29.032619],[113.90438,29.033238],[113.909527,29.039415],[113.928043,29.04908],[113.937922,29.050393],[113.940647,29.04786],[113.942853,29.034651],[113.94089,29.021049],[113.956012,29.002509],[113.950205,28.982463],[113.96136,28.947405],[113.969537,28.940679],[113.981873,28.953115],[114.003399,28.95841],[113.999511,28.921347],[114.009138,28.920854],[114.013938,28.917184],[114.022835,28.894146],[114.036542,28.910372],[114.044737,28.910678],[114.057272,28.9029],[114.061534,28.890409],[114.051994,28.877903],[114.052163,28.867435],[114.056716,28.85963],[114.054077,28.852675],[114.057645,28.848822],[114.063609,28.849961],[114.070926,28.837445],[114.089023,28.835895],[114.119327,28.846195],[114.123502,28.84458],[114.126644,28.832529],[114.132469,28.829264],[114.14562,28.838938],[114.149101,28.819914],[114.146489,28.804602],[114.135438,28.793512],[114.131932,28.782726],[114.148285,28.773769],[114.151645,28.764469],[114.14648,28.745481],[114.141226,28.738966],[114.143847,28.726794],[114.13712,28.718204],[114.136009,28.708118],[114.122684,28.704047],[114.116842,28.692491],[114.118317,28.683632],[114.12758,28.674731],[114.123865,28.66531],[114.126894,28.661388],[114.123847,28.650487],[114.126789,28.642551],[114.116737,28.626323],[114.117832,28.621919],[114.124029,28.61878],[114.126599,28.610269],[114.113153,28.589938],[114.097198,28.584242],[114.089229,28.573178],[114.089125,28.565339],[114.082675,28.5631],[114.08119,28.558975],[114.068326,28.558311],[114.0604,28.550835],[114.047753,28.547314],[114.034542,28.554203],[114.019958,28.546021],[114.014116,28.546127],[114.009602,28.548931],[114.008101,28.557842],[113.996599,28.565456],[113.990357,28.568191],[113.970644,28.568085],[113.957129,28.54573],[113.9479,28.541518],[113.935956,28.529808],[113.930149,28.534842],[113.912571,28.528909],[113.897171,28.532043],[113.88422,28.519094],[113.880331,28.518627],[113.8504,28.535257],[113.839003,28.5273],[113.827006,28.502254],[113.827545,28.492436],[113.819428,28.487486],[113.809662,28.468219],[113.797996,28.460498],[113.779402,28.46088],[113.768317,28.454356],[113.756086,28.45469],[113.726381,28.445685],[113.716077,28.435075],[113.714046,28.428451],[113.699098,28.425548],[113.671425,28.44544],[113.651833,28.451153],[113.655999,28.459513],[113.644255,28.473472],[113.630635,28.485949],[113.624176,28.486241],[113.619376,28.494147],[113.60179,28.506564],[113.571443,28.539717],[113.551278,28.536158],[113.542935,28.528367],[113.522579,28.531636],[113.512085,28.539643],[113.50166,28.540238],[113.491477,28.569084],[113.469281,28.581705],[113.466555,28.590388],[113.455453,28.600516],[113.447024,28.593751],[113.439915,28.597109],[113.436087,28.59347],[113.424473,28.593378],[113.418387,28.581807],[113.413917,28.591694],[113.409733,28.590731],[113.408639,28.59398],[113.410983,28.607732],[113.414776,28.611732],[113.412076,28.621965],[113.417815,28.624097],[113.419377,28.639018],[113.403752,28.635512],[113.373935,28.647736],[113.359533,28.640312],[113.354186,28.634564],[113.352698,28.62551],[113.343352,28.619722],[113.32837,28.622378],[113.313162,28.619344],[113.309828,28.624205],[113.309446,28.63362],[113.277858,28.641929],[113.27284,28.640811],[113.269012,28.635219],[113.258908,28.634574],[113.250315,28.628886],[113.24022,28.643838],[113.242461,28.648102],[113.23785,28.659406],[113.232512,28.664094],[113.225103,28.665427],[113.209537,28.678609],[113.20976,28.681578],[113.197422,28.680591],[113.179092,28.687616],[113.184292,28.702961],[113.180107,28.709586],[113.185324,28.717238],[113.184448,28.727701],[113.186939,28.730871],[113.182747,28.736307],[113.190819,28.743183],[113.18634,28.7433],[113.182776,28.755166],[113.184565,28.758364],[113.179321,28.763423],[113.180554,28.771096],[113.172237,28.774233],[113.171022,28.783011]]]}},{"type":"Feature","properties":{"id":"cn:430681","name":"汨罗市","level":2},"geometry":{"type":"Polygon","coordinates":[[[112.868069,28.903767],[112.868858,28.921361],[112.888816,28.96082],[112.888641,28.968216],[112.881159,28.980245],[112.870612,28.987237],[112.885918,29.002529],[112.922443,29.026191],[112.93352,29.047387],[112.949206,29.039079],[112.961116,29.064077],[112.977236,29.059112],[112.982235,29.030021],[112.992426,29.020504],[113.004527,29.022257],[113.025057,29.017376],[113.028252,29.019842],[113.041802,29.008413],[113.053625,29.011807],[113.066628,29.010246],[113.076351,29.000039],[113.100318,28.986618],[113.11017,28.984979],[113.128469,28.970537],[113.141247,28.970997],[113.147758,28.96172],[113.164242,28.960022],[113.174858,28.967935],[113.179355,28.967916],[113.182055,28.953975],[113.191647,28.959686],[113.203686,28.955125],[113.209425,28.961192],[113.221829,28.964805],[113.236516,28.975513],[113.236586,28.989782],[113.245718,28.992449],[113.255387,28.98919],[113.267045,28.995225],[113.285942,28.987691],[113.297565,28.989103],[113.306671,28.997405],[113.32247,28.988188],[113.326897,28.975758],[113.357444,28.976387],[113.367149,28.967593],[113.378512,28.967135],[113.389103,28.949538],[113.389571,28.94283],[113.382367,28.933926],[113.398095,28.91673],[113.393885,28.903941],[113.396854,28.896142],[113.428634,28.882706],[113.436854,28.875215],[113.441203,28.863852],[113.434736,28.855938],[113.424025,28.865644],[113.410344,28.851624],[113.402801,28.854712],[113.395474,28.850972],[113.367384,28.829583],[113.350231,28.853757],[113.344866,28.85683],[113.322331,28.840927],[113.283703,28.844506],[113.279276,28.836233],[113.286759,28.822637],[113.261637,28.783968],[113.249026,28.789477],[113.229061,28.784589],[113.218445,28.785872],[113.205327,28.796065],[113.198461,28.808125],[113.180754,28.812835],[113.176014,28.803293],[113.177403,28.789618],[113.171022,28.783011],[113.171977,28.774657],[113.180293,28.771751],[113.179226,28.763986],[113.184695,28.757983],[113.183948,28.748678],[113.186653,28.742948],[113.190846,28.742855],[113.182747,28.736307],[113.186939,28.730871],[113.184448,28.727701],[113.185324,28.717238],[113.180107,28.709586],[113.184292,28.702961],[113.178831,28.688304],[113.197422,28.680591],[113.20976,28.681578],[113.209537,28.678609],[113.227864,28.664829],[113.22917,28.652436],[113.227972,28.648438],[113.207885,28.639165],[113.207825,28.621572],[113.189239,28.60687],[113.177616,28.60228],[113.183892,28.585343],[113.179317,28.576754],[113.180307,28.571155],[113.188874,28.569677],[113.194977,28.558818],[113.188136,28.553301],[113.18897,28.544758],[113.180116,28.532441],[113.177251,28.513372],[113.179638,28.506593],[113.165558,28.49561],[113.164057,28.483666],[113.150654,28.475146],[113.125289,28.474454],[113.122772,28.477137],[113.126185,28.49391],[113.124552,28.501643],[113.106009,28.502425],[113.090662,28.511808],[113.083673,28.50881],[113.0791,28.511354],[113.078422,28.51829],[113.073154,28.525009],[113.067572,28.52704],[113.062068,28.522413],[113.05647,28.506559],[113.038857,28.490295],[113.026296,28.488698],[113.010506,28.474185],[112.982485,28.463689],[112.97699,28.468144],[112.965002,28.470384],[112.955176,28.482075],[112.971982,28.500538],[112.969334,28.510386],[112.973328,28.517316],[112.973058,28.526814],[112.983466,28.532209],[112.989177,28.540057],[112.991886,28.55199],[112.989925,28.559195],[112.997668,28.57248],[112.991479,28.588612],[112.99272,28.595846],[113.00502,28.607995],[113.012572,28.635273],[113.020324,28.643592],[113.032103,28.648116],[113.024405,28.653848],[113.005324,28.658279],[112.999483,28.664143],[112.986635,28.662823],[112.96855,28.667921],[112.968147,28.671826],[112.962294,28.672327],[112.954525,28.682342],[112.954864,28.689909],[112.947537,28.695697],[112.967529,28.704095],[112.979117,28.70405],[112.987659,28.711758],[113.001166,28.703154],[113.013875,28.714684],[113.019335,28.72298],[113.009143,28.741496],[113.005707,28.756473],[113.012818,28.780585],[113.018982,28.78488],[113.019494,28.788833],[113.003652,28.799167],[112.998521,28.808827],[112.983556,28.820786],[112.954823,28.824556],[112.93398,28.835171],[112.921411,28.83059],[112.913468,28.831654],[112.906975,28.838047],[112.898373,28.838614],[112.892028,28.834164],[112.885118,28.834262],[112.889068,28.866272],[112.886377,28.875321],[112.868069,28.903767]]]}},{"type":"Feature","properties":{"id":"cn:430682","name":"临湘市","level":2},"geometry":{"type":"Polygon","coordinates":[[[113.302451,29.34578],[113.304873,29.360806],[113.317095,29.365198],[113.329178,29.3767],[113.319117,29.404506],[113.323215,29.415721],[113.309785,29.418785],[113.316209,29.427963],[113.317946,29.422591],[113.330012,29.421176],[113.337147,29.433805],[113.337998,29.442906],[113.353484,29.436112],[113.360905,29.444365],[113.37239,29.43466],[113.383319,29.446899],[113.375637,29.455325],[113.373614,29.464258],[113.367676,29.465482],[113.359403,29.461994],[113.350863,29.465592],[113.358102,29.474872],[113.358206,29.483813],[113.353666,29.481098],[113.348232,29.489857],[113.324195,29.489419],[113.323118,29.493974],[113.362581,29.498434],[113.367129,29.521652],[113.3818,29.520764],[113.398787,29.536923],[113.425532,29.530406],[113.427815,29.542098],[113.421729,29.548212],[113.395619,29.557322],[113.390879,29.564271],[113.380549,29.563171],[113.375983,29.567327],[113.396235,29.572968],[113.407709,29.59142],[113.429107,29.607116],[113.403187,29.624447],[113.391919,29.626678],[113.387769,29.622696],[113.389107,29.605682],[113.384375,29.601965],[113.377432,29.602849],[113.357578,29.622475],[113.350114,29.624128],[113.345912,29.616127],[113.341269,29.617097],[113.34073,29.637692],[113.337266,29.637574],[113.323864,29.62028],[113.301893,29.628117],[113.35626,29.690226],[113.395733,29.726456],[113.432619,29.754032],[113.450675,29.761649],[113.487256,29.789112],[113.512127,29.815038],[113.565903,29.851652],[113.575463,29.835046],[113.570515,29.828172],[113.571618,29.821289],[113.559621,29.815313],[113.560881,29.812238],[113.570043,29.810709],[113.564615,29.808337],[113.556258,29.794292],[113.562475,29.789688],[113.554386,29.785862],[113.545307,29.77089],[113.550245,29.76636],[113.548685,29.76125],[113.554072,29.750878],[113.554662,29.735647],[113.534446,29.702323],[113.532718,29.686324],[113.541503,29.678072],[113.578482,29.676804],[113.602921,29.66944],[113.607759,29.673659],[113.631564,29.67239],[113.64074,29.675146],[113.639795,29.678803],[113.646138,29.686178],[113.657711,29.687184],[113.657703,29.680299],[113.663442,29.673143],[113.661516,29.666584],[113.675119,29.645243],[113.666405,29.643843],[113.666193,29.641209],[113.673155,29.637704],[113.682434,29.643493],[113.68982,29.640976],[113.687,29.636011],[113.697998,29.637152],[113.698154,29.621928],[113.70273,29.611616],[113.716248,29.614416],[113.722883,29.600857],[113.735333,29.594165],[113.730689,29.57947],[113.705382,29.571815],[113.702985,29.556556],[113.697236,29.555611],[113.695622,29.558201],[113.685952,29.55047],[113.675966,29.551322],[113.673591,29.548803],[113.675197,29.54207],[113.663745,29.538454],[113.650227,29.539364],[113.649137,29.533782],[113.625364,29.525473],[113.628905,29.513539],[113.637828,29.510637],[113.666062,29.515207],[113.667431,29.513105],[113.672956,29.516431],[113.683207,29.512291],[113.701241,29.48868],[113.712848,29.482652],[113.718143,29.47622],[113.736826,29.470676],[113.734847,29.46803],[113.744049,29.458355],[113.749317,29.445986],[113.731288,29.428935],[113.736054,29.415554],[113.726193,29.397496],[113.717599,29.392331],[113.70772,29.396249],[113.684649,29.396595],[113.664439,29.387388],[113.655377,29.371036],[113.656757,29.356046],[113.660369,29.349888],[113.655446,29.336303],[113.637869,29.32976],[113.627486,29.321283],[113.608103,29.275405],[113.601384,29.270605],[113.601297,29.257796],[113.593363,29.257896],[113.584882,29.272712],[113.556635,29.271611],[113.543745,29.282447],[113.510777,29.263575],[113.500082,29.26427],[113.49029,29.27652],[113.483449,29.277698],[113.467087,29.265103],[113.466584,29.261044],[113.472521,29.253695],[113.47075,29.251325],[113.458389,29.239213],[113.435438,29.229274],[113.423372,29.213541],[113.404483,29.198812],[113.383858,29.208258],[113.37562,29.205503],[113.366549,29.210661],[113.358129,29.20001],[113.345151,29.206846],[113.338042,29.20157],[113.332443,29.211505],[113.334847,29.217231],[113.332373,29.229018],[113.336974,29.232759],[113.320916,29.236679],[113.320915,29.230123],[113.308328,29.232681],[113.312373,29.241436],[113.327182,29.249134],[113.325845,29.260579],[113.332456,29.264722],[113.336231,29.273287],[113.343357,29.279413],[113.345507,29.304541],[113.341392,29.329043],[113.335108,29.331353],[113.328857,29.339848],[113.306722,29.341508],[113.302451,29.34578]]]}},{"type":"Feature","properties":{"id":"cn:4307","name":"常德市","level":1},"geometry":{"type":"Polygon","coordinates":[[[110.486588,30.022263],[110.49572,30.031256],[110.491424,30.038971],[110.494522,30.051291],[110.492587,30.057836],[110.503264,30.053036],[110.512204,30.056316],[110.516344,30.061588],[110.526466,30.063782],[110.546232,30.058365],[110.557429,30.060156],[110.559964,30.057093],[110.568627,30.061969],[110.596231,30.057439],[110.621752,30.06657],[110.646092,30.080368],[110.679816,30.063172],[110.678367,30.05448],[110.700077,30.036987],[110.707299,30.035776],[110.719928,30.043345],[110.733522,30.043039],[110.75104,30.056905],[110.749069,30.0667],[110.751439,30.084952],[110.74387,30.090914],[110.748001,30.103889],[110.741257,30.115207],[110.757873,30.121623],[110.783194,30.122607],[110.797874,30.117064],[110.809245,30.128629],[110.832777,30.125124],[110.846086,30.129082],[110.853004,30.121278],[110.865434,30.116664],[110.892864,30.112585],[110.916398,30.115697],[110.91921,30.114085],[110.920166,30.09727],[110.917501,30.080352],[110.920347,30.070291],[110.924835,30.066196],[110.943541,30.063039],[110.958464,30.064785],[110.977214,30.060866],[110.993073,30.061986],[111.002066,30.056535],[111.026094,30.051391],[111.06645,30.049627],[111.080669,30.051838],[111.172171,30.042965],[111.17513,30.046894],[111.194167,30.043529],[111.237474,30.042791],[111.24079,30.0385],[111.250894,30.036271],[111.261432,30.013996],[111.280501,30.013867],[111.292072,30.007181],[111.291618,29.992752],[111.297333,29.98576],[111.305998,29.982709],[111.311847,29.974467],[111.318757,29.980478],[111.325867,29.972362],[111.323931,29.967961],[111.330519,29.965424],[111.337081,29.947078],[111.342649,29.944412],[111.345686,29.953748],[111.354178,29.953106],[111.363432,29.956648],[111.377032,29.952165],[111.372422,29.937634],[111.375378,29.936158],[111.384112,29.940137],[111.377006,29.926059],[111.391204,29.91458],[111.398813,29.91343],[111.411612,29.917242],[111.431456,29.932447],[111.443975,29.926135],[111.450127,29.9304],[111.456302,29.929796],[111.475478,29.920514],[111.492987,29.927329],[111.516519,29.930682],[111.521806,29.928305],[111.531129,29.908755],[111.540547,29.906916],[111.548134,29.897155],[111.56042,29.901246],[111.572345,29.897112],[111.578644,29.900819],[111.582984,29.895537],[111.586848,29.897244],[111.592674,29.892128],[111.614247,29.894097],[111.618153,29.898112],[111.639598,29.898007],[111.645799,29.895809],[111.647581,29.890655],[111.656787,29.888517],[111.663444,29.891549],[111.676153,29.887224],[111.685376,29.891567],[111.689459,29.889832],[111.69939,29.892663],[111.701658,29.897135],[111.699696,29.899364],[111.705418,29.899615],[111.710413,29.903991],[111.713243,29.902598],[111.718019,29.907878],[111.719191,29.918215],[111.730361,29.923188],[111.733958,29.920849],[111.741589,29.923919],[111.751447,29.922722],[111.772984,29.914361],[111.777662,29.915506],[111.788933,29.908334],[111.803351,29.905408],[111.8061,29.895373],[111.818707,29.89056],[111.823707,29.892185],[111.823333,29.876649],[111.834037,29.879496],[111.839445,29.877108],[111.855912,29.85962],[111.872292,29.862382],[111.875062,29.868887],[111.875096,29.862758],[111.878785,29.861239],[111.909088,29.855447],[111.914436,29.844046],[111.92599,29.836793],[111.931528,29.835145],[111.944714,29.839883],[111.957413,29.839343],[111.95967,29.833848],[111.946007,29.816958],[111.950235,29.798511],[111.971441,29.793184],[111.974974,29.797492],[111.980651,29.797127],[111.985625,29.78541],[111.996051,29.780313],[112.004037,29.780616],[112.025417,29.764781],[112.038359,29.761801],[112.044896,29.75163],[112.056667,29.745377],[112.058828,29.74839],[112.048776,29.760519],[112.058586,29.772261],[112.060304,29.756135],[112.070573,29.745117],[112.067431,29.737129],[112.067778,29.718511],[112.058099,29.71235],[112.058776,29.703525],[112.054115,29.698242],[112.060478,29.683301],[112.077856,29.683037],[112.085979,29.688083],[112.100903,29.674739],[112.106721,29.661685],[112.112622,29.665113],[112.119123,29.659449],[112.13816,29.659874],[112.144731,29.657014],[112.158758,29.664827],[112.166275,29.663114],[112.176614,29.653765],[112.180608,29.635493],[112.192587,29.620015],[112.196692,29.636376],[112.211441,29.63679],[112.214783,29.639829],[112.213785,29.649974],[112.230434,29.661046],[112.238522,29.662214],[112.222688,29.633642],[112.228753,29.618413],[112.236718,29.612585],[112.248593,29.61332],[112.276384,29.598874],[112.288149,29.598691],[112.297513,29.588077],[112.297465,29.569811],[112.285895,29.545387],[112.274975,29.537503],[112.272576,29.512518],[112.284581,29.483585],[112.2879,29.459006],[112.294523,29.448997],[112.288499,29.429469],[112.289401,29.409835],[112.27856,29.406188],[112.275512,29.397824],[112.261007,29.385107],[112.247005,29.3547],[112.244217,29.327583],[112.2575,29.300453],[112.248611,29.294661],[112.236319,29.29666],[112.228594,29.301413],[112.220979,29.296813],[112.20776,29.298839],[112.217501,29.288765],[112.21783,29.26941],[112.223116,29.254523],[112.220876,29.231241],[112.222856,29.218878],[112.230781,29.215968],[112.195946,29.182046],[112.189861,29.166074],[112.195364,29.148852],[112.183126,29.147248],[112.18204,29.137309],[112.201737,29.130185],[112.203013,29.122886],[112.208359,29.118458],[112.217882,29.121575],[112.229289,29.117791],[112.2398,29.105488],[112.237031,29.09928],[112.23585,29.070848],[112.248663,29.051118],[112.241302,28.983848],[112.251424,28.972515],[112.255833,28.920198],[112.251424,28.864566],[112.270851,28.84384],[112.299063,28.826111],[112.300156,28.822811],[112.300764,28.803325],[112.297986,28.795621],[112.292431,28.786287],[112.277839,28.780046],[112.276172,28.776669],[112.277179,28.730829],[112.254817,28.71842],[112.250668,28.720819],[112.226085,28.715677],[112.22336,28.706561],[112.20967,28.695755],[112.202344,28.694202],[112.192612,28.675943],[112.177058,28.671502],[112.159939,28.68258],[112.153064,28.670536],[112.148751,28.672446],[112.145252,28.666736],[112.136372,28.664533],[112.143715,28.659501],[112.139618,28.654359],[112.131198,28.652162],[112.10046,28.65525],[112.091624,28.645245],[112.087648,28.645607],[112.080096,28.656313],[112.071407,28.65921],[112.064679,28.675425],[112.053021,28.67227],[112.045434,28.675519],[112.021702,28.674592],[112.02138,28.669542],[112.035034,28.660853],[112.029671,28.644459],[112.02579,28.642127],[112.008412,28.643954],[111.992848,28.650022],[111.988029,28.660927],[111.975929,28.655608],[111.97434,28.662118],[111.978898,28.666582],[111.975088,28.668605],[111.94474,28.678064],[111.917813,28.680373],[111.904818,28.674898],[111.903872,28.668466],[111.910547,28.665558],[111.912804,28.658816],[111.906468,28.647396],[111.898872,28.64668],[111.895087,28.638897],[111.884905,28.641076],[111.866224,28.634217],[111.849289,28.640386],[111.844661,28.636723],[111.838551,28.620081],[111.831441,28.617648],[111.82296,28.619097],[111.812362,28.62763],[111.806581,28.64373],[111.78665,28.645673],[111.780894,28.651968],[111.77441,28.638932],[111.770591,28.637397],[111.759271,28.645975],[111.751919,28.658156],[111.745374,28.660883],[111.738508,28.655296],[111.725036,28.655473],[111.718022,28.651144],[111.716901,28.64832],[111.722657,28.645813],[111.712978,28.637663],[111.719124,28.61985],[111.717813,28.613125],[111.709098,28.605565],[111.706294,28.598533],[111.701546,28.598301],[111.697188,28.602316],[111.691069,28.595704],[111.682865,28.592559],[111.664393,28.597255],[111.658169,28.611279],[111.659019,28.62497],[111.654861,28.629242],[111.64184,28.626663],[111.630635,28.631908],[111.618985,28.62178],[111.58138,28.638578],[111.563298,28.642775],[111.533749,28.613085],[111.503792,28.588982],[111.488602,28.584499],[111.485851,28.574891],[111.462161,28.560104],[111.437647,28.560433],[111.427969,28.551171],[111.406527,28.55098],[111.393559,28.543697],[111.377506,28.553686],[111.368186,28.554966],[111.344062,28.532602],[111.333629,28.53107],[111.328776,28.523531],[111.318577,28.522081],[111.310156,28.527681],[111.277787,28.52046],[111.268507,28.526489],[111.252674,28.530591],[111.248473,28.534989],[111.22323,28.52576],[111.210661,28.539738],[111.192809,28.529807],[111.186754,28.522086],[111.179324,28.522069],[111.173525,28.51736],[111.162163,28.520886],[111.146997,28.517957],[111.149341,28.501223],[111.142363,28.491047],[111.139428,28.476915],[111.128456,28.476464],[111.111129,28.46755],[111.103821,28.471292],[111.096442,28.469886],[111.085496,28.458586],[111.06211,28.454305],[111.041061,28.462271],[111.016755,28.449374],[111.002528,28.448895],[110.996199,28.443498],[110.975062,28.443719],[110.964603,28.434633],[110.942901,28.431648],[110.93541,28.425271],[110.926061,28.424815],[110.884568,28.408439],[110.87574,28.411814],[110.85554,28.40954],[110.857225,28.422294],[110.883735,28.442474],[110.884316,28.450833],[110.900454,28.458649],[110.917198,28.475453],[110.92199,28.487421],[110.940401,28.482778],[110.956755,28.499005],[110.96258,28.514396],[110.976877,28.515586],[111.006651,28.548552],[111.016859,28.545101],[111.02435,28.546909],[111.033734,28.542887],[111.036504,28.538235],[111.043873,28.540027],[111.062093,28.533289],[111.072006,28.534437],[111.072597,28.54276],[111.053838,28.567023],[111.048386,28.569754],[111.059324,28.583132],[111.054381,28.593689],[111.049011,28.597158],[111.051833,28.599539],[111.049671,28.60548],[111.052016,28.61108],[111.044872,28.6118],[111.045104,28.603511],[111.038154,28.606201],[111.03627,28.597955],[111.031313,28.60003],[111.029389,28.594568],[111.025702,28.597845],[111.020992,28.593312],[111.014902,28.592966],[111.010635,28.597182],[111.010505,28.602575],[111.003743,28.60251],[111.00323,28.58838],[110.975626,28.589955],[110.946946,28.571364],[110.939247,28.592888],[110.940184,28.607024],[110.932311,28.614226],[110.929749,28.621019],[110.939115,28.625427],[110.950366,28.622588],[110.956077,28.626353],[110.985314,28.622535],[110.98935,28.631132],[110.989376,28.640183],[111.009992,28.653103],[111.046286,28.655446],[111.059185,28.662868],[111.056441,28.671685],[111.042154,28.685973],[111.04323,28.692945],[111.060279,28.699677],[111.075687,28.69492],[111.090808,28.70357],[111.090322,28.712273],[111.095591,28.716687],[111.09645,28.725834],[111.099992,28.729538],[111.097041,28.737067],[111.109609,28.746912],[111.102995,28.753683],[111.10138,28.762776],[111.093177,28.770656],[111.096676,28.780944],[111.082934,28.786554],[111.073256,28.796678],[111.074818,28.806704],[111.067266,28.812834],[111.065729,28.819885],[111.05401,28.828097],[111.033316,28.826515],[111.025122,28.842715],[111.007856,28.854428],[110.999401,28.869404],[110.994965,28.87084],[110.997527,28.877533],[110.987257,28.891387],[110.984541,28.900415],[110.953221,28.909601],[110.952388,28.913804],[110.957786,28.921118],[110.945131,28.940501],[110.951737,28.954223],[110.94987,28.963926],[110.960261,28.968312],[110.969453,28.979902],[110.977439,28.979929],[110.982496,28.99117],[110.974044,28.9944],[110.972993,28.990678],[110.968368,28.993286],[110.960189,28.991289],[110.965585,28.995844],[110.956587,29.001593],[110.944656,28.999103],[110.945548,29.004615],[110.949977,29.00646],[110.939678,29.014327],[110.913419,29.026288],[110.908917,29.033121],[110.90987,29.038206],[110.905533,29.043589],[110.904747,29.051875],[110.889609,29.052751],[110.881877,29.058617],[110.876842,29.058007],[110.867434,29.070111],[110.864671,29.070195],[110.865298,29.064397],[110.861535,29.069466],[110.856925,29.067753],[110.855704,29.076975],[110.847194,29.089876],[110.847116,29.096272],[110.861641,29.111487],[110.868507,29.102413],[110.874193,29.100944],[110.881684,29.103787],[110.885807,29.113893],[110.908169,29.114414],[110.920391,29.121774],[110.924774,29.133926],[110.931962,29.132541],[110.933933,29.134761],[110.938594,29.130603],[110.94073,29.135667],[110.936615,29.141144],[110.953385,29.136912],[110.969583,29.122227],[110.978646,29.121931],[110.974245,29.1162],[110.976953,29.114564],[110.996415,29.120872],[111.016988,29.123323],[111.02046,29.140551],[111.025252,29.143056],[111.038065,29.14206],[111.045469,29.146385],[111.066329,29.172542],[111.075234,29.191088],[111.087266,29.20679],[111.148334,29.240432],[111.160121,29.238885],[111.168829,29.233412],[111.17237,29.226155],[111.18744,29.220877],[111.20092,29.220343],[111.217726,29.226485],[111.225972,29.234549],[111.227301,29.242676],[111.21915,29.250469],[111.214679,29.263499],[111.216641,29.268464],[111.238446,29.285489],[111.24638,29.30194],[111.240078,29.323809],[111.230616,29.332392],[111.229992,29.337772],[111.235261,29.343063],[111.253724,29.383364],[111.26395,29.389288],[111.296219,29.39854],[111.286172,29.410514],[111.291727,29.417255],[111.305651,29.421921],[111.313889,29.434896],[111.321788,29.440048],[111.323985,29.446771],[111.313056,29.462459],[111.312223,29.468583],[111.323134,29.488509],[111.331849,29.49602],[111.32632,29.500762],[111.323482,29.512535],[111.314826,29.523427],[111.313611,29.535907],[111.295695,29.540309],[111.299115,29.550387],[111.287127,29.563034],[111.271478,29.565248],[111.269601,29.582147],[111.260738,29.582485],[111.256441,29.587644],[111.249054,29.589662],[111.251823,29.599618],[111.248932,29.602845],[111.220277,29.60554],[111.207752,29.601808],[111.202587,29.604084],[111.189714,29.601378],[111.170842,29.6034],[111.149975,29.596905],[111.145721,29.599308],[111.14368,29.606502],[111.13197,29.611374],[111.116242,29.610223],[111.105026,29.616248],[111.071441,29.62176],[111.050678,29.619896],[111.047613,29.62197],[111.043013,29.640934],[111.025626,29.646912],[111.033994,29.657706],[111.026675,29.67158],[110.993281,29.669816],[110.980851,29.678588],[110.962596,29.680442],[110.937396,29.670801],[110.922891,29.674412],[110.920608,29.680548],[110.899696,29.687288],[110.885382,29.68969],[110.86665,29.68821],[110.851849,29.699039],[110.809427,29.68326],[110.77625,29.685858],[110.761458,29.683121],[110.759904,29.712505],[110.756701,29.718536],[110.74663,29.713169],[110.735952,29.700527],[110.720084,29.689729],[110.694365,29.702345],[110.665606,29.710661],[110.65591,29.722375],[110.654165,29.742559],[110.648132,29.747386],[110.629869,29.752349],[110.626986,29.760522],[110.637863,29.778477],[110.611709,29.831724],[110.601726,29.839766],[110.595077,29.840118],[110.595476,29.842471],[110.577707,29.837623],[110.568514,29.848467],[110.546405,29.849754],[110.542004,29.867933],[110.531154,29.881414],[110.535182,29.891788],[110.533011,29.899472],[110.522091,29.907336],[110.511813,29.904535],[110.502934,29.911536],[110.493124,29.912634],[110.503133,29.924263],[110.501961,29.941577],[110.50842,29.951777],[110.510399,29.96198],[110.532803,29.979216],[110.546249,29.982412],[110.552377,29.991007],[110.54243,30.002297],[110.515198,30.004409],[110.499721,30.011405],[110.486588,30.022263]]]}},{"type":"Feature","properties":{"id":"cn:430702","name":"武陵区","level":2},"geometry":{"type":"Polygon","coordinates":[[[111.582674,28.97989],[111.586589,28.987795],[111.60329,29.001383],[111.610842,29.015369],[111.609029,29.022635],[111.58718,29.041951],[111.586693,29.069481],[111.598048,29.081793],[111.608281,29.084614],[111.623906,29.074781],[111.638264,29.07724],[111.647622,29.073329],[111.652465,29.067621],[111.660252,29.068292],[111.661997,29.102832],[111.66882,29.112943],[111.671111,29.129965],[111.655836,29.131789],[111.665254,29.145705],[111.664755,29.150991],[111.679813,29.157063],[111.686663,29.153155],[111.685635,29.156602],[111.688719,29.153901],[111.701909,29.15972],[111.702975,29.16488],[111.697283,29.168266],[111.702251,29.174698],[111.698996,29.177849],[111.699679,29.188481],[111.708934,29.182925],[111.712361,29.186065],[111.71907,29.181112],[111.736544,29.181279],[111.746817,29.174766],[111.772013,29.178373],[111.782986,29.170427],[111.781136,29.156063],[111.772979,29.146384],[111.773454,29.138594],[111.790257,29.134778],[111.796801,29.122241],[111.806845,29.114144],[111.822483,29.109913],[111.832747,29.110577],[111.837187,29.105471],[111.837193,29.098601],[111.825428,29.081831],[111.810727,29.083811],[111.798264,29.066627],[111.786901,29.061167],[111.784488,29.056734],[111.788203,29.047793],[111.80362,29.041756],[111.80336,29.034553],[111.793498,29.015438],[111.780677,29.009384],[111.791954,28.993993],[111.804956,28.992862],[111.815061,28.969956],[111.810556,28.960536],[111.814991,28.951454],[111.816051,28.939006],[111.814644,28.93148],[111.803628,28.921895],[111.791312,28.921543],[111.774827,28.929538],[111.777457,28.926457],[111.776693,28.919694],[111.770782,28.895753],[111.763733,28.890508],[111.753659,28.864843],[111.757842,28.861287],[111.755491,28.859386],[111.758789,28.856212],[111.75807,28.849414],[111.766138,28.846593],[111.761501,28.84584],[111.766997,28.843138],[111.768544,28.835927],[111.765968,28.827059],[111.760472,28.826605],[111.761846,28.822998],[111.750513,28.815632],[111.738672,28.821496],[111.729581,28.819097],[111.728723,28.813086],[111.725465,28.812788],[111.724779,28.81865],[111.716036,28.815202],[111.713121,28.82212],[111.709865,28.817615],[111.693074,28.818393],[111.687934,28.823963],[111.687933,28.836135],[111.693072,28.835827],[111.6929,28.845743],[111.698724,28.845884],[111.698723,28.856101],[111.704035,28.856994],[111.699401,28.864172],[111.704601,28.867867],[111.701488,28.879534],[111.697632,28.882019],[111.700202,28.889599],[111.695975,28.890701],[111.693578,28.887617],[111.677639,28.894494],[111.671433,28.898967],[111.6654,28.912864],[111.662422,28.912552],[111.664653,28.921893],[111.660425,28.925284],[111.660408,28.935814],[111.655799,28.9391],[111.677455,28.947467],[111.689231,28.961871],[111.687622,28.971577],[111.697994,28.981975],[111.700052,29.007179],[111.696355,29.020371],[111.677145,29.028073],[111.652327,29.021778],[111.643768,29.008045],[111.646207,28.987331],[111.644419,28.974851],[111.624835,28.962454],[111.60737,28.960278],[111.594053,28.964851],[111.584409,28.96931],[111.582674,28.97989]]]}},{"type":"Feature","properties":{"id":"cn:430703","name":"鼎城区","level":2},"geometry":{"type":"MultiPolygon","coordinates":[[[[111.543863,29.268729],[111.546866,29.276903],[111.556736,29.281606],[111.582092,29.279375],[111.592301,29.287231],[111.60198,29.287455],[111.607526,29.296461],[111.626068,29.281649],[111.637899,29.282181],[111.647769,29.278047],[111.667101,29.284222],[111.673811,29.29077],[111.696736,29.288664],[111.70204,29.292505],[111.708351,29.290391],[111.71264,29.297374],[111.719862,29.295098],[111.719427,29.298246],[111.743212,29.299466],[111.752014,29.283623],[111.757058,29.282928],[111.768351,29.298804],[111.784506,29.306983],[111.781623,29.314655],[111.785113,29.31833],[111.807665,29.318168],[111.817439,29.311269],[111.831415,29.325385],[111.842526,29.325716],[111.853924,29.332769],[111.860781,29.33112],[111.862527,29.325356],[111.868846,29.327693],[111.880513,29.326024],[111.884696,29.320847],[111.902257,29.319058],[111.908334,29.314596],[111.932509,29.315488],[111.942682,29.298412],[111.944515,29.275787],[111.947032,29.272952],[111.952587,29.287304],[111.962431,29.300656],[111.958343,29.313277],[111.96066,29.319273],[111.993203,29.334362],[112.002127,29.332715],[112.007292,29.335521],[112.031432,29.374445],[112.032786,29.386419],[112.039612,29.393454],[112.052729,29.379403],[112.060162,29.361721],[112.050438,29.339436],[112.05665,29.323366],[112.056216,29.294774],[112.065957,29.26621],[112.088143,29.246936],[112.101006,29.242317],[112.111079,29.228616],[112.116573,29.216135],[112.114998,29.205061],[112.122173,29.18802],[112.124622,29.165976],[112.142705,29.152527],[112.175549,29.138359],[112.175471,29.134002],[112.174332,29.131476],[112.163802,29.131636],[112.149514,29.119436],[112.122405,29.111832],[112.099862,29.110245],[112.090165,29.11605],[112.088837,29.109238],[112.076172,29.119484],[112.059949,29.121487],[112.047127,29.100122],[112.032171,29.090638],[112.000061,29.100562],[111.991719,29.110458],[111.974783,29.1064],[111.969601,29.096954],[111.975122,29.066391],[111.967223,29.061279],[111.959358,29.047452],[111.949254,29.040061],[111.954028,29.031725],[111.942831,29.030332],[111.938264,29.021681],[111.921979,29.012336],[111.923238,29.006932],[111.93033,29.001367],[111.929774,28.993974],[111.935478,28.988913],[111.935287,28.984985],[111.922813,28.973679],[111.910174,28.969354],[111.899201,28.970351],[111.891884,28.972014],[111.882553,28.98102],[111.853898,28.986491],[111.850417,28.993466],[111.85349,29.004456],[111.824271,29.008319],[111.807439,29.001888],[111.804956,28.992862],[111.797621,28.992895],[111.788568,28.997209],[111.780677,29.009384],[111.793498,29.015438],[111.80336,29.034553],[111.80362,29.041756],[111.788203,29.047793],[111.785001,29.058286],[111.798264,29.066627],[111.810727,29.083811],[111.825428,29.081831],[111.838125,29.100963],[111.832747,29.110577],[111.822483,29.109913],[111.806845,29.114144],[111.796801,29.122241],[111.790257,29.134778],[111.773454,29.138594],[111.772979,29.146384],[111.781136,29.156063],[111.782986,29.170427],[111.772013,29.178373],[111.746817,29.174766],[111.736544,29.181279],[111.71907,29.181112],[111.712361,29.186065],[111.708934,29.182925],[111.699679,29.188481],[111.698996,29.177849],[111.702251,29.174698],[111.697283,29.168266],[111.702975,29.16488],[111.701909,29.15972],[111.688719,29.153901],[111.685635,29.156602],[111.686663,29.153155],[111.679813,29.157063],[111.664755,29.150991],[111.665254,29.145705],[111.655836,29.131789],[111.671111,29.129965],[111.66882,29.112943],[111.661997,29.102832],[111.660252,29.068292],[111.652465,29.067621],[111.647622,29.073329],[111.638264,29.07724],[111.623906,29.074781],[111.608281,29.084614],[111.598048,29.081793],[111.586693,29.069481],[111.568351,29.07243],[111.562726,29.093693],[111.571701,29.10383],[111.56875,29.113255],[111.577665,29.123676],[111.574592,29.1284],[111.576979,29.134219],[111.563134,29.138015],[111.558403,29.147648],[111.564566,29.155287],[111.562057,29.165002],[111.572786,29.168049],[111.578091,29.196603],[111.576632,29.201634],[111.566528,29.208279],[111.565929,29.213147],[111.581051,29.220373],[111.585304,29.228103],[111.579271,29.237667],[111.565998,29.241927],[111.560113,29.237673],[111.555313,29.239338],[111.55092,29.24869],[111.554497,29.258075],[111.543863,29.268729]]],[[[111.456667,28.795061],[111.458429,28.798641],[111.465964,28.800349],[111.472274,28.793103],[111.479141,28.798648],[111.494514,28.791295],[111.496345,28.798262],[111.501841,28.800058],[111.505165,28.806814],[111.514384,28.801494],[111.519522,28.801968],[111.523672,28.823813],[111.523003,28.838485],[111.514141,28.849197],[111.509757,28.871441],[111.518915,28.886762],[111.519011,28.902819],[111.525313,28.915929],[111.522995,28.928841],[111.531806,28.946726],[111.551016,28.951201],[111.585442,28.968833],[111.60737,28.960278],[111.616953,28.960385],[111.638742,28.969914],[111.646154,28.979507],[111.643429,29.000039],[111.644974,29.013075],[111.652327,29.021778],[111.671076,29.027906],[111.687578,29.025946],[111.699696,29.015222],[111.69751,28.979468],[111.687622,28.971577],[111.689231,28.961871],[111.677455,28.947467],[111.655799,28.9391],[111.660408,28.935814],[111.660425,28.925284],[111.664653,28.921893],[111.662422,28.912552],[111.6654,28.912864],[111.670938,28.904622],[111.671433,28.898967],[111.693578,28.887617],[111.695975,28.890701],[111.700202,28.889599],[111.697632,28.882019],[111.701488,28.879534],[111.704601,28.867867],[111.699401,28.864172],[111.704035,28.856994],[111.698723,28.856101],[111.698724,28.845884],[111.6929,28.845743],[111.693072,28.835827],[111.687933,28.836135],[111.687934,28.823963],[111.693074,28.818393],[111.709865,28.817615],[111.713121,28.82212],[111.716036,28.815202],[111.724779,28.81865],[111.725465,28.812788],[111.728723,28.813086],[111.729581,28.819097],[111.738672,28.821496],[111.750513,28.815632],[111.761846,28.822998],[111.760472,28.826605],[111.765968,28.827059],[111.768544,28.835927],[111.766997,28.843138],[111.761501,28.84584],[111.766138,28.846593],[111.75807,28.849414],[111.758789,28.856212],[111.755491,28.859386],[111.757842,28.861287],[111.754115,28.862515],[111.759071,28.876318],[111.77513,28.866402],[111.780738,28.866016],[111.795348,28.855102],[111.815131,28.847431],[111.845877,28.825314],[111.844618,28.815475],[111.837075,28.817559],[111.837908,28.810031],[111.831927,28.811194],[111.832613,28.804527],[111.824888,28.805849],[111.823108,28.801135],[111.808334,28.795671],[111.808828,28.790558],[111.802075,28.788014],[111.798958,28.778855],[111.800669,28.775656],[111.795408,28.774303],[111.793133,28.763323],[111.787362,28.758066],[111.787144,28.750877],[111.772908,28.751934],[111.762309,28.747734],[111.756598,28.733869],[111.748012,28.734508],[111.747396,28.738501],[111.738656,28.730225],[111.726094,28.735318],[111.714991,28.731791],[111.711033,28.736561],[111.707864,28.7342],[111.709948,28.728895],[111.699983,28.720081],[111.701598,28.716123],[111.70526,28.716396],[111.704419,28.707522],[111.714297,28.702472],[111.736927,28.70711],[111.747639,28.695387],[111.74921,28.672476],[111.745677,28.668123],[111.745946,28.660892],[111.739853,28.655942],[111.725036,28.655473],[111.716814,28.649349],[111.722717,28.646387],[111.712978,28.637663],[111.719124,28.61985],[111.718238,28.614677],[111.706294,28.598533],[111.701546,28.598301],[111.697188,28.602316],[111.691069,28.595704],[111.682865,28.592559],[111.664393,28.597255],[111.658169,28.611279],[111.659019,28.62497],[111.654861,28.629242],[111.64184,28.626663],[111.630635,28.631908],[111.618985,28.62178],[111.564851,28.643068],[111.503792,28.588982],[111.488602,28.584499],[111.50217,28.636723],[111.489808,28.640627],[111.490165,28.654652],[111.482074,28.65786],[111.475998,28.665861],[111.475772,28.673005],[111.469383,28.675533],[111.465477,28.681868],[111.473376,28.697637],[111.468906,28.713886],[111.486492,28.730176],[111.488333,28.739546],[111.497586,28.742543],[111.501432,28.749308],[111.495529,28.751228],[111.494584,28.760562],[111.487587,28.75823],[111.480095,28.761792],[111.470183,28.759647],[111.469401,28.76984],[111.456667,28.795061]]]]}},{"type":"Feature","properties":{"id":"cn:430721","name":"安乡县","level":2},"geometry":{"type":"Polygon","coordinates":[[[111.974905,29.446524],[111.980773,29.454608],[111.98922,29.458777],[112.005677,29.461784],[112.03059,29.457387],[112.053732,29.462806],[112.058376,29.477405],[112.069913,29.488513],[112.069645,29.49691],[112.049636,29.507578],[112.035955,29.526155],[112.047882,29.55773],[112.042596,29.580983],[112.047448,29.604581],[112.052266,29.61352],[112.050721,29.622548],[112.042683,29.632131],[112.040443,29.653538],[112.033568,29.660931],[112.030894,29.677302],[112.026224,29.680339],[112.030321,29.68518],[112.023811,29.687029],[112.038654,29.717322],[112.037196,29.732095],[112.045391,29.742824],[112.04401,29.751169],[112.050113,29.750996],[112.05599,29.745519],[112.058967,29.747016],[112.048776,29.760519],[112.058586,29.772261],[112.060304,29.756135],[112.070573,29.745117],[112.067431,29.737129],[112.067778,29.718511],[112.058099,29.71235],[112.058776,29.703525],[112.054115,29.698242],[112.060478,29.683301],[112.077856,29.683037],[112.085979,29.688083],[112.100903,29.674739],[112.106721,29.661685],[112.112622,29.665113],[112.119123,29.659449],[112.13816,29.659874],[112.144731,29.657014],[112.158758,29.664827],[112.166275,29.663114],[112.176614,29.653765],[112.180608,29.635493],[112.192587,29.620015],[112.196692,29.636376],[112.211441,29.63679],[112.214783,29.639829],[112.213785,29.649974],[112.230434,29.661046],[112.238522,29.662214],[112.222688,29.633642],[112.228753,29.618413],[112.236718,29.612585],[112.248593,29.61332],[112.276384,29.598874],[112.288149,29.598691],[112.297146,29.588786],[112.297465,29.569811],[112.285895,29.545387],[112.274975,29.537503],[112.272576,29.512518],[112.284581,29.483585],[112.2879,29.459006],[112.294636,29.450833],[112.288499,29.429469],[112.289887,29.410962],[112.27856,29.406188],[112.275512,29.397824],[112.261007,29.385107],[112.247005,29.3547],[112.244217,29.327583],[112.248157,29.315789],[112.258065,29.301461],[112.25671,29.299137],[112.248611,29.294661],[112.236319,29.29666],[112.228594,29.301413],[112.220979,29.296813],[112.20776,29.298839],[112.217501,29.288765],[112.21783,29.26941],[112.223116,29.254523],[112.220876,29.231241],[112.222856,29.218878],[112.230781,29.215968],[112.202456,29.189881],[112.192048,29.175259],[112.190096,29.162837],[112.195364,29.148852],[112.187925,29.149648],[112.182795,29.146691],[112.18204,29.137309],[112.188267,29.130779],[112.187791,29.123704],[112.174332,29.131476],[112.175549,29.138359],[112.142705,29.152527],[112.124622,29.165976],[112.122173,29.18802],[112.114998,29.205061],[112.116573,29.216135],[112.111079,29.228616],[112.101006,29.242317],[112.088143,29.246936],[112.071913,29.259601],[112.059436,29.281964],[112.055174,29.30273],[112.05665,29.323366],[112.050438,29.339436],[112.060295,29.360686],[112.052729,29.379403],[112.031867,29.399323],[111.998498,29.40643],[111.994349,29.416366],[111.98046,29.428811],[111.974905,29.446524]]]}},{"type":"Feature","properties":{"id":"cn:430722","name":"汉寿县","level":2},"geometry":{"type":"Polygon","coordinates":[[[111.699957,28.71982],[111.709845,28.728711],[111.70777,28.733965],[111.71079,28.736561],[111.714991,28.731791],[111.72178,28.735629],[111.738656,28.730225],[111.747396,28.738501],[111.748012,28.734508],[111.75724,28.734251],[111.764462,28.748783],[111.772908,28.751934],[111.787144,28.750877],[111.787362,28.758066],[111.793133,28.763323],[111.795408,28.774303],[111.800669,28.775656],[111.798958,28.778855],[111.802075,28.788014],[111.808828,28.790558],[111.807526,28.794888],[111.823108,28.801135],[111.825408,28.806076],[111.832613,28.804527],[111.831927,28.811194],[111.837908,28.810031],[111.8377,28.817976],[111.841719,28.81421],[111.845234,28.816574],[111.845877,28.825314],[111.815131,28.847431],[111.795348,28.855102],[111.780738,28.866016],[111.77513,28.866402],[111.759045,28.876425],[111.763733,28.890508],[111.770782,28.895753],[111.776693,28.919694],[111.777457,28.926457],[111.774827,28.929538],[111.79737,28.92123],[111.808689,28.924155],[111.814644,28.93148],[111.816294,28.945014],[111.810556,28.960536],[111.815061,28.969956],[111.806649,28.984773],[111.804983,28.996658],[111.807439,29.001888],[111.828412,29.008591],[111.85349,29.004456],[111.850417,28.993466],[111.855773,28.985096],[111.882553,28.98102],[111.891884,28.972014],[111.899201,28.970351],[111.910174,28.969354],[111.922813,28.973679],[111.935956,28.988129],[111.930157,28.993208],[111.93033,29.001367],[111.923238,29.006932],[111.921979,29.012336],[111.938264,29.021681],[111.942831,29.030332],[111.954028,29.031725],[111.949254,29.040061],[111.959358,29.047452],[111.967223,29.061279],[111.975504,29.067426],[111.969673,29.09794],[111.974783,29.1064],[111.988863,29.11066],[111.993664,29.109317],[112.000061,29.100562],[112.032171,29.090638],[112.047127,29.100122],[112.059949,29.121487],[112.076172,29.119484],[112.088837,29.109238],[112.090165,29.11605],[112.099862,29.110245],[112.122405,29.111832],[112.152544,29.120746],[112.163802,29.131636],[112.174332,29.131476],[112.187791,29.123704],[112.189846,29.125983],[112.185069,29.135321],[112.201737,29.130185],[112.203013,29.122886],[112.208359,29.118458],[112.217882,29.121575],[112.229289,29.117791],[112.239471,29.106292],[112.23585,29.070848],[112.248663,29.051118],[112.241302,28.983848],[112.251424,28.972515],[112.255833,28.920198],[112.251424,28.864566],[112.270851,28.84384],[112.299063,28.826111],[112.300156,28.822811],[112.300764,28.803325],[112.297986,28.795621],[112.292431,28.786287],[112.277839,28.780046],[112.276172,28.776669],[112.277179,28.730829],[112.254817,28.71842],[112.250668,28.720819],[112.226085,28.715677],[112.22336,28.706561],[112.20967,28.695755],[112.202344,28.694202],[112.192612,28.675943],[112.177058,28.671502],[112.159939,28.68258],[112.153064,28.670536],[112.148751,28.672446],[112.145252,28.666736],[112.136372,28.664533],[112.143855,28.65864],[112.134019,28.652425],[112.10046,28.65525],[112.093429,28.64618],[112.088568,28.645043],[112.080096,28.656313],[112.071407,28.65921],[112.064679,28.675425],[112.053021,28.67227],[112.047778,28.675315],[112.026163,28.67653],[112.020321,28.671252],[112.035034,28.660853],[112.028898,28.64319],[112.015512,28.642767],[111.992848,28.650022],[111.988029,28.660927],[111.975929,28.655608],[111.97434,28.662118],[111.978898,28.666582],[111.975088,28.668605],[111.94474,28.678064],[111.917813,28.680373],[111.904818,28.674898],[111.903872,28.668466],[111.910547,28.665558],[111.912804,28.658816],[111.906468,28.647396],[111.898872,28.64668],[111.895087,28.638897],[111.884905,28.641076],[111.866224,28.634217],[111.849289,28.640386],[111.844661,28.636723],[111.838551,28.620081],[111.831441,28.617648],[111.82296,28.619097],[111.812362,28.62763],[111.806581,28.64373],[111.78665,28.645673],[111.780894,28.651968],[111.773117,28.637999],[111.76264,28.642288],[111.753438,28.656683],[111.745547,28.66209],[111.749332,28.674056],[111.747639,28.695387],[111.734897,28.708116],[111.727231,28.703262],[111.711875,28.70313],[111.704419,28.707522],[111.70526,28.716396],[111.701598,28.716123],[111.699957,28.71982]]]}},{"type":"Feature","properties":{"id":"cn:430723","name":"澧县","level":2},"geometry":{"type":"Polygon","coordinates":[[[111.209045,29.922945],[111.219081,29.926065],[111.241867,29.924357],[111.254766,29.930308],[111.264401,29.928607],[111.282865,29.937005],[111.289766,29.932012],[111.301563,29.930438],[111.311215,29.938883],[111.327752,29.943248],[111.33382,29.948277],[111.342649,29.944412],[111.345933,29.95386],[111.368897,29.956907],[111.37742,29.95127],[111.37315,29.936564],[111.384287,29.939901],[111.377006,29.926059],[111.391204,29.91458],[111.398813,29.91343],[111.411612,29.917242],[111.431456,29.932447],[111.443975,29.926135],[111.450127,29.9304],[111.456302,29.929796],[111.475478,29.920514],[111.492987,29.927329],[111.516519,29.930682],[111.521806,29.928305],[111.531129,29.908755],[111.540547,29.906916],[111.548134,29.897155],[111.56042,29.901246],[111.572345,29.897112],[111.578644,29.900819],[111.582984,29.895537],[111.586848,29.897244],[111.592674,29.892128],[111.614247,29.894097],[111.618153,29.898112],[111.639598,29.898007],[111.645799,29.895809],[111.647581,29.890655],[111.656787,29.888517],[111.663444,29.891549],[111.676153,29.887224],[111.685376,29.891567],[111.689459,29.889832],[111.69939,29.892663],[111.701658,29.897135],[111.699696,29.899364],[111.705418,29.899615],[111.710413,29.903991],[111.713243,29.902598],[111.717881,29.907596],[111.719248,29.918264],[111.730361,29.923188],[111.733958,29.920849],[111.741589,29.923919],[111.772984,29.914361],[111.777662,29.915506],[111.788933,29.908334],[111.803351,29.905408],[111.80539,29.895785],[111.825026,29.890584],[111.823333,29.876649],[111.834037,29.879496],[111.839445,29.877108],[111.855912,29.85962],[111.872292,29.862382],[111.875062,29.868887],[111.875096,29.862758],[111.878785,29.861239],[111.909088,29.855447],[111.914436,29.844046],[111.92599,29.836793],[111.931528,29.835145],[111.944714,29.839883],[111.957413,29.839343],[111.95967,29.833848],[111.946007,29.816958],[111.950235,29.798511],[111.971441,29.793184],[111.974974,29.797492],[111.980651,29.797127],[111.985625,29.78541],[111.996051,29.780313],[112.004037,29.780616],[112.025417,29.764781],[112.038359,29.761801],[112.044896,29.75163],[112.045391,29.742824],[112.037196,29.732095],[112.038654,29.717322],[112.023811,29.688262],[112.024644,29.685356],[112.030321,29.68518],[112.026224,29.680339],[112.030894,29.677302],[112.033568,29.660931],[112.040443,29.653538],[112.042683,29.632131],[112.050721,29.622548],[112.052266,29.61352],[112.047448,29.604581],[112.042596,29.580983],[112.047882,29.55773],[112.035955,29.526155],[112.049636,29.507578],[112.069645,29.49691],[112.069384,29.487106],[112.058376,29.477405],[112.053732,29.462806],[112.03059,29.457387],[112.005677,29.461784],[111.98922,29.458777],[111.980773,29.454608],[111.974905,29.446524],[111.968845,29.458858],[111.948212,29.481667],[111.952552,29.490274],[111.965555,29.497587],[111.963742,29.504585],[111.953672,29.506508],[111.947162,29.511478],[111.94447,29.524191],[111.929193,29.536339],[111.921693,29.552089],[111.912787,29.546196],[111.917274,29.546029],[111.915009,29.538737],[111.917414,29.530262],[111.930903,29.520909],[111.931085,29.526232],[111.934957,29.520067],[111.933794,29.511584],[111.928186,29.506893],[111.928229,29.511635],[111.924036,29.513884],[111.92356,29.518607],[111.920277,29.518779],[111.919913,29.523351],[111.906867,29.530875],[111.90277,29.542613],[111.894262,29.552635],[111.879227,29.568512],[111.870486,29.573216],[111.874132,29.591487],[111.896953,29.594064],[111.906598,29.615239],[111.904106,29.62319],[111.907049,29.637874],[111.895556,29.651741],[111.903152,29.652161],[111.898541,29.669017],[111.910712,29.675252],[111.92072,29.672329],[111.93408,29.682673],[111.928412,29.697198],[111.934809,29.704735],[111.931337,29.708162],[111.931111,29.722322],[111.922022,29.732555],[111.906554,29.732832],[111.903429,29.728338],[111.895842,29.726445],[111.882526,29.691192],[111.867734,29.684938],[111.873551,29.678768],[111.865182,29.652075],[111.866571,29.645646],[111.861554,29.625983],[111.834792,29.622791],[111.820833,29.604555],[111.812162,29.600635],[111.805278,29.574473],[111.782145,29.543364],[111.765886,29.515658],[111.765573,29.509774],[111.743724,29.506065],[111.732639,29.508082],[111.720556,29.501952],[111.712517,29.50742],[111.714219,29.517975],[111.704037,29.540573],[111.705286,29.549064],[111.712812,29.551677],[111.712162,29.559987],[111.696901,29.567687],[111.685703,29.565024],[111.673881,29.582515],[111.667222,29.579247],[111.660773,29.583193],[111.669479,29.603874],[111.66875,29.609494],[111.644887,29.594661],[111.630408,29.592298],[111.613324,29.600973],[111.59783,29.619837],[111.608741,29.627358],[111.609879,29.633442],[111.61882,29.631711],[111.634835,29.622164],[111.644774,29.634826],[111.642648,29.638655],[111.631328,29.643186],[111.625487,29.651296],[111.615443,29.652735],[111.617691,29.666389],[111.625947,29.676339],[111.626285,29.684607],[111.624558,29.703954],[111.614143,29.702544],[111.614786,29.707724],[111.621614,29.709128],[111.624427,29.713555],[111.609731,29.719147],[111.607144,29.723318],[111.610495,29.738759],[111.620451,29.750848],[111.620877,29.756408],[111.605807,29.759486],[111.596754,29.76477],[111.579149,29.764903],[111.56125,29.752078],[111.562977,29.742513],[111.55796,29.737094],[111.550417,29.736078],[111.54257,29.739245],[111.528229,29.734519],[111.504983,29.740627],[111.504488,29.744696],[111.498359,29.746951],[111.494922,29.755816],[111.475296,29.768535],[111.468715,29.769471],[111.457344,29.762921],[111.448803,29.762867],[111.444887,29.732283],[111.435374,29.724768],[111.416693,29.720688],[111.406076,29.744121],[111.400929,29.746439],[111.361303,29.728906],[111.359557,29.745117],[111.350911,29.749241],[111.340122,29.762923],[111.337639,29.774197],[111.293551,29.776022],[111.308664,29.791615],[111.307397,29.798796],[111.312553,29.809156],[111.298629,29.831754],[111.286997,29.841168],[111.279297,29.840534],[111.275165,29.848494],[111.258594,29.835087],[111.252578,29.835153],[111.225895,29.856239],[111.225963,29.872175],[111.218334,29.882776],[111.22105,29.892888],[111.214514,29.916682],[111.209045,29.922945]]]}},{"type":"Feature","properties":{"id":"cn:430724","name":"临澧县","level":2},"geometry":{"type":"Polygon","coordinates":[[[111.421675,29.332736],[111.426146,29.335508],[111.424054,29.347626],[111.430035,29.358846],[111.422291,29.369052],[111.423473,29.374354],[111.433256,29.374323],[111.447431,29.365297],[111.467683,29.363596],[111.483056,29.382688],[111.478941,29.393012],[111.485174,29.397541],[111.482353,29.405267],[111.496996,29.417332],[111.497153,29.421863],[111.503299,29.423674],[111.506346,29.432199],[111.496354,29.435349],[111.490755,29.431932],[111.488498,29.435198],[111.490529,29.447277],[111.497605,29.449299],[111.496667,29.457602],[111.5027,29.46518],[111.503359,29.474223],[111.492813,29.492066],[111.49178,29.514497],[111.478976,29.517741],[111.467709,29.516639],[111.45895,29.520424],[111.459558,29.526389],[111.471224,29.527095],[111.468333,29.540397],[111.457517,29.547876],[111.463186,29.55511],[111.468732,29.556582],[111.472118,29.550134],[111.482552,29.542645],[111.4852,29.53217],[111.500087,29.525039],[111.514071,29.53722],[111.514905,29.546513],[111.497049,29.549099],[111.497396,29.560625],[111.485703,29.556769],[111.509159,29.573882],[111.515538,29.570996],[111.526059,29.574842],[111.532231,29.567769],[111.537822,29.588726],[111.530564,29.593329],[111.518282,29.587409],[111.512491,29.589781],[111.505069,29.597936],[111.496754,29.619026],[111.49671,29.63048],[111.500582,29.638325],[111.463862,29.670258],[111.440529,29.679625],[111.428108,29.694221],[111.437162,29.703885],[111.432856,29.719019],[111.444887,29.732283],[111.448803,29.762867],[111.457344,29.762921],[111.473047,29.76944],[111.494922,29.755816],[111.499349,29.745582],[111.504488,29.744696],[111.503733,29.741365],[111.528229,29.734519],[111.54257,29.739245],[111.550417,29.736078],[111.55796,29.737094],[111.562977,29.742513],[111.56125,29.752078],[111.579149,29.764903],[111.596754,29.76477],[111.605807,29.759486],[111.619558,29.757322],[111.620451,29.750848],[111.611919,29.741745],[111.607144,29.723318],[111.609731,29.719147],[111.624427,29.713555],[111.621614,29.709128],[111.614786,29.707724],[111.614143,29.702544],[111.624558,29.703954],[111.626285,29.684607],[111.625947,29.676339],[111.617691,29.666389],[111.615443,29.652735],[111.625487,29.651296],[111.631328,29.643186],[111.642648,29.638655],[111.644774,29.634826],[111.634835,29.622164],[111.61882,29.631711],[111.609879,29.633442],[111.608741,29.627358],[111.59783,29.619837],[111.613324,29.600973],[111.630408,29.592298],[111.644887,29.594661],[111.66875,29.609494],[111.669479,29.603874],[111.660773,29.583193],[111.667222,29.579247],[111.673881,29.582515],[111.683333,29.566159],[111.696901,29.567687],[111.71362,29.557817],[111.712812,29.551677],[111.705286,29.549064],[111.703889,29.542179],[111.714219,29.517975],[111.712517,29.50742],[111.716615,29.503425],[111.725668,29.502376],[111.732639,29.508082],[111.743724,29.506065],[111.759757,29.51049],[111.768872,29.509208],[111.787291,29.491352],[111.795278,29.495784],[111.812144,29.486061],[111.812943,29.488691],[111.808029,29.492153],[111.818559,29.497572],[111.816754,29.494089],[111.820452,29.492999],[111.819635,29.488565],[111.824696,29.492409],[111.82974,29.489067],[111.829644,29.484507],[111.835947,29.485555],[111.838247,29.482079],[111.834289,29.464896],[111.828264,29.469568],[111.826762,29.47673],[111.82178,29.468566],[111.823056,29.463325],[111.830434,29.462576],[111.819705,29.456357],[111.827048,29.454796],[111.831467,29.458987],[111.833455,29.45964],[111.828264,29.450965],[111.821728,29.450968],[111.819479,29.447757],[111.822014,29.44456],[111.820842,29.434338],[111.814002,29.430586],[111.818881,29.427574],[111.816875,29.4162],[111.80895,29.405798],[111.809922,29.392086],[111.796008,29.369896],[111.797188,29.356582],[111.794306,29.351801],[111.79744,29.351975],[111.797118,29.347885],[111.791276,29.347662],[111.792474,29.342346],[111.787326,29.323943],[111.77869,29.314217],[111.779237,29.309556],[111.784037,29.306478],[111.768351,29.298804],[111.761068,29.285833],[111.755296,29.282622],[111.751406,29.28436],[111.743212,29.299466],[111.719427,29.298246],[111.719862,29.295098],[111.71264,29.297374],[111.708351,29.290391],[111.70204,29.292505],[111.696736,29.288664],[111.673811,29.29077],[111.667101,29.284222],[111.647769,29.278047],[111.637899,29.282181],[111.626068,29.281649],[111.606806,29.296395],[111.60198,29.287455],[111.592301,29.287231],[111.582092,29.279375],[111.56974,29.278718],[111.565686,29.282455],[111.560131,29.28233],[111.530191,29.273151],[111.519922,29.260876],[111.516051,29.266049],[111.506771,29.265537],[111.491337,29.27326],[111.478871,29.291339],[111.47191,29.292728],[111.497752,29.305842],[111.502474,29.302622],[111.513342,29.308635],[111.512821,29.315395],[111.520104,29.327307],[111.525972,29.329752],[111.52526,29.336055],[111.515929,29.333534],[111.51678,29.341278],[111.50704,29.340015],[111.505529,29.347571],[111.489202,29.35018],[111.471623,29.359297],[111.462058,29.354637],[111.451042,29.339169],[111.449375,29.331218],[111.422587,29.329264],[111.421675,29.332736]]]}},{"type":"Feature","properties":{"id":"cn:430725","name":"桃源县","level":2},"geometry":{"type":"Polygon","coordinates":[[[110.847116,29.096272],[110.861641,29.111487],[110.868507,29.102413],[110.874193,29.100944],[110.881684,29.103787],[110.885807,29.113893],[110.908169,29.114414],[110.920391,29.121774],[110.924774,29.133926],[110.931962,29.132541],[110.933933,29.134761],[110.938594,29.130603],[110.94073,29.135667],[110.936615,29.141144],[110.953385,29.136912],[110.969583,29.122227],[110.978646,29.121931],[110.974245,29.1162],[110.976953,29.114564],[110.996415,29.120872],[111.016988,29.123323],[111.02046,29.140551],[111.025252,29.143056],[111.038065,29.14206],[111.045469,29.146385],[111.066329,29.172542],[111.075234,29.191088],[111.087266,29.20679],[111.148334,29.240432],[111.160121,29.238885],[111.168829,29.233412],[111.17237,29.226155],[111.18744,29.220877],[111.20092,29.220343],[111.217726,29.226485],[111.225972,29.234549],[111.227301,29.242676],[111.21915,29.250469],[111.214679,29.263499],[111.216641,29.268464],[111.238446,29.285489],[111.24638,29.30194],[111.240078,29.323809],[111.230616,29.332392],[111.229992,29.337772],[111.235261,29.343063],[111.253724,29.383364],[111.26395,29.389288],[111.296219,29.39854],[111.291945,29.405998],[111.2981,29.409436],[111.307387,29.406684],[111.321102,29.394041],[111.331615,29.374592],[111.340043,29.367741],[111.340096,29.362066],[111.350304,29.355313],[111.349114,29.348338],[111.354358,29.340152],[111.382501,29.325556],[111.38408,29.316804],[111.371658,29.303058],[111.381319,29.290851],[111.382318,29.275035],[111.391285,29.273832],[111.405026,29.287049],[111.428307,29.279399],[111.444532,29.283232],[111.45099,29.288531],[111.461607,29.282871],[111.469454,29.283483],[111.478871,29.291339],[111.491337,29.27326],[111.506771,29.265537],[111.516051,29.266049],[111.519922,29.260876],[111.530191,29.273151],[111.546866,29.276903],[111.544011,29.267581],[111.554497,29.258075],[111.550947,29.251211],[111.553585,29.24138],[111.55862,29.237483],[111.565998,29.241927],[111.579271,29.237667],[111.585304,29.228103],[111.581051,29.220373],[111.565746,29.212515],[111.566528,29.208279],[111.578194,29.198038],[111.572786,29.168049],[111.562057,29.165002],[111.56474,29.156148],[111.558238,29.145983],[111.563134,29.138015],[111.576979,29.134219],[111.574592,29.1284],[111.577665,29.123676],[111.56875,29.113255],[111.571701,29.10383],[111.563082,29.095933],[111.566597,29.075679],[111.56908,29.071981],[111.580087,29.068956],[111.586589,29.070462],[111.58718,29.041951],[111.609029,29.022635],[111.610842,29.015369],[111.60329,29.001383],[111.583924,28.983344],[111.585442,28.968833],[111.551016,28.951201],[111.533056,28.947817],[111.522995,28.928841],[111.525313,28.915929],[111.519011,28.902819],[111.518915,28.886762],[111.509757,28.871441],[111.514141,28.849197],[111.523003,28.838485],[111.523672,28.823813],[111.519522,28.801968],[111.514384,28.801494],[111.505165,28.806814],[111.501841,28.800058],[111.496345,28.798262],[111.494514,28.791295],[111.479141,28.798648],[111.472274,28.793103],[111.465964,28.800349],[111.456771,28.79638],[111.469401,28.76984],[111.470183,28.759647],[111.480095,28.761792],[111.487587,28.75823],[111.494584,28.760562],[111.495529,28.751228],[111.501432,28.749308],[111.497586,28.742543],[111.488333,28.739546],[111.486492,28.730176],[111.468906,28.713886],[111.473376,28.697637],[111.465477,28.681868],[111.469383,28.675533],[111.475772,28.673005],[111.475998,28.665861],[111.482074,28.65786],[111.490165,28.654652],[111.489808,28.640627],[111.50217,28.636723],[111.485851,28.574891],[111.462161,28.560104],[111.437647,28.560433],[111.427969,28.551171],[111.406527,28.55098],[111.393559,28.543697],[111.377506,28.553686],[111.368186,28.554966],[111.344062,28.532602],[111.333629,28.53107],[111.328776,28.523531],[111.318577,28.522081],[111.310156,28.527681],[111.277787,28.52046],[111.268507,28.526489],[111.252674,28.530591],[111.248473,28.534989],[111.22323,28.52576],[111.21586,28.53099],[111.215747,28.536568],[111.209745,28.539501],[111.192809,28.529807],[111.186754,28.522086],[111.179324,28.522069],[111.173525,28.51736],[111.162163,28.520886],[111.146997,28.517957],[111.149341,28.501223],[111.142363,28.491047],[111.139428,28.476915],[111.128456,28.476464],[111.111129,28.46755],[111.103821,28.471292],[111.096442,28.469886],[111.085496,28.458586],[111.06211,28.454305],[111.041061,28.462271],[111.016755,28.449374],[111.002528,28.448895],[110.996199,28.443498],[110.975062,28.443719],[110.964603,28.434633],[110.942901,28.431648],[110.93541,28.425271],[110.926061,28.424815],[110.884568,28.408439],[110.87574,28.411814],[110.85554,28.40954],[110.857225,28.422294],[110.883735,28.442474],[110.884316,28.450833],[110.900454,28.458649],[110.917198,28.475453],[110.92199,28.487421],[110.940401,28.482778],[110.956755,28.499005],[110.96258,28.514396],[110.976877,28.515586],[111.006651,28.548552],[111.016859,28.545101],[111.02435,28.546909],[111.033734,28.542887],[111.036504,28.538235],[111.043873,28.540027],[111.062093,28.533289],[111.072006,28.534437],[111.072597,28.54276],[111.053838,28.567023],[111.048386,28.569754],[111.059324,28.583132],[111.054381,28.593689],[111.049011,28.597158],[111.051833,28.599539],[111.049671,28.60548],[111.052016,28.61108],[111.044872,28.6118],[111.045104,28.603511],[111.038154,28.606201],[111.03627,28.597955],[111.031313,28.60003],[111.029389,28.594568],[111.025702,28.597845],[111.020992,28.593312],[111.014902,28.592966],[111.010635,28.597182],[111.010505,28.602575],[111.003743,28.60251],[111.00323,28.58838],[110.975626,28.589955],[110.946946,28.571364],[110.939247,28.592888],[110.940184,28.607024],[110.932311,28.614226],[110.929749,28.621019],[110.939115,28.625427],[110.950366,28.622588],[110.956077,28.626353],[110.985314,28.622535],[110.98935,28.631132],[110.989376,28.640183],[111.009992,28.653103],[111.046286,28.655446],[111.059185,28.662868],[111.056441,28.671685],[111.042154,28.685973],[111.04323,28.692945],[111.060279,28.699677],[111.075687,28.69492],[111.090808,28.70357],[111.090322,28.712273],[111.095591,28.716687],[111.09645,28.725834],[111.099992,28.729538],[111.097041,28.737067],[111.109609,28.746912],[111.102995,28.753683],[111.10138,28.762776],[111.093177,28.770656],[111.096676,28.780944],[111.082934,28.786554],[111.073256,28.796678],[111.074818,28.806704],[111.067266,28.812834],[111.065729,28.819885],[111.05401,28.828097],[111.033316,28.826515],[111.025122,28.842715],[111.007856,28.854428],[110.999401,28.869404],[110.994965,28.87084],[110.997527,28.877533],[110.987257,28.891387],[110.984541,28.900415],[110.953221,28.909601],[110.952388,28.913804],[110.957786,28.921118],[110.945131,28.940501],[110.951737,28.954223],[110.94987,28.963926],[110.960261,28.968312],[110.969453,28.979902],[110.977439,28.979929],[110.982496,28.99117],[110.974044,28.9944],[110.972993,28.990678],[110.968368,28.993286],[110.960189,28.991289],[110.965585,28.995844],[110.956587,29.001593],[110.944656,28.999103],[110.945548,29.004615],[110.949977,29.00646],[110.939678,29.014327],[110.913419,29.026288],[110.908917,29.033121],[110.90987,29.038206],[110.905533,29.043589],[110.904747,29.051875],[110.889609,29.052751],[110.881877,29.058617],[110.876842,29.058007],[110.867434,29.070111],[110.864671,29.070195],[110.865298,29.064397],[110.861535,29.069466],[110.856925,29.067753],[110.855704,29.076975],[110.847194,29.089876],[110.847116,29.096272]]]}},{"type":"Feature","properties":{"id":"cn:430726","name":"石门县","level":2},"geometry":{"type":"Polygon","coordinates":[[[110.486588,30.022263],[110.49572,30.031256],[110.491424,30.038971],[110.494522,30.051291],[110.492587,30.057836],[110.503264,30.053036],[110.512204,30.056316],[110.516344,30.061588],[110.526466,30.063782],[110.546232,30.058365],[110.557429,30.060156],[110.559964,30.057093],[110.568627,30.061969],[110.596231,30.057439],[110.621752,30.06657],[110.646092,30.080368],[110.679816,30.063172],[110.678367,30.05448],[110.700077,30.036987],[110.707299,30.035776],[110.719928,30.043345],[110.733522,30.043039],[110.75104,30.056905],[110.749069,30.0667],[110.751439,30.084952],[110.74387,30.090914],[110.748001,30.103889],[110.741257,30.115207],[110.764462,30.122791],[110.783194,30.122607],[110.797874,30.117064],[110.807752,30.12795],[110.814896,30.128987],[110.832777,30.125124],[110.846086,30.129082],[110.854201,30.120746],[110.889028,30.112746],[110.918108,30.11521],[110.920166,30.09727],[110.917501,30.080352],[110.920347,30.070291],[110.924835,30.066196],[110.943541,30.063039],[110.958464,30.064785],[110.977214,30.060866],[110.993073,30.061986],[111.002066,30.056535],[111.026094,30.051391],[111.06645,30.049627],[111.082743,30.051747],[111.172171,30.042965],[111.17513,30.046894],[111.194167,30.043529],[111.23665,30.042973],[111.24079,30.0385],[111.25007,30.03713],[111.260408,30.014809],[111.282528,30.013171],[111.292577,30.006398],[111.29142,29.993273],[111.296684,29.986263],[111.305998,29.982709],[111.312279,29.974341],[111.318757,29.980478],[111.325867,29.972362],[111.323931,29.967961],[111.330519,29.965424],[111.336199,29.948311],[111.311215,29.938883],[111.301563,29.930438],[111.289766,29.932012],[111.282865,29.937005],[111.266294,29.929021],[111.254766,29.930308],[111.241867,29.924357],[111.219081,29.926065],[111.209627,29.923924],[111.214514,29.916682],[111.22105,29.892888],[111.218334,29.882776],[111.225963,29.872175],[111.225895,29.856239],[111.252578,29.835153],[111.258594,29.835087],[111.275165,29.848494],[111.279297,29.840534],[111.286997,29.841168],[111.298629,29.831754],[111.312553,29.809156],[111.307397,29.798796],[111.308664,29.791615],[111.293551,29.776022],[111.337639,29.774197],[111.340122,29.762923],[111.350911,29.749241],[111.359557,29.745117],[111.361303,29.728906],[111.400929,29.746439],[111.406076,29.744121],[111.416693,29.720688],[111.435374,29.724768],[111.432708,29.716699],[111.437162,29.703885],[111.428542,29.696862],[111.428646,29.693192],[111.440529,29.679625],[111.463862,29.670258],[111.500582,29.638325],[111.49671,29.63048],[111.496754,29.619026],[111.505069,29.597936],[111.512491,29.589781],[111.518282,29.587409],[111.530564,29.593329],[111.537822,29.588726],[111.532231,29.567769],[111.526059,29.574842],[111.515538,29.570996],[111.509159,29.573882],[111.485703,29.556769],[111.497396,29.560625],[111.497049,29.549099],[111.514905,29.546513],[111.514071,29.53722],[111.500087,29.525039],[111.4852,29.53217],[111.482552,29.542645],[111.472118,29.550134],[111.468732,29.556582],[111.463186,29.55511],[111.457517,29.547876],[111.468333,29.540397],[111.471224,29.527095],[111.459558,29.526389],[111.45895,29.520424],[111.467709,29.516639],[111.478976,29.517741],[111.49178,29.514497],[111.492813,29.492066],[111.503359,29.474223],[111.5027,29.46518],[111.496667,29.457602],[111.497605,29.449299],[111.490529,29.447277],[111.488498,29.435198],[111.490755,29.431932],[111.496354,29.435349],[111.506346,29.432199],[111.503299,29.423674],[111.497153,29.421863],[111.496996,29.417332],[111.482353,29.405267],[111.485174,29.397541],[111.478941,29.393012],[111.483056,29.382688],[111.467683,29.363596],[111.447431,29.365297],[111.429766,29.375558],[111.422066,29.372114],[111.430035,29.358846],[111.424054,29.347626],[111.426146,29.335508],[111.421675,29.332736],[111.422587,29.329264],[111.449375,29.331218],[111.451042,29.339169],[111.462058,29.354637],[111.475113,29.359286],[111.489202,29.35018],[111.505529,29.347571],[111.50704,29.340015],[111.51678,29.341278],[111.515929,29.333534],[111.52526,29.336055],[111.525972,29.329752],[111.520104,29.327307],[111.512821,29.315395],[111.513976,29.309442],[111.502474,29.302622],[111.497752,29.305842],[111.491041,29.300465],[111.473133,29.294392],[111.47191,29.292728],[111.478871,29.291339],[111.469454,29.283483],[111.461607,29.282871],[111.45099,29.288531],[111.444532,29.283232],[111.428307,29.279399],[111.405026,29.287049],[111.391285,29.273832],[111.382318,29.275035],[111.381319,29.290851],[111.371658,29.303058],[111.38408,29.316804],[111.382101,29.326125],[111.354358,29.340152],[111.349114,29.348338],[111.350304,29.355313],[111.340096,29.362066],[111.340043,29.367741],[111.331615,29.374592],[111.31599,29.399612],[111.302023,29.408859],[111.287196,29.407472],[111.28928,29.415573],[111.305651,29.421921],[111.313889,29.434896],[111.321788,29.440048],[111.323985,29.446771],[111.313056,29.462459],[111.312223,29.468583],[111.323134,29.488509],[111.331849,29.49602],[111.32632,29.500762],[111.323482,29.512535],[111.314826,29.523427],[111.313611,29.535907],[111.295695,29.540309],[111.299115,29.550387],[111.287127,29.563034],[111.271478,29.565248],[111.269601,29.582147],[111.260738,29.582485],[111.256441,29.587644],[111.249054,29.589662],[111.251823,29.599618],[111.248932,29.602845],[111.220277,29.60554],[111.207752,29.601808],[111.202587,29.604084],[111.189714,29.601378],[111.170842,29.6034],[111.149975,29.596905],[111.145721,29.599308],[111.14368,29.606502],[111.13197,29.611374],[111.116242,29.610223],[111.105026,29.616248],[111.071441,29.62176],[111.050678,29.619896],[111.047613,29.62197],[111.043013,29.640934],[111.025626,29.646912],[111.033994,29.657706],[111.026675,29.67158],[110.993281,29.669816],[110.980851,29.678588],[110.962596,29.680442],[110.937396,29.670801],[110.922891,29.674412],[110.920608,29.680548],[110.899696,29.687288],[110.885382,29.68969],[110.86665,29.68821],[110.851849,29.699039],[110.809427,29.68326],[110.77625,29.685858],[110.761458,29.683121],[110.759904,29.712505],[110.756701,29.718536],[110.74663,29.713169],[110.735952,29.700527],[110.720084,29.689729],[110.694365,29.702345],[110.665606,29.710661],[110.65591,29.722375],[110.654165,29.742559],[110.648132,29.747386],[110.629869,29.752349],[110.626986,29.760522],[110.637863,29.778477],[110.611709,29.831724],[110.601726,29.839766],[110.595077,29.840118],[110.595476,29.842471],[110.577707,29.837623],[110.568514,29.848467],[110.546405,29.849754],[110.542004,29.867933],[110.531154,29.881414],[110.535182,29.891788],[110.533011,29.899472],[110.522091,29.907336],[110.511813,29.904535],[110.502934,29.911536],[110.493124,29.912634],[110.503133,29.924263],[110.501961,29.941577],[110.50842,29.951777],[110.510399,29.96198],[110.532803,29.979216],[110.546249,29.982412],[110.552377,29.991007],[110.54243,30.002297],[110.515198,30.004409],[110.499721,30.011405],[110.486588,30.022263]]]}},{"type":"Feature","properties":{"id":"cn:430781","name":"津市市","level":2},"geometry":{"type":"Polygon","coordinates":[[[111.765573,29.509774],[111.765886,29.515658],[111.782145,29.543364],[111.805278,29.574473],[111.812162,29.600635],[111.820833,29.604555],[111.834792,29.622791],[111.861554,29.625983],[111.866571,29.645646],[111.865182,29.652075],[111.873551,29.678768],[111.867734,29.684938],[111.882526,29.691192],[111.895842,29.726445],[111.903429,29.728338],[111.906554,29.732832],[111.922022,29.732555],[111.931111,29.722322],[111.931337,29.708162],[111.934809,29.704735],[111.928412,29.697198],[111.93408,29.682673],[111.92072,29.672329],[111.910712,29.675252],[111.898541,29.669017],[111.903152,29.652161],[111.895556,29.651741],[111.907414,29.636632],[111.904106,29.62319],[111.906025,29.613406],[111.896953,29.594064],[111.874132,29.591487],[111.86934,29.576196],[111.90277,29.542613],[111.906867,29.530875],[111.919913,29.523351],[111.929297,29.506669],[111.933794,29.511584],[111.934957,29.520067],[111.931085,29.526232],[111.930903,29.520909],[111.917414,29.530262],[111.915009,29.538737],[111.917274,29.546029],[111.912787,29.546196],[111.914089,29.549189],[111.923577,29.551365],[111.929193,29.536339],[111.94447,29.524191],[111.947162,29.511478],[111.964106,29.503963],[111.965555,29.497587],[111.952552,29.490274],[111.948212,29.481667],[111.968845,29.458858],[111.98224,29.426033],[111.994349,29.416366],[111.998498,29.40643],[112.025895,29.40201],[112.039612,29.393454],[112.032283,29.385515],[112.031432,29.374445],[112.0154,29.345252],[112.005339,29.333793],[111.993203,29.334362],[111.96066,29.319273],[111.958343,29.313277],[111.962431,29.300656],[111.952587,29.287304],[111.947032,29.272952],[111.944515,29.275787],[111.942682,29.298412],[111.932509,29.315488],[111.908334,29.314596],[111.902257,29.319058],[111.884696,29.320847],[111.880513,29.326024],[111.868846,29.327693],[111.862527,29.325356],[111.860781,29.33112],[111.856441,29.332754],[111.842526,29.325716],[111.831415,29.325385],[111.817439,29.311269],[111.808646,29.31789],[111.79145,29.320272],[111.782006,29.315578],[111.784037,29.306478],[111.779471,29.309343],[111.780669,29.318904],[111.787326,29.323943],[111.792474,29.342346],[111.790981,29.347088],[111.797118,29.347885],[111.79744,29.351975],[111.794306,29.35257],[111.797188,29.356582],[111.795261,29.362324],[111.797926,29.375922],[111.807552,29.385475],[111.80895,29.405798],[111.817986,29.419331],[111.818881,29.427574],[111.813898,29.43018],[111.820842,29.434338],[111.822014,29.44456],[111.819479,29.447757],[111.821728,29.450968],[111.828264,29.450965],[111.833455,29.45964],[111.827048,29.454796],[111.819705,29.456357],[111.830434,29.462576],[111.823056,29.463325],[111.82178,29.468566],[111.826762,29.47673],[111.828264,29.469568],[111.834289,29.464896],[111.838247,29.482079],[111.835947,29.485555],[111.829644,29.484507],[111.82974,29.489067],[111.824696,29.492409],[111.819635,29.488565],[111.820452,29.492999],[111.816754,29.494089],[111.818559,29.497572],[111.808029,29.492153],[111.812943,29.488691],[111.812144,29.486061],[111.795278,29.495784],[111.787291,29.491352],[111.770781,29.508242],[111.765573,29.509774]]]}},{"type":"Feature","properties":{"id":"cn:4308","name":"张家界市","level":1},"geometry":{"type":"Polygon","coordinates":[[[109.696465,29.639007],[109.706164,29.646355],[109.713891,29.658146],[109.70941,29.675585],[109.732231,29.681028],[109.755271,29.691746],[109.760421,29.697791],[109.761352,29.705534],[109.754462,29.713584],[109.768138,29.726847],[109.753812,29.734076],[109.753293,29.737546],[109.748699,29.736733],[109.747766,29.743101],[109.764442,29.747128],[109.770984,29.757859],[109.787086,29.766062],[109.816114,29.772613],[109.865142,29.777472],[109.883788,29.76868],[109.895419,29.773449],[109.903266,29.766994],[109.925177,29.773707],[109.930878,29.778651],[109.935866,29.776996],[109.942042,29.781943],[109.945048,29.775736],[109.964976,29.774513],[109.97127,29.770818],[109.986053,29.774872],[110.019238,29.772185],[110.059117,29.785275],[110.108456,29.792106],[110.139906,29.773573],[110.155808,29.756273],[110.194263,29.755571],[110.21501,29.749244],[110.240938,29.734849],[110.273351,29.711686],[110.285062,29.698991],[110.287179,29.674434],[110.292101,29.66683],[110.305209,29.663064],[110.323177,29.669354],[110.338229,29.670105],[110.338829,29.66524],[110.348547,29.65527],[110.346737,29.647198],[110.349532,29.642675],[110.366903,29.635913],[110.408148,29.6563],[110.410457,29.663939],[110.441973,29.667124],[110.444298,29.693283],[110.460168,29.71556],[110.488889,29.703561],[110.502196,29.694728],[110.515633,29.694611],[110.558029,29.715325],[110.576943,29.731893],[110.610277,29.750318],[110.618965,29.758731],[110.626986,29.760522],[110.6319,29.75051],[110.648132,29.747386],[110.654165,29.742559],[110.65591,29.722375],[110.662854,29.712615],[110.694365,29.702345],[110.716413,29.690141],[110.726803,29.692923],[110.74492,29.711741],[110.756701,29.718536],[110.759904,29.712505],[110.761458,29.683121],[110.77625,29.685858],[110.809427,29.68326],[110.851849,29.699039],[110.86665,29.68821],[110.885382,29.68969],[110.899696,29.687288],[110.920608,29.680548],[110.922891,29.674412],[110.937396,29.670801],[110.962596,29.680442],[110.980851,29.678588],[110.993281,29.669816],[111.026675,29.67158],[111.033994,29.657706],[111.025626,29.646912],[111.043013,29.640934],[111.047613,29.62197],[111.050678,29.619896],[111.071441,29.62176],[111.105026,29.616248],[111.116242,29.610223],[111.13197,29.611374],[111.14368,29.606502],[111.145721,29.599308],[111.149975,29.596905],[111.170842,29.6034],[111.189714,29.601378],[111.202587,29.604084],[111.207752,29.601808],[111.220277,29.60554],[111.248932,29.602845],[111.251823,29.599618],[111.249054,29.589662],[111.256441,29.587644],[111.260738,29.582485],[111.269601,29.582147],[111.271478,29.565248],[111.287127,29.563034],[111.299115,29.550387],[111.295695,29.540309],[111.313611,29.535907],[111.314826,29.523427],[111.323482,29.512535],[111.32632,29.500762],[111.331849,29.49602],[111.323134,29.488509],[111.312223,29.468583],[111.313056,29.462459],[111.323985,29.446771],[111.321788,29.440048],[111.313889,29.434896],[111.305651,29.421921],[111.291727,29.417255],[111.286172,29.410514],[111.296219,29.39854],[111.26395,29.389288],[111.253724,29.383364],[111.235261,29.343063],[111.229992,29.337772],[111.230616,29.332392],[111.240078,29.323809],[111.24638,29.30194],[111.238446,29.285489],[111.216641,29.268464],[111.214679,29.263499],[111.21915,29.250469],[111.227301,29.242676],[111.225972,29.234549],[111.217726,29.226485],[111.20092,29.220343],[111.18744,29.220877],[111.17237,29.226155],[111.168829,29.233412],[111.160121,29.238885],[111.148334,29.240432],[111.087266,29.20679],[111.075234,29.191088],[111.066329,29.172542],[111.045469,29.146385],[111.038065,29.14206],[111.025252,29.143056],[111.02046,29.140551],[111.016988,29.123323],[110.996415,29.120872],[110.976953,29.114564],[110.974245,29.1162],[110.978646,29.121931],[110.969583,29.122227],[110.953385,29.136912],[110.936615,29.141144],[110.94073,29.135667],[110.938594,29.130603],[110.933933,29.134761],[110.931962,29.132541],[110.924774,29.133926],[110.920391,29.121774],[110.908169,29.114414],[110.885807,29.113893],[110.881684,29.103787],[110.874193,29.100944],[110.868507,29.102413],[110.861641,29.111487],[110.847596,29.097294],[110.847194,29.089876],[110.855704,29.076975],[110.857281,29.067448],[110.861535,29.069466],[110.865298,29.064397],[110.864671,29.070195],[110.867434,29.070111],[110.876842,29.058007],[110.906754,29.049732],[110.905533,29.043589],[110.909712,29.038896],[110.898872,29.037963],[110.89816,29.024495],[110.910209,29.010748],[110.900165,28.998904],[110.895478,28.998992],[110.892318,29.004614],[110.889158,28.997817],[110.884214,28.995659],[110.855747,29.002101],[110.835487,28.995682],[110.834376,28.99088],[110.845305,28.971719],[110.846876,28.955187],[110.844176,28.949714],[110.831815,28.945038],[110.79652,28.961489],[110.793603,28.958312],[110.789974,28.926474],[110.78382,28.916908],[110.770635,28.909256],[110.758612,28.908928],[110.729922,28.929649],[110.725469,28.929238],[110.711963,28.916537],[110.68783,28.928025],[110.685764,28.911305],[110.673716,28.90936],[110.665677,28.914031],[110.661668,28.926687],[110.652171,28.938249],[110.631207,28.952905],[110.615999,28.968419],[110.588611,28.972583],[110.57428,28.996111],[110.567847,29.003742],[110.564175,29.003316],[110.547856,28.995441],[110.537014,28.985448],[110.548794,28.966535],[110.548689,28.95874],[110.528446,28.949291],[110.515765,28.938627],[110.534236,28.911626],[110.538273,28.90081],[110.539211,28.892546],[110.536251,28.885922],[110.525964,28.877301],[110.513638,28.895072],[110.483369,28.914827],[110.478968,28.91382],[110.471294,28.902559],[110.477709,28.897841],[110.478334,28.89369],[110.468109,28.891257],[110.463074,28.883245],[110.447179,28.885111],[110.444159,28.892786],[110.427796,28.893709],[110.415382,28.904699],[110.389341,28.894758],[110.3854,28.884063],[110.379654,28.888384],[110.353777,28.894194],[110.353941,28.900652],[110.359809,28.910884],[110.360314,28.923299],[110.356121,28.930386],[110.332214,28.942466],[110.321016,28.943935],[110.311033,28.940958],[110.303273,28.947331],[110.301641,28.961277],[110.313968,28.969289],[110.314098,28.976124],[110.327814,28.985289],[110.323152,28.987092],[110.341268,29.014024],[110.34241,29.022305],[110.336681,29.030157],[110.339313,29.039233],[110.335396,29.044204],[110.327641,29.041538],[110.318205,29.044643],[110.304792,29.038926],[110.297873,29.045457],[110.294451,29.053043],[110.300095,29.082601],[110.299333,29.094256],[110.275162,29.086073],[110.267278,29.076004],[110.258896,29.072679],[110.244831,29.079875],[110.246535,29.09873],[110.254837,29.104961],[110.259254,29.113094],[110.256836,29.122538],[110.212206,29.129953],[110.219683,29.141583],[110.211066,29.13896],[110.20095,29.154227],[110.199075,29.163895],[110.193648,29.167187],[110.184752,29.165638],[110.178781,29.156526],[110.174165,29.156778],[110.159916,29.168277],[110.153236,29.167956],[110.142041,29.156157],[110.135847,29.155],[110.135427,29.148156],[110.129129,29.140715],[110.123417,29.139142],[110.108413,29.145465],[110.094846,29.142325],[110.088034,29.146494],[110.084038,29.153971],[110.085521,29.170019],[110.082767,29.179755],[110.065079,29.214579],[110.068171,29.228307],[110.076536,29.237565],[110.074598,29.248053],[110.076872,29.253102],[110.091169,29.252963],[110.098528,29.256062],[110.108516,29.281657],[110.107554,29.292319],[110.092173,29.311457],[110.061551,29.326161],[110.044246,29.317238],[110.009454,29.290641],[109.993265,29.299429],[109.970791,29.30205],[109.946633,29.320986],[109.931781,29.326125],[109.948266,29.336735],[109.955687,29.344159],[109.956104,29.350251],[109.95014,29.361058],[109.940487,29.368673],[109.947762,29.389812],[109.940635,29.401303],[109.931251,29.437288],[109.921,29.447314],[109.910522,29.447985],[109.903803,29.44463],[109.824202,29.376138],[109.816486,29.391468],[109.789724,29.41441],[109.790478,29.419863],[109.803821,29.431145],[109.802814,29.437855],[109.797363,29.443979],[109.798283,29.449852],[109.776052,29.477405],[109.772614,29.49154],[109.76574,29.493217],[109.760957,29.502697],[109.748118,29.511757],[109.73613,29.536963],[109.729837,29.543673],[109.733943,29.550301],[109.743595,29.551559],[109.755253,29.564309],[109.777565,29.579283],[109.774544,29.585155],[109.762808,29.591909],[109.760038,29.601303],[109.764232,29.607007],[109.763728,29.612627],[109.756844,29.617827],[109.740907,29.617996],[109.718762,29.610865],[109.71075,29.61582],[109.712434,29.620036],[109.706072,29.632302],[109.696465,29.639007]]]}},{"type":"Feature","properties":{"id":"cn:430802","name":"永定区","level":2},"geometry":{"type":"Polygon","coordinates":[[[110.065079,29.214579],[110.068171,29.228307],[110.076536,29.237565],[110.074598,29.248053],[110.076872,29.253102],[110.091169,29.252963],[110.098528,29.256062],[110.108516,29.281657],[110.107554,29.292319],[110.11852,29.297626],[110.115888,29.303584],[110.116702,29.318601],[110.152614,29.345216],[110.169983,29.351528],[110.192257,29.348406],[110.200574,29.340782],[110.207006,29.328354],[110.213021,29.32602],[110.249028,29.359719],[110.253516,29.361749],[110.262935,29.358703],[110.275096,29.367333],[110.293067,29.368161],[110.30723,29.379595],[110.313944,29.369523],[110.31476,29.361357],[110.303588,29.352963],[110.304572,29.348132],[110.308962,29.346155],[110.323025,29.349228],[110.332068,29.363447],[110.352736,29.354618],[110.367761,29.353663],[110.401852,29.325984],[110.406891,29.292509],[110.42519,29.292589],[110.434443,29.273756],[110.443589,29.274266],[110.452161,29.281379],[110.458076,29.282347],[110.467784,29.278139],[110.496685,29.260278],[110.512,29.23671],[110.544454,29.221335],[110.55629,29.22043],[110.55627,29.225149],[110.526446,29.277417],[110.524241,29.288733],[110.570688,29.298257],[110.577959,29.278845],[110.591207,29.272442],[110.602335,29.252939],[110.623333,29.234618],[110.63178,29.220775],[110.646372,29.21444],[110.665573,29.200486],[110.662517,29.188131],[110.631797,29.165273],[110.628559,29.158424],[110.64059,29.137893],[110.617535,29.117937],[110.617153,29.109455],[110.619401,29.102095],[110.633074,29.087283],[110.644289,29.085108],[110.652604,29.079749],[110.661858,29.068418],[110.67908,29.06549],[110.692753,29.068846],[110.695495,29.073159],[110.707526,29.077663],[110.71882,29.077407],[110.725495,29.081346],[110.72296,29.087144],[110.727873,29.092806],[110.760105,29.103272],[110.771632,29.112355],[110.780764,29.107743],[110.789124,29.107776],[110.802162,29.100569],[110.816988,29.106203],[110.822795,29.116528],[110.833794,29.116986],[110.847188,29.104842],[110.847194,29.089876],[110.855704,29.076975],[110.856925,29.067753],[110.861535,29.069466],[110.865298,29.064397],[110.864671,29.070195],[110.867434,29.070111],[110.876842,29.058007],[110.906754,29.049732],[110.905533,29.043589],[110.909712,29.038896],[110.898872,29.037963],[110.89816,29.024495],[110.910209,29.010748],[110.900165,28.998904],[110.895478,28.998992],[110.892318,29.004614],[110.889158,28.997817],[110.884214,28.995659],[110.855747,29.002101],[110.835487,28.995682],[110.834376,28.99088],[110.845305,28.971719],[110.846876,28.955187],[110.844176,28.949714],[110.831815,28.945038],[110.79652,28.961489],[110.793603,28.958312],[110.789974,28.926474],[110.78382,28.916908],[110.76487,28.908173],[110.75369,28.911735],[110.729922,28.929649],[110.725469,28.929238],[110.711963,28.916537],[110.68783,28.928025],[110.685764,28.911305],[110.679453,28.909076],[110.668777,28.911478],[110.652171,28.938249],[110.631207,28.952905],[110.615999,28.968419],[110.588611,28.972583],[110.57428,28.996111],[110.567847,29.003742],[110.564175,29.003316],[110.547856,28.995441],[110.537014,28.985448],[110.548794,28.966535],[110.548689,28.95874],[110.528446,28.949291],[110.515765,28.938627],[110.534236,28.911626],[110.538273,28.90081],[110.539211,28.892546],[110.536251,28.885922],[110.525964,28.877301],[110.513638,28.895072],[110.483369,28.914827],[110.478968,28.91382],[110.471294,28.902559],[110.477709,28.897841],[110.478334,28.89369],[110.468109,28.891257],[110.463074,28.883245],[110.447179,28.885111],[110.444159,28.892786],[110.427796,28.893709],[110.415382,28.904699],[110.389341,28.894758],[110.3854,28.884063],[110.379654,28.888384],[110.353777,28.894194],[110.353941,28.900652],[110.359809,28.910884],[110.360314,28.923299],[110.356121,28.930386],[110.332214,28.942466],[110.321016,28.943935],[110.311033,28.940958],[110.303273,28.947331],[110.301641,28.961277],[110.313968,28.969289],[110.314098,28.976124],[110.327814,28.985289],[110.323152,28.987092],[110.341268,29.014024],[110.34241,29.022305],[110.336681,29.030157],[110.339313,29.039233],[110.335396,29.044204],[110.327641,29.041538],[110.318205,29.044643],[110.304792,29.038926],[110.297873,29.045457],[110.294451,29.053043],[110.300095,29.082601],[110.299333,29.094256],[110.275162,29.086073],[110.267278,29.076004],[110.258896,29.072679],[110.244831,29.079875],[110.246535,29.09873],[110.254837,29.104961],[110.259254,29.113094],[110.256836,29.122538],[110.212206,29.129953],[110.219683,29.141583],[110.211066,29.13896],[110.20095,29.154227],[110.199075,29.163895],[110.193648,29.167187],[110.184752,29.165638],[110.178781,29.156526],[110.174165,29.156778],[110.159916,29.168277],[110.153236,29.167956],[110.142041,29.156157],[110.135847,29.155],[110.135427,29.148156],[110.129129,29.140715],[110.123417,29.139142],[110.108413,29.145465],[110.093543,29.142724],[110.084038,29.153971],[110.085521,29.170019],[110.082767,29.179755],[110.065079,29.214579]]]}},{"type":"Feature","properties":{"id":"cn:430811","name":"武陵源区","level":2},"geometry":{"type":"Polygon","coordinates":[[[110.302845,29.350124],[110.314019,29.358352],[110.313944,29.369523],[110.30723,29.379595],[110.317069,29.392888],[110.339264,29.400122],[110.374047,29.403286],[110.437388,29.416795],[110.446887,29.431778],[110.452675,29.435714],[110.45715,29.434559],[110.464806,29.423637],[110.474198,29.422108],[110.486239,29.42685],[110.488444,29.432727],[110.486582,29.447586],[110.491915,29.453475],[110.49862,29.4535],[110.499725,29.439326],[110.506953,29.436632],[110.516033,29.42554],[110.522604,29.400163],[110.53066,29.391523],[110.538498,29.391473],[110.546237,29.40019],[110.547548,29.407703],[110.559413,29.419168],[110.565021,29.413638],[110.573264,29.413745],[110.579427,29.394221],[110.593403,29.386303],[110.61112,29.381634],[110.647135,29.381169],[110.665998,29.370252],[110.683636,29.370375],[110.690963,29.362793],[110.682438,29.346757],[110.663443,29.33289],[110.623475,29.322723],[110.605446,29.30743],[110.583194,29.305838],[110.560019,29.294104],[110.524241,29.288733],[110.526446,29.277417],[110.55627,29.225149],[110.55629,29.22043],[110.550915,29.219941],[110.512,29.23671],[110.496685,29.260278],[110.467784,29.278139],[110.458076,29.282347],[110.452161,29.281379],[110.443589,29.274266],[110.434443,29.273756],[110.42519,29.292589],[110.406891,29.292509],[110.401852,29.325984],[110.367761,29.353663],[110.352736,29.354618],[110.332068,29.363447],[110.323025,29.349228],[110.308962,29.346155],[110.302845,29.350124]]]}},{"type":"Feature","properties":{"id":"cn:430821","name":"慈利县","level":2},"geometry":{"type":"Polygon","coordinates":[[[110.560809,29.418374],[110.564098,29.420718],[110.572239,29.419476],[110.586701,29.453773],[110.605781,29.485701],[110.613665,29.511233],[110.625758,29.528309],[110.62486,29.544784],[110.61982,29.548798],[110.605577,29.549854],[110.597176,29.556055],[110.597576,29.560816],[110.626508,29.578156],[110.655597,29.589797],[110.668193,29.605953],[110.679764,29.605148],[110.706994,29.614271],[110.74755,29.617056],[110.753759,29.627541],[110.751691,29.647057],[110.762804,29.668268],[110.761458,29.683121],[110.77625,29.685858],[110.809427,29.68326],[110.849419,29.698991],[110.857752,29.696153],[110.86665,29.68821],[110.885382,29.68969],[110.899696,29.687288],[110.920608,29.680548],[110.922891,29.674412],[110.937396,29.670801],[110.962596,29.680442],[110.980851,29.678588],[110.993281,29.669816],[111.027275,29.671417],[111.03395,29.656904],[111.025626,29.646912],[111.043013,29.640934],[111.047613,29.62197],[111.050678,29.619896],[111.071441,29.62176],[111.105026,29.616248],[111.116242,29.610223],[111.13197,29.611374],[111.14368,29.606502],[111.145721,29.599308],[111.149975,29.596905],[111.170842,29.6034],[111.189714,29.601378],[111.202587,29.604084],[111.207752,29.601808],[111.220277,29.60554],[111.248932,29.602845],[111.251823,29.599618],[111.249054,29.589662],[111.256441,29.587644],[111.260738,29.582485],[111.269601,29.582147],[111.271478,29.565248],[111.287127,29.563034],[111.299115,29.550387],[111.295695,29.540309],[111.313611,29.535907],[111.314826,29.523427],[111.323482,29.512535],[111.32632,29.500762],[111.331849,29.49602],[111.323134,29.488509],[111.312223,29.468583],[111.313056,29.462459],[111.323985,29.446771],[111.321788,29.440048],[111.313889,29.434896],[111.305651,29.421921],[111.291727,29.417255],[111.286172,29.410514],[111.296219,29.39854],[111.26395,29.389288],[111.253724,29.383364],[111.235261,29.343063],[111.229992,29.337772],[111.230616,29.332392],[111.240078,29.323809],[111.24638,29.30194],[111.238446,29.285489],[111.216641,29.268464],[111.214679,29.263499],[111.21915,29.250469],[111.227301,29.242676],[111.225972,29.234549],[111.217726,29.226485],[111.20092,29.220343],[111.18744,29.220877],[111.17237,29.226155],[111.168829,29.233412],[111.160121,29.238885],[111.148334,29.240432],[111.087266,29.20679],[111.075234,29.191088],[111.066329,29.172542],[111.045469,29.146385],[111.038065,29.14206],[111.025252,29.143056],[111.02046,29.140551],[111.016988,29.123323],[110.996415,29.120872],[110.976953,29.114564],[110.974245,29.1162],[110.978646,29.121931],[110.969583,29.122227],[110.953385,29.136912],[110.936615,29.141144],[110.94073,29.135667],[110.938594,29.130603],[110.933933,29.134761],[110.931962,29.132541],[110.924774,29.133926],[110.920391,29.121774],[110.908169,29.114414],[110.885807,29.113893],[110.881684,29.103787],[110.877813,29.101628],[110.868507,29.102413],[110.861641,29.111487],[110.847596,29.097294],[110.845999,29.107162],[110.833794,29.116986],[110.822795,29.116528],[110.816988,29.106203],[110.802162,29.100569],[110.789124,29.107776],[110.780764,29.107743],[110.771632,29.112355],[110.760105,29.103272],[110.727873,29.092806],[110.72296,29.087144],[110.725495,29.081346],[110.71882,29.077407],[110.707526,29.077663],[110.695495,29.073159],[110.692753,29.068846],[110.67908,29.06549],[110.661858,29.068418],[110.652604,29.079749],[110.644289,29.085108],[110.633074,29.087283],[110.619401,29.102095],[110.617153,29.109455],[110.617535,29.117937],[110.64059,29.137893],[110.628559,29.158424],[110.631797,29.165273],[110.662517,29.188131],[110.665573,29.200486],[110.646372,29.21444],[110.63178,29.220775],[110.623333,29.234618],[110.602335,29.252939],[110.591207,29.272442],[110.577959,29.278845],[110.570009,29.298795],[110.574856,29.303678],[110.583194,29.305838],[110.605446,29.30743],[110.623475,29.322723],[110.663443,29.33289],[110.682438,29.346757],[110.690963,29.362793],[110.683636,29.370375],[110.665998,29.370252],[110.647135,29.381169],[110.61112,29.381634],[110.593403,29.386303],[110.579427,29.394221],[110.573264,29.413745],[110.565021,29.413638],[110.560809,29.418374]]]}},{"type":"Feature","properties":{"id":"cn:430822","name":"桑植县","level":2},"geometry":{"type":"Polygon","coordinates":[[[109.696465,29.639007],[109.706164,29.646355],[109.713891,29.658146],[109.70941,29.675585],[109.732231,29.681028],[109.755271,29.691746],[109.760421,29.697791],[109.761352,29.705534],[109.754462,29.713584],[109.768138,29.726847],[109.753812,29.734076],[109.753293,29.737546],[109.748699,29.736733],[109.747766,29.743101],[109.764442,29.747128],[109.770984,29.757859],[109.787086,29.766062],[109.816114,29.772613],[109.865142,29.777472],[109.883788,29.76868],[109.895419,29.773449],[109.903266,29.766994],[109.907754,29.767432],[109.930878,29.778651],[109.935866,29.776996],[109.942042,29.781943],[109.945048,29.775736],[109.964976,29.774513],[109.97127,29.770818],[109.986053,29.774872],[110.019238,29.772185],[110.059117,29.785275],[110.108456,29.792106],[110.139906,29.773573],[110.155808,29.756273],[110.194263,29.755571],[110.21501,29.749244],[110.240938,29.734849],[110.273351,29.711686],[110.285062,29.698991],[110.287179,29.674434],[110.292101,29.66683],[110.305209,29.663064],[110.323177,29.669354],[110.338229,29.670105],[110.338829,29.66524],[110.348547,29.65527],[110.34868,29.643845],[110.35972,29.637043],[110.367527,29.636002],[110.40199,29.652754],[110.408479,29.656596],[110.411067,29.664183],[110.441973,29.667124],[110.444298,29.693283],[110.460168,29.71556],[110.488889,29.703561],[110.502196,29.694728],[110.515633,29.694611],[110.558029,29.715325],[110.576943,29.731893],[110.610277,29.750318],[110.618965,29.758731],[110.626986,29.760522],[110.6319,29.75051],[110.648132,29.747386],[110.654165,29.742559],[110.65591,29.722375],[110.662854,29.712615],[110.694365,29.702345],[110.716413,29.690141],[110.726803,29.692923],[110.74663,29.713169],[110.757761,29.718188],[110.762804,29.668268],[110.751691,29.647057],[110.753759,29.627541],[110.74755,29.617056],[110.706994,29.614271],[110.679764,29.605148],[110.668193,29.605953],[110.655597,29.589797],[110.626508,29.578156],[110.597576,29.560816],[110.597176,29.556055],[110.605577,29.549854],[110.61982,29.548798],[110.62486,29.544784],[110.625758,29.528309],[110.613665,29.511233],[110.605781,29.485701],[110.586701,29.453773],[110.572239,29.419476],[110.563151,29.420616],[110.555277,29.416226],[110.538498,29.391473],[110.53066,29.391523],[110.525486,29.396242],[110.518889,29.409268],[110.516033,29.42554],[110.506953,29.436632],[110.499725,29.439326],[110.49862,29.4535],[110.491915,29.453475],[110.486582,29.447586],[110.488444,29.432727],[110.486239,29.42685],[110.469729,29.422091],[110.452675,29.435714],[110.446887,29.431778],[110.437388,29.416795],[110.374047,29.403286],[110.329774,29.398054],[110.314843,29.391569],[110.303344,29.374589],[110.295036,29.369022],[110.275096,29.367333],[110.262935,29.358703],[110.253516,29.361749],[110.249028,29.359719],[110.213021,29.32602],[110.207006,29.328354],[110.200574,29.340782],[110.192257,29.348406],[110.169983,29.351528],[110.152614,29.345216],[110.116702,29.318601],[110.115888,29.303584],[110.11852,29.297626],[110.107554,29.292319],[110.092173,29.311457],[110.06345,29.326395],[110.044246,29.317238],[110.009454,29.290641],[109.993265,29.299429],[109.970791,29.30205],[109.946633,29.320986],[109.931781,29.326125],[109.948266,29.336735],[109.955687,29.344159],[109.956104,29.350251],[109.95014,29.361058],[109.940487,29.368673],[109.947762,29.389812],[109.940635,29.401303],[109.931251,29.437288],[109.921,29.447314],[109.910522,29.447985],[109.903803,29.44463],[109.824202,29.376138],[109.816486,29.391468],[109.789724,29.41441],[109.790478,29.419863],[109.803821,29.431145],[109.802814,29.437855],[109.797363,29.443979],[109.798283,29.449852],[109.776052,29.477405],[109.772614,29.49154],[109.76574,29.493217],[109.760957,29.502697],[109.748118,29.511757],[109.73613,29.536963],[109.729837,29.543673],[109.733943,29.550301],[109.743595,29.551559],[109.755253,29.564309],[109.777565,29.579283],[109.774544,29.585155],[109.762808,29.591909],[109.760038,29.601303],[109.764232,29.607007],[109.763728,29.612627],[109.756844,29.617827],[109.740907,29.617996],[109.718762,29.610865],[109.71075,29.61582],[109.712434,29.620036],[109.706072,29.632302],[109.696465,29.639007]]]}},{"type":"Feature","properties":{"id":"cn:4309","name":"益阳市","level":1},"geometry":{"type":"Polygon","coordinates":[[[110.716151,28.304187],[110.722167,28.312711],[110.731395,28.317703],[110.733365,28.325378],[110.746247,28.335716],[110.752071,28.345068],[110.807095,28.366434],[110.825888,28.379772],[110.830923,28.397346],[110.841409,28.402316],[110.848995,28.401938],[110.85554,28.40954],[110.87574,28.411814],[110.884568,28.408439],[110.926061,28.424815],[110.93541,28.425271],[110.942901,28.431648],[110.964603,28.434633],[110.975062,28.443719],[110.996199,28.443498],[111.002528,28.448895],[111.016755,28.449374],[111.041061,28.462271],[111.06211,28.454305],[111.085496,28.458586],[111.096442,28.469886],[111.103821,28.471292],[111.111129,28.46755],[111.128456,28.476464],[111.139428,28.476915],[111.142363,28.491047],[111.149341,28.501223],[111.146997,28.517957],[111.162163,28.520886],[111.173525,28.51736],[111.179324,28.522069],[111.186754,28.522086],[111.192809,28.529807],[111.210661,28.539738],[111.22323,28.52576],[111.248473,28.534989],[111.252674,28.530591],[111.268507,28.526489],[111.277787,28.52046],[111.310156,28.527681],[111.318577,28.522081],[111.328776,28.523531],[111.333629,28.53107],[111.344062,28.532602],[111.368186,28.554966],[111.377506,28.553686],[111.393559,28.543697],[111.406527,28.55098],[111.427969,28.551171],[111.437647,28.560433],[111.462161,28.560104],[111.485851,28.574891],[111.488602,28.584499],[111.503792,28.588982],[111.533749,28.613085],[111.563298,28.642775],[111.58138,28.638578],[111.618985,28.62178],[111.630635,28.631908],[111.64184,28.626663],[111.654861,28.629242],[111.659019,28.62497],[111.658169,28.611279],[111.664393,28.597255],[111.682865,28.592559],[111.691069,28.595704],[111.697188,28.602316],[111.701546,28.598301],[111.706294,28.598533],[111.709098,28.605565],[111.717813,28.613125],[111.719124,28.61985],[111.712978,28.637663],[111.722657,28.645813],[111.716901,28.64832],[111.718022,28.651144],[111.725036,28.655473],[111.738508,28.655296],[111.745374,28.660883],[111.751919,28.658156],[111.759271,28.645975],[111.770591,28.637397],[111.77441,28.638932],[111.780894,28.651968],[111.78665,28.645673],[111.806581,28.64373],[111.812362,28.62763],[111.82296,28.619097],[111.831441,28.617648],[111.838551,28.620081],[111.844661,28.636723],[111.849289,28.640386],[111.866224,28.634217],[111.884905,28.641076],[111.895087,28.638897],[111.898872,28.64668],[111.906468,28.647396],[111.912804,28.658816],[111.910547,28.665558],[111.903872,28.668466],[111.904818,28.674898],[111.917813,28.680373],[111.94474,28.678064],[111.975088,28.668605],[111.978898,28.666582],[111.97434,28.662118],[111.975929,28.655608],[111.988029,28.660927],[111.992848,28.650022],[112.008412,28.643954],[112.02579,28.642127],[112.029671,28.644459],[112.035034,28.660853],[112.02138,28.669542],[112.021702,28.674592],[112.045434,28.675519],[112.053021,28.67227],[112.064679,28.675425],[112.071407,28.65921],[112.080096,28.656313],[112.087648,28.645607],[112.091624,28.645245],[112.10046,28.65525],[112.131198,28.652162],[112.139618,28.654359],[112.143715,28.659501],[112.136372,28.664533],[112.145252,28.666736],[112.148751,28.672446],[112.153064,28.670536],[112.159939,28.68258],[112.177058,28.671502],[112.192612,28.675943],[112.202344,28.694202],[112.20967,28.695755],[112.22336,28.706561],[112.226085,28.715677],[112.250668,28.720819],[112.254817,28.71842],[112.277179,28.730829],[112.276172,28.776669],[112.277839,28.780046],[112.292431,28.786287],[112.297986,28.795621],[112.300764,28.803325],[112.300156,28.822811],[112.299063,28.826111],[112.270851,28.84384],[112.251424,28.864566],[112.255833,28.920198],[112.251424,28.972515],[112.241302,28.983848],[112.248663,29.051118],[112.23585,29.070848],[112.237031,29.09928],[112.2398,29.105488],[112.229289,29.117791],[112.217882,29.121575],[112.208359,29.118458],[112.203013,29.122886],[112.201737,29.130185],[112.18204,29.137309],[112.183126,29.147248],[112.195364,29.148852],[112.189861,29.166074],[112.195946,29.182046],[112.230781,29.215968],[112.222856,29.218878],[112.220876,29.231241],[112.223116,29.254523],[112.21783,29.26941],[112.217501,29.288765],[112.20776,29.298839],[112.220979,29.296813],[112.228594,29.301413],[112.236319,29.29666],[112.248611,29.294661],[112.25671,29.299137],[112.258065,29.301461],[112.248157,29.315789],[112.244217,29.327583],[112.247005,29.3547],[112.261007,29.385107],[112.275512,29.397824],[112.27856,29.406188],[112.289887,29.410962],[112.288499,29.429469],[112.294636,29.450833],[112.2879,29.459006],[112.284581,29.483585],[112.277468,29.49753],[112.286368,29.520248],[112.292729,29.519536],[112.310032,29.526861],[112.313004,29.519694],[112.325833,29.512342],[112.318317,29.47987],[112.322552,29.452661],[112.33625,29.446981],[112.345217,29.455634],[112.360399,29.460947],[112.361754,29.442407],[112.382778,29.425102],[112.380808,29.40854],[112.386216,29.398978],[112.434151,29.363194],[112.458508,29.356102],[112.483058,29.343344],[112.489646,29.32331],[112.496426,29.314962],[112.52172,29.313407],[112.543569,29.304192],[112.552563,29.307702],[112.569064,29.304722],[112.602641,29.333971],[112.611678,29.338138],[112.626808,29.339403],[112.644247,29.327743],[112.659273,29.303287],[112.66864,29.308982],[112.675229,29.297821],[112.683692,29.298563],[112.694299,29.290207],[112.676599,29.275099],[112.681199,29.265535],[112.689108,29.260167],[112.686991,29.255558],[112.673579,29.247671],[112.673032,29.240813],[112.677355,29.238282],[112.670862,29.227607],[112.67542,29.216929],[112.671843,29.205117],[112.676877,29.195163],[112.687642,29.195465],[112.704013,29.188284],[112.710237,29.190204],[112.718961,29.180504],[112.736309,29.171144],[112.765177,29.177123],[112.788225,29.193799],[112.793429,29.193332],[112.807459,29.185787],[112.807868,29.181559],[112.792886,29.162698],[112.802217,29.156442],[112.876115,29.165797],[112.919734,29.152049],[112.924396,29.100073],[112.933676,29.076327],[112.933528,29.068628],[112.943849,29.063867],[112.922443,29.026191],[112.899106,29.012019],[112.874805,28.992174],[112.870612,28.987237],[112.86694,28.966148],[112.84247,28.9387],[112.832591,28.932425],[112.80602,28.924668],[112.791862,28.91677],[112.775395,28.913899],[112.767583,28.905822],[112.729396,28.889278],[112.67968,28.882929],[112.671934,28.874428],[112.662894,28.853667],[112.653928,28.841946],[112.659483,28.824283],[112.667195,28.816305],[112.666359,28.803623],[112.670006,28.800474],[112.667978,28.795778],[112.65648,28.792262],[112.648184,28.794988],[112.642469,28.791644],[112.636377,28.792768],[112.613754,28.781898],[112.612113,28.77338],[112.599101,28.757475],[112.599047,28.744826],[112.5922,28.747564],[112.57521,28.743055],[112.562085,28.734212],[112.546833,28.732923],[112.550418,28.722988],[112.547033,28.71819],[112.529082,28.712873],[112.520921,28.705807],[112.516963,28.672584],[112.505062,28.658061],[112.528309,28.643745],[112.538682,28.642786],[112.548699,28.64744],[112.559428,28.631597],[112.568699,28.627228],[112.575166,28.633159],[112.583682,28.632324],[112.579448,28.621993],[112.583232,28.613367],[112.579682,28.608679],[112.584889,28.604103],[112.577432,28.593572],[112.564403,28.583368],[112.556599,28.56881],[112.580531,28.558528],[112.588074,28.5448],[112.604394,28.544288],[112.623977,28.550644],[112.630079,28.562476],[112.643413,28.567697],[112.653274,28.583925],[112.661669,28.58768],[112.669672,28.584587],[112.677606,28.599296],[112.694837,28.603116],[112.713891,28.598715],[112.714056,28.592979],[112.707536,28.591293],[112.710913,28.582491],[112.720644,28.584982],[112.730697,28.570688],[112.720974,28.560499],[112.696225,28.555743],[112.68278,28.547662],[112.679907,28.528801],[112.668279,28.522313],[112.657782,28.504509],[112.655519,28.506869],[112.646357,28.499109],[112.645726,28.491965],[112.649011,28.487957],[112.634455,28.472803],[112.621946,28.471755],[112.618756,28.449021],[112.606792,28.428056],[112.590844,28.420208],[112.587649,28.409009],[112.578916,28.405932],[112.577058,28.402375],[112.573104,28.38587],[112.574992,28.376418],[112.570088,28.372568],[112.569836,28.358113],[112.557006,28.347608],[112.559064,28.336629],[112.566731,28.329144],[112.557519,28.330342],[112.547267,28.32241],[112.530566,28.32782],[112.534558,28.332842],[112.531555,28.335963],[112.520505,28.329373],[112.500088,28.324027],[112.495227,28.330756],[112.497562,28.316846],[112.48133,28.312546],[112.467319,28.320999],[112.460366,28.316127],[112.445565,28.321073],[112.438048,28.32035],[112.435244,28.315433],[112.430384,28.314076],[112.42797,28.32191],[112.422407,28.313168],[112.414609,28.316365],[112.416571,28.307782],[112.404103,28.297932],[112.399071,28.30186],[112.395781,28.297626],[112.381936,28.292558],[112.374227,28.298574],[112.37118,28.291727],[112.364627,28.287606],[112.341415,28.294531],[112.339618,28.29274],[112.343481,28.28508],[112.353619,28.285914],[112.351232,28.280609],[112.344575,28.277697],[112.3273,28.287654],[112.312317,28.288162],[112.316138,28.265779],[112.300852,28.264667],[112.288559,28.250423],[112.282744,28.257415],[112.27678,28.257229],[112.275104,28.251797],[112.259748,28.239497],[112.250199,28.23683],[112.246163,28.227752],[112.232413,28.213813],[112.222969,28.222197],[112.216015,28.238183],[112.204522,28.24257],[112.189913,28.236537],[112.172326,28.23901],[112.163846,28.248852],[112.140478,28.25775],[112.133333,28.269147],[112.117396,28.26934],[112.110521,28.27489],[112.093299,28.273234],[112.086111,28.267945],[112.076484,28.271059],[112.074897,28.263991],[112.065252,28.258965],[112.050946,28.258016],[112.045998,28.254527],[112.024675,28.25535],[112.004063,28.247387],[111.998403,28.239243],[112.001467,28.2293],[111.981085,28.227593],[111.97053,28.223123],[111.96691,28.216482],[111.956694,28.212346],[111.955686,28.201632],[111.950782,28.196074],[111.933094,28.190029],[111.939506,28.182496],[111.936389,28.175792],[111.92783,28.171685],[111.92711,28.137847],[111.903464,28.119606],[111.893793,28.103353],[111.89645,28.097622],[111.909888,28.086337],[111.908715,28.082884],[111.91487,28.073433],[111.92151,28.070528],[111.905695,28.055844],[111.902162,28.045367],[111.908169,28.032335],[111.897223,28.02553],[111.884358,28.031063],[111.843803,28.032875],[111.832874,28.023401],[111.817891,28.026033],[111.812232,28.019949],[111.791953,28.010986],[111.791372,27.996048],[111.787526,27.993087],[111.773308,28.000001],[111.773864,28.010424],[111.768307,28.014026],[111.760053,28.009465],[111.744992,28.008864],[111.737812,27.997572],[111.71869,27.986311],[111.708368,27.997488],[111.701867,27.993881],[111.693898,27.997739],[111.684922,27.993984],[111.680565,27.995244],[111.679427,28.006401],[111.686059,28.012147],[111.678004,28.017934],[111.679471,28.04421],[111.668151,28.040855],[111.659679,28.027917],[111.657032,28.01739],[111.646129,28.020493],[111.647093,28.025232],[111.657414,28.02456],[111.653681,28.030181],[111.646085,28.029721],[111.628881,28.018822],[111.622353,28.022863],[111.615512,28.019675],[111.596347,28.038067],[111.582464,28.027013],[111.585398,28.020721],[111.593455,28.018646],[111.594419,28.013237],[111.587414,28.009988],[111.577177,27.996604],[111.543749,27.978593],[111.524061,27.989991],[111.534564,27.997634],[111.545571,27.994938],[111.55308,28.00818],[111.551718,28.013844],[111.559329,28.02201],[111.569834,28.022128],[111.570571,28.024779],[111.567742,28.032874],[111.561743,28.03644],[111.538462,28.023858],[111.535259,28.039007],[111.540016,28.046505],[111.538506,28.050993],[111.52907,28.057609],[111.521353,28.053437],[111.514348,28.066071],[111.509209,28.068692],[111.503636,28.064572],[111.501118,28.057421],[111.515381,28.049589],[111.51894,28.033148],[111.513766,28.033504],[111.497282,28.045027],[111.489244,28.041189],[111.485997,28.046831],[111.489183,28.052534],[111.487716,28.078224],[111.505754,28.094979],[111.494842,28.095987],[111.494304,28.104782],[111.476414,28.124937],[111.475199,28.139511],[111.484426,28.151505],[111.485181,28.157882],[111.480147,28.163773],[111.484383,28.17149],[111.484426,28.179984],[111.488784,28.183045],[111.49013,28.1933],[111.48019,28.20649],[111.442569,28.190071],[111.439591,28.194263],[111.44236,28.207331],[111.429149,28.211315],[111.392326,28.183233],[111.38276,28.18097],[111.377222,28.199507],[111.348706,28.202654],[111.336258,28.19641],[111.328568,28.196279],[111.326563,28.199214],[111.331883,28.207665],[111.331216,28.21362],[111.320435,28.229831],[111.308143,28.237611],[111.283985,28.223625],[111.279749,28.21817],[111.27816,28.203848],[111.273629,28.194371],[111.242908,28.16433],[111.226173,28.157127],[111.216651,28.165986],[111.210131,28.162579],[111.181251,28.16456],[111.183603,28.157127],[111.158777,28.132896],[111.155461,28.126079],[111.145184,28.125913],[111.135245,28.106095],[111.132397,28.089172],[111.117796,28.071954],[111.108109,28.066755],[111.11297,28.053354],[111.105974,28.051466],[111.104618,28.045664],[111.095803,28.036368],[111.09708,28.034432],[111.087475,28.02949],[111.092631,28.008623],[111.088352,28.003801],[111.06659,27.997657],[111.055765,28.012692],[111.036226,28.025548],[111.03094,28.036391],[111.024351,28.036473],[111.016765,28.030833],[111.007998,28.032259],[111.016764,28.044841],[110.988197,28.057276],[110.967234,28.057444],[110.964039,28.070414],[110.956028,28.060053],[110.947225,28.059835],[110.950732,28.054243],[110.938046,28.041871],[110.933128,28.022025],[110.920862,28.024855],[110.922772,28.020033],[110.917173,28.017464],[110.920046,28.007995],[110.912017,28.01022],[110.916878,28.003256],[110.89002,28.002397],[110.873285,28.016604],[110.865038,28.015001],[110.860889,28.019152],[110.861558,28.028976],[110.867937,28.040185],[110.879213,28.05453],[110.89121,28.06168],[110.88463,28.071411],[110.869177,28.086718],[110.853927,28.079883],[110.831905,28.089803],[110.818527,28.090893],[110.839413,28.119853],[110.836141,28.123545],[110.828093,28.122327],[110.829178,28.128807],[110.813702,28.14311],[110.843102,28.17402],[110.856531,28.207068],[110.843067,28.208704],[110.843146,28.216528],[110.839586,28.218583],[110.830141,28.212962],[110.821844,28.212522],[110.819074,28.207068],[110.799613,28.216674],[110.794873,28.226594],[110.782877,28.234647],[110.801331,28.256435],[110.79877,28.266144],[110.788033,28.279313],[110.778346,28.281619],[110.768405,28.276315],[110.734562,28.284976],[110.716151,28.304187]]]}},{"type":"Feature","properties":{"id":"cn:430902","name":"资阳区","level":2},"geometry":{"type":"Polygon","coordinates":[[[112.087092,28.643653],[112.093429,28.64618],[112.10046,28.65525],[112.131198,28.652162],[112.139618,28.654359],[112.143715,28.659501],[112.136372,28.664533],[112.145252,28.666736],[112.148751,28.672446],[112.153064,28.670536],[112.159939,28.68258],[112.177058,28.671502],[112.192612,28.675943],[112.202344,28.694202],[112.20967,28.695755],[112.225269,28.708422],[112.226085,28.715677],[112.233855,28.718437],[112.250668,28.720819],[112.254817,28.71842],[112.26882,28.726626],[112.293525,28.706098],[112.302587,28.715157],[112.317517,28.708235],[112.345026,28.716371],[112.374112,28.732798],[112.386466,28.744106],[112.390559,28.763825],[112.401024,28.766523],[112.399133,28.778739],[112.408447,28.777273],[112.414862,28.771275],[112.426565,28.767689],[112.432225,28.771507],[112.444934,28.771695],[112.466492,28.765044],[112.485385,28.782411],[112.49792,28.787219],[112.525237,28.778713],[112.536432,28.786806],[112.546479,28.807937],[112.547433,28.821347],[112.559034,28.82707],[112.566468,28.825044],[112.584223,28.809591],[112.60259,28.803634],[112.60788,28.794992],[112.614459,28.795859],[112.616184,28.782699],[112.612113,28.77338],[112.600733,28.761375],[112.599047,28.744826],[112.5922,28.747564],[112.57521,28.743055],[112.562085,28.734212],[112.546833,28.732923],[112.54961,28.721431],[112.542797,28.715672],[112.529082,28.712873],[112.520921,28.705807],[112.51982,28.681659],[112.515618,28.66876],[112.496104,28.649426],[112.461887,28.647793],[112.422701,28.653055],[112.412717,28.64584],[112.395608,28.619877],[112.345365,28.591651],[112.324305,28.588296],[112.313064,28.589974],[112.308958,28.594796],[112.305182,28.615432],[112.302751,28.619542],[112.295703,28.621553],[112.286224,28.618872],[112.252969,28.591463],[112.233716,28.581061],[112.219792,28.584814],[112.194288,28.603709],[112.183299,28.59876],[112.169983,28.579015],[112.15671,28.582589],[112.145807,28.579959],[112.135408,28.582108],[112.126614,28.588975],[112.120807,28.581993],[112.111788,28.578805],[112.099836,28.585474],[112.093629,28.603655],[112.098334,28.616048],[112.105547,28.621376],[112.105877,28.62515],[112.097317,28.634428],[112.08974,28.635137],[112.087092,28.643653]]]}},{"type":"Feature","properties":{"id":"cn:430903","name":"赫山区","level":2},"geometry":{"type":"Polygon","coordinates":[[[112.190833,28.431946],[112.193264,28.439224],[112.211658,28.450873],[112.217144,28.475388],[112.212517,28.478555],[112.225833,28.50135],[112.232014,28.528925],[112.237257,28.535888],[112.247118,28.539694],[112.246945,28.558527],[112.25118,28.561556],[112.251432,28.573268],[112.254792,28.576949],[112.252969,28.591463],[112.290842,28.620801],[112.302751,28.619542],[112.308958,28.594796],[112.313064,28.589974],[112.324305,28.588296],[112.345365,28.591651],[112.395608,28.619877],[112.412717,28.64584],[112.422701,28.653055],[112.461887,28.647793],[112.493916,28.648964],[112.505062,28.658061],[112.528309,28.643745],[112.538682,28.642786],[112.548699,28.64744],[112.559428,28.631597],[112.568699,28.627228],[112.575166,28.633159],[112.583682,28.632324],[112.579448,28.621993],[112.583232,28.613367],[112.579682,28.608679],[112.584889,28.604103],[112.577432,28.593572],[112.564403,28.583368],[112.556599,28.56881],[112.580531,28.558528],[112.588074,28.5448],[112.604394,28.544288],[112.623977,28.550644],[112.630079,28.562476],[112.643413,28.567697],[112.653274,28.583925],[112.661669,28.58768],[112.669672,28.584587],[112.677606,28.599296],[112.694837,28.603116],[112.713891,28.598715],[112.714056,28.592979],[112.707536,28.591293],[112.710913,28.582491],[112.720644,28.584982],[112.730532,28.571529],[112.720974,28.560499],[112.696225,28.555743],[112.68278,28.547662],[112.679907,28.528801],[112.668279,28.522313],[112.657782,28.504509],[112.655519,28.506869],[112.646357,28.499109],[112.645726,28.491965],[112.649011,28.487957],[112.634455,28.472803],[112.621946,28.471755],[112.618756,28.449021],[112.606792,28.428056],[112.590844,28.420208],[112.587649,28.409009],[112.578916,28.405932],[112.577058,28.402375],[112.573104,28.38587],[112.574992,28.376418],[112.570088,28.372568],[112.569836,28.358113],[112.557006,28.347608],[112.559064,28.336629],[112.567172,28.329969],[112.557519,28.330342],[112.548543,28.322428],[112.530566,28.32782],[112.534558,28.332842],[112.531555,28.335963],[112.520505,28.329373],[112.502545,28.32438],[112.494055,28.330522],[112.497562,28.316846],[112.48133,28.312546],[112.467319,28.320999],[112.460366,28.316127],[112.445565,28.321073],[112.438048,28.32035],[112.435244,28.315433],[112.430384,28.314076],[112.42797,28.32191],[112.422407,28.313168],[112.414609,28.316365],[112.416571,28.307782],[112.404103,28.297932],[112.399071,28.30186],[112.395781,28.297626],[112.381936,28.292558],[112.374227,28.298574],[112.37118,28.291727],[112.364627,28.287606],[112.341415,28.294531],[112.339618,28.29274],[112.343481,28.28508],[112.353619,28.285914],[112.351128,28.280517],[112.34112,28.278043],[112.3273,28.287654],[112.311251,28.287352],[112.309184,28.298722],[112.311849,28.304436],[112.301936,28.321022],[112.304115,28.327838],[112.301849,28.339729],[112.282387,28.347824],[112.278993,28.353129],[112.270477,28.35661],[112.268256,28.361936],[112.277188,28.367912],[112.273941,28.372915],[112.260225,28.373628],[112.258394,28.379761],[112.241094,28.394557],[112.237239,28.394817],[112.230278,28.385182],[112.220061,28.400187],[112.214132,28.396936],[112.212093,28.390992],[112.198151,28.395228],[112.199956,28.405829],[112.207943,28.415024],[112.197899,28.419763],[112.190833,28.431946]]]}},{"type":"Feature","properties":{"id":"cn:430921","name":"南县","level":2},"geometry":{"type":"Polygon","coordinates":[[[112.18204,29.137309],[112.183126,29.147248],[112.195364,29.148852],[112.189861,29.166074],[112.195946,29.182046],[112.230781,29.215968],[112.222856,29.218878],[112.220876,29.231241],[112.223116,29.254523],[112.21783,29.26941],[112.217501,29.288765],[112.20776,29.298839],[112.220979,29.296813],[112.228594,29.301413],[112.236319,29.29666],[112.248611,29.294661],[112.254175,29.296098],[112.258065,29.301461],[112.248157,29.315789],[112.244217,29.327583],[112.247005,29.3547],[112.261007,29.385107],[112.275512,29.397824],[112.27856,29.406188],[112.289401,29.409835],[112.288499,29.429469],[112.294523,29.448997],[112.2879,29.459006],[112.284581,29.483585],[112.277468,29.49753],[112.285101,29.519561],[112.292729,29.519536],[112.310032,29.526861],[112.313004,29.519694],[112.325833,29.512342],[112.318317,29.47987],[112.322552,29.452661],[112.33625,29.446981],[112.345217,29.455634],[112.360399,29.460947],[112.361754,29.442407],[112.382778,29.425102],[112.380808,29.40854],[112.386216,29.398978],[112.434151,29.363194],[112.458508,29.356102],[112.483058,29.343344],[112.493969,29.316586],[112.52172,29.313407],[112.543569,29.304192],[112.552563,29.307702],[112.569064,29.304722],[112.575844,29.308296],[112.588601,29.324203],[112.606374,29.336202],[112.628995,29.338893],[112.647102,29.324329],[112.657945,29.304269],[112.661235,29.303125],[112.66864,29.308982],[112.675229,29.297821],[112.683692,29.298563],[112.694299,29.290207],[112.676599,29.275099],[112.681199,29.265535],[112.689108,29.260167],[112.686991,29.255558],[112.673579,29.247671],[112.673032,29.240813],[112.677355,29.238282],[112.670862,29.227607],[112.67542,29.216929],[112.671843,29.205117],[112.676877,29.195163],[112.687642,29.195465],[112.704013,29.188284],[112.710237,29.190204],[112.718961,29.180504],[112.736309,29.171144],[112.765177,29.177123],[112.789475,29.193982],[112.804785,29.188407],[112.807868,29.181559],[112.792886,29.162698],[112.785512,29.158088],[112.765785,29.158132],[112.756306,29.152429],[112.730471,29.148024],[112.719647,29.126005],[112.711513,29.117197],[112.698597,29.107468],[112.680141,29.099749],[112.65581,29.080248],[112.645411,29.087377],[112.611947,29.085532],[112.611696,29.092326],[112.588292,29.088676],[112.585854,29.09413],[112.564213,29.086999],[112.558093,29.09069],[112.550786,29.105211],[112.556462,29.111516],[112.563169,29.113175],[112.571588,29.160232],[112.563317,29.168484],[112.538002,29.159863],[112.531974,29.168304],[112.438397,29.188778],[112.417587,29.169957],[112.393265,29.181365],[112.384705,29.171971],[112.398968,29.163077],[112.400642,29.15209],[112.392761,29.142025],[112.397031,29.136949],[112.389062,29.123947],[112.388394,29.111198],[112.378499,29.094883],[112.325235,29.051222],[112.312899,29.060113],[112.297969,29.06242],[112.284298,29.060825],[112.272752,29.04831],[112.248663,29.051118],[112.23585,29.070848],[112.239471,29.106292],[112.229289,29.117791],[112.217882,29.121575],[112.208359,29.118458],[112.203013,29.122886],[112.201737,29.130185],[112.18204,29.137309]]]}},{"type":"Feature","properties":{"id":"cn:430922","name":"桃江县","level":2},"geometry":{"type":"Polygon","coordinates":[[[111.601737,28.431793],[111.610729,28.438812],[111.61658,28.451545],[111.662926,28.449665],[111.664471,28.455248],[111.659375,28.459835],[111.641755,28.470121],[111.635296,28.469449],[111.633221,28.473036],[111.635973,28.476443],[111.648047,28.477839],[111.659715,28.484284],[111.653366,28.487558],[111.6532,28.490573],[111.659548,28.495097],[111.657588,28.498528],[111.64744,28.500886],[111.644462,28.510668],[111.646937,28.517264],[111.656667,28.512818],[111.663255,28.51398],[111.669644,28.522903],[111.66671,28.556122],[111.674975,28.562203],[111.675938,28.566428],[111.669332,28.575918],[111.664801,28.590534],[111.668004,28.594837],[111.687205,28.593532],[111.697188,28.602316],[111.701546,28.598301],[111.706294,28.598533],[111.709098,28.605565],[111.717813,28.613125],[111.719124,28.61985],[111.712978,28.637663],[111.722657,28.645813],[111.716901,28.64832],[111.721554,28.653882],[111.738508,28.655296],[111.746866,28.660616],[111.753438,28.656683],[111.76264,28.642288],[111.770591,28.637397],[111.77441,28.638932],[111.777118,28.648312],[111.782257,28.651984],[111.78665,28.645673],[111.806581,28.64373],[111.812362,28.62763],[111.82296,28.619097],[111.831441,28.617648],[111.838551,28.620081],[111.844661,28.636723],[111.849289,28.640386],[111.866224,28.634217],[111.884905,28.641076],[111.895087,28.638897],[111.898872,28.64668],[111.906468,28.647396],[111.912804,28.658816],[111.910547,28.665558],[111.903872,28.668466],[111.904818,28.674898],[111.915999,28.680068],[111.94474,28.678064],[111.975088,28.668605],[111.978898,28.666582],[111.97434,28.662118],[111.975929,28.655608],[111.988029,28.660927],[111.992848,28.650022],[112.008412,28.643954],[112.02579,28.642127],[112.029671,28.644459],[112.035034,28.660853],[112.02138,28.669542],[112.021702,28.674592],[112.045434,28.675519],[112.053021,28.67227],[112.064679,28.675425],[112.071407,28.65921],[112.080096,28.656313],[112.087465,28.645785],[112.08974,28.635137],[112.097317,28.634428],[112.105877,28.62515],[112.105547,28.621376],[112.098334,28.616048],[112.093629,28.603655],[112.099836,28.585474],[112.110495,28.579098],[112.120807,28.581993],[112.126614,28.588975],[112.135408,28.582108],[112.145807,28.579959],[112.15671,28.582589],[112.169983,28.579015],[112.183299,28.59876],[112.194288,28.603709],[112.219792,28.584814],[112.231658,28.581124],[112.252969,28.591463],[112.254792,28.576949],[112.251432,28.573268],[112.25118,28.561556],[112.246945,28.558527],[112.247118,28.539694],[112.237257,28.535888],[112.232014,28.528925],[112.225833,28.50135],[112.212517,28.478555],[112.217144,28.475388],[112.211658,28.450873],[112.194627,28.440398],[112.190955,28.433394],[112.197899,28.419763],[112.207943,28.415024],[112.199956,28.405829],[112.197769,28.396339],[112.212093,28.390992],[112.214132,28.396936],[112.220061,28.400187],[112.230278,28.385182],[112.237239,28.394817],[112.241094,28.394557],[112.258394,28.379761],[112.260225,28.373628],[112.273941,28.372915],[112.277188,28.367912],[112.268256,28.361936],[112.270477,28.35661],[112.278993,28.353129],[112.282387,28.347824],[112.301849,28.339729],[112.304115,28.327838],[112.301936,28.321022],[112.311849,28.304436],[112.309974,28.290093],[112.317274,28.268367],[112.314653,28.265136],[112.300852,28.264667],[112.288559,28.250423],[112.282744,28.257415],[112.27678,28.257229],[112.275104,28.251797],[112.259748,28.239497],[112.250199,28.23683],[112.246163,28.227752],[112.232413,28.213813],[112.222969,28.222197],[112.216015,28.238183],[112.204522,28.24257],[112.189913,28.236537],[112.172326,28.23901],[112.163846,28.248852],[112.140478,28.25775],[112.133333,28.269147],[112.117396,28.26934],[112.108898,28.275105],[112.093299,28.273234],[112.086111,28.267945],[112.076484,28.271059],[112.074897,28.263991],[112.057179,28.256819],[112.024675,28.25535],[112.003099,28.246575],[111.998403,28.239243],[112.001467,28.2293],[111.978819,28.226539],[111.980451,28.240462],[111.965461,28.25492],[111.957197,28.257971],[111.953863,28.267483],[111.96053,28.282173],[111.963299,28.308249],[111.969801,28.31799],[111.968438,28.325319],[111.96349,28.327762],[111.959818,28.335647],[111.950382,28.331526],[111.943438,28.334483],[111.944618,28.340659],[111.939124,28.350945],[111.901545,28.343354],[111.891727,28.35729],[111.895816,28.3642],[111.893429,28.37264],[111.883655,28.379214],[111.878325,28.39016],[111.851068,28.384267],[111.826363,28.38605],[111.808265,28.374386],[111.809166,28.386096],[111.801849,28.38778],[111.806589,28.40138],[111.801346,28.409654],[111.795495,28.403336],[111.776545,28.400808],[111.766919,28.390029],[111.744852,28.37806],[111.724567,28.375598],[111.71467,28.379234],[111.685001,28.370806],[111.673126,28.373595],[111.654211,28.368939],[111.654202,28.3842],[111.66204,28.397375],[111.661337,28.403284],[111.649836,28.401463],[111.6456,28.407906],[111.637795,28.400982],[111.634253,28.404037],[111.60941,28.407943],[111.603299,28.417338],[111.605712,28.425595],[111.601737,28.431793]]]}},{"type":"Feature","properties":{"id":"cn:430923","name":"安化县","level":2},"geometry":{"type":"Polygon","coordinates":[[[110.716151,28.304187],[110.722167,28.312711],[110.731395,28.317703],[110.733365,28.325378],[110.746247,28.335716],[110.752071,28.345068],[110.807095,28.366434],[110.825888,28.379772],[110.830923,28.397346],[110.841409,28.402316],[110.848995,28.401938],[110.85554,28.40954],[110.87574,28.411814],[110.884568,28.408439],[110.926061,28.424815],[110.93541,28.425271],[110.942901,28.431648],[110.964603,28.434633],[110.975062,28.443719],[110.996199,28.443498],[111.002528,28.448895],[111.016755,28.449374],[111.041061,28.462271],[111.06211,28.454305],[111.085496,28.458586],[111.096442,28.469886],[111.103821,28.471292],[111.111129,28.46755],[111.128456,28.476464],[111.139428,28.476915],[111.142363,28.491047],[111.149341,28.501223],[111.146997,28.517957],[111.162163,28.520886],[111.173525,28.51736],[111.179324,28.522069],[111.186754,28.522086],[111.192809,28.529807],[111.210661,28.539738],[111.22323,28.52576],[111.248473,28.534989],[111.252674,28.530591],[111.268507,28.526489],[111.277787,28.52046],[111.310156,28.527681],[111.318577,28.522081],[111.328776,28.523531],[111.333629,28.53107],[111.344062,28.532602],[111.368186,28.554966],[111.377506,28.553686],[111.393559,28.543697],[111.406527,28.55098],[111.427969,28.551171],[111.437647,28.560433],[111.462161,28.560104],[111.485851,28.574891],[111.488602,28.584499],[111.503792,28.588982],[111.533749,28.613085],[111.564851,28.643068],[111.618985,28.62178],[111.632057,28.632155],[111.64184,28.626663],[111.651866,28.629777],[111.657162,28.628182],[111.659054,28.608425],[111.668004,28.594837],[111.665018,28.587808],[111.675833,28.56752],[111.674975,28.562203],[111.66671,28.556122],[111.669714,28.52498],[111.667778,28.517399],[111.657866,28.512732],[111.647839,28.517327],[111.644801,28.515219],[111.64652,28.501849],[111.657588,28.498528],[111.659548,28.495097],[111.6532,28.490573],[111.65527,28.485122],[111.659715,28.484284],[111.648047,28.477839],[111.635973,28.476443],[111.633221,28.473036],[111.635296,28.469449],[111.641755,28.470121],[111.659375,28.459835],[111.664471,28.455248],[111.662926,28.449665],[111.615461,28.451189],[111.611311,28.439599],[111.601737,28.431793],[111.605712,28.425595],[111.603299,28.417338],[111.60941,28.407943],[111.634253,28.404037],[111.637795,28.400982],[111.6456,28.407906],[111.649836,28.401463],[111.661337,28.403284],[111.66204,28.397375],[111.654202,28.3842],[111.654211,28.368939],[111.673126,28.373595],[111.685001,28.370806],[111.71467,28.379234],[111.724567,28.375598],[111.744852,28.37806],[111.766919,28.390029],[111.776545,28.400808],[111.795495,28.403336],[111.801346,28.409654],[111.806589,28.40138],[111.801849,28.38778],[111.809166,28.386096],[111.808265,28.374386],[111.826363,28.38605],[111.851068,28.384267],[111.877153,28.390705],[111.883655,28.379214],[111.893429,28.37264],[111.895816,28.3642],[111.891727,28.35729],[111.901545,28.343354],[111.939124,28.350945],[111.944618,28.340659],[111.943438,28.334483],[111.950382,28.331526],[111.959818,28.335647],[111.96349,28.327762],[111.968438,28.325319],[111.969801,28.31799],[111.963299,28.308249],[111.96053,28.282173],[111.953863,28.267483],[111.957197,28.257971],[111.965461,28.25492],[111.981588,28.237841],[111.978819,28.226539],[111.97053,28.223123],[111.965929,28.215801],[111.956694,28.212346],[111.955686,28.201632],[111.950782,28.196074],[111.933094,28.190029],[111.939506,28.182496],[111.936389,28.175792],[111.92783,28.171685],[111.92711,28.137847],[111.903464,28.119606],[111.893793,28.103353],[111.89645,28.097622],[111.909888,28.086337],[111.908715,28.082884],[111.91487,28.073433],[111.92151,28.070528],[111.906962,28.057405],[111.902648,28.047667],[111.907734,28.031502],[111.897223,28.02553],[111.884358,28.031063],[111.864766,28.030172],[111.852752,28.034417],[111.843803,28.032875],[111.832874,28.023401],[111.817891,28.026033],[111.812232,28.019949],[111.791953,28.010986],[111.791372,27.996048],[111.787526,27.993087],[111.773308,28.000001],[111.773864,28.010424],[111.768307,28.014026],[111.760053,28.009465],[111.744992,28.008864],[111.737812,27.997572],[111.71974,27.986353],[111.708368,27.997488],[111.701867,27.993881],[111.693898,27.997739],[111.681616,27.994573],[111.679427,28.006401],[111.686059,28.012147],[111.678004,28.017934],[111.67855,28.044211],[111.668151,28.040855],[111.659679,28.027917],[111.657032,28.01739],[111.646129,28.020493],[111.647093,28.025232],[111.657414,28.02456],[111.653681,28.030181],[111.646085,28.029721],[111.628881,28.018822],[111.622353,28.022863],[111.615512,28.019675],[111.596347,28.038067],[111.582464,28.027013],[111.585398,28.020721],[111.593455,28.018646],[111.594419,28.013237],[111.587414,28.009988],[111.577177,27.996604],[111.561657,27.990083],[111.545763,27.978341],[111.526613,27.98655],[111.524061,27.989991],[111.532742,27.9969],[111.545571,27.994938],[111.55308,28.00818],[111.551718,28.013844],[111.559329,28.02201],[111.569834,28.022128],[111.570571,28.024779],[111.567742,28.032874],[111.561743,28.03644],[111.538462,28.023858],[111.535259,28.039007],[111.540016,28.046505],[111.538506,28.050993],[111.52907,28.057609],[111.521353,28.053437],[111.514348,28.066071],[111.509209,28.068692],[111.503636,28.064572],[111.501118,28.057421],[111.515381,28.049589],[111.51894,28.033148],[111.513766,28.033504],[111.497282,28.045027],[111.489244,28.041189],[111.485997,28.046831],[111.489183,28.052534],[111.487716,28.078224],[111.505754,28.094979],[111.494842,28.095987],[111.494304,28.104782],[111.476414,28.124937],[111.475199,28.139511],[111.484426,28.151505],[111.485181,28.157882],[111.480147,28.163773],[111.484383,28.17149],[111.484426,28.179984],[111.488784,28.183045],[111.49013,28.1933],[111.48019,28.20649],[111.442569,28.190071],[111.439591,28.194263],[111.44236,28.207331],[111.429149,28.211315],[111.392326,28.183233],[111.38276,28.18097],[111.377222,28.199507],[111.348706,28.202654],[111.336258,28.19641],[111.328568,28.196279],[111.326563,28.199214],[111.331883,28.207665],[111.331216,28.21362],[111.320435,28.229831],[111.308143,28.237611],[111.283985,28.223625],[111.279749,28.21817],[111.27816,28.203848],[111.273629,28.194371],[111.242908,28.16433],[111.226173,28.157127],[111.216651,28.165986],[111.210131,28.162579],[111.181251,28.16456],[111.183603,28.157127],[111.158777,28.132896],[111.155461,28.126079],[111.145184,28.125913],[111.135245,28.106095],[111.132397,28.089172],[111.117796,28.071954],[111.108109,28.066755],[111.11297,28.053354],[111.105974,28.051466],[111.104618,28.045664],[111.095803,28.036368],[111.09708,28.034432],[111.087475,28.02949],[111.092631,28.008623],[111.088352,28.003801],[111.06659,27.997657],[111.055765,28.012692],[111.036226,28.025548],[111.03094,28.036391],[111.024351,28.036473],[111.016765,28.030833],[111.007998,28.032259],[111.016764,28.044841],[110.988197,28.057276],[110.967234,28.057444],[110.964039,28.070414],[110.956028,28.060053],[110.947225,28.059835],[110.950732,28.054243],[110.938046,28.041871],[110.933128,28.022025],[110.920862,28.024855],[110.922772,28.020033],[110.917173,28.017464],[110.920046,28.007995],[110.912017,28.01022],[110.916878,28.003256],[110.892747,28.002082],[110.884708,28.004515],[110.873285,28.016604],[110.865038,28.015001],[110.860976,28.018229],[110.861558,28.028976],[110.867937,28.040185],[110.879213,28.05453],[110.89121,28.06168],[110.88463,28.071411],[110.869177,28.086718],[110.853927,28.079883],[110.831905,28.089803],[110.818527,28.090893],[110.839413,28.119853],[110.836141,28.123545],[110.828093,28.122327],[110.829178,28.128807],[110.813702,28.14311],[110.843102,28.17402],[110.856531,28.207068],[110.843067,28.208704],[110.843146,28.216528],[110.839586,28.218583],[110.830141,28.212962],[110.821844,28.212522],[110.819074,28.207068],[110.799613,28.216674],[110.794873,28.226594],[110.782877,28.234647],[110.801331,28.256435],[110.79877,28.266144],[110.788033,28.279313],[110.778346,28.281619],[110.768405,28.276315],[110.734562,28.284976],[110.716151,28.304187]]]}},{"type":"Feature","properties":{"id":"cn:430981","name":"沅江市","level":2},"geometry":{"type":"Polygon","coordinates":[[[112.241302,28.983848],[112.248663,29.051118],[112.272752,29.04831],[112.284298,29.060825],[112.297969,29.06242],[112.312899,29.060113],[112.326493,29.051474],[112.378499,29.094883],[112.388394,29.111198],[112.389062,29.123947],[112.397031,29.136949],[112.392761,29.142025],[112.400642,29.155782],[112.398968,29.163077],[112.38454,29.173145],[112.396277,29.181869],[112.417587,29.169957],[112.436306,29.188651],[112.531974,29.168304],[112.538002,29.159863],[112.563317,29.168484],[112.571588,29.160232],[112.563169,29.113175],[112.556462,29.111516],[112.550786,29.105211],[112.558093,29.09069],[112.564213,29.086999],[112.585854,29.09413],[112.588292,29.088676],[112.611696,29.092326],[112.611947,29.085532],[112.645411,29.087377],[112.65581,29.080248],[112.680141,29.099749],[112.698597,29.107468],[112.711513,29.117197],[112.719647,29.126005],[112.730471,29.148024],[112.756306,29.152429],[112.765785,29.158132],[112.785512,29.158088],[112.792886,29.162698],[112.807286,29.155303],[112.876115,29.165797],[112.919734,29.152049],[112.924396,29.100073],[112.933676,29.076327],[112.933528,29.068628],[112.943849,29.063867],[112.922443,29.026191],[112.885918,29.002529],[112.870612,28.987237],[112.86694,28.966148],[112.84247,28.9387],[112.791862,28.91677],[112.775395,28.913899],[112.767583,28.905822],[112.729396,28.889278],[112.67968,28.882929],[112.671934,28.874428],[112.662894,28.853667],[112.653928,28.841946],[112.659483,28.824283],[112.667195,28.816305],[112.666359,28.803623],[112.670006,28.800474],[112.66732,28.795263],[112.65648,28.792262],[112.648184,28.794988],[112.642469,28.791644],[112.636377,28.792768],[112.616184,28.782699],[112.613896,28.79642],[112.60788,28.794992],[112.60259,28.803634],[112.584223,28.809591],[112.566468,28.825044],[112.559034,28.82707],[112.547433,28.821347],[112.545336,28.805019],[112.536432,28.786806],[112.528389,28.78021],[112.521822,28.778742],[112.49792,28.787219],[112.485385,28.782411],[112.466492,28.765044],[112.444934,28.771695],[112.432225,28.771507],[112.426565,28.767689],[112.414862,28.771275],[112.408447,28.777273],[112.398125,28.778404],[112.401024,28.766523],[112.390559,28.763825],[112.391001,28.757896],[112.386676,28.754222],[112.387454,28.74585],[112.376902,28.734717],[112.345026,28.716371],[112.317517,28.708235],[112.302587,28.715157],[112.293525,28.706098],[112.26882,28.726626],[112.27763,28.731608],[112.276172,28.776669],[112.277839,28.780046],[112.292431,28.786287],[112.297986,28.795621],[112.300764,28.803325],[112.300156,28.822811],[112.299063,28.826111],[112.270851,28.84384],[112.251424,28.864566],[112.253065,28.9039],[112.256164,28.911198],[112.251754,28.970772],[112.241302,28.983848]]]}},{"type":"Feature","properties":{"id":"cn:4310","name":"郴州市","level":1},"geometry":{"type":"Polygon","coordinates":[[[112.224303,26.115087],[112.226395,26.120557],[112.242368,26.130792],[112.244459,26.126076],[112.251361,26.126076],[112.25215,26.133291],[112.261578,26.134407],[112.281127,26.147543],[112.286188,26.146147],[112.285771,26.137988],[112.290362,26.141236],[112.292584,26.1364],[112.298835,26.136108],[112.306431,26.15218],[112.304989,26.161788],[112.310189,26.165095],[112.321587,26.1643],[112.323635,26.168066],[112.332307,26.170731],[112.351509,26.164452],[112.357186,26.18233],[112.369503,26.193684],[112.371717,26.204652],[112.377558,26.210038],[112.382237,26.206472],[112.389503,26.189298],[112.400197,26.18791],[112.421802,26.193159],[112.425049,26.187175],[112.433139,26.18536],[112.439059,26.179057],[112.44701,26.184058],[112.472279,26.180111],[112.479623,26.171181],[112.47655,26.16227],[112.481663,26.154354],[112.502436,26.162876],[112.502896,26.147135],[112.507566,26.138831],[112.519146,26.140796],[112.523815,26.150927],[112.549605,26.150666],[112.564076,26.163227],[112.567253,26.163459],[112.570977,26.157564],[112.575352,26.158024],[112.576854,26.162689],[112.571046,26.171788],[112.572548,26.183257],[112.56741,26.199154],[112.575378,26.212459],[112.575873,26.222561],[112.594441,26.223336],[112.59977,26.216645],[112.60379,26.201927],[112.620135,26.193103],[112.628469,26.166701],[112.625483,26.153472],[112.635864,26.136671],[112.649005,26.132645],[112.665084,26.132904],[112.652971,26.118351],[112.63742,26.113193],[112.637086,26.109386],[112.64968,26.104415],[112.656897,26.107381],[112.660074,26.113188],[112.668534,26.11436],[112.671769,26.130604],[112.681116,26.127151],[112.680812,26.118958],[112.683243,26.117518],[112.702366,26.125725],[112.707983,26.137697],[112.712835,26.135132],[112.715005,26.12875],[112.719067,26.130078],[112.729658,26.137819],[112.736498,26.148796],[112.740803,26.147038],[112.741993,26.137204],[112.750152,26.133079],[112.755352,26.138535],[112.753347,26.153105],[112.759701,26.154634],[112.762948,26.148776],[112.767609,26.147916],[112.776741,26.149307],[112.777019,26.165905],[112.786003,26.169583],[112.787661,26.174208],[112.769944,26.183325],[112.780621,26.200313],[112.786333,26.196549],[112.784449,26.183145],[112.790221,26.183409],[112.800829,26.19553],[112.813183,26.190006],[112.814865,26.163012],[112.82319,26.163598],[112.833268,26.15913],[112.841159,26.161664],[112.852634,26.157587],[112.864779,26.159236],[112.870586,26.153244],[112.885832,26.159987],[112.898381,26.151908],[112.905604,26.153937],[112.915763,26.161392],[112.91741,26.180321],[112.932062,26.177118],[112.941159,26.169918],[112.943425,26.164221],[112.965985,26.15709],[112.979162,26.159915],[112.989457,26.166061],[113.006983,26.158845],[113.020396,26.169008],[113.024206,26.17667],[113.029327,26.175177],[113.0324,26.198357],[113.029345,26.209837],[113.034293,26.216796],[113.020196,26.242053],[113.020311,26.248528],[113.026526,26.25525],[113.034383,26.258233],[113.039652,26.257739],[113.046405,26.251671],[113.062465,26.256087],[113.067829,26.251693],[113.084487,26.251572],[113.080546,26.274354],[113.092585,26.2914],[113.09782,26.29371],[113.111335,26.290456],[113.11348,26.296173],[113.121293,26.294566],[113.120867,26.303566],[113.12493,26.309724],[113.121613,26.316741],[113.132846,26.327659],[113.148006,26.326392],[113.152655,26.329855],[113.157022,26.327529],[113.16716,26.330543],[113.159113,26.347742],[113.163228,26.35235],[113.150884,26.365686],[113.15164,26.371582],[113.162212,26.379751],[113.154192,26.393397],[113.157898,26.412816],[113.166205,26.415378],[113.173419,26.40824],[113.179825,26.407109],[113.206622,26.428604],[113.206084,26.436467],[113.18637,26.450254],[113.198861,26.465412],[113.204512,26.468537],[113.211805,26.466108],[113.219217,26.469028],[113.223167,26.477226],[113.222351,26.489859],[113.208748,26.505845],[113.204,26.508461],[113.18558,26.508211],[113.183409,26.51436],[113.173739,26.52269],[113.165979,26.524528],[113.153513,26.540272],[113.154859,26.547482],[113.173478,26.567779],[113.173574,26.581826],[113.180917,26.607502],[113.173669,26.636154],[113.182506,26.665822],[113.176169,26.684324],[113.177323,26.691136],[113.168469,26.693269],[113.155179,26.691197],[113.146551,26.703816],[113.130119,26.714204],[113.128946,26.718108],[113.133434,26.721224],[113.132245,26.723241],[113.114346,26.728135],[113.117045,26.736252],[113.125656,26.741342],[113.125404,26.746928],[113.111429,26.74598],[113.106012,26.757539],[113.096195,26.756495],[113.089823,26.763165],[113.09149,26.78487],[113.127908,26.790882],[113.145395,26.798088],[113.138894,26.805706],[113.137271,26.829924],[113.139458,26.839286],[113.147418,26.840839],[113.152253,26.837734],[113.154788,26.830836],[113.168686,26.828672],[113.200144,26.833611],[113.20069,26.828882],[113.218087,26.824326],[113.219015,26.817826],[113.23247,26.808623],[113.252919,26.818905],[113.254196,26.831215],[113.274066,26.829907],[113.268197,26.816461],[113.280428,26.798481],[113.272494,26.781115],[113.282884,26.772967],[113.297502,26.773273],[113.313351,26.804286],[113.316181,26.803758],[113.320611,26.810911],[113.332433,26.813583],[113.366547,26.801163],[113.378649,26.80034],[113.388509,26.808034],[113.398926,26.800855],[113.406912,26.785838],[113.422347,26.77303],[113.398972,26.715795],[113.394987,26.710203],[113.379723,26.704977],[113.37546,26.699566],[113.386416,26.678163],[113.394098,26.669834],[113.395202,26.661474],[113.401904,26.658446],[113.411426,26.644558],[113.412269,26.632606],[113.406496,26.623488],[113.405575,26.613394],[113.3945,26.608469],[113.393345,26.600215],[113.408813,26.590621],[113.422666,26.572267],[113.421461,26.563607],[113.427312,26.561472],[113.468041,26.564208],[113.481764,26.574608],[113.490168,26.587598],[113.503613,26.596161],[113.507152,26.60327],[113.539429,26.594803],[113.549568,26.588937],[113.556834,26.578741],[113.553335,26.553064],[113.565434,26.525185],[113.569852,26.522102],[113.585704,26.524304],[113.583229,26.515303],[113.59173,26.515796],[113.59831,26.511273],[113.591322,26.488081],[113.591513,26.478861],[113.5837,26.470695],[113.597954,26.45191],[113.60423,26.429554],[113.602416,26.422642],[113.577893,26.398194],[113.577521,26.376048],[113.587208,26.363746],[113.594899,26.327723],[113.611756,26.311782],[113.609933,26.282422],[113.638823,26.271443],[113.652563,26.27382],[113.672954,26.250657],[113.703092,26.23739],[113.722241,26.223349],[113.733317,26.186449],[113.731113,26.162592],[113.721781,26.140211],[113.694732,26.124732],[113.68791,26.099099],[113.703699,26.069029],[113.731034,26.044307],[113.745314,26.0448],[113.773231,26.066687],[113.776971,26.073649],[113.775383,26.09693],[113.786243,26.10756],[113.798048,26.105797],[113.808733,26.087215],[113.819489,26.087392],[113.839845,26.09904],[113.844402,26.110916],[113.85507,26.122707],[113.891337,26.138937],[113.8977,26.151477],[113.909376,26.162195],[113.911841,26.174762],[113.925113,26.1762],[113.94099,26.187942],[113.946667,26.181279],[113.946503,26.175324],[113.939393,26.167169],[113.952483,26.155254],[113.957535,26.154213],[113.968638,26.159007],[113.980269,26.169701],[113.986901,26.17111],[114.000573,26.183945],[114.003447,26.182817],[114.008116,26.187316],[114.022604,26.183243],[114.029028,26.191619],[114.036771,26.186626],[114.035626,26.180558],[114.05125,26.183379],[114.055008,26.168462],[114.069315,26.174861],[114.075564,26.171102],[114.083203,26.171493],[114.088647,26.179474],[114.094985,26.181496],[114.094941,26.187735],[114.099793,26.192174],[114.176078,26.217701],[114.181408,26.200345],[114.211669,26.206384],[114.216017,26.193343],[114.22731,26.184686],[114.213361,26.171746],[114.21429,26.167191],[114.220279,26.162896],[114.230609,26.163311],[114.232424,26.157132],[114.183717,26.124453],[114.165826,26.12637],[114.139463,26.11442],[114.103387,26.103319],[114.100314,26.10065],[114.102119,26.098178],[114.113604,26.092919],[114.115662,26.088918],[114.101547,26.072462],[114.094671,26.074832],[114.080217,26.069353],[114.064479,26.081588],[114.038481,26.079766],[114.04073,26.073926],[114.030833,26.06484],[114.031285,26.049883],[114.022807,26.034273],[114.00322,26.018802],[114.00382,26.007322],[114.012327,25.996031],[114.021762,25.994573],[114.022838,25.988203],[114.013742,25.970674],[114.018012,25.962105],[114.016285,25.954685],[114.022743,25.952264],[114.021207,25.947194],[114.02612,25.944978],[114.016562,25.922253],[114.019957,25.914464],[114.017136,25.907639],[114.023021,25.896331],[114.008707,25.888653],[114.005035,25.874132],[113.986138,25.863639],[113.964948,25.837073],[113.966173,25.817856],[113.955573,25.800007],[113.953655,25.788592],[113.956589,25.780406],[113.941771,25.764462],[113.915356,25.744358],[113.909211,25.731819],[113.913204,25.720582],[113.908951,25.702331],[113.92159,25.688612],[113.926606,25.668056],[113.934827,25.662525],[113.938169,25.645779],[113.946173,25.640623],[113.945296,25.624838],[113.952023,25.614935],[113.977301,25.605187],[113.974341,25.576239],[113.988116,25.566259],[113.97895,25.541547],[113.982544,25.53339],[113.957761,25.531229],[113.948212,25.508028],[113.939861,25.500892],[113.951129,25.502676],[113.946971,25.48997],[113.953924,25.487948],[113.94632,25.473864],[113.935096,25.46431],[113.938429,25.441858],[113.933369,25.439966],[113.921494,25.445191],[113.909454,25.445893],[113.907987,25.44168],[113.898638,25.444003],[113.881789,25.439642],[113.879263,25.436031],[113.881563,25.429163],[113.877917,25.425255],[113.887449,25.415855],[113.87713,25.411487],[113.878797,25.400639],[113.87226,25.391133],[113.872885,25.384664],[113.855828,25.372305],[113.842147,25.370604],[113.83457,25.36642],[113.828241,25.356908],[113.827608,25.346819],[113.81792,25.334836],[113.809717,25.331603],[113.796887,25.33198],[113.774882,25.336924],[113.752746,25.332813],[113.751193,25.335672],[113.758806,25.336433],[113.758788,25.341075],[113.753059,25.346613],[113.748085,25.36548],[113.742686,25.368495],[113.735211,25.362991],[113.731843,25.351397],[113.71884,25.362047],[113.712173,25.35978],[113.701228,25.363766],[113.705663,25.357225],[113.683241,25.355927],[113.678927,25.349103],[113.679951,25.343267],[113.6749,25.337414],[113.658388,25.340673],[113.654679,25.333954],[113.64718,25.329996],[113.640616,25.329357],[113.634695,25.333814],[113.630528,25.331098],[113.623588,25.333151],[113.618144,25.328189],[113.605775,25.33027],[113.603857,25.324791],[113.589934,25.320395],[113.577226,25.30928],[113.574534,25.319643],[113.578085,25.334882],[113.576184,25.345732],[113.549231,25.354834],[113.546106,25.361631],[113.54062,25.363113],[113.537842,25.37063],[113.530733,25.371433],[113.517035,25.356307],[113.509648,25.363534],[113.513527,25.373184],[113.499943,25.377609],[113.489005,25.375496],[113.478259,25.379087],[113.46713,25.368782],[113.456809,25.372572],[113.444205,25.362254],[113.440203,25.362247],[113.42207,25.375917],[113.41845,25.395349],[113.412747,25.401233],[113.401375,25.404064],[113.390012,25.399656],[113.382625,25.406496],[113.368944,25.403795],[113.361278,25.433881],[113.3541,25.441105],[113.347156,25.439555],[113.334473,25.452668],[113.320575,25.452826],[113.30838,25.445736],[113.310402,25.470327],[113.303623,25.483842],[113.305801,25.49329],[113.291305,25.511245],[113.30015,25.514696],[113.297816,25.518694],[113.286218,25.519237],[113.283284,25.512244],[113.286279,25.50377],[113.278424,25.49706],[113.272156,25.500567],[113.27305,25.504449],[113.263917,25.508145],[113.255315,25.502348],[113.240496,25.518526],[113.223865,25.513897],[113.205159,25.499538],[113.203717,25.491645],[113.19528,25.482216],[113.174187,25.474001],[113.166687,25.478632],[113.160948,25.493411],[113.146374,25.494963],[113.144282,25.479271],[113.138189,25.480285],[113.134811,25.47499],[113.145593,25.476272],[113.148249,25.473047],[113.124664,25.468533],[113.116357,25.456252],[113.119056,25.453652],[113.122415,25.458794],[113.122303,25.452392],[113.112755,25.449968],[113.121764,25.439158],[113.125897,25.417444],[113.122746,25.4159],[113.108744,25.423253],[113.100385,25.423862],[113.08673,25.420152],[113.085455,25.417451],[113.091218,25.413392],[113.084778,25.409442],[113.083102,25.399199],[113.074995,25.393615],[113.074509,25.386021],[113.05898,25.3845],[113.036063,25.368751],[113.030247,25.370018],[113.028493,25.364185],[113.024257,25.36401],[113.01819,25.348749],[113.013051,25.348984],[113.003789,25.355707],[112.99003,25.351831],[112.981219,25.356965],[112.962816,25.35279],[112.958086,25.343673],[112.94589,25.340448],[112.939856,25.329346],[112.92766,25.327369],[112.922626,25.302927],[112.918971,25.299598],[112.90799,25.302907],[112.895395,25.314366],[112.888624,25.342007],[112.885959,25.342885],[112.880343,25.335867],[112.872495,25.336758],[112.867157,25.330444],[112.852131,25.339822],[112.847252,25.339372],[112.848503,25.329943],[112.853564,25.323213],[112.849692,25.314839],[112.853086,25.304075],[112.851237,25.293207],[112.858277,25.288354],[112.861236,25.279574],[112.868745,25.2773],[112.860684,25.262797],[112.863129,25.251796],[112.875759,25.252643],[112.886532,25.249199],[112.896228,25.240718],[112.905551,25.24817],[112.918806,25.251681],[112.921472,25.246835],[112.926775,25.245414],[112.928884,25.253392],[112.946609,25.248727],[112.94891,25.255859],[112.95312,25.257343],[112.960611,25.252258],[112.967461,25.254158],[112.974596,25.247994],[112.987183,25.25009],[112.993615,25.246924],[112.993398,25.239856],[113.001236,25.23432],[113.010169,25.216251],[113.015238,25.212653],[113.024274,25.213278],[113.028953,25.204155],[113.025004,25.19726],[113.003155,25.192946],[112.993536,25.184307],[112.969023,25.171188],[112.96273,25.144567],[112.967512,25.13506],[112.981463,25.122135],[112.985776,25.112345],[112.994214,25.105918],[112.999127,25.092017],[113.012994,25.085941],[112.996638,25.073983],[112.99434,25.065249],[112.997025,25.061071],[112.99183,25.05183],[112.985892,25.050092],[112.97411,25.036829],[112.973144,25.029412],[112.986697,25.02085],[112.98474,24.998608],[112.989325,24.998977],[112.990891,24.994453],[112.996889,24.993741],[112.99822,24.985445],[113.003859,24.982566],[113.003077,24.964813],[112.9974,24.959976],[113.006653,24.949856],[112.986324,24.941367],[112.989448,24.930266],[112.978308,24.92385],[112.963225,24.921924],[112.953545,24.926464],[112.935551,24.918938],[112.930065,24.924261],[112.917704,24.921912],[112.899223,24.924882],[112.874145,24.910833],[112.867713,24.899344],[112.838763,24.900345],[112.828511,24.896093],[112.819267,24.897758],[112.798528,24.893452],[112.784266,24.894895],[112.775412,24.90019],[112.781402,24.914161],[112.776914,24.925596],[112.779345,24.939538],[112.776558,24.94735],[112.768129,24.952838],[112.738476,24.961454],[112.736879,24.980342],[112.740195,24.98571],[112.736541,25.001447],[112.729674,25.003228],[112.728363,25.009708],[112.71957,25.013725],[112.70984,25.028929],[112.71398,25.056554],[112.708408,25.085093],[112.69345,25.091347],[112.689978,25.098439],[112.674536,25.112847],[112.663702,25.116905],[112.662704,25.125119],[112.654632,25.13575],[112.640959,25.136968],[112.636507,25.141321],[112.625595,25.144025],[112.61971,25.137102],[112.607635,25.136234],[112.591429,25.129294],[112.557548,25.127499],[112.531819,25.137181],[112.502418,25.139574],[112.494892,25.148468],[112.485691,25.147283],[112.473981,25.153756],[112.452835,25.154809],[112.446993,25.163646],[112.449397,25.176219],[112.439423,25.188475],[112.425231,25.177925],[112.421706,25.161021],[112.410624,25.146641],[112.406387,25.143054],[112.397134,25.142554],[112.38709,25.147956],[112.3819,25.154846],[112.386838,25.165467],[112.369087,25.178728],[112.365415,25.189792],[112.358731,25.194411],[112.356136,25.212736],[112.36262,25.225521],[112.362681,25.235397],[112.352161,25.246976],[112.355042,25.261244],[112.349964,25.266685],[112.352139,25.281342],[112.339452,25.287401],[112.339739,25.29199],[112.356752,25.300875],[112.369427,25.303492],[112.380581,25.315823],[112.397655,25.322974],[112.414497,25.341728],[112.427373,25.37108],[112.43899,25.36543],[112.447088,25.36821],[112.452757,25.381044],[112.449736,25.383815],[112.428141,25.383424],[112.415846,25.39628],[112.420946,25.401183],[112.436121,25.4022],[112.436188,25.407358],[112.415136,25.43819],[112.406299,25.443285],[112.397505,25.454579],[112.38661,25.460572],[112.3932,25.474379],[112.392504,25.479561],[112.386515,25.493653],[112.365213,25.51792],[112.367623,25.520567],[112.36354,25.524496],[112.366912,25.532776],[112.364424,25.542154],[112.352355,25.544416],[112.337447,25.540518],[112.336332,25.533153],[112.326436,25.533172],[112.316935,25.528601],[112.319007,25.530879],[112.3134,25.542045],[112.314384,25.545753],[112.305422,25.553794],[112.291574,25.551714],[112.280446,25.558644],[112.264968,25.557784],[112.245653,25.561911],[112.240932,25.570501],[112.252347,25.575946],[112.255168,25.585251],[112.2416,25.589654],[112.233084,25.602573],[112.244146,25.624084],[112.242293,25.632267],[112.250422,25.634269],[112.253173,25.643218],[112.250804,25.644599],[112.25265,25.646788],[112.246699,25.647474],[112.251076,25.65256],[112.250335,25.65737],[112.240288,25.675029],[112.237708,25.687806],[112.246576,25.692079],[112.238114,25.694419],[112.239699,25.705095],[112.272769,25.714154],[112.287129,25.731375],[112.301182,25.732705],[112.311608,25.726182],[112.316035,25.701359],[112.330983,25.693721],[112.334794,25.694621],[112.346608,25.715244],[112.377996,25.733411],[112.386547,25.743128],[112.371599,25.75468],[112.371513,25.763341],[112.381321,25.792202],[112.381607,25.808112],[112.371555,25.80655],[112.356213,25.811991],[112.360097,25.816966],[112.351607,25.821168],[112.35438,25.83073],[112.346022,25.837733],[112.346831,25.839811],[112.356077,25.837022],[112.374992,25.840167],[112.381495,25.84914],[112.379835,25.854963],[112.382847,25.861098],[112.377778,25.86376],[112.372149,25.862352],[112.365105,25.871567],[112.354071,25.897337],[112.354905,25.908817],[112.351614,25.911816],[112.344227,25.90955],[112.331381,25.888703],[112.29948,25.893857],[112.28329,25.889353],[112.278247,25.894198],[112.278233,25.890732],[112.266745,25.889414],[112.260417,25.893339],[112.2625,25.903439],[112.291432,25.934565],[112.311579,25.941375],[112.306328,25.958621],[112.299088,25.957067],[112.292065,25.96217],[112.293933,25.965611],[112.303551,25.961889],[112.306116,25.965502],[112.295646,25.967163],[112.295606,25.971146],[112.287617,25.977415],[112.291182,25.976664],[112.296831,25.989432],[112.294049,25.995898],[112.28942,25.998066],[112.296146,26.00813],[112.293661,26.013885],[112.301373,26.020163],[112.298115,26.021712],[112.304541,26.027183],[112.302493,26.021833],[112.3063,26.019595],[112.323116,26.042149],[112.331171,26.075599],[112.31637,26.096914],[112.309859,26.101552],[112.304391,26.102199],[112.292177,26.093596],[112.286249,26.103166],[112.278731,26.105634],[112.265762,26.092274],[112.256483,26.096091],[112.246326,26.092804],[112.229824,26.100935],[112.224303,26.115087]]]}},{"type":"Feature","properties":{"id":"cn:431002","name":"北湖区","level":2},"geometry":{"type":"Polygon","coordinates":[[[112.691846,25.547902],[112.701064,25.56487],[112.728304,25.592733],[112.753902,25.597635],[112.762245,25.5878],[112.762714,25.578522],[112.756846,25.560936],[112.757793,25.54787],[112.764591,25.54714],[112.772928,25.55159],[112.777796,25.542928],[112.783617,25.55035],[112.794227,25.550684],[112.788761,25.53965],[112.793728,25.537739],[112.803798,25.542888],[112.799776,25.553576],[112.786371,25.557255],[112.785695,25.559854],[112.793558,25.562472],[112.801682,25.578714],[112.806393,25.573198],[112.803099,25.564359],[112.811472,25.564995],[112.814402,25.579706],[112.823729,25.593195],[112.809666,25.605579],[112.807453,25.615632],[112.797765,25.624028],[112.77129,25.623178],[112.766585,25.6203],[112.756081,25.625408],[112.753026,25.653093],[112.758313,25.663575],[112.769293,25.671031],[112.773989,25.670855],[112.785735,25.645168],[112.798824,25.634538],[112.805873,25.642699],[112.807426,25.664181],[112.814792,25.663598],[112.813031,25.649287],[112.815366,25.646484],[112.821261,25.659037],[112.824509,25.65819],[112.826912,25.650572],[112.831344,25.649642],[112.848472,25.66249],[112.847708,25.672976],[112.842363,25.672305],[112.836019,25.664594],[112.833299,25.666038],[112.836785,25.671032],[112.828617,25.674896],[112.83374,25.680338],[112.841516,25.679905],[112.849081,25.685048],[112.854674,25.682425],[112.855019,25.685644],[112.817617,25.707995],[112.815143,25.715803],[112.799588,25.705028],[112.791429,25.716714],[112.795239,25.730394],[112.810447,25.745514],[112.813391,25.754588],[112.811298,25.762501],[112.83464,25.765098],[112.841628,25.769793],[112.842262,25.779631],[112.827895,25.794798],[112.835881,25.802348],[112.836254,25.818854],[112.84201,25.829481],[112.867965,25.867354],[112.889143,25.879905],[112.902744,25.87461],[112.901668,25.880054],[112.907503,25.879409],[112.9091,25.872662],[112.915924,25.869031],[112.910823,25.855922],[112.904261,25.853005],[112.907259,25.850521],[112.901801,25.8408],[112.908216,25.826937],[112.906165,25.811743],[112.911142,25.810084],[112.917657,25.817713],[112.924139,25.811674],[112.932626,25.80938],[112.942784,25.818679],[112.942809,25.825892],[112.959362,25.830468],[112.963004,25.836042],[112.968709,25.834759],[112.97723,25.840006],[112.979759,25.84463],[112.978839,25.856734],[112.974267,25.861774],[112.977933,25.866326],[112.976474,25.869358],[112.984565,25.867319],[112.992148,25.858921],[112.99804,25.858158],[113.003349,25.864973],[113.008609,25.866226],[113.011446,25.876488],[113.020083,25.875204],[113.025347,25.879268],[113.028988,25.874136],[113.02452,25.856528],[113.027312,25.853681],[113.015604,25.836966],[113.03472,25.798056],[113.027689,25.79729],[113.03138,25.793722],[113.031061,25.790862],[113.02721,25.790548],[113.031257,25.782099],[113.028936,25.772197],[113.036096,25.770252],[113.042104,25.779906],[113.046281,25.781534],[113.051269,25.777097],[113.050709,25.769825],[113.05545,25.771797],[113.070856,25.767807],[113.065458,25.759219],[113.07157,25.745523],[113.078245,25.739908],[113.073318,25.734714],[113.066761,25.736973],[113.061707,25.734473],[113.034043,25.744212],[113.029208,25.738683],[113.013298,25.733958],[113.005927,25.728501],[112.988303,25.702021],[112.990744,25.691061],[112.999094,25.67933],[113.015594,25.669174],[113.015864,25.655062],[112.989117,25.65424],[112.987936,25.64425],[112.978462,25.639088],[112.974162,25.629677],[112.964741,25.62252],[112.949663,25.620589],[112.944705,25.615957],[112.931848,25.612415],[112.930426,25.602849],[112.937017,25.592065],[112.928859,25.584237],[112.932587,25.56889],[112.928701,25.563804],[112.926522,25.543896],[112.919298,25.541384],[112.928165,25.53034],[112.920154,25.526152],[112.915954,25.517044],[112.925836,25.506179],[112.936062,25.509037],[112.933192,25.500637],[112.934753,25.491035],[112.926946,25.488026],[112.922373,25.495538],[112.907669,25.49008],[112.885413,25.476004],[112.879501,25.460338],[112.851055,25.44299],[112.83043,25.442456],[112.807279,25.435636],[112.779554,25.435311],[112.776857,25.439593],[112.780505,25.443339],[112.779877,25.45593],[112.785297,25.472775],[112.776596,25.483246],[112.779912,25.494957],[112.755517,25.494583],[112.751473,25.499452],[112.718912,25.496993],[112.71603,25.505506],[112.720674,25.523211],[112.719788,25.531606],[112.712982,25.537538],[112.694598,25.541999],[112.691846,25.547902]]]}},{"type":"Feature","properties":{"id":"cn:431003","name":"苏仙区","level":2},"geometry":{"type":"Polygon","coordinates":[[[112.901801,25.8408],[112.907259,25.850521],[112.904261,25.853005],[112.910823,25.855922],[112.915924,25.869031],[112.9091,25.872662],[112.905012,25.882535],[112.909892,25.900229],[112.902705,25.907247],[112.910188,25.912609],[112.910377,25.928875],[112.917913,25.933256],[112.917614,25.938212],[112.920225,25.937204],[112.923561,25.941841],[112.930759,25.940543],[112.922071,25.94909],[112.930934,25.957199],[112.930947,25.96164],[112.924013,25.961309],[112.92033,25.965815],[112.929741,25.968517],[112.928422,25.973423],[112.919957,25.981132],[112.911653,25.979655],[112.908008,25.989811],[112.912357,26.004902],[112.925108,26.018685],[112.956586,26.023388],[112.968902,26.032925],[112.986341,26.026701],[112.993528,26.034598],[113.008155,26.034158],[113.020516,26.020976],[113.025916,26.021328],[113.03654,26.028081],[113.044232,26.02855],[113.04865,26.033782],[113.050629,26.052059],[113.068329,26.05621],[113.075632,26.053538],[113.074811,26.047759],[113.076664,26.051214],[113.078243,26.048626],[113.083645,26.051586],[113.082996,26.045373],[113.085186,26.04904],[113.095015,26.036915],[113.09934,26.040742],[113.107681,26.035968],[113.111559,26.01287],[113.126951,26.011467],[113.122987,26.009129],[113.1235,26.001572],[113.110735,26.002957],[113.11391,25.995429],[113.106862,25.994548],[113.103913,25.987354],[113.112877,25.990464],[113.11766,25.986776],[113.125999,25.991023],[113.122862,25.983915],[113.126294,25.983688],[113.126138,25.978715],[113.136637,25.977102],[113.140744,25.971646],[113.145319,25.976701],[113.154319,25.975065],[113.148596,25.967024],[113.16062,25.967008],[113.169006,25.970806],[113.193376,25.968559],[113.194293,25.964376],[113.185021,25.957957],[113.183124,25.949825],[113.193887,25.95204],[113.19842,25.949436],[113.235593,25.897961],[113.24246,25.894674],[113.239057,25.889506],[113.245871,25.882314],[113.254326,25.862761],[113.253562,25.850929],[113.263189,25.842913],[113.261548,25.830758],[113.266244,25.824093],[113.265246,25.81285],[113.271939,25.799639],[113.266418,25.790333],[113.267417,25.780936],[113.246163,25.753931],[113.248512,25.747453],[113.257821,25.74195],[113.257537,25.726608],[113.252421,25.721559],[113.246316,25.720782],[113.241394,25.726885],[113.238082,25.723444],[113.240186,25.717575],[113.251505,25.712669],[113.247572,25.698527],[113.230689,25.692155],[113.210689,25.662253],[113.204013,25.639683],[113.189247,25.611433],[113.182893,25.580692],[113.167216,25.579342],[113.149022,25.589219],[113.119951,25.598456],[113.105975,25.577728],[113.090811,25.564716],[113.087937,25.551097],[113.081427,25.545999],[113.066384,25.545593],[113.046652,25.550094],[113.012799,25.543536],[112.996497,25.530901],[112.980828,25.528567],[112.966413,25.519618],[112.925836,25.506179],[112.915954,25.517044],[112.920154,25.526152],[112.928165,25.53034],[112.919298,25.541384],[112.926522,25.543896],[112.928701,25.563804],[112.932587,25.56889],[112.928859,25.584237],[112.937017,25.592065],[112.930426,25.602849],[112.931848,25.612415],[112.944705,25.615957],[112.949663,25.620589],[112.964741,25.62252],[112.974162,25.629677],[112.978462,25.639088],[112.987936,25.64425],[112.989117,25.65424],[113.004045,25.656605],[113.011521,25.653435],[113.016301,25.6559],[113.015594,25.669174],[112.999094,25.67933],[112.990744,25.691061],[112.988303,25.702021],[113.005927,25.728501],[113.013298,25.733958],[113.029208,25.738683],[113.034043,25.744212],[113.061707,25.734473],[113.066761,25.736973],[113.073318,25.734714],[113.07827,25.741364],[113.07157,25.745523],[113.065458,25.759219],[113.070856,25.767807],[113.05545,25.771797],[113.050709,25.769825],[113.051269,25.777097],[113.046281,25.781534],[113.042104,25.779906],[113.036096,25.770252],[113.028936,25.772197],[113.031257,25.782099],[113.02721,25.790548],[113.031061,25.790862],[113.03138,25.793722],[113.027689,25.79729],[113.03472,25.798056],[113.015604,25.836966],[113.027312,25.853681],[113.02452,25.856528],[113.028988,25.874136],[113.024776,25.879717],[113.020083,25.875204],[113.011446,25.876488],[113.008609,25.866226],[113.003349,25.864973],[112.99804,25.858158],[112.992148,25.858921],[112.984565,25.867319],[112.976474,25.869358],[112.977933,25.866326],[112.974267,25.861774],[112.978839,25.856734],[112.979759,25.84463],[112.97723,25.840006],[112.968709,25.834759],[112.963004,25.836042],[112.959362,25.830468],[112.942809,25.825892],[112.942784,25.818679],[112.934111,25.809613],[112.924139,25.811674],[112.917657,25.817713],[112.913016,25.811401],[112.907443,25.810468],[112.908216,25.826937],[112.901801,25.8408]]]}},{"type":"Feature","properties":{"id":"cn:431021","name":"桂阳县","level":2},"geometry":{"type":"Polygon","coordinates":[[[112.224303,26.115087],[112.226395,26.120557],[112.242368,26.130792],[112.244459,26.126076],[112.251361,26.126076],[112.25215,26.133291],[112.261578,26.134407],[112.281127,26.147543],[112.286188,26.146147],[112.285771,26.137988],[112.290362,26.141236],[112.292584,26.1364],[112.298835,26.136108],[112.306431,26.15218],[112.304989,26.161788],[112.310189,26.165095],[112.321587,26.1643],[112.323635,26.168066],[112.332307,26.170731],[112.351509,26.164452],[112.357186,26.18233],[112.369503,26.193684],[112.371717,26.204652],[112.377558,26.210038],[112.382237,26.206472],[112.389503,26.189298],[112.400197,26.18791],[112.421802,26.193159],[112.425049,26.187175],[112.433139,26.18536],[112.439059,26.179057],[112.44701,26.184058],[112.472279,26.180111],[112.479623,26.171181],[112.47655,26.16227],[112.479996,26.155313],[112.485214,26.154616],[112.493017,26.160759],[112.502436,26.162876],[112.502896,26.147135],[112.507566,26.138831],[112.519146,26.140796],[112.523815,26.150927],[112.549605,26.150666],[112.564076,26.163227],[112.567253,26.163459],[112.570977,26.157564],[112.575352,26.158024],[112.576854,26.162689],[112.571046,26.171788],[112.572548,26.183257],[112.56741,26.199154],[112.575378,26.212459],[112.575873,26.222561],[112.592644,26.224006],[112.59977,26.216645],[112.60379,26.201927],[112.620135,26.193103],[112.628469,26.166701],[112.625483,26.153472],[112.635864,26.136671],[112.649005,26.132645],[112.665084,26.132904],[112.652971,26.118351],[112.640974,26.11582],[112.637086,26.109386],[112.64968,26.104415],[112.656897,26.107381],[112.660074,26.113188],[112.668534,26.11436],[112.671769,26.130604],[112.681116,26.127151],[112.682314,26.117569],[112.693798,26.120584],[112.702366,26.125725],[112.704944,26.135026],[112.709979,26.137474],[112.718104,26.127274],[112.744493,26.067085],[112.762922,26.041326],[112.769779,26.040896],[112.778651,26.030221],[112.786663,26.02811],[112.795847,26.037883],[112.819953,26.048793],[112.833356,26.060143],[112.83859,26.048771],[112.823251,26.012702],[112.827089,26.00625],[112.862565,26.004434],[112.86227,25.989811],[112.865326,25.985467],[112.911653,25.979655],[112.919104,25.981299],[112.928201,25.973839],[112.929741,25.968517],[112.92033,25.965815],[112.924013,25.961309],[112.930947,25.96164],[112.930934,25.957199],[112.922071,25.94909],[112.930759,25.940543],[112.923561,25.941841],[112.920225,25.937204],[112.917614,25.938212],[112.917913,25.933256],[112.910377,25.928875],[112.910188,25.912609],[112.902705,25.907247],[112.909892,25.900229],[112.904512,25.885794],[112.906768,25.879897],[112.901668,25.880054],[112.902744,25.87461],[112.889143,25.879905],[112.867965,25.867354],[112.84201,25.829481],[112.836254,25.818854],[112.835881,25.802348],[112.827895,25.794798],[112.842262,25.779631],[112.841628,25.769793],[112.83464,25.765098],[112.811298,25.762501],[112.813391,25.754588],[112.809805,25.744047],[112.795239,25.730394],[112.791776,25.720237],[112.793538,25.710842],[112.798182,25.705087],[112.815143,25.715803],[112.817617,25.707995],[112.855019,25.685644],[112.854674,25.682425],[112.849081,25.685048],[112.841516,25.679905],[112.83374,25.680338],[112.828617,25.674896],[112.836785,25.671032],[112.833299,25.666038],[112.836019,25.664594],[112.842363,25.672305],[112.847708,25.672976],[112.848472,25.66249],[112.831344,25.649642],[112.826912,25.650572],[112.824509,25.65819],[112.821261,25.659037],[112.815366,25.646484],[112.813031,25.649287],[112.814792,25.663598],[112.807426,25.664181],[112.805873,25.642699],[112.798824,25.634538],[112.785735,25.645168],[112.773989,25.670855],[112.769293,25.671031],[112.758313,25.663575],[112.75379,25.656882],[112.752732,25.640762],[112.756081,25.625408],[112.766585,25.6203],[112.77129,25.623178],[112.797765,25.624028],[112.807453,25.615632],[112.809666,25.605579],[112.823729,25.593195],[112.814402,25.579706],[112.811472,25.564995],[112.803099,25.564359],[112.806393,25.573198],[112.801682,25.578714],[112.793558,25.562472],[112.785695,25.559854],[112.786371,25.557255],[112.799776,25.553576],[112.803798,25.542888],[112.793728,25.537739],[112.788761,25.53965],[112.794227,25.550684],[112.783617,25.55035],[112.777796,25.542928],[112.772928,25.55159],[112.764591,25.54714],[112.757793,25.54787],[112.756846,25.560936],[112.762714,25.578522],[112.762245,25.5878],[112.753902,25.597635],[112.728304,25.592733],[112.701064,25.56487],[112.692314,25.550777],[112.694598,25.541999],[112.712982,25.537538],[112.719788,25.531606],[112.720674,25.523211],[112.71603,25.505506],[112.718148,25.497815],[112.738967,25.498451],[112.73037,25.479568],[112.717738,25.472215],[112.725967,25.470005],[112.716803,25.463743],[112.714823,25.456123],[112.705608,25.456665],[112.703309,25.462753],[112.688333,25.467009],[112.685358,25.465257],[112.68252,25.45317],[112.668904,25.457562],[112.66564,25.454159],[112.659815,25.454522],[112.65392,25.473747],[112.659199,25.49124],[112.635709,25.506624],[112.642662,25.525969],[112.641447,25.533404],[112.614572,25.541045],[112.610743,25.537599],[112.610449,25.527037],[112.60459,25.526938],[112.597906,25.545982],[112.584903,25.55897],[112.589867,25.567406],[112.578731,25.58488],[112.57183,25.587834],[112.55248,25.577521],[112.540058,25.595258],[112.536566,25.612163],[112.51492,25.634097],[112.516183,25.64072],[112.524172,25.643103],[112.531584,25.640367],[112.547524,25.647045],[112.555388,25.656232],[112.56077,25.656825],[112.562385,25.651206],[112.56985,25.652358],[112.586337,25.665529],[112.590181,25.681512],[112.585528,25.681715],[112.578648,25.689809],[112.56752,25.694057],[112.557201,25.704376],[112.55093,25.70559],[112.547288,25.709435],[112.549108,25.716921],[112.540207,25.724204],[112.534743,25.722991],[112.535755,25.715302],[112.52746,25.70033],[112.519165,25.698509],[112.518961,25.709232],[112.53009,25.720563],[112.515117,25.726633],[112.511071,25.733714],[112.492862,25.730882],[112.488814,25.71854],[112.472831,25.72724],[112.476473,25.740998],[112.485375,25.746461],[112.483352,25.750305],[112.473235,25.752329],[112.466559,25.771348],[112.453205,25.761029],[112.451586,25.739583],[112.433579,25.757792],[112.408231,25.76843],[112.387485,25.782277],[112.380202,25.796253],[112.381607,25.808112],[112.371555,25.80655],[112.356213,25.811991],[112.360097,25.816966],[112.351607,25.821168],[112.354836,25.829208],[112.346303,25.839437],[112.356077,25.837022],[112.374416,25.839818],[112.381495,25.84914],[112.379835,25.854963],[112.382847,25.861098],[112.377778,25.86376],[112.372149,25.862352],[112.365105,25.871567],[112.354071,25.897337],[112.354905,25.908817],[112.351614,25.911816],[112.344227,25.90955],[112.331381,25.888703],[112.29948,25.893857],[112.28329,25.889353],[112.278247,25.894198],[112.278233,25.890732],[112.266745,25.889414],[112.260417,25.893339],[112.2625,25.903439],[112.291432,25.934565],[112.311579,25.941375],[112.306328,25.958621],[112.299088,25.957067],[112.292065,25.96217],[112.293933,25.965611],[112.303551,25.961889],[112.306116,25.965502],[112.295646,25.967163],[112.295606,25.971146],[112.287617,25.977415],[112.291182,25.976664],[112.296831,25.989432],[112.294049,25.995898],[112.28942,25.998066],[112.296146,26.00813],[112.293661,26.013885],[112.301373,26.020163],[112.298115,26.021712],[112.304541,26.027183],[112.302493,26.021833],[112.3063,26.019595],[112.323116,26.042149],[112.331171,26.075599],[112.31637,26.096914],[112.309859,26.101552],[112.304391,26.102199],[112.292177,26.093596],[112.286249,26.103166],[112.278731,26.105634],[112.265762,26.092274],[112.256483,26.096091],[112.246326,26.092804],[112.229824,26.100935],[112.224303,26.115087]]]}},{"type":"Feature","properties":{"id":"cn:431022","name":"宜章县","level":2},"geometry":{"type":"Polygon","coordinates":[[[112.627661,25.223105],[112.631967,25.242563],[112.63688,25.247209],[112.655204,25.245006],[112.701255,25.256197],[112.703624,25.26732],[112.687991,25.271974],[112.684093,25.274059],[112.684336,25.277263],[112.701115,25.294158],[112.705299,25.295738],[112.710777,25.291027],[112.722834,25.292802],[112.742704,25.313409],[112.745535,25.323812],[112.73418,25.330425],[112.730187,25.342026],[112.754787,25.404175],[112.759188,25.405466],[112.772331,25.39781],[112.778104,25.400208],[112.780535,25.405344],[112.779554,25.435311],[112.807279,25.435636],[112.83043,25.442456],[112.851055,25.44299],[112.879501,25.460338],[112.885413,25.476004],[112.907669,25.49008],[112.922373,25.495538],[112.926946,25.488026],[112.934753,25.491035],[112.933192,25.500637],[112.936465,25.509934],[112.966413,25.519618],[112.980828,25.528567],[112.996497,25.530901],[113.007304,25.541589],[113.046652,25.550094],[113.066384,25.545593],[113.085655,25.548023],[113.090811,25.564716],[113.105975,25.577728],[113.118163,25.597907],[113.128796,25.597212],[113.167216,25.579342],[113.179994,25.578909],[113.182893,25.580692],[113.189247,25.611433],[113.204013,25.639683],[113.207928,25.656452],[113.232919,25.693726],[113.247572,25.698527],[113.263483,25.687957],[113.26266,25.683557],[113.268258,25.682071],[113.276132,25.696519],[113.282625,25.694947],[113.28058,25.689223],[113.284226,25.687217],[113.283484,25.680456],[113.289525,25.672178],[113.341375,25.659199],[113.34114,25.652917],[113.31166,25.617776],[113.282859,25.595135],[113.274197,25.575543],[113.274642,25.570017],[113.285953,25.551516],[113.284752,25.534265],[113.300966,25.522136],[113.300116,25.51716],[113.286218,25.519237],[113.283284,25.512244],[113.286314,25.505702],[113.284013,25.499801],[113.277112,25.497079],[113.272156,25.500567],[113.27305,25.504449],[113.261592,25.508351],[113.256609,25.50182],[113.243578,25.516979],[113.237753,25.518513],[113.220706,25.512547],[113.209776,25.504512],[113.19528,25.482216],[113.174187,25.474001],[113.166687,25.478632],[113.160948,25.493411],[113.146374,25.494963],[113.144282,25.479271],[113.138189,25.480285],[113.134811,25.47499],[113.145593,25.476272],[113.148249,25.473047],[113.124664,25.468533],[113.116357,25.456252],[113.119056,25.453652],[113.122415,25.458794],[113.122303,25.452392],[113.112755,25.449968],[113.124508,25.431856],[113.124638,25.416098],[113.108744,25.423253],[113.097771,25.423969],[113.08673,25.420152],[113.085455,25.417451],[113.091218,25.413392],[113.084778,25.409442],[113.083102,25.399199],[113.074995,25.393615],[113.074509,25.386021],[113.05898,25.3845],[113.036063,25.368751],[113.030247,25.370018],[113.028493,25.364185],[113.024257,25.36401],[113.01819,25.348749],[113.013051,25.348984],[113.003789,25.355707],[112.99003,25.351831],[112.981219,25.356965],[112.962816,25.35279],[112.958086,25.343673],[112.94589,25.340448],[112.939856,25.329346],[112.92766,25.327369],[112.921541,25.300407],[112.90799,25.302907],[112.895395,25.314366],[112.888624,25.342007],[112.885959,25.342885],[112.880343,25.335867],[112.872495,25.336758],[112.867157,25.330444],[112.852131,25.339822],[112.847252,25.339372],[112.848503,25.329943],[112.853564,25.323213],[112.849692,25.314839],[112.853086,25.304075],[112.851237,25.293207],[112.858277,25.288354],[112.861236,25.279574],[112.868745,25.2773],[112.860684,25.262797],[112.863129,25.251796],[112.875759,25.252643],[112.886532,25.249199],[112.896228,25.240718],[112.905551,25.24817],[112.918806,25.251681],[112.921472,25.246835],[112.926775,25.245414],[112.928884,25.253392],[112.946609,25.248727],[112.94891,25.255859],[112.95312,25.257343],[112.960611,25.252258],[112.967461,25.254158],[112.974596,25.247994],[112.987183,25.25009],[112.993615,25.246924],[112.993398,25.239856],[113.001236,25.23432],[113.010169,25.216251],[113.015238,25.212653],[113.024274,25.213278],[113.028953,25.204155],[113.025004,25.19726],[113.003155,25.192946],[112.993536,25.184307],[112.969023,25.171188],[112.963702,25.153997],[112.96273,25.144567],[112.967512,25.13506],[112.976627,25.128194],[112.985776,25.112345],[112.994214,25.105918],[113.000829,25.090116],[113.012994,25.085941],[112.996638,25.073983],[112.99434,25.065249],[112.997025,25.061071],[112.99183,25.05183],[112.985892,25.050092],[112.973946,25.036539],[112.973235,25.02869],[112.986697,25.02085],[112.984448,24.999091],[112.996889,24.993741],[112.99822,24.985445],[113.00457,24.980218],[113.003077,24.964813],[112.9974,24.959976],[113.006489,24.948951],[112.986324,24.941367],[112.989448,24.930266],[112.983789,24.926622],[112.967756,24.921717],[112.953545,24.926464],[112.936602,24.918943],[112.930065,24.924261],[112.917704,24.921912],[112.899223,24.924882],[112.874145,24.910833],[112.866453,24.898953],[112.838763,24.900345],[112.828511,24.896093],[112.819267,24.897758],[112.796853,24.893437],[112.777105,24.898294],[112.775412,24.90019],[112.781402,24.914161],[112.776914,24.925596],[112.779379,24.934194],[112.777418,24.945833],[112.768129,24.952838],[112.739119,24.960508],[112.736879,24.980342],[112.740195,24.98571],[112.736541,25.001447],[112.729674,25.003228],[112.728363,25.009708],[112.71957,25.013725],[112.70984,25.028929],[112.71398,25.056554],[112.708408,25.085093],[112.69345,25.091347],[112.689978,25.098439],[112.674536,25.112847],[112.664675,25.115998],[112.662704,25.125119],[112.652123,25.136378],[112.653711,25.140933],[112.664102,25.148565],[112.685868,25.151532],[112.691931,25.162801],[112.684112,25.167375],[112.67201,25.189015],[112.647296,25.197452],[112.63306,25.206135],[112.627661,25.223105]]]}},{"type":"Feature","properties":{"id":"cn:431023","name":"永兴县","level":2},"geometry":{"type":"Polygon","coordinates":[[[112.716524,26.129231],[112.729658,26.137819],[112.736498,26.148796],[112.740803,26.147038],[112.741993,26.137204],[112.750152,26.133079],[112.755352,26.138535],[112.753347,26.153105],[112.759701,26.154634],[112.762948,26.148776],[112.767609,26.147916],[112.776741,26.149307],[112.777019,26.165905],[112.786003,26.169583],[112.787661,26.174208],[112.769944,26.183325],[112.780621,26.200313],[112.786333,26.196549],[112.784449,26.183145],[112.790221,26.183409],[112.800829,26.19553],[112.813183,26.190006],[112.813417,26.165139],[112.817844,26.161849],[112.82319,26.163598],[112.833268,26.15913],[112.841159,26.161664],[112.852634,26.157587],[112.864779,26.159236],[112.870586,26.153244],[112.885832,26.159987],[112.901455,26.151866],[112.915763,26.161392],[112.91741,26.180321],[112.924857,26.180224],[112.937314,26.174217],[112.943425,26.164221],[112.963269,26.157582],[112.979162,26.159915],[112.989457,26.166061],[113.006983,26.158845],[113.020396,26.169008],[113.024206,26.17667],[113.029327,26.175177],[113.03168,26.182381],[113.032383,26.199442],[113.029345,26.209837],[113.034293,26.216796],[113.020196,26.242053],[113.020311,26.248528],[113.024035,26.252743],[113.034383,26.258233],[113.039652,26.257739],[113.046405,26.251671],[113.062465,26.256087],[113.067829,26.251693],[113.084487,26.251572],[113.080546,26.274354],[113.092585,26.2914],[113.09782,26.29371],[113.111335,26.290456],[113.11348,26.296173],[113.121293,26.294566],[113.120867,26.303566],[113.12493,26.309724],[113.121613,26.316741],[113.132846,26.327659],[113.148006,26.326392],[113.152655,26.329855],[113.157022,26.327529],[113.16716,26.330543],[113.159113,26.347742],[113.163228,26.35235],[113.150884,26.365686],[113.15164,26.371582],[113.162212,26.379751],[113.154192,26.393397],[113.157898,26.412816],[113.166205,26.415378],[113.173419,26.40824],[113.179825,26.407109],[113.206622,26.428604],[113.206084,26.436467],[113.18637,26.450254],[113.202082,26.467772],[113.211805,26.466108],[113.221274,26.470441],[113.224495,26.485484],[113.222351,26.489859],[113.243167,26.487704],[113.252608,26.477785],[113.252964,26.469975],[113.245389,26.45558],[113.247012,26.450412],[113.254779,26.445068],[113.290689,26.442247],[113.309283,26.422153],[113.327035,26.419022],[113.361911,26.420203],[113.368516,26.410252],[113.381011,26.414012],[113.386171,26.424746],[113.39244,26.4244],[113.396397,26.412829],[113.394984,26.406254],[113.417301,26.400058],[113.405155,26.382607],[113.406123,26.372475],[113.414196,26.364804],[113.422425,26.362181],[113.430663,26.350359],[113.444804,26.351021],[113.457669,26.35775],[113.470689,26.350639],[113.484864,26.35637],[113.507885,26.353846],[113.52233,26.345654],[113.531322,26.335009],[113.551447,26.332105],[113.541182,26.313132],[113.547755,26.302351],[113.572121,26.305022],[113.579578,26.302908],[113.599013,26.286613],[113.590203,26.273637],[113.577694,26.277514],[113.566479,26.260456],[113.560254,26.239932],[113.562276,26.228737],[113.548188,26.195405],[113.522511,26.172984],[113.510114,26.165538],[113.48508,26.159863],[113.478926,26.153605],[113.4614,26.167207],[113.444751,26.166946],[113.417364,26.157507],[113.414341,26.143865],[113.419789,26.119861],[113.414793,26.110749],[113.404449,26.116938],[113.378623,26.12213],[113.366608,26.131444],[113.349144,26.130534],[113.331339,26.134708],[113.322607,26.131144],[113.311834,26.118284],[113.305923,26.117985],[113.299708,26.123228],[113.288614,26.149959],[113.276591,26.159265],[113.265151,26.160021],[113.261479,26.174525],[113.254621,26.184409],[113.242053,26.180866],[113.236494,26.176552],[113.242641,26.172708],[113.231516,26.173201],[113.229892,26.161727],[113.2202,26.156657],[113.218614,26.150331],[113.206039,26.15198],[113.203167,26.139588],[113.198387,26.134766],[113.190791,26.136073],[113.190403,26.131051],[113.195899,26.127131],[113.207621,26.126952],[113.207409,26.116876],[113.201124,26.099341],[113.162287,26.058626],[113.14456,26.023115],[113.131871,26.019639],[113.126951,26.011467],[113.111559,26.01287],[113.107681,26.035968],[113.102065,26.037434],[113.101349,26.040381],[113.095469,26.036702],[113.085186,26.04904],[113.082996,26.045373],[113.083645,26.051586],[113.078243,26.048626],[113.076664,26.051214],[113.074811,26.047759],[113.074102,26.054917],[113.061428,26.056195],[113.050629,26.052059],[113.04865,26.033782],[113.044232,26.02855],[113.03654,26.028081],[113.025916,26.021328],[113.020516,26.020976],[113.014405,26.029843],[113.006394,26.034598],[112.992383,26.034217],[112.984926,26.026409],[112.968902,26.032925],[112.956586,26.023388],[112.93168,26.021026],[112.921081,26.01618],[112.907652,25.99495],[112.911653,25.979655],[112.867964,25.98441],[112.86227,25.989811],[112.862565,26.004434],[112.830881,26.005781],[112.824727,26.008698],[112.823251,26.012702],[112.827436,26.026931],[112.836949,26.040822],[112.83859,26.048771],[112.833356,26.060143],[112.819953,26.048793],[112.795847,26.037883],[112.786663,26.02811],[112.778651,26.030221],[112.773685,26.038582],[112.762922,26.041326],[112.757427,26.046267],[112.731619,26.092656],[112.716524,26.129231]]]}},{"type":"Feature","properties":{"id":"cn:431024","name":"嘉禾县","level":2},"geometry":{"type":"Polygon","coordinates":[[[112.233084,25.602573],[112.244146,25.624084],[112.242293,25.632267],[112.250422,25.634269],[112.253173,25.643218],[112.250804,25.644599],[112.25265,25.646788],[112.246699,25.647474],[112.251076,25.65256],[112.250335,25.65737],[112.240288,25.675029],[112.237708,25.687806],[112.246576,25.692079],[112.238114,25.694419],[112.239699,25.705095],[112.272769,25.714154],[112.287129,25.731375],[112.301182,25.732705],[112.311608,25.726182],[112.316035,25.701359],[112.330983,25.693721],[112.334794,25.694621],[112.346608,25.715244],[112.377996,25.733411],[112.386547,25.743128],[112.371599,25.75468],[112.371513,25.763341],[112.381321,25.792202],[112.387485,25.782277],[112.408231,25.76843],[112.433579,25.757792],[112.451586,25.739583],[112.453205,25.761029],[112.466559,25.771348],[112.473235,25.752329],[112.483352,25.750305],[112.485375,25.746461],[112.476473,25.740998],[112.472831,25.72724],[112.488814,25.71854],[112.492862,25.730882],[112.511071,25.733714],[112.515117,25.726633],[112.53009,25.720563],[112.518961,25.709232],[112.519165,25.698509],[112.52746,25.70033],[112.535755,25.715302],[112.534743,25.722991],[112.540207,25.724204],[112.549108,25.716921],[112.547288,25.709435],[112.55093,25.70559],[112.557201,25.704376],[112.56752,25.694057],[112.578648,25.689809],[112.585528,25.681715],[112.590181,25.681512],[112.591193,25.677265],[112.586337,25.665529],[112.565875,25.650298],[112.562385,25.651206],[112.56077,25.656825],[112.555388,25.656232],[112.547524,25.647045],[112.531584,25.640367],[112.519993,25.642737],[112.514062,25.637584],[112.536566,25.612163],[112.540058,25.595258],[112.55248,25.577521],[112.555102,25.558498],[112.551213,25.550687],[112.532359,25.550229],[112.519269,25.563962],[112.493905,25.564668],[112.485241,25.55954],[112.475675,25.547242],[112.479382,25.528848],[112.477247,25.524147],[112.468965,25.52212],[112.471119,25.51026],[112.442404,25.510391],[112.436501,25.513047],[112.431978,25.5239],[112.420103,25.518175],[112.418069,25.511175],[112.429903,25.487717],[112.411662,25.485451],[112.403963,25.475457],[112.404571,25.463003],[112.41405,25.45047],[112.415136,25.43819],[112.406299,25.443285],[112.397505,25.454579],[112.38661,25.460572],[112.3932,25.474379],[112.392504,25.479561],[112.386515,25.493653],[112.365213,25.51792],[112.367623,25.520567],[112.36354,25.524496],[112.366912,25.532776],[112.364424,25.542154],[112.352355,25.544416],[112.337447,25.540518],[112.336332,25.533153],[112.326436,25.533172],[112.316935,25.528601],[112.319007,25.530879],[112.3134,25.542045],[112.314384,25.545753],[112.305422,25.553794],[112.291574,25.551714],[112.280446,25.558644],[112.264968,25.557784],[112.245653,25.561911],[112.240932,25.570501],[112.252347,25.575946],[112.255168,25.585251],[112.2416,25.589654],[112.233084,25.602573]]]}},{"type":"Feature","properties":{"id":"cn:431025","name":"临武县","level":2},"geometry":{"type":"Polygon","coordinates":[[[112.338714,25.289698],[112.356752,25.300875],[112.369427,25.303492],[112.380581,25.315823],[112.388506,25.317272],[112.404019,25.328456],[112.414497,25.341728],[112.427373,25.37108],[112.43899,25.36543],[112.447088,25.36821],[112.450925,25.373245],[112.452757,25.381044],[112.449736,25.383815],[112.43024,25.382645],[112.415846,25.39628],[112.420946,25.401183],[112.435488,25.402016],[112.436572,25.405056],[112.416881,25.433129],[112.41405,25.45047],[112.404571,25.463003],[112.403963,25.475457],[112.411662,25.485451],[112.429903,25.487717],[112.418069,25.511175],[112.422898,25.521457],[112.431978,25.5239],[112.436501,25.513047],[112.442404,25.510391],[112.471119,25.51026],[112.468965,25.52212],[112.477247,25.524147],[112.479382,25.528848],[112.475675,25.547242],[112.491032,25.563611],[112.516161,25.564667],[112.524321,25.560499],[112.532359,25.550229],[112.551213,25.550687],[112.555102,25.558498],[112.55248,25.577521],[112.57183,25.587834],[112.575848,25.587128],[112.589867,25.567406],[112.584903,25.55897],[112.597906,25.545982],[112.60459,25.526938],[112.610449,25.527037],[112.610743,25.537599],[112.614572,25.541045],[112.642827,25.531479],[112.635709,25.506624],[112.659199,25.49124],[112.65392,25.473747],[112.656977,25.460448],[112.662532,25.453434],[112.668904,25.457562],[112.68252,25.45317],[112.685358,25.465257],[112.688333,25.467009],[112.703309,25.462753],[112.705608,25.456665],[112.714823,25.456123],[112.716803,25.463743],[112.725967,25.470005],[112.717738,25.472215],[112.73037,25.479568],[112.73927,25.498752],[112.751473,25.499452],[112.760248,25.493911],[112.779912,25.494957],[112.776596,25.483246],[112.785297,25.472775],[112.779877,25.45593],[112.780505,25.443339],[112.776857,25.439593],[112.779554,25.435311],[112.780535,25.405344],[112.778104,25.400208],[112.772331,25.39781],[112.759188,25.405466],[112.754787,25.404175],[112.730187,25.342026],[112.73418,25.330425],[112.745535,25.323812],[112.745604,25.318058],[112.722834,25.292802],[112.710777,25.291027],[112.705299,25.295738],[112.701115,25.294158],[112.684336,25.277263],[112.684093,25.274059],[112.687991,25.271974],[112.703624,25.26732],[112.701255,25.256197],[112.655204,25.245006],[112.63688,25.247209],[112.631967,25.242563],[112.628946,25.23286],[112.627661,25.223105],[112.63306,25.206135],[112.647296,25.197452],[112.67201,25.189015],[112.684112,25.167375],[112.691931,25.162801],[112.685868,25.151532],[112.664102,25.148565],[112.653711,25.140933],[112.652123,25.136378],[112.640959,25.136968],[112.636507,25.141321],[112.625595,25.144025],[112.61971,25.137102],[112.607635,25.136234],[112.591429,25.129294],[112.557548,25.127499],[112.531819,25.137181],[112.502418,25.139574],[112.494892,25.148468],[112.485691,25.147283],[112.473981,25.153756],[112.452835,25.154809],[112.446993,25.163646],[112.448581,25.178123],[112.442783,25.187116],[112.438381,25.188486],[112.425231,25.177925],[112.421706,25.161021],[112.409356,25.145317],[112.404486,25.142493],[112.393983,25.143334],[112.3819,25.154846],[112.387255,25.164896],[112.369087,25.178728],[112.365415,25.189792],[112.358731,25.194411],[112.356136,25.212736],[112.36262,25.225521],[112.362681,25.235397],[112.352161,25.246976],[112.355042,25.261244],[112.349964,25.266685],[112.352139,25.281342],[112.338714,25.289698]]]}},{"type":"Feature","properties":{"id":"cn:431026","name":"汝城县","level":2},"geometry":{"type":"Polygon","coordinates":[[[113.274162,25.571727],[113.282859,25.595135],[113.31166,25.617776],[113.320298,25.613488],[113.332433,25.628424],[113.341252,25.614951],[113.360211,25.616447],[113.384178,25.608292],[113.390367,25.611666],[113.400003,25.638863],[113.414247,25.644809],[113.419864,25.641901],[113.429915,25.628535],[113.425923,25.624441],[113.432676,25.605254],[113.424325,25.59304],[113.434429,25.57993],[113.432416,25.566903],[113.446357,25.572452],[113.455845,25.580159],[113.459629,25.578778],[113.454933,25.569677],[113.463006,25.565083],[113.481,25.563952],[113.489169,25.569824],[113.502406,25.568943],[113.509741,25.575343],[113.517381,25.592563],[113.525133,25.599138],[113.534881,25.601075],[113.541599,25.610135],[113.540601,25.616885],[113.532034,25.622119],[113.532164,25.626714],[113.536304,25.633566],[113.550896,25.643617],[113.549005,25.655624],[113.55177,25.665442],[113.567594,25.670785],[113.575192,25.664697],[113.580884,25.664696],[113.581929,25.679552],[113.598556,25.687755],[113.610838,25.688378],[113.626646,25.699555],[113.627289,25.704893],[113.617296,25.716977],[113.615368,25.727101],[113.636108,25.735837],[113.643628,25.753459],[113.631103,25.768588],[113.630508,25.773346],[113.645772,25.774766],[113.659964,25.787884],[113.655193,25.795287],[113.64653,25.798297],[113.643483,25.817203],[113.637357,25.823684],[113.62661,25.829177],[113.615892,25.821232],[113.611505,25.833238],[113.596433,25.831824],[113.583411,25.839073],[113.59115,25.84553],[113.599523,25.847362],[113.607684,25.855925],[113.619429,25.85848],[113.622892,25.872499],[113.640566,25.869548],[113.6608,25.88763],[113.672163,25.883167],[113.681642,25.85973],[113.699099,25.852083],[113.706902,25.841876],[113.716104,25.836175],[113.7237,25.835423],[113.744419,25.842041],[113.753239,25.840737],[113.75547,25.834137],[113.737883,25.822471],[113.736069,25.813161],[113.753898,25.792129],[113.786789,25.771429],[113.787823,25.76261],[113.782501,25.751243],[113.785114,25.745997],[113.807397,25.750196],[113.828482,25.77289],[113.857987,25.766216],[113.878846,25.771415],[113.884098,25.769505],[113.899523,25.738686],[113.910131,25.733883],[113.913204,25.720582],[113.908951,25.702331],[113.92159,25.688612],[113.926606,25.668056],[113.934827,25.662525],[113.938169,25.645779],[113.946173,25.640623],[113.945296,25.624838],[113.952023,25.614935],[113.977301,25.605187],[113.974341,25.576239],[113.988116,25.566259],[113.97895,25.541547],[113.982544,25.53339],[113.957761,25.531229],[113.948212,25.508028],[113.939861,25.500892],[113.951129,25.502676],[113.946971,25.48997],[113.953924,25.487948],[113.94632,25.473864],[113.935096,25.46431],[113.938429,25.441858],[113.933369,25.439966],[113.921494,25.445191],[113.909454,25.445893],[113.907987,25.44168],[113.898638,25.444003],[113.881789,25.439642],[113.879263,25.436031],[113.881563,25.429163],[113.877917,25.425255],[113.887449,25.415855],[113.87713,25.411487],[113.878797,25.400639],[113.87226,25.391133],[113.872885,25.384664],[113.855828,25.372305],[113.842147,25.370604],[113.83457,25.36642],[113.828241,25.356908],[113.827608,25.346819],[113.816042,25.333647],[113.796887,25.33198],[113.774882,25.336924],[113.752746,25.332813],[113.751193,25.335672],[113.758806,25.336433],[113.758788,25.341075],[113.753059,25.346613],[113.748085,25.36548],[113.742686,25.368495],[113.735211,25.362991],[113.731843,25.351397],[113.71884,25.362047],[113.712173,25.35978],[113.701228,25.363766],[113.705663,25.357225],[113.683241,25.355927],[113.678927,25.349103],[113.679951,25.343267],[113.6749,25.337414],[113.658388,25.340673],[113.654679,25.333954],[113.64718,25.329996],[113.640616,25.329357],[113.634695,25.333814],[113.630528,25.331098],[113.623588,25.333151],[113.618144,25.328189],[113.605775,25.33027],[113.603857,25.324791],[113.589934,25.320395],[113.57779,25.30927],[113.574534,25.319643],[113.578085,25.334882],[113.576184,25.345732],[113.549231,25.354834],[113.546106,25.361631],[113.54062,25.363113],[113.537842,25.37063],[113.530733,25.371433],[113.517035,25.356307],[113.509648,25.363534],[113.513527,25.373184],[113.499943,25.377609],[113.489005,25.375496],[113.478259,25.379087],[113.46713,25.368782],[113.456809,25.372572],[113.444205,25.362254],[113.440203,25.362247],[113.42207,25.375917],[113.41845,25.395349],[113.412747,25.401233],[113.401375,25.404064],[113.390012,25.399656],[113.382625,25.406496],[113.368944,25.403795],[113.361278,25.433881],[113.3541,25.441105],[113.347156,25.439555],[113.334473,25.452668],[113.320575,25.452826],[113.30838,25.445736],[113.310402,25.470327],[113.303623,25.483842],[113.305801,25.49329],[113.291305,25.511245],[113.30015,25.514696],[113.300966,25.522136],[113.284752,25.534265],[113.283824,25.541945],[113.286914,25.547614],[113.284672,25.55638],[113.274162,25.571727]]]}},{"type":"Feature","properties":{"id":"cn:431027","name":"桂东县","level":2},"geometry":{"type":"Polygon","coordinates":[[[113.617371,25.908596],[113.621251,25.919516],[113.631642,25.925388],[113.653369,25.929646],[113.664993,25.925123],[113.672684,25.931525],[113.674099,25.953074],[113.682302,25.977977],[113.681199,26.009385],[113.684619,26.019934],[113.688456,26.028875],[113.70166,26.039931],[113.714489,26.059233],[113.723239,26.049698],[113.734593,26.043341],[113.745314,26.0448],[113.75613,26.05108],[113.775557,26.069363],[113.775383,26.09693],[113.786243,26.10756],[113.798048,26.105797],[113.808733,26.087215],[113.819489,26.087392],[113.839845,26.09904],[113.844402,26.110916],[113.85507,26.122707],[113.891337,26.138937],[113.8977,26.151477],[113.909376,26.162195],[113.911841,26.174762],[113.925113,26.1762],[113.94099,26.187942],[113.946667,26.181279],[113.946503,26.175324],[113.939393,26.167169],[113.955322,26.154182],[113.968638,26.159007],[113.977387,26.16788],[113.997648,26.178648],[114.000573,26.183945],[114.003447,26.182817],[114.008116,26.187316],[114.022604,26.183243],[114.029028,26.191619],[114.036771,26.186626],[114.035626,26.180558],[114.05125,26.183379],[114.055008,26.168462],[114.069315,26.174861],[114.075564,26.171102],[114.083203,26.171493],[114.088647,26.179474],[114.094985,26.181496],[114.094941,26.187735],[114.099793,26.192174],[114.176078,26.217701],[114.181408,26.200345],[114.211669,26.206384],[114.216017,26.193343],[114.22731,26.184686],[114.213422,26.169969],[114.220279,26.162896],[114.230609,26.163311],[114.232172,26.155405],[114.22021,26.150935],[114.209846,26.140668],[114.183717,26.124453],[114.165826,26.12637],[114.139463,26.11442],[114.103387,26.103319],[114.100314,26.10065],[114.102119,26.098178],[114.113604,26.092919],[114.115662,26.088918],[114.101547,26.072462],[114.094671,26.074832],[114.080217,26.069353],[114.064479,26.081588],[114.038481,26.079766],[114.04073,26.073926],[114.030833,26.06484],[114.031285,26.049883],[114.022807,26.034273],[114.001919,26.015567],[114.00382,26.007322],[114.011728,25.996545],[114.021858,25.994124],[114.022934,25.984446],[114.016224,25.979078],[114.013742,25.970674],[114.018012,25.962105],[114.016285,25.954685],[114.022743,25.952264],[114.021207,25.947194],[114.02612,25.944978],[114.016562,25.922253],[114.019957,25.914464],[114.017136,25.907639],[114.023021,25.896331],[114.008707,25.888653],[114.005035,25.874132],[113.986138,25.863639],[113.964948,25.837073],[113.966173,25.817856],[113.955573,25.800007],[113.953655,25.788592],[113.956589,25.780406],[113.941771,25.764462],[113.915356,25.744358],[113.910131,25.733883],[113.899523,25.738686],[113.898264,25.744829],[113.889558,25.754725],[113.888976,25.761964],[113.884098,25.769505],[113.878846,25.771415],[113.857987,25.766216],[113.828482,25.77289],[113.807397,25.750196],[113.785114,25.745997],[113.782501,25.751243],[113.787823,25.76261],[113.786789,25.771429],[113.753898,25.792129],[113.736069,25.813161],[113.737883,25.822471],[113.75547,25.834137],[113.753239,25.840737],[113.744419,25.842041],[113.7237,25.835423],[113.716104,25.836175],[113.706902,25.841876],[113.699099,25.852083],[113.681642,25.85973],[113.674212,25.880264],[113.663344,25.887456],[113.65784,25.885765],[113.640566,25.869548],[113.622892,25.872499],[113.617371,25.908596]]]}},{"type":"Feature","properties":{"id":"cn:431028","name":"安仁县","level":2},"geometry":{"type":"Polygon","coordinates":[[[113.089823,26.763165],[113.09149,26.78487],[113.127908,26.790882],[113.145395,26.798088],[113.138894,26.805706],[113.137167,26.815773],[113.138382,26.837734],[113.142391,26.840392],[113.150543,26.83985],[113.154788,26.830836],[113.168686,26.828672],[113.200144,26.833611],[113.20069,26.828882],[113.218087,26.824326],[113.219015,26.817826],[113.23247,26.808623],[113.252919,26.818905],[113.254196,26.831215],[113.274066,26.829907],[113.268197,26.816461],[113.280428,26.798481],[113.272494,26.781115],[113.277789,26.774859],[113.288509,26.77176],[113.297502,26.773273],[113.309422,26.799548],[113.320611,26.810911],[113.327051,26.813365],[113.366547,26.801163],[113.378649,26.80034],[113.388509,26.808034],[113.398926,26.800855],[113.406912,26.785838],[113.422347,26.77303],[113.398972,26.715795],[113.394987,26.710203],[113.379723,26.704977],[113.37546,26.699566],[113.386416,26.678163],[113.394098,26.669834],[113.395202,26.661474],[113.401904,26.658446],[113.411426,26.644558],[113.412269,26.632606],[113.406496,26.623488],[113.405575,26.613394],[113.3945,26.608469],[113.393345,26.600215],[113.408813,26.590621],[113.422666,26.572267],[113.421461,26.563607],[113.427312,26.561472],[113.468041,26.564208],[113.481764,26.574608],[113.490168,26.587598],[113.503613,26.596161],[113.507152,26.60327],[113.539429,26.594803],[113.549568,26.588937],[113.556834,26.578741],[113.553335,26.553064],[113.565434,26.525185],[113.569852,26.522102],[113.585704,26.524304],[113.583229,26.515303],[113.59173,26.515796],[113.59831,26.511273],[113.591322,26.488081],[113.591513,26.478861],[113.5837,26.470695],[113.597954,26.45191],[113.60423,26.429554],[113.602416,26.422642],[113.577893,26.398194],[113.577112,26.378396],[113.587208,26.363746],[113.594899,26.327723],[113.611756,26.311782],[113.609343,26.28811],[113.599013,26.286613],[113.582807,26.300971],[113.572121,26.305022],[113.547755,26.302351],[113.541182,26.313132],[113.551447,26.332105],[113.531322,26.335009],[113.52233,26.345654],[113.507885,26.353846],[113.484864,26.35637],[113.470689,26.350639],[113.457669,26.35775],[113.444804,26.351021],[113.430663,26.350359],[113.422425,26.362181],[113.414196,26.364804],[113.406123,26.372475],[113.405155,26.382607],[113.417301,26.400058],[113.394984,26.406254],[113.396397,26.412829],[113.39244,26.4244],[113.386171,26.424746],[113.381011,26.414012],[113.368516,26.410252],[113.361911,26.420203],[113.316314,26.419786],[113.309283,26.422153],[113.290689,26.442247],[113.254779,26.445068],[113.247012,26.450412],[113.245859,26.460583],[113.254197,26.474495],[113.246744,26.484479],[113.241867,26.488095],[113.222351,26.489859],[113.204,26.508461],[113.18558,26.508211],[113.183409,26.51436],[113.173739,26.52269],[113.165979,26.524528],[113.153513,26.540272],[113.154859,26.547482],[113.173478,26.567779],[113.173574,26.581826],[113.180917,26.607502],[113.173669,26.636154],[113.182506,26.665822],[113.176169,26.684324],[113.177323,26.691136],[113.168469,26.693269],[113.155179,26.691197],[113.146551,26.703816],[113.130119,26.714204],[113.128946,26.718108],[113.133434,26.721224],[113.132245,26.723241],[113.114346,26.728135],[113.117045,26.736252],[113.125656,26.741342],[113.125404,26.746928],[113.111429,26.74598],[113.106012,26.757539],[113.096195,26.756495],[113.089823,26.763165]]]}},{"type":"Feature","properties":{"id":"cn:431081","name":"资兴市","level":2},"geometry":{"type":"Polygon","coordinates":[[[113.102971,25.989708],[113.106862,25.994548],[113.11391,25.995429],[113.110735,26.002957],[113.1235,26.001572],[113.122987,26.009129],[113.128472,26.01196],[113.131871,26.019639],[113.143263,26.021605],[113.162287,26.058626],[113.201124,26.099341],[113.207409,26.116876],[113.207621,26.126952],[113.195899,26.127131],[113.190403,26.131051],[113.190791,26.136073],[113.198387,26.134766],[113.203167,26.139588],[113.206039,26.15198],[113.218614,26.150331],[113.2202,26.156657],[113.229892,26.161727],[113.231516,26.173201],[113.242641,26.172708],[113.236494,26.176552],[113.248963,26.184095],[113.254621,26.184409],[113.261479,26.174525],[113.265151,26.160021],[113.276591,26.159265],[113.288614,26.149959],[113.299708,26.123228],[113.305923,26.117985],[113.311834,26.118284],[113.322607,26.131144],[113.331339,26.134708],[113.349144,26.130534],[113.366608,26.131444],[113.378623,26.12213],[113.404449,26.116938],[113.414793,26.110749],[113.419789,26.119861],[113.414341,26.143865],[113.417364,26.157507],[113.444751,26.166946],[113.4614,26.167207],[113.478926,26.153605],[113.48508,26.159863],[113.510114,26.165538],[113.522511,26.172984],[113.548188,26.195405],[113.562276,26.228737],[113.560254,26.239932],[113.566479,26.260456],[113.577694,26.277514],[113.590203,26.273637],[113.599013,26.286613],[113.609343,26.28811],[113.612963,26.280386],[113.638823,26.271443],[113.652563,26.27382],[113.672954,26.250657],[113.703092,26.23739],[113.722241,26.223349],[113.733317,26.186449],[113.731113,26.162592],[113.721781,26.140211],[113.694732,26.124732],[113.68791,26.099099],[113.703699,26.069029],[113.714489,26.059233],[113.70166,26.039931],[113.688456,26.028875],[113.681199,26.009385],[113.682302,25.977977],[113.674099,25.953074],[113.673977,25.933873],[113.664993,25.925123],[113.653369,25.929646],[113.631642,25.925388],[113.621251,25.919516],[113.617371,25.908596],[113.623162,25.874318],[113.619429,25.85848],[113.607684,25.855925],[113.599523,25.847362],[113.59115,25.84553],[113.583411,25.839073],[113.596433,25.831824],[113.611505,25.833238],[113.615892,25.821232],[113.62661,25.829177],[113.637357,25.823684],[113.643483,25.817203],[113.64653,25.798297],[113.655193,25.795287],[113.660081,25.787282],[113.645772,25.774766],[113.630508,25.773346],[113.631103,25.768588],[113.643628,25.753459],[113.636108,25.735837],[113.615368,25.727101],[113.617296,25.716977],[113.627289,25.704893],[113.626646,25.699555],[113.610838,25.688378],[113.598556,25.687755],[113.581929,25.679552],[113.580884,25.664696],[113.575192,25.664697],[113.567594,25.670785],[113.55177,25.665442],[113.549005,25.655624],[113.550896,25.643617],[113.536304,25.633566],[113.532164,25.626714],[113.532034,25.622119],[113.540601,25.616885],[113.541599,25.610135],[113.534881,25.601075],[113.525133,25.599138],[113.517381,25.592563],[113.509741,25.575343],[113.502406,25.568943],[113.489169,25.569824],[113.481,25.563952],[113.463006,25.565083],[113.454933,25.569677],[113.459629,25.578778],[113.455845,25.580159],[113.446357,25.572452],[113.432416,25.566903],[113.434429,25.57993],[113.424325,25.59304],[113.432676,25.605254],[113.425923,25.624441],[113.429915,25.628535],[113.419864,25.641901],[113.414247,25.644809],[113.400003,25.638863],[113.390367,25.611666],[113.384178,25.608292],[113.360211,25.616447],[113.341252,25.614951],[113.332433,25.628424],[113.323049,25.615015],[113.313718,25.615309],[113.31166,25.617776],[113.34114,25.652917],[113.341375,25.659199],[113.289525,25.672178],[113.283484,25.680456],[113.284226,25.687217],[113.28058,25.689223],[113.282625,25.694947],[113.276132,25.696519],[113.269364,25.682929],[113.26266,25.683557],[113.263483,25.687957],[113.247572,25.698527],[113.251505,25.712669],[113.240186,25.717575],[113.237923,25.722021],[113.241394,25.726885],[113.246316,25.720782],[113.252421,25.721559],[113.257537,25.726608],[113.257821,25.74195],[113.248512,25.747453],[113.246163,25.753931],[113.267417,25.780936],[113.266418,25.790333],[113.271939,25.799639],[113.265246,25.81285],[113.266244,25.824093],[113.261548,25.830758],[113.263189,25.842913],[113.253562,25.850929],[113.254326,25.862761],[113.245871,25.882314],[113.239057,25.889506],[113.24246,25.894674],[113.235593,25.897961],[113.19842,25.949436],[113.193887,25.95204],[113.183124,25.949825],[113.185021,25.957957],[113.194293,25.964376],[113.193376,25.968559],[113.169006,25.970806],[113.16062,25.967008],[113.148596,25.967024],[113.154319,25.975065],[113.145319,25.976701],[113.140744,25.971646],[113.136637,25.977102],[113.126138,25.978715],[113.126294,25.983688],[113.122862,25.983915],[113.126591,25.990732],[113.11766,25.986776],[113.112877,25.990464],[113.104848,25.987173],[113.102971,25.989708]]]}},{"type":"Feature","properties":{"id":"cn:4311","name":"永州市","level":1},"geometry":{"type":"Polygon","coordinates":[[[110.946938,25.046763],[110.951374,25.061784],[110.961878,25.0761],[110.956626,25.080835],[110.979048,25.104624],[110.972833,25.11428],[110.978822,25.123159],[110.977937,25.129596],[110.989551,25.149169],[110.996365,25.15457],[110.993996,25.164484],[110.997762,25.168629],[111.029507,25.18191],[111.042086,25.181762],[111.046452,25.189308],[111.061843,25.190345],[111.07265,25.203737],[111.107494,25.219756],[111.112529,25.241956],[111.104534,25.255421],[111.105575,25.264523],[111.098024,25.287756],[111.10824,25.29434],[111.11423,25.293527],[111.133172,25.306255],[111.150193,25.327083],[111.158622,25.345137],[111.164473,25.349022],[111.16588,25.356716],[111.176609,25.369368],[111.205315,25.366334],[111.231513,25.381023],[111.236982,25.390716],[111.252303,25.398818],[111.251713,25.410508],[111.259337,25.427418],[111.273018,25.425643],[111.275613,25.432967],[111.283382,25.435187],[111.294927,25.45117],[111.295586,25.472591],[111.31031,25.490711],[111.312285,25.497693],[111.316098,25.498941],[111.322776,25.52426],[111.322375,25.540219],[111.318529,25.551688],[111.319562,25.566968],[111.331472,25.598638],[111.337913,25.607367],[111.329328,25.621204],[111.312314,25.634152],[111.304692,25.647841],[111.308598,25.685559],[111.303434,25.695268],[111.303434,25.722979],[111.309718,25.72616],[111.313346,25.732451],[111.321932,25.735633],[111.337175,25.731636],[111.385855,25.743661],[111.394075,25.747435],[111.410551,25.771035],[111.427331,25.769464],[111.434701,25.772465],[111.436766,25.780952],[111.430551,25.816469],[111.419527,25.82912],[111.425664,25.847176],[111.451385,25.851024],[111.463173,25.860219],[111.47069,25.859045],[111.480786,25.862333],[111.486663,25.87161],[111.465525,25.878244],[111.451315,25.874016],[111.448728,25.880006],[111.454597,25.887757],[111.450959,25.89128],[111.435109,25.887875],[111.423954,25.889634],[111.412087,25.879537],[111.401046,25.888697],[111.378034,25.884965],[111.37924,25.89157],[111.372773,25.898133],[111.371922,25.908467],[111.361801,25.905414],[111.353286,25.893333],[111.338693,25.910081],[111.323189,25.904563],[111.320256,25.897751],[111.294891,25.882336],[111.285611,25.856824],[111.273277,25.863342],[111.254665,25.864135],[111.244569,25.869537],[111.239162,25.88865],[111.217443,25.908525],[111.219196,25.912753],[111.227365,25.914925],[111.211974,25.92981],[111.215498,25.939439],[111.201288,25.942728],[111.198589,25.95729],[111.184378,25.955294],[111.190837,25.963983],[111.191427,25.973966],[111.201054,25.985533],[111.207225,26.004968],[111.20555,26.01037],[111.210125,26.014936],[111.208718,26.022981],[111.216349,26.027032],[111.225247,26.037659],[111.231592,26.052033],[111.244039,26.055012],[111.248233,26.060089],[111.262269,26.060016],[111.239222,26.080597],[111.260681,26.099297],[111.260828,26.102733],[111.252815,26.100973],[111.264178,26.111674],[111.263354,26.132562],[111.25713,26.139139],[111.25279,26.152613],[111.264413,26.173839],[111.264291,26.181532],[111.269465,26.186964],[111.260541,26.196008],[111.265706,26.205784],[111.263649,26.217936],[111.287841,26.225396],[111.290011,26.243626],[111.286608,26.247912],[111.287311,26.255751],[111.274568,26.275097],[111.261009,26.276273],[111.247207,26.272573],[111.244038,26.266938],[111.233882,26.270488],[111.222606,26.264677],[111.219316,26.273895],[111.213795,26.270312],[111.207572,26.272426],[111.197823,26.282202],[111.203579,26.29427],[111.203847,26.307569],[111.201321,26.310842],[111.172493,26.310388],[111.163621,26.313764],[111.133006,26.309565],[111.111069,26.312368],[111.09883,26.307069],[111.087259,26.309888],[111.074047,26.32144],[111.067379,26.319239],[111.064098,26.322645],[111.059541,26.322102],[111.056902,26.328502],[111.048239,26.322747],[111.040079,26.326432],[111.035678,26.324905],[111.036972,26.336384],[111.028925,26.335269],[111.021052,26.34073],[111.003205,26.340407],[110.997571,26.343519],[110.997805,26.352208],[111.011425,26.369355],[111.014012,26.380746],[111.020236,26.386295],[111.013187,26.39657],[111.024342,26.432829],[111.039723,26.444248],[111.038491,26.454524],[111.047423,26.460338],[111.054992,26.477044],[111.051182,26.489901],[111.056642,26.496214],[111.057224,26.505785],[111.062215,26.510424],[111.061216,26.524838],[111.057988,26.52983],[111.061277,26.537404],[111.058639,26.561683],[111.064333,26.587667],[111.068265,26.591101],[111.081538,26.592159],[111.101616,26.590162],[111.108482,26.612504],[111.103847,26.620724],[111.119758,26.626244],[111.127918,26.623484],[111.131911,26.611917],[111.121755,26.580768],[111.120461,26.557193],[111.136902,26.544597],[111.148647,26.530329],[111.15258,26.52058],[111.160627,26.515062],[111.158804,26.508457],[111.149064,26.504581],[111.153526,26.497712],[111.150175,26.485733],[111.163977,26.47672],[111.169498,26.478482],[111.179333,26.473842],[111.176895,26.465212],[111.195887,26.460704],[111.198526,26.466811],[111.227362,26.485939],[111.246096,26.487261],[111.255722,26.483326],[111.256364,26.492339],[111.263057,26.503202],[111.266581,26.502849],[111.272988,26.49363],[111.283439,26.495744],[111.285253,26.506108],[111.291599,26.515152],[111.283204,26.563064],[111.29166,26.571167],[111.292363,26.580357],[111.299229,26.586757],[111.300696,26.623162],[111.309211,26.63197],[111.306104,26.636783],[111.307155,26.642421],[111.295888,26.647619],[111.290366,26.674187],[111.277736,26.679853],[111.27093,26.692301],[111.297588,26.703428],[111.303691,26.71435],[111.316026,26.71761],[111.316555,26.723246],[111.31133,26.728061],[111.311799,26.736574],[111.319724,26.743269],[111.323777,26.775505],[111.317085,26.781495],[111.318551,26.793236],[111.309915,26.807123],[111.317085,26.81646],[111.316495,26.823506],[111.32442,26.840036],[111.344212,26.854862],[111.345678,26.86496],[111.359125,26.868749],[111.367346,26.861466],[111.38889,26.866253],[111.402988,26.861174],[111.407267,26.862054],[111.415549,26.87139],[111.42442,26.871156],[111.431581,26.86405],[111.437215,26.870509],[111.454542,26.870423],[111.456946,26.864374],[111.46593,26.865314],[111.477024,26.860116],[111.489768,26.86411],[111.502511,26.862994],[111.51179,26.868602],[111.522884,26.868485],[111.526824,26.862788],[111.528292,26.850633],[111.536799,26.846319],[111.543795,26.836041],[111.54047,26.826603],[111.544681,26.82215],[111.546026,26.814003],[111.570089,26.812955],[111.573127,26.802011],[111.582736,26.801213],[111.58521,26.796499],[111.597988,26.789066],[111.610349,26.794986],[111.624376,26.792905],[111.62757,26.799943],[111.635201,26.801547],[111.631764,26.804476],[111.639195,26.806822],[111.637146,26.820835],[111.645522,26.843998],[111.660618,26.846854],[111.681772,26.83639],[111.688283,26.840611],[111.696035,26.839691],[111.696224,26.847898],[111.709099,26.852547],[111.716963,26.848474],[111.722684,26.837558],[111.729035,26.835923],[111.744229,26.844494],[111.74232,26.837375],[111.746807,26.833747],[111.738509,26.827098],[111.73837,26.816796],[111.748196,26.81046],[111.757719,26.814031],[111.766634,26.812206],[111.766234,26.803328],[111.7758,26.792616],[111.791842,26.796047],[111.79705,26.805004],[111.815141,26.808],[111.81863,26.801974],[111.811659,26.787493],[111.82067,26.783834],[111.826443,26.7897],[111.842884,26.792215],[111.853844,26.80315],[111.864558,26.802187],[111.870106,26.787877],[111.880626,26.778098],[111.893673,26.75781],[111.912719,26.752553],[111.911669,26.735234],[111.921773,26.714673],[111.935053,26.70304],[111.943708,26.685097],[111.946608,26.667827],[111.955644,26.656763],[111.955645,26.648853],[111.968205,26.634446],[111.984247,26.628494],[111.992094,26.608585],[112.000575,26.600342],[112.006633,26.603354],[112.014247,26.622591],[112.007085,26.62789],[112.0085,26.631002],[112.000054,26.628261],[111.999342,26.63347],[111.990262,26.642868],[111.990722,26.647538],[112.022979,26.655194],[112.040245,26.646562],[112.050549,26.651254],[112.071252,26.647234],[112.086625,26.636303],[112.088543,26.64838],[112.095602,26.649579],[112.096442,26.655427],[112.104159,26.6573],[112.106694,26.653353],[112.11218,26.653747],[112.110097,26.646657],[112.115054,26.642474],[112.120705,26.638999],[112.127919,26.639379],[112.131954,26.633799],[112.145505,26.629017],[112.144724,26.620327],[112.138934,26.616571],[112.13975,26.608181],[112.135357,26.605785],[112.135992,26.599359],[112.165002,26.588684],[112.166608,26.5825],[112.162639,26.577975],[112.16916,26.57453],[112.168795,26.566493],[112.162806,26.563456],[112.162623,26.558658],[112.154698,26.556293],[112.151816,26.559494],[112.14856,26.553287],[112.143551,26.551145],[112.15719,26.542651],[112.155349,26.538302],[112.148769,26.539106],[112.141756,26.530746],[112.143188,26.523307],[112.139151,26.50773],[112.146876,26.505985],[112.184959,26.540264],[112.207684,26.551946],[112.222398,26.549877],[112.23896,26.534695],[112.237805,26.517475],[112.234767,26.512203],[112.226521,26.506618],[112.205827,26.506133],[112.191563,26.492724],[112.189088,26.482968],[112.18639,26.492216],[112.171711,26.50294],[112.154463,26.497187],[112.153995,26.489618],[112.160636,26.484363],[112.160948,26.480355],[112.146174,26.471191],[112.151478,26.469817],[112.15185,26.461857],[112.157041,26.459793],[112.157033,26.455957],[112.149707,26.44779],[112.140098,26.446823],[112.137163,26.44312],[112.140913,26.438808],[112.140011,26.434958],[112.147172,26.43332],[112.14909,26.423945],[112.14455,26.420353],[112.147702,26.406386],[112.144047,26.404989],[112.138006,26.4109],[112.134663,26.410241],[112.135766,26.391024],[112.146417,26.385306],[112.143136,26.377163],[112.142623,26.360586],[112.147624,26.352801],[112.156573,26.356601],[112.162103,26.354444],[112.162519,26.349934],[112.169376,26.351885],[112.17548,26.347604],[112.1762,26.339837],[112.17192,26.327695],[112.172779,26.30753],[112.184941,26.315518],[112.193535,26.310743],[112.199481,26.318029],[112.206894,26.31112],[112.203422,26.295206],[112.191868,26.280581],[112.195384,26.265661],[112.192722,26.242596],[112.19057,26.23306],[112.184815,26.226921],[112.189607,26.20302],[112.180458,26.188877],[112.194677,26.172015],[112.200701,26.168758],[112.210319,26.171158],[112.211812,26.16871],[112.206526,26.155985],[112.212472,26.152836],[112.217228,26.154027],[112.21893,26.14215],[112.226361,26.13733],[112.224894,26.110271],[112.232993,26.098174],[112.246326,26.092804],[112.256483,26.096091],[112.265762,26.092274],[112.278731,26.105634],[112.286249,26.103166],[112.292177,26.093596],[112.304391,26.102199],[112.309859,26.101552],[112.31637,26.096914],[112.331171,26.075599],[112.323116,26.042149],[112.3063,26.019595],[112.302493,26.021833],[112.304541,26.027183],[112.298115,26.021712],[112.301373,26.020163],[112.293661,26.013885],[112.296146,26.00813],[112.28942,25.998066],[112.294049,25.995898],[112.296831,25.989432],[112.291182,25.976664],[112.287617,25.977415],[112.295606,25.971146],[112.295646,25.967163],[112.306116,25.965502],[112.303551,25.961889],[112.293933,25.965611],[112.292065,25.96217],[112.299088,25.957067],[112.306328,25.958621],[112.311579,25.941375],[112.291432,25.934565],[112.2625,25.903439],[112.260417,25.893339],[112.266745,25.889414],[112.278233,25.890732],[112.278247,25.894198],[112.28329,25.889353],[112.29948,25.893857],[112.331381,25.888703],[112.344227,25.90955],[112.351614,25.911816],[112.354905,25.908817],[112.354071,25.897337],[112.365105,25.871567],[112.372149,25.862352],[112.377778,25.86376],[112.382847,25.861098],[112.379835,25.854963],[112.381495,25.84914],[112.374992,25.840167],[112.356077,25.837022],[112.346831,25.839811],[112.346022,25.837733],[112.35438,25.83073],[112.351607,25.821168],[112.360097,25.816966],[112.356213,25.811991],[112.371555,25.80655],[112.381607,25.808112],[112.381321,25.792202],[112.371513,25.763341],[112.371599,25.75468],[112.386217,25.745168],[112.385167,25.740898],[112.377996,25.733411],[112.346608,25.715244],[112.334794,25.694621],[112.330983,25.693721],[112.316035,25.701359],[112.311608,25.726182],[112.301182,25.732705],[112.289125,25.73241],[112.272769,25.714154],[112.242042,25.706916],[112.237205,25.700919],[112.238114,25.694419],[112.246511,25.692347],[112.237708,25.687806],[112.240288,25.675029],[112.250335,25.65737],[112.251076,25.65256],[112.246699,25.647474],[112.25265,25.646788],[112.250804,25.644599],[112.253173,25.643218],[112.250422,25.634269],[112.242293,25.632267],[112.244146,25.624084],[112.233084,25.602573],[112.2416,25.589654],[112.255168,25.585251],[112.255454,25.579995],[112.240932,25.570501],[112.241166,25.567515],[112.245653,25.561911],[112.253371,25.55918],[112.280446,25.558644],[112.291574,25.551714],[112.300109,25.554268],[112.310091,25.551524],[112.319007,25.530879],[112.316935,25.528601],[112.326436,25.533172],[112.336332,25.533153],[112.337447,25.540518],[112.352355,25.544416],[112.364424,25.542154],[112.366912,25.532776],[112.36354,25.524496],[112.367623,25.520567],[112.365213,25.51792],[112.386515,25.493653],[112.392504,25.479561],[112.3932,25.474379],[112.38661,25.460572],[112.397505,25.454579],[112.406299,25.443285],[112.415136,25.43819],[112.436188,25.407358],[112.436121,25.4022],[112.420946,25.401183],[112.415846,25.39628],[112.428141,25.383424],[112.449736,25.383815],[112.452983,25.377828],[112.447088,25.36821],[112.43899,25.36543],[112.427373,25.37108],[112.414497,25.341728],[112.397655,25.322974],[112.380581,25.315823],[112.369427,25.303492],[112.356752,25.300875],[112.339739,25.29199],[112.339452,25.287401],[112.352139,25.281342],[112.349964,25.266685],[112.355042,25.261244],[112.352161,25.246976],[112.362681,25.235397],[112.36262,25.225521],[112.356136,25.212736],[112.358731,25.194411],[112.347125,25.19069],[112.327021,25.177316],[112.309782,25.177812],[112.3017,25.167594],[112.302056,25.161308],[112.297212,25.160006],[112.281665,25.161821],[112.27604,25.167763],[112.250753,25.16222],[112.249625,25.17631],[112.241256,25.187797],[112.192107,25.189997],[112.181977,25.185872],[112.187784,25.174986],[112.177914,25.151624],[112.179121,25.144954],[112.168722,25.132254],[112.172038,25.125945],[112.171699,25.110145],[112.160388,25.08774],[112.157949,25.072134],[112.146707,25.058681],[112.148096,25.0482],[112.143201,25.039654],[112.150267,25.029716],[112.129164,24.998535],[112.117219,24.993149],[112.115587,24.987453],[112.117072,24.973571],[112.114528,24.966396],[112.119268,24.964065],[112.123365,24.953757],[112.132471,24.948883],[112.136646,24.940647],[112.143738,24.939029],[112.145752,24.935383],[112.151864,24.936251],[112.17037,24.928367],[112.159901,24.886372],[112.161637,24.877192],[112.159449,24.87112],[112.165657,24.865497],[112.161013,24.861691],[112.159727,24.854065],[112.155595,24.852097],[112.155665,24.846953],[112.145847,24.83948],[112.134545,24.847526],[112.118556,24.843809],[112.111324,24.836467],[112.090256,24.827956],[112.090978,24.819939],[112.078303,24.807559],[112.053755,24.802278],[112.05339,24.793505],[112.028416,24.773962],[112.028147,24.756245],[112.024241,24.746575],[112.018754,24.743007],[111.992408,24.761846],[111.964882,24.766729],[111.956003,24.773981],[111.945794,24.772649],[111.939935,24.76356],[111.933068,24.760082],[111.919458,24.760099],[111.898555,24.766553],[111.870029,24.759699],[111.863762,24.763374],[111.863537,24.774857],[111.851193,24.775094],[111.84338,24.779005],[111.830021,24.779933],[111.80884,24.773285],[111.788936,24.777198],[111.774075,24.789602],[111.737044,24.782118],[111.703134,24.791761],[111.696678,24.779497],[111.684326,24.781561],[111.676261,24.777422],[111.661218,24.763844],[111.63719,24.733078],[111.632659,24.718606],[111.638701,24.699551],[111.634135,24.685337],[111.614161,24.686817],[111.592597,24.696985],[111.58857,24.696063],[111.578046,24.684741],[111.565561,24.647738],[111.554934,24.641965],[111.548075,24.649464],[111.540949,24.65181],[111.532709,24.646712],[111.531397,24.640424],[111.524668,24.639527],[111.513788,24.644954],[111.509058,24.658051],[111.493918,24.670639],[111.466201,24.677502],[111.462642,24.669517],[111.447412,24.667683],[111.442842,24.68471],[111.432756,24.683141],[111.425653,24.688561],[111.447771,24.720282],[111.449723,24.727337],[111.457414,24.733651],[111.45882,24.73935],[111.455185,24.750772],[111.461788,24.760858],[111.465034,24.776252],[111.474493,24.777465],[111.47576,24.780316],[111.471453,24.789842],[111.474071,24.800382],[111.471649,24.811122],[111.447544,24.846949],[111.443984,24.859802],[111.456059,24.880495],[111.441658,24.895853],[111.4477,24.907346],[111.459583,24.912775],[111.464818,24.931726],[111.454219,24.93469],[111.434758,24.947281],[111.425904,24.962421],[111.425383,24.969766],[111.427892,24.982403],[111.432935,24.987008],[111.455079,24.995511],[111.461936,25.005229],[111.462926,25.022206],[111.459897,25.026563],[111.433873,25.030186],[111.421737,25.035899],[111.412883,25.044148],[111.411104,25.050346],[111.413344,25.068262],[111.429975,25.096091],[111.431234,25.101145],[111.428447,25.105042],[111.407215,25.103387],[111.402405,25.105672],[111.397345,25.110253],[111.394281,25.127241],[111.381624,25.132951],[111.368353,25.130288],[111.362458,25.111545],[111.354967,25.105798],[111.334355,25.102407],[111.320782,25.105556],[111.305687,25.118969],[111.291478,25.124887],[111.281938,25.148046],[111.269577,25.154003],[111.258031,25.146677],[111.259586,25.141573],[111.256703,25.134691],[111.242345,25.130696],[111.220652,25.11317],[111.216877,25.109253],[111.214134,25.096381],[111.201504,25.087817],[111.195583,25.077458],[111.161955,25.06334],[111.144073,25.048337],[111.098656,25.040388],[111.096582,25.037873],[111.102649,25.01242],[111.096808,24.985004],[111.091703,24.977569],[111.095176,24.948415],[111.092181,24.94358],[111.080861,24.943838],[111.045123,24.931039],[111.018266,24.934331],[111.004351,24.923823],[110.998495,24.92435],[110.992607,24.930065],[110.976927,24.917408],[110.973987,24.918445],[110.975851,24.923663],[110.97936,24.927325],[110.986363,24.92698],[110.990267,24.934389],[110.984291,24.935283],[110.982372,24.941693],[110.98719,24.961929],[110.980671,24.96896],[110.964178,24.974805],[110.963952,24.978505],[110.970315,24.983796],[110.97061,24.990751],[110.954924,25.006732],[110.946938,25.046763]]]}},{"type":"Feature","properties":{"id":"cn:431102","name":"零陵区","level":2},"geometry":{"type":"Polygon","coordinates":[[[111.184265,25.956351],[111.190837,25.963983],[111.191427,25.973966],[111.201054,25.985533],[111.207225,26.004968],[111.20555,26.01037],[111.210125,26.014936],[111.208718,26.022981],[111.216349,26.027032],[111.225247,26.037659],[111.231592,26.052033],[111.244039,26.055012],[111.248233,26.060089],[111.262269,26.060016],[111.239222,26.080597],[111.260681,26.099297],[111.260828,26.102733],[111.252815,26.100973],[111.263649,26.110586],[111.265559,26.122449],[111.271427,26.123974],[111.282234,26.119512],[111.289162,26.125737],[111.290333,26.133371],[111.281878,26.155595],[111.293327,26.164931],[111.305368,26.156357],[111.311184,26.157913],[111.314413,26.164373],[111.306834,26.18237],[111.315116,26.189121],[111.321513,26.190179],[111.331384,26.185716],[111.337546,26.194144],[111.348936,26.190385],[111.361618,26.196433],[111.366843,26.206062],[111.377242,26.212316],[111.386574,26.205036],[111.399022,26.204447],[111.408241,26.215721],[111.409595,26.225322],[111.420047,26.232075],[111.42791,26.247105],[111.483518,26.279987],[111.483458,26.294549],[111.489742,26.302506],[111.4998,26.300625],[111.5125,26.286725],[111.523518,26.283438],[111.527744,26.28566],[111.525528,26.297498],[111.534544,26.29898],[111.547116,26.277501],[111.556792,26.270754],[111.574515,26.270736],[111.571556,26.257421],[111.576815,26.25598],[111.586956,26.261269],[111.593812,26.248028],[111.603247,26.26809],[111.617751,26.283176],[111.618622,26.304823],[111.629836,26.31146],[111.63554,26.310228],[111.637649,26.314219],[111.653153,26.313897],[111.661964,26.32241],[111.657085,26.338236],[111.671764,26.343402],[111.680514,26.340407],[111.684742,26.346484],[111.698361,26.352825],[111.711868,26.351709],[111.720792,26.355702],[111.736416,26.356084],[111.740409,26.340407],[111.745514,26.334888],[111.753647,26.339834],[111.761278,26.33781],[111.768005,26.344502],[111.775228,26.34148],[111.782511,26.351416],[111.781157,26.355937],[111.790844,26.358346],[111.797658,26.352826],[111.809897,26.359828],[111.821026,26.356393],[111.831799,26.360679],[111.847215,26.354235],[111.85508,26.357816],[111.85567,26.348025],[111.862919,26.349493],[111.864125,26.3434],[111.871052,26.340408],[111.868378,26.326271],[111.876781,26.320457],[111.881886,26.310681],[111.89028,26.312911],[111.894924,26.308977],[111.905957,26.283699],[111.903726,26.269431],[111.911426,26.255133],[111.913894,26.236317],[111.902383,26.225103],[111.901732,26.217088],[111.904788,26.21198],[111.912774,26.216207],[111.921758,26.212567],[111.92728,26.205697],[111.927575,26.196066],[111.932852,26.186936],[111.919172,26.18077],[111.9207,26.162568],[111.929745,26.141166],[111.937671,26.134061],[111.95353,26.136057],[111.956932,26.132271],[111.955405,26.125107],[111.938261,26.113365],[111.930336,26.11354],[111.924927,26.110163],[111.910136,26.115799],[111.902445,26.111455],[111.854059,26.14143],[111.839172,26.168689],[111.815865,26.168588],[111.809096,26.167173],[111.803677,26.160675],[111.77458,26.159279],[111.784215,26.141151],[111.775995,26.136014],[111.786975,26.128028],[111.778286,26.125621],[111.765656,26.111676],[111.741351,26.111734],[111.733069,26.098081],[111.739588,26.092444],[111.731602,26.080174],[111.721324,26.081231],[111.714693,26.093562],[111.709874,26.09497],[111.687505,26.085311],[111.656703,26.061619],[111.646241,26.060278],[111.639095,26.064999],[111.636991,26.070358],[111.639797,26.079928],[111.650642,26.085287],[111.64439,26.096258],[111.635523,26.089177],[111.62452,26.091185],[111.605274,26.088231],[111.592592,26.068826],[111.588772,26.035048],[111.585421,26.034578],[111.581636,26.041375],[111.577877,26.040934],[111.564726,26.032465],[111.560646,26.025301],[111.549666,26.021527],[111.544995,26.010049],[111.550222,25.998671],[111.559709,25.992903],[111.570447,25.996792],[111.579614,25.99603],[111.582782,25.991098],[111.580082,25.981644],[111.581957,25.97677],[111.594997,25.970282],[111.605448,25.960361],[111.604623,25.951053],[111.592471,25.935023],[111.582548,25.934904],[111.57168,25.951286],[111.563989,25.954604],[111.534102,25.938986],[111.530759,25.948908],[111.531757,25.95895],[111.518251,25.961005],[111.505629,25.957982],[111.487366,25.981056],[111.473007,25.986445],[111.455273,25.979707],[111.443824,25.993608],[111.43819,25.994224],[111.427417,25.978444],[111.415994,25.976052],[111.414735,25.969284],[111.418632,25.960095],[111.407452,25.944255],[111.400933,25.941069],[111.403841,25.923294],[111.396792,25.912855],[111.40029,25.902743],[111.397236,25.888267],[111.377062,25.885229],[111.37924,25.89157],[111.372773,25.898133],[111.371922,25.908467],[111.361801,25.905414],[111.353286,25.893333],[111.340802,25.909318],[111.335993,25.90973],[111.323189,25.904563],[111.320256,25.897751],[111.294891,25.882336],[111.285611,25.856824],[111.274865,25.862931],[111.254665,25.864135],[111.244569,25.869537],[111.239162,25.88865],[111.217443,25.908525],[111.219196,25.912753],[111.227365,25.914925],[111.211974,25.92981],[111.215498,25.939439],[111.201288,25.942728],[111.198589,25.95729],[111.184265,25.956351]]]}},{"type":"Feature","properties":{"id":"cn:431103","name":"冷水滩区","level":2},"geometry":{"type":"Polygon","coordinates":[[[111.463317,26.780157],[111.466373,26.783856],[111.474941,26.773639],[111.486338,26.779101],[111.497198,26.778895],[111.510114,26.769149],[111.51534,26.769442],[111.519099,26.779483],[111.52896,26.788612],[111.523856,26.81075],[111.540971,26.822001],[111.544203,26.821008],[111.547762,26.812868],[111.567779,26.813918],[111.573127,26.802011],[111.582736,26.801213],[111.586798,26.795817],[111.585305,26.787703],[111.603891,26.768606],[111.616103,26.764906],[111.628135,26.752414],[111.641,26.747996],[111.646191,26.742093],[111.660054,26.737733],[111.665861,26.740407],[111.685479,26.737397],[111.689941,26.720618],[111.704151,26.723686],[111.706495,26.721191],[111.698074,26.708287],[111.701069,26.70136],[111.709107,26.699201],[111.716035,26.692154],[111.731278,26.692493],[111.734802,26.689674],[111.73034,26.681249],[111.731686,26.672955],[111.725054,26.667729],[111.725549,26.661432],[111.732424,26.656264],[111.723083,26.651479],[111.725549,26.643727],[111.719386,26.638912],[111.7481,26.622853],[111.747631,26.611404],[111.742693,26.603389],[111.746807,26.596166],[111.747745,26.574001],[111.754142,26.563667],[111.75403,26.548077],[111.744923,26.540503],[111.752796,26.527291],[111.752145,26.514286],[111.768179,26.512729],[111.779099,26.494335],[111.777632,26.473387],[111.783769,26.448787],[111.778543,26.438481],[111.784914,26.438773],[111.78606,26.43318],[111.794628,26.429101],[111.790348,26.413877],[111.791755,26.410414],[111.796955,26.409428],[111.793838,26.395528],[111.807961,26.379366],[111.809897,26.359828],[111.799125,26.352944],[111.791842,26.358521],[111.781157,26.355937],[111.782511,26.351416],[111.775228,26.34148],[111.768005,26.344502],[111.761278,26.33781],[111.753647,26.339834],[111.745514,26.334888],[111.740409,26.340407],[111.736416,26.356084],[111.720792,26.355702],[111.711868,26.351709],[111.698361,26.352825],[111.684742,26.346484],[111.680514,26.340407],[111.671764,26.343402],[111.657085,26.338236],[111.661373,26.320882],[111.653153,26.313897],[111.637649,26.314219],[111.63554,26.310228],[111.629836,26.31146],[111.618622,26.304823],[111.617751,26.283176],[111.603247,26.26809],[111.593812,26.248028],[111.586956,26.261269],[111.576815,26.25598],[111.571556,26.257421],[111.574515,26.270736],[111.556792,26.270754],[111.547116,26.277501],[111.537794,26.296475],[111.531374,26.299657],[111.536747,26.304149],[111.535159,26.311195],[111.529698,26.316185],[111.534334,26.330071],[111.529169,26.332068],[111.51831,26.349214],[111.518422,26.376899],[111.51232,26.388613],[111.493943,26.393721],[111.489473,26.404613],[111.488952,26.434296],[111.501452,26.432242],[111.519923,26.443793],[111.520862,26.451295],[111.513344,26.446157],[111.507624,26.451061],[111.515575,26.460102],[111.518952,26.470069],[111.527875,26.472242],[111.528761,26.478348],[111.542467,26.483031],[111.553127,26.481358],[111.552189,26.486877],[111.557206,26.497697],[111.553101,26.507311],[111.560463,26.514299],[111.569915,26.538695],[111.571096,26.550881],[111.561113,26.56826],[111.550809,26.563504],[111.53666,26.562374],[111.506625,26.615089],[111.507146,26.621957],[111.523882,26.632322],[111.542025,26.630442],[111.538561,26.638604],[111.524829,26.643537],[111.513257,26.660419],[111.506911,26.663999],[111.502572,26.664587],[111.487953,26.656894],[111.47251,26.655809],[111.471243,26.664366],[111.46396,26.67103],[111.46784,26.675624],[111.489828,26.680249],[111.49074,26.690773],[111.485574,26.696911],[111.476295,26.699274],[111.472745,26.707113],[111.479168,26.711443],[111.479143,26.716668],[111.468717,26.721631],[111.464992,26.726989],[111.466313,26.73794],[111.477059,26.747143],[111.47192,26.753515],[111.473977,26.76266],[111.466104,26.761485],[111.463317,26.780157]]]}},{"type":"Feature","properties":{"id":"cn:431122","name":"东安县","level":2},"geometry":{"type":"Polygon","coordinates":[[[110.996512,26.346573],[111.0035,26.362249],[111.011425,26.369355],[111.014012,26.380746],[111.020236,26.386295],[111.013187,26.39657],[111.024342,26.432829],[111.039723,26.444248],[111.038491,26.454524],[111.047423,26.460338],[111.054992,26.477044],[111.051182,26.489901],[111.056642,26.496214],[111.057224,26.505785],[111.062215,26.510424],[111.061216,26.524838],[111.057988,26.52983],[111.061277,26.537404],[111.058639,26.561683],[111.064333,26.587667],[111.068265,26.591101],[111.081538,26.592159],[111.101616,26.590162],[111.108075,26.608217],[111.104671,26.621546],[111.12205,26.626361],[111.129151,26.621429],[111.131911,26.611917],[111.121755,26.580768],[111.120461,26.557193],[111.136902,26.544597],[111.148647,26.530329],[111.15258,26.52058],[111.160627,26.515062],[111.158804,26.508457],[111.149064,26.504581],[111.153526,26.497712],[111.150175,26.485733],[111.163977,26.47672],[111.169498,26.478482],[111.179333,26.473842],[111.176895,26.465212],[111.195887,26.460704],[111.198526,26.466811],[111.227362,26.485939],[111.246096,26.487261],[111.255722,26.483326],[111.256364,26.492339],[111.263057,26.503202],[111.266581,26.502849],[111.272988,26.49363],[111.283439,26.495744],[111.285253,26.506108],[111.291599,26.515152],[111.283204,26.563064],[111.29166,26.571167],[111.292363,26.580357],[111.299229,26.586757],[111.300696,26.623162],[111.309211,26.63197],[111.306104,26.636783],[111.307155,26.642421],[111.295888,26.647619],[111.290366,26.674187],[111.277736,26.679853],[111.27093,26.692301],[111.297588,26.703428],[111.303691,26.71435],[111.316026,26.71761],[111.316555,26.723246],[111.31133,26.728061],[111.311799,26.736574],[111.319724,26.743269],[111.323777,26.775505],[111.317085,26.781495],[111.318551,26.793236],[111.309915,26.807123],[111.317085,26.81646],[111.316495,26.823506],[111.32442,26.840036],[111.344212,26.854862],[111.345678,26.86496],[111.359125,26.868749],[111.367346,26.861466],[111.38889,26.866253],[111.402988,26.861174],[111.407267,26.862054],[111.415549,26.87139],[111.42442,26.871156],[111.431581,26.86405],[111.437215,26.870509],[111.454542,26.870423],[111.456946,26.864374],[111.46593,26.865314],[111.477024,26.860116],[111.489768,26.86411],[111.502511,26.862994],[111.514376,26.868953],[111.525062,26.866488],[111.528292,26.850633],[111.536799,26.846319],[111.543795,26.836041],[111.54047,26.826603],[111.544681,26.82215],[111.537242,26.820761],[111.533075,26.814947],[111.523856,26.81075],[111.52961,26.7919],[111.526616,26.784884],[111.519099,26.779483],[111.516694,26.77044],[111.510114,26.769149],[111.502301,26.776781],[111.49356,26.779628],[111.474941,26.773639],[111.466373,26.783856],[111.463317,26.780157],[111.466104,26.761485],[111.473977,26.76266],[111.47192,26.753515],[111.477059,26.747143],[111.466313,26.73794],[111.464992,26.726989],[111.468717,26.721631],[111.479143,26.716668],[111.479168,26.711443],[111.472745,26.707113],[111.476295,26.699274],[111.485574,26.696911],[111.49074,26.690773],[111.489828,26.680249],[111.46784,26.675624],[111.46396,26.67103],[111.471243,26.664366],[111.47251,26.655809],[111.487953,26.656894],[111.502572,26.664587],[111.506911,26.663999],[111.513257,26.660419],[111.524829,26.643537],[111.538561,26.638604],[111.542025,26.630442],[111.523882,26.632322],[111.507146,26.621957],[111.506625,26.615089],[111.53666,26.562374],[111.550809,26.563504],[111.561113,26.56826],[111.571096,26.550881],[111.569915,26.538695],[111.560463,26.514299],[111.553101,26.507311],[111.557206,26.497697],[111.552189,26.486877],[111.553127,26.481358],[111.542467,26.483031],[111.528761,26.478348],[111.527875,26.472242],[111.518952,26.470069],[111.515575,26.460102],[111.507624,26.451061],[111.513344,26.446157],[111.520862,26.451295],[111.519923,26.443793],[111.501452,26.432242],[111.488475,26.433591],[111.490887,26.426662],[111.489473,26.404613],[111.493413,26.394486],[111.51232,26.388613],[111.518952,26.375021],[111.51831,26.349214],[111.529169,26.332068],[111.534334,26.330071],[111.529698,26.316185],[111.535159,26.311195],[111.536747,26.304149],[111.525528,26.297498],[111.526867,26.28447],[111.5125,26.286725],[111.4998,26.300625],[111.489742,26.302506],[111.483458,26.294549],[111.483518,26.279987],[111.42791,26.247105],[111.420047,26.232075],[111.409595,26.225322],[111.408241,26.215721],[111.399022,26.204447],[111.386574,26.205036],[111.377242,26.212316],[111.366843,26.206062],[111.361618,26.196433],[111.348936,26.190385],[111.337546,26.194144],[111.331384,26.185716],[111.319343,26.19012],[111.308657,26.185069],[111.306834,26.18237],[111.313822,26.161261],[111.307304,26.156006],[111.293327,26.164931],[111.281878,26.155595],[111.287338,26.145378],[111.290098,26.128321],[111.280003,26.119278],[111.271427,26.123974],[111.265559,26.122449],[111.25279,26.152613],[111.264413,26.173839],[111.264291,26.181532],[111.269465,26.186964],[111.260541,26.196008],[111.265706,26.205784],[111.263649,26.217936],[111.28614,26.224102],[111.288605,26.227626],[111.290368,26.240866],[111.286608,26.247912],[111.287311,26.255751],[111.275983,26.274453],[111.261009,26.276273],[111.247207,26.272573],[111.244038,26.266938],[111.233882,26.270488],[111.222606,26.264677],[111.219316,26.273895],[111.211035,26.270548],[111.197823,26.282202],[111.203579,26.29427],[111.203847,26.307569],[111.201321,26.310842],[111.172493,26.310388],[111.163621,26.313764],[111.133006,26.309565],[111.111069,26.312368],[111.09883,26.307069],[111.087259,26.309888],[111.074047,26.32144],[111.067379,26.319239],[111.064098,26.322645],[111.059541,26.322102],[111.056902,26.328502],[111.048239,26.322747],[111.040079,26.326432],[111.035678,26.324905],[111.036972,26.336384],[111.026989,26.33568],[111.017414,26.341258],[111.003205,26.340407],[110.996512,26.346573]]]}},{"type":"Feature","properties":{"id":"cn:431123","name":"双牌县","level":2},"geometry":{"type":"Polygon","coordinates":[[[111.396644,25.911711],[111.403841,25.923294],[111.400933,25.941069],[111.407452,25.944255],[111.418632,25.960095],[111.415169,25.974465],[111.427417,25.978444],[111.439275,25.994428],[111.443824,25.993608],[111.455273,25.979707],[111.473007,25.986445],[111.487366,25.981056],[111.505629,25.957982],[111.518251,25.961005],[111.531757,25.95895],[111.530759,25.948908],[111.534102,25.938986],[111.563989,25.954604],[111.57168,25.951286],[111.582548,25.934904],[111.592471,25.935023],[111.604623,25.951053],[111.605448,25.960361],[111.594997,25.970282],[111.581957,25.97677],[111.580082,25.981644],[111.582782,25.991098],[111.579614,25.99603],[111.570447,25.996792],[111.561349,25.99261],[111.551106,25.997645],[111.54497,26.008507],[111.548459,26.020325],[111.560646,26.025301],[111.564726,26.032465],[111.578815,26.041462],[111.582486,26.040787],[111.585421,26.034578],[111.588772,26.035048],[111.592592,26.068826],[111.605274,26.088231],[111.62452,26.091185],[111.635523,26.089177],[111.64439,26.096258],[111.650642,26.085287],[111.639797,26.079928],[111.636991,26.070358],[111.639095,26.064999],[111.646241,26.060278],[111.656703,26.061619],[111.687505,26.085311],[111.709874,26.09497],[111.714693,26.093562],[111.721324,26.081231],[111.731602,26.080174],[111.739588,26.092444],[111.733069,26.098081],[111.741351,26.111734],[111.765656,26.111676],[111.778286,26.125621],[111.786975,26.128028],[111.775995,26.136014],[111.784215,26.141151],[111.779927,26.151838],[111.77411,26.156725],[111.775109,26.159779],[111.803677,26.160675],[111.809096,26.167173],[111.815865,26.168588],[111.839172,26.168689],[111.854059,26.14143],[111.902445,26.111455],[111.910136,26.115799],[111.924927,26.110163],[111.930336,26.11354],[111.938261,26.113365],[111.955405,26.125107],[111.980804,26.105895],[111.974268,26.092221],[111.972386,26.033194],[111.960294,26.022724],[111.951784,26.024104],[111.946794,26.029966],[111.932748,26.020753],[111.926149,26.023882],[111.920429,26.020442],[111.921039,26.011255],[111.906473,25.976128],[111.89999,25.938329],[111.894391,25.934963],[111.877559,25.934993],[111.871083,25.93171],[111.86966,25.898654],[111.872793,25.866977],[111.877307,25.852617],[111.859443,25.843818],[111.844921,25.821871],[111.83025,25.812579],[111.815865,25.761486],[111.80146,25.753741],[111.799942,25.746321],[111.792381,25.742485],[111.785924,25.748805],[111.781817,25.748654],[111.783813,25.73305],[111.777893,25.732314],[111.778702,25.724692],[111.760048,25.711811],[111.753364,25.682294],[111.735243,25.665905],[111.738461,25.65966],[111.729553,25.647898],[111.720588,25.640113],[111.697487,25.641529],[111.681654,25.62711],[111.681129,25.623337],[111.690123,25.611453],[111.683852,25.603766],[111.672007,25.608866],[111.667767,25.621454],[111.658881,25.630185],[111.663553,25.637648],[111.652701,25.64153],[111.652289,25.649716],[111.635862,25.655841],[111.624382,25.67305],[111.602423,25.682979],[111.59997,25.690697],[111.601675,25.698923],[111.598859,25.698818],[111.59479,25.688536],[111.584658,25.690746],[111.580073,25.714757],[111.583097,25.720792],[111.5721,25.724724],[111.56579,25.733902],[111.563738,25.751259],[111.573725,25.769344],[111.563789,25.7803],[111.568654,25.790675],[111.555172,25.788647],[111.541887,25.792329],[111.539596,25.803973],[111.529686,25.812584],[111.533517,25.820775],[111.531624,25.823445],[111.52697,25.823461],[111.5203,25.816543],[111.509275,25.814323],[111.495291,25.819948],[111.472573,25.839444],[111.453121,25.846842],[111.451385,25.851024],[111.459648,25.858811],[111.480786,25.862333],[111.486663,25.87161],[111.465525,25.878244],[111.451315,25.874016],[111.448728,25.880006],[111.454597,25.887757],[111.450959,25.89128],[111.435109,25.887875],[111.423954,25.889634],[111.410325,25.879772],[111.403164,25.887992],[111.397236,25.888267],[111.40029,25.902743],[111.396644,25.911711]]]}},{"type":"Feature","properties":{"id":"cn:431124","name":"道县","level":2},"geometry":{"type":"Polygon","coordinates":[[[111.299737,25.47999],[111.31031,25.490711],[111.312908,25.498479],[111.316098,25.498941],[111.322776,25.52426],[111.322375,25.540219],[111.318529,25.551688],[111.319562,25.566968],[111.331472,25.598638],[111.337913,25.607367],[111.329328,25.621204],[111.312314,25.634152],[111.304692,25.647841],[111.308598,25.685559],[111.303434,25.695268],[111.303434,25.722979],[111.309718,25.72616],[111.313346,25.732451],[111.321932,25.735633],[111.337175,25.731636],[111.385855,25.743661],[111.394075,25.747435],[111.410551,25.771035],[111.427331,25.769464],[111.434701,25.772465],[111.436766,25.780952],[111.430551,25.816469],[111.419527,25.82912],[111.427738,25.849172],[111.451385,25.851024],[111.453121,25.846842],[111.472573,25.839444],[111.495291,25.819948],[111.509275,25.814323],[111.5203,25.816543],[111.52697,25.823461],[111.531624,25.823445],[111.533517,25.820775],[111.529686,25.812584],[111.539596,25.803973],[111.541887,25.792329],[111.555172,25.788647],[111.567341,25.79123],[111.569758,25.788655],[111.563749,25.780615],[111.573725,25.769344],[111.563738,25.751259],[111.56579,25.733902],[111.5721,25.724724],[111.583097,25.720792],[111.580073,25.714757],[111.584658,25.690746],[111.59479,25.688536],[111.598859,25.698818],[111.601675,25.698923],[111.59997,25.690697],[111.602423,25.682979],[111.624382,25.67305],[111.635862,25.655841],[111.651022,25.650859],[111.652701,25.64153],[111.662354,25.639296],[111.663339,25.635276],[111.658881,25.630185],[111.667767,25.621454],[111.672007,25.608866],[111.683136,25.6037],[111.689056,25.607071],[111.689918,25.61259],[111.680693,25.624882],[111.697487,25.641529],[111.720588,25.640113],[111.731032,25.649796],[111.727856,25.629481],[111.739038,25.628051],[111.748887,25.620464],[111.744511,25.595483],[111.747747,25.589982],[111.760203,25.594445],[111.759289,25.602526],[111.788804,25.633917],[111.789712,25.646683],[111.808488,25.643738],[111.811365,25.629624],[111.825686,25.622503],[111.821476,25.609593],[111.832708,25.602983],[111.834115,25.59026],[111.844288,25.57934],[111.843698,25.567189],[111.836181,25.550596],[111.826588,25.540559],[111.823612,25.526934],[111.812326,25.524925],[111.806354,25.518341],[111.783987,25.519815],[111.784566,25.506539],[111.79366,25.507798],[111.79138,25.498142],[111.774228,25.485323],[111.764514,25.47345],[111.756276,25.453447],[111.755799,25.439218],[111.760418,25.436205],[111.780287,25.436933],[111.795218,25.443684],[111.808065,25.45676],[111.82007,25.457695],[111.824923,25.454434],[111.849554,25.363145],[111.858469,25.349075],[111.877227,25.30502],[111.885961,25.302915],[111.897306,25.30917],[111.899762,25.300751],[111.908235,25.291303],[111.909807,25.281099],[111.902384,25.265654],[111.919627,25.244572],[111.913279,25.237742],[111.919535,25.228948],[111.920123,25.221137],[111.895457,25.198766],[111.871914,25.191824],[111.861116,25.17864],[111.839094,25.178961],[111.801099,25.153507],[111.792687,25.156508],[111.770048,25.184677],[111.738754,25.197686],[111.729831,25.219106],[111.712643,25.223507],[111.702487,25.230738],[111.697809,25.236515],[111.691264,25.261443],[111.659927,25.287424],[111.653416,25.298227],[111.62056,25.30485],[111.618564,25.308845],[111.623008,25.319501],[111.609466,25.328453],[111.594961,25.325418],[111.591185,25.321497],[111.588077,25.313728],[111.593662,25.302035],[111.589727,25.299216],[111.569065,25.302369],[111.566469,25.309251],[111.559889,25.3074],[111.55863,25.313986],[111.547607,25.323604],[111.537762,25.319609],[111.52962,25.309547],[111.518231,25.302182],[111.512753,25.302553],[111.507059,25.308695],[111.494523,25.304308],[111.488,25.296742],[111.482532,25.274335],[111.47713,25.267945],[111.467477,25.265278],[111.462679,25.271363],[111.463077,25.278612],[111.468284,25.282137],[111.467013,25.289391],[111.470956,25.301856],[111.462039,25.310715],[111.457955,25.325903],[111.459413,25.344446],[111.46519,25.344065],[111.467076,25.338336],[111.470329,25.340984],[111.46784,25.352092],[111.457337,25.357641],[111.45548,25.364892],[111.450376,25.367962],[111.450749,25.372181],[111.44239,25.377582],[111.43107,25.3973],[111.414863,25.394785],[111.398067,25.406328],[111.385263,25.404367],[111.379638,25.397337],[111.364473,25.395933],[111.364473,25.407105],[111.355891,25.412991],[111.347158,25.43874],[111.333695,25.453649],[111.299737,25.47999]]]}},{"type":"Feature","properties":{"id":"cn:431125","name":"江永县","level":2},"geometry":{"type":"Polygon","coordinates":[[[110.946938,25.046763],[110.951374,25.061784],[110.961878,25.0761],[110.956626,25.080835],[110.979048,25.104624],[110.972833,25.11428],[110.978822,25.123159],[110.977937,25.129596],[110.989551,25.149169],[110.996365,25.15457],[110.993996,25.164484],[110.997762,25.168629],[111.029507,25.18191],[111.042086,25.181762],[111.046452,25.189308],[111.061843,25.190345],[111.07265,25.203737],[111.107494,25.219756],[111.112529,25.241956],[111.104534,25.255421],[111.105575,25.264523],[111.098024,25.287756],[111.10824,25.29434],[111.11423,25.293527],[111.133172,25.306255],[111.150193,25.327083],[111.158622,25.345137],[111.164473,25.349022],[111.16588,25.356716],[111.176609,25.369368],[111.205315,25.366334],[111.222781,25.378286],[111.230028,25.379913],[111.236982,25.390716],[111.252303,25.398818],[111.251713,25.410508],[111.258148,25.426088],[111.263695,25.428603],[111.273018,25.425643],[111.275613,25.432967],[111.283382,25.435187],[111.294927,25.45117],[111.295586,25.472591],[111.299737,25.47999],[111.333695,25.453649],[111.347158,25.43874],[111.355891,25.412991],[111.364473,25.407105],[111.364473,25.395933],[111.379638,25.397337],[111.385263,25.404367],[111.398067,25.406328],[111.414863,25.394785],[111.43107,25.3973],[111.44239,25.377582],[111.450749,25.372181],[111.450376,25.367962],[111.45548,25.364892],[111.457337,25.357641],[111.469689,25.349577],[111.467622,25.348683],[111.470329,25.340984],[111.467076,25.338336],[111.46519,25.344065],[111.459413,25.344446],[111.458075,25.335614],[111.458621,25.317321],[111.471317,25.299326],[111.467393,25.291751],[111.468284,25.282137],[111.463077,25.278612],[111.464637,25.267996],[111.459551,25.265789],[111.455986,25.258527],[111.461198,25.253475],[111.461501,25.232072],[111.44044,25.212553],[111.448211,25.193506],[111.45281,25.189855],[111.46267,25.19542],[111.486182,25.193106],[111.492711,25.189523],[111.502952,25.164372],[111.500207,25.152953],[111.490825,25.139661],[111.490887,25.134964],[111.49817,25.126627],[111.495304,25.115164],[111.520183,25.131088],[111.532726,25.125552],[111.537267,25.11772],[111.526885,25.098742],[111.497544,25.091257],[111.494141,25.053668],[111.469723,25.046861],[111.459897,25.026563],[111.433873,25.030186],[111.417943,25.038189],[111.412883,25.044148],[111.413344,25.068262],[111.431234,25.101145],[111.423638,25.106179],[111.407215,25.103387],[111.402405,25.105672],[111.397345,25.110253],[111.394281,25.127241],[111.389715,25.131136],[111.369689,25.131175],[111.362458,25.111545],[111.349341,25.103725],[111.334355,25.102407],[111.316758,25.107136],[111.305687,25.118969],[111.291478,25.124887],[111.281938,25.148046],[111.269577,25.154003],[111.258031,25.146677],[111.259586,25.141573],[111.256703,25.134691],[111.242345,25.130696],[111.220652,25.11317],[111.216877,25.109253],[111.214134,25.096381],[111.201504,25.087817],[111.195583,25.077458],[111.161955,25.06334],[111.144073,25.048337],[111.098656,25.040388],[111.096582,25.037873],[111.102649,25.01242],[111.096808,24.985004],[111.091703,24.977569],[111.095176,24.948415],[111.092181,24.94358],[111.080861,24.943838],[111.045123,24.931039],[111.018266,24.934331],[111.004351,24.923823],[110.998495,24.92435],[110.992607,24.930065],[110.975094,24.917465],[110.978854,24.927123],[110.986363,24.92698],[110.989998,24.933265],[110.984291,24.935283],[110.982372,24.941693],[110.98719,24.961929],[110.980671,24.96896],[110.964178,24.974805],[110.963952,24.978505],[110.970315,24.983796],[110.97061,24.990751],[110.954924,25.006732],[110.946938,25.046763]]]}},{"type":"Feature","properties":{"id":"cn:431126","name":"宁远县","level":2},"geometry":{"type":"Polygon","coordinates":[[[111.727856,25.629481],[111.731032,25.649796],[111.738461,25.65966],[111.735243,25.665905],[111.753364,25.682294],[111.760048,25.711811],[111.778702,25.724692],[111.777893,25.732314],[111.783813,25.73305],[111.781817,25.748654],[111.785924,25.748805],[111.792381,25.742485],[111.799942,25.746321],[111.80146,25.753741],[111.815865,25.761486],[111.83025,25.812579],[111.844921,25.821871],[111.859443,25.843818],[111.877307,25.852617],[111.872793,25.866977],[111.86966,25.898654],[111.871083,25.93171],[111.877559,25.934993],[111.894391,25.934963],[111.89999,25.938329],[111.906473,25.976128],[111.921039,26.011255],[111.920429,26.020442],[111.926149,26.023882],[111.932748,26.020753],[111.946794,26.029966],[111.951784,26.024104],[111.960294,26.022724],[111.972386,26.033194],[111.974268,26.092221],[111.980153,26.102549],[111.996534,26.09386],[112.003583,26.093155],[112.011803,26.09838],[112.027653,26.097353],[112.02965,26.100758],[112.024659,26.10657],[112.038348,26.112443],[112.037228,26.123981],[112.041281,26.136604],[112.048269,26.137957],[112.063985,26.12882],[112.070847,26.122611],[112.065119,26.117453],[112.05798,26.12123],[112.048203,26.116379],[112.046017,26.112721],[112.048578,26.104706],[112.039876,26.095046],[112.048683,26.089579],[112.050357,26.081235],[112.072238,26.074496],[112.072873,26.065415],[112.087806,26.050177],[112.084794,26.043068],[112.088253,26.038135],[112.092116,26.016473],[112.09907,26.007409],[112.101813,25.994386],[112.109582,25.98499],[112.101813,25.969561],[112.103072,25.956837],[112.089157,25.93941],[112.087386,25.928681],[112.091006,25.928162],[112.099218,25.937561],[112.111058,25.94237],[112.114019,25.936895],[112.105069,25.88055],[112.092638,25.867859],[112.088194,25.857427],[112.091528,25.852247],[112.107509,25.854615],[112.108324,25.839411],[112.106475,25.823649],[112.099965,25.810769],[112.089679,25.802397],[112.082396,25.789713],[112.082691,25.754743],[112.085382,25.747844],[112.10106,25.741033],[112.12053,25.744478],[112.134663,25.75543],[112.141919,25.751139],[112.150574,25.753062],[112.151459,25.747142],[112.144949,25.736673],[112.138733,25.732159],[112.122918,25.730208],[112.143473,25.712042],[112.141659,25.700057],[112.129524,25.699575],[112.128005,25.691213],[112.132779,25.689013],[112.141989,25.693952],[112.159567,25.689975],[112.165931,25.684797],[112.165852,25.676361],[112.17436,25.673475],[112.176365,25.662783],[112.180583,25.663004],[112.180505,25.676914],[112.190053,25.685574],[112.19567,25.703292],[112.215575,25.694193],[112.228598,25.69879],[112.230929,25.703184],[112.237205,25.700919],[112.240288,25.675029],[112.250335,25.65737],[112.251076,25.65256],[112.246699,25.647474],[112.25265,25.646788],[112.250804,25.644599],[112.253173,25.643218],[112.250422,25.634269],[112.242293,25.632267],[112.244146,25.624084],[112.2335,25.606813],[112.217381,25.617881],[112.199829,25.607415],[112.18238,25.608899],[112.151426,25.578285],[112.118423,25.558003],[112.10676,25.555716],[112.101046,25.550594],[112.099004,25.542477],[112.090822,25.536239],[112.07684,25.554176],[112.074164,25.553303],[112.081471,25.538357],[112.075818,25.524044],[112.077712,25.51485],[112.074022,25.509662],[112.056322,25.503788],[112.047233,25.493966],[112.045558,25.481186],[112.039733,25.481523],[112.035324,25.490975],[112.030063,25.491967],[112.024707,25.488137],[112.021764,25.478879],[112.026356,25.474805],[112.024687,25.467292],[112.027812,25.463912],[112.033975,25.464709],[112.033803,25.469012],[112.037613,25.471173],[112.073319,25.464175],[112.07403,25.459995],[112.071383,25.458536],[112.048231,25.458037],[112.044352,25.449984],[112.047526,25.444181],[112.071435,25.441519],[112.073866,25.436321],[112.062851,25.427988],[112.063171,25.42544],[112.081734,25.408036],[112.087889,25.398248],[112.08551,25.393331],[112.075163,25.39071],[112.071925,25.384459],[112.081726,25.340432],[112.081231,25.315855],[112.076369,25.304639],[112.083201,25.286538],[112.083418,25.275486],[112.078539,25.267493],[112.059451,25.263081],[112.055049,25.24057],[112.045935,25.233513],[112.037991,25.238996],[112.031426,25.233744],[112.012011,25.230869],[112.008419,25.210802],[111.999511,25.207683],[111.991708,25.200447],[111.987536,25.20177],[111.985591,25.211057],[111.963983,25.225063],[111.95899,25.224656],[111.954678,25.21868],[111.946522,25.217301],[111.935384,25.221439],[111.934452,25.225838],[111.923976,25.23217],[111.919535,25.228948],[111.9164,25.231821],[111.913714,25.240222],[111.919627,25.244572],[111.902384,25.265654],[111.909807,25.281099],[111.908235,25.291303],[111.899762,25.300751],[111.897306,25.30917],[111.885961,25.302915],[111.877227,25.30502],[111.858469,25.349075],[111.849554,25.363145],[111.824923,25.454434],[111.82007,25.457695],[111.808065,25.45676],[111.795218,25.443684],[111.780287,25.436933],[111.760418,25.436205],[111.755799,25.439218],[111.756276,25.453447],[111.764514,25.47345],[111.774228,25.485323],[111.79138,25.498142],[111.79366,25.507798],[111.784566,25.506539],[111.783987,25.519815],[111.806354,25.518341],[111.812326,25.524925],[111.823612,25.526934],[111.826588,25.540559],[111.836181,25.550596],[111.843698,25.567189],[111.844288,25.57934],[111.834115,25.59026],[111.832708,25.602983],[111.821476,25.609593],[111.825686,25.622503],[111.811365,25.629624],[111.808488,25.643738],[111.789712,25.646683],[111.788804,25.633917],[111.759289,25.602526],[111.760203,25.594445],[111.747747,25.589982],[111.744511,25.595483],[111.74798,25.6231],[111.739038,25.628051],[111.727856,25.629481]],[[112.073144,25.797113],[112.068994,25.799824],[112.070611,25.794658],[112.073144,25.797113]],[[112.064228,25.809347],[112.07174,25.808817],[112.076918,25.816766],[112.070857,25.817157],[112.063705,25.810616],[112.05735,25.816653],[112.058233,25.822404],[112.052655,25.825288],[112.041047,25.819196],[112.044601,25.814341],[112.043725,25.808755],[112.05371,25.81038],[112.056436,25.802838],[112.060582,25.803661],[112.059798,25.806346],[112.064228,25.809347]],[[112.102037,25.917408],[112.096899,25.92614],[112.092635,25.922546],[112.082375,25.923814],[112.079769,25.921301],[112.079741,25.918172],[112.088658,25.91408],[112.095214,25.916217],[112.096615,25.913226],[112.102037,25.917408]]]}},{"type":"Feature","properties":{"id":"cn:431127","name":"蓝山县","level":2},"geometry":{"type":"Polygon","coordinates":[[[111.90918,25.057728],[111.913659,25.103689],[111.922487,25.125029],[111.926924,25.126847],[111.936064,25.123566],[111.942158,25.127358],[111.952132,25.153919],[111.965448,25.158794],[111.973434,25.169775],[111.973895,25.182336],[111.967335,25.201303],[111.97266,25.211756],[111.975628,25.215167],[111.982562,25.213154],[111.986987,25.20887],[111.987536,25.20177],[111.99403,25.201323],[111.999511,25.207683],[112.008419,25.210802],[112.012011,25.230869],[112.031426,25.233744],[112.037991,25.238996],[112.045935,25.233513],[112.056716,25.242545],[112.059451,25.263081],[112.078539,25.267493],[112.083418,25.275486],[112.083201,25.286538],[112.076369,25.304639],[112.081231,25.315855],[112.081726,25.340432],[112.071925,25.384459],[112.075163,25.39071],[112.08551,25.393331],[112.087889,25.398248],[112.081734,25.408036],[112.063171,25.42544],[112.062851,25.427988],[112.073866,25.436321],[112.071435,25.441519],[112.047526,25.444181],[112.044352,25.449984],[112.046331,25.456308],[112.051383,25.459465],[112.071383,25.458536],[112.074413,25.461811],[112.070879,25.465696],[112.037613,25.471173],[112.033803,25.469012],[112.033975,25.464709],[112.027812,25.463912],[112.024687,25.467292],[112.026356,25.474805],[112.021764,25.478879],[112.024707,25.488137],[112.030063,25.491967],[112.035324,25.490975],[112.039733,25.481523],[112.045558,25.481186],[112.050029,25.497481],[112.056322,25.503788],[112.068665,25.505832],[112.077712,25.51485],[112.075818,25.524044],[112.081471,25.538357],[112.074164,25.553303],[112.07684,25.554176],[112.090822,25.536239],[112.099004,25.542477],[112.101046,25.550594],[112.10676,25.555716],[112.118423,25.558003],[112.151426,25.578285],[112.178926,25.606801],[112.185723,25.609393],[112.199829,25.607415],[112.217381,25.617881],[112.2335,25.606813],[112.235611,25.596643],[112.2416,25.589654],[112.255168,25.585251],[112.252347,25.575946],[112.240932,25.570501],[112.245653,25.561911],[112.264968,25.557784],[112.280446,25.558644],[112.291574,25.551714],[112.305422,25.553794],[112.314384,25.545753],[112.3134,25.542045],[112.319007,25.530879],[112.316935,25.528601],[112.326436,25.533172],[112.336332,25.533153],[112.337447,25.540518],[112.352355,25.544416],[112.364424,25.542154],[112.366912,25.532776],[112.36354,25.524496],[112.367623,25.520567],[112.365213,25.51792],[112.386515,25.493653],[112.392504,25.479561],[112.3932,25.474379],[112.38661,25.460572],[112.397505,25.454579],[112.406299,25.443285],[112.415136,25.43819],[112.436188,25.407358],[112.436121,25.4022],[112.420946,25.401183],[112.415846,25.39628],[112.428141,25.383424],[112.449736,25.383815],[112.452983,25.377828],[112.447088,25.36821],[112.43899,25.36543],[112.427373,25.37108],[112.414497,25.341728],[112.397655,25.322974],[112.380581,25.315823],[112.369427,25.303492],[112.356752,25.300875],[112.339739,25.29199],[112.339452,25.287401],[112.352139,25.281342],[112.349964,25.266685],[112.355042,25.261244],[112.352161,25.246976],[112.362681,25.235397],[112.36262,25.225521],[112.356136,25.212736],[112.358731,25.194411],[112.347125,25.19069],[112.327021,25.177316],[112.309782,25.177812],[112.3017,25.167594],[112.302056,25.161308],[112.297212,25.160006],[112.281665,25.161821],[112.27604,25.167763],[112.250753,25.16222],[112.249625,25.17631],[112.241256,25.187797],[112.192107,25.189997],[112.182619,25.186445],[112.187784,25.174986],[112.177914,25.151624],[112.179121,25.144954],[112.168722,25.132254],[112.172038,25.125945],[112.171699,25.110145],[112.160388,25.08774],[112.157949,25.072134],[112.150969,25.066654],[112.147106,25.056394],[112.121068,25.049346],[112.111863,25.054796],[112.105178,25.04746],[112.099088,25.032581],[112.091629,25.031129],[112.082449,25.034828],[112.064362,25.015649],[112.03784,25.024377],[112.023756,25.022155],[112.019594,25.043229],[111.994276,25.041654],[111.988251,25.048147],[111.980335,25.050903],[111.970821,25.041563],[111.970578,25.02732],[111.96511,25.014297],[111.958486,25.010079],[111.938451,25.013062],[111.934754,25.014425],[111.928763,25.030172],[111.912357,25.04536],[111.90918,25.057728]]]}},{"type":"Feature","properties":{"id":"cn:431128","name":"新田县","level":2},"geometry":{"type":"MultiPolygon","coordinates":[[[[112.080642,25.779466],[112.085451,25.796664],[112.099965,25.810769],[112.106475,25.823649],[112.107509,25.854615],[112.091528,25.852247],[112.088194,25.857427],[112.092638,25.867859],[112.105069,25.88055],[112.114019,25.936895],[112.111058,25.94237],[112.099218,25.937561],[112.091006,25.928162],[112.087386,25.928681],[112.089157,25.93941],[112.103072,25.956837],[112.101813,25.969561],[112.109582,25.98499],[112.101813,25.994386],[112.09907,26.007409],[112.092116,26.016473],[112.088253,26.038135],[112.095415,26.036668],[112.108097,26.044772],[112.13294,26.069462],[112.148202,26.072515],[112.170754,26.092304],[112.193531,26.10205],[112.202229,26.099702],[112.219139,26.114147],[112.224303,26.115087],[112.227473,26.10393],[112.232993,26.098174],[112.246326,26.092804],[112.256483,26.096091],[112.265762,26.092274],[112.278731,26.105634],[112.286249,26.103166],[112.292177,26.093596],[112.304391,26.102199],[112.312906,26.099789],[112.331171,26.075599],[112.323116,26.042149],[112.312717,26.025685],[112.3063,26.019595],[112.302493,26.021833],[112.304541,26.027183],[112.293661,26.013885],[112.296146,26.00813],[112.289334,25.996638],[112.294049,25.995898],[112.296831,25.989432],[112.291182,25.976664],[112.287617,25.977415],[112.295606,25.971146],[112.295646,25.967163],[112.306116,25.965502],[112.303551,25.961889],[112.293933,25.965611],[112.292065,25.96217],[112.299088,25.957067],[112.306328,25.958621],[112.311579,25.941375],[112.291432,25.934565],[112.25967,25.897019],[112.262439,25.891036],[112.266745,25.889414],[112.278233,25.890732],[112.278247,25.894198],[112.28329,25.889353],[112.29948,25.893857],[112.328568,25.888257],[112.338038,25.896944],[112.344227,25.90955],[112.351614,25.911816],[112.354905,25.908817],[112.354071,25.897337],[112.365105,25.871567],[112.372149,25.862352],[112.382286,25.86191],[112.379835,25.854963],[112.38176,25.850428],[112.374416,25.839818],[112.356077,25.837022],[112.346831,25.839811],[112.346022,25.837733],[112.35438,25.83073],[112.351607,25.821168],[112.360097,25.816966],[112.356213,25.811991],[112.371555,25.80655],[112.381607,25.808112],[112.381321,25.792202],[112.371513,25.763341],[112.371599,25.75468],[112.386217,25.745168],[112.385167,25.740898],[112.377996,25.733411],[112.346608,25.715244],[112.337858,25.697137],[112.330983,25.693721],[112.316035,25.701359],[112.311608,25.726182],[112.301182,25.732705],[112.287129,25.731375],[112.272769,25.714154],[112.242042,25.706916],[112.237205,25.700919],[112.230929,25.703184],[112.229058,25.699072],[112.218023,25.694562],[112.19567,25.703292],[112.190053,25.685574],[112.180505,25.676914],[112.178509,25.66219],[112.175696,25.66367],[112.17436,25.673475],[112.165852,25.676361],[112.165931,25.684797],[112.159567,25.689975],[112.141989,25.693952],[112.132779,25.689013],[112.128005,25.691213],[112.129524,25.699575],[112.141659,25.700057],[112.143473,25.712042],[112.122918,25.730208],[112.138733,25.732159],[112.144949,25.736673],[112.151459,25.747142],[112.150574,25.753062],[112.141919,25.751139],[112.134663,25.75543],[112.12053,25.744478],[112.09501,25.741843],[112.085382,25.747844],[112.082691,25.754743],[112.080642,25.779466]]],[[[112.040806,25.818587],[112.051445,25.825435],[112.058233,25.822404],[112.05735,25.816653],[112.063705,25.810616],[112.070857,25.817157],[112.077367,25.815693],[112.074389,25.815336],[112.07174,25.808817],[112.064228,25.809347],[112.057308,25.802558],[112.05371,25.81038],[112.043725,25.808755],[112.044601,25.814341],[112.040806,25.818587]]],[[[112.079741,25.918172],[112.081109,25.923675],[112.092635,25.922546],[112.096899,25.92614],[112.102025,25.916215],[112.096615,25.913226],[112.095214,25.916217],[112.088658,25.91408],[112.079741,25.918172]]],[[[112.237708,25.687806],[112.240454,25.695461],[112.246576,25.692079],[112.237708,25.687806]]],[[[112.068994,25.799824],[112.071126,25.799616],[112.072923,25.796071],[112.069261,25.795292],[112.068994,25.799824]]]]}},{"type":"Feature","properties":{"id":"cn:431129","name":"江华瑶族自治县","level":2},"geometry":{"type":"Polygon","coordinates":[[[111.425904,24.962421],[111.427892,24.982403],[111.432935,24.987008],[111.453421,24.994306],[111.461936,25.005229],[111.462926,25.022206],[111.459897,25.026563],[111.469723,25.046861],[111.494141,25.053668],[111.497544,25.091257],[111.526885,25.098742],[111.537014,25.114055],[111.536312,25.122369],[111.522649,25.131208],[111.495304,25.115164],[111.49817,25.126627],[111.490887,25.134964],[111.490825,25.139661],[111.500207,25.152953],[111.502952,25.164372],[111.492711,25.189523],[111.486182,25.193106],[111.46267,25.19542],[111.45281,25.189855],[111.443936,25.201492],[111.440755,25.214931],[111.461501,25.232072],[111.461198,25.253475],[111.455986,25.258527],[111.457388,25.262998],[111.464637,25.267996],[111.470073,25.265102],[111.47899,25.269456],[111.488,25.296742],[111.494523,25.304308],[111.503352,25.308177],[111.518231,25.302182],[111.52962,25.309547],[111.537762,25.319609],[111.547607,25.323604],[111.55863,25.313986],[111.559889,25.3074],[111.566469,25.309251],[111.569065,25.302369],[111.589727,25.299216],[111.593662,25.302035],[111.588077,25.313728],[111.591185,25.321497],[111.594961,25.325418],[111.609466,25.328453],[111.623008,25.319501],[111.618564,25.308845],[111.62056,25.30485],[111.653416,25.298227],[111.659927,25.287424],[111.691264,25.261443],[111.697809,25.236515],[111.702487,25.230738],[111.712643,25.223507],[111.729831,25.219106],[111.738754,25.197686],[111.770048,25.184677],[111.79438,25.155265],[111.804988,25.154897],[111.839094,25.178961],[111.861116,25.17864],[111.871914,25.191824],[111.895457,25.198766],[111.920123,25.221137],[111.919535,25.228948],[111.92229,25.231802],[111.934452,25.225838],[111.936644,25.220655],[111.946522,25.217301],[111.954678,25.21868],[111.961651,25.225297],[111.975857,25.218405],[111.967335,25.201303],[111.973895,25.182336],[111.973434,25.169775],[111.969494,25.162201],[111.952132,25.153919],[111.939745,25.125426],[111.922487,25.125029],[111.913659,25.103689],[111.90918,25.057728],[111.912357,25.04536],[111.928763,25.030172],[111.934754,25.014425],[111.958486,25.010079],[111.967983,25.019191],[111.970821,25.041563],[111.980335,25.050903],[111.988251,25.048147],[111.994276,25.041654],[112.019594,25.043229],[112.023756,25.022155],[112.03784,25.024377],[112.064362,25.015649],[112.082449,25.034828],[112.091629,25.031129],[112.099088,25.032581],[112.105178,25.04746],[112.111863,25.054796],[112.121068,25.049346],[112.147106,25.056394],[112.148096,25.0482],[112.143201,25.039654],[112.150058,25.029139],[112.129164,24.998535],[112.116534,24.992208],[112.117072,24.973571],[112.114355,24.967538],[112.119268,24.964065],[112.123365,24.953757],[112.132471,24.948883],[112.136646,24.940647],[112.143738,24.939029],[112.145752,24.935383],[112.151864,24.936251],[112.169788,24.930287],[112.159901,24.886372],[112.161637,24.877192],[112.159449,24.87112],[112.165657,24.865497],[112.161013,24.861691],[112.159727,24.854065],[112.155595,24.852097],[112.155665,24.846953],[112.148105,24.840229],[112.144033,24.839683],[112.134545,24.847526],[112.118556,24.843809],[112.111324,24.836467],[112.090256,24.827956],[112.090978,24.819939],[112.078303,24.807559],[112.053755,24.802278],[112.05339,24.793505],[112.028416,24.773962],[112.028147,24.756245],[112.024241,24.746575],[112.018754,24.743007],[111.992408,24.761846],[111.964882,24.766729],[111.956003,24.773981],[111.945794,24.772649],[111.939935,24.76356],[111.933068,24.760082],[111.919458,24.760099],[111.898555,24.766553],[111.870029,24.759699],[111.863762,24.763374],[111.863537,24.774857],[111.851193,24.775094],[111.84338,24.779005],[111.830021,24.779933],[111.80884,24.773285],[111.788936,24.777198],[111.774075,24.789602],[111.737044,24.782118],[111.703134,24.791761],[111.696678,24.779497],[111.684326,24.781561],[111.676261,24.777422],[111.661218,24.763844],[111.63719,24.733078],[111.632659,24.718606],[111.638701,24.699551],[111.634135,24.685337],[111.614161,24.686817],[111.592597,24.696985],[111.58857,24.696063],[111.578046,24.684741],[111.565561,24.647738],[111.554934,24.641965],[111.548075,24.649464],[111.540949,24.65181],[111.532709,24.646712],[111.531397,24.640424],[111.524668,24.639527],[111.513788,24.644954],[111.509058,24.658051],[111.493918,24.670639],[111.466201,24.677502],[111.462642,24.669517],[111.447412,24.667683],[111.442842,24.68471],[111.432756,24.683141],[111.425653,24.688561],[111.447771,24.720282],[111.449723,24.727337],[111.457414,24.733651],[111.45882,24.73935],[111.455185,24.750772],[111.461788,24.760858],[111.465034,24.776252],[111.474493,24.777465],[111.47576,24.780316],[111.471453,24.789842],[111.474071,24.800382],[111.471649,24.811122],[111.447544,24.846949],[111.443984,24.859802],[111.456059,24.880495],[111.441658,24.895853],[111.4477,24.907346],[111.459583,24.912775],[111.464818,24.931726],[111.454219,24.93469],[111.434758,24.947281],[111.425904,24.962421]]]}},{"type":"Feature","properties":{"id":"cn:431181","name":"祁阳市","level":2},"geometry":{"type":"Polygon","coordinates":[[[111.584638,26.790144],[111.586798,26.795817],[111.59712,26.789133],[111.610349,26.794986],[111.624376,26.792905],[111.62757,26.799943],[111.635201,26.801547],[111.631764,26.804476],[111.639195,26.806822],[111.637146,26.820835],[111.645522,26.843998],[111.660618,26.846854],[111.681772,26.83639],[111.688283,26.840611],[111.696035,26.839691],[111.69514,26.84667],[111.707233,26.852632],[111.716963,26.848474],[111.720748,26.839426],[111.725782,26.836067],[111.733538,26.836318],[111.741242,26.844948],[111.744229,26.844494],[111.74232,26.837375],[111.746807,26.833747],[111.738509,26.827098],[111.73837,26.816796],[111.748196,26.81046],[111.757719,26.814031],[111.766634,26.812206],[111.766234,26.803328],[111.7758,26.792616],[111.791842,26.796047],[111.79705,26.805004],[111.815141,26.808],[111.81863,26.801974],[111.811659,26.787493],[111.82067,26.783834],[111.826443,26.7897],[111.842884,26.792215],[111.853844,26.80315],[111.862623,26.803595],[111.870106,26.787877],[111.880626,26.778098],[111.893673,26.75781],[111.912719,26.752553],[111.911669,26.735234],[111.921773,26.714673],[111.935053,26.70304],[111.943708,26.685097],[111.946608,26.667827],[111.955644,26.656763],[111.955645,26.648853],[111.968205,26.634446],[111.984247,26.628494],[111.992094,26.608585],[112.000575,26.600342],[112.006633,26.603354],[112.014247,26.622591],[112.007085,26.62789],[112.0085,26.631002],[112.000054,26.628261],[111.999342,26.63347],[111.990262,26.642868],[111.990722,26.647538],[112.022979,26.655194],[112.040245,26.646562],[112.050549,26.651254],[112.071252,26.647234],[112.086625,26.636303],[112.088543,26.64838],[112.093904,26.648593],[112.096442,26.655427],[112.104159,26.6573],[112.105862,26.653734],[112.113344,26.652614],[112.110097,26.646657],[112.115054,26.642474],[112.120705,26.638999],[112.127919,26.639379],[112.131954,26.633799],[112.145505,26.629017],[112.144724,26.620327],[112.138934,26.616571],[112.13975,26.608181],[112.135357,26.605785],[112.135992,26.599359],[112.165002,26.588684],[112.166608,26.5825],[112.162639,26.577975],[112.16916,26.57453],[112.168795,26.566493],[112.162806,26.563456],[112.162623,26.558658],[112.154698,26.556293],[112.151816,26.559494],[112.14856,26.553287],[112.143551,26.551145],[112.15719,26.542651],[112.155349,26.538302],[112.148769,26.539106],[112.141756,26.530746],[112.143188,26.523307],[112.139151,26.50773],[112.146876,26.505985],[112.184959,26.540264],[112.207684,26.551946],[112.222398,26.549877],[112.237285,26.538474],[112.238925,26.526536],[112.234767,26.512203],[112.226521,26.506618],[112.205827,26.506133],[112.191563,26.492724],[112.189088,26.482968],[112.18639,26.492216],[112.171711,26.50294],[112.154463,26.497187],[112.153995,26.489618],[112.160636,26.484363],[112.160948,26.480355],[112.146174,26.471191],[112.151478,26.469817],[112.15185,26.461857],[112.157041,26.459793],[112.157033,26.455957],[112.149707,26.44779],[112.140098,26.446823],[112.137163,26.44312],[112.140913,26.438808],[112.140011,26.434958],[112.148084,26.43144],[112.148856,26.422108],[112.144542,26.419561],[112.147944,26.407124],[112.144047,26.404989],[112.138006,26.4109],[112.134663,26.410241],[112.135766,26.391024],[112.146417,26.385306],[112.142554,26.362135],[112.146078,26.354715],[112.150054,26.353133],[112.156573,26.356601],[112.162103,26.354444],[112.162519,26.349934],[112.171799,26.351442],[112.175983,26.346651],[112.17192,26.327695],[112.172779,26.30753],[112.184941,26.315518],[112.191634,26.310323],[112.199481,26.318029],[112.206356,26.313407],[112.203422,26.295206],[112.191868,26.280581],[112.195384,26.265661],[112.192722,26.242596],[112.19057,26.23306],[112.184815,26.226921],[112.189607,26.20302],[112.180458,26.188877],[112.194677,26.172015],[112.200701,26.168758],[112.210319,26.171158],[112.211812,26.16871],[112.206526,26.155985],[112.212472,26.152836],[112.217228,26.154027],[112.21893,26.14215],[112.226361,26.13733],[112.227741,26.126102],[112.224303,26.115087],[112.219139,26.114147],[112.202229,26.099702],[112.193531,26.10205],[112.170754,26.092304],[112.148202,26.072515],[112.13294,26.069462],[112.108097,26.044772],[112.093366,26.036435],[112.085961,26.040132],[112.087806,26.050177],[112.072873,26.065415],[112.072238,26.074496],[112.050357,26.081235],[112.048683,26.089579],[112.039876,26.095046],[112.048578,26.104706],[112.046017,26.112721],[112.048203,26.116379],[112.05798,26.12123],[112.065119,26.117453],[112.070847,26.122611],[112.063985,26.12882],[112.04333,26.13825],[112.037697,26.127386],[112.03735,26.110741],[112.024659,26.10657],[112.029182,26.09882],[112.021612,26.096297],[112.011803,26.09838],[112.003583,26.093155],[111.980153,26.102549],[111.978331,26.109771],[111.955405,26.125107],[111.956932,26.132271],[111.95353,26.136057],[111.937671,26.134061],[111.929745,26.141166],[111.9207,26.162568],[111.918998,26.179421],[111.930743,26.184117],[111.932566,26.188757],[111.927575,26.196066],[111.92728,26.205697],[111.921758,26.212567],[111.912774,26.216207],[111.904788,26.21198],[111.901732,26.217088],[111.902383,26.225103],[111.913894,26.236317],[111.911426,26.255133],[111.903726,26.269431],[111.905957,26.283699],[111.894924,26.308977],[111.89028,26.312911],[111.881886,26.310681],[111.876781,26.320457],[111.868378,26.326271],[111.871052,26.340408],[111.864125,26.3434],[111.862919,26.349493],[111.85567,26.348025],[111.85508,26.357816],[111.847215,26.354235],[111.833708,26.360355],[111.821026,26.356393],[111.808786,26.36106],[111.807961,26.379366],[111.793838,26.395528],[111.796955,26.409428],[111.791755,26.410414],[111.790348,26.413877],[111.794628,26.429101],[111.78606,26.43318],[111.784914,26.438773],[111.778543,26.438481],[111.783769,26.448787],[111.777632,26.473387],[111.779099,26.494335],[111.768179,26.512729],[111.752145,26.514286],[111.752796,26.527291],[111.744923,26.540503],[111.75403,26.548077],[111.754142,26.563667],[111.747745,26.574001],[111.746807,26.596166],[111.742693,26.603389],[111.747631,26.611404],[111.7481,26.622853],[111.719386,26.638912],[111.725549,26.643727],[111.723083,26.651479],[111.732424,26.656264],[111.725549,26.661432],[111.725054,26.667729],[111.732303,26.674364],[111.73034,26.681249],[111.734359,26.685769],[111.734186,26.690967],[111.716035,26.692154],[111.709107,26.699201],[111.701069,26.70136],[111.698074,26.708287],[111.706495,26.721191],[111.704151,26.723686],[111.689941,26.720618],[111.685479,26.737397],[111.665861,26.740407],[111.660054,26.737733],[111.646191,26.742093],[111.641,26.747996],[111.628135,26.752414],[111.616103,26.764906],[111.603891,26.768606],[111.592614,26.777926],[111.584638,26.790144]]]}},{"type":"Feature","properties":{"id":"cn:4312","name":"怀化市","level":1},"geometry":{"type":"MultiPolygon","coordinates":[[[[109.518278,26.7549],[109.517751,26.759178],[109.512395,26.761233],[109.512983,26.783429],[109.49201,26.822837],[109.494449,26.829761],[109.508555,26.843759],[109.505794,26.868976],[109.507913,26.879572],[109.488832,26.884329],[109.482158,26.898695],[109.477245,26.900455],[109.470184,26.898529],[109.468243,26.888135],[109.452023,26.876548],[109.452755,26.867423],[109.443143,26.862912],[109.431516,26.864947],[109.440107,26.875039],[109.433006,26.882029],[109.431665,26.895902],[109.447125,26.905807],[109.454368,26.905402],[109.464095,26.909961],[109.468442,26.915595],[109.479584,26.916936],[109.506267,26.933575],[109.519612,26.929661],[109.525725,26.931052],[109.53089,26.943758],[109.548772,26.948621],[109.554116,26.956368],[109.546471,26.962595],[109.545404,26.987292],[109.542239,26.988139],[109.531132,26.977436],[109.523072,26.980707],[109.525965,26.986825],[109.524722,26.995311],[109.534252,26.996245],[109.537854,26.999981],[109.535437,27.009121],[109.537863,27.013017],[109.521254,27.030033],[109.520468,27.040753],[109.51335,27.04666],[109.515188,27.062136],[109.50588,27.071358],[109.515493,27.071768],[109.516318,27.074744],[109.500448,27.076127],[109.495999,27.082112],[109.485681,27.082313],[109.481339,27.072081],[109.490497,27.064447],[109.483604,27.058058],[109.451704,27.07065],[109.454759,27.073721],[109.47511,27.073457],[109.477246,27.076032],[109.477742,27.084441],[109.461277,27.083829],[109.454746,27.088018],[109.457431,27.093198],[109.462841,27.093387],[109.462696,27.098132],[109.45499,27.096924],[109.453304,27.101735],[109.458692,27.104167],[109.455064,27.112845],[109.464647,27.118729],[109.467991,27.1382],[109.462296,27.139721],[109.452843,27.136588],[109.443572,27.123815],[109.43615,27.121401],[109.420256,27.13263],[109.410862,27.156734],[109.396861,27.154961],[109.395305,27.162858],[109.388019,27.159274],[109.388393,27.147075],[109.379802,27.147134],[109.378642,27.153654],[109.373408,27.158645],[109.368479,27.150792],[109.350291,27.156211],[109.329866,27.152817],[109.330401,27.142369],[109.270608,27.13337],[109.258846,27.139185],[109.252921,27.153988],[109.243607,27.156813],[109.234423,27.152524],[109.21852,27.125843],[109.186089,27.089687],[109.180596,27.085602],[109.169388,27.089569],[109.158952,27.069088],[109.151696,27.069848],[109.149681,27.075216],[109.13755,27.076874],[109.127013,27.073675],[109.129722,27.070569],[109.125915,27.068308],[109.096518,27.072158],[109.104567,27.09575],[109.113616,27.107933],[109.126455,27.113333],[109.129347,27.120973],[109.124137,27.125691],[109.11061,27.126806],[109.092589,27.119325],[109.081892,27.121108],[109.074629,27.118929],[109.061177,27.106845],[109.057394,27.113671],[109.045431,27.10024],[109.03346,27.1007],[109.028089,27.107117],[109.022496,27.106127],[109.014417,27.099208],[109.015752,27.096857],[109.008259,27.0867],[108.985326,27.077544],[108.960066,27.058005],[108.937138,27.050291],[108.938977,27.040963],[108.946797,27.040496],[108.947805,27.022294],[108.938001,27.018002],[108.939886,27.020844],[108.934415,27.019338],[108.932654,27.015406],[108.91728,27.013357],[108.915488,27.015704],[108.919363,27.027894],[108.916907,27.033396],[108.910848,27.029551],[108.914327,27.024213],[108.912885,27.021021],[108.908224,27.023568],[108.896261,27.020449],[108.880926,27.00653],[108.871595,27.003035],[108.868352,27.004976],[108.874364,27.009965],[108.870206,27.025193],[108.871479,27.031616],[108.868391,27.027294],[108.863094,27.035196],[108.863932,27.026425],[108.861332,27.027878],[108.861903,27.033772],[108.850604,27.03555],[108.839847,27.051509],[108.843036,27.056029],[108.839335,27.064507],[108.836833,27.066582],[108.833651,27.062011],[108.827052,27.061394],[108.824343,27.064036],[108.825938,27.067146],[108.816646,27.068008],[108.804904,27.077461],[108.801523,27.07691],[108.800003,27.08209],[108.786637,27.087856],[108.803307,27.102016],[108.811837,27.100375],[108.81437,27.094532],[108.820237,27.09254],[108.833665,27.096393],[108.839975,27.101948],[108.851198,27.099955],[108.850236,27.107693],[108.857125,27.119264],[108.866708,27.119379],[108.874689,27.10988],[108.880686,27.112062],[108.883875,27.117556],[108.883058,27.124771],[108.900827,27.138515],[108.910051,27.154363],[108.908769,27.160325],[108.910359,27.162551],[108.915669,27.160537],[108.915943,27.169399],[108.918684,27.169003],[108.916183,27.172299],[108.919384,27.17678],[108.915771,27.179214],[108.913038,27.189482],[108.915056,27.197036],[108.921655,27.203153],[108.914323,27.203424],[108.904558,27.207907],[108.903534,27.211111],[108.910399,27.213268],[108.910134,27.218199],[108.913919,27.22068],[108.942941,27.231921],[108.947713,27.239807],[108.962054,27.24015],[108.964322,27.248984],[108.980362,27.259656],[108.979043,27.270478],[108.981607,27.273454],[108.989307,27.273345],[108.993487,27.266116],[108.995219,27.270916],[109.005855,27.273629],[109.018264,27.281655],[109.019454,27.285536],[109.036907,27.27987],[109.041476,27.292187],[109.049381,27.298084],[109.049563,27.309283],[109.043163,27.322017],[109.041399,27.337928],[109.049076,27.339171],[109.054979,27.330074],[109.064653,27.32599],[109.072596,27.337262],[109.082553,27.33422],[109.099066,27.340044],[109.096722,27.354358],[109.100133,27.358762],[109.107816,27.354981],[109.110776,27.35733],[109.11382,27.3654],[109.109662,27.369239],[109.10986,27.374276],[109.120099,27.391052],[109.111393,27.403535],[109.122319,27.407655],[109.12682,27.414401],[109.136792,27.420293],[109.138097,27.427564],[109.134007,27.433504],[109.130154,27.433017],[109.124601,27.428711],[109.120358,27.418708],[109.114888,27.415618],[109.106931,27.417052],[109.104547,27.421868],[109.10987,27.428045],[109.118471,27.421225],[109.118667,27.431765],[109.124478,27.434488],[109.136532,27.450818],[109.148878,27.452528],[109.150678,27.446767],[109.154828,27.445539],[109.151601,27.419717],[109.1624,27.421057],[109.194015,27.450538],[109.203225,27.45368],[109.209153,27.453784],[109.222096,27.439314],[109.236619,27.435199],[109.241028,27.421499],[109.248268,27.420475],[109.259743,27.42618],[109.295308,27.427237],[109.302322,27.437684],[109.298399,27.478943],[109.307739,27.489428],[109.374362,27.53896],[109.400152,27.553607],[109.410447,27.554919],[109.423442,27.550304],[109.428841,27.551536],[109.441193,27.565556],[109.454834,27.563674],[109.456864,27.569968],[109.44648,27.589124],[109.456713,27.60482],[109.465308,27.631976],[109.450812,27.675479],[109.465716,27.683485],[109.452072,27.696762],[109.425161,27.706719],[109.422053,27.71406],[109.413165,27.719175],[109.421593,27.742098],[109.437869,27.752374],[109.444241,27.765731],[109.456741,27.776551],[109.454814,27.787457],[109.448519,27.795048],[109.449692,27.798068],[109.456567,27.806624],[109.470412,27.807966],[109.47444,27.802682],[109.472001,27.791944],[109.478972,27.790267],[109.492644,27.801968],[109.502626,27.806163],[109.507322,27.803478],[109.516628,27.815894],[109.521827,27.813125],[109.526107,27.815809],[109.529042,27.812706],[109.52846,27.799284],[109.54129,27.788463],[109.56931,27.81241],[109.579709,27.80998],[109.582478,27.80587],[109.591792,27.808133],[109.593304,27.803604],[109.598919,27.801675],[109.608902,27.819165],[109.614693,27.815977],[109.620647,27.819079],[109.622158,27.822519],[109.616706,27.824449],[109.616928,27.828783],[109.632305,27.830824],[109.642878,27.838457],[109.643798,27.842274],[109.636411,27.856786],[109.638347,27.867355],[109.632218,27.875072],[109.63247,27.879518],[109.618043,27.882411],[109.620352,27.903121],[109.623642,27.904557],[109.626648,27.913786],[109.649962,27.907346],[109.65038,27.914772],[109.655545,27.922133],[109.666153,27.925151],[109.677394,27.93939],[109.691448,27.940397],[109.706587,27.953211],[109.714425,27.956063],[109.714851,27.962059],[109.708558,27.97219],[109.715102,27.985149],[109.728393,27.990789],[109.725624,28.007],[109.731326,28.015807],[109.725206,28.020379],[109.727472,28.027027],[109.747732,28.024846],[109.787655,28.033192],[109.780025,28.024804],[109.779773,28.010126],[109.771214,28.002492],[109.770632,27.997207],[109.777924,27.994481],[109.786319,27.978292],[109.793193,27.982737],[109.834044,27.989154],[109.838237,27.986387],[109.832872,27.978501],[109.834295,27.976656],[109.852585,27.97439],[109.872291,27.959838],[109.878081,27.950443],[109.887143,27.949269],[109.899895,27.941131],[109.90585,27.941971],[109.912309,27.950529],[109.909878,27.954805],[109.915833,27.959671],[109.922202,27.958788],[109.93235,27.962899],[109.943262,27.960382],[109.946951,27.951826],[109.953322,27.955182],[109.953827,27.964661],[109.958357,27.96508],[109.966916,27.958326],[109.966995,27.942137],[109.979494,27.949351],[109.984112,27.948932],[109.998037,27.937397],[109.995684,27.923138],[110.013797,27.911225],[110.039469,27.921922],[110.043419,27.926703],[110.049451,27.937523],[110.042993,27.953252],[110.045258,27.958033],[110.054825,27.960299],[110.06472,27.971538],[110.076882,27.972712],[110.079781,27.977662],[110.092993,27.979487],[110.104104,27.990034],[110.106239,28.008719],[110.111569,28.01845],[110.119494,28.019917],[110.12373,28.024971],[110.116222,28.04246],[110.125909,28.042819],[110.12742,28.048773],[110.13241,28.049528],[110.133123,28.059615],[110.111361,28.07876],[110.106829,28.094132],[110.118278,28.096858],[110.144538,28.095663],[110.158036,28.102354],[110.16261,28.112125],[110.146924,28.124142],[110.144703,28.129175],[110.150032,28.133662],[110.178504,28.140457],[110.177419,28.149011],[110.164329,28.158869],[110.163322,28.162811],[110.169702,28.169017],[110.189493,28.176819],[110.195197,28.182103],[110.196204,28.194057],[110.18748,28.199174],[110.186646,28.204543],[110.21189,28.207728],[110.218269,28.201437],[110.228748,28.200222],[110.238226,28.210624],[110.239615,28.216362],[110.232948,28.231216],[110.235544,28.234237],[110.233782,28.237507],[110.221785,28.244217],[110.205639,28.246127],[110.200778,28.25615],[110.181689,28.262713],[110.177244,28.268375],[110.179137,28.271815],[110.170205,28.28383],[110.172088,28.287941],[110.180933,28.288987],[110.173599,28.305977],[110.173685,28.320782],[110.177453,28.323466],[110.183156,28.339485],[110.19826,28.343094],[110.207991,28.351986],[110.20254,28.364525],[110.185595,28.366539],[110.176784,28.378617],[110.165214,28.381302],[110.149276,28.394599],[110.143234,28.392836],[110.1403,28.385622],[110.136524,28.386545],[110.106784,28.41909],[110.105404,28.428443],[110.110014,28.443374],[110.09806,28.455857],[110.101652,28.465666],[110.118112,28.465062],[110.12352,28.460701],[110.121419,28.451809],[110.13069,28.449922],[110.136732,28.459693],[110.152835,28.464643],[110.158711,28.470768],[110.150152,28.476556],[110.143693,28.486872],[110.145959,28.530996],[110.150907,28.536028],[110.162235,28.53825],[110.16088,28.566846],[110.1676,28.587447],[110.172712,28.588958],[110.18102,28.585937],[110.185299,28.577464],[110.202747,28.578387],[110.208033,28.568699],[110.21944,28.566603],[110.229084,28.57155],[110.231688,28.578512],[110.225142,28.590843],[110.226062,28.596463],[110.21944,28.612989],[110.226063,28.619196],[110.207277,28.628926],[110.213814,28.647422],[110.218345,28.65472],[110.223883,28.656398],[110.231185,28.649267],[110.238562,28.648009],[110.239231,28.661431],[110.24628,28.663193],[110.252902,28.675649],[110.265489,28.674642],[110.269681,28.718755],[110.273414,28.720684],[110.280713,28.746707],[110.278109,28.757275],[110.280547,28.768684],[110.285409,28.770528],[110.302266,28.760882],[110.31343,28.760714],[110.325972,28.763147],[110.33547,28.772936],[110.337675,28.785073],[110.335564,28.804812],[110.339845,28.823794],[110.360923,28.849106],[110.367629,28.850247],[110.378562,28.860358],[110.389999,28.864032],[110.391303,28.867141],[110.384738,28.877361],[110.38586,28.890187],[110.389341,28.894758],[110.415382,28.904699],[110.427796,28.893709],[110.444159,28.892786],[110.447179,28.885111],[110.463074,28.883245],[110.468109,28.891257],[110.478334,28.89369],[110.477709,28.897841],[110.471294,28.902559],[110.478968,28.91382],[110.483369,28.914827],[110.513638,28.895072],[110.525964,28.877301],[110.536251,28.885922],[110.539211,28.892546],[110.538273,28.90081],[110.534236,28.911626],[110.515765,28.938627],[110.528446,28.949291],[110.548689,28.95874],[110.548794,28.966535],[110.537014,28.985448],[110.547856,28.995441],[110.567847,29.003742],[110.588611,28.972583],[110.615999,28.968419],[110.631207,28.952905],[110.652171,28.938249],[110.668777,28.911478],[110.679453,28.909076],[110.685764,28.911305],[110.68783,28.928025],[110.711963,28.916537],[110.725469,28.929238],[110.729922,28.929649],[110.758612,28.908928],[110.770635,28.909256],[110.78382,28.916908],[110.789974,28.926474],[110.793603,28.958312],[110.79652,28.961489],[110.831815,28.945038],[110.844176,28.949714],[110.846876,28.955187],[110.845305,28.971719],[110.834376,28.99088],[110.835487,28.995682],[110.855747,29.002101],[110.884214,28.995659],[110.889158,28.997817],[110.892916,29.004655],[110.895478,28.998992],[110.901025,28.999482],[110.910174,29.011724],[110.89816,29.024495],[110.898872,29.037963],[110.909712,29.038896],[110.908917,29.033121],[110.914108,29.025706],[110.947802,29.008999],[110.950246,29.005545],[110.945548,29.004615],[110.944656,28.999103],[110.956587,29.001593],[110.965585,28.995844],[110.960189,28.991289],[110.968368,28.993286],[110.972993,28.990678],[110.974044,28.9944],[110.982496,28.99117],[110.977439,28.979929],[110.969453,28.979902],[110.960261,28.968312],[110.94987,28.963926],[110.951737,28.954223],[110.945131,28.940501],[110.957786,28.921118],[110.952388,28.913804],[110.953221,28.909601],[110.984541,28.900415],[110.987257,28.891387],[110.997527,28.877533],[110.994965,28.87084],[110.999401,28.869404],[111.007856,28.854428],[111.025122,28.842715],[111.033316,28.826515],[111.05401,28.828097],[111.065729,28.819885],[111.067266,28.812834],[111.074818,28.806704],[111.073256,28.796678],[111.082934,28.786554],[111.096676,28.780944],[111.093177,28.770656],[111.10138,28.762776],[111.102995,28.753683],[111.109609,28.746912],[111.097041,28.737067],[111.099992,28.729538],[111.09645,28.725834],[111.095591,28.716687],[111.090322,28.712273],[111.090808,28.70357],[111.075687,28.69492],[111.060279,28.699677],[111.04323,28.692945],[111.042154,28.685973],[111.056441,28.671685],[111.059185,28.662868],[111.046286,28.655446],[111.009992,28.653103],[110.989376,28.640183],[110.98935,28.631132],[110.985314,28.622535],[110.956077,28.626353],[110.950366,28.622588],[110.94113,28.625457],[110.93087,28.622323],[110.931416,28.61544],[110.94093,28.604837],[110.938881,28.595069],[110.945028,28.580898],[110.945219,28.572534],[110.953023,28.57335],[110.975626,28.589955],[110.991486,28.590835],[111.000487,28.58688],[111.004862,28.590647],[111.003743,28.60251],[111.010505,28.602575],[111.010635,28.597182],[111.014902,28.592966],[111.020992,28.593312],[111.025702,28.597845],[111.029389,28.594568],[111.031313,28.60003],[111.03627,28.597955],[111.038154,28.606201],[111.045104,28.603511],[111.043793,28.609956],[111.048258,28.612291],[111.052016,28.61108],[111.049671,28.60548],[111.051833,28.599539],[111.049011,28.597158],[111.054381,28.593689],[111.059324,28.583132],[111.048386,28.569754],[111.053838,28.567023],[111.074168,28.539345],[111.072006,28.534437],[111.066398,28.53256],[111.045244,28.539878],[111.036504,28.538235],[111.033734,28.542887],[111.02435,28.546909],[111.016859,28.545101],[111.006651,28.548552],[110.976877,28.515586],[110.96258,28.514396],[110.956755,28.499005],[110.940401,28.482778],[110.92199,28.487421],[110.917198,28.475453],[110.900454,28.458649],[110.884316,28.450833],[110.883735,28.442474],[110.857225,28.422294],[110.855271,28.408685],[110.850549,28.402904],[110.830923,28.397346],[110.827815,28.383967],[110.82094,28.375159],[110.788978,28.357754],[110.752071,28.345068],[110.746247,28.335716],[110.733365,28.325378],[110.731395,28.317703],[110.722167,28.312711],[110.716151,28.304187],[110.734562,28.284976],[110.768405,28.276315],[110.778346,28.281619],[110.788033,28.279313],[110.79877,28.266144],[110.801331,28.256435],[110.782877,28.234647],[110.794873,28.226594],[110.799613,28.216674],[110.819074,28.207068],[110.821844,28.212522],[110.830141,28.212962],[110.839586,28.218583],[110.843146,28.216528],[110.843067,28.208704],[110.856531,28.207068],[110.843102,28.17402],[110.813702,28.14311],[110.829178,28.128807],[110.828093,28.122327],[110.836141,28.123545],[110.839413,28.119853],[110.818988,28.090389],[110.828259,28.090933],[110.853927,28.079883],[110.869177,28.086718],[110.891253,28.062309],[110.879213,28.05453],[110.867937,28.040185],[110.86127,28.028012],[110.861939,28.016635],[110.873285,28.016604],[110.89002,28.002397],[110.91594,28.002418],[110.912121,28.010743],[110.920046,28.007995],[110.917173,28.017464],[110.922772,28.020033],[110.920862,28.024855],[110.933128,28.022025],[110.938046,28.041871],[110.950732,28.054243],[110.947225,28.059835],[110.956028,28.060053],[110.964039,28.070414],[110.967234,28.057444],[110.988197,28.057276],[111.016764,28.044841],[111.007998,28.032259],[110.974065,28.032322],[110.970419,28.015756],[110.963961,28.010134],[110.966097,28.006213],[110.984716,27.996756],[110.995444,27.996595],[110.982328,27.976292],[110.962088,27.954838],[110.965325,27.938547],[110.963838,27.930385],[110.974696,27.926804],[110.975358,27.923416],[110.971691,27.916477],[110.953062,27.907185],[110.949545,27.900993],[110.938912,27.898936],[110.936641,27.893462],[110.925207,27.884237],[110.924991,27.878568],[110.928511,27.877722],[110.919861,27.874982],[110.918401,27.867456],[110.909748,27.869144],[110.904548,27.862103],[110.893626,27.859521],[110.889674,27.853393],[110.87721,27.854001],[110.870471,27.849304],[110.832267,27.852664],[110.801634,27.867619],[110.790271,27.864331],[110.786686,27.859032],[110.780905,27.836275],[110.762815,27.798747],[110.780748,27.786015],[110.790748,27.761522],[110.80653,27.761165],[110.811208,27.757293],[110.825436,27.718367],[110.83264,27.684904],[110.844307,27.679237],[110.855149,27.68068],[110.863439,27.676369],[110.866902,27.6617],[110.864107,27.656622],[110.850713,27.650802],[110.847153,27.631437],[110.856969,27.626971],[110.852433,27.624835],[110.840765,27.627692],[110.842476,27.625433],[110.839647,27.624387],[110.842786,27.612433],[110.849737,27.605258],[110.849462,27.597578],[110.81942,27.582212],[110.799159,27.564411],[110.781867,27.56384],[110.744075,27.605879],[110.732288,27.604425],[110.733079,27.613186],[110.73875,27.620653],[110.73613,27.628973],[110.732388,27.630413],[110.728089,27.626641],[110.729245,27.619694],[110.710552,27.619655],[110.705664,27.610293],[110.700478,27.608046],[110.669272,27.603458],[110.652865,27.586498],[110.652508,27.581694],[110.657009,27.576818],[110.64909,27.578797],[110.64806,27.569273],[110.633452,27.559379],[110.626667,27.543922],[110.627996,27.539572],[110.643534,27.533033],[110.675539,27.500443],[110.67922,27.491287],[110.679881,27.472107],[110.688542,27.455777],[110.683447,27.447247],[110.669349,27.437963],[110.658377,27.424109],[110.654966,27.400211],[110.650208,27.383646],[110.644601,27.377177],[110.644531,27.368666],[110.631857,27.357123],[110.617329,27.33383],[110.600797,27.323457],[110.605386,27.313046],[110.601771,27.305347],[110.605352,27.299517],[110.604475,27.292483],[110.594105,27.284978],[110.574315,27.282066],[110.566537,27.287745],[110.549314,27.31171],[110.536207,27.308618],[110.519584,27.296773],[110.521702,27.293329],[110.506927,27.277134],[110.478724,27.265413],[110.457249,27.250309],[110.451415,27.216506],[110.43816,27.204451],[110.419132,27.202674],[110.370718,27.226224],[110.349822,27.208345],[110.347266,27.199182],[110.351561,27.187633],[110.351053,27.178504],[110.337909,27.153767],[110.326991,27.154746],[110.326777,27.159263],[110.322522,27.161697],[110.309618,27.161272],[110.300331,27.170484],[110.292886,27.164562],[110.287634,27.166767],[110.262379,27.157237],[110.244815,27.154439],[110.221841,27.133718],[110.195765,27.121507],[110.189459,27.10541],[110.199688,27.095374],[110.203664,27.084623],[110.196703,27.065266],[110.157824,27.049694],[110.150252,27.040989],[110.145529,27.026132],[110.148825,27.001695],[110.14207,26.990398],[110.119769,26.987453],[110.111417,26.981243],[110.097928,26.952159],[110.084837,26.952013],[110.071061,26.944967],[110.068674,26.931621],[110.09258,26.90962],[110.092198,26.899281],[110.073387,26.885292],[110.05468,26.8837],[110.043917,26.864058],[110.037348,26.838364],[110.043949,26.828353],[110.053363,26.825355],[110.051738,26.812155],[110.05685,26.796797],[110.063792,26.787923],[110.058682,26.773229],[110.064594,26.765008],[110.063457,26.762948],[110.057484,26.76484],[110.058285,26.752714],[110.044834,26.751945],[110.051754,26.743522],[110.045536,26.738967],[110.042717,26.728018],[110.056011,26.720869],[110.061818,26.722848],[110.062813,26.716049],[110.067691,26.711039],[110.067283,26.70344],[110.057187,26.698345],[110.038411,26.701177],[110.032154,26.685323],[110.013111,26.665662],[109.997401,26.670088],[110.002837,26.676563],[109.994356,26.676826],[109.990953,26.68356],[109.983024,26.688867],[109.972986,26.689439],[109.97104,26.693394],[109.959083,26.695412],[109.949629,26.693919],[109.929621,26.677366],[109.914987,26.67994],[109.905022,26.677749],[109.896662,26.671672],[109.894543,26.659244],[109.87207,26.654824],[109.853746,26.647011],[109.846985,26.625411],[109.839509,26.62317],[109.829995,26.626033],[109.822921,26.619969],[109.822313,26.609396],[109.828042,26.602812],[109.852377,26.58453],[109.857235,26.587272],[109.867618,26.574653],[109.85989,26.564631],[109.858821,26.542518],[109.86787,26.542517],[109.880511,26.534109],[109.885869,26.53536],[109.887866,26.530873],[109.875267,26.521002],[109.879246,26.515911],[109.87392,26.507417],[109.874943,26.500663],[109.857894,26.49044],[109.851835,26.468773],[109.855716,26.467202],[109.870993,26.471764],[109.886974,26.463011],[109.892339,26.463539],[109.914622,26.478288],[109.928154,26.479606],[109.93048,26.46057],[109.950566,26.450488],[109.946105,26.440557],[109.94844,26.43806],[109.962337,26.431571],[109.982719,26.43595],[109.973465,26.403689],[109.974143,26.391523],[110.007589,26.375848],[110.006921,26.368031],[110.012831,26.346744],[110.008353,26.338422],[110.004689,26.307376],[109.992406,26.29955],[109.979749,26.282522],[109.986486,26.275116],[109.986554,26.268677],[109.990858,26.263188],[109.984273,26.248567],[109.988215,26.241995],[109.969872,26.22176],[109.961773,26.198924],[109.93463,26.170799],[109.910072,26.157858],[109.902815,26.148349],[109.894673,26.112415],[109.895602,26.101174],[109.881492,26.086713],[109.876062,26.060729],[109.866487,26.03672],[109.859699,26.03089],[109.851817,26.029639],[109.835723,26.032412],[109.810072,26.044247],[109.797426,26.037647],[109.787251,26.020513],[109.777886,26.000405],[109.778528,25.991685],[109.801939,25.976841],[109.804074,25.95367],[109.822416,25.91992],[109.808727,25.882989],[109.783736,25.870711],[109.774983,25.869065],[109.760181,25.879294],[109.762669,25.894596],[109.717579,25.886818],[109.706127,25.890046],[109.697589,25.88545],[109.680737,25.883537],[109.681057,25.889584],[109.684215,25.891469],[109.676433,25.899319],[109.680712,25.904309],[109.68877,25.90169],[109.690792,25.9096],[109.679342,25.917981],[109.675128,25.924993],[109.677607,25.936413],[109.685816,25.940866],[109.684793,25.947168],[109.689782,25.95234],[109.688961,25.962398],[109.70644,25.957829],[109.706937,25.964956],[109.718974,25.977806],[109.725436,25.993155],[109.719616,26.006015],[109.71095,26.009067],[109.705586,26.01627],[109.698559,26.013207],[109.696476,26.003944],[109.689122,26.001208],[109.684338,26.002215],[109.684971,26.011777],[109.677677,26.01283],[109.670994,26.018416],[109.647443,26.017873],[109.643789,26.023331],[109.641628,26.045349],[109.630577,26.0507],[109.614883,26.045418],[109.593806,26.026043],[109.58392,26.02314],[109.55536,26.024779],[109.546741,26.02235],[109.540977,26.017211],[109.53412,26.001716],[109.514023,25.999803],[109.506055,26.004273],[109.504372,26.012745],[109.496646,26.017448],[109.491844,26.026951],[109.478026,26.032778],[109.474536,26.050912],[109.45859,26.052436],[109.448793,26.057637],[109.447756,26.066794],[109.442857,26.074873],[109.446406,26.079387],[109.444986,26.104956],[109.460222,26.093873],[109.460344,26.099798],[109.465013,26.098411],[109.471354,26.102666],[109.499537,26.100092],[109.509416,26.127511],[109.508868,26.132691],[109.497423,26.140805],[109.490611,26.155916],[109.48846,26.14722],[109.48216,26.151947],[109.476389,26.148713],[109.471536,26.151282],[109.462777,26.165824],[109.466524,26.177099],[109.45465,26.197279],[109.465804,26.199571],[109.465717,26.204162],[109.447696,26.212839],[109.434901,26.242034],[109.435075,26.246863],[109.451689,26.270278],[109.453652,26.286696],[109.467034,26.300746],[109.472253,26.302535],[109.462174,26.317088],[109.455483,26.317061],[109.439758,26.306324],[109.438729,26.30327],[109.442672,26.300063],[109.435378,26.296739],[109.437912,26.293109],[109.401359,26.288583],[109.386446,26.280302],[109.368556,26.281389],[109.3497,26.268522],[109.335188,26.267324],[109.330627,26.279478],[109.318419,26.286367],[109.320968,26.29339],[109.30194,26.294051],[109.292853,26.300639],[109.281377,26.299185],[109.270015,26.318792],[109.26787,26.337129],[109.272844,26.343416],[109.290301,26.35198],[109.29452,26.371574],[109.302185,26.384337],[109.317956,26.42709],[109.344172,26.445901],[109.356333,26.451611],[109.368842,26.452735],[109.377149,26.459531],[109.376281,26.465029],[109.359876,26.466828],[109.357662,26.47552],[109.380786,26.496799],[109.381941,26.503477],[109.377062,26.517407],[109.378972,26.524789],[109.396264,26.53058],[109.404006,26.540352],[109.399224,26.56347],[109.390441,26.56973],[109.394294,26.57425],[109.38078,26.574291],[109.385539,26.584998],[109.382429,26.591347],[109.386549,26.603823],[109.380002,26.608025],[109.372366,26.62895],[109.356246,26.641547],[109.352036,26.660769],[109.346654,26.660682],[109.337609,26.652033],[109.329458,26.649604],[109.313425,26.657145],[109.299667,26.666563],[109.279232,26.702045],[109.288408,26.704724],[109.297202,26.70028],[109.314536,26.705163],[109.330969,26.70337],[109.350318,26.69657],[109.35721,26.69783],[109.381211,26.715443],[109.376559,26.730757],[109.407705,26.72391],[109.412973,26.743053],[109.432939,26.75853],[109.449232,26.764528],[109.493095,26.763604],[109.497748,26.761147],[109.500039,26.748095],[109.50339,26.746767],[109.518278,26.7549]],[[109.523999,26.747477],[109.527105,26.742058],[109.543602,26.732483],[109.54037,26.726255],[109.544661,26.721509],[109.548904,26.726602],[109.563842,26.729812],[109.573742,26.73694],[109.574111,26.743881],[109.593349,26.761628],[109.572705,26.774208],[109.575882,26.763321],[109.572943,26.755245],[109.565498,26.751365],[109.553621,26.758261],[109.554729,26.751408],[109.552277,26.749228],[109.563311,26.744658],[109.556301,26.739226],[109.549446,26.738907],[109.529694,26.748114],[109.523999,26.747477]]],[[[109.458035,26.831891],[109.473333,26.840906],[109.47743,26.840436],[109.470402,26.832446],[109.462239,26.829538],[109.458035,26.831891]]]]}},{"type":"Feature","properties":{"id":"cn:431202","name":"鹤城区","level":2},"geometry":{"type":"Polygon","coordinates":[[[109.784675,27.630579],[109.796176,27.635863],[109.802775,27.65275],[109.798517,27.663419],[109.798912,27.675637],[109.785781,27.688889],[109.790808,27.698624],[109.791281,27.71468],[109.796492,27.719029],[109.813079,27.723621],[109.811903,27.727726],[109.816697,27.740198],[109.827706,27.734615],[109.843378,27.733392],[109.848499,27.735124],[109.847045,27.738383],[109.850178,27.74094],[109.859663,27.740573],[109.861891,27.746484],[109.866819,27.743642],[109.870165,27.748661],[109.866352,27.758154],[109.873423,27.769775],[109.867166,27.778791],[109.87857,27.790803],[109.88697,27.790359],[109.90151,27.798202],[109.914763,27.792592],[109.918553,27.78481],[109.915732,27.77313],[109.921969,27.769211],[109.940476,27.733847],[109.955812,27.733336],[109.960203,27.740334],[109.969247,27.73837],[109.98101,27.746904],[109.993019,27.742851],[109.996654,27.73775],[110.00501,27.739649],[110.011791,27.746439],[110.02322,27.743624],[110.027751,27.737972],[110.029433,27.74437],[110.036481,27.746838],[110.039916,27.739508],[110.053433,27.739503],[110.056502,27.729622],[110.047922,27.72303],[110.05394,27.709621],[110.050702,27.701273],[110.026881,27.677217],[110.015249,27.658625],[109.993595,27.651103],[109.990475,27.646214],[109.996028,27.636774],[110.000791,27.634887],[110.032953,27.641264],[110.048597,27.629934],[110.05622,27.618585],[110.066631,27.621686],[110.068688,27.618641],[110.075031,27.620308],[110.079318,27.615285],[110.087209,27.615125],[110.08884,27.612386],[110.085667,27.607672],[110.089296,27.606497],[110.09217,27.599915],[110.089854,27.599384],[110.093415,27.599801],[110.094102,27.594628],[110.098178,27.594134],[110.103286,27.601019],[110.112263,27.591475],[110.108656,27.59387],[110.105135,27.591431],[110.103675,27.587588],[110.108441,27.585498],[110.107539,27.583482],[110.104019,27.586561],[110.104706,27.581389],[110.118015,27.58197],[110.110457,27.573482],[110.100734,27.56964],[110.096699,27.570326],[110.095069,27.573064],[110.09893,27.572303],[110.094719,27.577623],[110.089749,27.572152],[110.087302,27.574895],[110.080634,27.546859],[110.089983,27.528538],[110.089901,27.521108],[110.082347,27.513692],[110.088564,27.508866],[110.077155,27.507445],[110.076687,27.503665],[110.066755,27.497418],[110.06495,27.490104],[110.059312,27.485807],[110.055892,27.47403],[110.05106,27.476688],[110.047881,27.470453],[110.042627,27.47189],[110.041234,27.466821],[110.033964,27.460781],[110.0267,27.46169],[110.01934,27.474152],[109.999749,27.477333],[109.99282,27.476897],[109.99017,27.473327],[109.975796,27.480068],[109.959192,27.481711],[109.948832,27.478155],[109.947634,27.471761],[109.929503,27.451848],[109.92074,27.452293],[109.91506,27.460641],[109.910746,27.453946],[109.894682,27.444885],[109.874094,27.446199],[109.86241,27.471047],[109.846867,27.469889],[109.853681,27.487486],[109.852383,27.501291],[109.861363,27.500213],[109.850536,27.50906],[109.857259,27.515993],[109.866437,27.515644],[109.873196,27.525847],[109.87997,27.528084],[109.884761,27.524851],[109.882006,27.512377],[109.889046,27.512821],[109.891485,27.528663],[109.897136,27.535],[109.904519,27.535798],[109.908794,27.54855],[109.914083,27.549472],[109.910188,27.551508],[109.904779,27.563637],[109.878781,27.579882],[109.876298,27.586415],[109.883451,27.599199],[109.881776,27.606617],[109.864805,27.6273],[109.851194,27.638659],[109.843598,27.636679],[109.840951,27.626001],[109.83069,27.608287],[109.821932,27.60406],[109.802661,27.606237],[109.79767,27.609655],[109.785708,27.622775],[109.784675,27.630579]]]}},{"type":"Feature","properties":{"id":"cn:431221","name":"中方县","level":2},"geometry":{"type":"Polygon","coordinates":[[[109.755036,27.310735],[109.757287,27.317956],[109.766793,27.325566],[109.770974,27.342422],[109.791863,27.362464],[109.814652,27.374689],[109.813454,27.383368],[109.839868,27.388806],[109.840593,27.384552],[109.849855,27.382355],[109.855929,27.373202],[109.866335,27.374568],[109.86693,27.383677],[109.875673,27.389911],[109.87826,27.398333],[109.867555,27.419108],[109.874094,27.446199],[109.894682,27.444885],[109.910746,27.453946],[109.91506,27.460641],[109.92074,27.452293],[109.929503,27.451848],[109.947634,27.471761],[109.948832,27.478155],[109.959192,27.481711],[109.975796,27.480068],[109.99017,27.473327],[109.99282,27.476897],[109.999749,27.477333],[110.01934,27.474152],[110.0267,27.46169],[110.033964,27.460781],[110.041234,27.466821],[110.042627,27.47189],[110.047881,27.470453],[110.05106,27.476688],[110.055892,27.47403],[110.059312,27.485807],[110.06495,27.490104],[110.066755,27.497418],[110.076687,27.503665],[110.077155,27.507445],[110.088564,27.508866],[110.082347,27.513692],[110.089901,27.521108],[110.089983,27.528538],[110.080634,27.546859],[110.087302,27.574895],[110.089749,27.572152],[110.094719,27.577623],[110.098931,27.569412],[110.110457,27.573482],[110.117928,27.582464],[110.104706,27.581389],[110.104019,27.586561],[110.107539,27.583482],[110.108441,27.585498],[110.103675,27.587588],[110.108656,27.59387],[110.111834,27.590752],[110.112263,27.591475],[110.103286,27.601019],[110.098178,27.594134],[110.094102,27.594628],[110.093415,27.599801],[110.089854,27.599384],[110.09217,27.599915],[110.089296,27.606497],[110.085667,27.607672],[110.08884,27.612386],[110.087209,27.615125],[110.079318,27.615285],[110.075031,27.620308],[110.068688,27.618641],[110.066631,27.621686],[110.05622,27.618585],[110.048597,27.629934],[110.032953,27.641264],[110.000791,27.634887],[109.996028,27.636774],[109.990475,27.646214],[109.993595,27.651103],[110.015249,27.658625],[110.026881,27.677217],[110.050702,27.701273],[110.05394,27.709621],[110.047922,27.72303],[110.056502,27.729622],[110.053433,27.739503],[110.063398,27.740202],[110.071819,27.747224],[110.076599,27.747934],[110.084897,27.73742],[110.102477,27.733019],[110.159587,27.731453],[110.183241,27.724217],[110.242355,27.694519],[110.249473,27.687776],[110.276304,27.695308],[110.301476,27.695793],[110.308171,27.692608],[110.324504,27.695627],[110.338768,27.68552],[110.330976,27.670445],[110.330837,27.641247],[110.334703,27.635175],[110.343097,27.630617],[110.347469,27.619001],[110.33739,27.611543],[110.34513,27.603366],[110.338864,27.588342],[110.344271,27.589486],[110.357007,27.585071],[110.360962,27.593024],[110.370765,27.593838],[110.377544,27.588275],[110.381217,27.590984],[110.392795,27.582996],[110.413426,27.583539],[110.421754,27.596261],[110.430686,27.598605],[110.431763,27.587565],[110.438975,27.588852],[110.445977,27.58528],[110.460335,27.60598],[110.472918,27.598139],[110.4668,27.588378],[110.476486,27.581119],[110.480094,27.581909],[110.478896,27.585234],[110.482559,27.587577],[110.480792,27.592454],[110.490136,27.591878],[110.489358,27.584912],[110.483516,27.58256],[110.490489,27.569464],[110.483482,27.541099],[110.456078,27.510205],[110.45264,27.500029],[110.452779,27.476143],[110.462371,27.446075],[110.461,27.436031],[110.456303,27.426372],[110.435514,27.415152],[110.426026,27.416607],[110.404654,27.439628],[110.398092,27.437632],[110.395825,27.420969],[110.388135,27.417412],[110.367492,27.413296],[110.351017,27.418404],[110.331304,27.416765],[110.324585,27.421204],[110.319446,27.434984],[110.307623,27.435973],[110.296071,27.445107],[110.291243,27.429322],[110.278309,27.43479],[110.276395,27.438446],[110.270767,27.432113],[110.266633,27.436122],[110.261875,27.434998],[110.259145,27.425417],[110.247581,27.422716],[110.242869,27.426942],[110.236973,27.424308],[110.226636,27.434147],[110.221926,27.426129],[110.214515,27.428581],[110.213695,27.424572],[110.20839,27.423378],[110.204786,27.410419],[110.196224,27.413302],[110.193326,27.405002],[110.190186,27.407549],[110.176396,27.406332],[110.167669,27.398144],[110.162826,27.397675],[110.159945,27.409496],[110.163453,27.412743],[110.156553,27.412628],[110.164619,27.421436],[110.16113,27.437433],[110.149482,27.445682],[110.138476,27.445175],[110.141161,27.448564],[110.134082,27.450169],[110.140581,27.459666],[110.146239,27.461459],[110.144975,27.46552],[110.140457,27.465199],[110.140964,27.473999],[110.13302,27.480876],[110.1285,27.480885],[110.13167,27.474968],[110.129322,27.470335],[110.119136,27.469757],[110.114758,27.472442],[110.124192,27.474701],[110.115033,27.479187],[110.107057,27.469498],[110.108667,27.463496],[110.101208,27.461066],[110.112887,27.459821],[110.109791,27.456576],[110.113864,27.450738],[110.094654,27.438556],[110.076146,27.43136],[110.077904,27.427413],[110.069519,27.418304],[110.059943,27.414208],[110.054523,27.404385],[110.046431,27.409388],[110.039948,27.408684],[110.033264,27.393354],[110.041941,27.380287],[110.036844,27.368858],[110.042804,27.363182],[110.042038,27.347232],[110.02537,27.34774],[110.009825,27.332567],[110.001652,27.328623],[109.999511,27.320397],[109.984554,27.313509],[109.987958,27.309135],[109.98185,27.313049],[109.980914,27.307765],[109.996877,27.303006],[109.999156,27.286712],[109.990979,27.283684],[109.989784,27.279717],[109.980732,27.273787],[109.973819,27.276045],[109.949648,27.272896],[109.92933,27.287147],[109.922128,27.285332],[109.910418,27.291694],[109.896927,27.286933],[109.895425,27.281204],[109.900437,27.280437],[109.896869,27.276158],[109.881581,27.279078],[109.880314,27.282659],[109.876504,27.278158],[109.868991,27.282898],[109.860073,27.280406],[109.844895,27.288382],[109.83506,27.310878],[109.820713,27.317428],[109.805651,27.306194],[109.808074,27.30211],[109.798461,27.303274],[109.785842,27.294149],[109.78737,27.304571],[109.777103,27.302109],[109.769245,27.303826],[109.767651,27.30911],[109.755036,27.310735]]]}},{"type":"Feature","properties":{"id":"cn:431222","name":"沅陵县","level":2},"geometry":{"type":"Polygon","coordinates":[[[110.09806,28.455857],[110.101652,28.465666],[110.118112,28.465062],[110.12352,28.460701],[110.121419,28.451809],[110.13069,28.449922],[110.136732,28.459693],[110.152835,28.464643],[110.158711,28.470768],[110.150152,28.476556],[110.143693,28.486872],[110.145959,28.530996],[110.150907,28.536028],[110.162235,28.53825],[110.16088,28.566846],[110.1676,28.587447],[110.172712,28.588958],[110.18102,28.585937],[110.185299,28.577464],[110.202747,28.578387],[110.208033,28.568699],[110.21944,28.566603],[110.229084,28.57155],[110.231688,28.578512],[110.225142,28.590843],[110.226062,28.596463],[110.21944,28.612989],[110.226063,28.619196],[110.207277,28.628926],[110.218345,28.65472],[110.223883,28.656398],[110.231185,28.649267],[110.238562,28.648009],[110.239231,28.661431],[110.24628,28.663193],[110.252902,28.675649],[110.265489,28.674642],[110.269681,28.718755],[110.273414,28.720684],[110.280713,28.746707],[110.278109,28.757275],[110.280547,28.768684],[110.285409,28.770528],[110.302266,28.760882],[110.31343,28.760714],[110.325972,28.763147],[110.33547,28.772936],[110.337675,28.785073],[110.335564,28.804812],[110.339845,28.823794],[110.360923,28.849106],[110.367629,28.850247],[110.378562,28.860358],[110.389999,28.864032],[110.391303,28.867141],[110.384738,28.877361],[110.38586,28.890187],[110.395165,28.898659],[110.415382,28.904699],[110.427796,28.893709],[110.444159,28.892786],[110.447179,28.885111],[110.463074,28.883245],[110.468109,28.891257],[110.478334,28.89369],[110.477709,28.897841],[110.471294,28.902559],[110.478968,28.91382],[110.483369,28.914827],[110.513638,28.895072],[110.525964,28.877301],[110.532284,28.88183],[110.539211,28.892546],[110.536268,28.907939],[110.515765,28.938627],[110.528446,28.949291],[110.548689,28.95874],[110.548794,28.966535],[110.537014,28.985448],[110.547856,28.995441],[110.564175,29.003316],[110.567847,29.003742],[110.57428,28.996111],[110.588611,28.972583],[110.615999,28.968419],[110.631207,28.952905],[110.652171,28.938249],[110.668777,28.911478],[110.679453,28.909076],[110.685764,28.911305],[110.68783,28.928025],[110.711963,28.916537],[110.725469,28.929238],[110.729922,28.929649],[110.75369,28.911735],[110.76487,28.908173],[110.78382,28.916908],[110.789974,28.926474],[110.793603,28.958312],[110.79652,28.961489],[110.831815,28.945038],[110.844176,28.949714],[110.846876,28.955187],[110.845305,28.971719],[110.834376,28.99088],[110.835487,28.995682],[110.855747,29.002101],[110.884214,28.995659],[110.889158,28.997817],[110.892916,29.004655],[110.895478,28.998992],[110.901025,28.999482],[110.910174,29.011724],[110.89816,29.024495],[110.898872,29.037963],[110.909712,29.038896],[110.908917,29.033121],[110.914108,29.025706],[110.947802,29.008999],[110.950246,29.005545],[110.945548,29.004615],[110.944656,28.999103],[110.956587,29.001593],[110.965585,28.995844],[110.960189,28.991289],[110.968368,28.993286],[110.972993,28.990678],[110.974044,28.9944],[110.982496,28.99117],[110.977439,28.979929],[110.969453,28.979902],[110.960261,28.968312],[110.94987,28.963926],[110.951737,28.954223],[110.945131,28.940501],[110.957786,28.921118],[110.952388,28.913804],[110.953221,28.909601],[110.984541,28.900415],[110.987257,28.891387],[110.997527,28.877533],[110.994965,28.87084],[110.999401,28.869404],[111.007856,28.854428],[111.025122,28.842715],[111.033316,28.826515],[111.05401,28.828097],[111.065729,28.819885],[111.067266,28.812834],[111.074818,28.806704],[111.073256,28.796678],[111.082934,28.786554],[111.096676,28.780944],[111.093177,28.770656],[111.10138,28.762776],[111.102995,28.753683],[111.109609,28.746912],[111.097041,28.737067],[111.099992,28.729538],[111.09645,28.725834],[111.095591,28.716687],[111.090322,28.712273],[111.090808,28.70357],[111.075687,28.69492],[111.060279,28.699677],[111.04323,28.692945],[111.042154,28.685973],[111.056441,28.671685],[111.059185,28.662868],[111.046286,28.655446],[111.009992,28.653103],[110.989376,28.640183],[110.98935,28.631132],[110.985314,28.622535],[110.956077,28.626353],[110.950366,28.622588],[110.939115,28.625427],[110.929749,28.621019],[110.932311,28.614226],[110.940184,28.607024],[110.939247,28.592888],[110.946946,28.571364],[110.975626,28.589955],[111.00323,28.58838],[111.003743,28.60251],[111.010505,28.602575],[111.010635,28.597182],[111.014902,28.592966],[111.020992,28.593312],[111.025702,28.597845],[111.029389,28.594568],[111.031313,28.60003],[111.03627,28.597955],[111.038154,28.606201],[111.045104,28.603511],[111.044872,28.6118],[111.052016,28.61108],[111.049671,28.60548],[111.051833,28.599539],[111.049011,28.597158],[111.054381,28.593689],[111.059324,28.583132],[111.048386,28.569754],[111.053838,28.567023],[111.072597,28.54276],[111.072006,28.534437],[111.062093,28.533289],[111.043873,28.540027],[111.036504,28.538235],[111.033734,28.542887],[111.02435,28.546909],[111.016859,28.545101],[111.006651,28.548552],[110.976877,28.515586],[110.96258,28.514396],[110.956755,28.499005],[110.940401,28.482778],[110.92199,28.487421],[110.917198,28.475453],[110.900454,28.458649],[110.884316,28.450833],[110.883735,28.442474],[110.857225,28.422294],[110.855271,28.408685],[110.850549,28.402904],[110.830923,28.397346],[110.827815,28.383967],[110.82094,28.375159],[110.788978,28.357754],[110.752071,28.345068],[110.746247,28.335716],[110.733365,28.325378],[110.731395,28.317703],[110.722167,28.312711],[110.716151,28.304187],[110.705118,28.30035],[110.694632,28.303283],[110.682644,28.300098],[110.667748,28.300999],[110.661542,28.293575],[110.660032,28.278163],[110.653026,28.258848],[110.657541,28.248542],[110.668444,28.244766],[110.666134,28.234702],[110.653894,28.225411],[110.647306,28.216017],[110.609746,28.194283],[110.583825,28.174344],[110.56261,28.171144],[110.533834,28.133534],[110.514165,28.120003],[110.495779,28.099815],[110.456214,28.093846],[110.44433,28.096596],[110.435518,28.086727],[110.427767,28.08443],[110.411994,28.092221],[110.400883,28.092675],[110.385883,28.104135],[110.364685,28.099528],[110.35847,28.102505],[110.359425,28.106611],[110.349696,28.108438],[110.343533,28.115147],[110.341947,28.134566],[110.356499,28.137451],[110.361742,28.142419],[110.361027,28.146736],[110.349296,28.156],[110.351102,28.165009],[110.348986,28.168709],[110.326108,28.181852],[110.320405,28.17588],[110.318608,28.159587],[110.316551,28.156603],[110.313175,28.158204],[110.310067,28.167147],[110.312636,28.188491],[110.299682,28.20268],[110.280959,28.213142],[110.256751,28.205086],[110.265831,28.216768],[110.252549,28.221205],[110.244528,28.215682],[110.239615,28.216362],[110.232948,28.231216],[110.235544,28.234237],[110.233782,28.237507],[110.221785,28.244217],[110.205639,28.246127],[110.201195,28.255855],[110.190665,28.257617],[110.178339,28.266405],[110.179137,28.271815],[110.170205,28.28383],[110.172088,28.287941],[110.180933,28.288987],[110.173599,28.305977],[110.173261,28.31969],[110.178382,28.32531],[110.183156,28.339485],[110.19826,28.343094],[110.208069,28.353412],[110.201029,28.365952],[110.185595,28.366539],[110.176784,28.378617],[110.165214,28.381302],[110.149276,28.394599],[110.143234,28.392836],[110.1403,28.385622],[110.136524,28.386545],[110.106784,28.41909],[110.105404,28.428443],[110.110014,28.443374],[110.09806,28.455857]]]}},{"type":"Feature","properties":{"id":"cn:431223","name":"辰溪县","level":2},"geometry":{"type":"Polygon","coordinates":[[[109.911499,27.818688],[109.918261,27.822406],[109.915871,27.834735],[109.919615,27.839873],[109.923318,27.837917],[109.92202,27.822476],[109.927337,27.815173],[110.025715,27.840344],[110.04924,27.865361],[110.047313,27.881047],[110.049786,27.883772],[110.061193,27.885768],[110.079527,27.877796],[110.084891,27.880188],[110.08384,27.890064],[110.091644,27.899146],[110.085767,27.910303],[110.078731,27.914666],[110.075293,27.923515],[110.075206,27.934756],[110.081413,27.947968],[110.06808,27.961136],[110.06841,27.968268],[110.06472,27.971538],[110.076882,27.972712],[110.079781,27.977662],[110.09433,27.98024],[110.105406,27.991711],[110.106239,28.008719],[110.111986,28.019121],[110.119494,28.019917],[110.123314,28.023797],[110.116222,28.04246],[110.125909,28.042819],[110.12742,28.048773],[110.13241,28.049528],[110.133123,28.059615],[110.111361,28.07876],[110.106829,28.094132],[110.118278,28.096858],[110.144538,28.095663],[110.161898,28.106379],[110.161482,28.113885],[110.146924,28.124142],[110.144703,28.129175],[110.150032,28.133662],[110.178504,28.140457],[110.177419,28.149011],[110.164329,28.158869],[110.163322,28.162811],[110.169702,28.169017],[110.189493,28.176819],[110.195197,28.182103],[110.197211,28.191205],[110.186473,28.200348],[110.188235,28.205547],[110.21189,28.207728],[110.218269,28.201437],[110.228748,28.200222],[110.238226,28.210624],[110.239615,28.216362],[110.244528,28.215682],[110.252549,28.221205],[110.265831,28.216768],[110.256751,28.205086],[110.283347,28.212722],[110.310826,28.19295],[110.313157,28.18436],[110.310067,28.167147],[110.313175,28.158204],[110.316551,28.156603],[110.318608,28.159587],[110.320405,28.17588],[110.326108,28.181852],[110.350627,28.166656],[110.349296,28.156],[110.361027,28.146736],[110.361537,28.140808],[110.342409,28.135186],[110.341363,28.12487],[110.343533,28.115147],[110.349696,28.108438],[110.359425,28.106611],[110.361066,28.099984],[110.377099,28.100457],[110.385883,28.104135],[110.400883,28.092675],[110.411994,28.092221],[110.427767,28.08443],[110.435518,28.086727],[110.44433,28.096596],[110.456214,28.093846],[110.495779,28.099815],[110.466266,28.036262],[110.461075,28.000007],[110.476648,27.980933],[110.469518,27.963996],[110.472761,27.956985],[110.46145,27.950547],[110.461436,27.938454],[110.457125,27.935291],[110.45878,27.932713],[110.449705,27.927177],[110.444975,27.918445],[110.437225,27.917022],[110.422969,27.920793],[110.417786,27.925224],[110.421542,27.934516],[110.419738,27.936827],[110.393837,27.925816],[110.398819,27.920678],[110.396165,27.914335],[110.387156,27.910157],[110.37486,27.912553],[110.365398,27.923541],[110.354773,27.928151],[110.332099,27.930547],[110.319937,27.9265],[110.307294,27.918973],[110.305596,27.914178],[110.309559,27.907968],[110.310365,27.895533],[110.318799,27.891743],[110.317109,27.886306],[110.311011,27.884552],[110.313886,27.87304],[110.312108,27.864443],[110.308445,27.860401],[110.302135,27.859708],[110.29304,27.864604],[110.285005,27.864868],[110.284351,27.860044],[110.292474,27.856548],[110.292038,27.849772],[110.277218,27.858909],[110.269789,27.846631],[110.267918,27.850693],[110.265683,27.846874],[110.265785,27.840583],[110.270409,27.834131],[110.27693,27.837284],[110.28636,27.832548],[110.285528,27.823265],[110.289281,27.822279],[110.301429,27.82895],[110.317165,27.811598],[110.327321,27.812521],[110.358397,27.825821],[110.369612,27.82279],[110.377138,27.814183],[110.364291,27.798232],[110.363093,27.790938],[110.369308,27.786523],[110.383717,27.784954],[110.397893,27.788216],[110.426948,27.811006],[110.451218,27.822985],[110.464603,27.817094],[110.499968,27.78011],[110.503241,27.769859],[110.49739,27.754284],[110.500298,27.746574],[110.505722,27.737598],[110.528648,27.72276],[110.531774,27.714351],[110.50653,27.690258],[110.489837,27.653138],[110.466634,27.623663],[110.459009,27.60331],[110.445977,27.58528],[110.438975,27.588852],[110.431763,27.587565],[110.430686,27.598605],[110.421754,27.596261],[110.413426,27.583539],[110.392795,27.582996],[110.381217,27.590984],[110.377544,27.588275],[110.370765,27.593838],[110.360962,27.593024],[110.357007,27.585071],[110.344271,27.589486],[110.338864,27.588342],[110.34513,27.603366],[110.33739,27.611543],[110.347469,27.619001],[110.343097,27.630617],[110.334703,27.635175],[110.330837,27.641247],[110.330976,27.670445],[110.338768,27.68552],[110.322245,27.696695],[110.308171,27.692608],[110.301476,27.695793],[110.276304,27.695308],[110.249473,27.687776],[110.242355,27.694519],[110.183241,27.724217],[110.159587,27.731453],[110.102477,27.733019],[110.084897,27.73742],[110.076599,27.747934],[110.068896,27.74585],[110.063398,27.740202],[110.047638,27.739271],[110.039916,27.739508],[110.036481,27.746838],[110.029433,27.74437],[110.027751,27.737972],[110.02322,27.743624],[110.011791,27.746439],[110.00501,27.739649],[109.996654,27.73775],[109.993019,27.742851],[109.98101,27.746904],[109.969247,27.73837],[109.960203,27.740334],[109.955812,27.733336],[109.940476,27.733847],[109.921969,27.769211],[109.915732,27.77313],[109.918553,27.78481],[109.914763,27.792592],[109.911499,27.818688]]]}},{"type":"Feature","properties":{"id":"cn:431224","name":"溆浦县","level":2},"geometry":{"type":"Polygon","coordinates":[[[110.265539,27.841903],[110.267029,27.850371],[110.269789,27.846631],[110.277218,27.858909],[110.292038,27.849772],[110.292474,27.856548],[110.284351,27.860044],[110.285005,27.864868],[110.29304,27.864604],[110.302135,27.859708],[110.308445,27.860401],[110.312108,27.864443],[110.313886,27.87304],[110.311011,27.884552],[110.317109,27.886306],[110.318799,27.891743],[110.310365,27.895533],[110.309559,27.907968],[110.305596,27.914178],[110.307294,27.918973],[110.319937,27.9265],[110.332099,27.930547],[110.354773,27.928151],[110.365398,27.923541],[110.37486,27.912553],[110.387156,27.910157],[110.396165,27.914335],[110.398819,27.920678],[110.393837,27.925816],[110.419738,27.936827],[110.421542,27.934516],[110.417786,27.925224],[110.422969,27.920793],[110.437225,27.917022],[110.444975,27.918445],[110.449705,27.927177],[110.45878,27.932713],[110.457125,27.935291],[110.461436,27.938454],[110.46145,27.950547],[110.472761,27.956985],[110.469518,27.963996],[110.476648,27.980933],[110.461075,28.000007],[110.466266,28.036262],[110.495779,28.099815],[110.514165,28.120003],[110.533834,28.133534],[110.56261,28.171144],[110.583825,28.174344],[110.609746,28.194283],[110.647306,28.216017],[110.653894,28.225411],[110.666134,28.234702],[110.668444,28.244766],[110.657541,28.248542],[110.653026,28.258848],[110.660032,28.278163],[110.661542,28.293575],[110.669094,28.301921],[110.682644,28.300098],[110.694632,28.303283],[110.705118,28.30035],[110.715231,28.304354],[110.734562,28.284976],[110.768405,28.276315],[110.778346,28.281619],[110.785229,28.281201],[110.797728,28.267781],[110.801331,28.256435],[110.782877,28.234647],[110.794873,28.226594],[110.798353,28.217596],[110.819074,28.207068],[110.821844,28.212522],[110.830141,28.212962],[110.839586,28.218583],[110.843146,28.216528],[110.843067,28.208704],[110.856531,28.207068],[110.843102,28.17402],[110.813702,28.14311],[110.829178,28.128807],[110.828093,28.122327],[110.836141,28.123545],[110.839413,28.119853],[110.818988,28.090389],[110.828259,28.090933],[110.853927,28.079883],[110.869177,28.086718],[110.891253,28.062309],[110.879213,28.05453],[110.867937,28.040185],[110.86127,28.028012],[110.861939,28.016635],[110.873285,28.016604],[110.89002,28.002397],[110.91594,28.002418],[110.912121,28.010743],[110.920046,28.007995],[110.917173,28.017464],[110.922772,28.020033],[110.920862,28.024855],[110.933128,28.022025],[110.938046,28.041871],[110.950732,28.054243],[110.947225,28.059835],[110.956028,28.060053],[110.964039,28.070414],[110.967234,28.057444],[110.988197,28.057276],[111.017059,28.044294],[111.008873,28.036936],[111.007998,28.032259],[110.97344,28.031693],[110.970419,28.015756],[110.963961,28.007869],[110.984716,27.996756],[110.995444,27.996595],[110.982328,27.976292],[110.962088,27.954838],[110.965325,27.938547],[110.963838,27.930385],[110.974696,27.926804],[110.975358,27.923416],[110.971691,27.916477],[110.953062,27.907185],[110.949545,27.900993],[110.938912,27.898936],[110.936641,27.893462],[110.925207,27.884237],[110.924991,27.878568],[110.928511,27.877722],[110.919861,27.874982],[110.918401,27.867456],[110.909748,27.869144],[110.904548,27.862103],[110.893626,27.859521],[110.890919,27.853981],[110.87721,27.854001],[110.870471,27.849304],[110.832267,27.852664],[110.801634,27.867619],[110.790271,27.864331],[110.786686,27.859032],[110.780905,27.836275],[110.762815,27.798747],[110.780748,27.786015],[110.790748,27.761522],[110.80653,27.761165],[110.811208,27.757293],[110.825436,27.718367],[110.83264,27.684904],[110.844307,27.679237],[110.855149,27.68068],[110.863439,27.676369],[110.866902,27.6617],[110.864107,27.656622],[110.850713,27.650802],[110.847153,27.631437],[110.856969,27.626971],[110.852433,27.624835],[110.840765,27.627692],[110.842476,27.625433],[110.839647,27.624387],[110.842786,27.612433],[110.849737,27.605258],[110.849462,27.597578],[110.81942,27.582212],[110.799159,27.564411],[110.781867,27.56384],[110.744075,27.605879],[110.732288,27.604425],[110.733079,27.613186],[110.73875,27.620653],[110.73613,27.628973],[110.732388,27.630413],[110.728089,27.626641],[110.729245,27.619694],[110.710552,27.619655],[110.705664,27.610293],[110.700478,27.608046],[110.669272,27.603458],[110.652865,27.586498],[110.652508,27.581694],[110.657009,27.576818],[110.64909,27.578797],[110.64806,27.569273],[110.633452,27.559379],[110.626667,27.543922],[110.627996,27.539572],[110.643534,27.533033],[110.675539,27.500443],[110.67922,27.491287],[110.679881,27.472107],[110.688542,27.455777],[110.683447,27.447247],[110.669349,27.437963],[110.658377,27.424109],[110.654966,27.400211],[110.650208,27.383646],[110.644601,27.377177],[110.644531,27.368666],[110.631857,27.357123],[110.617329,27.33383],[110.600797,27.323457],[110.605386,27.313046],[110.601771,27.305347],[110.605323,27.295672],[110.594105,27.284978],[110.580486,27.282115],[110.569401,27.284553],[110.549314,27.31171],[110.536207,27.308618],[110.519584,27.296773],[110.516606,27.319752],[110.520972,27.328047],[110.5227,27.344043],[110.513768,27.354334],[110.485348,27.358171],[110.462952,27.35461],[110.441902,27.360861],[110.437422,27.359226],[110.424489,27.336622],[110.416459,27.336068],[110.412431,27.342223],[110.410843,27.372381],[110.428152,27.417332],[110.435514,27.415152],[110.451963,27.422896],[110.461,27.436031],[110.462371,27.446075],[110.452779,27.476143],[110.45264,27.500029],[110.456078,27.510205],[110.483482,27.541099],[110.490489,27.569464],[110.483516,27.58256],[110.489358,27.584912],[110.490136,27.591878],[110.480792,27.592454],[110.482559,27.587577],[110.478896,27.585234],[110.479099,27.581517],[110.467303,27.587326],[110.472918,27.598139],[110.460335,27.60598],[110.463205,27.618309],[110.489837,27.653138],[110.50653,27.690258],[110.531774,27.714351],[110.528648,27.72276],[110.505722,27.737598],[110.500298,27.746574],[110.49739,27.754284],[110.503241,27.769859],[110.499968,27.78011],[110.464603,27.817094],[110.451218,27.822985],[110.426948,27.811006],[110.397893,27.788216],[110.375471,27.785558],[110.363093,27.790938],[110.366027,27.801368],[110.377138,27.814183],[110.369612,27.82279],[110.358397,27.825821],[110.327321,27.812521],[110.317165,27.811598],[110.301429,27.82895],[110.28684,27.822531],[110.284146,27.825373],[110.28636,27.832548],[110.27693,27.837284],[110.270409,27.834131],[110.265539,27.841903]]]}},{"type":"Feature","properties":{"id":"cn:431225","name":"会同县","level":2},"geometry":{"type":"MultiPolygon","coordinates":[[[[109.523461,26.748161],[109.517591,26.752738],[109.517751,26.759178],[109.512952,26.759723],[109.512983,26.783429],[109.49201,26.822837],[109.494449,26.829761],[109.508555,26.843759],[109.505794,26.868976],[109.507913,26.879572],[109.488832,26.884329],[109.482158,26.898695],[109.477245,26.900455],[109.470184,26.898529],[109.468243,26.888135],[109.452023,26.876548],[109.452755,26.867423],[109.443143,26.862912],[109.431516,26.864947],[109.440107,26.875039],[109.433006,26.882029],[109.431665,26.895902],[109.447125,26.905807],[109.454368,26.905402],[109.464095,26.909961],[109.468442,26.915595],[109.479584,26.916936],[109.506267,26.933575],[109.519612,26.929661],[109.525725,26.931052],[109.53089,26.943758],[109.54471,26.946493],[109.554046,26.955861],[109.546471,26.962595],[109.545404,26.987292],[109.542239,26.988139],[109.531132,26.977436],[109.523072,26.980707],[109.525965,26.986825],[109.524722,26.995311],[109.534252,26.996245],[109.537854,26.999981],[109.535437,27.009121],[109.537863,27.013017],[109.521254,27.030033],[109.520468,27.040753],[109.51335,27.04666],[109.515188,27.062136],[109.50588,27.071358],[109.515493,27.071768],[109.516318,27.074744],[109.500448,27.076127],[109.495999,27.082112],[109.485681,27.082313],[109.481339,27.072081],[109.490497,27.064447],[109.483604,27.058058],[109.451704,27.07065],[109.4584,27.074118],[109.477422,27.072993],[109.492287,27.104257],[109.503302,27.100659],[109.516402,27.075227],[109.526549,27.07312],[109.532986,27.088967],[109.529587,27.110313],[109.532068,27.117098],[109.538349,27.109362],[109.586202,27.105047],[109.599188,27.09006],[109.582826,27.082254],[109.566315,27.063164],[109.555942,27.056656],[109.555742,27.052763],[109.567513,27.046551],[109.579275,27.050213],[109.591167,27.041241],[109.612834,27.047489],[109.627608,27.044598],[109.645501,27.049147],[109.655971,27.069583],[109.673949,27.08668],[109.680794,27.083088],[109.692478,27.084911],[109.710056,27.096362],[109.734197,27.085499],[109.75878,27.09781],[109.768786,27.098007],[109.776718,27.093878],[109.79662,27.099383],[109.795414,27.104592],[109.798627,27.108403],[109.803546,27.107309],[109.820919,27.113251],[109.826542,27.125284],[109.824733,27.134198],[109.835278,27.143536],[109.844015,27.143753],[109.867005,27.154108],[109.869917,27.150606],[109.86269,27.140777],[109.858772,27.125411],[109.86023,27.120329],[109.874744,27.11815],[109.901593,27.128467],[109.929542,27.126673],[109.939047,27.114353],[109.944586,27.09612],[109.944508,27.084539],[109.948926,27.080677],[109.984238,27.081696],[110.006114,27.063078],[110.013787,27.062285],[110.037389,27.095473],[110.061842,27.076961],[110.075323,27.050885],[110.089334,27.043615],[110.096095,27.035741],[110.095558,27.026119],[110.085991,27.01597],[110.086495,27.011124],[110.093596,27.009208],[110.11218,27.012889],[110.12891,26.999651],[110.125921,26.993278],[110.143719,26.992977],[110.141452,26.990157],[110.119769,26.987453],[110.111417,26.981243],[110.097928,26.952159],[110.084837,26.952013],[110.071061,26.944967],[110.069316,26.941043],[110.068674,26.931621],[110.09258,26.90962],[110.092198,26.899281],[110.073387,26.885292],[110.058761,26.885356],[110.052713,26.881963],[110.043917,26.864058],[110.041142,26.845457],[110.037333,26.839097],[110.043949,26.828353],[110.053363,26.825355],[110.051738,26.812155],[110.05685,26.796797],[110.063792,26.787923],[110.058682,26.773229],[110.064442,26.763819],[110.057484,26.76484],[110.058285,26.752714],[110.044834,26.751945],[110.051754,26.743522],[110.045536,26.738967],[110.042717,26.728018],[110.056011,26.720869],[110.061818,26.722848],[110.062813,26.716049],[110.067691,26.711039],[110.067283,26.70344],[110.057187,26.698345],[110.038411,26.701177],[110.032154,26.685323],[110.014492,26.665807],[110.000166,26.667962],[109.997507,26.671484],[110.002837,26.676563],[109.994356,26.676826],[109.990953,26.68356],[109.983024,26.688867],[109.972986,26.689439],[109.97104,26.693394],[109.959083,26.695412],[109.941747,26.689687],[109.925914,26.704344],[109.928545,26.713603],[109.925146,26.722137],[109.914539,26.714635],[109.905889,26.715025],[109.895223,26.726818],[109.889713,26.726032],[109.881035,26.730088],[109.863474,26.723281],[109.862277,26.717727],[109.845484,26.723939],[109.839594,26.722364],[109.840335,26.728717],[109.833704,26.733781],[109.840014,26.745352],[109.821818,26.759295],[109.819278,26.773685],[109.815609,26.777885],[109.817479,26.784084],[109.809763,26.782175],[109.799051,26.789245],[109.791936,26.787774],[109.790566,26.780168],[109.781509,26.77944],[109.775754,26.786333],[109.749475,26.757387],[109.6922,26.780868],[109.657617,26.777222],[109.647791,26.765906],[109.63859,26.741705],[109.657035,26.721205],[109.655855,26.713215],[109.631219,26.70065],[109.614183,26.704068],[109.607252,26.698058],[109.608526,26.689333],[109.602873,26.693059],[109.590409,26.694079],[109.586555,26.69008],[109.550629,26.711936],[109.53025,26.717767],[109.514405,26.718197],[109.507882,26.722743],[109.523663,26.732731],[109.524632,26.744355],[109.543602,26.732483],[109.540439,26.72799],[109.542822,26.72149],[109.548904,26.726602],[109.563842,26.729812],[109.573742,26.73694],[109.574111,26.743881],[109.582313,26.748961],[109.584052,26.755167],[109.592732,26.759753],[109.592036,26.764344],[109.572705,26.774208],[109.575882,26.763321],[109.572943,26.755245],[109.565498,26.751365],[109.553621,26.758261],[109.554729,26.751408],[109.552277,26.749228],[109.563311,26.744658],[109.554832,26.73877],[109.523461,26.748161]]],[[[109.457761,26.833259],[109.473333,26.840906],[109.47743,26.840436],[109.474012,26.834381],[109.462239,26.829538],[109.457761,26.833259]]]]}},{"type":"Feature","properties":{"id":"cn:431226","name":"麻阳苗族自治县","level":2},"geometry":{"type":"Polygon","coordinates":[[[109.413165,27.719175],[109.421593,27.742098],[109.437869,27.752374],[109.444241,27.765731],[109.456741,27.776551],[109.454814,27.787457],[109.448519,27.795048],[109.456567,27.806624],[109.473008,27.807127],[109.472001,27.791944],[109.478972,27.790267],[109.492644,27.801968],[109.502626,27.806163],[109.507322,27.803478],[109.516628,27.815894],[109.521827,27.813125],[109.526107,27.815809],[109.529042,27.812706],[109.52846,27.799284],[109.54129,27.788463],[109.56931,27.81241],[109.579709,27.80998],[109.582478,27.80587],[109.591792,27.808133],[109.593304,27.803604],[109.598919,27.801675],[109.608902,27.819165],[109.614693,27.815977],[109.622158,27.82059],[109.616029,27.825371],[109.616928,27.828783],[109.632305,27.830824],[109.642878,27.838457],[109.643121,27.846803],[109.636411,27.856786],[109.638347,27.867355],[109.632218,27.875072],[109.63247,27.879518],[109.618043,27.882411],[109.620352,27.903121],[109.623642,27.904557],[109.626648,27.913786],[109.649962,27.907346],[109.65038,27.914772],[109.655545,27.922133],[109.666153,27.925151],[109.677394,27.93939],[109.691448,27.940397],[109.706587,27.953211],[109.714425,27.956063],[109.714851,27.962059],[109.708558,27.97219],[109.715102,27.985149],[109.728393,27.990789],[109.725624,28.007],[109.731326,28.015807],[109.724911,28.02126],[109.728774,28.027782],[109.747732,28.024846],[109.787655,28.033192],[109.780025,28.024804],[109.779773,28.010126],[109.771214,28.002492],[109.770632,27.997207],[109.777924,27.994481],[109.786319,27.978292],[109.793193,27.982737],[109.834044,27.989154],[109.838237,27.986387],[109.832872,27.978501],[109.834295,27.976656],[109.852585,27.97439],[109.872291,27.959838],[109.878081,27.950443],[109.887143,27.949269],[109.899895,27.941131],[109.90585,27.941971],[109.912309,27.950529],[109.909878,27.954805],[109.915833,27.959671],[109.922202,27.958788],[109.93235,27.962899],[109.943262,27.960382],[109.946951,27.951826],[109.953322,27.955182],[109.953827,27.964661],[109.958357,27.96508],[109.966916,27.958326],[109.966995,27.942137],[109.979494,27.949351],[109.984112,27.948932],[109.998037,27.937397],[109.995684,27.923138],[110.013797,27.911225],[110.039469,27.921922],[110.049451,27.937523],[110.04367,27.956523],[110.054825,27.960299],[110.06472,27.971538],[110.06841,27.968268],[110.06808,27.961136],[110.081413,27.947968],[110.075206,27.934756],[110.075293,27.923515],[110.078731,27.914666],[110.085767,27.910303],[110.091644,27.899146],[110.08384,27.890064],[110.083632,27.878469],[110.072773,27.879558],[110.061193,27.885768],[110.049786,27.883772],[110.047313,27.881047],[110.050412,27.867794],[110.031037,27.843174],[109.984514,27.828581],[109.975315,27.828936],[109.965211,27.823154],[109.951705,27.823051],[109.945608,27.818688],[109.925772,27.815459],[109.92202,27.822476],[109.923896,27.835937],[109.919615,27.839873],[109.915871,27.834735],[109.918261,27.822406],[109.911499,27.818688],[109.914763,27.792592],[109.90151,27.798202],[109.88697,27.790359],[109.87857,27.790803],[109.866705,27.777522],[109.873423,27.769775],[109.866352,27.758154],[109.870165,27.748661],[109.868779,27.745135],[109.861891,27.746484],[109.859663,27.740573],[109.850178,27.74094],[109.847045,27.738383],[109.848499,27.735124],[109.843378,27.733392],[109.827706,27.734615],[109.816697,27.740198],[109.811903,27.727726],[109.813079,27.723621],[109.791983,27.715588],[109.790808,27.698624],[109.785781,27.688889],[109.798912,27.675637],[109.798517,27.663419],[109.802775,27.65275],[109.796176,27.635863],[109.784675,27.630579],[109.785369,27.625367],[109.776992,27.624117],[109.753469,27.638626],[109.741828,27.633593],[109.713113,27.628336],[109.664076,27.605304],[109.661446,27.609898],[109.655604,27.611086],[109.642867,27.601386],[109.6226,27.603068],[109.608251,27.600427],[109.597973,27.591655],[109.567896,27.579539],[109.552505,27.566608],[109.551437,27.560911],[109.561463,27.544902],[109.552531,27.536992],[109.540091,27.536106],[109.52247,27.540247],[109.492554,27.557133],[109.489755,27.562589],[109.474655,27.565212],[109.4721,27.569343],[109.46656,27.567071],[109.457016,27.569401],[109.44648,27.589124],[109.456713,27.60482],[109.465308,27.631976],[109.450812,27.675479],[109.465716,27.683485],[109.452072,27.696762],[109.425161,27.706719],[109.422053,27.71406],[109.413165,27.719175]]]}},{"type":"Feature","properties":{"id":"cn:431227","name":"新晃侗族自治县","level":2},"geometry":{"type":"Polygon","coordinates":[[[108.786637,27.087856],[108.803307,27.102016],[108.811837,27.100375],[108.81437,27.094532],[108.820237,27.09254],[108.833665,27.096393],[108.839975,27.101948],[108.851198,27.099955],[108.850236,27.107693],[108.857125,27.119264],[108.866708,27.119379],[108.874689,27.10988],[108.880686,27.112062],[108.883875,27.117556],[108.883058,27.124771],[108.900827,27.138515],[108.910051,27.154363],[108.908769,27.160325],[108.910359,27.162551],[108.915669,27.160537],[108.915943,27.169399],[108.918684,27.169003],[108.916183,27.172299],[108.919384,27.17678],[108.915771,27.179214],[108.913038,27.189482],[108.915056,27.197036],[108.921655,27.203153],[108.914323,27.203424],[108.904558,27.207907],[108.903534,27.211111],[108.910399,27.213268],[108.910134,27.218199],[108.913919,27.22068],[108.942941,27.231921],[108.947713,27.239807],[108.962054,27.24015],[108.964322,27.248984],[108.980362,27.259656],[108.979043,27.270478],[108.981607,27.273454],[108.989307,27.273345],[108.993487,27.266116],[108.995219,27.270916],[109.005855,27.273629],[109.018264,27.281655],[109.019454,27.285536],[109.036907,27.27987],[109.041476,27.292187],[109.049381,27.298084],[109.049563,27.309283],[109.043163,27.322017],[109.041399,27.337928],[109.049076,27.339171],[109.054979,27.330074],[109.064653,27.32599],[109.072596,27.337262],[109.082553,27.33422],[109.099066,27.340044],[109.096722,27.354358],[109.100133,27.358762],[109.107816,27.354981],[109.110776,27.35733],[109.11382,27.3654],[109.109662,27.369239],[109.10986,27.374276],[109.120099,27.391052],[109.111393,27.403535],[109.122319,27.407655],[109.12682,27.414401],[109.136792,27.420293],[109.138097,27.427564],[109.134007,27.433504],[109.130154,27.433017],[109.124601,27.428711],[109.120358,27.418708],[109.114888,27.415618],[109.106931,27.417052],[109.104547,27.421868],[109.10987,27.428045],[109.118471,27.421225],[109.118667,27.431765],[109.124478,27.434488],[109.139362,27.45202],[109.148878,27.452528],[109.150678,27.446767],[109.154828,27.445539],[109.151601,27.419717],[109.1624,27.421057],[109.197556,27.453354],[109.209153,27.453784],[109.2174,27.442217],[109.236619,27.435199],[109.241028,27.421499],[109.248268,27.420475],[109.259743,27.42618],[109.281888,27.427931],[109.319735,27.415995],[109.333025,27.408144],[109.337061,27.401104],[109.338103,27.380173],[109.343364,27.366655],[109.376089,27.345197],[109.392652,27.341115],[109.406158,27.343121],[109.40878,27.338886],[109.405413,27.328226],[109.426948,27.325785],[109.434848,27.318818],[109.433251,27.312453],[109.411523,27.295616],[109.42648,27.275063],[109.438667,27.266093],[109.441394,27.258868],[109.436862,27.250781],[109.4253,27.246178],[109.419614,27.23538],[109.432704,27.198363],[109.433425,27.186853],[109.429485,27.180601],[109.421482,27.176072],[109.404017,27.171884],[109.401172,27.16697],[109.402667,27.156507],[109.405482,27.156728],[109.396861,27.154961],[109.396067,27.162797],[109.389247,27.160875],[109.388393,27.147075],[109.379802,27.147134],[109.378642,27.153654],[109.373408,27.158645],[109.368479,27.150792],[109.350291,27.156211],[109.329866,27.152817],[109.330401,27.142369],[109.270608,27.13337],[109.258846,27.139185],[109.252921,27.153988],[109.243607,27.156813],[109.234423,27.152524],[109.21852,27.125843],[109.186089,27.089687],[109.180596,27.085602],[109.169388,27.089569],[109.158952,27.069088],[109.151696,27.069848],[109.149681,27.075216],[109.13755,27.076874],[109.127013,27.073675],[109.129722,27.070569],[109.125915,27.068308],[109.096518,27.072158],[109.104567,27.09575],[109.113616,27.107933],[109.126455,27.113333],[109.129347,27.120973],[109.124137,27.125691],[109.108238,27.126764],[109.092589,27.119325],[109.075788,27.119723],[109.061177,27.106845],[109.057394,27.113671],[109.0492,27.10158],[109.042799,27.099663],[109.03137,27.10141],[109.028089,27.107117],[109.022496,27.106127],[109.014417,27.099208],[109.015752,27.096857],[109.008259,27.0867],[108.985326,27.077544],[108.960066,27.058005],[108.937138,27.050291],[108.938977,27.040963],[108.946797,27.040496],[108.947805,27.022294],[108.938001,27.018002],[108.939886,27.020844],[108.934415,27.019338],[108.932654,27.015406],[108.91728,27.013357],[108.915488,27.015704],[108.919363,27.027894],[108.916907,27.033396],[108.910848,27.029551],[108.914327,27.024213],[108.912885,27.021021],[108.908224,27.023568],[108.896261,27.020449],[108.880926,27.00653],[108.871595,27.003035],[108.868352,27.004976],[108.874364,27.009965],[108.870206,27.025193],[108.871479,27.031616],[108.868391,27.027294],[108.863094,27.035196],[108.863932,27.026425],[108.861332,27.027878],[108.861903,27.033772],[108.850604,27.03555],[108.839847,27.051509],[108.843036,27.056029],[108.839335,27.064507],[108.836833,27.066582],[108.833651,27.062011],[108.827052,27.061394],[108.824343,27.064036],[108.825938,27.067146],[108.816646,27.068008],[108.804904,27.077461],[108.801523,27.07691],[108.800003,27.08209],[108.786637,27.087856]]]}},{"type":"Feature","properties":{"id":"cn:431228","name":"芷江侗族自治县","level":2},"geometry":{"type":"Polygon","coordinates":[[[109.289648,27.426683],[109.298615,27.429589],[109.302322,27.437684],[109.297826,27.468834],[109.298399,27.478943],[109.301905,27.484053],[109.374362,27.53896],[109.400152,27.553607],[109.410447,27.554919],[109.423442,27.550304],[109.428841,27.551536],[109.441193,27.565556],[109.454376,27.563336],[109.457954,27.56979],[109.46656,27.567071],[109.4721,27.569343],[109.474655,27.565212],[109.489755,27.562589],[109.492554,27.557133],[109.518581,27.541594],[109.540091,27.536106],[109.552531,27.536992],[109.561463,27.544902],[109.551437,27.560911],[109.552505,27.566608],[109.567896,27.579539],[109.597973,27.591655],[109.608251,27.600427],[109.6226,27.603068],[109.642867,27.601386],[109.655604,27.611086],[109.661446,27.609898],[109.664076,27.605304],[109.713113,27.628336],[109.741828,27.633593],[109.753469,27.638626],[109.776992,27.624117],[109.785369,27.625367],[109.802661,27.606237],[109.816498,27.603826],[109.83069,27.608287],[109.840951,27.626001],[109.843598,27.636679],[109.851194,27.638659],[109.864805,27.6273],[109.881776,27.606617],[109.883451,27.599199],[109.876298,27.586415],[109.878781,27.579882],[109.904779,27.563637],[109.910188,27.551508],[109.914083,27.549472],[109.908794,27.54855],[109.904519,27.535798],[109.897136,27.535],[109.891485,27.528663],[109.889046,27.512821],[109.882006,27.512377],[109.884761,27.524851],[109.87997,27.528084],[109.873196,27.525847],[109.866437,27.515644],[109.857259,27.515993],[109.850536,27.50906],[109.861363,27.500213],[109.852383,27.501291],[109.853681,27.487486],[109.846867,27.469889],[109.86241,27.471047],[109.874216,27.445637],[109.867555,27.419108],[109.87826,27.398333],[109.875673,27.389911],[109.86693,27.383677],[109.866335,27.374568],[109.855929,27.373202],[109.849855,27.382355],[109.840593,27.384552],[109.839868,27.388806],[109.813454,27.383368],[109.814652,27.374689],[109.791863,27.362464],[109.772454,27.343968],[109.766793,27.325566],[109.755677,27.315433],[109.756767,27.308955],[109.767651,27.30911],[109.769245,27.303826],[109.777103,27.302109],[109.78737,27.304571],[109.784597,27.299159],[109.787588,27.293693],[109.785256,27.287198],[109.780251,27.287316],[109.775956,27.29179],[109.758294,27.281664],[109.738711,27.288994],[109.724466,27.287741],[109.711489,27.27128],[109.69398,27.266712],[109.692774,27.263317],[109.699249,27.258921],[109.703997,27.246326],[109.703406,27.230049],[109.692634,27.216251],[109.679033,27.21221],[109.667418,27.214704],[109.664984,27.222451],[109.656776,27.215569],[109.658248,27.208346],[109.65158,27.198202],[109.652099,27.193326],[109.649146,27.195625],[109.648306,27.208177],[109.640738,27.205884],[109.649276,27.187199],[109.639662,27.18273],[109.63703,27.178202],[109.641654,27.170342],[109.640817,27.158191],[109.632519,27.160798],[109.631869,27.156903],[109.628948,27.158795],[109.620492,27.154888],[109.618834,27.150972],[109.613145,27.151256],[109.61372,27.142396],[109.604847,27.15045],[109.601009,27.146047],[109.592425,27.148511],[109.59628,27.14286],[109.593569,27.136015],[109.586158,27.133656],[109.575179,27.141551],[109.571833,27.136432],[109.563719,27.136463],[109.558346,27.131802],[109.546457,27.135408],[109.533241,27.131881],[109.542874,27.126896],[109.542956,27.120027],[109.536342,27.110971],[109.533227,27.117111],[109.529784,27.114557],[109.532986,27.088967],[109.526549,27.07312],[109.516402,27.075227],[109.503302,27.100659],[109.492287,27.104257],[109.477422,27.072993],[109.464986,27.07274],[109.476079,27.073913],[109.478321,27.083821],[109.456264,27.085156],[109.455982,27.091914],[109.463375,27.095841],[109.462696,27.098132],[109.45499,27.096924],[109.453159,27.099793],[109.458692,27.104167],[109.455064,27.112845],[109.464647,27.118729],[109.467991,27.1382],[109.462296,27.139721],[109.452843,27.136588],[109.443572,27.123815],[109.43615,27.121401],[109.420256,27.13263],[109.410862,27.156734],[109.402667,27.156507],[109.401172,27.16731],[109.404017,27.171884],[109.421482,27.176072],[109.429485,27.180601],[109.433425,27.186853],[109.432704,27.198363],[109.419614,27.23538],[109.4253,27.246178],[109.436862,27.250781],[109.441394,27.258868],[109.438667,27.266093],[109.42648,27.275063],[109.411523,27.295616],[109.433251,27.312453],[109.434848,27.318818],[109.426948,27.325785],[109.405413,27.328226],[109.40878,27.338886],[109.406158,27.343121],[109.382921,27.342638],[109.348581,27.362552],[109.339632,27.374602],[109.338312,27.395087],[109.333025,27.408144],[109.311905,27.419509],[109.289648,27.426683]]]}},{"type":"Feature","properties":{"id":"cn:431229","name":"靖州苗族侗族自治县","level":2},"geometry":{"type":"Polygon","coordinates":[[[109.266968,26.331144],[109.272844,26.343416],[109.28807,26.348727],[109.291291,26.353835],[109.29452,26.371574],[109.302185,26.384337],[109.317956,26.42709],[109.344172,26.445901],[109.356333,26.451611],[109.368842,26.452735],[109.37616,26.457909],[109.376281,26.465029],[109.359876,26.466828],[109.357662,26.47552],[109.380786,26.496799],[109.381941,26.503477],[109.377062,26.517407],[109.378972,26.524789],[109.396264,26.53058],[109.404006,26.540352],[109.399224,26.56347],[109.390441,26.56973],[109.394294,26.57425],[109.38078,26.574291],[109.385539,26.584998],[109.382429,26.591347],[109.386549,26.603823],[109.380002,26.608025],[109.372366,26.62895],[109.356246,26.641547],[109.352036,26.660769],[109.346654,26.660682],[109.337609,26.652033],[109.329458,26.649604],[109.313425,26.657145],[109.299667,26.666563],[109.279232,26.702045],[109.288408,26.704724],[109.297202,26.70028],[109.314536,26.705163],[109.330969,26.70337],[109.350318,26.69657],[109.35721,26.69783],[109.381211,26.715443],[109.376559,26.730757],[109.407705,26.72391],[109.412973,26.743053],[109.432939,26.75853],[109.449232,26.764528],[109.462359,26.765039],[109.493095,26.763604],[109.497748,26.761147],[109.500039,26.748095],[109.50339,26.746767],[109.517591,26.752738],[109.523461,26.748161],[109.523663,26.732731],[109.508351,26.724831],[109.509909,26.719788],[109.550629,26.711936],[109.586555,26.69008],[109.590409,26.694079],[109.602873,26.693059],[109.608526,26.689333],[109.607252,26.698058],[109.614183,26.704068],[109.631219,26.70065],[109.655855,26.713215],[109.657035,26.721205],[109.63859,26.741705],[109.647791,26.765906],[109.657617,26.777222],[109.6922,26.780868],[109.749475,26.757387],[109.775754,26.786333],[109.781509,26.77944],[109.790566,26.780168],[109.791936,26.787774],[109.79736,26.78923],[109.809763,26.782175],[109.817479,26.784084],[109.815609,26.777885],[109.819278,26.773685],[109.821818,26.759295],[109.840014,26.745352],[109.833704,26.733781],[109.840335,26.728717],[109.839594,26.722364],[109.845484,26.723939],[109.862277,26.717727],[109.863474,26.723281],[109.881035,26.730088],[109.889713,26.726032],[109.895223,26.726818],[109.905889,26.715025],[109.914539,26.714635],[109.921844,26.721769],[109.926677,26.721577],[109.928545,26.713603],[109.925914,26.704344],[109.941747,26.689687],[109.937511,26.681368],[109.929621,26.677366],[109.914987,26.67994],[109.905022,26.677749],[109.896662,26.671672],[109.894543,26.659244],[109.87207,26.654824],[109.853746,26.647011],[109.846985,26.625411],[109.839509,26.62317],[109.829995,26.626033],[109.822921,26.619969],[109.822313,26.609396],[109.828042,26.602812],[109.852377,26.58453],[109.857235,26.587272],[109.867618,26.574653],[109.85989,26.564631],[109.858821,26.542518],[109.86787,26.542517],[109.880511,26.534109],[109.885869,26.53536],[109.888127,26.529118],[109.880334,26.527191],[109.875267,26.521002],[109.879246,26.515911],[109.87392,26.507417],[109.874943,26.500663],[109.857894,26.49044],[109.851835,26.468773],[109.835371,26.466579],[109.831776,26.453314],[109.815117,26.45497],[109.810743,26.448041],[109.801378,26.445961],[109.799478,26.450503],[109.792942,26.449559],[109.787919,26.445625],[109.78422,26.433365],[109.77706,26.430556],[109.772278,26.424438],[109.763216,26.422516],[109.758424,26.428688],[109.76049,26.443762],[109.753945,26.46057],[109.7447,26.469682],[109.734353,26.467582],[109.72602,26.459886],[109.721219,26.446301],[109.712374,26.433802],[109.68873,26.414103],[109.675922,26.415575],[109.671196,26.411601],[109.668552,26.405884],[109.677388,26.399217],[109.672228,26.392419],[109.67866,26.390527],[109.678701,26.387031],[109.670169,26.376809],[109.665344,26.375544],[109.657089,26.379743],[109.664234,26.387877],[109.656639,26.39997],[109.64071,26.400724],[109.626673,26.406507],[109.619744,26.413691],[109.606906,26.402724],[109.589414,26.405727],[109.585482,26.398993],[109.594666,26.383463],[109.591038,26.367302],[109.574762,26.348891],[109.561645,26.342298],[109.536455,26.319418],[109.5328,26.300358],[109.51451,26.279406],[109.509788,26.277069],[109.494015,26.278381],[109.480778,26.269258],[109.468772,26.274328],[109.451689,26.270278],[109.453652,26.286696],[109.467034,26.300746],[109.472253,26.302535],[109.462174,26.317088],[109.458397,26.317724],[109.439324,26.305859],[109.442672,26.300063],[109.435378,26.296739],[109.437912,26.293109],[109.401359,26.288583],[109.386446,26.280302],[109.368556,26.281389],[109.3497,26.268522],[109.335188,26.267324],[109.330627,26.279478],[109.318419,26.286367],[109.320968,26.29339],[109.30194,26.294051],[109.292853,26.300639],[109.281377,26.299185],[109.270015,26.318792],[109.266968,26.331144]]]}},{"type":"Feature","properties":{"id":"cn:431230","name":"通道侗族自治县","level":2},"geometry":{"type":"Polygon","coordinates":[[[109.447696,26.212839],[109.435075,26.246863],[109.451689,26.270278],[109.468772,26.274328],[109.480778,26.269258],[109.494015,26.278381],[109.509788,26.277069],[109.51451,26.279406],[109.5328,26.300358],[109.536455,26.319418],[109.561645,26.342298],[109.574762,26.348891],[109.591038,26.367302],[109.594666,26.383463],[109.585482,26.398993],[109.589414,26.405727],[109.606906,26.402724],[109.614779,26.411595],[109.62227,26.413129],[109.626673,26.406507],[109.64071,26.400724],[109.65794,26.399079],[109.664244,26.387051],[109.657089,26.379743],[109.664371,26.375698],[109.670169,26.376809],[109.679033,26.389555],[109.672228,26.392419],[109.677388,26.399217],[109.668552,26.405884],[109.671196,26.411601],[109.675922,26.415575],[109.68873,26.414103],[109.712374,26.433802],[109.729544,26.463645],[109.740846,26.469382],[109.7447,26.469682],[109.753945,26.46057],[109.76049,26.443762],[109.758424,26.428688],[109.763216,26.422516],[109.767548,26.422106],[109.78422,26.433365],[109.787919,26.445625],[109.792942,26.449559],[109.799478,26.450503],[109.801378,26.445961],[109.810743,26.448041],[109.815117,26.45497],[109.831776,26.453314],[109.835371,26.466579],[109.855716,26.467202],[109.870993,26.471764],[109.886974,26.463011],[109.892339,26.463539],[109.914622,26.478288],[109.928154,26.479606],[109.93048,26.46057],[109.950566,26.450488],[109.946105,26.440557],[109.94844,26.43806],[109.962337,26.431571],[109.982719,26.43595],[109.973465,26.403689],[109.974143,26.391523],[110.007589,26.375848],[110.006921,26.368031],[110.013032,26.350878],[110.008353,26.338422],[110.004689,26.307376],[109.992406,26.29955],[109.979749,26.282522],[109.986486,26.275116],[109.986554,26.268677],[109.990858,26.263188],[109.984273,26.248567],[109.988215,26.241995],[109.969872,26.22176],[109.961773,26.198924],[109.93463,26.170799],[109.910072,26.157858],[109.902815,26.148349],[109.894673,26.112415],[109.895602,26.101174],[109.881492,26.086713],[109.876062,26.060729],[109.866487,26.03672],[109.859699,26.03089],[109.851817,26.029639],[109.835723,26.032412],[109.810072,26.044247],[109.797426,26.037647],[109.787251,26.020513],[109.777886,26.000405],[109.778528,25.991685],[109.801939,25.976841],[109.804074,25.95367],[109.822416,25.91992],[109.808727,25.882989],[109.794856,25.874994],[109.77502,25.869057],[109.760181,25.879294],[109.762669,25.894596],[109.717579,25.886818],[109.706127,25.890046],[109.697589,25.88545],[109.680737,25.883537],[109.681057,25.889584],[109.684215,25.891469],[109.676433,25.899319],[109.680712,25.904309],[109.68877,25.90169],[109.690792,25.9096],[109.679342,25.917981],[109.675128,25.924993],[109.677607,25.936413],[109.685816,25.940866],[109.684793,25.947168],[109.689782,25.95234],[109.688961,25.962398],[109.70644,25.957829],[109.706937,25.964956],[109.718974,25.977806],[109.725436,25.993155],[109.719616,26.006015],[109.71095,26.009067],[109.705586,26.01627],[109.698559,26.013207],[109.696476,26.003944],[109.689122,26.001208],[109.684338,26.002215],[109.684971,26.011777],[109.677677,26.01283],[109.670994,26.018416],[109.647443,26.017873],[109.643789,26.023331],[109.641628,26.045349],[109.630577,26.0507],[109.614883,26.045418],[109.593806,26.026043],[109.58392,26.02314],[109.55536,26.024779],[109.546741,26.02235],[109.540977,26.017211],[109.53412,26.001716],[109.514023,25.999803],[109.506055,26.004273],[109.504372,26.012745],[109.496646,26.017448],[109.491844,26.026951],[109.478026,26.032778],[109.474536,26.050912],[109.45859,26.052436],[109.449694,26.056564],[109.442857,26.074873],[109.446406,26.079387],[109.444986,26.104956],[109.460222,26.093873],[109.460344,26.099798],[109.465013,26.098411],[109.471354,26.102666],[109.499537,26.100092],[109.502419,26.112348],[109.508211,26.118776],[109.509592,26.131583],[109.497821,26.140294],[109.490611,26.155916],[109.48846,26.14722],[109.48216,26.151947],[109.476389,26.148713],[109.471536,26.151282],[109.462777,26.165824],[109.466524,26.177099],[109.45465,26.197279],[109.465804,26.199571],[109.465717,26.204162],[109.447696,26.212839]]]}},{"type":"Feature","properties":{"id":"cn:431281","name":"洪江市","level":2},"geometry":{"type":"Polygon","coordinates":[[[109.533241,27.131881],[109.546457,27.135408],[109.558346,27.131802],[109.563719,27.136463],[109.571833,27.136432],[109.575179,27.141551],[109.586158,27.133656],[109.593569,27.136015],[109.59628,27.14286],[109.592425,27.148511],[109.601009,27.146047],[109.604847,27.15045],[109.61372,27.142396],[109.613145,27.151256],[109.618834,27.150972],[109.620492,27.154888],[109.628948,27.158795],[109.631869,27.156903],[109.632519,27.160798],[109.640817,27.158191],[109.641654,27.170342],[109.63703,27.178202],[109.639662,27.18273],[109.649276,27.187199],[109.640738,27.205884],[109.648306,27.208177],[109.649146,27.195625],[109.652099,27.193326],[109.65158,27.198202],[109.658248,27.208346],[109.656776,27.215569],[109.664984,27.222451],[109.667289,27.220902],[109.666007,27.216198],[109.673624,27.21243],[109.692634,27.216251],[109.697236,27.220427],[109.705664,27.238682],[109.699249,27.258921],[109.692774,27.263317],[109.69398,27.266712],[109.711489,27.27128],[109.724466,27.287741],[109.738711,27.288994],[109.758294,27.281664],[109.775956,27.29179],[109.784105,27.28651],[109.789604,27.298983],[109.800423,27.303951],[109.808074,27.30211],[109.805651,27.306194],[109.820713,27.317428],[109.83506,27.310878],[109.844895,27.288382],[109.860073,27.280406],[109.868991,27.282898],[109.876504,27.278158],[109.880314,27.282659],[109.881581,27.279078],[109.896869,27.276158],[109.900437,27.280437],[109.895425,27.281204],[109.896927,27.286933],[109.910418,27.291694],[109.922128,27.285332],[109.92933,27.287147],[109.949648,27.272896],[109.973819,27.276045],[109.980732,27.273787],[109.989784,27.279717],[109.990979,27.283684],[109.999156,27.286712],[109.996877,27.303006],[109.980914,27.307765],[109.98185,27.313049],[109.987958,27.309135],[109.984554,27.313509],[109.999511,27.320397],[110.001652,27.328623],[110.009825,27.332567],[110.02537,27.34774],[110.042038,27.347232],[110.042804,27.363182],[110.036844,27.368858],[110.041941,27.380287],[110.033264,27.393354],[110.039948,27.408684],[110.046431,27.409388],[110.054523,27.404385],[110.059943,27.414208],[110.069519,27.418304],[110.077904,27.427413],[110.076146,27.43136],[110.094654,27.438556],[110.113864,27.450738],[110.109791,27.456576],[110.112887,27.459821],[110.101208,27.461066],[110.108667,27.463496],[110.107057,27.469498],[110.115033,27.479187],[110.124192,27.474701],[110.114758,27.472442],[110.119136,27.469757],[110.129322,27.470335],[110.13167,27.474968],[110.1285,27.480885],[110.13302,27.480876],[110.140964,27.473999],[110.140457,27.465199],[110.144975,27.46552],[110.146239,27.461459],[110.140581,27.459666],[110.134082,27.450169],[110.141161,27.448564],[110.138476,27.445175],[110.149482,27.445682],[110.16113,27.437433],[110.164619,27.421436],[110.156553,27.412628],[110.163453,27.412743],[110.159945,27.409496],[110.162826,27.397675],[110.167669,27.398144],[110.176396,27.406332],[110.190186,27.407549],[110.193326,27.405002],[110.196224,27.413302],[110.204786,27.410419],[110.20839,27.423378],[110.213695,27.424572],[110.214515,27.428581],[110.221926,27.426129],[110.226636,27.434147],[110.236973,27.424308],[110.242869,27.426942],[110.248649,27.422648],[110.259145,27.425417],[110.261875,27.434998],[110.266633,27.436122],[110.270767,27.432113],[110.276395,27.438446],[110.278309,27.43479],[110.291243,27.429322],[110.29217,27.43849],[110.297633,27.445043],[110.307623,27.435973],[110.319446,27.434984],[110.328526,27.41781],[110.351017,27.418404],[110.367492,27.413296],[110.395825,27.420969],[110.398092,27.437632],[110.404654,27.439628],[110.421607,27.420483],[110.428152,27.417332],[110.410843,27.372381],[110.412431,27.342223],[110.416459,27.336068],[110.426911,27.338347],[110.437422,27.359226],[110.441902,27.360861],[110.462952,27.35461],[110.485348,27.358171],[110.513768,27.354334],[110.5227,27.344043],[110.516337,27.31517],[110.521702,27.293329],[110.506927,27.277134],[110.478724,27.265413],[110.457249,27.250309],[110.451415,27.216506],[110.43816,27.204451],[110.419132,27.202674],[110.370718,27.226224],[110.349822,27.208345],[110.347266,27.199182],[110.351561,27.187633],[110.351053,27.178504],[110.337909,27.153767],[110.326991,27.154746],[110.326777,27.159263],[110.322522,27.161697],[110.309618,27.161272],[110.300331,27.170484],[110.292886,27.164562],[110.287634,27.166767],[110.262379,27.157237],[110.244815,27.154439],[110.221841,27.133718],[110.195765,27.121507],[110.189459,27.10541],[110.199688,27.095374],[110.203664,27.084623],[110.199203,27.070803],[110.193395,27.062705],[110.157824,27.049694],[110.150252,27.040989],[110.145529,27.026132],[110.148825,27.001695],[110.143719,26.992977],[110.125921,26.993278],[110.12891,26.999651],[110.11218,27.012889],[110.093596,27.009208],[110.086495,27.011124],[110.085991,27.01597],[110.095558,27.026119],[110.096095,27.035741],[110.089334,27.043615],[110.075323,27.050885],[110.061842,27.076961],[110.037389,27.095473],[110.013787,27.062285],[110.006114,27.063078],[109.984238,27.081696],[109.948926,27.080677],[109.944508,27.084539],[109.944586,27.09612],[109.939047,27.114353],[109.929542,27.126673],[109.901593,27.128467],[109.874744,27.11815],[109.86023,27.120329],[109.858772,27.125411],[109.86269,27.140777],[109.869917,27.150606],[109.867005,27.154108],[109.844015,27.143753],[109.835278,27.143536],[109.824733,27.134198],[109.826542,27.125284],[109.820919,27.113251],[109.803546,27.107309],[109.798627,27.108403],[109.795414,27.104592],[109.79662,27.099383],[109.790801,27.096855],[109.776718,27.093878],[109.768786,27.098007],[109.75878,27.09781],[109.734197,27.085499],[109.710056,27.096362],[109.692478,27.084911],[109.680794,27.083088],[109.673949,27.08668],[109.655971,27.069583],[109.645501,27.049147],[109.627608,27.044598],[109.612834,27.047489],[109.591167,27.041241],[109.579275,27.050213],[109.567513,27.046551],[109.56194,27.048151],[109.555742,27.052763],[109.555942,27.056656],[109.566315,27.063164],[109.582826,27.082254],[109.599188,27.09006],[109.586202,27.105047],[109.538349,27.109362],[109.536425,27.112745],[109.542512,27.118745],[109.543171,27.125797],[109.533241,27.131881]]]}},{"type":"Feature","properties":{"id":"cn:4313","name":"娄底市","level":1},"geometry":{"type":"Polygon","coordinates":[[[110.762815,27.798747],[110.780905,27.836275],[110.790271,27.864331],[110.801634,27.867619],[110.832267,27.852664],[110.870471,27.849304],[110.87721,27.854001],[110.889674,27.853393],[110.893626,27.859521],[110.904548,27.862103],[110.909748,27.869144],[110.917814,27.866998],[110.919861,27.874982],[110.928511,27.877722],[110.924991,27.878568],[110.925207,27.884237],[110.936641,27.893462],[110.938912,27.898936],[110.949545,27.900993],[110.953062,27.907185],[110.971691,27.916477],[110.975356,27.925827],[110.963838,27.930385],[110.965325,27.938547],[110.962088,27.954838],[110.982328,27.976292],[110.995444,27.996595],[110.984716,27.996756],[110.963961,28.007869],[110.970419,28.015756],[110.974065,28.032322],[111.014412,28.030581],[111.029724,28.036977],[111.036226,28.025548],[111.055765,28.012692],[111.06659,27.997657],[111.088352,28.003801],[111.092631,28.008623],[111.087475,28.02949],[111.09708,28.034432],[111.095803,28.036368],[111.104618,28.045664],[111.105974,28.051466],[111.11297,28.053354],[111.108109,28.066755],[111.117796,28.071954],[111.132397,28.089172],[111.135245,28.106095],[111.145184,28.125913],[111.155461,28.126079],[111.159785,28.133985],[111.170409,28.141702],[111.183603,28.157127],[111.181251,28.16456],[111.210131,28.162579],[111.216651,28.165986],[111.22336,28.157924],[111.228247,28.15719],[111.252362,28.170914],[111.273629,28.194371],[111.27816,28.203848],[111.279749,28.21817],[111.290574,28.228805],[111.308863,28.237528],[111.320435,28.229831],[111.331216,28.21362],[111.331883,28.207665],[111.326563,28.199214],[111.328568,28.196279],[111.336258,28.19641],[111.348706,28.202654],[111.377222,28.199507],[111.38276,28.18097],[111.392326,28.183233],[111.429149,28.211315],[111.44236,28.207331],[111.439591,28.194263],[111.442569,28.190071],[111.478549,28.207665],[111.49013,28.1933],[111.488784,28.183045],[111.484426,28.179984],[111.484383,28.17149],[111.480147,28.163773],[111.485181,28.157882],[111.484426,28.151505],[111.475199,28.139511],[111.476414,28.124937],[111.494304,28.104782],[111.494842,28.095987],[111.505754,28.094979],[111.487716,28.078224],[111.489183,28.052534],[111.485997,28.046831],[111.489244,28.041189],[111.497282,28.045027],[111.513766,28.033504],[111.51894,28.033148],[111.515381,28.049589],[111.501118,28.057421],[111.503636,28.064572],[111.509209,28.068692],[111.514348,28.066071],[111.521353,28.053437],[111.52907,28.057609],[111.538506,28.050993],[111.540016,28.046505],[111.535259,28.039007],[111.538462,28.023858],[111.561743,28.03644],[111.567742,28.032874],[111.570571,28.024779],[111.569834,28.022128],[111.559329,28.02201],[111.551718,28.013844],[111.55308,28.00818],[111.545571,27.994938],[111.534564,27.997634],[111.524061,27.989991],[111.52479,27.987765],[111.545763,27.978341],[111.561657,27.990083],[111.577177,27.996604],[111.587414,28.009988],[111.594419,28.013237],[111.593455,28.018646],[111.585398,28.020721],[111.582464,28.027013],[111.596347,28.038067],[111.615512,28.019675],[111.622353,28.022863],[111.628881,28.018822],[111.646085,28.029721],[111.653681,28.030181],[111.657414,28.02456],[111.647093,28.025232],[111.646129,28.020493],[111.657032,28.01739],[111.659679,28.027917],[111.668151,28.040855],[111.679471,28.04421],[111.678004,28.017934],[111.686059,28.012147],[111.679427,28.006401],[111.680565,27.995244],[111.684922,27.993984],[111.693898,27.997739],[111.701867,27.993881],[111.708368,27.997488],[111.71869,27.986311],[111.737812,27.997572],[111.744992,28.008864],[111.760053,28.009465],[111.768307,28.014026],[111.773864,28.010424],[111.773308,28.000001],[111.787526,27.993087],[111.791372,27.996048],[111.791953,28.010986],[111.812232,28.019949],[111.817891,28.026033],[111.832874,28.023401],[111.843803,28.032875],[111.884358,28.031063],[111.897223,28.02553],[111.891034,28.012214],[111.902926,28.003712],[111.894271,27.987162],[111.895434,27.983579],[111.907266,27.977321],[111.921476,27.984384],[111.930937,27.994716],[111.945817,27.990584],[111.957787,27.969588],[111.977951,27.956864],[111.984757,27.944342],[111.99494,27.9064],[112.007709,27.878721],[112.007692,27.856819],[112.012831,27.845335],[112.021347,27.838434],[112.025596,27.843468],[112.034879,27.842723],[112.041199,27.820266],[112.061329,27.807603],[112.071164,27.809187],[112.081277,27.816967],[112.090835,27.81465],[112.095488,27.810507],[112.100774,27.793766],[112.093197,27.781659],[112.097695,27.775961],[112.095043,27.767895],[112.106928,27.765112],[112.125091,27.750548],[112.105196,27.741832],[112.100663,27.720244],[112.096179,27.722009],[112.096259,27.730112],[112.08836,27.738318],[112.080084,27.735925],[112.075803,27.725719],[112.085595,27.722639],[112.086382,27.719445],[112.077572,27.718331],[112.066063,27.723792],[112.045626,27.715844],[112.038943,27.706971],[112.044646,27.704288],[112.043471,27.699016],[112.048033,27.694702],[112.04187,27.6893],[112.042024,27.677459],[112.044787,27.682743],[112.047012,27.679278],[112.052376,27.683538],[112.05688,27.681562],[112.058319,27.673755],[112.065254,27.672736],[112.061227,27.660642],[112.066267,27.659373],[112.072341,27.648875],[112.084729,27.645467],[112.100109,27.656858],[112.107581,27.656971],[112.111492,27.648552],[112.119165,27.649242],[112.12982,27.65899],[112.128905,27.664724],[112.134418,27.670118],[112.141339,27.666994],[112.145159,27.656493],[112.150961,27.652164],[112.159852,27.663602],[112.17015,27.657499],[112.170495,27.653389],[112.19383,27.657529],[112.200783,27.654634],[112.200887,27.673145],[112.210866,27.679479],[112.212559,27.67391],[112.215613,27.673884],[112.22441,27.682021],[112.22662,27.690852],[112.23327,27.690964],[112.23859,27.713299],[112.263014,27.704207],[112.289906,27.707551],[112.31021,27.689116],[112.315053,27.678536],[112.309568,27.667543],[112.307936,27.654238],[112.277945,27.648153],[112.276625,27.641732],[112.292528,27.624229],[112.32521,27.605742],[112.3287,27.584611],[112.324724,27.567185],[112.308252,27.540575],[112.300004,27.532456],[112.295332,27.507941],[112.299734,27.505173],[112.30087,27.49606],[112.305924,27.494457],[112.316871,27.499632],[112.321594,27.496996],[112.31856,27.495092],[112.320852,27.492338],[112.328294,27.498929],[112.333956,27.496867],[112.338873,27.500834],[112.342744,27.491055],[112.348917,27.490703],[112.350913,27.493347],[112.352836,27.486688],[112.362689,27.48444],[112.36811,27.489699],[112.388481,27.496392],[112.386873,27.504501],[112.397061,27.508246],[112.393772,27.513974],[112.401126,27.521793],[112.400386,27.527545],[112.411913,27.530808],[112.42144,27.529201],[112.431884,27.515469],[112.427133,27.515844],[112.428519,27.506291],[112.424435,27.501604],[112.436349,27.498485],[112.439365,27.494785],[112.450392,27.497341],[112.4581,27.486484],[112.467467,27.461419],[112.495487,27.44911],[112.517085,27.432046],[112.518648,27.426145],[112.501009,27.418571],[112.507372,27.406457],[112.499081,27.407265],[112.499438,27.404583],[112.493534,27.400982],[112.487641,27.403525],[112.493517,27.39417],[112.491112,27.390732],[112.495922,27.379565],[112.483499,27.374523],[112.482892,27.364233],[112.475826,27.36529],[112.465566,27.376002],[112.455357,27.359123],[112.449446,27.358997],[112.44916,27.350496],[112.446287,27.352968],[112.43247,27.347738],[112.42672,27.357341],[112.402876,27.364562],[112.362502,27.359242],[112.36489,27.367014],[112.362467,27.370503],[112.355402,27.370178],[112.353145,27.365634],[112.325506,27.373396],[112.315992,27.367248],[112.305706,27.370021],[112.302971,27.362803],[112.29423,27.362018],[112.277919,27.343034],[112.282353,27.332225],[112.275315,27.323177],[112.275541,27.315811],[112.263613,27.313401],[112.26179,27.308377],[112.249595,27.313211],[112.250011,27.299783],[112.232589,27.290291],[112.231114,27.276524],[112.226609,27.267272],[112.221113,27.264171],[112.20846,27.272188],[112.208527,27.278099],[112.21206,27.278856],[112.200957,27.286905],[112.203067,27.294525],[112.19984,27.299809],[112.192137,27.299067],[112.187155,27.302732],[112.189855,27.307825],[112.185966,27.314868],[112.177693,27.312142],[112.169256,27.322843],[112.15634,27.32728],[112.147163,27.309481],[112.155471,27.311541],[112.155263,27.308233],[112.148067,27.303368],[112.156435,27.289603],[112.157442,27.280499],[112.144898,27.269028],[112.144082,27.262537],[112.146921,27.255427],[112.154351,27.250011],[112.146687,27.241649],[112.129655,27.238715],[112.127147,27.232771],[112.122285,27.230803],[112.122876,27.223553],[112.107328,27.226176],[112.108527,27.213885],[112.101504,27.2173],[112.095011,27.209436],[112.092337,27.212673],[112.079647,27.207144],[112.070541,27.211682],[112.062763,27.22184],[112.063596,27.239056],[112.056747,27.289015],[112.045645,27.295592],[112.03547,27.292374],[112.031617,27.294678],[112.01956,27.306868],[112.012493,27.32082],[111.994906,27.321957],[111.989029,27.318226],[111.98535,27.320703],[111.980245,27.336091],[111.984819,27.344913],[111.965089,27.360944],[111.935514,27.372658],[111.904134,27.392436],[111.901984,27.398888],[111.907771,27.406206],[111.907536,27.413779],[111.870227,27.44848],[111.849897,27.464566],[111.836729,27.46159],[111.829749,27.449428],[111.814029,27.452649],[111.808109,27.457704],[111.802979,27.477447],[111.798083,27.478135],[111.790852,27.471483],[111.784663,27.47378],[111.781944,27.497935],[111.744849,27.497654],[111.734915,27.505921],[111.725392,27.521529],[111.712232,27.519918],[111.687529,27.537217],[111.684357,27.534637],[111.684175,27.524793],[111.669951,27.540549],[111.664129,27.541335],[111.646281,27.517694],[111.638526,27.523592],[111.633303,27.541392],[111.644717,27.537453],[111.647079,27.544259],[111.636538,27.55068],[111.638642,27.556149],[111.633357,27.563896],[111.629773,27.563828],[111.630689,27.558949],[111.625299,27.556537],[111.620601,27.559583],[111.634962,27.57221],[111.636033,27.578088],[111.629236,27.577194],[111.634629,27.580027],[111.632035,27.588192],[111.629784,27.582235],[111.626474,27.580737],[111.626868,27.583677],[111.622717,27.583444],[111.620143,27.578664],[111.605927,27.583602],[111.615411,27.575912],[111.610246,27.569648],[111.606828,27.570004],[111.602367,27.57933],[111.595761,27.57877],[111.590224,27.584089],[111.591216,27.593247],[111.584878,27.597413],[111.583715,27.610044],[111.568741,27.611175],[111.562795,27.620345],[111.562653,27.630526],[111.556869,27.634014],[111.549078,27.630711],[111.538677,27.613821],[111.525753,27.609285],[111.521973,27.612196],[111.521279,27.608759],[111.483811,27.597507],[111.472232,27.581865],[111.452689,27.585429],[111.447585,27.599362],[111.427582,27.592656],[111.425714,27.586306],[111.418569,27.581491],[111.416861,27.574506],[111.410122,27.577014],[111.411941,27.581184],[111.398318,27.560491],[111.388996,27.555708],[111.38276,27.548033],[111.369969,27.547997],[111.370922,27.535957],[111.362158,27.528049],[111.354116,27.529953],[111.352245,27.526156],[111.348229,27.527757],[111.344781,27.533829],[111.350412,27.531194],[111.344245,27.540203],[111.31665,27.55007],[111.293421,27.570469],[111.273004,27.559059],[111.264548,27.544473],[111.25142,27.547077],[111.250851,27.54172],[111.246958,27.542323],[111.246662,27.534684],[111.239303,27.528398],[111.218459,27.539466],[111.219654,27.549626],[111.216838,27.554354],[111.20024,27.556384],[111.192017,27.552421],[111.178536,27.559177],[111.176753,27.566949],[111.168473,27.563175],[111.164603,27.565122],[111.160399,27.574332],[111.164497,27.581383],[111.151971,27.574342],[111.14891,27.576507],[111.151919,27.58208],[111.144677,27.58532],[111.139178,27.581212],[111.124766,27.584512],[111.110843,27.580322],[111.101485,27.593822],[111.074905,27.591867],[111.068708,27.594593],[111.065461,27.623729],[111.054567,27.634465],[111.032093,27.635276],[111.020509,27.638897],[111.002944,27.629168],[110.994466,27.630048],[110.998679,27.659945],[110.984958,27.659829],[110.978734,27.663471],[110.972825,27.663276],[110.973373,27.658052],[110.961963,27.660628],[110.933569,27.657031],[110.912632,27.6599],[110.878057,27.654192],[110.866407,27.657108],[110.865018,27.671557],[110.859542,27.679789],[110.844307,27.679237],[110.83264,27.684904],[110.825436,27.718367],[110.811208,27.757293],[110.80653,27.761165],[110.790748,27.761522],[110.780748,27.786015],[110.762815,27.798747]]]}},{"type":"Feature","properties":{"id":"cn:431302","name":"娄星区","level":2},"geometry":{"type":"Polygon","coordinates":[[[111.859665,27.646643],[111.882722,27.686047],[111.879263,27.690567],[111.874408,27.686318],[111.876136,27.692524],[111.872257,27.695436],[111.87418,27.702923],[111.879142,27.705169],[111.881652,27.701574],[111.898282,27.719773],[111.897241,27.734076],[111.887067,27.74876],[111.888864,27.751537],[111.901069,27.752386],[111.902371,27.761893],[111.899255,27.770487],[111.904767,27.781082],[111.911807,27.787239],[111.919272,27.78447],[111.916694,27.806993],[111.930522,27.81265],[111.94764,27.800963],[111.960114,27.80422],[111.965349,27.809402],[111.951442,27.820004],[111.950107,27.825564],[111.970522,27.837945],[111.96547,27.843317],[111.953378,27.841773],[111.952514,27.851517],[111.958004,27.857036],[111.95415,27.85984],[111.939792,27.860066],[111.931355,27.856311],[111.920886,27.858757],[111.916911,27.864157],[111.929341,27.880346],[111.929724,27.891283],[111.94145,27.922839],[111.931424,27.957727],[111.938316,27.964957],[111.9398,27.972257],[111.950651,27.969182],[111.956806,27.971812],[111.977951,27.956864],[111.984757,27.944342],[111.99494,27.9064],[112.007709,27.878721],[112.007692,27.856819],[112.012831,27.845335],[112.021347,27.838434],[112.025596,27.843468],[112.034879,27.842723],[112.041199,27.820266],[112.061329,27.807603],[112.071164,27.809187],[112.081277,27.816967],[112.090835,27.81465],[112.095488,27.810507],[112.100774,27.793766],[112.093197,27.781659],[112.097695,27.775961],[112.095043,27.767895],[112.106928,27.765112],[112.125091,27.750548],[112.105196,27.741832],[112.100663,27.720244],[112.096179,27.722009],[112.096259,27.730112],[112.08836,27.738318],[112.080084,27.735925],[112.075803,27.725719],[112.085595,27.722639],[112.086382,27.719445],[112.077572,27.718331],[112.066063,27.723792],[112.045626,27.715844],[112.039056,27.708063],[112.039947,27.704961],[112.044646,27.704288],[112.043471,27.699016],[112.048033,27.694702],[112.04187,27.6893],[112.041604,27.678078],[112.044787,27.682743],[112.047012,27.679278],[112.052376,27.683538],[112.05688,27.681562],[112.058319,27.673755],[112.065254,27.672736],[112.061227,27.660642],[112.066267,27.659373],[112.072341,27.648875],[112.084729,27.645467],[112.100109,27.656858],[112.107581,27.656971],[112.109748,27.64955],[112.117533,27.648504],[112.12982,27.65899],[112.128905,27.664724],[112.132266,27.669383],[112.140117,27.668278],[112.15026,27.651529],[112.148972,27.649397],[112.153659,27.645756],[112.152282,27.640658],[112.158347,27.631506],[112.15641,27.625917],[112.160668,27.619877],[112.160456,27.612009],[112.173878,27.592903],[112.185495,27.586494],[112.182353,27.57869],[112.184806,27.577439],[112.184763,27.570096],[112.178527,27.569705],[112.174654,27.573046],[112.16786,27.571397],[112.169279,27.573835],[112.159041,27.578152],[112.14859,27.565085],[112.133323,27.568411],[112.128338,27.565476],[112.128468,27.556042],[112.118542,27.542941],[112.112957,27.551842],[112.071979,27.554484],[112.048283,27.579439],[112.048325,27.586324],[112.052093,27.59031],[112.066573,27.597663],[112.058366,27.616163],[112.061756,27.622014],[112.067727,27.62317],[112.068271,27.635404],[112.047879,27.633159],[112.03786,27.641581],[112.039519,27.634361],[112.043952,27.634037],[112.045074,27.630104],[112.027881,27.627221],[112.034949,27.614034],[112.03123,27.60258],[112.021447,27.5943],[112.012837,27.602096],[112.006065,27.600493],[112.000823,27.603276],[111.998679,27.600752],[111.990538,27.609134],[111.977895,27.608297],[111.97261,27.615765],[111.955754,27.606553],[111.913859,27.597684],[111.905831,27.605902],[111.9098,27.608913],[111.909017,27.612085],[111.899143,27.617602],[111.888367,27.620345],[111.883909,27.614768],[111.873133,27.616296],[111.872537,27.624753],[111.868787,27.626566],[111.86816,27.632713],[111.861811,27.641299],[111.862859,27.642084],[111.86466,27.641446],[111.865095,27.641837],[111.859665,27.646643]]]}},{"type":"Feature","properties":{"id":"cn:431321","name":"双峰县","level":2},"geometry":{"type":"Polygon","coordinates":[[[111.863795,27.453306],[111.868283,27.463562],[111.917136,27.482612],[111.936816,27.49422],[111.945158,27.506798],[111.955775,27.51317],[111.964542,27.512436],[111.98705,27.521499],[112.009447,27.516332],[112.025497,27.524274],[112.029411,27.530676],[112.02692,27.541015],[112.020488,27.543346],[112.004107,27.540398],[111.998686,27.547552],[111.989923,27.550702],[111.984992,27.558906],[111.985615,27.570114],[111.993664,27.57512],[111.999508,27.571567],[112.001358,27.579501],[112.005971,27.579876],[111.992657,27.58836],[111.992812,27.597703],[111.983703,27.60961],[111.995421,27.606856],[111.998149,27.600875],[112.000823,27.603276],[112.006065,27.600493],[112.012837,27.602096],[112.021447,27.5943],[112.03123,27.60258],[112.034949,27.614034],[112.027881,27.627221],[112.045074,27.630104],[112.043952,27.634037],[112.039519,27.634361],[112.03786,27.641581],[112.047879,27.633159],[112.068271,27.635404],[112.067727,27.62317],[112.061756,27.622014],[112.058366,27.616163],[112.066573,27.597663],[112.052093,27.59031],[112.048325,27.586324],[112.048283,27.579439],[112.071979,27.554484],[112.112957,27.551842],[112.118542,27.542941],[112.128468,27.556042],[112.128338,27.565476],[112.133323,27.568411],[112.14859,27.565085],[112.159041,27.578152],[112.169279,27.573835],[112.16786,27.571397],[112.174654,27.573046],[112.183946,27.569297],[112.185279,27.575234],[112.18244,27.580327],[112.185495,27.586494],[112.173878,27.592903],[112.160456,27.612009],[112.160668,27.619877],[112.15641,27.625917],[112.158347,27.631506],[112.152886,27.639063],[112.153659,27.645756],[112.149213,27.652641],[112.153767,27.653414],[112.155666,27.660976],[112.159852,27.663602],[112.17015,27.657499],[112.170495,27.653389],[112.19383,27.657529],[112.201305,27.654861],[112.200887,27.673145],[112.210866,27.679479],[112.212559,27.67391],[112.215613,27.673884],[112.22441,27.682021],[112.22662,27.690852],[112.23327,27.690964],[112.239586,27.713856],[112.263014,27.704207],[112.289906,27.707551],[112.31021,27.689116],[112.315053,27.678536],[112.309568,27.667543],[112.307936,27.654238],[112.276381,27.646553],[112.278396,27.636904],[112.28481,27.630225],[112.321876,27.608508],[112.326738,27.601146],[112.3287,27.584611],[112.324724,27.567185],[112.308252,27.540575],[112.300004,27.532456],[112.295332,27.507941],[112.299734,27.505173],[112.30087,27.49606],[112.305924,27.494457],[112.316871,27.499632],[112.321594,27.496996],[112.31856,27.495092],[112.320852,27.492338],[112.328294,27.498929],[112.333956,27.496867],[112.338873,27.500834],[112.342744,27.491055],[112.348917,27.490703],[112.350913,27.493347],[112.352836,27.486688],[112.362689,27.48444],[112.36811,27.489699],[112.388481,27.496392],[112.386873,27.504501],[112.397061,27.508246],[112.393772,27.513974],[112.401126,27.521793],[112.400386,27.527545],[112.411913,27.530808],[112.42144,27.529201],[112.431884,27.515469],[112.427133,27.515844],[112.428519,27.506291],[112.424435,27.501604],[112.436349,27.498485],[112.439365,27.494785],[112.450392,27.497341],[112.4581,27.486484],[112.467467,27.461419],[112.495487,27.44911],[112.515574,27.433538],[112.518795,27.427391],[112.517007,27.42379],[112.501009,27.418571],[112.507372,27.406457],[112.499081,27.407265],[112.499438,27.404583],[112.493534,27.400982],[112.487641,27.403525],[112.493517,27.39417],[112.491112,27.390732],[112.495922,27.379565],[112.483499,27.374523],[112.482892,27.364233],[112.475826,27.36529],[112.465566,27.376002],[112.455357,27.359123],[112.449446,27.358997],[112.44916,27.350496],[112.446287,27.352968],[112.43247,27.347738],[112.42672,27.357341],[112.402876,27.364562],[112.362502,27.359242],[112.36489,27.367014],[112.362467,27.370503],[112.355402,27.370178],[112.353145,27.365634],[112.325506,27.373396],[112.315992,27.367248],[112.305706,27.370021],[112.302971,27.362803],[112.29423,27.362018],[112.277919,27.343034],[112.282353,27.332225],[112.275315,27.323177],[112.275541,27.315811],[112.263613,27.313401],[112.26179,27.308377],[112.249595,27.313211],[112.250011,27.299783],[112.232589,27.290291],[112.231114,27.276524],[112.226609,27.267272],[112.221113,27.264171],[112.20846,27.272188],[112.208527,27.278099],[112.21206,27.278856],[112.200957,27.286905],[112.203067,27.294525],[112.19984,27.299809],[112.192137,27.299067],[112.187155,27.302732],[112.189855,27.307825],[112.185966,27.314868],[112.177693,27.312142],[112.169256,27.322843],[112.15634,27.32728],[112.147163,27.309481],[112.155471,27.311541],[112.155263,27.308233],[112.148067,27.303368],[112.156435,27.289603],[112.157442,27.280499],[112.144898,27.269028],[112.144082,27.262537],[112.146921,27.255427],[112.154351,27.250011],[112.146687,27.241649],[112.129655,27.238715],[112.127147,27.232771],[112.122285,27.230803],[112.122876,27.223553],[112.107328,27.226176],[112.108527,27.213885],[112.101504,27.2173],[112.095011,27.209436],[112.092337,27.212673],[112.079803,27.207114],[112.070541,27.211682],[112.062763,27.22184],[112.063596,27.239056],[112.056747,27.289015],[112.045645,27.295592],[112.03547,27.292374],[112.031617,27.294678],[112.01956,27.306868],[112.012493,27.32082],[111.994906,27.321957],[111.989029,27.318226],[111.98535,27.320703],[111.980245,27.336091],[111.984819,27.344913],[111.965089,27.360944],[111.935514,27.372658],[111.904134,27.392436],[111.901984,27.398888],[111.907771,27.406206],[111.907536,27.413779],[111.863795,27.453306]]]}},{"type":"Feature","properties":{"id":"cn:431322","name":"新化县","level":2},"geometry":{"type":"Polygon","coordinates":[[[110.762815,27.798747],[110.780905,27.836275],[110.790271,27.864331],[110.801634,27.867619],[110.832267,27.852664],[110.870471,27.849304],[110.87721,27.854001],[110.889674,27.853393],[110.893626,27.859521],[110.904548,27.862103],[110.909748,27.869144],[110.917814,27.866998],[110.919861,27.874982],[110.928511,27.877722],[110.924991,27.878568],[110.925207,27.884237],[110.936641,27.893462],[110.938912,27.898936],[110.949545,27.900993],[110.953062,27.907185],[110.971691,27.916477],[110.975356,27.925827],[110.963838,27.930385],[110.965325,27.938547],[110.962088,27.954838],[110.982328,27.976292],[110.995444,27.996595],[110.984716,27.996756],[110.963961,28.007869],[110.970419,28.015756],[110.974065,28.032322],[111.014412,28.030581],[111.029724,28.036977],[111.036226,28.025548],[111.055765,28.012692],[111.06659,27.997657],[111.088352,28.003801],[111.092631,28.008623],[111.087475,28.02949],[111.09708,28.034432],[111.095803,28.036368],[111.104618,28.045664],[111.105974,28.051466],[111.11297,28.053354],[111.108109,28.066755],[111.117796,28.071954],[111.132397,28.089172],[111.135245,28.106095],[111.145184,28.125913],[111.155461,28.126079],[111.158777,28.132896],[111.183603,28.157127],[111.181251,28.16456],[111.210131,28.162579],[111.216651,28.165986],[111.226173,28.157127],[111.242908,28.16433],[111.273629,28.194371],[111.27816,28.203848],[111.279749,28.21817],[111.283985,28.223625],[111.308143,28.237611],[111.320435,28.229831],[111.331216,28.21362],[111.331883,28.207665],[111.326563,28.199214],[111.328568,28.196279],[111.336258,28.19641],[111.348706,28.202654],[111.377222,28.199507],[111.38276,28.18097],[111.392326,28.183233],[111.429149,28.211315],[111.44236,28.207331],[111.439591,28.194263],[111.442569,28.190071],[111.48019,28.20649],[111.49013,28.1933],[111.488784,28.183045],[111.484426,28.179984],[111.484383,28.17149],[111.480147,28.163773],[111.485181,28.157882],[111.484426,28.151505],[111.475199,28.139511],[111.476414,28.124937],[111.494304,28.104782],[111.494842,28.095987],[111.505754,28.094979],[111.487716,28.078224],[111.489183,28.052534],[111.485997,28.046831],[111.489244,28.041189],[111.497282,28.045027],[111.513766,28.033504],[111.51894,28.033148],[111.515381,28.049589],[111.501118,28.057421],[111.503636,28.064572],[111.509209,28.068692],[111.514348,28.066071],[111.521353,28.053437],[111.52907,28.057609],[111.538506,28.050993],[111.540016,28.046505],[111.535259,28.039007],[111.538462,28.023858],[111.561743,28.03644],[111.567742,28.032874],[111.570571,28.024779],[111.569834,28.022128],[111.559329,28.02201],[111.551718,28.013844],[111.55308,28.00818],[111.545571,27.994938],[111.532742,27.9969],[111.524061,27.989991],[111.526613,27.98655],[111.545763,27.978341],[111.561657,27.990083],[111.577177,27.996604],[111.587414,28.009988],[111.594419,28.013237],[111.593455,28.018646],[111.585398,28.020721],[111.582464,28.027013],[111.596347,28.038067],[111.615512,28.019675],[111.622353,28.022863],[111.628881,28.018822],[111.646085,28.029721],[111.653681,28.030181],[111.657414,28.02456],[111.647093,28.025232],[111.646129,28.020493],[111.657032,28.01739],[111.659679,28.027917],[111.668151,28.040855],[111.679974,28.043918],[111.678004,28.017934],[111.686059,28.012147],[111.661354,27.992852],[111.648647,27.997257],[111.644411,28.005079],[111.63514,28.00793],[111.629098,28.016509],[111.615895,28.008874],[111.603351,28.009651],[111.594879,27.997403],[111.597857,27.991322],[111.628681,27.969386],[111.63862,27.956175],[111.619958,27.93573],[111.615851,27.924972],[111.60461,27.922433],[111.599141,27.917867],[111.598777,27.912603],[111.602071,27.90374],[111.621086,27.88637],[111.624697,27.867342],[111.643863,27.863328],[111.65448,27.851959],[111.656173,27.842679],[111.653508,27.837998],[111.627831,27.818935],[111.602015,27.782874],[111.585904,27.770871],[111.569774,27.772899],[111.565434,27.777725],[111.566267,27.80444],[111.562621,27.81763],[111.566093,27.826722],[111.552326,27.827439],[111.548524,27.834909],[111.543316,27.837389],[111.520165,27.838825],[111.514157,27.824631],[111.508386,27.818872],[111.49454,27.813133],[111.489661,27.813911],[111.482326,27.806747],[111.475,27.788822],[111.475114,27.778293],[111.461531,27.769139],[111.461459,27.777201],[111.454834,27.773903],[111.450301,27.764068],[111.444327,27.7599],[111.447052,27.748508],[111.445013,27.74529],[111.431987,27.738794],[111.406645,27.743035],[111.398951,27.740579],[111.404495,27.733725],[111.404819,27.717659],[111.39665,27.71173],[111.394168,27.703802],[111.380895,27.687461],[111.38484,27.682645],[111.407678,27.688054],[111.414435,27.686148],[111.409301,27.683427],[111.407706,27.677167],[111.411723,27.673385],[111.401605,27.664743],[111.404176,27.656977],[111.400708,27.649431],[111.403217,27.644772],[111.390315,27.638979],[111.390481,27.642926],[111.386744,27.645115],[111.380887,27.631314],[111.375994,27.630714],[111.375956,27.619484],[111.369486,27.615757],[111.357877,27.617285],[111.36016,27.614489],[111.355413,27.611505],[111.336529,27.577034],[111.331936,27.55476],[111.320635,27.551899],[111.313794,27.554653],[111.293421,27.570469],[111.273004,27.559059],[111.264548,27.544473],[111.25142,27.547077],[111.250851,27.54172],[111.246958,27.542323],[111.246662,27.534684],[111.240752,27.528742],[111.218459,27.539466],[111.219654,27.549626],[111.215439,27.555025],[111.20024,27.556384],[111.192017,27.552421],[111.178536,27.559177],[111.176753,27.566949],[111.168473,27.563175],[111.164603,27.565122],[111.160399,27.574332],[111.164497,27.581383],[111.151971,27.574342],[111.14891,27.576507],[111.151919,27.58208],[111.144677,27.58532],[111.139178,27.581212],[111.124766,27.584512],[111.110843,27.580322],[111.101485,27.593822],[111.074905,27.591867],[111.068708,27.594593],[111.065461,27.623729],[111.054567,27.634465],[111.032093,27.635276],[111.020509,27.638897],[111.002944,27.629168],[110.994466,27.630048],[110.998679,27.659945],[110.984958,27.659829],[110.978734,27.663471],[110.972825,27.663276],[110.973373,27.658052],[110.961963,27.660628],[110.933569,27.657031],[110.912632,27.6599],[110.878057,27.654192],[110.866407,27.657108],[110.865018,27.671557],[110.859542,27.679789],[110.844307,27.679237],[110.83264,27.684904],[110.825436,27.718367],[110.811208,27.757293],[110.80653,27.761165],[110.790748,27.761522],[110.780748,27.786015],[110.762815,27.798747]]]}},{"type":"Feature","properties":{"id":"cn:431381","name":"冷水江市","level":2},"geometry":{"type":"Polygon","coordinates":[[[111.313794,27.554653],[111.327162,27.552941],[111.334792,27.558748],[111.334662,27.572308],[111.355413,27.611505],[111.36016,27.614489],[111.357877,27.617285],[111.369486,27.615757],[111.375956,27.619484],[111.375994,27.630714],[111.380887,27.631314],[111.386744,27.645115],[111.390481,27.642926],[111.390315,27.638979],[111.403217,27.644772],[111.400708,27.649431],[111.404176,27.656977],[111.401605,27.664743],[111.411723,27.673385],[111.407706,27.677167],[111.409301,27.683427],[111.414435,27.686148],[111.407678,27.688054],[111.38484,27.682645],[111.380895,27.687461],[111.394168,27.703802],[111.39665,27.71173],[111.404819,27.717659],[111.404495,27.733725],[111.398951,27.740579],[111.406645,27.743035],[111.431987,27.738794],[111.445013,27.74529],[111.447052,27.748508],[111.444327,27.7599],[111.450301,27.764068],[111.454834,27.773903],[111.461459,27.777201],[111.461531,27.769139],[111.475114,27.778293],[111.475,27.788822],[111.482326,27.806747],[111.489661,27.813911],[111.49454,27.813133],[111.508386,27.818872],[111.514157,27.824631],[111.520165,27.838825],[111.543316,27.837389],[111.548524,27.834909],[111.552326,27.827439],[111.566093,27.826722],[111.562621,27.81763],[111.566267,27.80444],[111.565434,27.777725],[111.569774,27.772899],[111.585904,27.770871],[111.57368,27.755212],[111.569071,27.740757],[111.581283,27.72478],[111.589502,27.729031],[111.592873,27.727664],[111.601313,27.718381],[111.603805,27.710477],[111.595718,27.702149],[111.599394,27.691495],[111.596894,27.687454],[111.598571,27.679797],[111.604515,27.677301],[111.607795,27.666903],[111.599563,27.655476],[111.588603,27.651381],[111.581322,27.653482],[111.579979,27.649177],[111.570954,27.6494],[111.549078,27.630711],[111.538677,27.613821],[111.525753,27.609285],[111.521973,27.612196],[111.521279,27.608759],[111.483811,27.597507],[111.472232,27.581865],[111.452689,27.585429],[111.447585,27.599362],[111.427582,27.592656],[111.425714,27.586306],[111.418569,27.581491],[111.416861,27.574506],[111.410122,27.577014],[111.411941,27.581184],[111.398318,27.560491],[111.388996,27.555708],[111.38276,27.548033],[111.369969,27.547997],[111.370922,27.535957],[111.362158,27.528049],[111.354116,27.529953],[111.352245,27.526156],[111.348229,27.527757],[111.344781,27.533829],[111.350412,27.531194],[111.344245,27.540203],[111.32362,27.546418],[111.313794,27.554653]]]}},{"type":"Feature","properties":{"id":"cn:431382","name":"涟源市","level":2},"geometry":{"type":"Polygon","coordinates":[[[111.551611,27.632637],[111.570954,27.6494],[111.579979,27.649177],[111.581322,27.653482],[111.588603,27.651381],[111.599563,27.655476],[111.600853,27.660135],[111.607612,27.664874],[111.605857,27.675185],[111.602756,27.679406],[111.598972,27.679075],[111.596894,27.687454],[111.599491,27.690729],[111.595718,27.702149],[111.603884,27.709499],[111.601313,27.718381],[111.59102,27.72865],[111.581283,27.72478],[111.569001,27.743517],[111.582622,27.76829],[111.602015,27.782874],[111.622223,27.812803],[111.649289,27.833172],[111.656173,27.842679],[111.65448,27.851959],[111.643863,27.863328],[111.627423,27.865589],[111.623265,27.869026],[111.621086,27.88637],[111.602071,27.90374],[111.598777,27.912603],[111.599141,27.917867],[111.60461,27.922433],[111.615851,27.924972],[111.620843,27.936904],[111.638872,27.954918],[111.628681,27.969386],[111.595634,27.993922],[111.595218,27.998327],[111.603351,28.009651],[111.615895,28.008874],[111.629098,28.016509],[111.63514,28.00793],[111.642943,28.00617],[111.648647,27.997257],[111.658039,27.992266],[111.679427,28.006401],[111.681616,27.994573],[111.693898,27.997739],[111.701867,27.993881],[111.708368,27.997488],[111.71974,27.986353],[111.737812,27.997572],[111.744992,28.008864],[111.760053,28.009465],[111.768307,28.014026],[111.773864,28.010424],[111.773308,28.000001],[111.787526,27.993087],[111.791372,27.996048],[111.791953,28.010986],[111.812232,28.019949],[111.817891,28.026033],[111.832874,28.023401],[111.843803,28.032875],[111.853551,28.034375],[111.864766,28.030172],[111.884358,28.031063],[111.897223,28.02553],[111.890885,28.013189],[111.902926,28.003712],[111.894271,27.987162],[111.902961,27.978041],[111.916085,27.980727],[111.930937,27.994716],[111.946997,27.989316],[111.956806,27.971812],[111.950651,27.969182],[111.9398,27.972257],[111.938316,27.964957],[111.931424,27.957727],[111.94145,27.922839],[111.929724,27.891283],[111.929341,27.880346],[111.916911,27.864157],[111.920886,27.858757],[111.931355,27.856311],[111.939792,27.860066],[111.95415,27.85984],[111.958004,27.857036],[111.952514,27.851517],[111.953378,27.841773],[111.96547,27.843317],[111.970522,27.837945],[111.950107,27.825564],[111.951442,27.820004],[111.965349,27.809402],[111.960114,27.80422],[111.94764,27.800963],[111.930522,27.81265],[111.916694,27.806993],[111.919272,27.78447],[111.911807,27.787239],[111.904767,27.781082],[111.899255,27.770487],[111.902371,27.761893],[111.901069,27.752386],[111.888864,27.751537],[111.887067,27.74876],[111.897241,27.734076],[111.898282,27.719773],[111.881652,27.701574],[111.879142,27.705169],[111.87418,27.702923],[111.872257,27.695436],[111.876136,27.692524],[111.874408,27.686318],[111.879263,27.690567],[111.882722,27.686047],[111.859665,27.646643],[111.865095,27.641837],[111.861811,27.641299],[111.86816,27.632713],[111.868787,27.626566],[111.872537,27.624753],[111.873133,27.616296],[111.883909,27.614768],[111.888367,27.620345],[111.899143,27.617602],[111.909017,27.612085],[111.9098,27.608913],[111.905831,27.605902],[111.913672,27.597703],[111.955754,27.606553],[111.971977,27.615739],[111.977895,27.608297],[111.983703,27.60961],[111.992812,27.597703],[111.992657,27.58836],[112.005971,27.579876],[112.001358,27.579501],[111.999508,27.571567],[111.993664,27.57512],[111.985615,27.570114],[111.984992,27.558906],[111.989923,27.550702],[111.998686,27.547552],[112.004107,27.540398],[112.020488,27.543346],[112.02692,27.541015],[112.029411,27.530676],[112.025497,27.524274],[112.009447,27.516332],[111.98705,27.521499],[111.964542,27.512436],[111.955775,27.51317],[111.945158,27.506798],[111.936816,27.49422],[111.917136,27.482612],[111.868283,27.463562],[111.863795,27.453306],[111.849897,27.464566],[111.844984,27.464567],[111.834791,27.460024],[111.831304,27.451034],[111.826139,27.448513],[111.808109,27.457704],[111.802979,27.477447],[111.798083,27.478135],[111.790852,27.471483],[111.784663,27.47378],[111.781944,27.497935],[111.744849,27.497654],[111.734915,27.505921],[111.725392,27.521529],[111.712232,27.519918],[111.687529,27.537217],[111.684357,27.534637],[111.684175,27.524793],[111.669951,27.540549],[111.664129,27.541335],[111.646281,27.517694],[111.638526,27.523592],[111.633303,27.541392],[111.644717,27.537453],[111.647079,27.544259],[111.636538,27.55068],[111.638642,27.556149],[111.633357,27.563896],[111.629773,27.563828],[111.630689,27.558949],[111.625299,27.556537],[111.620601,27.559583],[111.634962,27.57221],[111.636033,27.578088],[111.629236,27.577194],[111.634629,27.580027],[111.632035,27.588192],[111.629784,27.582235],[111.626474,27.580737],[111.626868,27.583677],[111.622717,27.583444],[111.620143,27.578664],[111.605927,27.583602],[111.615411,27.575912],[111.610246,27.569648],[111.606828,27.570004],[111.602367,27.57933],[111.595761,27.57877],[111.590224,27.584089],[111.591216,27.593247],[111.584878,27.597413],[111.583715,27.610044],[111.568741,27.611175],[111.562795,27.620345],[111.562653,27.630526],[111.556869,27.634014],[111.551611,27.632637]]]}},{"type":"Feature","properties":{"id":"cn:4331","name":"湘西土家族苗族自治州","level":1},"geometry":{"type":"Polygon","coordinates":[[[109.175932,28.623953],[109.184847,28.630519],[109.189439,28.640179],[109.198285,28.641225],[109.266002,28.674602],[109.261566,28.683438],[109.251774,28.687542],[109.248337,28.694812],[109.260385,28.702707],[109.26687,28.702202],[109.268623,28.709],[109.273102,28.708751],[109.289989,28.722337],[109.28358,28.730524],[109.295973,28.74287],[109.292995,28.751339],[109.27384,28.754735],[109.275253,28.759411],[109.268953,28.763829],[109.251582,28.768832],[109.251347,28.771354],[109.255373,28.77064],[109.256702,28.778152],[109.24152,28.777134],[109.23527,28.783699],[109.237084,28.796911],[109.241798,28.804862],[109.241425,28.815791],[109.234906,28.83134],[109.237962,28.837623],[109.237857,28.857742],[109.229307,28.867245],[109.233448,28.868873],[109.23027,28.871525],[109.230809,28.884784],[109.235783,28.89585],[109.242841,28.900505],[109.245609,28.909335],[109.252224,28.91084],[109.250931,28.932278],[109.26383,28.969645],[109.267701,28.973997],[109.281895,28.977261],[109.287763,28.990668],[109.289819,29.018089],[109.300514,29.024105],[109.307415,29.038088],[109.31488,29.045494],[109.30659,29.07044],[109.296452,29.073598],[109.286512,29.072554],[109.269117,29.081677],[109.262051,29.082026],[109.253128,29.089726],[109.232633,29.089683],[109.221349,29.116193],[109.227155,29.118542],[109.227928,29.12239],[109.240706,29.118038],[109.251322,29.126163],[109.269496,29.125055],[109.27185,29.127182],[109.272481,29.136977],[109.259374,29.146934],[109.255636,29.159434],[109.261679,29.170172],[109.268805,29.174113],[109.265958,29.183173],[109.271409,29.20318],[109.253206,29.225449],[109.25673,29.23065],[109.27231,29.236184],[109.281392,29.244868],[109.310309,29.254881],[109.347065,29.286833],[109.347825,29.307236],[109.338267,29.310295],[109.340445,29.317342],[109.335324,29.338648],[109.339144,29.372076],[109.344977,29.37799],[109.363892,29.385497],[109.37186,29.379144],[109.386618,29.374859],[109.381501,29.3845],[109.3769,29.385933],[109.38035,29.396133],[109.363706,29.413931],[109.365376,29.422765],[109.386038,29.441409],[109.401435,29.437003],[109.401257,29.444499],[109.397462,29.447964],[109.406378,29.453146],[109.413278,29.451265],[109.412173,29.457327],[109.403287,29.464571],[109.400196,29.471276],[109.407589,29.48267],[109.405035,29.493109],[109.410201,29.49953],[109.414526,29.500083],[109.429938,29.49159],[109.435242,29.493836],[109.434526,29.498949],[109.42639,29.507802],[109.426044,29.531565],[109.430774,29.533644],[109.441587,29.531314],[109.443582,29.522102],[109.453665,29.515747],[109.459866,29.516213],[109.453688,29.533094],[109.456927,29.556809],[109.46296,29.562579],[109.473128,29.555753],[109.484467,29.556235],[109.492824,29.570753],[109.49925,29.591285],[109.498868,29.600386],[109.491108,29.601352],[109.491654,29.605652],[109.496689,29.608084],[109.511794,29.603072],[109.515083,29.610776],[109.520306,29.611523],[109.50953,29.620691],[109.511755,29.628683],[109.524309,29.628755],[109.528299,29.623679],[109.527324,29.617375],[109.543659,29.616178],[109.554024,29.609844],[109.571011,29.622656],[109.571759,29.631506],[109.606324,29.637356],[109.634674,29.626976],[109.646836,29.628969],[109.646375,29.612905],[109.653043,29.60458],[109.658789,29.60244],[109.674058,29.610724],[109.700229,29.61108],[109.71075,29.61582],[109.722122,29.610531],[109.740907,29.617996],[109.756844,29.617827],[109.76213,29.61506],[109.764735,29.609187],[109.760038,29.601303],[109.762808,29.591909],[109.774544,29.585155],[109.777565,29.579283],[109.755253,29.564309],[109.743595,29.551559],[109.733943,29.550301],[109.729837,29.543673],[109.73613,29.536963],[109.748118,29.511757],[109.760957,29.502697],[109.76574,29.493217],[109.772614,29.49154],[109.776052,29.477405],[109.798283,29.449852],[109.797363,29.443979],[109.802814,29.437855],[109.803821,29.431145],[109.790478,29.419863],[109.789724,29.41441],[109.816486,29.391468],[109.824202,29.376138],[109.903803,29.44463],[109.910522,29.447985],[109.921,29.447314],[109.931251,29.437288],[109.940635,29.401303],[109.947762,29.389812],[109.940487,29.368673],[109.95014,29.361058],[109.956104,29.350251],[109.955687,29.344159],[109.948266,29.336735],[109.931781,29.326125],[109.946633,29.320986],[109.970791,29.30205],[109.993265,29.299429],[110.009454,29.290641],[110.044246,29.317238],[110.061551,29.326161],[110.092173,29.311457],[110.107554,29.292319],[110.108516,29.281657],[110.098528,29.256062],[110.091169,29.252963],[110.076872,29.253102],[110.074598,29.248053],[110.076536,29.237565],[110.068171,29.228307],[110.065079,29.214579],[110.082767,29.179755],[110.085521,29.170019],[110.084038,29.153971],[110.088034,29.146494],[110.094846,29.142325],[110.108413,29.145465],[110.123417,29.139142],[110.129129,29.140715],[110.135427,29.148156],[110.135847,29.155],[110.142041,29.156157],[110.153236,29.167956],[110.159916,29.168277],[110.174165,29.156778],[110.178781,29.156526],[110.184752,29.165638],[110.193648,29.167187],[110.199075,29.163895],[110.20095,29.154227],[110.211066,29.13896],[110.219683,29.141583],[110.212206,29.129953],[110.256836,29.122538],[110.259254,29.113094],[110.254837,29.104961],[110.246535,29.09873],[110.244831,29.079875],[110.258896,29.072679],[110.267278,29.076004],[110.275162,29.086073],[110.299333,29.094256],[110.300095,29.082601],[110.294451,29.053043],[110.297873,29.045457],[110.304792,29.038926],[110.318205,29.044643],[110.327641,29.041538],[110.335396,29.044204],[110.339313,29.039233],[110.336681,29.030157],[110.34241,29.022305],[110.341268,29.014024],[110.323152,28.987092],[110.327814,28.985289],[110.314098,28.976124],[110.313968,28.969289],[110.301641,28.961277],[110.303273,28.947331],[110.311033,28.940958],[110.321016,28.943935],[110.332214,28.942466],[110.356121,28.930386],[110.360314,28.923299],[110.359809,28.910884],[110.353941,28.900652],[110.353777,28.894194],[110.379654,28.888384],[110.3854,28.884063],[110.384738,28.877361],[110.391303,28.867141],[110.367629,28.850247],[110.360923,28.849106],[110.339845,28.823794],[110.335564,28.804812],[110.337675,28.785073],[110.33547,28.772936],[110.328872,28.76565],[110.306043,28.760296],[110.288091,28.76969],[110.280547,28.768684],[110.278109,28.757275],[110.280713,28.746707],[110.273414,28.720684],[110.269681,28.718755],[110.265489,28.674642],[110.252902,28.675649],[110.24628,28.663193],[110.239231,28.661431],[110.238562,28.648009],[110.231185,28.649267],[110.223883,28.656398],[110.218345,28.65472],[110.213814,28.647422],[110.207277,28.628926],[110.226063,28.619196],[110.21944,28.612989],[110.226062,28.596463],[110.225142,28.590843],[110.231688,28.578512],[110.229084,28.57155],[110.21944,28.566603],[110.208033,28.568699],[110.202747,28.578387],[110.185299,28.577464],[110.18102,28.585937],[110.172712,28.588958],[110.1676,28.587447],[110.16088,28.566846],[110.162235,28.53825],[110.150907,28.536028],[110.145959,28.530996],[110.143693,28.486872],[110.157704,28.469258],[110.152835,28.464643],[110.136732,28.459693],[110.13069,28.449922],[110.121419,28.451809],[110.121715,28.463804],[110.101092,28.465227],[110.09806,28.455857],[110.110014,28.443374],[110.105404,28.428443],[110.106784,28.41909],[110.136524,28.386545],[110.1403,28.385622],[110.143234,28.392836],[110.149276,28.394599],[110.165214,28.381302],[110.176784,28.378617],[110.185595,28.366539],[110.20254,28.364525],[110.207991,28.351986],[110.19826,28.343094],[110.183156,28.339485],[110.177453,28.323466],[110.173685,28.320782],[110.173599,28.305977],[110.180933,28.288987],[110.172088,28.287941],[110.170205,28.28383],[110.179137,28.271815],[110.177244,28.268375],[110.181689,28.262713],[110.200778,28.25615],[110.205639,28.246127],[110.221785,28.244217],[110.233782,28.237507],[110.235544,28.234237],[110.232948,28.231216],[110.239615,28.216362],[110.238226,28.210624],[110.228748,28.200222],[110.218269,28.201437],[110.21189,28.207728],[110.186646,28.204543],[110.18748,28.199174],[110.196204,28.194057],[110.195197,28.182103],[110.189493,28.176819],[110.169702,28.169017],[110.163322,28.162811],[110.164329,28.158869],[110.177419,28.149011],[110.178504,28.140457],[110.150032,28.133662],[110.144703,28.129175],[110.146924,28.124142],[110.16261,28.112125],[110.158036,28.102354],[110.144538,28.095663],[110.118278,28.096858],[110.106829,28.094132],[110.111361,28.07876],[110.133123,28.059615],[110.13241,28.049528],[110.12742,28.048773],[110.125909,28.042819],[110.116222,28.04246],[110.12373,28.024971],[110.119494,28.019917],[110.111569,28.01845],[110.106239,28.008719],[110.104104,27.990034],[110.092993,27.979487],[110.079781,27.977662],[110.076882,27.972712],[110.06472,27.971538],[110.054825,27.960299],[110.045258,27.958033],[110.042993,27.953252],[110.049451,27.937523],[110.043419,27.926703],[110.039469,27.921922],[110.013797,27.911225],[109.995684,27.923138],[109.998037,27.937397],[109.984112,27.948932],[109.979494,27.949351],[109.966995,27.942137],[109.966916,27.958326],[109.958357,27.96508],[109.953827,27.964661],[109.953322,27.955182],[109.946951,27.951826],[109.943262,27.960382],[109.93235,27.962899],[109.922202,27.958788],[109.915833,27.959671],[109.909878,27.954805],[109.912309,27.950529],[109.90585,27.941971],[109.899895,27.941131],[109.887143,27.949269],[109.878081,27.950443],[109.872291,27.959838],[109.852585,27.97439],[109.834295,27.976656],[109.832872,27.978501],[109.838237,27.986387],[109.834044,27.989154],[109.793193,27.982737],[109.786319,27.978292],[109.777924,27.994481],[109.770632,27.997207],[109.771214,28.002492],[109.779773,28.010126],[109.780025,28.024804],[109.787655,28.033192],[109.747732,28.024846],[109.728774,28.027782],[109.724911,28.02126],[109.731326,28.015807],[109.725624,28.007],[109.728393,27.990789],[109.715102,27.985149],[109.708558,27.97219],[109.714851,27.962059],[109.714425,27.956063],[109.706587,27.953211],[109.691448,27.940397],[109.677394,27.93939],[109.666153,27.925151],[109.655545,27.922133],[109.65038,27.914772],[109.649962,27.907346],[109.626648,27.913786],[109.623642,27.904557],[109.620352,27.903121],[109.618043,27.882411],[109.63247,27.879518],[109.632218,27.875072],[109.638347,27.867355],[109.636411,27.856786],[109.643121,27.846803],[109.642878,27.838457],[109.632305,27.830824],[109.616928,27.828783],[109.616029,27.825371],[109.622158,27.82059],[109.614693,27.815977],[109.608902,27.819165],[109.598919,27.801675],[109.593304,27.803604],[109.591792,27.808133],[109.582478,27.80587],[109.579709,27.80998],[109.56931,27.81241],[109.54129,27.788463],[109.52846,27.799284],[109.529042,27.812706],[109.526107,27.815809],[109.521827,27.813125],[109.516628,27.815894],[109.507322,27.803478],[109.502626,27.806163],[109.492644,27.801968],[109.478972,27.790267],[109.472001,27.791944],[109.473008,27.807127],[109.456567,27.806624],[109.448519,27.795048],[109.454814,27.787457],[109.456741,27.776551],[109.444241,27.765731],[109.437869,27.752374],[109.421593,27.742098],[109.418946,27.731423],[109.413581,27.724503],[109.407791,27.728487],[109.393702,27.723727],[109.387573,27.729516],[109.36115,27.725383],[109.360734,27.729242],[109.371011,27.737189],[109.372938,27.742853],[109.358389,27.747716],[109.361446,27.752981],[109.359518,27.762964],[109.345135,27.774265],[109.344171,27.778084],[109.333433,27.779153],[109.333745,27.782487],[109.32825,27.783818],[109.33635,27.793443],[109.32615,27.795162],[109.338069,27.804349],[109.333911,27.807744],[109.338276,27.814394],[109.335508,27.82467],[109.342053,27.841529],[109.322166,27.86187],[109.322843,27.865646],[109.334084,27.872019],[109.317217,27.871264],[109.318477,27.87546],[109.312947,27.885547],[109.315959,27.898885],[109.307235,27.911088],[109.310179,27.921407],[109.30741,27.930466],[109.309172,27.936632],[109.297262,27.959909],[109.302496,27.971359],[109.316255,27.974735],[109.316932,27.995098],[109.337523,28.008602],[109.360061,28.012054],[109.374345,28.036309],[109.365751,28.049306],[109.355265,28.057444],[109.333703,28.066168],[109.329849,28.065497],[109.318937,28.044484],[109.306863,28.041296],[109.301246,28.033327],[109.294953,28.033494],[109.293946,28.039618],[109.298807,28.075144],[109.30846,28.08936],[109.30879,28.10513],[109.3207,28.118509],[109.323391,28.13017],[109.333451,28.145059],[109.330688,28.160356],[109.337062,28.165443],[109.336055,28.197066],[109.341003,28.209982],[109.35602,28.226801],[109.351992,28.236743],[109.360256,28.240138],[109.368051,28.25161],[109.363104,28.258909],[109.383156,28.271343],[109.393971,28.272224],[109.395439,28.27495],[109.368729,28.280297],[109.349892,28.26805],[109.347418,28.271784],[109.358746,28.2877],[109.333495,28.297201],[109.329093,28.296612],[109.313277,28.281219],[109.299101,28.277886],[109.290291,28.281912],[109.292939,28.296171],[109.283581,28.301393],[109.279475,28.308609],[109.268475,28.312784],[109.270636,28.317429],[109.268478,28.323109],[109.271938,28.326357],[109.267115,28.326902],[109.263494,28.340445],[109.280378,28.361745],[109.284152,28.376824],[109.280778,28.380037],[109.271365,28.380641],[109.272875,28.384685],[109.264149,28.387771],[109.260089,28.395876],[109.25993,28.40717],[109.254818,28.421194],[109.255323,28.435798],[109.252276,28.440103],[109.25554,28.45467],[109.260502,28.459031],[109.25597,28.461327],[109.256011,28.467323],[109.262606,28.486505],[109.271842,28.488345],[109.267127,28.516557],[109.275789,28.523129],[109.269904,28.528512],[109.269305,28.541798],[109.284008,28.549124],[109.296247,28.579944],[109.312653,28.584699],[109.315779,28.583039],[109.31648,28.588897],[109.310607,28.590371],[109.304661,28.602086],[109.299748,28.605275],[109.30473,28.611288],[109.303918,28.618164],[109.295259,28.629755],[109.282868,28.630363],[109.274023,28.620294],[109.273832,28.615735],[109.265134,28.615307],[109.254283,28.608899],[109.248129,28.609743],[109.23463,28.621229],[109.227712,28.622826],[109.197582,28.601212],[109.196184,28.605199],[109.181696,28.61387],[109.183945,28.618419],[109.178233,28.619172],[109.175932,28.623953]]]}},{"type":"Feature","properties":{"id":"cn:433101","name":"吉首市","level":2},"geometry":{"type":"Polygon","coordinates":[[[109.453624,28.299775],[109.46175,28.301051],[109.477672,28.289856],[109.481421,28.295454],[109.475397,28.301174],[109.480029,28.302649],[109.480222,28.30706],[109.482229,28.305739],[109.479412,28.312356],[109.483827,28.321089],[109.478805,28.32251],[109.478238,28.325763],[109.488834,28.328092],[109.48604,28.331514],[109.491614,28.33706],[109.506776,28.335167],[109.513928,28.341152],[109.503572,28.346291],[109.5072,28.353591],[109.50213,28.365511],[109.515341,28.366034],[109.523083,28.372042],[109.534547,28.37194],[109.55375,28.35922],[109.56259,28.360475],[109.576943,28.353632],[109.581017,28.347317],[109.58496,28.347879],[109.58947,28.358887],[109.594855,28.363184],[109.599804,28.359229],[109.597845,28.349896],[109.607942,28.349162],[109.612019,28.358419],[109.62134,28.366243],[109.625017,28.360791],[109.631052,28.364152],[109.624781,28.367778],[109.63492,28.377023],[109.631228,28.375716],[109.630144,28.382308],[109.620752,28.382623],[109.621293,28.388863],[109.632996,28.393032],[109.638085,28.403541],[109.644747,28.404306],[109.65023,28.411289],[109.688321,28.423767],[109.700126,28.432407],[109.714128,28.430499],[109.724405,28.436286],[109.742062,28.439483],[109.753347,28.436287],[109.788051,28.438735],[109.802149,28.455008],[109.802149,28.470946],[109.819128,28.476441],[109.828738,28.473169],[109.835109,28.46455],[109.846099,28.471071],[109.855413,28.47191],[109.868833,28.452617],[109.882756,28.45742],[109.899658,28.454232],[109.898694,28.446725],[109.886906,28.439638],[109.87932,28.419449],[109.880075,28.414401],[109.887306,28.407034],[109.914537,28.397974],[109.929093,28.399972],[109.942687,28.408118],[109.952592,28.405434],[109.959093,28.411599],[109.969449,28.414933],[109.975786,28.420427],[109.979684,28.42978],[109.986853,28.431332],[109.992097,28.438463],[110.026324,28.439154],[110.031818,28.445677],[110.040291,28.446598],[110.049223,28.444081],[110.054587,28.437224],[110.05102,28.429507],[110.055047,28.423663],[110.050629,28.418231],[110.033511,28.419363],[110.028061,28.41561],[110.016315,28.414895],[110.003486,28.403635],[110.001724,28.372892],[110.014641,28.357226],[110.0078,28.339967],[110.013695,28.329462],[110.005726,28.325488],[110.013044,28.317424],[110.003694,28.315161],[109.996646,28.305094],[109.992158,28.304466],[109.983729,28.288466],[109.960916,28.300123],[109.948668,28.290625],[109.937088,28.291632],[109.923964,28.280077],[109.914737,28.279825],[109.908912,28.285656],[109.894772,28.274333],[109.872757,28.278798],[109.866169,28.275338],[109.839876,28.244322],[109.840206,28.234424],[109.84893,28.219179],[109.842976,28.209888],[109.844364,28.201627],[109.837272,28.189569],[109.84117,28.184871],[109.839538,28.168453],[109.836013,28.164299],[109.820371,28.165116],[109.81492,28.154086],[109.809295,28.151507],[109.798982,28.152848],[109.792186,28.150249],[109.779226,28.15394],[109.765432,28.151863],[109.755953,28.142176],[109.742741,28.138337],[109.736864,28.149326],[109.723991,28.148822],[109.716482,28.157987],[109.700085,28.148927],[109.699372,28.158951],[109.689954,28.169762],[109.691213,28.188384],[109.686057,28.201782],[109.683079,28.2017],[109.683661,28.207403],[109.674302,28.205795],[109.671219,28.201414],[109.66154,28.205757],[109.653648,28.2033],[109.648897,28.20417],[109.646618,28.212025],[109.633542,28.214825],[109.615521,28.216765],[109.58938,28.211031],[109.587948,28.204403],[109.57675,28.194612],[109.569832,28.193228],[109.566941,28.18807],[109.556707,28.196268],[109.536116,28.189221],[109.524667,28.191172],[109.521848,28.212942],[109.538863,28.217699],[109.529868,28.219705],[109.526099,28.225271],[109.518836,28.225894],[109.516168,28.237663],[109.53256,28.244614],[109.53618,28.250026],[109.531038,28.256726],[109.524875,28.25811],[109.526386,28.263561],[109.516359,28.269308],[109.512583,28.295814],[109.524198,28.304497],[109.530873,28.319323],[109.509824,28.320015],[109.505904,28.31718],[109.50708,28.307354],[109.511971,28.306622],[109.505905,28.304179],[109.508135,28.299952],[109.500636,28.29908],[109.496816,28.29487],[109.498222,28.291052],[109.485036,28.280085],[109.487068,28.27423],[109.472623,28.271534],[109.465968,28.263845],[109.459919,28.270967],[109.469723,28.276395],[109.469463,28.279818],[109.474766,28.283901],[109.469834,28.283156],[109.471577,28.285504],[109.466252,28.286123],[109.465657,28.291971],[109.462059,28.29132],[109.463435,28.296678],[109.453624,28.299775]]]}},{"type":"Feature","properties":{"id":"cn:433122","name":"泸溪县","level":2},"geometry":{"type":"Polygon","coordinates":[[[109.655292,28.130096],[109.662758,28.138022],[109.672237,28.15958],[109.682975,28.165116],[109.693956,28.163627],[109.69899,28.159664],[109.700085,28.148927],[109.707133,28.150982],[109.714554,28.158155],[109.723991,28.148822],[109.735275,28.150207],[109.742741,28.138337],[109.755953,28.142176],[109.765432,28.151863],[109.779226,28.15394],[109.792186,28.150249],[109.798982,28.152848],[109.809295,28.151507],[109.81492,28.154086],[109.820371,28.165116],[109.837402,28.165012],[109.841135,28.173652],[109.84117,28.184871],[109.837272,28.189569],[109.844364,28.201627],[109.842976,28.209888],[109.84893,28.219179],[109.840206,28.234424],[109.839876,28.244322],[109.852749,28.262043],[109.872332,28.278673],[109.894772,28.274333],[109.908912,28.285656],[109.914737,28.279825],[109.923964,28.280077],[109.937088,28.291632],[109.948668,28.290625],[109.95932,28.299809],[109.98478,28.288841],[109.992158,28.304466],[109.996646,28.305094],[110.003694,28.315161],[110.013295,28.318034],[110.005726,28.325488],[110.013695,28.329462],[110.0078,28.339967],[110.014641,28.357226],[110.001724,28.372892],[110.003486,28.403635],[110.016315,28.414895],[110.028061,28.41561],[110.033511,28.419363],[110.050629,28.418231],[110.055222,28.424993],[110.05102,28.429507],[110.06029,28.430892],[110.06214,28.444689],[110.06589,28.45051],[110.083259,28.454724],[110.101706,28.454195],[110.110014,28.443374],[110.105404,28.428443],[110.106784,28.41909],[110.136524,28.386545],[110.1403,28.385622],[110.143234,28.392836],[110.149276,28.394599],[110.165214,28.381302],[110.176784,28.378617],[110.185595,28.366539],[110.201029,28.365952],[110.208069,28.353412],[110.19826,28.343094],[110.18668,28.341165],[110.180222,28.336467],[110.178382,28.32531],[110.173261,28.31969],[110.173599,28.305977],[110.180933,28.288987],[110.172088,28.287941],[110.170205,28.28383],[110.179137,28.271815],[110.177244,28.268375],[110.181689,28.262713],[110.200778,28.25615],[110.205639,28.246127],[110.221785,28.244217],[110.233782,28.237507],[110.235544,28.234237],[110.232948,28.231216],[110.239615,28.216362],[110.238226,28.210624],[110.228748,28.200222],[110.218269,28.201437],[110.21189,28.207728],[110.186646,28.204543],[110.18748,28.199174],[110.196204,28.194057],[110.195197,28.182103],[110.189493,28.176819],[110.169702,28.169017],[110.163322,28.162811],[110.164329,28.158869],[110.177419,28.149011],[110.178504,28.140457],[110.150032,28.133662],[110.144703,28.129175],[110.146924,28.124142],[110.161482,28.113885],[110.161898,28.106379],[110.144538,28.095663],[110.118278,28.096858],[110.106829,28.094132],[110.111361,28.07876],[110.133123,28.059615],[110.13241,28.049528],[110.12742,28.048773],[110.125909,28.042819],[110.116222,28.04246],[110.12373,28.024971],[110.119494,28.019917],[110.111569,28.01845],[110.106239,28.008719],[110.105406,27.991711],[110.092993,27.979487],[110.079781,27.977662],[110.076882,27.972712],[110.06472,27.971538],[110.054825,27.960299],[110.045258,27.958033],[110.042993,27.953252],[110.049121,27.936349],[110.039469,27.921922],[110.017746,27.911308],[110.011292,27.911899],[109.995684,27.923138],[109.998037,27.937397],[109.984112,27.948932],[109.979494,27.949351],[109.966995,27.942137],[109.966916,27.958326],[109.958357,27.96508],[109.953827,27.964661],[109.953322,27.955182],[109.946951,27.951826],[109.943262,27.960382],[109.93235,27.962899],[109.922202,27.958788],[109.915833,27.959671],[109.909878,27.954805],[109.912309,27.950529],[109.90249,27.940797],[109.887143,27.949269],[109.878081,27.950443],[109.872291,27.959838],[109.852585,27.97439],[109.834295,27.976656],[109.832872,27.978501],[109.838237,27.986387],[109.834044,27.989154],[109.793193,27.982737],[109.787151,27.977622],[109.777924,27.994481],[109.770632,27.997207],[109.771214,28.002492],[109.779773,28.010126],[109.781032,28.026901],[109.790632,28.035666],[109.799191,28.052778],[109.798019,28.061627],[109.78887,28.070184],[109.788618,28.08587],[109.767272,28.087317],[109.758965,28.098682],[109.746552,28.097382],[109.724156,28.107216],[109.713626,28.097948],[109.697524,28.10338],[109.679364,28.0952],[109.671143,28.095789],[109.665024,28.100652],[109.662585,28.110971],[109.669885,28.119778],[109.655292,28.130096]]]}},{"type":"Feature","properties":{"id":"cn:433123","name":"凤凰县","level":2},"geometry":{"type":"Polygon","coordinates":[[[109.294953,28.033494],[109.298807,28.075144],[109.30846,28.08936],[109.30879,28.10513],[109.3207,28.118509],[109.323391,28.13017],[109.333451,28.145059],[109.330688,28.160356],[109.337062,28.165443],[109.337314,28.182092],[109.355118,28.193887],[109.360153,28.182773],[109.372774,28.188288],[109.401212,28.191035],[109.416516,28.189105],[109.41576,28.201478],[109.420794,28.205757],[109.42537,28.228909],[109.430571,28.233668],[109.44234,28.236165],[109.447236,28.244624],[109.454163,28.243306],[109.461377,28.258633],[109.460829,28.264045],[109.466772,28.264143],[109.472623,28.271534],[109.487484,28.274648],[109.485036,28.280085],[109.498222,28.291052],[109.496356,28.294281],[109.499429,28.29801],[109.508135,28.299952],[109.505905,28.304179],[109.511971,28.306622],[109.50708,28.307354],[109.505904,28.31718],[109.509824,28.320015],[109.531038,28.318442],[109.524198,28.304497],[109.512583,28.295814],[109.516359,28.269308],[109.526386,28.263561],[109.524875,28.25811],[109.531038,28.256726],[109.53618,28.250026],[109.53256,28.244614],[109.516168,28.237663],[109.518836,28.225894],[109.526099,28.225271],[109.529868,28.219705],[109.538863,28.217699],[109.521848,28.212942],[109.524667,28.191172],[109.536116,28.189221],[109.556707,28.196268],[109.566941,28.18807],[109.569832,28.193228],[109.57675,28.194612],[109.587948,28.204403],[109.58938,28.211031],[109.615521,28.216765],[109.646618,28.212025],[109.648897,28.20417],[109.653648,28.2033],[109.66154,28.205757],[109.671219,28.201414],[109.674302,28.205795],[109.683661,28.207403],[109.683079,28.2017],[109.686057,28.201782],[109.690709,28.191069],[109.689954,28.169762],[109.693956,28.163627],[109.682975,28.165116],[109.672237,28.15958],[109.662758,28.138022],[109.655796,28.131775],[109.656377,28.127915],[109.669885,28.119778],[109.662585,28.110971],[109.665024,28.100652],[109.675007,28.095034],[109.697524,28.10338],[109.711873,28.097611],[109.724156,28.107216],[109.746552,28.097382],[109.757463,28.099353],[109.767272,28.087317],[109.788618,28.08587],[109.78887,28.070184],[109.799356,28.056973],[109.787655,28.033192],[109.747732,28.024846],[109.727472,28.027027],[109.725206,28.020379],[109.731326,28.015807],[109.725624,28.007],[109.728393,27.990789],[109.715102,27.985149],[109.708558,27.97219],[109.714851,27.962059],[109.714425,27.956063],[109.706587,27.953211],[109.691448,27.940397],[109.677394,27.93939],[109.666153,27.925151],[109.655545,27.922133],[109.65038,27.914772],[109.649962,27.907346],[109.625936,27.913491],[109.618251,27.896778],[109.617461,27.884258],[109.61997,27.88107],[109.63247,27.879518],[109.632218,27.875072],[109.638347,27.867355],[109.636411,27.856786],[109.643798,27.842274],[109.642878,27.838457],[109.632305,27.830824],[109.616928,27.828783],[109.616706,27.824449],[109.622158,27.822519],[109.620647,27.819079],[109.614693,27.815977],[109.608902,27.819165],[109.598919,27.801675],[109.593304,27.803604],[109.591792,27.808133],[109.582478,27.80587],[109.579709,27.80998],[109.56931,27.81241],[109.54129,27.788463],[109.52846,27.799284],[109.529042,27.812706],[109.526107,27.815809],[109.521827,27.813125],[109.516628,27.815894],[109.507322,27.803478],[109.502626,27.806163],[109.492644,27.801968],[109.478972,27.790267],[109.472001,27.791944],[109.473008,27.807127],[109.456567,27.806624],[109.448519,27.795048],[109.454814,27.787457],[109.456741,27.776551],[109.444241,27.765731],[109.437869,27.752374],[109.421593,27.742098],[109.418946,27.731423],[109.413581,27.724503],[109.407791,27.728487],[109.395507,27.723433],[109.387573,27.729516],[109.36115,27.725383],[109.360734,27.729242],[109.371011,27.737189],[109.372938,27.742853],[109.358389,27.747716],[109.361446,27.752981],[109.359518,27.762964],[109.345135,27.774265],[109.344171,27.778084],[109.333433,27.779153],[109.333745,27.782487],[109.32825,27.783818],[109.33635,27.793443],[109.32615,27.795162],[109.338069,27.804349],[109.333911,27.807744],[109.338276,27.814394],[109.335508,27.82467],[109.342053,27.841529],[109.322166,27.86187],[109.322843,27.865646],[109.334084,27.872019],[109.317217,27.871264],[109.318477,27.87546],[109.312947,27.885547],[109.315959,27.898885],[109.307235,27.911088],[109.310179,27.921407],[109.30741,27.930466],[109.309172,27.936632],[109.297132,27.961671],[109.302496,27.971359],[109.316255,27.974735],[109.316932,27.995098],[109.337523,28.008602],[109.360061,28.012054],[109.374094,28.037878],[109.355265,28.057444],[109.333703,28.066168],[109.329849,28.065497],[109.318937,28.044484],[109.306863,28.041296],[109.301246,28.033327],[109.294953,28.033494]]]}},{"type":"Feature","properties":{"id":"cn:433124","name":"花垣县","level":2},"geometry":{"type":"Polygon","coordinates":[[[109.252276,28.440103],[109.25554,28.45467],[109.260502,28.459031],[109.25597,28.461327],[109.256011,28.467323],[109.261755,28.485151],[109.271842,28.488345],[109.267127,28.516557],[109.275789,28.523129],[109.269904,28.528512],[109.269305,28.541798],[109.284008,28.549124],[109.289702,28.560366],[109.290437,28.57062],[109.300044,28.582291],[109.315735,28.583039],[109.325481,28.569366],[109.321957,28.560441],[109.330976,28.564792],[109.33595,28.559341],[109.342591,28.564027],[109.348467,28.55956],[109.363103,28.572365],[109.360881,28.587377],[109.37753,28.590546],[109.383467,28.599341],[109.410724,28.604428],[109.421783,28.596364],[109.434865,28.598367],[109.453719,28.591625],[109.467704,28.601323],[109.473849,28.595442],[109.477895,28.597035],[109.482452,28.593974],[109.51562,28.614661],[109.530724,28.618037],[109.545403,28.626006],[109.55299,28.621247],[109.570525,28.618519],[109.577573,28.613068],[109.58378,28.613068],[109.589145,28.620281],[109.594596,28.620952],[109.592582,28.608117],[109.601306,28.604762],[109.61523,28.592139],[109.616827,28.576369],[109.614396,28.572594],[109.618337,28.568819],[109.602148,28.569491],[109.595099,28.575362],[109.589067,28.575949],[109.580169,28.570036],[109.576897,28.559845],[109.555429,28.557746],[109.554084,28.552629],[109.562808,28.540594],[109.562218,28.521928],[109.553581,28.502406],[109.54326,28.494501],[109.540786,28.483596],[109.548468,28.475731],[109.549969,28.466924],[109.556767,28.462959],[109.555465,28.457005],[109.559163,28.451132],[109.566289,28.451762],[109.570022,28.457593],[109.587808,28.458075],[109.598459,28.452014],[109.599718,28.439893],[109.612218,28.444107],[109.628155,28.442641],[109.642661,28.430666],[109.642747,28.421901],[109.619481,28.409068],[109.623808,28.405898],[109.635449,28.407452],[109.640139,28.404091],[109.635141,28.394876],[109.623554,28.391225],[109.619471,28.385261],[109.624308,28.38095],[109.630144,28.382308],[109.631228,28.375716],[109.63492,28.377023],[109.624781,28.367778],[109.630663,28.363349],[109.625017,28.360791],[109.62134,28.366243],[109.612019,28.358419],[109.609415,28.349833],[109.605218,28.348768],[109.597845,28.349896],[109.599804,28.359229],[109.593234,28.362848],[109.58496,28.347879],[109.581017,28.347317],[109.576943,28.353632],[109.56259,28.360475],[109.55375,28.35922],[109.534547,28.37194],[109.523083,28.372042],[109.515341,28.366034],[109.50213,28.365511],[109.5072,28.353591],[109.503572,28.346291],[109.513546,28.340325],[109.506776,28.335167],[109.491614,28.33706],[109.48604,28.331514],[109.488834,28.328092],[109.478238,28.325763],[109.478805,28.32251],[109.483827,28.321089],[109.479412,28.312356],[109.482229,28.305739],[109.480222,28.30706],[109.480029,28.302649],[109.475397,28.301174],[109.481421,28.295454],[109.477672,28.289856],[109.46175,28.301051],[109.45429,28.30159],[109.459995,28.297979],[109.457091,28.297038],[109.463435,28.296678],[109.462059,28.29132],[109.465657,28.291971],[109.466252,28.286123],[109.47119,28.285834],[109.471711,28.281749],[109.473911,28.283871],[109.474912,28.283449],[109.469463,28.279818],[109.469723,28.276395],[109.459919,28.270967],[109.465968,28.263845],[109.460829,28.264045],[109.461377,28.258633],[109.454163,28.243306],[109.447236,28.244624],[109.44234,28.236165],[109.430571,28.233668],[109.42537,28.228909],[109.420794,28.205757],[109.41576,28.201478],[109.416516,28.189105],[109.401212,28.191035],[109.372774,28.188288],[109.360153,28.182773],[109.355118,28.193887],[109.337314,28.182092],[109.337566,28.202601],[109.35602,28.226801],[109.351992,28.236743],[109.360256,28.240138],[109.368051,28.25161],[109.363104,28.258909],[109.383156,28.271343],[109.394814,28.272517],[109.395482,28.276712],[109.38563,28.275831],[109.368729,28.280297],[109.349892,28.26805],[109.347418,28.271784],[109.358746,28.2877],[109.333495,28.297201],[109.329093,28.296612],[109.324475,28.28965],[109.310256,28.279711],[109.30174,28.277549],[109.290291,28.281912],[109.292939,28.296171],[109.283581,28.301393],[109.279475,28.308609],[109.268475,28.312784],[109.270636,28.317429],[109.268478,28.323109],[109.271938,28.326357],[109.267115,28.326902],[109.263474,28.33984],[109.280378,28.361745],[109.284152,28.376824],[109.280778,28.380037],[109.27196,28.380241],[109.271561,28.386352],[109.262674,28.389923],[109.254818,28.421194],[109.255323,28.435798],[109.252276,28.440103]]]}},{"type":"Feature","properties":{"id":"cn:433125","name":"保靖县","level":2},"geometry":{"type":"Polygon","coordinates":[[[109.175932,28.623953],[109.184847,28.630519],[109.189439,28.640179],[109.198285,28.641225],[109.26628,28.675055],[109.261566,28.683438],[109.250177,28.689172],[109.248337,28.694812],[109.260385,28.702707],[109.26687,28.702202],[109.268623,28.709],[109.273102,28.708751],[109.289989,28.722337],[109.28358,28.730524],[109.295973,28.74287],[109.292995,28.751339],[109.27384,28.754735],[109.275253,28.759411],[109.268953,28.763829],[109.251582,28.768832],[109.251347,28.771354],[109.255373,28.77064],[109.256702,28.778152],[109.266547,28.771633],[109.277745,28.780505],[109.290488,28.779582],[109.307354,28.798182],[109.3154,28.796505],[109.322788,28.786311],[109.365062,28.785578],[109.377727,28.79642],[109.378733,28.812735],[109.387917,28.822193],[109.398699,28.84201],[109.408803,28.851197],[109.424914,28.858178],[109.437493,28.870489],[109.441399,28.869608],[109.448395,28.856689],[109.460896,28.858473],[109.474106,28.851971],[109.47902,28.852222],[109.478977,28.85474],[109.471051,28.866483],[109.483924,28.860213],[109.492735,28.863946],[109.497553,28.857781],[109.511563,28.850209],[109.515461,28.84308],[109.53941,28.830687],[109.562058,28.882357],[109.586598,28.915365],[109.609644,28.906485],[109.618282,28.908163],[109.632701,28.900645],[109.64079,28.901027],[109.644697,28.895953],[109.65507,28.892272],[109.67678,28.896854],[109.680955,28.891287],[109.679671,28.881064],[109.67145,28.863134],[109.690157,28.854996],[109.697709,28.847908],[109.702909,28.822492],[109.713056,28.812888],[109.713898,28.807101],[109.718134,28.806931],[109.717795,28.796941],[109.728307,28.792001],[109.732708,28.783247],[109.725538,28.770905],[109.708924,28.766195],[109.702526,28.760397],[109.70763,28.759204],[109.717526,28.747869],[109.715975,28.733549],[109.747347,28.725559],[109.775367,28.729417],[109.780185,28.723251],[109.779639,28.717715],[109.76226,28.703551],[109.761523,28.695257],[109.751479,28.682023],[109.750828,28.677579],[109.757035,28.670921],[109.751496,28.65581],[109.763267,28.643868],[109.79016,28.654374],[109.807877,28.653167],[109.817738,28.645791],[109.83036,28.621668],[109.820507,28.586846],[109.811871,28.579999],[109.805821,28.568098],[109.804726,28.556866],[109.7872,28.540186],[109.784266,28.529878],[109.785239,28.514921],[109.788807,28.509846],[109.792287,28.507119],[109.797192,28.509216],[109.804579,28.500955],[109.824545,28.503199],[109.826089,28.493637],[109.819128,28.476441],[109.802149,28.470946],[109.802149,28.455008],[109.788051,28.438735],[109.753347,28.436287],[109.742062,28.439483],[109.724405,28.436286],[109.714128,28.430499],[109.700126,28.432407],[109.688321,28.423767],[109.652244,28.412381],[109.644747,28.404306],[109.635449,28.407452],[109.623808,28.405898],[109.619481,28.409068],[109.632216,28.413824],[109.643876,28.424164],[109.642661,28.430666],[109.633902,28.439286],[109.628155,28.442641],[109.612218,28.444107],[109.599718,28.439893],[109.598459,28.452014],[109.583103,28.458997],[109.570022,28.457593],[109.566289,28.451762],[109.559163,28.451132],[109.555465,28.457005],[109.556767,28.462959],[109.549969,28.466924],[109.548468,28.475731],[109.540786,28.483596],[109.54326,28.494501],[109.553581,28.502406],[109.562218,28.521928],[109.562808,28.540594],[109.554084,28.552629],[109.555429,28.557746],[109.576897,28.559845],[109.580169,28.570036],[109.589067,28.575949],[109.595099,28.575362],[109.602148,28.569491],[109.618754,28.569491],[109.614396,28.572594],[109.616827,28.576369],[109.61523,28.592139],[109.601306,28.604762],[109.592582,28.608117],[109.594596,28.620952],[109.589145,28.620281],[109.58378,28.613068],[109.577573,28.613068],[109.570525,28.618519],[109.543259,28.625587],[109.530724,28.618037],[109.51562,28.614661],[109.481506,28.593869],[109.477895,28.597035],[109.473849,28.595442],[109.467704,28.601323],[109.453719,28.591625],[109.434865,28.598367],[109.421783,28.596364],[109.410724,28.604428],[109.383467,28.599341],[109.37753,28.590546],[109.360881,28.587377],[109.363502,28.573413],[109.357782,28.565589],[109.348467,28.55956],[109.342591,28.564027],[109.336489,28.559298],[109.330976,28.564792],[109.321957,28.560441],[109.325169,28.570477],[109.315735,28.583039],[109.316215,28.58934],[109.310607,28.590371],[109.304661,28.602086],[109.299748,28.605275],[109.30473,28.611288],[109.303918,28.618164],[109.295478,28.62969],[109.282868,28.630363],[109.274023,28.620294],[109.273832,28.615735],[109.265134,28.615307],[109.254283,28.608899],[109.248129,28.609743],[109.23463,28.621229],[109.227712,28.622826],[109.197582,28.601212],[109.196184,28.605199],[109.181696,28.61387],[109.183945,28.618419],[109.178233,28.619172],[109.175932,28.623953]]]}},{"type":"Feature","properties":{"id":"cn:433126","name":"古丈县","level":2},"geometry":{"type":"Polygon","coordinates":[[[109.750681,28.67892],[109.761523,28.695257],[109.76226,28.703551],[109.780611,28.719478],[109.775367,28.729417],[109.78417,28.740092],[109.833533,28.765024],[109.871658,28.764791],[109.877595,28.762339],[109.893137,28.744054],[109.900142,28.740313],[109.929957,28.748247],[109.959448,28.730037],[109.969969,28.718523],[109.984777,28.712357],[110.01397,28.718796],[110.02068,28.741465],[110.036618,28.741928],[110.047726,28.753565],[110.068151,28.760862],[110.091555,28.753668],[110.130984,28.727268],[110.142269,28.723032],[110.15661,28.721207],[110.193102,28.725255],[110.223545,28.708835],[110.231765,28.707283],[110.252651,28.716196],[110.269681,28.718755],[110.265489,28.674642],[110.252902,28.675649],[110.24628,28.663193],[110.239231,28.661431],[110.238562,28.648009],[110.231185,28.649267],[110.223883,28.656398],[110.218345,28.65472],[110.207277,28.628926],[110.226063,28.619196],[110.21944,28.612989],[110.226062,28.596463],[110.225142,28.590843],[110.231688,28.578512],[110.229084,28.57155],[110.21944,28.566603],[110.208033,28.568699],[110.202747,28.578387],[110.185299,28.577464],[110.18102,28.585937],[110.172712,28.588958],[110.1676,28.587447],[110.162651,28.577968],[110.162235,28.53825],[110.150907,28.536028],[110.145959,28.530996],[110.143693,28.486872],[110.150152,28.476556],[110.158711,28.470768],[110.152835,28.464643],[110.136732,28.459693],[110.13069,28.449922],[110.121419,28.451809],[110.121715,28.463804],[110.104267,28.466802],[110.09806,28.455857],[110.064423,28.449377],[110.058954,28.430095],[110.05102,28.429507],[110.054718,28.433409],[110.053034,28.440118],[110.040291,28.446598],[110.031818,28.445677],[110.026324,28.439154],[109.992097,28.438463],[109.986853,28.431332],[109.979684,28.42978],[109.975786,28.420427],[109.969449,28.414933],[109.959093,28.411599],[109.952592,28.405434],[109.942687,28.408118],[109.929093,28.399972],[109.914537,28.397974],[109.887306,28.407034],[109.880075,28.414401],[109.87932,28.419449],[109.886906,28.439638],[109.898694,28.446725],[109.899658,28.454232],[109.882756,28.45742],[109.868833,28.452617],[109.855413,28.47191],[109.846099,28.471071],[109.833729,28.465054],[109.828738,28.473169],[109.819128,28.476441],[109.826089,28.493637],[109.825377,28.502402],[109.802105,28.501584],[109.798078,28.50863],[109.792287,28.507119],[109.785239,28.514921],[109.785083,28.535377],[109.804726,28.556866],[109.807678,28.573363],[109.820507,28.586846],[109.83036,28.621668],[109.817738,28.645791],[109.807877,28.653167],[109.79016,28.654374],[109.766618,28.644372],[109.759552,28.645042],[109.751496,28.65581],[109.757035,28.670921],[109.750681,28.67892]]]}},{"type":"Feature","properties":{"id":"cn:433127","name":"永顺县","level":2},"geometry":{"type":"Polygon","coordinates":[[[109.586598,28.915365],[109.60178,28.937422],[109.628274,29.027954],[109.632007,29.045834],[109.628778,29.092625],[109.631347,29.113349],[109.644098,29.126687],[109.659532,29.212792],[109.659446,29.225334],[109.662883,29.231206],[109.685957,29.25335],[109.691156,29.254691],[109.698995,29.251442],[109.705878,29.262682],[109.729993,29.262536],[109.745426,29.271572],[109.774488,29.304832],[109.781034,29.307517],[109.776338,29.322279],[109.76711,29.331214],[109.771303,29.337672],[109.824202,29.376138],[109.903803,29.44463],[109.915131,29.448151],[109.925366,29.444713],[109.931251,29.437288],[109.940635,29.401303],[109.947762,29.389812],[109.940487,29.368673],[109.95014,29.361058],[109.956104,29.350251],[109.955687,29.344159],[109.948266,29.336735],[109.931781,29.326125],[109.946633,29.320986],[109.970791,29.30205],[109.993265,29.299429],[110.009454,29.290641],[110.044246,29.317238],[110.06345,29.326395],[110.092173,29.311457],[110.107554,29.292319],[110.108516,29.281657],[110.098528,29.256062],[110.091169,29.252963],[110.076872,29.253102],[110.074598,29.248053],[110.076536,29.237565],[110.065928,29.222245],[110.066976,29.207941],[110.071886,29.203544],[110.074851,29.191711],[110.082767,29.179755],[110.085521,29.170019],[110.084038,29.153971],[110.088034,29.146494],[110.094846,29.142325],[110.108413,29.145465],[110.123417,29.139142],[110.129129,29.140715],[110.135427,29.148156],[110.135847,29.155],[110.142041,29.156157],[110.153236,29.167956],[110.159916,29.168277],[110.174165,29.156778],[110.178781,29.156526],[110.184752,29.165638],[110.193648,29.167187],[110.199075,29.163895],[110.20095,29.154227],[110.211066,29.13896],[110.219683,29.141583],[110.212206,29.129953],[110.256836,29.122538],[110.259254,29.113094],[110.254837,29.104961],[110.246535,29.09873],[110.244831,29.079875],[110.258896,29.072679],[110.267278,29.076004],[110.275162,29.086073],[110.299333,29.094256],[110.300095,29.082601],[110.294451,29.053043],[110.297873,29.045457],[110.304792,29.038926],[110.318205,29.044643],[110.327641,29.041538],[110.335396,29.044204],[110.339313,29.039233],[110.336681,29.030157],[110.34241,29.022305],[110.341268,29.014024],[110.323152,28.987092],[110.327814,28.985289],[110.314098,28.976124],[110.313968,28.969289],[110.301641,28.961277],[110.303273,28.947331],[110.311033,28.940958],[110.321016,28.943935],[110.332214,28.942466],[110.356121,28.930386],[110.360314,28.923299],[110.359809,28.910884],[110.353941,28.900652],[110.353777,28.894194],[110.379654,28.888384],[110.3854,28.884063],[110.384738,28.877361],[110.391303,28.867141],[110.367629,28.850247],[110.360923,28.849106],[110.339845,28.823794],[110.335564,28.804812],[110.337675,28.785073],[110.33547,28.772936],[110.328872,28.76565],[110.306043,28.760296],[110.283482,28.770612],[110.27836,28.762811],[110.280713,28.746707],[110.273414,28.720684],[110.252651,28.716196],[110.233909,28.707284],[110.223545,28.708835],[110.193102,28.725255],[110.15661,28.721207],[110.135055,28.725128],[110.102839,28.747587],[110.071129,28.760903],[110.047726,28.753565],[110.036618,28.741928],[110.022104,28.742388],[110.018327,28.738403],[110.015437,28.719804],[109.988215,28.712275],[109.974248,28.715797],[109.959448,28.730037],[109.929957,28.748247],[109.897833,28.740733],[109.877595,28.762339],[109.859244,28.766764],[109.830555,28.763973],[109.785602,28.741518],[109.775367,28.729417],[109.747347,28.725559],[109.715975,28.733549],[109.717526,28.747869],[109.70763,28.759204],[109.702596,28.7596],[109.708924,28.766195],[109.725538,28.770905],[109.732708,28.783247],[109.728307,28.792001],[109.717795,28.796941],[109.718134,28.806931],[109.713898,28.807101],[109.713056,28.812888],[109.702909,28.822492],[109.697709,28.847908],[109.690157,28.854996],[109.67145,28.863134],[109.679671,28.881064],[109.680955,28.891287],[109.67678,28.896854],[109.65507,28.892272],[109.644697,28.895953],[109.64079,28.901027],[109.632701,28.900645],[109.618282,28.908163],[109.609644,28.906485],[109.586598,28.915365]]]}},{"type":"Feature","properties":{"id":"cn:433130","name":"龙山县","level":2},"geometry":{"type":"Polygon","coordinates":[[[109.221297,29.116443],[109.227155,29.118542],[109.227928,29.12239],[109.240706,29.118038],[109.251322,29.126163],[109.269496,29.125055],[109.27185,29.127182],[109.272481,29.136977],[109.259374,29.146934],[109.255636,29.159434],[109.261679,29.170172],[109.268805,29.174113],[109.265958,29.183173],[109.271409,29.20318],[109.254716,29.22092],[109.254126,29.227797],[109.27231,29.236184],[109.281392,29.244868],[109.310309,29.254881],[109.347065,29.286833],[109.347825,29.307236],[109.338267,29.310295],[109.340445,29.317342],[109.335324,29.338648],[109.339144,29.372076],[109.344977,29.37799],[109.363892,29.385497],[109.37186,29.379144],[109.386618,29.374859],[109.381501,29.3845],[109.3769,29.385933],[109.38035,29.396133],[109.363706,29.413931],[109.36524,29.422489],[109.386038,29.441409],[109.401435,29.437003],[109.401257,29.444499],[109.397462,29.447964],[109.406378,29.453146],[109.413278,29.451265],[109.412173,29.457327],[109.403287,29.464571],[109.400196,29.471276],[109.407589,29.48267],[109.405035,29.493109],[109.410201,29.49953],[109.414526,29.500083],[109.429938,29.49159],[109.435242,29.493836],[109.434526,29.498949],[109.42639,29.507802],[109.426044,29.531565],[109.430774,29.533644],[109.441587,29.531314],[109.443582,29.522102],[109.453665,29.515747],[109.459866,29.516213],[109.453688,29.533094],[109.456927,29.556809],[109.46296,29.562579],[109.473128,29.555753],[109.484467,29.556235],[109.492824,29.570753],[109.49925,29.591285],[109.498868,29.600386],[109.491108,29.601352],[109.491654,29.605652],[109.496689,29.608084],[109.511794,29.603072],[109.515083,29.610776],[109.520306,29.611523],[109.50953,29.620691],[109.509759,29.627464],[109.524309,29.628755],[109.528299,29.623679],[109.527324,29.617375],[109.543659,29.616178],[109.554024,29.609844],[109.571011,29.622656],[109.571759,29.631506],[109.606324,29.637356],[109.634674,29.626976],[109.646836,29.628969],[109.646375,29.612905],[109.653043,29.60458],[109.658789,29.60244],[109.674058,29.610724],[109.700229,29.61108],[109.71075,29.61582],[109.722122,29.610531],[109.740907,29.617996],[109.756844,29.617827],[109.76213,29.61506],[109.764735,29.609187],[109.760038,29.601303],[109.762808,29.591909],[109.774544,29.585155],[109.777565,29.579283],[109.755253,29.564309],[109.743595,29.551559],[109.733943,29.550301],[109.729837,29.543673],[109.73613,29.536963],[109.748118,29.511757],[109.760957,29.502697],[109.76574,29.493217],[109.772614,29.49154],[109.776052,29.477405],[109.798283,29.449852],[109.797363,29.443979],[109.802814,29.437855],[109.803821,29.431145],[109.790478,29.419863],[109.789724,29.41441],[109.816486,29.391468],[109.824202,29.376138],[109.771303,29.337672],[109.76711,29.331214],[109.776338,29.322279],[109.781034,29.307517],[109.774488,29.304832],[109.745426,29.271572],[109.729993,29.262536],[109.705878,29.262682],[109.698995,29.251442],[109.691156,29.254691],[109.685957,29.25335],[109.667502,29.236824],[109.659446,29.225334],[109.659532,29.212792],[109.644098,29.126687],[109.631347,29.113349],[109.628778,29.092625],[109.632007,29.045834],[109.606797,28.952088],[109.59915,28.932381],[109.562058,28.882357],[109.540331,28.831189],[109.536433,28.830812],[109.515461,28.84308],[109.511563,28.850209],[109.497553,28.857781],[109.492735,28.863946],[109.483924,28.860213],[109.471051,28.866483],[109.478977,28.85474],[109.47902,28.852222],[109.474106,28.851971],[109.460896,28.858473],[109.448395,28.856689],[109.441399,28.869608],[109.437493,28.870489],[109.424914,28.858178],[109.408803,28.851197],[109.398699,28.84201],[109.387917,28.822193],[109.378733,28.812735],[109.377727,28.79642],[109.365062,28.785578],[109.322788,28.786311],[109.3154,28.796505],[109.307354,28.798182],[109.292423,28.780379],[109.277745,28.780505],[109.26784,28.771969],[109.256702,28.778152],[109.243586,28.776637],[109.236694,28.779723],[109.235131,28.785999],[109.24165,28.80412],[109.241425,28.815791],[109.234906,28.83134],[109.237962,28.837623],[109.237857,28.857742],[109.229307,28.867245],[109.233448,28.868873],[109.23027,28.871525],[109.230809,28.884784],[109.235783,28.89585],[109.242841,28.900505],[109.245609,28.909335],[109.252224,28.91084],[109.250931,28.932278],[109.26383,28.969645],[109.267701,28.973997],[109.281895,28.977261],[109.287763,28.990668],[109.289819,29.018089],[109.300514,29.024105],[109.31495,29.04781],[109.305488,29.071076],[109.286512,29.072554],[109.269117,29.081677],[109.262051,29.082026],[109.253128,29.089726],[109.23134,29.090408],[109.229873,29.099785],[109.221297,29.116443]]]}}]}