{"type":"FeatureCollection","features":[{"type":"Feature","properties":{"id":"cn:61","name":"陕西省","level":0},"geometry":{"type":"Polygon","coordinates":[[[106.067692,32.759593],[106.068195,32.769615],[106.057084,32.770119],[106.059705,32.783344],[106.075886,32.787625],[106.081016,32.795245],[106.089715,32.796117],[106.090617,32.813053],[106.087466,32.817534],[106.089495,32.825723],[106.08238,32.828017],[106.065824,32.826007],[106.066749,32.831014],[106.045497,32.849376],[106.042584,32.854256],[106.044817,32.859153],[106.038102,32.867086],[106.03808,32.861243],[106.032494,32.859359],[106.032075,32.854176],[106.018447,32.860857],[106.017709,32.846254],[106.009639,32.840785],[106.00762,32.831819],[105.991326,32.830172],[105.98014,32.843702],[105.964636,32.851423],[105.956373,32.847916],[105.946477,32.837306],[105.926234,32.827925],[105.889507,32.840748],[105.854055,32.829705],[105.847041,32.820372],[105.827405,32.828311],[105.821927,32.827606],[105.817665,32.814244],[105.822302,32.805281],[105.813169,32.792593],[105.818742,32.772384],[105.807596,32.7745],[105.797457,32.761878],[105.777518,32.751505],[105.764966,32.769699],[105.754158,32.76614],[105.74395,32.769295],[105.732135,32.756068],[105.715416,32.761911],[105.707222,32.757883],[105.696345,32.74479],[105.685407,32.744822],[105.674322,32.728844],[105.665598,32.729783],[105.654921,32.722936],[105.648879,32.723071],[105.63908,32.711758],[105.627464,32.710818],[105.621822,32.70444],[105.59282,32.701653],[105.583289,32.731463],[105.562864,32.726598],[105.552725,32.734386],[105.551719,32.749089],[105.554271,32.755266],[105.564549,32.761073],[105.563671,32.767383],[105.552196,32.773562],[105.551389,32.796624],[105.542118,32.796625],[105.534063,32.791991],[105.529228,32.794945],[105.524601,32.807634],[105.528968,32.821633],[105.521382,32.836336],[105.520878,32.849883],[105.514263,32.853743],[105.511208,32.862068],[105.503586,32.863663],[105.491798,32.875295],[105.488214,32.887598],[105.489759,32.907538],[105.495337,32.913954],[105.510337,32.921189],[105.521119,32.922381],[105.532693,32.909855],[105.54676,32.911838],[105.561999,32.909082],[105.576156,32.888878],[105.58705,32.87903],[105.634672,32.881554],[105.65291,32.897595],[105.695662,32.905595],[105.731591,32.907403],[105.741399,32.911061],[105.784993,32.930494],[105.82317,32.952897],[105.858004,32.941147],[105.913751,32.99603],[105.919245,33.008159],[105.919816,33.022352],[105.926554,33.028867],[105.924362,33.043672],[105.909591,33.05533],[105.9114,33.068416],[105.925503,33.072959],[105.929585,33.079128],[105.915505,33.092752],[105.914995,33.107545],[105.92402,33.114478],[105.933086,33.115697],[105.934269,33.122184],[105.920955,33.123497],[105.917224,33.131009],[105.917518,33.136738],[105.927918,33.144273],[105.922198,33.148873],[105.917293,33.149342],[105.900869,33.139756],[105.893795,33.142522],[105.893534,33.148709],[105.90258,33.159006],[105.920882,33.169648],[105.913172,33.180365],[105.924076,33.188386],[105.921405,33.196037],[105.92647,33.201355],[105.931651,33.20019],[105.932881,33.194918],[105.942459,33.188415],[105.93543,33.187193],[105.92781,33.17729],[105.942327,33.177252],[105.937513,33.169189],[105.941815,33.164566],[105.942027,33.157148],[105.953317,33.147644],[105.958777,33.148091],[105.96454,33.156093],[105.961477,33.206525],[105.936121,33.220112],[105.913508,33.239881],[105.902858,33.242201],[105.8512,33.236802],[105.831834,33.25311],[105.792225,33.26188],[105.787859,33.267161],[105.785975,33.281828],[105.763562,33.284376],[105.743905,33.300673],[105.742004,33.312364],[105.750772,33.320381],[105.751335,33.33069],[105.730294,33.348361],[105.705164,33.382529],[105.709539,33.388252],[105.728992,33.39282],[105.748688,33.385928],[105.775786,33.386351],[105.802877,33.380355],[105.823406,33.381931],[105.834161,33.412622],[105.83312,33.433252],[105.827164,33.458244],[105.83871,33.477705],[105.838198,33.491916],[105.847,33.501295],[105.874196,33.51958],[105.880385,33.537573],[105.889821,33.541796],[105.895967,33.555744],[105.903111,33.55825],[105.915724,33.556612],[105.936357,33.572377],[105.955793,33.597535],[105.958293,33.60827],[105.95254,33.615036],[105.981263,33.613325],[105.994997,33.605829],[106.014203,33.611807],[106.015203,33.600326],[106.0244,33.596851],[106.039668,33.610654],[106.048159,33.610679],[106.059749,33.605639],[106.082448,33.618609],[106.095235,33.614514],[106.096544,33.611031],[106.106362,33.610541],[106.113091,33.604125],[106.125383,33.60595],[106.127123,33.598663],[106.122223,33.594544],[106.116959,33.591913],[106.106625,33.593442],[106.107131,33.588688],[106.100366,33.575047],[106.104297,33.571293],[106.129024,33.573359],[106.126785,33.581185],[106.146903,33.585783],[106.149721,33.582808],[106.137297,33.576892],[106.140674,33.572983],[106.139976,33.565235],[106.145376,33.56331],[106.147209,33.558535],[106.156985,33.558],[106.16442,33.553048],[106.183099,33.54812],[106.195453,33.549898],[106.21034,33.560373],[106.233412,33.565758],[106.260756,33.590143],[106.283907,33.602623],[106.304506,33.605033],[106.330999,33.588607],[106.347188,33.588744],[106.367318,33.600315],[106.380607,33.613525],[106.402621,33.618888],[106.427066,33.620563],[106.442648,33.614729],[106.445321,33.606693],[106.449765,33.583511],[106.452846,33.534442],[106.473271,33.521011],[106.490111,33.532122],[106.498614,33.529919],[106.510639,33.514922],[106.517715,33.51984],[106.537147,33.514893],[106.54427,33.525178],[106.552333,33.529604],[106.559078,33.544908],[106.553818,33.564886],[106.555823,33.572669],[106.576635,33.57777],[106.577033,33.581358],[106.571286,33.585504],[106.577524,33.59249],[106.577733,33.611653],[106.571596,33.633508],[106.53572,33.692917],[106.520972,33.701045],[106.489132,33.704024],[106.478464,33.708916],[106.476597,33.713971],[106.482839,33.733869],[106.481865,33.772383],[106.47564,33.782281],[106.460849,33.788342],[106.456231,33.794562],[106.464477,33.821549],[106.489981,33.839937],[106.485467,33.856011],[106.4729,33.868214],[106.471084,33.877214],[106.463128,33.878272],[106.458862,33.885371],[106.452866,33.883591],[106.457112,33.879812],[106.447472,33.877137],[106.452611,33.872605],[106.439894,33.86847],[106.421456,33.868821],[106.414668,33.878949],[106.415322,33.895137],[106.406176,33.909415],[106.439261,33.936008],[106.450917,33.953651],[106.45952,33.959324],[106.471803,33.975286],[106.475318,33.995884],[106.467349,34.025504],[106.47517,34.035995],[106.501333,34.058041],[106.502661,34.079346],[106.497696,34.106426],[106.51155,34.111137],[106.556579,34.111368],[106.563625,34.127213],[106.56629,34.126792],[106.580867,34.151133],[106.568277,34.171679],[106.554544,34.229079],[106.547234,34.244257],[106.535177,34.25374],[106.528016,34.255629],[106.508771,34.240874],[106.497964,34.2382],[106.489995,34.243301],[106.492347,34.256571],[106.52233,34.293487],[106.573119,34.282564],[106.582808,34.259112],[106.589116,34.253796],[106.5985,34.252579],[106.622407,34.262471],[106.629586,34.261494],[106.649022,34.245522],[106.659795,34.244746],[106.668978,34.249021],[106.677937,34.257654],[106.700896,34.301],[106.700454,34.310175],[106.687719,34.331363],[106.686704,34.338937],[106.709794,34.3479],[106.7131,34.370708],[106.704847,34.377421],[106.695168,34.370681],[106.688668,34.379158],[106.677324,34.377387],[106.678706,34.381611],[106.675061,34.385578],[106.659326,34.382547],[106.649079,34.392859],[106.633218,34.393582],[106.636314,34.402064],[106.632486,34.405452],[106.626696,34.403629],[106.621354,34.411423],[106.617819,34.422005],[106.619696,34.429353],[106.614476,34.43129],[106.610661,34.441818],[106.615304,34.449507],[106.61004,34.447556],[106.606017,34.456008],[106.597516,34.44967],[106.595098,34.454161],[106.587682,34.456487],[106.591464,34.462268],[106.598196,34.462682],[106.598477,34.465684],[106.580932,34.466901],[106.579334,34.473502],[106.563944,34.47637],[106.569253,34.484517],[106.557157,34.482063],[106.553386,34.490328],[106.546481,34.489782],[106.53962,34.479993],[106.535628,34.480052],[106.534416,34.483629],[106.537861,34.488584],[106.53409,34.493448],[106.521433,34.494159],[106.510254,34.499008],[106.50752,34.505963],[106.50975,34.512603],[106.49768,34.512604],[106.485357,34.517598],[106.481837,34.525985],[106.474381,34.523068],[106.467198,34.52438],[106.462566,34.531601],[106.454673,34.524089],[106.453049,34.526878],[106.456295,34.531053],[106.451063,34.532822],[106.443606,34.524417],[106.431533,34.528482],[106.419851,34.524617],[106.408656,34.525512],[106.402676,34.523943],[106.397918,34.513332],[106.392968,34.510472],[106.382328,34.512201],[106.381473,34.519858],[106.376177,34.522115],[106.363331,34.513171],[106.343705,34.520792],[106.339296,34.518186],[106.330222,34.519124],[106.339212,34.535552],[106.339082,34.544183],[106.335359,34.549329],[106.339704,34.561507],[106.336733,34.569209],[106.328219,34.574878],[106.309158,34.581066],[106.318958,34.591099],[106.360486,34.609186],[106.373958,34.62492],[106.380373,34.627628],[106.385883,34.625282],[106.397298,34.637716],[106.410108,34.639249],[106.415149,34.644468],[106.4178,34.656347],[106.441948,34.637668],[106.45413,34.640045],[106.467066,34.635356],[106.462857,34.642547],[106.467688,34.645978],[106.468228,34.652526],[106.441344,34.670551],[106.437785,34.676301],[106.437594,34.685241],[106.442976,34.695974],[106.45532,34.706664],[106.482664,34.71633],[106.489989,34.725672],[106.495172,34.742365],[106.501621,34.748044],[106.540007,34.747313],[106.548696,34.753202],[106.544482,34.76288],[106.567498,34.769364],[106.575239,34.779959],[106.574329,34.790275],[106.561157,34.799284],[106.560801,34.810184],[106.549606,34.815894],[106.55119,34.819622],[106.546768,34.830695],[106.551809,34.831979],[106.550979,34.838048],[106.555927,34.852595],[106.554043,34.858796],[106.547159,34.86595],[106.523888,34.877578],[106.516457,34.886336],[106.506014,34.92605],[106.488896,34.94198],[106.488179,34.962929],[106.47888,34.980927],[106.483836,34.987459],[106.495019,34.991203],[106.497954,34.996437],[106.490312,35.002085],[106.494109,35.017365],[106.484311,35.022048],[106.492166,35.024556],[106.499311,35.034609],[106.516582,35.028554],[106.52214,35.030381],[106.526723,35.046836],[106.541573,35.070022],[106.538094,35.084785],[106.554863,35.091085],[106.566896,35.079897],[106.569192,35.081453],[106.56791,35.087863],[106.571801,35.090281],[106.608257,35.076732],[106.611318,35.072085],[106.61836,35.071473],[106.621137,35.074523],[106.635983,35.072447],[106.642095,35.079394],[106.651181,35.077255],[106.657417,35.07058],[106.663702,35.077964],[106.702163,35.082693],[106.702216,35.087337],[106.710425,35.093759],[106.706511,35.101261],[106.710189,35.106364],[106.715705,35.09928],[106.729124,35.102067],[106.749202,35.099823],[106.834124,35.080699],[106.855336,35.092963],[106.878865,35.094268],[106.883772,35.089606],[106.897428,35.095459],[106.905653,35.089049],[106.908301,35.080516],[106.926437,35.075914],[106.928298,35.083797],[106.940078,35.081049],[106.943083,35.071242],[106.950097,35.066226],[106.960363,35.065039],[106.984456,35.070572],[106.986269,35.069303],[106.978851,35.060469],[106.994538,35.057231],[107.00629,35.038852],[107.005237,35.030145],[107.017489,35.033351],[107.026331,35.029856],[107.038216,35.042404],[107.040318,35.039338],[107.047374,35.040184],[107.043512,35.029014],[107.071397,35.026161],[107.083871,35.021431],[107.092812,35.005977],[107.084783,34.977429],[107.0894,34.970729],[107.09815,34.960772],[107.114704,34.950953],[107.129612,34.950068],[107.131713,34.945494],[107.157543,34.944933],[107.167456,34.938166],[107.175094,34.929134],[107.184765,34.894183],[107.19624,34.882582],[107.204398,34.883689],[107.209372,34.878169],[107.218253,34.879111],[107.226518,34.893504],[107.247768,34.882151],[107.257642,34.908437],[107.265684,34.910719],[107.271411,34.907479],[107.276558,34.909968],[107.280502,34.930524],[107.290675,34.937263],[107.324721,34.938865],[107.341119,34.936347],[107.347725,34.93213],[107.354182,34.921045],[107.363888,34.918615],[107.380303,34.930303],[107.395711,34.93375],[107.420986,34.92949],[107.45056,34.917601],[107.473755,34.920238],[107.511194,34.911656],[107.527652,34.912324],[107.531931,34.916377],[107.533155,34.933548],[107.546437,34.941364],[107.557365,34.967545],[107.567513,34.972432],[107.600968,34.959758],[107.612253,34.96531],[107.621142,34.96379],[107.629222,34.951513],[107.624058,34.927834],[107.619244,34.920553],[107.635214,34.919887],[107.634445,34.936326],[107.64291,34.933194],[107.649672,34.934604],[107.66963,34.952174],[107.672121,34.948444],[107.678648,34.952168],[107.70012,34.951488],[107.707763,34.964092],[107.711842,34.958582],[107.711593,34.951872],[107.736756,34.95445],[107.773761,34.965597],[107.800006,34.957727],[107.795181,34.967746],[107.80208,34.974522],[107.816889,34.97507],[107.830019,34.981445],[107.836061,34.978692],[107.835299,34.986042],[107.841304,34.982115],[107.848781,34.984426],[107.859439,34.996559],[107.858707,35.000217],[107.83896,35.003238],[107.835977,35.016652],[107.84366,35.024782],[107.806932,35.026986],[107.794354,35.035316],[107.779835,35.053424],[107.769862,35.057512],[107.767339,35.063723],[107.754606,35.071968],[107.752558,35.076989],[107.757477,35.084053],[107.750275,35.094618],[107.740351,35.096765],[107.736912,35.105265],[107.717705,35.115654],[107.717505,35.118849],[107.722782,35.120932],[107.72372,35.128005],[107.719705,35.144683],[107.709129,35.160302],[107.714622,35.166966],[107.710953,35.16882],[107.69768,35.193745],[107.681381,35.21845],[107.664566,35.215613],[107.654784,35.232687],[107.657782,35.239425],[107.654731,35.241789],[107.647254,35.240457],[107.64817,35.246335],[107.662421,35.257605],[107.687568,35.25184],[107.695014,35.256892],[107.706535,35.2432],[107.713785,35.245272],[107.706933,35.257693],[107.717994,35.27192],[107.732467,35.267998],[107.733558,35.291229],[107.731919,35.296661],[107.724723,35.301528],[107.716194,35.300727],[107.710952,35.293655],[107.704468,35.294442],[107.713845,35.303816],[107.74001,35.312455],[107.745992,35.305879],[107.753049,35.306417],[107.758711,35.302235],[107.76902,35.302995],[107.775231,35.296826],[107.786576,35.296425],[107.792364,35.286369],[107.803265,35.28789],[107.814652,35.277939],[107.822874,35.278446],[107.825071,35.273815],[107.840274,35.276298],[107.842157,35.268999],[107.855577,35.26812],[107.856404,35.262559],[107.862523,35.256948],[107.872461,35.261072],[107.897913,35.262491],[107.908358,35.254582],[107.920746,35.258892],[107.926441,35.2511],[107.931443,35.25465],[107.929704,35.26288],[107.932272,35.267511],[107.950994,35.267737],[107.955917,35.262188],[107.945136,35.245987],[107.9652,35.242226],[107.974185,35.246118],[107.980771,35.244294],[108.043755,35.254278],[108.071347,35.266827],[108.07349,35.271403],[108.089867,35.280443],[108.118122,35.281809],[108.129264,35.291281],[108.141013,35.285858],[108.144673,35.291878],[108.168506,35.305047],[108.177786,35.302197],[108.188921,35.307095],[108.204919,35.301485],[108.206629,35.295031],[108.212836,35.298706],[108.216693,35.297351],[108.220928,35.289317],[108.227719,35.28778],[108.22852,35.284921],[108.222203,35.277427],[108.235608,35.256551],[108.247479,35.260767],[108.252202,35.267958],[108.259224,35.269849],[108.269203,35.264786],[108.293297,35.268941],[108.296265,35.273918],[108.315905,35.282389],[108.34471,35.302603],[108.347372,35.296399],[108.353373,35.295437],[108.347938,35.286171],[108.356564,35.280207],[108.37482,35.287281],[108.375689,35.282745],[108.395208,35.283136],[108.398158,35.277804],[108.411348,35.276177],[108.444178,35.274118],[108.469487,35.277356],[108.480465,35.274868],[108.501079,35.285371],[108.518917,35.288805],[108.542934,35.305713],[108.549588,35.303461],[108.560345,35.292658],[108.575115,35.292334],[108.582188,35.305855],[108.595746,35.309532],[108.610775,35.330692],[108.607765,35.336047],[108.606222,35.357104],[108.616456,35.376245],[108.616318,35.395025],[108.624721,35.406084],[108.626565,35.419206],[108.622659,35.429837],[108.623171,35.449084],[108.618303,35.452686],[108.616724,35.461621],[108.612972,35.464398],[108.612016,35.477804],[108.605324,35.487882],[108.601426,35.50332],[108.62114,35.537588],[108.616059,35.543682],[108.613922,35.557446],[108.604931,35.563776],[108.591505,35.567594],[108.581562,35.578632],[108.563079,35.585927],[108.55786,35.599492],[108.543631,35.600618],[108.535107,35.605998],[108.518571,35.661455],[108.525388,35.683955],[108.51695,35.690241],[108.513212,35.698138],[108.520116,35.711654],[108.512318,35.716284],[108.510968,35.721148],[108.520558,35.728888],[108.52522,35.743373],[108.529218,35.746527],[108.518575,35.759623],[108.515103,35.769699],[108.520131,35.775112],[108.523145,35.82446],[108.519777,35.839914],[108.493536,35.876268],[108.496245,35.885181],[108.513927,35.90568],[108.558415,35.921581],[108.564708,35.939962],[108.576149,35.948146],[108.595481,35.950875],[108.629152,35.945037],[108.647582,35.948542],[108.652729,35.958104],[108.654969,35.991156],[108.683866,36.021311],[108.677816,36.05525],[108.679084,36.069437],[108.686114,36.088957],[108.70266,36.109927],[108.692869,36.117493],[108.707514,36.138874],[108.698024,36.160934],[108.650325,36.2322],[108.641411,36.254374],[108.650391,36.27422],[108.637507,36.311396],[108.639432,36.33218],[108.636965,36.359349],[108.646579,36.384909],[108.633176,36.400547],[108.626766,36.399195],[108.628947,36.407508],[108.625531,36.418078],[108.614316,36.434104],[108.588954,36.431699],[108.578711,36.438266],[108.557956,36.438774],[108.549102,36.448253],[108.528295,36.454733],[108.505835,36.474488],[108.502974,36.462618],[108.509883,36.44562],[108.491958,36.422733],[108.48064,36.429424],[108.47139,36.427462],[108.466594,36.423],[108.455576,36.422995],[108.450469,36.430836],[108.426932,36.435879],[108.413926,36.448431],[108.396765,36.446326],[108.397518,36.453318],[108.402995,36.45945],[108.400656,36.47755],[108.39306,36.480367],[108.394249,36.484753],[108.388582,36.492624],[108.385396,36.506517],[108.378599,36.505671],[108.371689,36.514512],[108.360421,36.519503],[108.362045,36.533583],[108.359484,36.540397],[108.343417,36.556009],[108.301524,36.561109],[108.284276,36.55255],[108.276498,36.562142],[108.26181,36.567276],[108.258747,36.564065],[108.256176,36.54831],[108.244632,36.558861],[108.240639,36.570984],[108.211733,36.571291],[108.205674,36.577372],[108.199757,36.606458],[108.21611,36.626951],[108.218024,36.630859],[108.213443,36.632836],[108.199259,36.634065],[108.192904,36.629811],[108.170405,36.577151],[108.160856,36.565172],[108.147244,36.560984],[108.136394,36.562424],[108.132758,36.577971],[108.110517,36.586383],[108.087766,36.587134],[108.089549,36.605375],[108.081546,36.608332],[108.077292,36.615141],[108.073099,36.602667],[108.063993,36.606536],[108.057094,36.592413],[108.050677,36.596622],[108.041143,36.596076],[108.038293,36.605899],[108.02619,36.60742],[108.025819,36.618177],[108.016382,36.621644],[108.009601,36.616039],[108.002103,36.618339],[108.000477,36.625233],[108.007762,36.626923],[108.008803,36.629881],[108.004361,36.6357],[107.997861,36.6363],[107.99747,36.645081],[108.000721,36.647536],[108.010296,36.643968],[108.017392,36.647087],[108.015676,36.658361],[108.020633,36.660813],[108.018877,36.669058],[108.009873,36.673166],[108.008929,36.680089],[107.999845,36.683047],[107.995653,36.678145],[107.981375,36.67522],[107.982398,36.668354],[107.979558,36.666922],[107.983187,36.661341],[107.98053,36.651893],[107.972136,36.658626],[107.970155,36.666303],[107.961309,36.660475],[107.957521,36.664984],[107.952535,36.660666],[107.949626,36.664049],[107.941698,36.654273],[107.939125,36.659669],[107.934125,36.65572],[107.936204,36.694921],[107.928127,36.711051],[107.920161,36.711611],[107.918872,36.717245],[107.909397,36.721198],[107.909248,36.730702],[107.900788,36.740663],[107.901944,36.752418],[107.893653,36.747281],[107.888831,36.750299],[107.877125,36.747191],[107.872779,36.755923],[107.8621,36.755635],[107.859688,36.761446],[107.862394,36.762218],[107.861475,36.767127],[107.851341,36.770832],[107.845885,36.769276],[107.840769,36.772082],[107.836908,36.780242],[107.832274,36.780216],[107.825774,36.786016],[107.821802,36.785394],[107.815459,36.77672],[107.808027,36.779815],[107.800293,36.778361],[107.788731,36.787533],[107.784975,36.785078],[107.773727,36.788808],[107.77025,36.797958],[107.765714,36.79801],[107.762301,36.792937],[107.748214,36.806297],[107.741589,36.805493],[107.73855,36.811526],[107.725222,36.813052],[107.725072,36.806327],[107.719948,36.80632],[107.716278,36.802077],[107.710862,36.806367],[107.704683,36.80536],[107.687532,36.821765],[107.666943,36.832916],[107.641373,36.820871],[107.627624,36.817789],[107.626011,36.813962],[107.624428,36.818386],[107.59878,36.825838],[107.59579,36.830893],[107.585978,36.836231],[107.563426,36.836396],[107.550597,36.826487],[107.539674,36.826618],[107.535197,36.828519],[107.526856,36.847877],[107.519721,36.853437],[107.523574,36.853615],[107.528566,36.860103],[107.528782,36.867091],[107.493236,36.893124],[107.483487,36.904648],[107.472836,36.90812],[107.431509,36.897924],[107.41939,36.902972],[107.360303,36.905026],[107.331146,36.92556],[107.306683,36.912761],[107.302117,36.913334],[107.299904,36.925738],[107.289861,36.929164],[107.299394,36.941559],[107.296669,36.949676],[107.299348,36.95171],[107.291456,36.963694],[107.293468,36.969131],[107.28638,36.977989],[107.282468,36.991642],[107.285976,37.00372],[107.282739,37.005873],[107.279428,37.024461],[107.275858,37.026746],[107.278658,37.032673],[107.26941,37.041014],[107.274971,37.041642],[107.281316,37.055106],[107.270286,37.070794],[107.274521,37.077174],[107.26968,37.093451],[107.26375,37.09909],[107.280661,37.095144],[107.272144,37.103035],[107.271355,37.108156],[107.275078,37.11099],[107.264966,37.111078],[107.272935,37.114293],[107.268395,37.125006],[107.274181,37.127598],[107.302029,37.100028],[107.306177,37.11028],[107.309827,37.110472],[107.326,37.129691],[107.325542,37.136512],[107.329669,37.138564],[107.327193,37.141605],[107.330115,37.141785],[107.328545,37.146082],[107.331349,37.148501],[107.32814,37.14959],[107.332724,37.153495],[107.330032,37.156869],[107.333739,37.159267],[107.330897,37.15983],[107.329017,37.173125],[107.322488,37.180581],[107.319561,37.190026],[107.314257,37.193019],[107.31596,37.195082],[107.312431,37.199732],[107.295807,37.207132],[107.265382,37.228647],[107.267587,37.235491],[107.286415,37.240769],[107.303099,37.237419],[107.303668,37.250323],[107.288259,37.276963],[107.26816,37.290677],[107.258888,37.310925],[107.252543,37.330999],[107.258967,37.349393],[107.256111,37.370321],[107.266094,37.389784],[107.277864,37.436571],[107.279305,37.481359],[107.286275,37.48793],[107.305321,37.49474],[107.34052,37.518169],[107.355832,37.54372],[107.366943,37.579333],[107.362918,37.587285],[107.337003,37.581187],[107.325344,37.583383],[107.306271,37.609312],[107.319969,37.605669],[107.34361,37.607567],[107.356082,37.612576],[107.359335,37.616468],[107.357847,37.622198],[107.391459,37.651685],[107.414602,37.64947],[107.416755,37.664341],[107.384282,37.670441],[107.37946,37.684735],[107.381596,37.690368],[107.401779,37.692222],[107.420362,37.683372],[107.460206,37.69055],[107.479929,37.705841],[107.483731,37.713945],[107.487228,37.732143],[107.485701,37.744734],[107.49406,37.765086],[107.518366,37.772421],[107.56643,37.77627],[107.579226,37.782924],[107.586199,37.782882],[107.586489,37.786805],[107.577621,37.786366],[107.57198,37.790639],[107.580259,37.798096],[107.583705,37.796913],[107.582757,37.790708],[107.59437,37.790757],[107.604408,37.777791],[107.615813,37.775568],[107.641204,37.804803],[107.65432,37.843662],[107.653083,37.858502],[107.645283,37.864196],[107.670952,37.875346],[107.67965,37.887876],[107.69044,37.885085],[107.684754,37.878466],[107.686369,37.874999],[107.704893,37.868926],[107.725361,37.850307],[107.736039,37.844799],[107.810866,37.828592],[107.817158,37.831682],[107.832714,37.830155],[107.844311,37.822173],[107.880023,37.807972],[107.885882,37.813028],[107.891698,37.812841],[107.912306,37.807108],[107.932271,37.794617],[107.97702,37.786743],[107.974623,37.76518],[107.988885,37.745784],[107.987827,37.735449],[108.003781,37.731895],[108.010804,37.719816],[108.012141,37.705046],[108.020578,37.695297],[108.017913,37.682163],[108.007739,37.666503],[108.017297,37.651621],[108.0203,37.649161],[108.05504,37.651361],[108.071837,37.64225],[108.110395,37.634842],[108.128737,37.621261],[108.142244,37.620996],[108.165682,37.633305],[108.183868,37.63406],[108.200595,37.655158],[108.24155,37.665176],[108.281931,37.659944],[108.287808,37.656329],[108.299456,37.63777],[108.308823,37.633947],[108.327929,37.632362],[108.350907,37.642184],[108.417251,37.648087],[108.435559,37.653881],[108.480411,37.677332],[108.527824,37.690104],[108.554795,37.681276],[108.614517,37.651606],[108.640505,37.654965],[108.69456,37.669106],[108.71541,37.683038],[108.736625,37.684908],[108.763344,37.680116],[108.772685,37.682947],[108.781027,37.688681],[108.787718,37.707452],[108.778327,37.73671],[108.777702,37.757539],[108.794889,37.783454],[108.796375,37.79178],[108.788188,37.815321],[108.787476,37.827374],[108.787051,37.872335],[108.793194,37.933141],[108.821849,37.988613],[108.817214,38.006639],[108.792588,38.047386],[108.825651,38.049348],[108.850547,38.037889],[108.866215,38.026891],[108.878073,38.013453],[108.888924,37.977801],[108.912178,37.959398],[108.918836,37.936117],[108.933419,37.92047],[108.969113,37.931378],[108.974704,37.944177],[108.974478,37.958799],[108.977586,37.96333],[108.98769,37.96748],[109.000745,37.965054],[109.012229,37.969359],[109.010207,37.982258],[109.02361,37.996851],[109.032665,38.020843],[109.06407,38.02232],[109.065789,38.027454],[109.04532,38.054307],[109.054279,38.06613],[109.063385,38.090453],[109.058125,38.099499],[109.014505,38.119125],[108.959392,38.154347],[108.937648,38.176504],[108.93987,38.192837],[108.933525,38.207086],[108.950096,38.218141],[108.971815,38.246956],[108.956832,38.264648],[108.957137,38.267958],[108.971312,38.296505],[108.984559,38.310398],[109.002562,38.358607],[109.041381,38.381028],[109.057991,38.398197],[109.053031,38.419747],[109.046607,38.431422],[109.074923,38.448996],[109.086956,38.452843],[109.098076,38.465443],[109.114205,38.472339],[109.146252,38.50905],[109.173171,38.520209],[109.190575,38.544432],[109.192972,38.554419],[109.271244,38.622439],[109.282808,38.619905],[109.307863,38.600096],[109.324104,38.596598],[109.339464,38.611928],[109.356835,38.621719],[109.361539,38.626784],[109.360845,38.630386],[109.321686,38.663112],[109.32035,38.669354],[109.330506,38.698277],[109.349057,38.705837],[109.372485,38.71194],[109.389951,38.712192],[109.395828,38.715525],[109.403371,38.742461],[109.436829,38.77038],[109.438535,38.782209],[109.475236,38.810038],[109.483604,38.812668],[109.505601,38.833116],[109.513656,38.83193],[109.544299,38.805195],[109.588369,38.834045],[109.606425,38.851908],[109.610965,38.852486],[109.62034,38.846661],[109.619012,38.853974],[109.64008,38.878185],[109.665444,38.925858],[109.67823,38.934912],[109.673552,38.947782],[109.679811,38.967621],[109.659811,38.981106],[109.666512,38.996414],[109.685695,38.991991],[109.699212,39.016271],[109.719707,39.017629],[109.75672,39.056718],[109.770696,39.061154],[109.787684,39.073289],[109.809732,39.095442],[109.830053,39.104648],[109.836346,39.114873],[109.845982,39.122108],[109.855916,39.123526],[109.876633,39.116123],[109.885478,39.103337],[109.913716,39.103601],[109.91665,39.1064],[109.903673,39.125437],[109.888448,39.140559],[109.887883,39.146283],[109.896034,39.147685],[109.91666,39.16078],[109.9181,39.165016],[109.938834,39.17439],[109.954928,39.185966],[109.9557,39.190433],[109.922515,39.209529],[109.894645,39.232243],[109.876165,39.232759],[109.867345,39.240598],[109.864516,39.251102],[109.872571,39.248181],[109.878561,39.262217],[109.891113,39.265949],[109.897276,39.271189],[109.931304,39.244276],[109.957137,39.211157],[110.004812,39.207605],[110.013151,39.212593],[110.035308,39.215444],[110.070008,39.229688],[110.080644,39.227765],[110.084463,39.235809],[110.101905,39.247506],[110.118503,39.249632],[110.136908,39.260255],[110.153996,39.262098],[110.162751,39.268577],[110.180629,39.273923],[110.187235,39.279693],[110.212212,39.278794],[110.203818,39.288507],[110.196995,39.315333],[110.17947,39.352061],[110.163141,39.37203],[110.157924,39.383745],[110.150789,39.389144],[110.131938,39.389714],[110.127817,39.397618],[110.120493,39.415689],[110.119261,39.430766],[110.125502,39.435255],[110.126839,39.446526],[110.139217,39.452516],[110.139607,39.456058],[110.200398,39.436444],[110.205798,39.441606],[110.211388,39.442269],[110.22558,39.434795],[110.237725,39.422664],[110.269799,39.423802],[110.271014,39.4193],[110.251943,39.406097],[110.276602,39.392198],[110.298668,39.367819],[110.335042,39.340456],[110.36662,39.326938],[110.379252,39.309401],[110.40737,39.32583],[110.41553,39.336706],[110.423498,39.338941],[110.410581,39.3475],[110.414106,39.360947],[110.424054,39.378181],[110.444106,39.380391],[110.457908,39.376307],[110.465634,39.372405],[110.476702,39.359562],[110.488126,39.358525],[110.506659,39.368339],[110.505617,39.380856],[110.515965,39.382253],[110.531511,39.372748],[110.553482,39.351307],[110.556711,39.334611],[110.567831,39.324485],[110.560965,39.318309],[110.565166,39.309125],[110.576911,39.296247],[110.584411,39.29445],[110.59586,39.278569],[110.607504,39.275993],[110.622538,39.265654],[110.649165,39.269488],[110.66383,39.275088],[110.682519,39.266642],[110.696946,39.272984],[110.717007,39.295609],[110.719533,39.30281],[110.726921,39.30755],[110.726416,39.320223],[110.723231,39.322702],[110.732914,39.328722],[110.732118,39.347275],[110.737094,39.354932],[110.757814,39.373647],[110.764273,39.38376],[110.78008,39.390132],[110.789863,39.400752],[110.792259,39.409377],[110.802007,39.410896],[110.805966,39.422558],[110.822693,39.431269],[110.821165,39.436985],[110.83936,39.45936],[110.839316,39.464963],[110.847832,39.470827],[110.862346,39.492406],[110.875149,39.495918],[110.888526,39.509658],[110.902511,39.512128],[110.91225,39.510388],[110.932181,39.518157],[110.945505,39.520913],[110.953101,39.518548],[110.960376,39.522007],[110.96745,39.52879],[110.983961,39.536035],[110.990383,39.546751],[111.001347,39.551551],[111.010896,39.550983],[111.018995,39.556824],[111.020696,39.563231],[111.028075,39.559963],[111.028309,39.562463],[111.020201,39.56623],[111.022441,39.568686],[111.034515,39.566503],[111.034637,39.555479],[111.037259,39.553444],[111.056269,39.557358],[111.065279,39.554702],[111.08588,39.556565],[111.10877,39.564034],[111.11298,39.57636],[111.12769,39.585138],[111.132594,39.585134],[111.136973,39.575601],[111.148874,39.568414],[111.149976,39.562758],[111.144421,39.554933],[111.148197,39.551669],[111.145046,39.545029],[111.142867,39.541326],[111.138292,39.541122],[111.140341,39.537138],[111.142399,39.53814],[111.142138,39.530962],[111.138284,39.530605],[111.135437,39.525067],[111.138075,39.521917],[111.131036,39.521886],[111.112589,39.509985],[111.113761,39.500558],[111.105315,39.500528],[111.099048,39.496222],[111.093415,39.482051],[111.102511,39.476991],[111.102286,39.47298],[111.088848,39.472528],[111.081461,39.467207],[111.080281,39.455463],[111.064438,39.452958],[111.051863,39.446511],[111.052131,39.43905],[111.047368,39.428788],[111.054916,39.424538],[111.058953,39.414317],[111.054613,39.409708],[111.054674,39.403861],[111.057885,39.399795],[111.065151,39.400255],[111.067251,39.405589],[111.078597,39.411856],[111.091192,39.40338],[111.080012,39.378979],[111.085246,39.368645],[111.098155,39.356691],[111.114691,39.358818],[111.117762,39.366074],[111.145863,39.368334],[111.152225,39.361264],[111.147513,39.340644],[111.151637,39.335577],[111.158706,39.334871],[111.164191,39.34361],[111.177118,39.349837],[111.181918,39.349835],[111.188517,39.343944],[111.187692,39.339466],[111.172809,39.327732],[111.181444,39.313275],[111.207311,39.300288],[111.241448,39.299734],[111.234529,39.291334],[111.220674,39.283416],[111.211152,39.268428],[111.206957,39.253582],[111.212519,39.244721],[111.210823,39.236426],[111.197522,39.223708],[111.198861,39.218705],[111.189513,39.208833],[111.181125,39.189087],[111.168195,39.173711],[111.15714,39.153051],[111.156754,39.149078],[111.165341,39.14174],[111.167604,39.134198],[111.155962,39.107475],[111.138995,39.097201],[111.139231,39.078867],[111.131784,39.063314],[111.082418,39.026125],[111.031877,39.019244],[111.021791,39.01528],[110.992228,38.997752],[110.97597,38.977465],[110.974553,38.969334],[110.990539,38.957619],[111.005118,38.927228],[111.005059,38.907923],[111.009688,38.883727],[111.006104,38.877584],[110.988782,38.865552],[111.002979,38.84711],[111.003899,38.840902],[110.99035,38.824464],[110.973067,38.787138],[110.950334,38.776206],[110.950517,38.76884],[110.958394,38.760071],[110.959034,38.755165],[110.931775,38.718307],[110.915203,38.709411],[110.907081,38.700334],[110.904628,38.689028],[110.909641,38.670894],[110.890602,38.6574],[110.874975,38.626521],[110.875509,38.614788],[110.888201,38.599961],[110.890814,38.587855],[110.914814,38.580069],[110.912574,38.571748],[110.902974,38.560441],[110.9058,38.540975],[110.901854,38.520709],[110.891145,38.514625],[110.874579,38.516077],[110.864361,38.508496],[110.868954,38.492991],[110.866868,38.474843],[110.872094,38.459163],[110.865161,38.45127],[110.839455,38.43943],[110.807936,38.451964],[110.790943,38.452956],[110.77522,38.444933],[110.76271,38.411004],[110.749293,38.393139],[110.746482,38.372973],[110.740882,38.365587],[110.70075,38.356197],[110.678789,38.335774],[110.662922,38.31324],[110.655456,38.308307],[110.633256,38.304373],[110.595789,38.307839],[110.578605,38.303356],[110.568439,38.288856],[110.561726,38.217164],[110.556694,38.212016],[110.547023,38.209109],[110.518311,38.210031],[110.507689,38.199108],[110.502185,38.184369],[110.502917,38.1533],[110.515557,38.123927],[110.494674,38.092222],[110.503123,38.061372],[110.495449,38.033585],[110.499041,38.017043],[110.502459,38.012297],[110.514989,38.006602],[110.522773,37.992743],[110.512521,37.975846],[110.513091,37.959899],[110.523059,37.949743],[110.542081,37.939818],[110.568904,37.933455],[110.588557,37.921457],[110.595771,37.911964],[110.594863,37.908065],[110.601778,37.895785],[110.624577,37.868591],[110.630056,37.855416],[110.645025,37.839527],[110.653757,37.820922],[110.65518,37.807538],[110.659819,37.801075],[110.674735,37.789502],[110.71935,37.774123],[110.749863,37.754413],[110.752855,37.743652],[110.744883,37.73549],[110.7109,37.728085],[110.701408,37.723339],[110.697693,37.711436],[110.706754,37.700075],[110.727034,37.691059],[110.769562,37.680242],[110.790336,37.662434],[110.791869,37.657745],[110.787503,37.650151],[110.779149,37.645405],[110.762632,37.644836],[110.757126,37.633635],[110.76548,37.617877],[110.766441,37.592033],[110.789875,37.561587],[110.779433,37.546589],[110.76453,37.536053],[110.765479,37.519536],[110.753708,37.502829],[110.753519,37.473972],[110.74241,37.451852],[110.64796,37.439417],[110.638847,37.434481],[110.636948,37.429544],[110.633911,37.413407],[110.624797,37.391955],[110.625176,37.372589],[110.635998,37.35968],[110.676201,37.352917],[110.694063,37.345717],[110.693236,37.331677],[110.671784,37.3144],[110.673681,37.306996],[110.684028,37.294751],[110.684408,37.286587],[110.674915,37.280512],[110.65637,37.28157],[110.652513,37.278803],[110.64468,37.253961],[110.633528,37.2452],[110.625947,37.230907],[110.609132,37.216058],[110.571352,37.172772],[110.531195,37.140308],[110.528546,37.131062],[110.530059,37.114773],[110.524363,37.106419],[110.493038,37.089333],[110.454786,37.044246],[110.424411,37.041399],[110.411529,37.03412],[110.411708,37.026931],[110.418336,37.023363],[110.44127,37.02006],[110.444611,37.015959],[110.44218,37.008821],[110.426689,37.005935],[110.407097,37.018693],[110.390846,37.022187],[110.377481,37.021275],[110.371102,37.014592],[110.376266,37.001986],[110.399806,36.990899],[110.406945,36.983457],[110.420007,36.956727],[110.409906,36.933717],[110.402995,36.891873],[110.392972,36.884583],[110.373531,36.88352],[110.368975,36.879268],[110.369734,36.875167],[110.377176,36.870003],[110.40178,36.867876],[110.41393,36.862105],[110.41879,36.855119],[110.413786,36.834574],[110.400785,36.827212],[110.403243,36.823185],[110.41719,36.818776],[110.413836,36.797923],[110.400356,36.774123],[110.395322,36.772136],[110.378406,36.77491],[110.377163,36.769859],[110.382794,36.76456],[110.414423,36.760419],[110.424939,36.752057],[110.42555,36.743642],[110.410956,36.731531],[110.410024,36.723251],[110.420167,36.72201],[110.434243,36.736811],[110.441282,36.737431],[110.446767,36.73236],[110.446146,36.726253],[110.429379,36.707313],[110.432432,36.685629],[110.430052,36.681179],[110.417838,36.680661],[110.405833,36.694634],[110.397242,36.696911],[110.387513,36.69215],[110.38596,36.680972],[110.393101,36.673002],[110.416648,36.661461],[110.448073,36.613372],[110.465872,36.595555],[110.489176,36.583753],[110.492739,36.577916],[110.483406,36.553568],[110.495747,36.536069],[110.497882,36.488134],[110.490236,36.472949],[110.472236,36.460282],[110.467577,36.453116],[110.468336,36.445792],[110.484183,36.42998],[110.486383,36.42026],[110.48145,36.393819],[110.463661,36.369884],[110.463921,36.352142],[110.454038,36.335356],[110.454361,36.327756],[110.468427,36.308704],[110.461674,36.293714],[110.469893,36.281622],[110.471422,36.257649],[110.468349,36.248108],[110.447252,36.219246],[110.454207,36.199678],[110.441431,36.164262],[110.444834,36.132209],[110.452949,36.107605],[110.464848,36.094605],[110.462382,36.074636],[110.47377,36.060343],[110.486691,36.034741],[110.487881,36.023097],[110.494194,36.008193],[110.487674,35.992357],[110.493367,35.983457],[110.511316,35.972107],[110.50961,35.958276],[110.498867,35.95182],[110.497249,35.947594],[110.500775,35.936288],[110.511273,35.921874],[110.507547,35.908626],[110.510083,35.897396],[110.505425,35.881457],[110.521158,35.875558],[110.537097,35.879491],[110.545894,35.875661],[110.545429,35.838349],[110.558897,35.826226],[110.558707,35.818642],[110.565974,35.801038],[110.558678,35.785254],[110.569959,35.767038],[110.574462,35.715546],[110.57234,35.701833],[110.577412,35.691689],[110.587037,35.682685],[110.587097,35.663697],[110.598718,35.659253],[110.604065,35.632571],[110.583818,35.602559],[110.575677,35.563565],[110.562222,35.539933],[110.550575,35.533385],[110.54022,35.520764],[110.526339,35.511848],[110.507686,35.483502],[110.480437,35.423172],[110.472111,35.414142],[110.444462,35.328062],[110.415528,35.302965],[110.406791,35.291614],[110.398399,35.286799],[110.388002,35.270651],[110.369291,35.252305],[110.37281,35.211271],[110.358829,35.198449],[110.359226,35.140747],[110.368182,35.134712],[110.340989,35.084923],[110.327711,35.045737],[110.315195,35.039169],[110.315487,35.005876],[110.296182,34.989395],[110.294228,34.979834],[110.281739,34.967877],[110.26937,34.948123],[110.256894,34.945202],[110.250667,34.933212],[110.249069,34.920055],[110.225684,34.881644],[110.233561,34.853005],[110.228429,34.838365],[110.235106,34.801346],[110.24161,34.789887],[110.237916,34.726886],[110.224324,34.693752],[110.231352,34.671548],[110.263809,34.630646],[110.283047,34.615563],[110.300874,34.60965],[110.345371,34.607699],[110.373696,34.601566],[110.361719,34.567864],[110.382111,34.562881],[110.39876,34.567011],[110.399359,34.559722],[110.367264,34.545405],[110.366286,34.540045],[110.359273,34.533609],[110.356468,34.525708],[110.361374,34.519663],[110.358126,34.511281],[110.362104,34.496097],[110.372663,34.48764],[110.374273,34.479652],[110.387755,34.466306],[110.389585,34.455306],[110.396845,34.447016],[110.395847,34.438037],[110.404186,34.430014],[110.404004,34.422748],[110.425498,34.410613],[110.44963,34.403208],[110.461991,34.410981],[110.470532,34.410382],[110.46864,34.392967],[110.481922,34.35922],[110.497374,34.346553],[110.494725,34.322319],[110.481922,34.321204],[110.469231,34.324787],[110.461775,34.308661],[110.448901,34.295796],[110.42306,34.289188],[110.421003,34.27732],[110.428519,34.272473],[110.436983,34.257024],[110.432574,34.246832],[110.440152,34.242602],[110.484388,34.233702],[110.50477,34.218045],[110.516871,34.221334],[110.544484,34.215666],[110.55201,34.194959],[110.583963,34.191876],[110.582609,34.180302],[110.616628,34.179039],[110.620213,34.174163],[110.631316,34.169579],[110.636775,34.162472],[110.633954,34.152486],[110.619093,34.13959],[110.623382,34.133599],[110.613043,34.125667],[110.608877,34.115359],[110.586664,34.103314],[110.590049,34.066403],[110.583102,34.063051],[110.584933,34.056605],[110.580753,34.054094],[110.584914,34.052552],[110.58406,34.046557],[110.57689,34.044465],[110.584641,34.040251],[110.581378,34.026256],[110.583496,34.024728],[110.606968,34.025917],[110.610579,34.027973],[110.610415,34.035869],[110.619027,34.035488],[110.626634,34.026425],[110.622597,34.021201],[110.629583,34.017736],[110.633051,34.007715],[110.64439,33.993915],[110.64465,33.973192],[110.666742,33.96745],[110.667646,33.957096],[110.671647,33.95084],[110.664303,33.940853],[110.645329,33.938357],[110.634634,33.934068],[110.628228,33.927489],[110.620884,33.926269],[110.618393,33.92063],[110.622742,33.915094],[110.622473,33.91007],[110.605442,33.909469],[110.586405,33.901845],[110.58276,33.887498],[110.591753,33.880741],[110.59486,33.87312],[110.607438,33.870167],[110.608064,33.852412],[110.623046,33.847249],[110.630806,33.849393],[110.639617,33.846633],[110.66197,33.854254],[110.679652,33.840376],[110.706171,33.835925],[110.71848,33.818316],[110.720598,33.809269],[110.735928,33.800339],[110.748263,33.801017],[110.760125,33.796546],[110.768589,33.799131],[110.776757,33.797605],[110.778753,33.783947],[110.785273,33.778322],[110.793701,33.777087],[110.80213,33.758846],[110.811826,33.752737],[110.812314,33.735784],[110.826767,33.715516],[110.817574,33.691091],[110.8278,33.679459],[110.832617,33.668547],[110.852383,33.659516],[110.873502,33.636384],[110.890829,33.635709],[110.901115,33.629686],[110.93542,33.621785],[110.94746,33.610094],[110.961088,33.610886],[110.998068,33.580265],[111.0043,33.562112],[110.998041,33.549688],[110.997217,33.537175],[111.014959,33.519462],[111.020949,33.501332],[111.021608,33.471109],[111.015184,33.452452],[110.99113,33.437639],[111.005758,33.40901],[111.005393,33.400529],[111.01173,33.386659],[111.031213,33.37022],[111.017736,33.350789],[111.023777,33.338059],[111.02034,33.332047],[111.00704,33.329674],[111.001772,33.325444],[110.998275,33.318506],[111.002328,33.305422],[110.992904,33.303171],[110.990882,33.287809],[110.984816,33.281282],[110.985114,33.276645],[110.977508,33.272695],[110.991111,33.255896],[110.988692,33.252662],[110.981375,33.257232],[110.969678,33.258703],[110.955614,33.254613],[110.950868,33.243224],[110.937704,33.236839],[110.940614,33.230578],[110.93615,33.223888],[110.916321,33.205983],[110.908072,33.208152],[110.897718,33.206363],[110.876503,33.214024],[110.860044,33.216034],[110.851735,33.207788],[110.825215,33.204462],[110.815655,33.193482],[110.812,33.179151],[110.819493,33.161842],[110.814739,33.154667],[110.808743,33.154587],[110.803913,33.163595],[110.789723,33.151783],[110.760511,33.154277],[110.740156,33.148875],[110.722473,33.135725],[110.716682,33.127601],[110.712542,33.118822],[110.714625,33.10145],[110.705718,33.097619],[110.69722,33.09907],[110.66611,33.129873],[110.652309,33.156188],[110.645946,33.159502],[110.618723,33.14593],[110.596049,33.156492],[110.589105,33.170561],[110.591449,33.185039],[110.588871,33.209045],[110.579905,33.227428],[110.576685,33.24546],[110.572647,33.252483],[110.558872,33.256798],[110.535877,33.257491],[110.528577,33.254596],[110.52355,33.248544],[110.522639,33.232257],[110.503815,33.223307],[110.487496,33.203836],[110.480223,33.201077],[110.481826,33.199038],[110.47645,33.200763],[110.476453,33.192317],[110.472633,33.192502],[110.463102,33.182757],[110.46722,33.180975],[110.465749,33.17316],[110.445351,33.181244],[110.416927,33.171903],[110.392954,33.17878],[110.392062,33.176168],[110.390806,33.178572],[110.384246,33.177062],[110.384848,33.179246],[110.368625,33.177851],[110.366017,33.181644],[110.370302,33.181168],[110.372203,33.185532],[110.368017,33.184306],[110.366123,33.188235],[110.364756,33.184034],[110.356319,33.183366],[110.348597,33.174582],[110.331696,33.171835],[110.335634,33.168755],[110.329503,33.16546],[110.332512,33.16194],[110.328696,33.16153],[110.287245,33.172864],[110.259201,33.168331],[110.24519,33.162068],[110.218141,33.162608],[110.199253,33.180744],[110.188649,33.187],[110.178811,33.186094],[110.177491,33.190265],[110.179848,33.191501],[110.169254,33.204807],[110.159757,33.211009],[110.13744,33.208203],[110.125313,33.203342],[110.097622,33.20591],[110.072275,33.203709],[110.047127,33.195555],[110.025877,33.193676],[110.012779,33.201378],[110.007005,33.210408],[110.001164,33.213475],[109.994019,33.214443],[109.978125,33.207417],[109.963126,33.206821],[109.929237,33.222255],[109.924142,33.227403],[109.847067,33.249758],[109.79369,33.236244],[109.757823,33.237608],[109.727371,33.233143],[109.712797,33.235277],[109.696373,33.243089],[109.687952,33.256158],[109.67093,33.25776],[109.654255,33.25044],[109.647684,33.250722],[109.644837,33.253626],[109.64284,33.270067],[109.63133,33.277547],[109.615201,33.277337],[109.604316,33.268788],[109.601122,33.25954],[109.601963,33.238023],[109.595808,33.234415],[109.582787,33.231768],[109.552293,33.24238],[109.532484,33.245497],[109.509203,33.239567],[109.502111,33.232267],[109.500731,33.21871],[109.493187,33.2091],[109.476806,33.201989],[109.459585,33.174689],[109.433673,33.153779],[109.463369,33.142029],[109.517231,33.140576],[109.540313,33.130221],[109.555442,33.127667],[109.571328,33.112295],[109.587353,33.121673],[109.597074,33.110256],[109.609071,33.110583],[109.628359,33.120047],[109.661249,33.116814],[109.683037,33.118545],[109.689427,33.115509],[109.699148,33.103851],[109.756475,33.081763],[109.762949,33.076433],[109.786317,33.071772],[109.790831,33.060207],[109.785562,33.040133],[109.780303,32.989452],[109.770144,32.962289],[109.768043,32.937946],[109.759242,32.911325],[109.767875,32.905599],[109.784816,32.884586],[109.793861,32.879519],[109.803342,32.881042],[109.82252,32.892885],[109.842816,32.895442],[109.852167,32.91243],[109.858445,32.915601],[109.866994,32.913053],[109.878906,32.903951],[109.890469,32.906127],[109.908404,32.904385],[109.926403,32.88754],[109.986021,32.887943],[109.999263,32.875324],[110.02528,32.874112],[110.031373,32.86317],[110.046045,32.853845],[110.071254,32.847721],[110.099696,32.834417],[110.110885,32.824408],[110.117911,32.810856],[110.135621,32.810715],[110.136914,32.804757],[110.12569,32.790063],[110.122227,32.779674],[110.124605,32.773543],[110.134327,32.766896],[110.15161,32.770733],[110.15589,32.764644],[110.159371,32.732653],[110.14925,32.692101],[110.151914,32.68529],[110.173738,32.665401],[110.182696,32.648427],[110.201307,32.635106],[110.195604,32.6265],[110.179815,32.619496],[110.159936,32.595905],[110.148564,32.595185],[110.128147,32.614182],[110.118764,32.618774],[110.097244,32.621022],[110.084831,32.619125],[110.080065,32.615122],[110.079536,32.60663],[110.084553,32.59438],[110.078963,32.582791],[110.046342,32.560712],[110.023069,32.550534],[110.012549,32.54913],[109.990708,32.552952],[109.966194,32.579845],[109.956055,32.582574],[109.939891,32.579197],[109.919944,32.591072],[109.905698,32.595066],[109.87641,32.594328],[109.844553,32.58206],[109.812078,32.579623],[109.753106,32.592015],[109.721662,32.610472],[109.710776,32.611327],[109.692512,32.606029],[109.626966,32.602421],[109.614474,32.59543],[109.611133,32.583428],[109.615187,32.569789],[109.628519,32.554348],[109.631931,32.543445],[109.624969,32.53386],[109.613294,32.527122],[109.582713,32.518489],[109.573442,32.512734],[109.570881,32.508767],[109.571185,32.494113],[109.56076,32.483513],[109.547904,32.479485],[109.543329,32.471341],[109.542548,32.457111],[109.536723,32.446635],[109.521975,32.435685],[109.524692,32.408036],[109.521394,32.402213],[109.506532,32.401332],[109.49773,32.391002],[109.496515,32.374017],[109.505986,32.353665],[109.507818,32.334702],[109.490421,32.302588],[109.497331,32.29179],[109.523789,32.27261],[109.543842,32.236752],[109.545569,32.227176],[109.55727,32.224987],[109.569067,32.227608],[109.587939,32.221723],[109.599006,32.208053],[109.599518,32.201653],[109.585621,32.176526],[109.582331,32.163839],[109.584137,32.152203],[109.593529,32.132534],[109.604631,32.124366],[109.617531,32.105024],[109.610292,32.082604],[109.586185,32.05009],[109.582799,32.027633],[109.586184,32.015019],[109.59661,32.000003],[109.608276,31.992104],[109.620881,31.975355],[109.626488,31.964574],[109.626714,31.953346],[109.623155,31.940062],[109.615854,31.930915],[109.589708,31.925695],[109.580204,31.902797],[109.582868,31.894771],[109.602756,31.883966],[109.633424,31.81333],[109.629083,31.806921],[109.614839,31.809012],[109.599769,31.806064],[109.58707,31.791192],[109.585142,31.779966],[109.589579,31.765969],[109.587964,31.754851],[109.60121,31.746049],[109.588805,31.739852],[109.580976,31.728981],[109.57463,31.731134],[109.563163,31.728404],[109.548614,31.732892],[109.498623,31.718633],[109.486019,31.723052],[109.472113,31.722232],[109.467668,31.716674],[109.454639,31.717179],[109.44904,31.724733],[109.420767,31.720706],[109.415133,31.722572],[109.408363,31.710628],[109.384404,31.707049],[109.297122,31.712742],[109.276731,31.718992],[109.274448,31.727355],[109.277764,31.745424],[109.265914,31.751426],[109.268084,31.753336],[109.266461,31.758725],[109.250463,31.761001],[109.248007,31.766905],[109.256262,31.770181],[109.258206,31.775374],[109.27641,31.779701],[109.270098,31.791285],[109.270837,31.801737],[109.250472,31.805164],[109.235047,31.813412],[109.22752,31.811546],[109.208745,31.819596],[109.189187,31.820556],[109.186531,31.828464],[109.194474,31.846412],[109.186791,31.85068],[109.186044,31.857739],[109.162095,31.877392],[109.132859,31.89132],[109.118267,31.89495],[109.080545,31.931385],[109.053905,31.944044],[109.034219,31.962929],[109.030815,31.960131],[109.026128,31.961477],[109.007986,31.972244],[108.994844,31.974689],[108.982127,31.982183],[108.973637,31.980395],[108.962378,31.985126],[108.949593,31.981534],[108.932674,31.991253],[108.898924,31.987114],[108.883196,31.993772],[108.879368,32.000135],[108.864732,32.005103],[108.846555,32.029933],[108.833396,32.041117],[108.806061,32.049411],[108.784161,32.050512],[108.771704,32.057311],[108.763423,32.067722],[108.747494,32.075718],[108.746142,32.098289],[108.73379,32.107378],[108.667437,32.106841],[108.662515,32.114224],[108.650154,32.119239],[108.649112,32.125324],[108.64261,32.13101],[108.628643,32.136855],[108.624503,32.142625],[108.602316,32.157369],[108.588653,32.16164],[108.581448,32.173694],[108.538333,32.180884],[108.506137,32.20247],[108.501614,32.210477],[108.510008,32.221945],[108.502639,32.247897],[108.49829,32.250063],[108.488967,32.248101],[108.479879,32.2529],[108.47875,32.26327],[108.467161,32.272772],[108.460191,32.265927],[108.446112,32.261378],[108.429037,32.264936],[108.417153,32.262709],[108.410304,32.254539],[108.387405,32.2657],[108.377674,32.258639],[108.366052,32.255722],[108.344637,32.25656],[108.32725,32.235501],[108.307493,32.234371],[108.296712,32.239382],[108.283336,32.251591],[108.260663,32.259232],[108.246838,32.275211],[108.237429,32.277124],[108.226222,32.269783],[108.225215,32.26464],[108.216483,32.260482],[108.208601,32.260895],[108.208192,32.24951],[108.18946,32.23691],[108.189435,32.228609],[108.180892,32.223307],[108.174703,32.22416],[108.168609,32.233933],[108.151986,32.241111],[108.144434,32.233677],[108.138714,32.221818],[108.129669,32.220232],[108.119634,32.219851],[108.113497,32.22522],[108.100589,32.227162],[108.085997,32.235622],[108.074582,32.232272],[108.067004,32.235528],[108.056032,32.222568],[108.046892,32.22453],[108.044478,32.219224],[108.03861,32.217375],[108.026674,32.222898],[108.014001,32.214003],[108.02065,32.205092],[108.012794,32.194389],[108.01552,32.190079],[108.013463,32.18632],[108.018558,32.184226],[108.019721,32.179465],[108.003254,32.167221],[107.993254,32.150852],[107.974895,32.148336],[107.95855,32.162517],[107.949826,32.166262],[107.948429,32.17131],[107.920355,32.199422],[107.909201,32.200924],[107.900824,32.210426],[107.89579,32.210358],[107.886128,32.216814],[107.875504,32.204758],[107.860382,32.203426],[107.850972,32.2146],[107.840573,32.217693],[107.841137,32.224003],[107.827657,32.228153],[107.806849,32.251486],[107.800104,32.268317],[107.784097,32.282134],[107.769488,32.310427],[107.757447,32.321946],[107.750486,32.340207],[107.723038,32.332018],[107.712126,32.331113],[107.702292,32.335362],[107.701293,32.342003],[107.695413,32.347396],[107.690196,32.359345],[107.690691,32.377026],[107.679317,32.388996],[107.674902,32.400634],[107.661119,32.402512],[107.644204,32.416094],[107.631892,32.408413],[107.61026,32.408287],[107.593791,32.414032],[107.579092,32.406596],[107.569152,32.40627],[107.566988,32.397987],[107.548802,32.395754],[107.520677,32.384745],[107.507769,32.388615],[107.500868,32.394681],[107.485051,32.427482],[107.474538,32.427983],[107.469645,32.421343],[107.46184,32.419812],[107.457235,32.42248],[107.45716,32.419147],[107.452218,32.419886],[107.450136,32.424154],[107.452244,32.426588],[107.444738,32.42855],[107.445893,32.434292],[107.457217,32.443472],[107.455914,32.455572],[107.453368,32.460529],[107.445359,32.463809],[107.445066,32.467251],[107.438529,32.467668],[107.439854,32.463745],[107.434172,32.467604],[107.434104,32.478761],[107.428121,32.480522],[107.428853,32.493091],[107.424219,32.504134],[107.432064,32.517637],[107.431691,32.529611],[107.424217,32.534964],[107.395358,32.542035],[107.373101,32.540987],[107.35212,32.508513],[107.309255,32.492386],[107.29745,32.484528],[107.294647,32.465547],[107.281479,32.456788],[107.279187,32.436423],[107.265585,32.418734],[107.265941,32.409332],[107.259379,32.405528],[107.216409,32.423976],[107.205489,32.4342],[107.195358,32.457711],[107.185028,32.470221],[107.165948,32.479401],[107.161192,32.480108],[107.15783,32.476758],[107.122423,32.484531],[107.099975,32.518725],[107.078828,32.534339],[107.075477,32.544463],[107.090954,32.561462],[107.103055,32.602796],[107.092915,32.62905],[107.094382,32.651491],[107.088079,32.663941],[107.083018,32.66996],[107.063782,32.672024],[107.056855,32.679669],[107.055093,32.688172],[107.062184,32.710873],[107.058156,32.71309],[107.027844,32.713154],[107.02241,32.720407],[107.008139,32.723697],[106.991394,32.720793],[106.981993,32.71339],[106.960569,32.719365],[106.944927,32.718829],[106.936203,32.710671],[106.910959,32.705769],[106.900152,32.716815],[106.898269,32.724467],[106.892157,32.726079],[106.882218,32.722118],[106.868459,32.727958],[106.844293,32.72477],[106.837106,32.71584],[106.827304,32.713692],[106.820725,32.707582],[106.807964,32.713993],[106.789032,32.714833],[106.781633,32.698984],[106.777566,32.703146],[106.77648,32.711643],[106.775473,32.728798],[106.779162,32.738164],[106.743241,32.738263],[106.729075,32.741553],[106.722565,32.733363],[106.711219,32.730375],[106.69148,32.715638],[106.680403,32.711543],[106.659457,32.693047],[106.640186,32.690831],[106.624794,32.683607],[106.581764,32.6903],[106.56963,32.680115],[106.513891,32.670632],[106.497962,32.662867],[106.494031,32.651548],[106.462867,32.653451],[106.447858,32.662516],[106.446044,32.641484],[106.417173,32.618775],[106.404222,32.621476],[106.399117,32.619228],[106.384846,32.628744],[106.383031,32.637373],[106.378405,32.639521],[106.379073,32.648586],[106.34638,32.674262],[106.320332,32.675239],[106.29804,32.682086],[106.2885,32.675441],[106.270548,32.672869],[106.261755,32.677903],[106.258769,32.68705],[106.251251,32.695846],[106.215296,32.695644],[106.207007,32.700579],[106.201902,32.69709],[106.170279,32.699724],[106.167727,32.711204],[106.149602,32.707846],[106.141277,32.72245],[106.10764,32.72386],[106.104957,32.733997],[106.089784,32.740243],[106.084446,32.748298],[106.079177,32.749036],[106.067692,32.759593]],[[106.072613,32.765751],[106.07253,32.759769],[106.086175,32.764973],[106.084101,32.774931],[106.072613,32.765751]],[[111.014339,33.470605],[111.017239,33.476658],[111.014796,33.4798],[111.012659,33.478645],[111.014339,33.470605]]]}},{"type":"Feature","properties":{"id":"cn:6101","name":"西安市","level":1},"geometry":{"type":"MultiPolygon","coordinates":[[[[107.659135,33.769292],[107.669161,33.7767],[107.673622,33.78683],[107.680757,33.791987],[107.68127,33.798682],[107.674785,33.809949],[107.684837,33.811847],[107.69271,33.819571],[107.694394,33.83188],[107.700193,33.835341],[107.700088,33.843522],[107.703881,33.84929],[107.699663,33.858922],[107.70527,33.873023],[107.712873,33.91197],[107.70901,33.92894],[107.723419,33.932625],[107.741258,33.944274],[107.76595,33.954649],[107.762751,33.957455],[107.778669,33.981181],[107.78419,33.985393],[107.795216,33.986539],[107.8056,33.99663],[107.822549,33.991724],[107.825813,33.986214],[107.841967,33.976815],[107.853721,33.979274],[107.87306,33.995592],[107.897261,34.001685],[107.903702,34.000994],[107.911123,33.987834],[107.915307,33.986206],[107.9372,33.984706],[107.945324,33.987061],[107.943275,33.998914],[107.937122,34.009413],[107.938683,34.020385],[107.935629,34.028749],[107.938519,34.044014],[107.950151,34.047243],[107.952433,34.052052],[107.965688,34.060284],[107.96798,34.063716],[107.966981,34.076662],[107.971885,34.076641],[107.995878,34.101981],[107.992779,34.114464],[107.996607,34.119754],[107.996867,34.141154],[107.993265,34.148515],[107.99757,34.149126],[107.998343,34.15723],[108.006676,34.162493],[108.012336,34.176704],[108.019922,34.181896],[108.018768,34.192924],[108.025225,34.21],[108.030277,34.212771],[108.02315,34.229554],[108.081864,34.232291],[108.109688,34.22823],[108.12427,34.220098],[108.1324,34.219154],[108.151724,34.226408],[108.182577,34.227014],[108.199446,34.222148],[108.233001,34.201089],[108.260239,34.20093],[108.288508,34.2114],[108.332523,34.196351],[108.355134,34.200565],[108.369676,34.208997],[108.377817,34.21008],[108.411545,34.207217],[108.42293,34.201245],[108.449692,34.210674],[108.46677,34.207617],[108.490472,34.21883],[108.49557,34.224862],[108.539373,34.235798],[108.562066,34.231876],[108.568433,34.237986],[108.588951,34.240944],[108.605609,34.25056],[108.615,34.259886],[108.621199,34.26091],[108.621925,34.257758],[108.645614,34.267421],[108.651873,34.26526],[108.663861,34.246408],[108.677466,34.23848],[108.686535,34.23689],[108.684499,34.24517],[108.687168,34.254647],[108.697437,34.255874],[108.694652,34.269856],[108.691935,34.2699],[108.694668,34.274444],[108.720588,34.277456],[108.727376,34.285466],[108.732455,34.285249],[108.74374,34.277534],[108.749035,34.285907],[108.74229,34.294876],[108.745562,34.297614],[108.791153,34.296447],[108.790617,34.30582],[108.785861,34.307345],[108.785732,34.310963],[108.790388,34.31071],[108.791031,34.314868],[108.78959,34.335596],[108.794762,34.339638],[108.791916,34.343371],[108.79781,34.345431],[108.795405,34.350833],[108.798547,34.360972],[108.806936,34.368338],[108.828286,34.368906],[108.855238,34.390191],[108.8883,34.392375],[108.905536,34.406785],[108.92521,34.40594],[108.956151,34.425564],[108.952157,34.448203],[108.960421,34.450706],[108.966263,34.445018],[108.970618,34.446081],[108.968109,34.453645],[108.969957,34.457771],[108.966393,34.463616],[108.971575,34.473262],[108.968962,34.49472],[108.971063,34.499865],[108.965932,34.506165],[108.970498,34.526296],[108.969291,34.542726],[108.958796,34.547281],[108.951009,34.563048],[108.951713,34.568764],[108.976391,34.572035],[108.980427,34.577721],[108.995294,34.578187],[109.006935,34.587386],[109.041153,34.593786],[109.065528,34.59458],[109.074356,34.589725],[109.086832,34.590357],[109.103698,34.578779],[109.126017,34.581405],[109.133664,34.589868],[109.130305,34.625198],[109.133491,34.639713],[109.140058,34.645174],[109.150879,34.645735],[109.150964,34.656214],[109.165471,34.67187],[109.1639,34.68542],[109.17542,34.699624],[109.198346,34.698326],[109.199833,34.702421],[109.199319,34.699068],[109.202058,34.701625],[109.203995,34.696536],[109.208852,34.694653],[109.218301,34.69187],[109.226139,34.693515],[109.236686,34.688337],[109.247884,34.700043],[109.259543,34.694531],[109.27186,34.699203],[109.276435,34.697853],[109.280784,34.689071],[109.294864,34.688984],[109.300957,34.694431],[109.320393,34.695727],[109.340732,34.702973],[109.343883,34.710614],[109.353328,34.717928],[109.35476,34.733655],[109.35976,34.740255],[109.395576,34.740105],[109.405446,34.74401],[109.411522,34.738043],[109.415515,34.724104],[109.425273,34.715959],[109.415802,34.707795],[109.418501,34.695435],[109.425646,34.687839],[109.41811,34.681819],[109.419291,34.66566],[109.428789,34.622307],[109.427644,34.613852],[109.44444,34.554775],[109.423736,34.550504],[109.412687,34.537815],[109.396976,34.5343],[109.389232,34.53608],[109.385986,34.530261],[109.389493,34.511502],[109.400951,34.508084],[109.405847,34.502387],[109.395101,34.501209],[109.387962,34.495409],[109.383825,34.478638],[109.388191,34.467618],[109.402558,34.465674],[109.407905,34.461859],[109.409667,34.452859],[109.418964,34.443856],[109.414754,34.438511],[109.419346,34.434982],[109.418383,34.424695],[109.437281,34.415329],[109.441821,34.407628],[109.440466,34.3986],[109.456573,34.395429],[109.458611,34.39191],[109.455303,34.391001],[109.45608,34.385983],[109.460007,34.384818],[109.454941,34.376661],[109.455984,34.367122],[109.450241,34.357607],[109.453662,34.352094],[109.449157,34.345238],[109.448276,34.333711],[109.445141,34.331447],[109.446034,34.321411],[109.453081,34.31195],[109.450623,34.299624],[109.466288,34.295336],[109.470059,34.299481],[109.468982,34.296175],[109.471334,34.29779],[109.472765,34.292184],[109.479821,34.290676],[109.480134,34.285473],[109.490414,34.272852],[109.511446,34.26472],[109.519772,34.256707],[109.529494,34.260941],[109.546343,34.259502],[109.554841,34.265418],[109.563765,34.262651],[109.57083,34.264105],[109.629164,34.23985],[109.640493,34.24684],[109.649798,34.248556],[109.663522,34.24016],[109.686056,34.244474],[109.716456,34.237226],[109.7259,34.237786],[109.735909,34.217454],[109.755528,34.212399],[109.754807,34.207471],[109.740249,34.188976],[109.752481,34.185256],[109.762046,34.187307],[109.772888,34.184839],[109.79413,34.162376],[109.806335,34.167993],[109.817324,34.156465],[109.810815,34.149573],[109.799269,34.154965],[109.785128,34.146146],[109.783913,34.154093],[109.790207,34.161333],[109.77689,34.162361],[109.754079,34.131699],[109.737395,34.12429],[109.735355,34.100246],[109.73276,34.098175],[109.723384,34.09813],[109.710919,34.10739],[109.700607,34.105571],[109.693506,34.115667],[109.688106,34.109684],[109.667508,34.101511],[109.653827,34.107105],[109.647673,34.092759],[109.631883,34.087464],[109.629348,34.077258],[109.579271,34.073769],[109.57112,34.067417],[109.561831,34.066058],[109.559548,34.057449],[109.548559,34.050222],[109.548403,34.044391],[109.556198,34.035448],[109.540712,34.027348],[109.540825,34.015844],[109.535383,34.000627],[109.531216,33.997495],[109.53474,33.991668],[109.528282,33.982611],[109.55804,33.962394],[109.577796,33.955328],[109.587744,33.946686],[109.596225,33.945538],[109.598794,33.938659],[109.592389,33.930304],[109.593665,33.913151],[109.588057,33.898506],[109.571165,33.899402],[109.558361,33.89381],[109.545757,33.880487],[109.535141,33.877128],[109.530853,33.862475],[109.508796,33.857855],[109.503431,33.849541],[109.466757,33.853547],[109.459438,33.850459],[109.457885,33.846293],[109.450055,33.846525],[109.442086,33.840234],[109.435706,33.845262],[109.393788,33.846807],[109.388319,33.854466],[109.373206,33.854181],[109.350723,33.869016],[109.333918,33.863641],[109.325897,33.864839],[109.311809,33.856121],[109.294743,33.85802],[109.282329,33.873055],[109.246852,33.882171],[109.24009,33.878327],[109.226513,33.879726],[109.214465,33.869099],[109.208284,33.867988],[109.193805,33.868936],[109.181166,33.875659],[109.167781,33.875974],[109.157052,33.872424],[109.151193,33.877617],[109.140819,33.877391],[109.133658,33.874216],[109.126435,33.878546],[109.115455,33.877858],[109.112112,33.901091],[109.102563,33.90899],[109.089638,33.908026],[109.079616,33.911733],[109.06545,33.908033],[109.06104,33.910777],[109.061995,33.915514],[109.057636,33.919408],[109.043965,33.924699],[109.038462,33.921979],[109.03038,33.905925],[109.003114,33.884808],[108.991439,33.884916],[108.984668,33.878534],[108.972853,33.875893],[108.959407,33.878125],[108.939651,33.868357],[108.913721,33.870241],[108.907698,33.849072],[108.868331,33.825161],[108.859816,33.823244],[108.848791,33.828041],[108.83742,33.81662],[108.82393,33.822446],[108.808053,33.814306],[108.801083,33.818742],[108.800988,33.815187],[108.789851,33.808692],[108.782116,33.810488],[108.777654,33.808353],[108.773826,33.799632],[108.749624,33.81711],[108.753947,33.8337],[108.75123,33.840635],[108.741003,33.839635],[108.73484,33.842857],[108.714293,33.832144],[108.699198,33.828912],[108.693226,33.829952],[108.688043,33.837293],[108.651957,33.839022],[108.64662,33.843384],[108.639406,33.83613],[108.610778,33.825975],[108.612322,33.814697],[108.604015,33.810353],[108.598156,33.793179],[108.581038,33.781838],[108.585778,33.771957],[108.579867,33.766298],[108.556021,33.766837],[108.548842,33.778923],[108.541515,33.782996],[108.540057,33.790121],[108.509119,33.795934],[108.483919,33.805335],[108.461732,33.802049],[108.445429,33.791658],[108.438954,33.783372],[108.409536,33.771967],[108.405855,33.764437],[108.398199,33.765438],[108.387313,33.779095],[108.372669,33.782068],[108.367035,33.794158],[108.34121,33.795319],[108.339578,33.7872],[108.326009,33.78278],[108.318892,33.772977],[108.306149,33.765295],[108.280593,33.768862],[108.264726,33.758862],[108.254699,33.756315],[108.235001,33.730103],[108.228551,33.728211],[108.213317,33.730878],[108.20593,33.723046],[108.188586,33.727296],[108.183621,33.716957],[108.175479,33.713394],[108.153144,33.716495],[108.144454,33.713787],[108.127388,33.723277],[108.113248,33.713691],[108.108969,33.714008],[108.093543,33.724896],[108.077814,33.726654],[108.068942,33.724865],[108.055687,33.711999],[108.051034,33.711057],[108.003605,33.730592],[107.997849,33.729242],[107.970237,33.737676],[107.961556,33.736365],[107.948322,33.747516],[107.931886,33.740102],[107.927094,33.733043],[107.916035,33.734282],[107.900888,33.74423],[107.896395,33.751601],[107.887133,33.745597],[107.883787,33.731604],[107.875514,33.720537],[107.866183,33.71715],[107.85772,33.700317],[107.848726,33.695613],[107.84081,33.699085],[107.830324,33.697425],[107.807963,33.71395],[107.797668,33.710387],[107.761166,33.721815],[107.749777,33.717455],[107.730211,33.720053],[107.71463,33.727382],[107.691193,33.725316],[107.685169,33.732415],[107.683249,33.746421],[107.661176,33.761746],[107.659135,33.769292]]],[[[109.142192,33.80071],[109.152877,33.814133],[109.168893,33.812643],[109.161532,33.798929],[109.155473,33.794476],[109.148937,33.792561],[109.142192,33.80071]]],[[[109.172418,33.812673],[109.180726,33.813773],[109.176317,33.807004],[109.172418,33.812673]]]]}},{"type":"Feature","properties":{"id":"cn:610102","name":"新城区","level":2},"geometry":{"type":"Polygon","coordinates":[[[109.025854,34.236058],[109.019514,34.236061],[109.018287,34.243583],[109.001463,34.24417],[108.99968,34.250663],[108.991902,34.250152],[108.998072,34.256588],[108.997562,34.267928],[108.993937,34.269143],[108.982352,34.269454],[108.980611,34.267129],[108.967415,34.269164],[108.967827,34.260942],[108.942539,34.262328],[108.942671,34.279236],[108.948643,34.279227],[108.944305,34.280208],[108.944177,34.284544],[108.948725,34.291103],[108.94912,34.3011],[108.951166,34.294227],[108.968143,34.294385],[108.968323,34.297843],[108.974744,34.298313],[108.990944,34.29624],[108.998481,34.2905],[109.016883,34.29099],[109.021829,34.266632],[109.020385,34.263501],[109.012996,34.262947],[109.023862,34.26024],[109.021608,34.253788],[109.025835,34.253434],[109.025854,34.236058]],[[109.019267,34.245874],[109.021464,34.244687],[109.021484,34.24583],[109.019267,34.245874]],[[109.007132,34.289361],[109.001239,34.289375],[109.00123,34.288523],[109.007085,34.286861],[109.007132,34.289361]]]}},{"type":"Feature","properties":{"id":"cn:610103","name":"碑林区","level":2},"geometry":{"type":"Polygon","coordinates":[[[108.904849,34.240899],[108.90539,34.24703],[108.910294,34.249556],[108.931482,34.252513],[108.931419,34.260702],[108.967869,34.260953],[108.967415,34.269164],[108.997562,34.267928],[108.998072,34.256588],[108.991902,34.250152],[109.001525,34.249189],[109.001463,34.24417],[108.991634,34.244204],[108.979567,34.238968],[108.984035,34.23675],[108.979538,34.234835],[108.979397,34.237953],[108.97475,34.237106],[108.977464,34.234883],[108.973692,34.229749],[108.967018,34.234146],[108.960412,34.231612],[108.925989,34.23132],[108.904849,34.240899]]]}},{"type":"Feature","properties":{"id":"cn:610104","name":"莲湖区","level":2},"geometry":{"type":"Polygon","coordinates":[[[108.849208,34.285128],[108.850532,34.294191],[108.884563,34.290052],[108.88798,34.293666],[108.904956,34.290975],[108.904006,34.294127],[108.944159,34.294273],[108.946676,34.29808],[108.948799,34.296996],[108.944177,34.284544],[108.944305,34.280208],[108.948643,34.279227],[108.942671,34.279236],[108.942924,34.260938],[108.931419,34.260702],[108.931482,34.252513],[108.918668,34.25252],[108.907812,34.24833],[108.901046,34.238852],[108.896003,34.241107],[108.897952,34.244037],[108.895643,34.245049],[108.892946,34.240888],[108.886516,34.242079],[108.883433,34.238995],[108.880394,34.243265],[108.883529,34.246725],[108.876147,34.244313],[108.873949,34.246683],[108.872183,34.242097],[108.870079,34.242242],[108.872117,34.247976],[108.874197,34.246868],[108.882266,34.253912],[108.849977,34.253897],[108.85087,34.27045],[108.855022,34.270526],[108.855008,34.273922],[108.850932,34.274528],[108.851674,34.282679],[108.849208,34.285128]]]}},{"type":"Feature","properties":{"id":"cn:610111","name":"灞桥区","level":2},"geometry":{"type":"MultiPolygon","coordinates":[[[[108.990951,34.29512],[109.002839,34.297677],[109.004434,34.306309],[109.026614,34.308817],[109.02933,34.310966],[109.027493,34.313103],[109.035137,34.313297],[109.039249,34.323427],[109.007455,34.345213],[109.005114,34.383126],[109.009067,34.423596],[109.019227,34.431955],[109.020493,34.436965],[109.049478,34.444487],[109.061993,34.460554],[109.079545,34.436199],[109.101966,34.433637],[109.105837,34.43029],[109.11825,34.433706],[109.126575,34.423435],[109.120395,34.419494],[109.122557,34.414674],[109.11358,34.395564],[109.096202,34.388175],[109.093581,34.381951],[109.100994,34.378206],[109.104337,34.369395],[109.101932,34.361292],[109.096915,34.357585],[109.101142,34.352392],[109.097748,34.345564],[109.105318,34.342529],[109.126281,34.343505],[109.135491,34.336663],[109.133183,34.331871],[109.128434,34.330624],[109.129319,34.319547],[109.133269,34.31361],[109.141551,34.309227],[109.169251,34.308424],[109.176464,34.30292],[109.18247,34.305012],[109.181802,34.303032],[109.186177,34.30271],[109.18445,34.29978],[109.190804,34.298209],[109.196099,34.30087],[109.191846,34.302556],[109.192167,34.307586],[109.200752,34.304186],[109.210839,34.305613],[109.221455,34.316227],[109.230057,34.317431],[109.231038,34.322156],[109.246993,34.324695],[109.250648,34.322557],[109.250553,34.318128],[109.25544,34.321914],[109.265413,34.322462],[109.269284,34.327348],[109.272314,34.321144],[109.270214,34.316658],[109.250405,34.313228],[109.228756,34.299173],[109.217283,34.295258],[109.204794,34.282155],[109.199347,34.289688],[109.186193,34.286445],[109.146771,34.25441],[109.14448,34.248875],[109.14978,34.237471],[109.148886,34.229911],[109.160807,34.222004],[109.173659,34.21827],[109.183831,34.208994],[109.17637,34.205926],[109.17221,34.207821],[109.169956,34.203799],[109.162576,34.206169],[109.15992,34.200941],[109.161674,34.196749],[109.175103,34.194551],[109.177742,34.189959],[109.163636,34.185753],[109.158314,34.175105],[109.13211,34.180863],[109.109625,34.177554],[109.095155,34.190118],[109.078276,34.193501],[109.080609,34.181283],[109.074559,34.17783],[109.074159,34.171544],[109.060768,34.170373],[109.043284,34.201694],[109.045656,34.239001],[109.040166,34.258215],[109.025851,34.255427],[109.026124,34.252728],[109.021608,34.253788],[109.023862,34.26024],[109.012996,34.262947],[109.020385,34.263501],[109.021829,34.266632],[109.018176,34.289557],[109.01249,34.292705],[108.998481,34.2905],[108.990951,34.29512]]],[[[109.00123,34.288523],[109.007069,34.2894],[109.007085,34.286861],[109.004572,34.286865],[109.00123,34.288523]]]]}},{"type":"Feature","properties":{"id":"cn:610112","name":"未央区","level":2},"geometry":{"type":"Polygon","coordinates":[[[108.785732,34.310963],[108.790388,34.31071],[108.78959,34.335596],[108.794762,34.339638],[108.791916,34.343371],[108.79781,34.345431],[108.795405,34.350833],[108.798547,34.360972],[108.809902,34.370065],[108.828286,34.368906],[108.855238,34.390191],[108.8883,34.392375],[108.905536,34.406785],[108.92521,34.40594],[108.956151,34.425564],[108.956832,34.423211],[108.98633,34.434648],[109.020493,34.436965],[109.007687,34.419936],[109.005747,34.35471],[109.009622,34.341876],[109.039249,34.323427],[109.034704,34.317416],[109.035355,34.31344],[109.026622,34.31263],[109.02933,34.310966],[109.027481,34.309033],[109.004434,34.306309],[109.002839,34.297677],[108.996127,34.297885],[108.996127,34.295429],[108.974744,34.298313],[108.968323,34.297843],[108.968143,34.294385],[108.951166,34.294227],[108.94912,34.3011],[108.948799,34.296996],[108.946676,34.29808],[108.944159,34.294273],[108.904006,34.294127],[108.904956,34.290975],[108.894673,34.294141],[108.882852,34.29005],[108.850532,34.294191],[108.850761,34.27538],[108.854985,34.274436],[108.855038,34.270552],[108.85087,34.27045],[108.849914,34.256287],[108.830415,34.251066],[108.823165,34.245261],[108.820884,34.25243],[108.806605,34.250315],[108.8071,34.264475],[108.812213,34.277229],[108.800076,34.277691],[108.796821,34.287899],[108.787698,34.294687],[108.791951,34.30066],[108.785732,34.310963]]]}},{"type":"Feature","properties":{"id":"cn:610113","name":"雁塔区","level":2},"geometry":{"type":"MultiPolygon","coordinates":[[[[108.804295,34.242254],[108.806694,34.242658],[108.806605,34.250315],[108.820884,34.25243],[108.823165,34.245261],[108.842178,34.255185],[108.882266,34.253912],[108.874197,34.246868],[108.872117,34.247976],[108.870079,34.242242],[108.873949,34.246683],[108.876147,34.244313],[108.883529,34.246725],[108.880394,34.243265],[108.883433,34.238995],[108.886516,34.242079],[108.892946,34.240888],[108.895643,34.245049],[108.89709,34.240574],[108.904843,34.240869],[108.925989,34.23132],[108.960412,34.231612],[108.967018,34.234146],[108.973692,34.229749],[108.977464,34.234883],[108.97475,34.237106],[108.979397,34.237953],[108.980854,34.235385],[108.984035,34.23675],[108.979567,34.238968],[108.991634,34.244204],[109.018287,34.243583],[109.019514,34.236061],[109.025854,34.236058],[109.025851,34.255427],[109.040166,34.258215],[109.045656,34.239001],[109.042407,34.206386],[109.051316,34.186519],[109.045687,34.188106],[109.026494,34.177273],[109.010643,34.179792],[108.99698,34.175003],[108.982001,34.174319],[108.976234,34.177977],[108.973482,34.176363],[108.970871,34.18053],[108.959761,34.178851],[108.957877,34.184491],[108.945076,34.174038],[108.938283,34.179471],[108.931389,34.177612],[108.930414,34.180385],[108.924543,34.178897],[108.916342,34.181639],[108.904656,34.168721],[108.894272,34.172252],[108.88505,34.165778],[108.878026,34.16589],[108.877542,34.181401],[108.84481,34.182801],[108.839323,34.187218],[108.835503,34.196273],[108.820246,34.19646],[108.827734,34.21243],[108.825894,34.215127],[108.815729,34.211806],[108.811649,34.21418],[108.813932,34.225063],[108.805242,34.235575],[108.804295,34.242254]]],[[[108.946492,34.16991],[108.951592,34.172556],[108.958333,34.171357],[108.960232,34.165771],[108.950784,34.164062],[108.946492,34.16991]]],[[[109.021464,34.244687],[109.019267,34.245874],[109.021484,34.24583],[109.021464,34.244687]]]]}},{"type":"Feature","properties":{"id":"cn:610114","name":"阎良区","level":2},"geometry":{"type":"Polygon","coordinates":[[[109.150314,34.653075],[109.164829,34.670103],[109.1639,34.68542],[109.175672,34.699694],[109.198346,34.698326],[109.199833,34.702421],[109.199319,34.699068],[109.202058,34.701625],[109.203995,34.696536],[109.208852,34.694653],[109.218301,34.69187],[109.226139,34.693515],[109.236686,34.688337],[109.247884,34.700043],[109.259543,34.694531],[109.27186,34.699203],[109.276435,34.697853],[109.280784,34.689071],[109.294864,34.688984],[109.300957,34.694431],[109.320393,34.695727],[109.340732,34.702973],[109.343883,34.710614],[109.353328,34.717928],[109.354534,34.732858],[109.358649,34.739861],[109.395576,34.740105],[109.404683,34.743993],[109.411522,34.738043],[109.415515,34.724104],[109.425273,34.715959],[109.415802,34.707795],[109.418501,34.695435],[109.425646,34.687839],[109.41811,34.681819],[109.421376,34.656979],[109.416435,34.657378],[109.408232,34.651917],[109.397615,34.65424],[109.391253,34.653439],[109.390002,34.650551],[109.38291,34.652369],[109.379134,34.646339],[109.371617,34.642602],[109.356834,34.643667],[109.356452,34.637022],[109.352103,34.634772],[109.350565,34.628397],[109.354928,34.627026],[109.352183,34.620696],[109.362658,34.618409],[109.358348,34.614636],[109.359232,34.610707],[109.351693,34.609447],[109.352823,34.606043],[109.347506,34.601505],[109.347521,34.606496],[109.344197,34.607535],[109.311363,34.600704],[109.31051,34.597146],[109.292614,34.592391],[109.265895,34.590813],[109.262675,34.594444],[109.223151,34.587961],[109.220119,34.593717],[109.206644,34.594006],[109.198561,34.605701],[109.193318,34.606899],[109.189758,34.622025],[109.17985,34.62725],[109.179298,34.633667],[109.162991,34.646891],[109.150879,34.645735],[109.150314,34.653075]]]}},{"type":"Feature","properties":{"id":"cn:610115","name":"临潼区","level":2},"geometry":{"type":"Polygon","coordinates":[[[109.093581,34.381951],[109.096202,34.388175],[109.114318,34.39655],[109.113746,34.400484],[109.122557,34.414674],[109.120395,34.419494],[109.132426,34.423674],[109.151653,34.440968],[109.156184,34.440924],[109.166133,34.433131],[109.171636,34.440908],[109.170108,34.469923],[109.163466,34.499827],[109.154768,34.509666],[109.159022,34.52818],[109.156634,34.53941],[109.142857,34.555502],[109.136304,34.558577],[109.134681,34.570087],[109.126017,34.581405],[109.133664,34.589868],[109.130314,34.625828],[109.136801,34.643583],[109.162363,34.647132],[109.166382,34.645291],[109.167262,34.641648],[109.179298,34.633667],[109.181048,34.62592],[109.189105,34.623038],[109.193318,34.606899],[109.198561,34.605701],[109.206644,34.594006],[109.220119,34.593717],[109.223681,34.587921],[109.262675,34.594444],[109.265895,34.590813],[109.292614,34.592391],[109.31051,34.597146],[109.311363,34.600704],[109.344197,34.607535],[109.347521,34.606496],[109.347506,34.601505],[109.352823,34.606043],[109.351693,34.609447],[109.359232,34.610707],[109.358348,34.614636],[109.362658,34.618409],[109.352183,34.620696],[109.354928,34.627026],[109.350565,34.628397],[109.352103,34.634772],[109.356452,34.637022],[109.356834,34.643667],[109.371617,34.642602],[109.379134,34.646339],[109.38291,34.652369],[109.390002,34.650551],[109.391253,34.653439],[109.397615,34.65424],[109.408232,34.651917],[109.416435,34.657378],[109.421376,34.656979],[109.428789,34.622307],[109.427644,34.613852],[109.44444,34.554775],[109.423736,34.550504],[109.412687,34.537815],[109.396976,34.5343],[109.389232,34.53608],[109.385986,34.530261],[109.389493,34.511502],[109.400951,34.508084],[109.405847,34.502387],[109.395101,34.501209],[109.387962,34.495409],[109.383825,34.478638],[109.388191,34.467618],[109.402558,34.465674],[109.407905,34.461859],[109.409667,34.452859],[109.418964,34.443856],[109.414754,34.438511],[109.419346,34.434982],[109.418383,34.424695],[109.437281,34.415329],[109.441821,34.407628],[109.440466,34.3986],[109.456573,34.395429],[109.458611,34.39191],[109.455322,34.391121],[109.45608,34.385983],[109.460007,34.384818],[109.454941,34.376661],[109.455984,34.367122],[109.450647,34.359638],[109.453662,34.352094],[109.449157,34.345238],[109.448276,34.333711],[109.445156,34.331613],[109.447537,34.325812],[109.445135,34.320148],[109.417358,34.307662],[109.404371,34.327927],[109.384192,34.336221],[109.376282,34.328786],[109.377677,34.323597],[109.374486,34.315488],[109.361139,34.303335],[109.358107,34.294687],[109.36222,34.28481],[109.354068,34.278056],[109.342116,34.287111],[109.329545,34.288593],[109.324303,34.285151],[109.309121,34.290279],[109.291038,34.290919],[109.288261,34.299525],[109.277254,34.305723],[109.270535,34.316003],[109.272314,34.321144],[109.269875,34.327301],[109.265413,34.322462],[109.25544,34.321914],[109.250553,34.318128],[109.250648,34.322557],[109.246993,34.324695],[109.231038,34.322156],[109.230057,34.317431],[109.221455,34.316227],[109.210839,34.305613],[109.200752,34.304186],[109.192167,34.307586],[109.191846,34.302556],[109.196099,34.30087],[109.190804,34.298209],[109.18445,34.29978],[109.186177,34.30271],[109.181802,34.303032],[109.18247,34.305012],[109.176464,34.30292],[109.169251,34.308424],[109.141551,34.309227],[109.133269,34.31361],[109.129319,34.319547],[109.128434,34.330624],[109.133183,34.331871],[109.135491,34.336663],[109.126281,34.343505],[109.105318,34.342529],[109.097748,34.345564],[109.101142,34.352392],[109.096915,34.357585],[109.101932,34.361292],[109.104337,34.369395],[109.100994,34.378206],[109.093581,34.381951]]]}},{"type":"Feature","properties":{"id":"cn:610116","name":"长安区","level":2},"geometry":{"type":"MultiPolygon","coordinates":[[[[109.147973,33.810862],[109.15727,33.814068],[109.168893,33.812643],[109.169101,33.810141],[109.161532,33.798929],[109.148937,33.792561],[109.142192,33.80071],[109.147973,33.810862]]],[[[109.176317,33.807004],[109.172418,33.812673],[109.180726,33.813773],[109.180278,33.811413],[109.176317,33.807004]]],[[[108.649329,34.267632],[108.664555,34.245892],[108.686535,34.23689],[108.684499,34.24517],[108.687168,34.254647],[108.697437,34.255874],[108.694652,34.269856],[108.691935,34.2699],[108.694668,34.274444],[108.720588,34.277456],[108.727376,34.285466],[108.732455,34.285249],[108.74374,34.277534],[108.749035,34.285907],[108.74229,34.294876],[108.745562,34.297614],[108.788575,34.29532],[108.790745,34.290139],[108.796821,34.287899],[108.800076,34.277691],[108.812213,34.277229],[108.8071,34.264475],[108.806694,34.242658],[108.804348,34.24114],[108.805242,34.235575],[108.813932,34.225063],[108.811649,34.21418],[108.815729,34.211806],[108.825894,34.215127],[108.827734,34.21243],[108.820246,34.19646],[108.835503,34.196273],[108.839323,34.187218],[108.84481,34.182801],[108.877542,34.181401],[108.878026,34.16589],[108.88505,34.165778],[108.894272,34.172252],[108.904656,34.168721],[108.916342,34.181639],[108.924543,34.178897],[108.930414,34.180385],[108.931389,34.177612],[108.938283,34.179471],[108.945076,34.174038],[108.957877,34.184491],[108.959761,34.178851],[108.970871,34.18053],[108.979598,34.174296],[108.99698,34.175003],[109.010643,34.179792],[109.027398,34.177492],[109.047067,34.188616],[109.05377,34.184436],[109.057196,34.173398],[109.067841,34.169141],[109.074159,34.171544],[109.074559,34.17783],[109.080609,34.181283],[109.078276,34.193501],[109.095155,34.190118],[109.109625,34.177554],[109.13211,34.180863],[109.156667,34.176649],[109.172377,34.159754],[109.161736,34.141114],[109.171484,34.137792],[109.171606,34.131959],[109.201675,34.11915],[109.206284,34.112829],[109.206224,34.1067],[109.197882,34.099769],[109.187839,34.095986],[109.179401,34.098732],[109.165573,34.08962],[109.138203,34.101273],[109.131597,34.100993],[109.125276,34.094712],[109.16181,34.048718],[109.161849,34.039149],[109.168781,34.025853],[109.167611,34.018419],[109.174377,33.998649],[109.180644,33.995667],[109.19277,33.975087],[109.201929,33.970218],[109.210297,33.960426],[109.208588,33.939011],[109.203796,33.932686],[109.202546,33.909205],[109.220237,33.899993],[109.220697,33.889451],[109.226513,33.879726],[109.214465,33.869099],[109.208284,33.867988],[109.193805,33.868936],[109.181166,33.875659],[109.167781,33.875974],[109.157052,33.872424],[109.151193,33.877617],[109.140819,33.877391],[109.13647,33.874034],[109.126435,33.878546],[109.115455,33.877858],[109.112112,33.901091],[109.102563,33.90899],[109.089638,33.908026],[109.079616,33.911733],[109.06545,33.908033],[109.06104,33.910777],[109.061995,33.915514],[109.057636,33.919408],[109.043965,33.924699],[109.038462,33.921979],[109.03038,33.905925],[109.005936,33.886225],[108.991439,33.884916],[108.984668,33.878534],[108.972853,33.875893],[108.959407,33.878125],[108.939651,33.868357],[108.913721,33.870241],[108.910119,33.864577],[108.908662,33.850389],[108.900944,33.843421],[108.879764,33.834228],[108.868331,33.825161],[108.859816,33.823244],[108.848791,33.828041],[108.840606,33.822281],[108.838453,33.816791],[108.82393,33.822446],[108.808053,33.814306],[108.801083,33.818742],[108.800988,33.815187],[108.789851,33.808692],[108.782116,33.810488],[108.777654,33.808353],[108.773826,33.799632],[108.749624,33.81711],[108.753947,33.8337],[108.75123,33.840635],[108.741003,33.839635],[108.73484,33.842857],[108.714293,33.832144],[108.693226,33.829952],[108.69083,33.832768],[108.694641,33.833222],[108.709354,33.850854],[108.709207,33.858296],[108.716042,33.865907],[108.726992,33.87274],[108.730126,33.879756],[108.734432,33.878409],[108.745249,33.883263],[108.744189,33.888491],[108.738486,33.891826],[108.740257,33.896435],[108.749345,33.896867],[108.740621,33.902883],[108.7324,33.898679],[108.720464,33.904002],[108.717496,33.913581],[108.720507,33.914643],[108.739644,33.904463],[108.743831,33.905988],[108.747513,33.910996],[108.758888,33.915479],[108.757531,33.921028],[108.762951,33.923462],[108.760852,33.927067],[108.766065,33.931299],[108.764305,33.934772],[108.767009,33.93403],[108.768529,33.938733],[108.766268,33.939493],[108.768508,33.942751],[108.763891,33.943034],[108.768885,33.948347],[108.765228,33.947547],[108.763438,33.956318],[108.766288,33.957794],[108.758547,33.972785],[108.763133,33.972668],[108.766606,33.976634],[108.765364,33.981131],[108.768645,33.981543],[108.76659,33.988472],[108.755979,33.996406],[108.758022,34.001122],[108.754586,34.011833],[108.758141,34.01719],[108.754161,34.021386],[108.754563,34.039556],[108.738214,34.055285],[108.737858,34.067579],[108.742597,34.077131],[108.735479,34.086196],[108.744324,34.098748],[108.754793,34.096516],[108.7577,34.103563],[108.751034,34.116795],[108.731606,34.116843],[108.724089,34.129726],[108.712179,34.131183],[108.71145,34.148896],[108.704479,34.154023],[108.709349,34.165103],[108.69144,34.168397],[108.686232,34.175266],[108.677508,34.177505],[108.677083,34.189793],[108.661908,34.216613],[108.674964,34.223227],[108.682863,34.234192],[108.678957,34.237693],[108.668679,34.234151],[108.658193,34.235565],[108.64841,34.243635],[108.637506,34.26412],[108.649329,34.267632]],[[108.959391,34.170201],[108.951592,34.172556],[108.94653,34.167784],[108.95588,34.163404],[108.955956,34.16582],[108.960232,34.165771],[108.959391,34.170201]]]]}},{"type":"Feature","properties":{"id":"cn:610117","name":"高陵区","level":2},"geometry":{"type":"Polygon","coordinates":[[[108.950471,34.565745],[108.955705,34.57091],[108.97291,34.571272],[108.980427,34.577721],[108.995294,34.578187],[109.003245,34.585824],[109.02637,34.592473],[109.067603,34.594396],[109.074356,34.589725],[109.087735,34.590003],[109.103698,34.578779],[109.126017,34.581405],[109.134681,34.570087],[109.136304,34.558577],[109.142857,34.555502],[109.156634,34.53941],[109.159022,34.52818],[109.154768,34.509666],[109.163466,34.499827],[109.170108,34.469923],[109.171349,34.440218],[109.166133,34.433131],[109.156184,34.440924],[109.151653,34.440968],[109.132426,34.423674],[109.127357,34.423155],[109.11825,34.433706],[109.105837,34.43029],[109.101966,34.433637],[109.079545,34.436199],[109.061993,34.460554],[109.054667,34.449719],[109.043653,34.441606],[109.023745,34.436595],[108.98633,34.434648],[108.956832,34.423211],[108.952157,34.448203],[108.960421,34.450706],[108.966263,34.445018],[108.970618,34.446081],[108.968109,34.453645],[108.969957,34.457771],[108.966393,34.463616],[108.971575,34.473262],[108.968962,34.49472],[108.971063,34.499865],[108.965932,34.506165],[108.970498,34.526296],[108.969291,34.542726],[108.958796,34.547281],[108.950471,34.565745]]]}},{"type":"Feature","properties":{"id":"cn:610118","name":"鄠邑区","level":2},"geometry":{"type":"Polygon","coordinates":[[[108.365802,33.794386],[108.3787,33.818767],[108.378761,33.830448],[108.399465,33.853933],[108.409143,33.860119],[108.409829,33.866017],[108.421071,33.880557],[108.419907,33.892816],[108.438448,33.911596],[108.439273,33.924005],[108.434325,33.937012],[108.426842,33.938623],[108.423682,33.945432],[108.424159,33.977843],[108.430339,33.992038],[108.446937,34.012695],[108.447414,34.016866],[108.442474,34.02242],[108.447787,34.038027],[108.45915,34.04666],[108.459375,34.060959],[108.450989,34.092275],[108.455191,34.096633],[108.464625,34.131706],[108.477577,34.153533],[108.483402,34.176268],[108.480172,34.1836],[108.48157,34.191315],[108.489964,34.194453],[108.501884,34.192894],[108.501814,34.190273],[108.513806,34.190173],[108.51318,34.20304],[108.502038,34.215306],[108.506855,34.226091],[108.525142,34.233699],[108.539373,34.235798],[108.562066,34.231876],[108.568433,34.237986],[108.588951,34.240944],[108.617265,34.260687],[108.621199,34.26091],[108.621925,34.257758],[108.637506,34.26412],[108.64841,34.243635],[108.658193,34.235565],[108.681014,34.236713],[108.682863,34.23316],[108.674964,34.223227],[108.661908,34.216613],[108.677083,34.189793],[108.675703,34.180558],[108.688089,34.173961],[108.69144,34.168397],[108.709349,34.165103],[108.704479,34.154023],[108.71145,34.148896],[108.712179,34.131183],[108.724089,34.129726],[108.731606,34.116843],[108.751034,34.116795],[108.7577,34.103563],[108.754793,34.096516],[108.744324,34.098748],[108.735479,34.086196],[108.742597,34.077131],[108.737858,34.067579],[108.738214,34.055285],[108.754563,34.039556],[108.754161,34.021386],[108.758141,34.01719],[108.754586,34.011833],[108.758022,34.001122],[108.755979,33.996406],[108.76659,33.988472],[108.768645,33.981543],[108.765364,33.981131],[108.766606,33.976634],[108.763133,33.972668],[108.758547,33.972785],[108.766288,33.957794],[108.763438,33.956318],[108.765228,33.947547],[108.768885,33.948347],[108.763891,33.943034],[108.768508,33.942751],[108.766268,33.939493],[108.768529,33.938733],[108.767009,33.93403],[108.764305,33.934772],[108.766065,33.931299],[108.760852,33.927067],[108.762951,33.923462],[108.757531,33.921028],[108.758888,33.915479],[108.747513,33.910996],[108.743831,33.905988],[108.739644,33.904463],[108.720507,33.914643],[108.717079,33.912127],[108.720464,33.904002],[108.7324,33.898679],[108.740621,33.902883],[108.74918,33.897916],[108.740257,33.896435],[108.738486,33.891826],[108.744189,33.888491],[108.745249,33.883263],[108.728182,33.878314],[108.726992,33.87274],[108.709207,33.858296],[108.709354,33.850854],[108.694641,33.833222],[108.69083,33.832768],[108.690917,33.835856],[108.683582,33.838504],[108.670474,33.836583],[108.651957,33.839022],[108.64662,33.843384],[108.639406,33.83613],[108.61201,33.827013],[108.612322,33.814697],[108.604015,33.810353],[108.598156,33.793179],[108.581038,33.781838],[108.585778,33.771957],[108.579867,33.766298],[108.556021,33.766837],[108.548842,33.778923],[108.541515,33.782996],[108.540057,33.790121],[108.509119,33.795934],[108.483919,33.805335],[108.461732,33.802049],[108.445429,33.791658],[108.438954,33.783372],[108.409536,33.771967],[108.405855,33.764437],[108.398199,33.765438],[108.387313,33.779095],[108.372669,33.782068],[108.365802,33.794386]]]}},{"type":"Feature","properties":{"id":"cn:610122","name":"蓝田县","level":2},"geometry":{"type":"Polygon","coordinates":[[[109.125276,34.094712],[109.131597,34.100993],[109.138203,34.101273],[109.165573,34.08962],[109.179401,34.098732],[109.187839,34.095986],[109.197882,34.099769],[109.206718,34.108359],[109.201675,34.11915],[109.171606,34.131959],[109.171484,34.137792],[109.161223,34.142581],[109.172517,34.158579],[109.158314,34.175105],[109.163636,34.185753],[109.175737,34.188605],[109.177768,34.19208],[109.162837,34.195829],[109.159999,34.201508],[109.162576,34.206169],[109.169956,34.203799],[109.17221,34.207821],[109.17637,34.205926],[109.183831,34.208994],[109.173659,34.21827],[109.160807,34.222004],[109.14829,34.231049],[109.14978,34.237471],[109.14448,34.248875],[109.162604,34.269608],[109.186193,34.286445],[109.199347,34.289688],[109.204794,34.282155],[109.214063,34.293041],[109.24557,34.310717],[109.26965,34.317375],[109.277254,34.305723],[109.288261,34.299525],[109.29234,34.290224],[109.309121,34.290279],[109.324303,34.285151],[109.329545,34.288593],[109.342116,34.287111],[109.35524,34.278332],[109.36222,34.28481],[109.358107,34.294687],[109.361139,34.303335],[109.374486,34.315488],[109.377677,34.323597],[109.376282,34.328786],[109.385136,34.336598],[109.404371,34.327927],[109.417358,34.307662],[109.447579,34.321181],[109.448886,34.314618],[109.453081,34.31195],[109.450666,34.299582],[109.466288,34.295336],[109.470059,34.299481],[109.468982,34.296175],[109.471334,34.29779],[109.472765,34.292184],[109.479821,34.290676],[109.480134,34.285473],[109.490414,34.272852],[109.511446,34.26472],[109.519772,34.256707],[109.529494,34.260941],[109.546343,34.259502],[109.554841,34.265418],[109.563765,34.262651],[109.57083,34.264105],[109.629164,34.23985],[109.640493,34.24684],[109.649798,34.248556],[109.663522,34.24016],[109.686056,34.244474],[109.716456,34.237226],[109.7259,34.237786],[109.735909,34.217454],[109.755528,34.212399],[109.754807,34.207471],[109.740249,34.188976],[109.752481,34.185256],[109.762046,34.187307],[109.772888,34.184839],[109.79413,34.162376],[109.806335,34.167993],[109.817324,34.156465],[109.810815,34.149573],[109.799269,34.154965],[109.785128,34.146146],[109.783913,34.154093],[109.790207,34.161333],[109.77689,34.162361],[109.754079,34.131699],[109.737395,34.12429],[109.735355,34.100246],[109.73276,34.098175],[109.723384,34.09813],[109.710919,34.10739],[109.700607,34.105571],[109.693506,34.115667],[109.688106,34.109684],[109.667508,34.101511],[109.653827,34.107105],[109.647673,34.092759],[109.631883,34.087464],[109.629348,34.077258],[109.579271,34.073769],[109.57112,34.067417],[109.561831,34.066058],[109.559548,34.057449],[109.548559,34.050222],[109.548403,34.044391],[109.556198,34.035448],[109.540712,34.027348],[109.540825,34.015844],[109.535383,34.000627],[109.531216,33.997495],[109.53474,33.991668],[109.528282,33.982611],[109.55804,33.962394],[109.57573,33.956352],[109.587744,33.946686],[109.598725,33.942648],[109.596711,33.933719],[109.592389,33.930304],[109.593995,33.914818],[109.589013,33.899365],[109.571165,33.899402],[109.558361,33.89381],[109.545757,33.880487],[109.535141,33.877128],[109.530853,33.862475],[109.508796,33.857855],[109.503431,33.849541],[109.466757,33.853547],[109.459438,33.850459],[109.456566,33.845671],[109.450055,33.846525],[109.443875,33.840102],[109.435706,33.845262],[109.393788,33.846807],[109.388319,33.854466],[109.373206,33.854181],[109.350723,33.869016],[109.333918,33.863641],[109.325897,33.864839],[109.311809,33.856121],[109.294743,33.85802],[109.284438,33.871783],[109.274464,33.876488],[109.246852,33.882171],[109.24009,33.878327],[109.225628,33.880364],[109.220697,33.889451],[109.220237,33.899993],[109.202546,33.909205],[109.203796,33.932686],[109.208588,33.939011],[109.210297,33.960426],[109.201929,33.970218],[109.19277,33.975087],[109.180644,33.995667],[109.174377,33.998649],[109.167611,34.018419],[109.168781,34.025853],[109.161849,34.039149],[109.16181,34.048718],[109.125276,34.094712]]]}},{"type":"Feature","properties":{"id":"cn:610124","name":"周至县","level":2},"geometry":{"type":"Polygon","coordinates":[[[107.659135,33.769292],[107.669161,33.7767],[107.673622,33.78683],[107.680757,33.791987],[107.68127,33.798682],[107.674785,33.809949],[107.684837,33.811847],[107.69271,33.819571],[107.694394,33.83188],[107.700193,33.835341],[107.700088,33.843522],[107.703881,33.84929],[107.699663,33.858922],[107.70527,33.873023],[107.712873,33.91197],[107.70901,33.92894],[107.723419,33.932625],[107.741258,33.944274],[107.76595,33.954649],[107.762751,33.957455],[107.778669,33.981181],[107.78419,33.985393],[107.795216,33.986539],[107.8056,33.99663],[107.822549,33.991724],[107.825813,33.986214],[107.841967,33.976815],[107.853721,33.979274],[107.87306,33.995592],[107.897261,34.001685],[107.903702,34.000994],[107.911123,33.987834],[107.915307,33.986206],[107.9372,33.984706],[107.945324,33.987061],[107.943275,33.998914],[107.937122,34.009413],[107.938683,34.020385],[107.935629,34.028749],[107.938519,34.044014],[107.950151,34.047243],[107.952433,34.052052],[107.965688,34.060284],[107.96798,34.063716],[107.966981,34.076662],[107.971885,34.076641],[107.995878,34.101981],[107.992779,34.114464],[107.996607,34.119754],[107.996867,34.141154],[107.993265,34.148515],[107.99757,34.149126],[107.998343,34.15723],[108.006676,34.162493],[108.012336,34.176704],[108.019922,34.181896],[108.018768,34.192924],[108.025225,34.21],[108.030277,34.212771],[108.02315,34.229554],[108.081864,34.232291],[108.109688,34.22823],[108.12427,34.220098],[108.1324,34.219154],[108.151724,34.226408],[108.182577,34.227014],[108.199446,34.222148],[108.233001,34.201089],[108.260239,34.20093],[108.288508,34.2114],[108.332523,34.196351],[108.355134,34.200565],[108.369676,34.208997],[108.377817,34.21008],[108.411545,34.207217],[108.42293,34.201245],[108.449692,34.210674],[108.46677,34.207617],[108.490472,34.21883],[108.49557,34.224862],[108.506855,34.226091],[108.502038,34.215306],[108.51318,34.20304],[108.514919,34.193357],[108.513806,34.190173],[108.505192,34.189997],[108.489964,34.194453],[108.480015,34.188012],[108.483402,34.176268],[108.477577,34.153533],[108.464625,34.131706],[108.455191,34.096633],[108.450989,34.092275],[108.459375,34.060959],[108.45915,34.04666],[108.447787,34.038027],[108.442474,34.02242],[108.447414,34.016866],[108.446937,34.012695],[108.430339,33.992038],[108.424506,33.979445],[108.422649,33.950356],[108.425739,33.939877],[108.434325,33.937012],[108.439273,33.924005],[108.438448,33.911596],[108.419907,33.892816],[108.421071,33.880557],[108.409829,33.866017],[108.409143,33.860119],[108.399465,33.853933],[108.378761,33.830448],[108.3787,33.818767],[108.365802,33.794386],[108.34121,33.795319],[108.339578,33.7872],[108.326009,33.78278],[108.318892,33.772977],[108.306149,33.765295],[108.280593,33.768862],[108.264726,33.758862],[108.254699,33.756315],[108.235001,33.730103],[108.228551,33.728211],[108.213317,33.730878],[108.20593,33.723046],[108.188586,33.727296],[108.183621,33.716957],[108.175479,33.713394],[108.153144,33.716495],[108.144454,33.713787],[108.127388,33.723277],[108.113248,33.713691],[108.108969,33.714008],[108.093543,33.724896],[108.077814,33.726654],[108.068942,33.724865],[108.055687,33.711999],[108.051034,33.711057],[108.003605,33.730592],[107.997849,33.729242],[107.970237,33.737676],[107.961556,33.736365],[107.948322,33.747516],[107.931886,33.740102],[107.927094,33.733043],[107.916035,33.734282],[107.900888,33.74423],[107.896395,33.751601],[107.887133,33.745597],[107.88502,33.734054],[107.875514,33.720537],[107.866183,33.71715],[107.85772,33.700317],[107.848726,33.695613],[107.84081,33.699085],[107.828405,33.697774],[107.807963,33.71395],[107.797668,33.710387],[107.761166,33.721815],[107.749777,33.717455],[107.730211,33.720053],[107.71463,33.727382],[107.691193,33.725316],[107.685169,33.732415],[107.683249,33.746421],[107.661176,33.761746],[107.659135,33.769292]]]}},{"type":"Feature","properties":{"id":"cn:6102","name":"铜川市","level":1},"geometry":{"type":"Polygon","coordinates":[[[108.579257,35.043193],[108.59148,35.059463],[108.605543,35.070242],[108.604071,35.073901],[108.61279,35.083162],[108.61259,35.089089],[108.619731,35.101275],[108.605828,35.102697],[108.597295,35.09498],[108.592581,35.094761],[108.586204,35.102441],[108.601705,35.107559],[108.608606,35.119644],[108.615851,35.118289],[108.624623,35.123361],[108.639072,35.117902],[108.643612,35.126222],[108.656466,35.129229],[108.657912,35.133124],[108.648651,35.148446],[108.650793,35.155016],[108.635106,35.154676],[108.630593,35.157133],[108.628137,35.164545],[108.632258,35.166804],[108.634491,35.177092],[108.642663,35.173667],[108.650167,35.179035],[108.647857,35.182236],[108.650752,35.184644],[108.647804,35.187095],[108.650985,35.189462],[108.649765,35.193672],[108.656547,35.194412],[108.657909,35.200346],[108.672299,35.196955],[108.673109,35.204412],[108.66809,35.205766],[108.665966,35.214572],[108.669725,35.214921],[108.676113,35.223327],[108.685531,35.219276],[108.692485,35.222487],[108.693559,35.232983],[108.703446,35.232459],[108.702617,35.237781],[108.709446,35.239312],[108.708891,35.245067],[108.715585,35.247454],[108.713888,35.255294],[108.71863,35.260026],[108.726693,35.260876],[108.730579,35.267344],[108.734088,35.266933],[108.736225,35.273035],[108.732776,35.277469],[108.749169,35.296766],[108.761023,35.294576],[108.766626,35.301486],[108.778608,35.299707],[108.790242,35.306512],[108.804274,35.301326],[108.809952,35.307938],[108.815396,35.3085],[108.820707,35.317624],[108.831111,35.314936],[108.834997,35.320053],[108.843414,35.322881],[108.854808,35.320565],[108.866133,35.324446],[108.870063,35.328271],[108.86755,35.334092],[108.863088,35.335507],[108.864578,35.344718],[108.868864,35.349817],[108.877413,35.353809],[108.889737,35.349484],[108.899456,35.354301],[108.905974,35.353537],[108.908824,35.359704],[108.913481,35.358442],[108.920444,35.363429],[108.934431,35.392864],[108.951823,35.402815],[108.951909,35.405845],[108.95577,35.405724],[108.957682,35.415191],[108.968209,35.416215],[108.975409,35.420437],[108.971026,35.426568],[108.977369,35.428837],[108.985221,35.437974],[108.973098,35.442332],[108.969572,35.447494],[108.973526,35.44611],[108.984635,35.456434],[108.983033,35.462106],[108.989629,35.467996],[108.987469,35.473369],[108.99666,35.483228],[108.996386,35.488112],[109.007243,35.493082],[109.003744,35.502509],[109.008162,35.503271],[109.010088,35.509518],[109.023713,35.513854],[109.023723,35.518339],[109.030433,35.518566],[109.024869,35.52639],[109.025875,35.529849],[109.046291,35.542635],[109.046263,35.549951],[109.056418,35.55123],[109.06577,35.544871],[109.08656,35.543654],[109.090267,35.54643],[109.0911,35.55407],[109.105277,35.558208],[109.110413,35.554922],[109.110938,35.566525],[109.117613,35.56863],[109.120646,35.566214],[109.127869,35.572822],[109.143915,35.571401],[109.146653,35.574391],[109.149096,35.572112],[109.156183,35.579156],[109.162665,35.576341],[109.181408,35.583629],[109.182997,35.581091],[109.198007,35.581251],[109.205145,35.577561],[109.203084,35.575567],[109.209055,35.571467],[109.206024,35.56594],[109.210778,35.555748],[109.214664,35.552507],[109.22447,35.556316],[109.2221,35.546627],[109.237718,35.522898],[109.271742,35.518079],[109.276381,35.514741],[109.276855,35.509909],[109.283546,35.515906],[109.289502,35.512782],[109.295257,35.516562],[109.306281,35.505906],[109.30831,35.510297],[109.309867,35.507087],[109.312829,35.507799],[109.311492,35.511758],[109.315341,35.509284],[109.318184,35.511932],[109.317777,35.507256],[109.327275,35.508003],[109.331763,35.515663],[109.337385,35.515255],[109.34706,35.520392],[109.364338,35.515896],[109.379174,35.518056],[109.378403,35.521966],[109.398526,35.519143],[109.400175,35.511564],[109.416373,35.502172],[109.423786,35.501061],[109.426178,35.508154],[109.431309,35.507518],[109.429754,35.510602],[109.433678,35.509118],[109.436275,35.512495],[109.43961,35.509729],[109.443184,35.512826],[109.449821,35.500616],[109.455994,35.500085],[109.457985,35.508509],[109.464834,35.501119],[109.464186,35.497416],[109.450439,35.490127],[109.454725,35.486659],[109.463699,35.488933],[109.464567,35.483722],[109.451942,35.477758],[109.455783,35.474971],[109.471699,35.47555],[109.474597,35.470451],[109.451664,35.456408],[109.455839,35.453693],[109.471035,35.454744],[109.461782,35.444047],[109.470383,35.445551],[109.470323,35.438121],[109.473835,35.435954],[109.466717,35.429529],[109.46854,35.424611],[109.464873,35.425074],[109.461873,35.420784],[109.464216,35.417174],[109.479045,35.412011],[109.472054,35.405227],[109.472649,35.40233],[109.490956,35.393838],[109.485599,35.387078],[109.48686,35.38088],[109.479524,35.377841],[109.487556,35.372037],[109.476821,35.366036],[109.490084,35.354065],[109.472165,35.339445],[109.464463,35.343629],[109.453463,35.34428],[109.445485,35.337756],[109.438955,35.343015],[109.414336,35.330058],[109.402989,35.334909],[109.404453,35.321562],[109.391838,35.313759],[109.389072,35.305516],[109.380992,35.304947],[109.377233,35.297385],[109.366814,35.294373],[109.364415,35.286285],[109.338985,35.281903],[109.337972,35.278433],[109.329776,35.275331],[109.312097,35.274293],[109.298692,35.264844],[109.299121,35.261162],[109.287439,35.256457],[109.278524,35.257392],[109.275819,35.251356],[109.289413,35.244059],[109.299942,35.246618],[109.297715,35.234252],[109.301876,35.219624],[109.310995,35.211016],[109.315049,35.210771],[109.318629,35.19802],[109.328921,35.196805],[109.330087,35.188311],[109.340108,35.189312],[109.34596,35.182935],[109.3461,35.185613],[109.349842,35.185617],[109.350437,35.175549],[109.347149,35.173103],[109.35475,35.164949],[109.355522,35.159604],[109.355497,35.16576],[109.359727,35.169621],[109.369615,35.161023],[109.368246,35.158514],[109.373842,35.151557],[109.382705,35.152491],[109.384166,35.155458],[109.385141,35.152945],[109.387989,35.156212],[109.38987,35.152094],[109.390186,35.158946],[109.392616,35.156479],[109.393271,35.16002],[109.399024,35.160737],[109.400429,35.153662],[109.412908,35.166731],[109.414379,35.164995],[109.417788,35.168708],[109.418592,35.16579],[109.418315,35.16876],[109.425009,35.168714],[109.424853,35.170817],[109.428375,35.168236],[109.428551,35.17039],[109.431742,35.164643],[109.432091,35.148059],[109.434084,35.150056],[109.435588,35.146897],[109.442118,35.147022],[109.435164,35.136535],[109.438786,35.128842],[109.434965,35.108935],[109.439768,35.089942],[109.437658,35.085711],[109.427081,35.079984],[109.42242,35.070634],[109.409887,35.070721],[109.403302,35.090689],[109.399159,35.091835],[109.397088,35.098756],[109.390124,35.096611],[109.386824,35.103033],[109.383393,35.096943],[109.380828,35.10378],[109.368385,35.095494],[109.36542,35.099185],[109.361212,35.095654],[109.354185,35.100773],[109.344052,35.096319],[109.34011,35.097676],[109.334387,35.092808],[109.305038,35.091879],[109.30694,35.089128],[109.295194,35.089324],[109.292866,35.086905],[109.285602,35.100161],[109.271929,35.10367],[109.269433,35.099965],[109.278529,35.086826],[109.262283,35.069273],[109.256522,35.051681],[109.251931,35.049642],[109.247347,35.053892],[109.232064,35.044213],[109.220061,35.04852],[109.216694,35.045397],[109.219638,35.042187],[109.21857,35.038411],[109.207764,35.03501],[109.208573,35.023274],[109.202776,35.018681],[109.210508,35.008869],[109.207339,35.004736],[109.20157,35.001832],[109.195622,35.006405],[109.182066,34.99973],[109.178501,35.003082],[109.172099,35.002908],[109.166303,34.990572],[109.158,34.989892],[109.16042,34.984894],[109.146929,34.986989],[109.138969,34.991969],[109.137276,34.985511],[109.126972,34.985507],[109.125719,34.979053],[109.120468,34.975267],[109.1207,34.969275],[109.094604,34.972873],[109.095926,34.966011],[109.088525,34.965634],[109.092685,34.959662],[109.089749,34.953445],[109.085896,34.958203],[109.077401,34.958679],[109.080373,34.945211],[109.086136,34.936993],[109.093198,34.933758],[109.081125,34.926738],[109.091745,34.919352],[109.08097,34.917364],[109.067648,34.909272],[109.060978,34.912038],[109.055973,34.909657],[109.055939,34.903815],[109.060597,34.901085],[109.054436,34.891678],[109.045608,34.89412],[109.045552,34.89754],[109.038244,34.902241],[109.025311,34.904731],[109.021888,34.903235],[109.026071,34.897321],[109.004111,34.888468],[109.002517,34.89243],[108.991079,34.890505],[108.98317,34.894168],[108.972851,34.889426],[108.968083,34.880136],[108.962494,34.878898],[108.963073,34.8683],[108.959383,34.863693],[108.975102,34.843643],[108.972031,34.841314],[108.973093,34.833625],[108.968017,34.835055],[108.971138,34.829589],[108.970141,34.822635],[108.953961,34.821669],[108.952981,34.828557],[108.93547,34.833097],[108.930765,34.836549],[108.930345,34.8413],[108.929202,34.838651],[108.92535,34.841797],[108.925278,34.838543],[108.923917,34.841799],[108.922271,34.835596],[108.920696,34.837466],[108.917407,34.832959],[108.89481,34.827983],[108.893528,34.824825],[108.898824,34.818683],[108.896438,34.809474],[108.886018,34.8088],[108.878999,34.812646],[108.878474,34.816314],[108.866267,34.820654],[108.864825,34.817699],[108.854143,34.817021],[108.853721,34.819657],[108.853063,34.816959],[108.849372,34.824497],[108.840679,34.814148],[108.82918,34.814373],[108.819959,34.806118],[108.813613,34.813361],[108.818304,34.819459],[108.813055,34.821617],[108.813382,34.833212],[108.80861,34.831717],[108.801036,34.840583],[108.795611,34.837502],[108.797505,34.842633],[108.793805,34.841431],[108.788758,34.846439],[108.78082,34.848112],[108.783324,34.851611],[108.775694,34.852949],[108.77529,34.859781],[108.768712,34.862527],[108.76826,34.867428],[108.764518,34.866823],[108.765543,34.871351],[108.756689,34.868956],[108.738864,34.871792],[108.722971,34.867438],[108.713117,34.875131],[108.704143,34.874436],[108.700684,34.879837],[108.686661,34.879304],[108.671934,34.897398],[108.678474,34.901323],[108.679574,34.906469],[108.67404,34.912211],[108.665453,34.913042],[108.660268,34.922936],[108.663341,34.933083],[108.65807,34.934667],[108.654602,34.945749],[108.644894,34.956543],[108.644821,34.963253],[108.638872,34.97502],[108.630097,34.975904],[108.625497,34.981151],[108.615519,35.003014],[108.612395,35.021215],[108.605485,35.0251],[108.594931,35.021396],[108.585321,35.030171],[108.579257,35.043193]]]}},{"type":"Feature","properties":{"id":"cn:610202","name":"王益区","level":2},"geometry":{"type":"Polygon","coordinates":[[[108.948267,35.185549],[108.958944,35.187744],[108.961202,35.185622],[108.961356,35.190814],[108.969409,35.198449],[108.973365,35.193457],[108.979465,35.195457],[108.982689,35.187706],[108.988846,35.190493],[109.009034,35.184843],[109.018054,35.186732],[109.017753,35.172572],[109.021303,35.172896],[109.022732,35.166093],[109.025893,35.165458],[109.031438,35.172453],[109.035513,35.171117],[109.035819,35.158994],[109.048565,35.142114],[109.042899,35.139451],[109.047961,35.140335],[109.044017,35.130198],[109.063502,35.108065],[109.072564,35.092696],[109.073954,35.081016],[109.081092,35.079799],[109.082483,35.075445],[109.084991,35.076935],[109.08436,35.082061],[109.088726,35.077634],[109.09199,35.08477],[109.111403,35.096069],[109.138796,35.091146],[109.13667,35.080482],[109.147236,35.071017],[109.14509,35.054612],[109.128485,35.053403],[109.122036,35.048423],[109.112708,35.058094],[109.10498,35.052521],[109.100887,35.037144],[109.08969,35.037158],[109.114842,35.03032],[109.127294,35.015151],[109.123977,35.008965],[109.124133,35.012083],[109.120778,35.007526],[109.11078,35.007375],[109.101645,35.00023],[109.10595,34.992747],[109.114415,34.997322],[109.126971,34.993847],[109.12936,34.987398],[109.120468,34.975267],[109.12131,34.969693],[109.094345,34.972761],[109.095926,34.966011],[109.088525,34.965634],[109.092685,34.959662],[109.089245,34.953234],[109.085896,34.958203],[109.077401,34.958679],[109.079239,34.959712],[109.076053,34.963632],[109.070317,34.966015],[109.071524,34.968819],[109.055545,34.970854],[109.049068,34.967822],[109.044516,34.973273],[109.034549,34.970422],[109.035042,34.978062],[109.026401,34.985388],[109.012828,34.980477],[109.008548,34.990523],[109.004438,34.989634],[108.998178,34.994137],[108.993087,35.00319],[108.997434,35.004384],[108.996132,35.006791],[109.00104,35.003296],[109.009446,35.003714],[109.004114,35.014517],[108.995746,35.017696],[108.996608,35.022666],[108.991091,35.029209],[108.999445,35.031722],[109.006143,35.038645],[109.016488,35.037816],[109.019308,35.041041],[109.032343,35.036373],[109.034653,35.041276],[109.039803,35.036427],[109.051517,35.046264],[109.047419,35.049166],[109.0507,35.050442],[109.049299,35.054733],[109.041236,35.057477],[109.046126,35.059035],[109.047272,35.065987],[109.040467,35.070931],[109.038428,35.077726],[109.033405,35.078299],[109.035783,35.080268],[109.034509,35.084972],[109.030156,35.08636],[109.03194,35.090817],[109.029555,35.094188],[109.033447,35.098029],[109.025923,35.104673],[109.017088,35.101783],[109.012216,35.103483],[109.013314,35.106123],[109.005695,35.107651],[109.004897,35.111524],[109.009962,35.108054],[109.010013,35.114543],[108.996764,35.130474],[109.00015,35.133375],[109.013392,35.129954],[109.027521,35.114381],[109.042134,35.125656],[109.040923,35.134159],[109.035712,35.134457],[109.033107,35.147533],[109.026265,35.155403],[109.023892,35.153265],[109.021052,35.156078],[109.019653,35.162253],[108.998573,35.16971],[108.997236,35.175137],[109.000437,35.177613],[108.993607,35.177435],[108.98465,35.183384],[108.977401,35.181822],[108.970377,35.177672],[108.967555,35.165607],[108.959987,35.166145],[108.955211,35.173783],[108.956309,35.177208],[108.948267,35.185549]]]}},{"type":"Feature","properties":{"id":"cn:610203","name":"印台区","level":2},"geometry":{"type":"Polygon","coordinates":[[[108.852329,35.313231],[108.853575,35.321057],[108.870063,35.328271],[108.86755,35.334092],[108.86315,35.334008],[108.864578,35.344718],[108.877259,35.353792],[108.890511,35.349519],[108.898976,35.354177],[108.905974,35.353537],[108.908824,35.359704],[108.913481,35.358442],[108.920444,35.363429],[108.927106,35.355896],[108.941265,35.355233],[108.947362,35.351154],[108.961771,35.351441],[108.954542,35.344355],[108.927212,35.333448],[108.925643,35.325776],[108.934444,35.313475],[108.931316,35.313359],[108.930685,35.307624],[108.933785,35.297152],[108.943298,35.294935],[108.945902,35.288156],[108.953655,35.284801],[108.955688,35.28699],[108.9676,35.280785],[108.984345,35.284452],[108.991399,35.264792],[108.998797,35.267489],[109.004345,35.258987],[109.011621,35.261668],[109.018115,35.251629],[109.032282,35.264269],[109.04726,35.256943],[109.044305,35.246135],[109.038208,35.243115],[109.040874,35.23651],[109.044138,35.236821],[109.052472,35.229007],[109.045281,35.219521],[109.074109,35.208671],[109.075016,35.205664],[109.068791,35.196111],[109.071592,35.19336],[109.068755,35.191971],[109.076111,35.189627],[109.075487,35.186407],[109.082506,35.186654],[109.087838,35.190776],[109.100699,35.189969],[109.090846,35.163526],[109.091689,35.159509],[109.099257,35.154553],[109.098697,35.136092],[109.121527,35.138908],[109.12552,35.142372],[109.127718,35.15521],[109.131458,35.157034],[109.145076,35.155025],[109.153091,35.143889],[109.171327,35.13935],[109.176607,35.140601],[109.181107,35.151544],[109.193215,35.154259],[109.194333,35.163956],[109.209475,35.156795],[109.223307,35.155375],[109.218074,35.168099],[109.21968,35.181877],[109.206313,35.199337],[109.204458,35.218405],[109.216833,35.216557],[109.22525,35.206393],[109.227945,35.208355],[109.22886,35.218775],[109.231256,35.218779],[109.236708,35.199122],[109.245096,35.19545],[109.251681,35.19752],[109.256566,35.194123],[109.251717,35.210902],[109.258305,35.212685],[109.260375,35.218747],[109.257772,35.238334],[109.263578,35.245027],[109.259435,35.259321],[109.252577,35.266297],[109.261875,35.270692],[109.262789,35.264487],[109.266501,35.264827],[109.280504,35.247903],[109.289413,35.244059],[109.299942,35.246618],[109.297715,35.234252],[109.301876,35.219624],[109.310995,35.211016],[109.315049,35.210771],[109.318629,35.19802],[109.328921,35.196805],[109.330087,35.188311],[109.340108,35.189312],[109.34596,35.182935],[109.3461,35.185613],[109.349842,35.185617],[109.350437,35.175549],[109.347149,35.173103],[109.35475,35.164949],[109.35535,35.1597],[109.357475,35.162866],[109.355497,35.16576],[109.359727,35.169621],[109.369615,35.161023],[109.368246,35.158514],[109.373842,35.151557],[109.382705,35.152491],[109.384166,35.155458],[109.385141,35.152945],[109.387989,35.156212],[109.38987,35.152094],[109.390186,35.158946],[109.392616,35.156479],[109.393271,35.16002],[109.399024,35.160737],[109.400429,35.153662],[109.412908,35.166731],[109.414379,35.164995],[109.417788,35.168708],[109.418592,35.16579],[109.418315,35.16876],[109.425009,35.168714],[109.424853,35.170817],[109.428375,35.168236],[109.428551,35.17039],[109.431742,35.164643],[109.432091,35.148059],[109.434084,35.150056],[109.435588,35.146897],[109.442118,35.147022],[109.435164,35.136535],[109.438786,35.128842],[109.434965,35.108935],[109.439686,35.08947],[109.436162,35.08384],[109.427081,35.079984],[109.42242,35.070634],[109.409887,35.070721],[109.403302,35.090689],[109.399159,35.091835],[109.397088,35.098756],[109.390124,35.096611],[109.386824,35.103033],[109.383393,35.096943],[109.380828,35.10378],[109.368385,35.095494],[109.36542,35.099185],[109.361212,35.095654],[109.354185,35.100773],[109.344052,35.096319],[109.34011,35.097676],[109.334387,35.092808],[109.305038,35.091879],[109.30694,35.089128],[109.295194,35.089324],[109.292866,35.086905],[109.285602,35.100161],[109.271929,35.10367],[109.269433,35.099965],[109.278529,35.086826],[109.262283,35.069273],[109.256522,35.051681],[109.251931,35.049642],[109.247347,35.053892],[109.232064,35.044213],[109.220061,35.04852],[109.216694,35.045397],[109.219638,35.042187],[109.21857,35.038411],[109.207764,35.03501],[109.208573,35.023274],[109.202776,35.018681],[109.210508,35.008869],[109.207339,35.004736],[109.20157,35.001832],[109.195622,35.006405],[109.182066,34.99973],[109.178501,35.003082],[109.172099,35.002908],[109.166303,34.990572],[109.158,34.989892],[109.16042,34.984894],[109.146929,34.986989],[109.140764,34.9921],[109.136871,34.989333],[109.137276,34.985511],[109.130315,34.986798],[109.126971,34.993847],[109.114415,34.997322],[109.105533,34.992874],[109.101645,35.00023],[109.11078,35.007375],[109.120778,35.007526],[109.124133,35.012083],[109.123198,35.010734],[109.123977,35.008965],[109.127502,35.014626],[109.114842,35.03032],[109.08969,35.037158],[109.100887,35.037144],[109.10498,35.052521],[109.112708,35.058094],[109.122036,35.048423],[109.128485,35.053403],[109.14509,35.054612],[109.147236,35.071017],[109.13667,35.080482],[109.138796,35.091146],[109.111403,35.096069],[109.09199,35.08477],[109.088726,35.077634],[109.08436,35.082061],[109.084991,35.076935],[109.082483,35.075445],[109.081092,35.079799],[109.073954,35.081016],[109.072564,35.092696],[109.063502,35.108065],[109.044017,35.130198],[109.047961,35.140335],[109.042899,35.139451],[109.048565,35.142114],[109.035819,35.158994],[109.035513,35.171117],[109.031438,35.172453],[109.025893,35.165458],[109.022732,35.166093],[109.021303,35.172896],[109.017753,35.172572],[109.018054,35.186732],[109.009034,35.184843],[108.988846,35.190493],[108.982689,35.187706],[108.979465,35.195457],[108.973365,35.193457],[108.969409,35.198449],[108.961356,35.190814],[108.961202,35.185622],[108.934644,35.188304],[108.936542,35.20421],[108.951717,35.217578],[108.95477,35.231534],[108.945475,35.238195],[108.946443,35.251317],[108.949804,35.254473],[108.946508,35.269737],[108.937739,35.273062],[108.923808,35.267142],[108.927624,35.252048],[108.92709,35.238317],[108.92141,35.235542],[108.916141,35.253034],[108.907901,35.258869],[108.899411,35.271142],[108.894832,35.266463],[108.896603,35.259907],[108.891181,35.254262],[108.876907,35.265872],[108.866636,35.261683],[108.862532,35.263007],[108.861748,35.267778],[108.875602,35.26982],[108.876419,35.279585],[108.882047,35.285348],[108.860346,35.29388],[108.852329,35.313231]]]}},{"type":"Feature","properties":{"id":"cn:610204","name":"耀州区","level":2},"geometry":{"type":"Polygon","coordinates":[[[108.579257,35.043193],[108.59148,35.059463],[108.605543,35.070242],[108.604071,35.073901],[108.61279,35.083162],[108.61259,35.089089],[108.619731,35.101275],[108.605828,35.102697],[108.597295,35.09498],[108.592581,35.094761],[108.586204,35.102441],[108.601705,35.107559],[108.608606,35.119644],[108.615851,35.118289],[108.624623,35.123361],[108.639072,35.117902],[108.643612,35.126222],[108.656466,35.129229],[108.657912,35.133124],[108.648651,35.148446],[108.650793,35.155016],[108.635106,35.154676],[108.630593,35.157133],[108.628137,35.164545],[108.632258,35.166804],[108.634491,35.177092],[108.642663,35.173667],[108.650167,35.179035],[108.647857,35.182236],[108.650752,35.184644],[108.647804,35.187095],[108.650985,35.189462],[108.649765,35.193672],[108.656547,35.194412],[108.657909,35.200346],[108.672299,35.196955],[108.673109,35.204412],[108.66809,35.205766],[108.665966,35.214572],[108.669725,35.214921],[108.676113,35.223327],[108.685531,35.219276],[108.692485,35.222487],[108.693559,35.232983],[108.703446,35.232459],[108.702617,35.237781],[108.709446,35.239312],[108.708891,35.245067],[108.715585,35.247454],[108.713888,35.255294],[108.71863,35.260026],[108.726693,35.260876],[108.730579,35.267344],[108.734088,35.266933],[108.736225,35.273035],[108.732776,35.277469],[108.749169,35.296766],[108.761023,35.294576],[108.766626,35.301486],[108.778608,35.299707],[108.790242,35.306512],[108.804274,35.301326],[108.809952,35.307938],[108.815396,35.3085],[108.820336,35.317474],[108.831111,35.314936],[108.834997,35.320053],[108.852553,35.32249],[108.852474,35.310242],[108.858544,35.303122],[108.860346,35.29388],[108.882047,35.285348],[108.876419,35.279585],[108.875602,35.26982],[108.861748,35.267778],[108.862771,35.262793],[108.876907,35.265872],[108.891181,35.254262],[108.896603,35.259907],[108.894832,35.266463],[108.899411,35.271142],[108.907901,35.258869],[108.916141,35.253034],[108.916179,35.246731],[108.922837,35.235611],[108.92709,35.238317],[108.927423,35.243718],[108.923808,35.267142],[108.937739,35.273062],[108.946508,35.269737],[108.949804,35.254473],[108.946443,35.251317],[108.945475,35.238195],[108.95477,35.231534],[108.951717,35.217578],[108.936542,35.20421],[108.933532,35.189364],[108.946136,35.187292],[108.950743,35.183618],[108.959987,35.166145],[108.967555,35.165607],[108.970377,35.177672],[108.977401,35.181822],[108.98465,35.183384],[108.993607,35.177435],[109.000437,35.177613],[108.997236,35.175137],[108.998573,35.16971],[109.019653,35.162253],[109.021052,35.156078],[109.023892,35.153265],[109.026265,35.155403],[109.033107,35.147533],[109.035712,35.134457],[109.040796,35.134594],[109.042134,35.125656],[109.027521,35.114381],[109.013392,35.129954],[109.00015,35.133375],[108.996764,35.130474],[109.010013,35.114543],[109.009962,35.108054],[109.004897,35.111524],[109.005695,35.107651],[109.013314,35.106123],[109.012216,35.103483],[109.017088,35.101783],[109.025923,35.104673],[109.033447,35.098029],[109.029555,35.094188],[109.03194,35.090817],[109.030156,35.08636],[109.034509,35.084972],[109.035783,35.080268],[109.033405,35.078299],[109.038428,35.077726],[109.040467,35.070931],[109.047272,35.065987],[109.046126,35.059035],[109.041236,35.057477],[109.049299,35.054733],[109.0507,35.050442],[109.047419,35.049166],[109.051257,35.045236],[109.039803,35.036427],[109.034653,35.041276],[109.032343,35.036373],[109.019308,35.041041],[109.016488,35.037816],[109.006143,35.038645],[108.999445,35.031722],[108.992592,35.030351],[108.996608,35.022666],[108.995746,35.017696],[109.004114,35.014517],[109.009446,35.003714],[109.00104,35.003296],[108.996328,35.006852],[108.997434,35.004384],[108.993158,35.002824],[108.998178,34.994137],[109.004438,34.989634],[109.008548,34.990523],[109.012828,34.980477],[109.026401,34.985388],[109.035042,34.978062],[109.034549,34.970422],[109.044516,34.973273],[109.049068,34.967822],[109.055545,34.970854],[109.072556,34.968253],[109.070317,34.966015],[109.079239,34.959712],[109.076924,34.95588],[109.080373,34.945211],[109.086136,34.936993],[109.093198,34.933758],[109.081125,34.926738],[109.091745,34.919352],[109.08097,34.917364],[109.067648,34.909272],[109.060978,34.912038],[109.055973,34.909657],[109.055939,34.903815],[109.060597,34.901085],[109.054436,34.891678],[109.045608,34.89412],[109.045552,34.89754],[109.038244,34.902241],[109.025311,34.904731],[109.021888,34.903235],[109.026071,34.897321],[109.004111,34.888468],[109.002517,34.89243],[108.991079,34.890505],[108.98317,34.894168],[108.972851,34.889426],[108.968083,34.880136],[108.962494,34.878898],[108.963073,34.8683],[108.959383,34.863693],[108.975102,34.843643],[108.972031,34.841314],[108.973093,34.833625],[108.968017,34.835055],[108.971252,34.828748],[108.969555,34.822348],[108.953961,34.821669],[108.952981,34.828557],[108.93547,34.833097],[108.930765,34.836549],[108.930345,34.8413],[108.929202,34.838651],[108.92535,34.841797],[108.925278,34.838543],[108.923917,34.841799],[108.922271,34.835596],[108.920696,34.837466],[108.917407,34.832959],[108.89481,34.827983],[108.893528,34.824825],[108.898824,34.818683],[108.896438,34.809474],[108.886018,34.8088],[108.878999,34.812646],[108.878474,34.816314],[108.866267,34.820654],[108.864825,34.817699],[108.854143,34.817021],[108.853721,34.819657],[108.853063,34.816959],[108.849372,34.824497],[108.840679,34.814148],[108.82918,34.814373],[108.819959,34.806118],[108.813613,34.813361],[108.818304,34.819459],[108.813055,34.821617],[108.813382,34.833212],[108.80861,34.831717],[108.801036,34.840583],[108.795611,34.837502],[108.797505,34.842633],[108.793805,34.841431],[108.788758,34.846439],[108.78082,34.848112],[108.783324,34.851611],[108.775694,34.852949],[108.77529,34.859781],[108.768712,34.862527],[108.76826,34.867428],[108.764518,34.866823],[108.765543,34.871351],[108.756689,34.868956],[108.738864,34.871792],[108.722971,34.867438],[108.713117,34.875131],[108.704143,34.874436],[108.700684,34.879837],[108.686661,34.879304],[108.671934,34.897398],[108.678474,34.901323],[108.679574,34.906469],[108.67404,34.912211],[108.665453,34.913042],[108.660268,34.922936],[108.663341,34.933083],[108.65807,34.934667],[108.654602,34.945749],[108.644894,34.956543],[108.644821,34.963253],[108.638872,34.97502],[108.630097,34.975904],[108.625497,34.981151],[108.615519,35.003014],[108.612395,35.021215],[108.605485,35.0251],[108.594931,35.021396],[108.585321,35.030171],[108.579257,35.043193]]]}},{"type":"Feature","properties":{"id":"cn:610222","name":"宜君县","level":2},"geometry":{"type":"Polygon","coordinates":[[[108.920116,35.365281],[108.934431,35.392864],[108.951823,35.402815],[108.951909,35.405845],[108.95577,35.405724],[108.957682,35.415191],[108.968209,35.416215],[108.975409,35.420437],[108.971026,35.426568],[108.977369,35.428837],[108.985221,35.437974],[108.973098,35.442332],[108.969572,35.447494],[108.973526,35.44611],[108.984635,35.456434],[108.983033,35.462106],[108.989629,35.467996],[108.987469,35.473369],[108.99666,35.483228],[108.996386,35.488112],[109.007243,35.493082],[109.003744,35.502509],[109.008162,35.503271],[109.010088,35.509518],[109.023713,35.513854],[109.023723,35.518339],[109.030433,35.518566],[109.024869,35.52639],[109.025875,35.529849],[109.046291,35.542635],[109.046263,35.549951],[109.056418,35.55123],[109.06577,35.544871],[109.08656,35.543654],[109.090267,35.54643],[109.0911,35.55407],[109.105277,35.558208],[109.110413,35.554922],[109.110938,35.566525],[109.117613,35.56863],[109.120646,35.566214],[109.127869,35.572822],[109.143915,35.571401],[109.146653,35.574391],[109.149096,35.572112],[109.156183,35.579156],[109.162665,35.576341],[109.181408,35.583629],[109.182997,35.581091],[109.198007,35.581251],[109.205145,35.577561],[109.203084,35.575567],[109.209055,35.571467],[109.206024,35.56594],[109.210778,35.555748],[109.214664,35.552507],[109.22447,35.556316],[109.2221,35.546627],[109.237718,35.522898],[109.271742,35.518079],[109.276381,35.514741],[109.276904,35.509895],[109.283546,35.515906],[109.289502,35.512782],[109.295257,35.516562],[109.306281,35.505906],[109.30831,35.510297],[109.309867,35.507087],[109.312829,35.507799],[109.311492,35.511758],[109.315341,35.509284],[109.318184,35.511932],[109.317777,35.507256],[109.327275,35.508003],[109.331763,35.515663],[109.337385,35.515255],[109.34706,35.520392],[109.364338,35.515896],[109.379174,35.518056],[109.378403,35.521966],[109.398526,35.519143],[109.400175,35.511564],[109.421721,35.500951],[109.426178,35.508154],[109.431139,35.507308],[109.429754,35.510602],[109.433678,35.509118],[109.435524,35.512461],[109.43961,35.509729],[109.44204,35.512699],[109.445783,35.511544],[109.445433,35.505145],[109.452413,35.499393],[109.455994,35.500085],[109.456898,35.508057],[109.459513,35.508025],[109.465061,35.498667],[109.451755,35.493062],[109.450597,35.489421],[109.454725,35.486659],[109.4633,35.489052],[109.465295,35.485237],[109.452055,35.477467],[109.456406,35.474906],[109.470964,35.475779],[109.474972,35.471952],[109.451664,35.456408],[109.455839,35.453693],[109.471035,35.454744],[109.461782,35.444047],[109.470383,35.445551],[109.470323,35.438121],[109.473835,35.435954],[109.466717,35.429529],[109.46854,35.424611],[109.464873,35.425074],[109.461873,35.420784],[109.464216,35.417174],[109.479045,35.412011],[109.472054,35.405227],[109.472649,35.40233],[109.491037,35.393627],[109.485599,35.387078],[109.48686,35.38088],[109.479524,35.377841],[109.487556,35.372037],[109.476821,35.366036],[109.490084,35.354065],[109.472165,35.339445],[109.464463,35.343629],[109.453463,35.34428],[109.445485,35.337756],[109.438955,35.343015],[109.414336,35.330058],[109.402989,35.334909],[109.404453,35.321562],[109.391838,35.313759],[109.389072,35.305516],[109.380992,35.304947],[109.377233,35.297385],[109.366814,35.294373],[109.364415,35.286285],[109.338985,35.281903],[109.337972,35.278433],[109.329776,35.275331],[109.312097,35.274293],[109.298692,35.264844],[109.299121,35.261162],[109.287439,35.256457],[109.278524,35.257392],[109.278264,35.252835],[109.266501,35.264827],[109.262789,35.264487],[109.262011,35.27061],[109.255114,35.26935],[109.252633,35.265965],[109.259435,35.259321],[109.263578,35.245027],[109.257772,35.238334],[109.260375,35.218747],[109.258305,35.212685],[109.251717,35.210902],[109.256566,35.194123],[109.251681,35.19752],[109.245096,35.19545],[109.236708,35.199122],[109.231256,35.218779],[109.22886,35.218775],[109.227945,35.208355],[109.22525,35.206393],[109.216833,35.216557],[109.204458,35.218405],[109.206313,35.199337],[109.21968,35.181877],[109.218074,35.168099],[109.223307,35.155375],[109.209475,35.156795],[109.194333,35.163956],[109.193215,35.154259],[109.181107,35.151544],[109.176607,35.140601],[109.171327,35.13935],[109.153091,35.143889],[109.145076,35.155025],[109.131458,35.157034],[109.127718,35.15521],[109.12552,35.142372],[109.121527,35.138908],[109.102167,35.135888],[109.098697,35.136092],[109.099257,35.154553],[109.091689,35.159509],[109.090846,35.163526],[109.101025,35.186082],[109.100394,35.190354],[109.087838,35.190776],[109.082506,35.186654],[109.075487,35.186407],[109.076111,35.189627],[109.068755,35.191971],[109.071592,35.19336],[109.068791,35.196111],[109.075016,35.205664],[109.074109,35.208671],[109.045281,35.219521],[109.052472,35.229007],[109.044138,35.236821],[109.040874,35.23651],[109.038208,35.243115],[109.045523,35.248004],[109.046921,35.257268],[109.032282,35.264269],[109.018115,35.251629],[109.011621,35.261668],[109.004345,35.258987],[108.998797,35.267489],[108.991399,35.264792],[108.984345,35.284452],[108.9676,35.280785],[108.955688,35.28699],[108.953655,35.284801],[108.945902,35.288156],[108.943298,35.294935],[108.934338,35.296543],[108.930685,35.307624],[108.931316,35.313359],[108.934444,35.313475],[108.925643,35.325776],[108.927212,35.333448],[108.954542,35.344355],[108.962093,35.35111],[108.947362,35.351154],[108.941265,35.355233],[108.925513,35.356398],[108.920116,35.365281]]]}},{"type":"Feature","properties":{"id":"cn:6103","name":"宝鸡市","level":1},"geometry":{"type":"Polygon","coordinates":[[[106.309158,34.581066],[106.318958,34.591099],[106.360486,34.609186],[106.373958,34.62492],[106.380373,34.627628],[106.385883,34.625282],[106.397298,34.637716],[106.410108,34.639249],[106.415149,34.644468],[106.4178,34.656347],[106.441948,34.637668],[106.45413,34.640045],[106.467066,34.635356],[106.462857,34.642547],[106.467688,34.645978],[106.468228,34.652526],[106.441344,34.670551],[106.437785,34.676301],[106.437594,34.685241],[106.442976,34.695974],[106.45532,34.706664],[106.482664,34.71633],[106.489989,34.725672],[106.495172,34.742365],[106.501621,34.748044],[106.540007,34.747313],[106.548696,34.753202],[106.544482,34.76288],[106.567498,34.769364],[106.575239,34.779959],[106.574329,34.790275],[106.561157,34.799284],[106.560801,34.810184],[106.549606,34.815894],[106.55119,34.819622],[106.546768,34.830695],[106.551809,34.831979],[106.550979,34.838048],[106.555927,34.852595],[106.554043,34.858796],[106.547159,34.86595],[106.523888,34.877578],[106.516457,34.886336],[106.506014,34.92605],[106.488896,34.94198],[106.488179,34.962929],[106.47888,34.980927],[106.483836,34.987459],[106.495019,34.991203],[106.497954,34.996437],[106.490312,35.002085],[106.494109,35.017365],[106.484311,35.022048],[106.492166,35.024556],[106.499311,35.034609],[106.516582,35.028554],[106.52214,35.030381],[106.526723,35.046836],[106.541573,35.070022],[106.538094,35.084785],[106.552285,35.090506],[106.55626,35.090808],[106.566896,35.079897],[106.569192,35.081453],[106.56791,35.087863],[106.571801,35.090281],[106.608257,35.076732],[106.611318,35.072085],[106.61836,35.071473],[106.621137,35.074523],[106.635983,35.072447],[106.642095,35.079394],[106.651181,35.077255],[106.657417,35.07058],[106.663702,35.077964],[106.702163,35.082693],[106.702216,35.087337],[106.710425,35.093759],[106.706511,35.101261],[106.710189,35.106364],[106.715705,35.09928],[106.729124,35.102067],[106.749202,35.099823],[106.834124,35.080699],[106.855336,35.092963],[106.878865,35.094268],[106.883772,35.089606],[106.897428,35.095459],[106.905653,35.089049],[106.908301,35.080516],[106.926437,35.075914],[106.928298,35.083797],[106.940078,35.081049],[106.943083,35.071242],[106.950097,35.066226],[106.960363,35.065039],[106.984456,35.070572],[106.986269,35.069303],[106.978851,35.060469],[106.994538,35.057231],[107.00629,35.038852],[107.005237,35.030145],[107.017489,35.033351],[107.026331,35.029856],[107.038216,35.042404],[107.040318,35.039338],[107.047374,35.040184],[107.043512,35.029014],[107.071397,35.026161],[107.083871,35.021431],[107.092812,35.005977],[107.084783,34.977429],[107.0894,34.970729],[107.09815,34.960772],[107.114704,34.950953],[107.129612,34.950068],[107.131713,34.945494],[107.157543,34.944933],[107.167456,34.938166],[107.175094,34.929134],[107.184765,34.894183],[107.19624,34.882582],[107.204398,34.883689],[107.209372,34.878169],[107.218253,34.879111],[107.226518,34.893504],[107.247768,34.882151],[107.257642,34.908437],[107.265684,34.910719],[107.271411,34.907479],[107.276558,34.909968],[107.280502,34.930524],[107.290675,34.937263],[107.324721,34.938865],[107.341119,34.936347],[107.358888,34.919147],[107.366969,34.918801],[107.380303,34.930303],[107.395711,34.93375],[107.420986,34.92949],[107.45056,34.917601],[107.473755,34.920238],[107.519258,34.910843],[107.529631,34.913207],[107.533155,34.933548],[107.546437,34.941364],[107.555334,34.96437],[107.564431,34.97179],[107.600968,34.959758],[107.612253,34.96531],[107.621142,34.96379],[107.629222,34.951513],[107.624058,34.927834],[107.619244,34.920553],[107.635214,34.919887],[107.634445,34.936326],[107.64291,34.933194],[107.649672,34.934604],[107.66963,34.952174],[107.672121,34.948444],[107.678648,34.952168],[107.70012,34.951488],[107.707763,34.964092],[107.711842,34.958582],[107.711593,34.951872],[107.736756,34.95445],[107.773761,34.965597],[107.800006,34.957727],[107.795259,34.967942],[107.80208,34.974522],[107.814339,34.975558],[107.81359,34.963969],[107.825681,34.947619],[107.826137,34.940064],[107.821466,34.937582],[107.821102,34.933291],[107.829614,34.915761],[107.836374,34.908295],[107.839714,34.909523],[107.838567,34.903314],[107.845551,34.897026],[107.844657,34.892048],[107.836544,34.892068],[107.8417,34.884645],[107.838983,34.88256],[107.840823,34.881066],[107.835633,34.87953],[107.844231,34.881221],[107.851055,34.867883],[107.849437,34.865053],[107.853283,34.863822],[107.851265,34.847551],[107.866724,34.844211],[107.868121,34.850591],[107.863841,34.854998],[107.868374,34.857511],[107.868255,34.8537],[107.874324,34.852464],[107.879318,34.842349],[107.895798,34.841733],[107.92517,34.848818],[107.935422,34.862629],[107.944464,34.861383],[107.939801,34.856058],[107.94546,34.856031],[107.945088,34.81932],[107.950056,34.805113],[107.962302,34.79608],[107.972008,34.794377],[107.983041,34.797823],[107.986497,34.794117],[107.994148,34.777871],[107.998237,34.77545],[108.005007,34.743544],[108.003572,34.735065],[108.012537,34.725495],[108.01126,34.714584],[108.016997,34.685313],[108.012429,34.681505],[108.017029,34.683251],[108.024227,34.673491],[108.018975,34.664582],[108.022631,34.661203],[108.020432,34.65738],[108.025973,34.65139],[108.023297,34.64746],[108.02697,34.637305],[108.024889,34.630831],[108.028202,34.631026],[108.030828,34.626665],[108.026031,34.626682],[108.021986,34.620571],[108.009279,34.623757],[108.008457,34.616568],[107.992511,34.616844],[107.990993,34.604244],[107.98326,34.599812],[107.975245,34.57469],[107.978971,34.569278],[107.986698,34.569101],[107.997709,34.553422],[108.005155,34.535253],[107.999291,34.529279],[107.999929,34.517365],[107.995372,34.509071],[108.000323,34.508485],[108.000374,34.504895],[107.991708,34.502016],[107.989562,34.497907],[107.992891,34.488563],[108.008604,34.484189],[108.010011,34.488876],[108.013164,34.487158],[108.016303,34.490036],[108.015355,34.486485],[108.023505,34.483687],[108.023481,34.480901],[108.017559,34.48206],[108.016665,34.474873],[108.010157,34.475541],[108.008845,34.46004],[108.012135,34.445213],[108.004529,34.443451],[108.004159,34.440367],[108.010588,34.431252],[108.018479,34.429462],[108.030088,34.410747],[108.030465,34.40648],[108.024499,34.398389],[108.036832,34.391251],[108.034276,34.388176],[108.022881,34.386393],[108.024656,34.372207],[108.028916,34.369111],[108.030024,34.362504],[108.029987,34.356352],[108.026617,34.354],[108.047932,34.344088],[108.048528,34.325079],[108.046296,34.322902],[108.042656,34.325209],[108.042627,34.321071],[108.032815,34.320454],[108.026635,34.316088],[108.021896,34.315652],[108.017958,34.322627],[108.006852,34.32187],[108.008403,34.318822],[108.0044,34.318181],[107.993836,34.331359],[107.993843,34.335227],[107.98921,34.33208],[107.992438,34.321962],[107.983326,34.315015],[107.964774,34.324512],[107.950181,34.323731],[107.941413,34.306259],[107.947021,34.295376],[107.946341,34.289213],[107.954221,34.291139],[107.956738,34.286094],[107.962189,34.289465],[107.968483,34.280099],[107.970882,34.284258],[107.973529,34.283365],[107.973437,34.276619],[107.969439,34.276881],[107.968996,34.270408],[107.99071,34.267226],[107.991031,34.263011],[107.993511,34.262923],[107.985232,34.257712],[107.987384,34.243514],[107.985553,34.223267],[108.000584,34.22452],[108.002902,34.228788],[108.023541,34.228307],[108.030277,34.212771],[108.025225,34.21],[108.018768,34.192924],[108.018359,34.178577],[108.012336,34.176704],[108.00816,34.164344],[107.998343,34.15723],[107.99757,34.149126],[107.993265,34.148515],[107.996867,34.141154],[107.996607,34.119754],[107.992779,34.114464],[107.995878,34.101981],[107.971885,34.076641],[107.966981,34.076662],[107.96798,34.063716],[107.965688,34.060284],[107.952433,34.052052],[107.950151,34.047243],[107.938519,34.044014],[107.935629,34.028749],[107.938683,34.020385],[107.937122,34.009413],[107.943275,33.998914],[107.945324,33.987061],[107.9372,33.984706],[107.915307,33.986206],[107.911123,33.987834],[107.903702,34.000994],[107.897261,34.001685],[107.87306,33.995592],[107.853721,33.979274],[107.841967,33.976815],[107.825813,33.986214],[107.822549,33.991724],[107.8056,33.99663],[107.795216,33.986539],[107.78419,33.985393],[107.778669,33.981181],[107.762751,33.957455],[107.76595,33.954649],[107.741258,33.944274],[107.723419,33.932625],[107.70901,33.92894],[107.712873,33.91197],[107.70527,33.873023],[107.699663,33.858922],[107.703881,33.84929],[107.700088,33.843522],[107.700193,33.835341],[107.694394,33.83188],[107.69271,33.819571],[107.684837,33.811847],[107.674785,33.809949],[107.68127,33.798682],[107.680757,33.791987],[107.673622,33.78683],[107.669161,33.7767],[107.659204,33.769924],[107.661176,33.761746],[107.683249,33.746421],[107.685169,33.732415],[107.690932,33.725683],[107.68201,33.722733],[107.675302,33.707886],[107.65497,33.7034],[107.646905,33.708485],[107.642208,33.706865],[107.631735,33.719797],[107.622665,33.720809],[107.600629,33.716986],[107.594392,33.708723],[107.581057,33.700652],[107.557767,33.708588],[107.551094,33.706204],[107.546568,33.699289],[107.536909,33.698185],[107.533512,33.689797],[107.52108,33.683865],[107.4985,33.688733],[107.491483,33.685493],[107.48579,33.687573],[107.485853,33.680401],[107.480442,33.67394],[107.469315,33.671739],[107.453313,33.659918],[107.441975,33.660248],[107.435134,33.649642],[107.42871,33.652741],[107.415108,33.647487],[107.401534,33.646463],[107.392255,33.652083],[107.394476,33.660843],[107.379298,33.674809],[107.380552,33.679156],[107.366083,33.690723],[107.360693,33.690178],[107.354651,33.68444],[107.34567,33.686136],[107.327874,33.695404],[107.314831,33.697084],[107.312223,33.703873],[107.301515,33.706975],[107.303363,33.723789],[107.311389,33.728285],[107.29813,33.738209],[107.297551,33.763248],[107.305346,33.772379],[107.316804,33.774697],[107.320957,33.795569],[107.333028,33.803104],[107.337201,33.816051],[107.328676,33.815705],[107.326444,33.819753],[107.319946,33.821834],[107.314998,33.810436],[107.308538,33.808814],[107.295418,33.794025],[107.286784,33.799778],[107.278929,33.798936],[107.271992,33.802291],[107.268157,33.792623],[107.226607,33.768986],[107.225194,33.758791],[107.214611,33.75633],[107.208485,33.750434],[107.195805,33.751728],[107.180616,33.754349],[107.175753,33.7732],[107.168191,33.775064],[107.155379,33.791747],[107.148329,33.786467],[107.139829,33.795636],[107.122997,33.779044],[107.123934,33.790559],[107.128897,33.795017],[107.12657,33.804151],[107.132045,33.813395],[107.130243,33.8181],[107.118359,33.815162],[107.115171,33.810169],[107.104984,33.813767],[107.100368,33.823644],[107.078071,33.820099],[107.065016,33.830286],[107.063149,33.838858],[107.057922,33.843999],[107.060076,33.848376],[107.055046,33.854043],[107.054383,33.859291],[107.057514,33.862171],[107.054807,33.868521],[107.058403,33.878325],[107.046415,33.878749],[107.034608,33.868287],[107.038668,33.864017],[107.038069,33.852547],[107.029603,33.842489],[107.036157,33.826168],[107.040235,33.822985],[107.03721,33.817614],[107.040938,33.803506],[107.036295,33.797776],[107.030612,33.800446],[107.023803,33.788372],[106.997391,33.793225],[106.992565,33.791562],[106.985395,33.799539],[106.976361,33.800374],[106.958762,33.81174],[106.947607,33.814034],[106.946275,33.821708],[106.927387,33.827392],[106.925439,33.833656],[106.919726,33.834425],[106.909724,33.848493],[106.892828,33.845291],[106.886127,33.849535],[106.889909,33.855258],[106.885025,33.862971],[106.8758,33.862595],[106.868718,33.866674],[106.860019,33.8793],[106.856352,33.879276],[106.851235,33.874846],[106.850952,33.865142],[106.853823,33.863329],[106.849995,33.850391],[106.837649,33.838786],[106.835067,33.828926],[106.812509,33.835968],[106.812256,33.830228],[106.803946,33.816892],[106.800368,33.796052],[106.805315,33.785547],[106.802289,33.785656],[106.799625,33.776196],[106.804819,33.775691],[106.809108,33.759172],[106.803743,33.751055],[106.806272,33.747378],[106.803289,33.737728],[106.795409,33.726894],[106.796417,33.718461],[106.800827,33.717731],[106.797165,33.701597],[106.802499,33.695328],[106.799384,33.685268],[106.796115,33.684053],[106.797024,33.678972],[106.783097,33.677077],[106.765724,33.681361],[106.758687,33.687131],[106.747294,33.690589],[106.712931,33.693783],[106.683751,33.703534],[106.671156,33.704109],[106.673049,33.699625],[106.683611,33.694482],[106.690565,33.694971],[106.691565,33.688639],[106.70198,33.67751],[106.682484,33.666995],[106.667165,33.662814],[106.647736,33.664813],[106.638356,33.661206],[106.650477,33.645825],[106.648742,33.636602],[106.634913,33.635566],[106.632903,33.631608],[106.627572,33.630235],[106.626544,33.622376],[106.619128,33.616083],[106.621865,33.608207],[106.618421,33.596113],[106.598709,33.589437],[106.594695,33.580686],[106.585401,33.582205],[106.574945,33.588876],[106.577524,33.59249],[106.577733,33.611653],[106.571596,33.633508],[106.53572,33.692917],[106.520972,33.701045],[106.489132,33.704024],[106.478464,33.708916],[106.476597,33.713971],[106.482839,33.733869],[106.481865,33.772383],[106.47564,33.782281],[106.460849,33.788342],[106.456231,33.794562],[106.464477,33.821549],[106.489981,33.839937],[106.485467,33.856011],[106.4729,33.868214],[106.471084,33.877214],[106.463128,33.878272],[106.458862,33.885371],[106.452866,33.883591],[106.457112,33.879812],[106.447472,33.877137],[106.452611,33.872605],[106.439894,33.86847],[106.421456,33.868821],[106.414668,33.878949],[106.415322,33.895137],[106.406176,33.909415],[106.439261,33.936008],[106.450917,33.953651],[106.45952,33.959324],[106.471803,33.975286],[106.475318,33.995884],[106.467349,34.025504],[106.47517,34.035995],[106.501333,34.058041],[106.502661,34.079346],[106.497696,34.106426],[106.51155,34.111137],[106.556579,34.111368],[106.563625,34.127213],[106.56629,34.126792],[106.580867,34.151133],[106.568277,34.171679],[106.554544,34.229079],[106.547234,34.244257],[106.535177,34.25374],[106.528016,34.255629],[106.508771,34.240874],[106.497964,34.2382],[106.489995,34.243301],[106.492347,34.256571],[106.52233,34.293487],[106.573119,34.282564],[106.582808,34.259112],[106.589116,34.253796],[106.5985,34.252579],[106.622407,34.262471],[106.629586,34.261494],[106.649022,34.245522],[106.659795,34.244746],[106.668978,34.249021],[106.677937,34.257654],[106.700896,34.301],[106.700454,34.310175],[106.687719,34.331363],[106.686704,34.338937],[106.709794,34.3479],[106.7131,34.370708],[106.704847,34.377421],[106.695168,34.370681],[106.688668,34.379158],[106.677324,34.377387],[106.678706,34.381611],[106.675061,34.385578],[106.659326,34.382547],[106.649079,34.392859],[106.633218,34.393582],[106.636314,34.402064],[106.632486,34.405452],[106.626696,34.403629],[106.621354,34.411423],[106.617819,34.422005],[106.619696,34.429353],[106.614476,34.43129],[106.610661,34.441818],[106.615304,34.449507],[106.61004,34.447556],[106.606017,34.456008],[106.597516,34.44967],[106.595098,34.454161],[106.587682,34.456487],[106.591464,34.462268],[106.598196,34.462682],[106.598477,34.465684],[106.580932,34.466901],[106.579334,34.473502],[106.563944,34.47637],[106.569253,34.484517],[106.557157,34.482063],[106.553386,34.490328],[106.546481,34.489782],[106.53962,34.479993],[106.535628,34.480052],[106.534416,34.483629],[106.537861,34.488584],[106.53409,34.493448],[106.521433,34.494159],[106.510254,34.499008],[106.50752,34.505963],[106.50975,34.512603],[106.49768,34.512604],[106.485357,34.517598],[106.481837,34.525985],[106.474381,34.523068],[106.467198,34.52438],[106.462566,34.531601],[106.454673,34.524089],[106.453049,34.526878],[106.456295,34.531053],[106.451063,34.532822],[106.443606,34.524417],[106.431533,34.528482],[106.419851,34.524617],[106.408656,34.525512],[106.402676,34.523943],[106.397918,34.513332],[106.392968,34.510472],[106.382328,34.512201],[106.381473,34.519858],[106.376177,34.522115],[106.363331,34.513171],[106.343705,34.520792],[106.339296,34.518186],[106.330222,34.519124],[106.339212,34.535552],[106.339082,34.544183],[106.335359,34.549329],[106.339704,34.561507],[106.336733,34.569209],[106.328219,34.574878],[106.309158,34.581066]]]}},{"type":"Feature","properties":{"id":"cn:610302","name":"渭滨区","level":2},"geometry":{"type":"Polygon","coordinates":[[[106.892798,34.319357],[106.894055,34.325407],[106.892397,34.329229],[106.901539,34.335188],[106.901007,34.345559],[106.911002,34.345386],[106.90141,34.352876],[106.905278,34.354318],[106.909481,34.351242],[106.910699,34.353384],[106.903644,34.355761],[106.9094,34.357995],[106.912512,34.365287],[106.906778,34.374921],[106.918353,34.380732],[106.919521,34.389434],[106.926844,34.388761],[106.928806,34.395126],[106.944512,34.402168],[106.940466,34.40903],[106.927158,34.410231],[106.920435,34.430798],[106.924648,34.440129],[106.918403,34.451935],[106.921938,34.459269],[106.918272,34.461062],[106.917869,34.472447],[106.913591,34.474802],[106.922933,34.479004],[106.923821,34.482169],[106.930211,34.479402],[106.935207,34.481711],[106.94409,34.480523],[106.952712,34.473889],[106.950091,34.464528],[106.955088,34.454252],[106.960893,34.455763],[106.963434,34.447972],[106.964362,34.453654],[106.966557,34.453264],[106.983259,34.440943],[106.98924,34.43178],[107.000579,34.431023],[107.008217,34.436549],[107.00899,34.42558],[107.011812,34.422489],[107.017159,34.423482],[107.01984,34.417499],[107.017202,34.409296],[107.022526,34.405845],[107.023718,34.398002],[107.028812,34.396495],[107.031854,34.390661],[107.042893,34.387469],[107.056178,34.373402],[107.101043,34.375285],[107.116783,34.366239],[107.119449,34.372698],[107.126906,34.376639],[107.161282,34.373598],[107.153302,34.360412],[107.162613,34.352827],[107.213064,34.354711],[107.229117,34.359518],[107.240236,34.355127],[107.259665,34.353373],[107.269017,34.35614],[107.303777,34.35104],[107.305169,34.332886],[107.316187,34.332446],[107.3164,34.326146],[107.321425,34.323202],[107.320248,34.305198],[107.323109,34.303479],[107.320277,34.299749],[107.323466,34.297486],[107.317506,34.291372],[107.320295,34.286273],[107.313156,34.285266],[107.312142,34.276446],[107.303959,34.272018],[107.310045,34.269313],[107.309221,34.264512],[107.305057,34.262586],[107.310238,34.260086],[107.301357,34.25186],[107.314137,34.251259],[107.308932,34.248313],[107.305941,34.241615],[107.309025,34.239295],[107.295343,34.240056],[107.291442,34.237549],[107.30388,34.233605],[107.304109,34.227613],[107.309951,34.224419],[107.304365,34.224391],[107.307883,34.218816],[107.298915,34.209191],[107.303679,34.199226],[107.299637,34.196867],[107.286197,34.167113],[107.263425,34.171395],[107.256397,34.165652],[107.255627,34.15967],[107.243275,34.14997],[107.242763,34.144613],[107.223255,34.149892],[107.215095,34.146185],[107.212801,34.150784],[107.187974,34.151814],[107.173536,34.157255],[107.154796,34.155181],[107.125536,34.164401],[107.104138,34.157624],[107.102277,34.1515],[107.097575,34.148671],[107.100936,34.141896],[107.100425,34.132416],[107.093667,34.129314],[107.090598,34.122372],[107.084018,34.121406],[107.084727,34.126156],[107.079379,34.132329],[107.055078,34.141501],[107.059072,34.154075],[107.053438,34.164946],[107.041516,34.163335],[107.035586,34.168691],[107.038244,34.175893],[107.03208,34.178463],[107.027647,34.187582],[107.029862,34.199689],[107.012068,34.202149],[107.003613,34.225793],[106.987342,34.228306],[106.987727,34.231475],[106.981987,34.236262],[106.969761,34.241812],[106.953615,34.245052],[106.937661,34.24374],[106.933364,34.251299],[106.934302,34.274366],[106.920581,34.28278],[106.920133,34.286232],[106.906941,34.289112],[106.903776,34.295743],[106.897194,34.297457],[106.894281,34.307628],[106.901112,34.314925],[106.892798,34.319357]]]}},{"type":"Feature","properties":{"id":"cn:610303","name":"金台区","level":2},"geometry":{"type":"Polygon","coordinates":[[[106.891818,34.482514],[106.89484,34.486475],[106.895963,34.494235],[106.893171,34.497437],[106.895955,34.503478],[106.906323,34.506947],[106.903749,34.515547],[106.917676,34.51639],[106.921395,34.513618],[106.928954,34.515921],[106.938315,34.523127],[106.934843,34.525463],[106.937962,34.527632],[106.93636,34.530764],[106.9446,34.531538],[106.949138,34.527299],[106.952916,34.531667],[106.954909,34.528672],[106.967873,34.529076],[106.970191,34.524444],[106.98693,34.522039],[106.991213,34.516831],[107.004962,34.521153],[107.006681,34.514058],[107.013846,34.521273],[107.01546,34.518303],[107.021891,34.51961],[107.026125,34.516264],[107.034634,34.521857],[107.042505,34.515932],[107.042157,34.510223],[107.050293,34.49813],[107.059064,34.495398],[107.068613,34.475766],[107.076,34.472161],[107.078475,34.462326],[107.088122,34.473713],[107.115626,34.491978],[107.117389,34.482883],[107.13032,34.478969],[107.142164,34.465902],[107.146184,34.456164],[107.148822,34.456523],[107.15969,34.444142],[107.168609,34.446303],[107.185738,34.444303],[107.186259,34.441216],[107.19451,34.441621],[107.193417,34.432741],[107.201347,34.432645],[107.201907,34.426922],[107.206147,34.423716],[107.233416,34.4219],[107.233814,34.415136],[107.240817,34.411508],[107.245195,34.399473],[107.254737,34.396667],[107.25993,34.3877],[107.26777,34.382187],[107.263681,34.381244],[107.263684,34.376476],[107.287567,34.367152],[107.2863,34.353617],[107.240236,34.355127],[107.228109,34.359517],[107.213064,34.354711],[107.162613,34.352827],[107.153302,34.360412],[107.161282,34.373598],[107.126906,34.376639],[107.119449,34.372698],[107.116783,34.366239],[107.101043,34.375285],[107.05808,34.372585],[107.042893,34.387469],[107.031854,34.390661],[107.028812,34.396495],[107.023718,34.398002],[107.022526,34.405845],[107.017202,34.409296],[107.01984,34.417499],[107.017159,34.423482],[107.011812,34.422489],[107.00899,34.42558],[107.008217,34.436549],[107.000579,34.431023],[106.989487,34.431686],[106.983259,34.440943],[106.966557,34.453264],[106.964362,34.453654],[106.963434,34.447972],[106.960893,34.455763],[106.955088,34.454252],[106.950091,34.464528],[106.952793,34.473674],[106.948898,34.477732],[106.923821,34.482169],[106.922933,34.479004],[106.911412,34.473823],[106.891818,34.482514]]]}},{"type":"Feature","properties":{"id":"cn:610304","name":"陈仓区","level":2},"geometry":{"type":"Polygon","coordinates":[[[106.309158,34.581066],[106.318958,34.591099],[106.360486,34.609186],[106.373958,34.62492],[106.380373,34.627628],[106.385883,34.625282],[106.397298,34.637716],[106.410108,34.639249],[106.415149,34.644468],[106.4178,34.656347],[106.441948,34.637668],[106.45413,34.640045],[106.466709,34.635097],[106.462857,34.642547],[106.466896,34.64833],[106.473097,34.649588],[106.469009,34.653121],[106.470386,34.657295],[106.491974,34.659032],[106.497137,34.656245],[106.494235,34.655746],[106.495714,34.653469],[106.516434,34.651352],[106.551603,34.63155],[106.544454,34.622663],[106.559167,34.611239],[106.568655,34.62064],[106.587018,34.628175],[106.603196,34.624703],[106.612085,34.628014],[106.6332,34.612751],[106.639848,34.613152],[106.646324,34.608938],[106.654158,34.608884],[106.66601,34.619595],[106.673601,34.61614],[106.675549,34.607223],[106.692457,34.620407],[106.683706,34.625538],[106.684869,34.646654],[106.699032,34.645776],[106.703451,34.652307],[106.708658,34.653389],[106.711104,34.644491],[106.720989,34.635221],[106.728149,34.636516],[106.735724,34.62589],[106.736208,34.612354],[106.742703,34.605268],[106.750298,34.609894],[106.758842,34.609483],[106.759411,34.59953],[106.764195,34.596107],[106.7704,34.60794],[106.780912,34.609344],[106.78741,34.615478],[106.79758,34.614576],[106.802965,34.612088],[106.809672,34.600935],[106.819225,34.593246],[106.833413,34.585828],[106.836067,34.597205],[106.834807,34.611083],[106.838999,34.614819],[106.839776,34.625719],[106.823453,34.634958],[106.820358,34.643289],[106.82503,34.644861],[106.82387,34.653927],[106.832586,34.668867],[106.830695,34.681779],[106.838721,34.694507],[106.837912,34.699348],[106.84587,34.702165],[106.853689,34.713563],[106.874001,34.719055],[106.876716,34.724951],[106.882327,34.723234],[106.883136,34.734603],[106.888681,34.738202],[106.891949,34.746449],[106.897171,34.745421],[106.897972,34.749325],[106.903722,34.749269],[106.906727,34.747713],[106.902868,34.74661],[106.905113,34.744176],[106.91207,34.746269],[106.910547,34.73893],[106.916793,34.733699],[106.92509,34.732582],[106.926977,34.725748],[106.937675,34.726782],[106.94381,34.724528],[106.945664,34.719987],[106.95353,34.721907],[106.955993,34.71686],[106.96635,34.71169],[106.958428,34.702024],[106.963588,34.694932],[106.976635,34.690519],[106.982748,34.670715],[107.001777,34.665626],[107.002477,34.653086],[107.008518,34.646879],[107.009608,34.64074],[107.015057,34.638299],[107.027412,34.639786],[107.042348,34.631037],[107.049598,34.630143],[107.053156,34.62652],[107.051662,34.62067],[107.057905,34.612171],[107.078263,34.604435],[107.086831,34.597029],[107.098097,34.595375],[107.106372,34.588652],[107.104216,34.583463],[107.114697,34.574278],[107.118868,34.564991],[107.131647,34.570812],[107.13842,34.570616],[107.139026,34.579716],[107.143171,34.579836],[107.146784,34.586148],[107.152029,34.581532],[107.158722,34.583685],[107.159125,34.579602],[107.163563,34.580672],[107.157404,34.57184],[107.164812,34.562535],[107.202996,34.564655],[107.202551,34.551986],[107.192324,34.534307],[107.176449,34.532448],[107.182204,34.52048],[107.191353,34.521143],[107.199716,34.517775],[107.196752,34.496397],[107.246267,34.438858],[107.262895,34.44511],[107.26934,34.437451],[107.278826,34.446365],[107.284544,34.439455],[107.283351,34.436935],[107.289736,34.430316],[107.292177,34.431845],[107.294729,34.424318],[107.29858,34.424878],[107.303171,34.420697],[107.30137,34.417376],[107.304557,34.414242],[107.317638,34.426848],[107.32963,34.430729],[107.332088,34.430222],[107.329505,34.427138],[107.331863,34.422103],[107.335502,34.417538],[107.339728,34.417457],[107.339311,34.412263],[107.342635,34.410633],[107.362126,34.428565],[107.381612,34.425776],[107.38337,34.430157],[107.400264,34.434851],[107.400568,34.437918],[107.412621,34.436538],[107.416709,34.430967],[107.428688,34.428916],[107.434493,34.423407],[107.457394,34.426505],[107.4644,34.419759],[107.471326,34.41874],[107.464978,34.40145],[107.475265,34.396916],[107.485795,34.401348],[107.490895,34.400209],[107.481311,34.375551],[107.504284,34.359066],[107.505541,34.352678],[107.513607,34.35035],[107.516637,34.354539],[107.524332,34.34901],[107.526259,34.354889],[107.534568,34.352522],[107.537842,34.347292],[107.54708,34.349481],[107.549665,34.347152],[107.551441,34.350122],[107.554689,34.345389],[107.55695,34.347959],[107.564481,34.347261],[107.571457,34.345213],[107.570564,34.342271],[107.577224,34.3422],[107.575173,34.324847],[107.582056,34.321166],[107.579185,34.300044],[107.583697,34.297904],[107.582529,34.289474],[107.578971,34.289556],[107.578359,34.278572],[107.573905,34.278939],[107.577831,34.275627],[107.571303,34.269323],[107.577161,34.264441],[107.57204,34.263633],[107.575127,34.260443],[107.573604,34.248597],[107.57096,34.246339],[107.567319,34.252497],[107.568031,34.245216],[107.562637,34.246278],[107.553896,34.237518],[107.550001,34.22448],[107.540185,34.214949],[107.539422,34.185108],[107.528359,34.158407],[107.523106,34.159912],[107.502194,34.151224],[107.491218,34.140899],[107.487157,34.146041],[107.470957,34.147068],[107.468507,34.143094],[107.458679,34.139812],[107.455953,34.130947],[107.449459,34.127587],[107.44201,34.127471],[107.424339,34.137441],[107.42294,34.144201],[107.406219,34.152831],[107.405668,34.156765],[107.390399,34.159507],[107.384729,34.16803],[107.375796,34.166291],[107.361866,34.155628],[107.353724,34.154302],[107.345808,34.156494],[107.345443,34.162155],[107.342063,34.164736],[107.320298,34.157117],[107.299923,34.165381],[107.286305,34.1666],[107.299637,34.196867],[107.303679,34.199226],[107.298915,34.209191],[107.307883,34.218816],[107.304365,34.224391],[107.309951,34.224419],[107.304109,34.227613],[107.30388,34.233605],[107.291442,34.237549],[107.295343,34.240056],[107.309025,34.239295],[107.305941,34.241615],[107.308932,34.248313],[107.314137,34.251259],[107.301357,34.25186],[107.310238,34.260086],[107.305057,34.262586],[107.309221,34.264512],[107.310045,34.269313],[107.303959,34.272018],[107.312142,34.276446],[107.313156,34.285266],[107.320295,34.286273],[107.317506,34.291372],[107.323466,34.297486],[107.320277,34.299749],[107.323109,34.303479],[107.320248,34.305198],[107.321425,34.323202],[107.3164,34.326146],[107.316187,34.332446],[107.305169,34.332886],[107.303934,34.350963],[107.2863,34.353617],[107.287567,34.367152],[107.263684,34.376476],[107.263681,34.381244],[107.26777,34.382187],[107.25993,34.3877],[107.254737,34.396667],[107.245195,34.399473],[107.240817,34.411508],[107.233814,34.415136],[107.233416,34.4219],[107.206147,34.423716],[107.201907,34.426922],[107.201347,34.432645],[107.193417,34.432741],[107.19451,34.441621],[107.186259,34.441216],[107.185738,34.444303],[107.168609,34.446303],[107.15969,34.444142],[107.148822,34.456523],[107.146184,34.456164],[107.142164,34.465902],[107.13032,34.478969],[107.117389,34.482883],[107.115626,34.491978],[107.088122,34.473713],[107.078475,34.462326],[107.076,34.472161],[107.068613,34.475766],[107.059064,34.495398],[107.050293,34.49813],[107.042157,34.510223],[107.042505,34.515932],[107.034883,34.52176],[107.026125,34.516264],[107.021891,34.51961],[107.01546,34.518303],[107.013846,34.521273],[107.006681,34.514058],[107.004962,34.521153],[106.991213,34.516831],[106.98693,34.522039],[106.973315,34.523231],[106.96799,34.529028],[106.954909,34.528672],[106.952916,34.531667],[106.949138,34.527299],[106.9446,34.531538],[106.93636,34.530764],[106.937962,34.527632],[106.934843,34.525463],[106.938315,34.523127],[106.924729,34.514336],[106.903749,34.515547],[106.906323,34.506947],[106.895955,34.503478],[106.893171,34.497437],[106.895963,34.494235],[106.891851,34.482353],[106.917869,34.472447],[106.918272,34.461062],[106.921938,34.459269],[106.918403,34.451935],[106.924648,34.440129],[106.920435,34.430798],[106.927158,34.410231],[106.940466,34.40903],[106.944512,34.402168],[106.928806,34.395126],[106.926844,34.388761],[106.919521,34.389434],[106.918353,34.380732],[106.906778,34.374921],[106.912512,34.365287],[106.9094,34.357995],[106.903644,34.355761],[106.910699,34.353384],[106.909481,34.351242],[106.905278,34.354318],[106.90141,34.352876],[106.911002,34.345386],[106.901007,34.345559],[106.901539,34.335188],[106.89222,34.328782],[106.892444,34.319713],[106.901112,34.314925],[106.894195,34.307184],[106.898369,34.298817],[106.883882,34.29434],[106.865027,34.297473],[106.861634,34.279151],[106.8554,34.28303],[106.848549,34.278917],[106.836394,34.289022],[106.83048,34.288178],[106.824781,34.298012],[106.800011,34.295111],[106.79298,34.30204],[106.78405,34.301093],[106.779983,34.304426],[106.776543,34.300508],[106.76257,34.304558],[106.759434,34.297664],[106.748811,34.290557],[106.745525,34.278754],[106.731282,34.273721],[106.725383,34.278629],[106.717679,34.277547],[106.706238,34.284291],[106.701169,34.284062],[106.696895,34.291638],[106.700896,34.301],[106.700454,34.310175],[106.686105,34.335506],[106.688665,34.340756],[106.709794,34.3479],[106.7131,34.370708],[106.704847,34.377421],[106.695168,34.370681],[106.688668,34.379158],[106.677324,34.377387],[106.678706,34.381611],[106.675061,34.385578],[106.659326,34.382547],[106.649079,34.392859],[106.633218,34.393582],[106.636314,34.402064],[106.632486,34.405452],[106.626696,34.403629],[106.621354,34.411423],[106.617819,34.422005],[106.619696,34.429353],[106.614476,34.43129],[106.610661,34.441818],[106.615304,34.449507],[106.61004,34.447556],[106.606017,34.456008],[106.597516,34.44967],[106.595098,34.454161],[106.587682,34.456487],[106.591464,34.462268],[106.59861,34.463096],[106.596969,34.466837],[106.580932,34.466901],[106.579334,34.473502],[106.563944,34.47637],[106.569253,34.484517],[106.557157,34.482063],[106.553386,34.490328],[106.546481,34.489782],[106.53962,34.479993],[106.535628,34.480052],[106.534416,34.483629],[106.537861,34.488584],[106.53409,34.493448],[106.521433,34.494159],[106.509751,34.499422],[106.50752,34.505963],[106.50975,34.512603],[106.49768,34.512604],[106.485357,34.517598],[106.481837,34.525985],[106.474381,34.523068],[106.466086,34.524709],[106.463715,34.531419],[106.459266,34.53016],[106.45635,34.523998],[106.453049,34.526878],[106.456295,34.531053],[106.452612,34.532822],[106.443606,34.524417],[106.429905,34.528499],[106.419851,34.524617],[106.403442,34.524271],[106.397918,34.513332],[106.392968,34.510472],[106.382328,34.512201],[106.381473,34.519858],[106.376177,34.522115],[106.363331,34.513171],[106.343705,34.520792],[106.339296,34.518186],[106.330222,34.519124],[106.339212,34.535552],[106.339082,34.544183],[106.335359,34.549329],[106.339704,34.561507],[106.336733,34.569209],[106.328219,34.574878],[106.309158,34.581066]]]}},{"type":"Feature","properties":{"id":"cn:610305","name":"凤翔区","level":2},"geometry":{"type":"Polygon","coordinates":[[[107.176421,34.532668],[107.191837,34.53385],[107.202551,34.551986],[107.204159,34.558838],[107.199349,34.595114],[107.222115,34.606723],[107.233788,34.608757],[107.244388,34.635521],[107.26333,34.651212],[107.272683,34.665509],[107.279661,34.669048],[107.284313,34.678097],[107.284064,34.70156],[107.287498,34.711831],[107.291117,34.713034],[107.29416,34.720349],[107.310892,34.727233],[107.31161,34.737572],[107.300996,34.745875],[107.31375,34.749889],[107.32036,34.741247],[107.329527,34.739002],[107.323012,34.732321],[107.325388,34.729016],[107.323698,34.722639],[107.328286,34.717735],[107.334084,34.724925],[107.333041,34.730194],[107.336469,34.728174],[107.342654,34.740611],[107.353081,34.735686],[107.353721,34.739904],[107.359849,34.740525],[107.364751,34.745715],[107.376406,34.730405],[107.377274,34.721447],[107.38703,34.720535],[107.39933,34.73305],[107.398721,34.740772],[107.39513,34.744509],[107.399681,34.747271],[107.407857,34.74514],[107.416701,34.750444],[107.429845,34.750135],[107.435493,34.744503],[107.44508,34.751964],[107.45446,34.746647],[107.450967,34.739653],[107.455182,34.741926],[107.455323,34.738431],[107.464404,34.737923],[107.467978,34.74069],[107.467053,34.734759],[107.47053,34.731812],[107.481421,34.738498],[107.491319,34.736858],[107.484346,34.749027],[107.490614,34.752307],[107.49499,34.747314],[107.514386,34.749062],[107.525354,34.754775],[107.551159,34.754784],[107.559473,34.747661],[107.563633,34.748944],[107.564834,34.741849],[107.570638,34.741855],[107.576649,34.727132],[107.584972,34.732497],[107.600998,34.703201],[107.6122,34.697247],[107.610396,34.701766],[107.616281,34.701046],[107.624083,34.690265],[107.625416,34.680422],[107.634838,34.670306],[107.635222,34.662636],[107.646126,34.65264],[107.640946,34.645489],[107.640305,34.635596],[107.633719,34.635874],[107.630717,34.632208],[107.632693,34.603203],[107.60937,34.590282],[107.604478,34.594438],[107.597649,34.591231],[107.59405,34.597358],[107.590678,34.590826],[107.586982,34.590662],[107.587483,34.594109],[107.573242,34.583809],[107.574071,34.579238],[107.580903,34.578355],[107.584946,34.573061],[107.596617,34.574465],[107.606086,34.564332],[107.6071,34.568301],[107.610687,34.560993],[107.6156,34.560236],[107.610969,34.558305],[107.616983,34.558406],[107.617084,34.564418],[107.620702,34.565642],[107.621518,34.560317],[107.617148,34.552577],[107.612521,34.556199],[107.608839,34.555256],[107.615236,34.549767],[107.615896,34.545728],[107.612573,34.545028],[107.611608,34.540426],[107.613732,34.529112],[107.607563,34.5255],[107.59743,34.525577],[107.596845,34.517893],[107.592946,34.514333],[107.581824,34.51429],[107.575143,34.50967],[107.567712,34.49379],[107.572976,34.470608],[107.580777,34.469131],[107.579459,34.459425],[107.582179,34.455481],[107.57494,34.45731],[107.574038,34.44905],[107.557439,34.446034],[107.563958,34.440621],[107.562992,34.430871],[107.572248,34.426833],[107.57313,34.423341],[107.572662,34.419616],[107.56433,34.41865],[107.560188,34.413601],[107.563813,34.414263],[107.565124,34.409901],[107.559856,34.401678],[107.563901,34.396889],[107.561566,34.385702],[107.554757,34.384876],[107.551657,34.380386],[107.558073,34.380342],[107.557536,34.377455],[107.56198,34.375074],[107.559382,34.367121],[107.562614,34.366908],[107.564686,34.361471],[107.572059,34.360961],[107.563368,34.347362],[107.55695,34.347959],[107.554689,34.345389],[107.550474,34.350234],[107.549665,34.347152],[107.54708,34.349481],[107.537842,34.347292],[107.534568,34.352522],[107.526259,34.354889],[107.524332,34.34901],[107.516637,34.354539],[107.513607,34.35035],[107.505541,34.352678],[107.504284,34.359066],[107.481311,34.375551],[107.490895,34.400209],[107.485795,34.401348],[107.475265,34.396916],[107.464978,34.40145],[107.471326,34.41874],[107.4644,34.419759],[107.457394,34.426505],[107.434493,34.423407],[107.428688,34.428916],[107.416709,34.430967],[107.412621,34.436538],[107.400568,34.437918],[107.400264,34.434851],[107.38337,34.430157],[107.381612,34.425776],[107.362126,34.428565],[107.342635,34.410633],[107.339311,34.412263],[107.339728,34.417457],[107.335502,34.417538],[107.331863,34.422103],[107.329505,34.427138],[107.332088,34.430222],[107.32963,34.430729],[107.317638,34.426848],[107.304557,34.414242],[107.30137,34.417376],[107.303171,34.420697],[107.29858,34.424878],[107.294729,34.424318],[107.292177,34.431845],[107.289736,34.430316],[107.283351,34.436935],[107.284544,34.439455],[107.278826,34.446365],[107.26934,34.437451],[107.262895,34.44511],[107.246267,34.438858],[107.196752,34.496397],[107.199716,34.517775],[107.191353,34.521143],[107.182204,34.52048],[107.176421,34.532668]]]}},{"type":"Feature","properties":{"id":"cn:610323","name":"岐山县","level":2},"geometry":{"type":"Polygon","coordinates":[[[107.527831,34.16038],[107.539422,34.185108],[107.540185,34.214949],[107.550001,34.22448],[107.553896,34.237518],[107.562637,34.246278],[107.568031,34.245216],[107.567319,34.252497],[107.57096,34.246339],[107.573604,34.248597],[107.575127,34.260443],[107.57204,34.263633],[107.577161,34.264441],[107.571303,34.269323],[107.577831,34.275627],[107.573905,34.278939],[107.578359,34.278572],[107.578971,34.289556],[107.582453,34.289365],[107.583296,34.294069],[107.583697,34.297904],[107.579185,34.300044],[107.582056,34.321166],[107.575173,34.324847],[107.577224,34.3422],[107.570564,34.342271],[107.571457,34.345213],[107.563368,34.347362],[107.572059,34.360961],[107.564686,34.361471],[107.562614,34.366908],[107.559382,34.367121],[107.56198,34.375074],[107.557536,34.377455],[107.558073,34.380342],[107.551657,34.380386],[107.554757,34.384876],[107.561566,34.385702],[107.563901,34.396889],[107.559856,34.401678],[107.565124,34.409901],[107.563813,34.414263],[107.560188,34.413601],[107.56433,34.41865],[107.573055,34.420326],[107.572248,34.426833],[107.562992,34.430871],[107.563958,34.440621],[107.557889,34.447474],[107.566311,34.445738],[107.574038,34.44905],[107.57494,34.45731],[107.582179,34.455481],[107.579459,34.459425],[107.580777,34.469131],[107.572976,34.470608],[107.571546,34.484625],[107.567399,34.492523],[107.575143,34.50967],[107.581824,34.51429],[107.592946,34.514333],[107.596845,34.517893],[107.59743,34.525577],[107.607563,34.5255],[107.613732,34.529112],[107.611608,34.540426],[107.612573,34.545028],[107.615896,34.545728],[107.615236,34.549767],[107.608839,34.555256],[107.612521,34.556199],[107.617148,34.552577],[107.621518,34.560317],[107.620702,34.565642],[107.617084,34.564418],[107.616983,34.558406],[107.610969,34.558305],[107.6156,34.560236],[107.610687,34.560993],[107.6071,34.568301],[107.604613,34.56476],[107.596617,34.574465],[107.585743,34.572719],[107.580903,34.578355],[107.574071,34.579238],[107.574688,34.587263],[107.587483,34.594109],[107.586982,34.590662],[107.590678,34.590826],[107.594354,34.597431],[107.593755,34.594063],[107.596406,34.596163],[107.597649,34.591231],[107.604478,34.594438],[107.606272,34.590662],[107.613856,34.591536],[107.650671,34.61739],[107.659639,34.610951],[107.671291,34.59577],[107.682763,34.594295],[107.687973,34.583993],[107.69113,34.586954],[107.696824,34.586156],[107.702172,34.593188],[107.704455,34.603979],[107.723703,34.610559],[107.72644,34.602644],[107.731684,34.598254],[107.728981,34.589166],[107.74738,34.586896],[107.761467,34.593832],[107.763972,34.588997],[107.76954,34.589739],[107.772469,34.584685],[107.78881,34.585901],[107.796281,34.580452],[107.803335,34.582908],[107.811775,34.581306],[107.811465,34.575744],[107.804638,34.569986],[107.810094,34.54466],[107.805709,34.544292],[107.812906,34.539749],[107.810878,34.535535],[107.820671,34.527642],[107.821217,34.51714],[107.830395,34.50185],[107.834026,34.50156],[107.830125,34.518605],[107.836236,34.506108],[107.838962,34.50777],[107.843679,34.504189],[107.848844,34.481843],[107.846953,34.472667],[107.840046,34.467158],[107.841407,34.460794],[107.864205,34.439914],[107.87662,34.422149],[107.875792,34.409522],[107.872602,34.406982],[107.874425,34.404676],[107.868173,34.401403],[107.86495,34.405017],[107.862785,34.40191],[107.855176,34.403205],[107.841235,34.391639],[107.838028,34.397697],[107.824557,34.403075],[107.825497,34.405622],[107.819737,34.408734],[107.816213,34.406543],[107.810319,34.408548],[107.80425,34.403983],[107.798953,34.410246],[107.784987,34.40652],[107.784262,34.393271],[107.773112,34.394076],[107.768871,34.3882],[107.764459,34.388532],[107.765949,34.385291],[107.761054,34.378299],[107.767999,34.369874],[107.75501,34.348953],[107.759276,34.343563],[107.758266,34.339021],[107.750794,34.336628],[107.750785,34.33096],[107.757249,34.327662],[107.753004,34.324194],[107.753905,34.317724],[107.75108,34.319333],[107.741988,34.310629],[107.733338,34.312534],[107.734831,34.317836],[107.719388,34.324672],[107.712003,34.319288],[107.708709,34.323214],[107.707272,34.320968],[107.698847,34.322998],[107.698119,34.320256],[107.690561,34.318939],[107.683749,34.322423],[107.681825,34.318497],[107.685472,34.317153],[107.681195,34.316892],[107.677017,34.305592],[107.658715,34.305492],[107.657128,34.294997],[107.652192,34.292837],[107.653005,34.285218],[107.666346,34.275607],[107.666156,34.26506],[107.672362,34.260497],[107.670555,34.24948],[107.675236,34.244463],[107.674915,34.239553],[107.683309,34.235666],[107.682865,34.229791],[107.674754,34.220053],[107.677696,34.217714],[107.676852,34.21377],[107.670071,34.208544],[107.671588,34.202758],[107.666353,34.188887],[107.652173,34.171304],[107.648633,34.160899],[107.640718,34.154025],[107.644532,34.146489],[107.635695,34.138335],[107.628646,34.138168],[107.620375,34.131517],[107.604765,34.139921],[107.598937,34.132814],[107.589673,34.133827],[107.584714,34.144684],[107.575308,34.151211],[107.581601,34.160381],[107.57866,34.166043],[107.57292,34.165727],[107.566747,34.158167],[107.555087,34.160923],[107.553875,34.155577],[107.543877,34.15533],[107.536347,34.148978],[107.527831,34.16038]]]}},{"type":"Feature","properties":{"id":"cn:610324","name":"扶风县","level":2},"geometry":{"type":"Polygon","coordinates":[[[107.750785,34.33096],[107.753015,34.339166],[107.758266,34.339021],[107.759276,34.343563],[107.75501,34.348953],[107.761712,34.363286],[107.767523,34.367961],[107.761054,34.378299],[107.765949,34.385291],[107.764459,34.388532],[107.768871,34.3882],[107.773112,34.394076],[107.784262,34.393271],[107.784987,34.40652],[107.798953,34.410246],[107.80425,34.403983],[107.810319,34.408548],[107.816213,34.406543],[107.819737,34.408734],[107.825497,34.405622],[107.824557,34.403075],[107.838028,34.397697],[107.841235,34.391639],[107.855176,34.403205],[107.862785,34.40191],[107.86495,34.405017],[107.867686,34.401472],[107.871674,34.402626],[107.875792,34.409522],[107.876683,34.421944],[107.87043,34.43154],[107.841407,34.460794],[107.840046,34.467158],[107.846953,34.472667],[107.848844,34.481843],[107.843679,34.504189],[107.838962,34.50777],[107.836236,34.506108],[107.830125,34.518605],[107.834026,34.50156],[107.830395,34.50185],[107.821217,34.51714],[107.820671,34.527642],[107.810878,34.535535],[107.812906,34.539749],[107.805709,34.544292],[107.810099,34.544292],[107.807791,34.558444],[107.815953,34.563323],[107.820195,34.561057],[107.82726,34.566067],[107.843773,34.568442],[107.85576,34.574846],[107.869843,34.597629],[107.858689,34.598661],[107.865786,34.60991],[107.877548,34.610246],[107.880021,34.615017],[107.88893,34.613085],[107.895613,34.616946],[107.909725,34.61802],[107.914636,34.619652],[107.916842,34.625082],[107.917934,34.619792],[107.92578,34.623574],[107.930199,34.617346],[107.939176,34.61903],[107.945675,34.612348],[107.952139,34.620004],[107.955172,34.619403],[107.954513,34.625574],[107.966135,34.632494],[107.96687,34.621434],[107.971357,34.621033],[107.968711,34.616713],[107.973755,34.617364],[107.976483,34.61342],[107.991447,34.613774],[107.990993,34.604244],[107.98326,34.599812],[107.975245,34.57469],[107.978971,34.569278],[107.986698,34.569101],[107.997709,34.553422],[108.005155,34.535253],[107.999291,34.529279],[107.999929,34.517365],[107.995372,34.509071],[108.000323,34.508485],[108.000374,34.504895],[107.991708,34.502016],[107.989541,34.497665],[107.994336,34.487504],[108.008604,34.484189],[108.010011,34.488876],[108.013164,34.487158],[108.016029,34.490077],[108.015355,34.486485],[108.023505,34.483687],[108.023481,34.480901],[108.017559,34.48206],[108.016665,34.474873],[108.010157,34.475541],[108.008845,34.46004],[108.012135,34.445213],[108.004529,34.443451],[108.004159,34.440367],[108.010588,34.431252],[108.018479,34.429462],[108.030088,34.410747],[108.030465,34.40648],[108.024499,34.398389],[108.036832,34.391251],[108.034276,34.388176],[108.022881,34.386393],[108.024656,34.372207],[108.028916,34.369111],[108.030024,34.362504],[108.029987,34.356352],[108.026617,34.354],[108.047932,34.344088],[108.048846,34.331451],[108.046296,34.322902],[108.042656,34.325209],[108.042627,34.321071],[108.040285,34.322708],[108.039917,34.320136],[108.036677,34.321619],[108.022566,34.315656],[108.017958,34.322627],[108.006852,34.32187],[108.008403,34.318822],[108.0044,34.318181],[107.993836,34.331359],[107.993843,34.335227],[107.98921,34.33208],[107.992438,34.321962],[107.983197,34.314967],[107.964774,34.324512],[107.949178,34.323393],[107.945542,34.310098],[107.941413,34.306259],[107.947021,34.295376],[107.946341,34.289213],[107.954221,34.291139],[107.956738,34.286094],[107.962189,34.289465],[107.968483,34.280099],[107.970882,34.284258],[107.973529,34.283365],[107.973437,34.276619],[107.969439,34.276881],[107.968996,34.270408],[107.99071,34.267226],[107.991031,34.263011],[107.993511,34.262923],[107.985232,34.257712],[107.987384,34.243514],[107.985553,34.223267],[107.965132,34.223971],[107.957628,34.218956],[107.949918,34.222987],[107.935218,34.217834],[107.932339,34.227751],[107.92548,34.232016],[107.91982,34.229255],[107.915606,34.213367],[107.893849,34.217943],[107.89067,34.212858],[107.893107,34.218378],[107.888209,34.219939],[107.890213,34.224691],[107.881858,34.224526],[107.885171,34.22965],[107.880942,34.23003],[107.880293,34.232954],[107.865206,34.233424],[107.860549,34.229003],[107.858544,34.232031],[107.846849,34.234142],[107.851428,34.239941],[107.857305,34.263519],[107.852521,34.262553],[107.847637,34.265826],[107.847827,34.269293],[107.844134,34.269177],[107.844194,34.294349],[107.836833,34.291793],[107.819895,34.296939],[107.810199,34.295387],[107.800154,34.303746],[107.788445,34.302471],[107.775633,34.310427],[107.761338,34.311002],[107.754548,34.31563],[107.753004,34.324194],[107.757249,34.327662],[107.750785,34.33096]]]}},{"type":"Feature","properties":{"id":"cn:610326","name":"眉县","level":2},"geometry":{"type":"Polygon","coordinates":[[[107.644201,34.157648],[107.66676,34.189635],[107.671588,34.202758],[107.670071,34.208544],[107.676852,34.21377],[107.677696,34.217714],[107.674754,34.220053],[107.682734,34.229318],[107.683483,34.235351],[107.674915,34.239553],[107.675236,34.244463],[107.670555,34.24948],[107.672362,34.260497],[107.666156,34.26506],[107.666346,34.275607],[107.660878,34.27736],[107.658859,34.282812],[107.654786,34.282606],[107.652192,34.292837],[107.657128,34.294997],[107.658715,34.305492],[107.678008,34.306368],[107.681195,34.316892],[107.685472,34.317153],[107.681825,34.318497],[107.683749,34.322423],[107.690561,34.318939],[107.698119,34.320256],[107.698847,34.322998],[107.707272,34.320968],[107.708709,34.323214],[107.712003,34.319288],[107.719388,34.324672],[107.734831,34.317836],[107.733338,34.312534],[107.741988,34.310629],[107.75108,34.319333],[107.761338,34.311002],[107.775633,34.310427],[107.788445,34.302471],[107.800154,34.303746],[107.810199,34.295387],[107.819895,34.296939],[107.836833,34.291793],[107.844194,34.294349],[107.844134,34.269177],[107.847827,34.269293],[107.847637,34.265826],[107.852521,34.262553],[107.857305,34.263519],[107.851428,34.239941],[107.846849,34.234142],[107.858544,34.232031],[107.860549,34.229003],[107.865206,34.233424],[107.880293,34.232954],[107.880942,34.23003],[107.885171,34.22965],[107.881858,34.224526],[107.890213,34.224691],[107.888209,34.219939],[107.893107,34.218378],[107.891282,34.217362],[107.891445,34.212509],[107.893849,34.217943],[107.915606,34.213367],[107.91982,34.229255],[107.92548,34.232016],[107.932339,34.227751],[107.935218,34.217834],[107.949918,34.222987],[107.957917,34.21896],[107.965132,34.223971],[107.989806,34.222734],[108.000584,34.22452],[108.002902,34.228788],[108.023541,34.228307],[108.02585,34.218278],[108.030216,34.214558],[108.025225,34.21],[108.018768,34.192924],[108.018359,34.178577],[108.012336,34.176704],[108.00816,34.164344],[107.998343,34.15723],[107.99757,34.149126],[107.993265,34.148515],[107.996867,34.141154],[107.996607,34.119754],[107.992779,34.114464],[107.995878,34.101981],[107.971885,34.076641],[107.966981,34.076662],[107.96798,34.063716],[107.965688,34.060284],[107.952433,34.052052],[107.950151,34.047243],[107.938519,34.044014],[107.935629,34.028749],[107.938683,34.020385],[107.937122,34.009413],[107.943275,33.998914],[107.945394,33.987638],[107.9372,33.984706],[107.912435,33.987195],[107.903702,34.000994],[107.897261,34.001685],[107.87306,33.995592],[107.853721,33.979274],[107.845743,33.976971],[107.8382,33.977579],[107.822549,33.991724],[107.805994,33.996641],[107.795216,33.986539],[107.78419,33.985393],[107.77802,33.980377],[107.738221,33.989507],[107.732742,33.997568],[107.73244,34.006835],[107.71967,34.020667],[107.72228,34.032462],[107.714856,34.03797],[107.715632,34.044606],[107.706377,34.047638],[107.695566,34.057717],[107.695506,34.067114],[107.689768,34.077606],[107.69666,34.086057],[107.694216,34.097372],[107.696191,34.106916],[107.701038,34.110664],[107.701514,34.123228],[107.69512,34.129996],[107.697794,34.136058],[107.685982,34.134898],[107.682712,34.140556],[107.667187,34.150834],[107.644201,34.157648]]]}},{"type":"Feature","properties":{"id":"cn:610327","name":"陇县","level":2},"geometry":{"type":"Polygon","coordinates":[[[106.437013,34.682723],[106.442976,34.695974],[106.452525,34.704848],[106.482664,34.71633],[106.489989,34.725672],[106.496579,34.744646],[106.501621,34.748044],[106.542524,34.748438],[106.548696,34.753202],[106.544482,34.76288],[106.567498,34.769364],[106.575239,34.779959],[106.574329,34.790275],[106.561157,34.799284],[106.560801,34.810184],[106.549606,34.815894],[106.55119,34.819622],[106.546768,34.830695],[106.551809,34.831979],[106.550979,34.838048],[106.555927,34.852595],[106.554043,34.858796],[106.547159,34.86595],[106.523888,34.877578],[106.516457,34.886336],[106.506014,34.92605],[106.488896,34.94198],[106.488179,34.962929],[106.47888,34.980927],[106.483836,34.987459],[106.495019,34.991203],[106.497954,34.996437],[106.490312,35.002085],[106.494109,35.017365],[106.484311,35.022048],[106.492166,35.024556],[106.499311,35.034609],[106.516582,35.028554],[106.52214,35.030381],[106.526723,35.046836],[106.541573,35.070022],[106.539414,35.085936],[106.55626,35.090808],[106.566896,35.079897],[106.569192,35.081453],[106.56791,35.087863],[106.571801,35.090281],[106.608257,35.076732],[106.611318,35.072085],[106.61836,35.071473],[106.621137,35.074523],[106.635983,35.072447],[106.642095,35.079394],[106.651181,35.077255],[106.657417,35.07058],[106.663702,35.077964],[106.702163,35.082693],[106.702216,35.087337],[106.710425,35.093759],[106.706511,35.101261],[106.710189,35.106364],[106.715705,35.09928],[106.729124,35.102067],[106.749202,35.099823],[106.834124,35.080699],[106.855336,35.092963],[106.878865,35.094268],[106.883772,35.089606],[106.897428,35.095459],[106.905653,35.089049],[106.908301,35.080516],[106.926437,35.075914],[106.928298,35.083797],[106.940078,35.081049],[106.943083,35.071242],[106.950097,35.066226],[106.960363,35.065039],[106.984456,35.070572],[106.986269,35.069303],[106.978851,35.060469],[106.994538,35.057231],[107.00629,35.038852],[107.005237,35.030145],[107.017489,35.033351],[107.026331,35.029856],[107.038216,35.042404],[107.040318,35.039338],[107.047374,35.040184],[107.043512,35.029014],[107.071397,35.026161],[107.083871,35.021431],[107.092292,35.008503],[107.09302,35.001849],[107.084783,34.977429],[107.100911,34.958906],[107.114704,34.950953],[107.129612,34.950068],[107.132537,34.94552],[107.126246,34.927685],[107.11784,34.922971],[107.11183,34.923324],[107.108619,34.91817],[107.108601,34.909965],[107.115742,34.906937],[107.115704,34.903403],[107.090998,34.902455],[107.087362,34.910356],[107.076158,34.913052],[107.066287,34.909204],[107.064149,34.905222],[107.057437,34.90509],[107.058174,34.893081],[107.053978,34.885924],[107.059124,34.881329],[107.052053,34.875663],[107.049751,34.858975],[107.039997,34.857569],[107.045468,34.845233],[107.051061,34.84215],[107.052904,34.833055],[107.043282,34.826616],[107.042961,34.821547],[107.039176,34.820446],[107.032956,34.810201],[107.032682,34.802436],[107.02513,34.797627],[107.030428,34.790301],[106.992208,34.780518],[106.987537,34.776582],[106.988533,34.769458],[106.973135,34.770847],[106.959936,34.753146],[106.960876,34.747375],[106.949211,34.743729],[106.959752,34.739632],[106.953467,34.727107],[106.929394,34.724641],[106.924569,34.729242],[106.92509,34.732582],[106.916793,34.733699],[106.910547,34.73893],[106.91207,34.746269],[106.905113,34.744176],[106.902868,34.74661],[106.90643,34.748043],[106.898343,34.749433],[106.897503,34.745559],[106.892101,34.746623],[106.888681,34.738202],[106.883136,34.734603],[106.882327,34.723234],[106.876716,34.724951],[106.874001,34.719055],[106.853689,34.713563],[106.84587,34.702165],[106.837912,34.699348],[106.838721,34.694507],[106.830695,34.681779],[106.832586,34.668867],[106.82387,34.653927],[106.82503,34.644861],[106.820358,34.643289],[106.823453,34.634958],[106.839776,34.625719],[106.838999,34.614819],[106.834807,34.611083],[106.836067,34.597205],[106.833413,34.585828],[106.819225,34.593246],[106.809672,34.600935],[106.802965,34.612088],[106.79758,34.614576],[106.78741,34.615478],[106.780912,34.609344],[106.7704,34.60794],[106.764195,34.596107],[106.759411,34.59953],[106.758842,34.609483],[106.750298,34.609894],[106.742703,34.605268],[106.736208,34.612354],[106.735724,34.62589],[106.728149,34.636516],[106.720989,34.635221],[106.711104,34.644491],[106.708658,34.653389],[106.703451,34.652307],[106.699032,34.645776],[106.684869,34.646654],[106.683706,34.625538],[106.692457,34.620407],[106.675915,34.607302],[106.673601,34.61614],[106.66601,34.619595],[106.654158,34.608884],[106.646324,34.608938],[106.639848,34.613152],[106.6332,34.612751],[106.612085,34.628014],[106.603196,34.624703],[106.587018,34.628175],[106.568655,34.62064],[106.559167,34.611239],[106.544454,34.622663],[106.551603,34.63155],[106.516434,34.651352],[106.495714,34.653469],[106.494235,34.655746],[106.497137,34.656245],[106.491974,34.659032],[106.47067,34.657518],[106.469009,34.653121],[106.473097,34.649588],[106.47035,34.649031],[106.461452,34.65885],[106.441344,34.670551],[106.437013,34.682723]]]}},{"type":"Feature","properties":{"id":"cn:610328","name":"千阳县","level":2},"geometry":{"type":"Polygon","coordinates":[[[106.943982,34.724234],[106.954371,34.728111],[106.959752,34.739632],[106.949211,34.743729],[106.960876,34.747375],[106.959936,34.753146],[106.973135,34.770847],[106.988533,34.769458],[106.987537,34.776582],[106.992208,34.780518],[107.030428,34.790301],[107.02513,34.797627],[107.032682,34.802436],[107.032956,34.810201],[107.039176,34.820446],[107.042961,34.821547],[107.043282,34.826616],[107.052904,34.833055],[107.051061,34.84215],[107.045468,34.845233],[107.039997,34.857569],[107.049751,34.858975],[107.052053,34.875663],[107.059124,34.881329],[107.053978,34.885924],[107.058174,34.893081],[107.057437,34.90509],[107.064149,34.905222],[107.066287,34.909204],[107.076158,34.913052],[107.087362,34.910356],[107.090998,34.902455],[107.115704,34.903403],[107.115742,34.906937],[107.108601,34.909965],[107.108619,34.91817],[107.11183,34.923324],[107.11784,34.922971],[107.126246,34.927685],[107.134153,34.947144],[107.157543,34.944933],[107.170199,34.935839],[107.175094,34.929134],[107.184765,34.894183],[107.19624,34.882582],[107.204398,34.883689],[107.209372,34.878169],[107.218253,34.879111],[107.226518,34.893504],[107.247768,34.882151],[107.257642,34.908437],[107.265684,34.910719],[107.271411,34.907479],[107.277039,34.910635],[107.278757,34.926881],[107.285911,34.936182],[107.317473,34.938962],[107.337238,34.93732],[107.345268,34.934914],[107.354182,34.921045],[107.363888,34.918615],[107.363539,34.907827],[107.368038,34.905431],[107.365397,34.896149],[107.372072,34.885222],[107.369193,34.880706],[107.376448,34.876379],[107.373152,34.869923],[107.361342,34.873226],[107.367537,34.860052],[107.357494,34.85366],[107.353532,34.846049],[107.356587,34.846213],[107.358168,34.841634],[107.355051,34.837402],[107.356883,34.830028],[107.35309,34.815014],[107.347638,34.813196],[107.349929,34.811808],[107.347546,34.809983],[107.349015,34.80154],[107.352689,34.799282],[107.357,34.801587],[107.359027,34.798327],[107.343791,34.793213],[107.3426,34.790221],[107.338395,34.79126],[107.338477,34.78723],[107.334381,34.78511],[107.337162,34.778191],[107.343095,34.778107],[107.343998,34.771836],[107.339864,34.774809],[107.332228,34.772015],[107.333819,34.762036],[107.328164,34.757252],[107.328101,34.74557],[107.32036,34.741247],[107.314399,34.74986],[107.300996,34.745875],[107.31161,34.737572],[107.310892,34.727233],[107.29416,34.720349],[107.291117,34.713034],[107.287498,34.711831],[107.284064,34.70156],[107.284313,34.678097],[107.279661,34.669048],[107.272683,34.665509],[107.26333,34.651212],[107.244388,34.635521],[107.233788,34.608757],[107.222115,34.606723],[107.199349,34.595114],[107.202996,34.564655],[107.164812,34.562535],[107.157404,34.57184],[107.163563,34.580672],[107.159125,34.579602],[107.158722,34.583685],[107.152029,34.581532],[107.146784,34.586148],[107.143171,34.579836],[107.139026,34.579716],[107.13842,34.570616],[107.131647,34.570812],[107.118868,34.564991],[107.114697,34.574278],[107.104216,34.583463],[107.106372,34.588652],[107.098097,34.595375],[107.086831,34.597029],[107.078263,34.604435],[107.057905,34.612171],[107.051662,34.62067],[107.053156,34.62652],[107.049598,34.630143],[107.042348,34.631037],[107.027412,34.639786],[107.015057,34.638299],[107.009608,34.64074],[107.008518,34.646879],[107.002477,34.653086],[107.001777,34.665626],[106.982748,34.670715],[106.976635,34.690519],[106.963588,34.694932],[106.958428,34.702024],[106.96635,34.71169],[106.955993,34.71686],[106.95353,34.721907],[106.945413,34.72009],[106.943982,34.724234]]]}},{"type":"Feature","properties":{"id":"cn:610329","name":"麟游县","level":2},"geometry":{"type":"Polygon","coordinates":[[[107.32036,34.741247],[107.328282,34.745853],[107.328164,34.757252],[107.333819,34.762036],[107.331038,34.768972],[107.333124,34.773487],[107.339864,34.774809],[107.343998,34.771836],[107.343095,34.778107],[107.337408,34.778001],[107.334027,34.784001],[107.338584,34.787405],[107.338172,34.791124],[107.3426,34.790221],[107.343791,34.793213],[107.351086,34.793573],[107.359169,34.798696],[107.357,34.801587],[107.352689,34.799282],[107.349015,34.80154],[107.347546,34.809983],[107.349929,34.811808],[107.347638,34.813196],[107.35309,34.815014],[107.356883,34.830028],[107.355051,34.837402],[107.358168,34.841634],[107.356587,34.846213],[107.353532,34.846049],[107.357494,34.85366],[107.367537,34.860052],[107.361342,34.873226],[107.373152,34.869923],[107.376448,34.876379],[107.369193,34.880706],[107.372072,34.885222],[107.365397,34.896149],[107.368038,34.905431],[107.363539,34.907827],[107.363888,34.918615],[107.380303,34.930303],[107.395711,34.93375],[107.420986,34.92949],[107.45056,34.917601],[107.473755,34.920238],[107.511194,34.911656],[107.527652,34.912324],[107.531931,34.916377],[107.533155,34.933548],[107.546437,34.941364],[107.557365,34.967545],[107.567513,34.972432],[107.600968,34.959758],[107.612253,34.96531],[107.621142,34.96379],[107.629222,34.951513],[107.624058,34.927834],[107.619244,34.920553],[107.635214,34.919887],[107.634445,34.936326],[107.64291,34.933194],[107.649672,34.934604],[107.66963,34.952174],[107.672121,34.948444],[107.678648,34.952168],[107.70012,34.951488],[107.707763,34.964092],[107.711842,34.958582],[107.711593,34.951872],[107.736756,34.95445],[107.773761,34.965597],[107.800006,34.957727],[107.795259,34.967942],[107.80208,34.974522],[107.814339,34.975558],[107.81359,34.963969],[107.825681,34.947619],[107.826137,34.940064],[107.821466,34.937582],[107.821102,34.933291],[107.829614,34.915761],[107.836374,34.908295],[107.839714,34.909523],[107.838567,34.903314],[107.845551,34.897026],[107.844657,34.892048],[107.836544,34.892068],[107.8417,34.884645],[107.838983,34.88256],[107.840823,34.881066],[107.835633,34.87953],[107.844231,34.881221],[107.851055,34.867883],[107.849437,34.865053],[107.853283,34.863822],[107.850629,34.850223],[107.852941,34.845759],[107.866724,34.844211],[107.868121,34.850591],[107.863841,34.854998],[107.868374,34.857511],[107.868255,34.8537],[107.874324,34.852464],[107.879318,34.842349],[107.897076,34.84194],[107.92517,34.848818],[107.935422,34.862629],[107.944031,34.861604],[107.939801,34.856058],[107.94546,34.856031],[107.945088,34.81932],[107.950056,34.805113],[107.962302,34.79608],[107.972008,34.794377],[107.983041,34.797823],[107.99073,34.788447],[107.989749,34.785059],[107.998237,34.77545],[108.005007,34.743544],[108.003572,34.735065],[108.012537,34.725495],[108.01126,34.714584],[108.016997,34.685313],[108.012429,34.681505],[108.017029,34.683251],[108.024227,34.673491],[108.018975,34.664582],[108.022631,34.661203],[108.020432,34.65738],[108.025973,34.65139],[108.023297,34.64746],[108.02697,34.637305],[108.024889,34.630831],[108.028202,34.631026],[108.030828,34.626665],[108.026031,34.626682],[108.021986,34.620571],[108.009279,34.623757],[108.008457,34.616568],[107.99456,34.617253],[107.993219,34.614221],[107.985347,34.612493],[107.968607,34.616813],[107.971357,34.621033],[107.96687,34.621434],[107.966135,34.632494],[107.954513,34.625574],[107.955172,34.619403],[107.952139,34.620004],[107.945675,34.612348],[107.939176,34.61903],[107.930199,34.617346],[107.92578,34.623574],[107.917934,34.619792],[107.916842,34.625082],[107.914636,34.619652],[107.909725,34.61802],[107.895613,34.616946],[107.88893,34.613085],[107.880021,34.615017],[107.877548,34.610246],[107.865786,34.60991],[107.858689,34.598661],[107.869843,34.597629],[107.85576,34.574846],[107.843773,34.568442],[107.82726,34.566067],[107.820195,34.561057],[107.815953,34.563323],[107.806978,34.558505],[107.804638,34.569986],[107.811465,34.575744],[107.811775,34.581306],[107.803335,34.582908],[107.796281,34.580452],[107.78881,34.585901],[107.772469,34.584685],[107.76954,34.589739],[107.763972,34.588997],[107.761467,34.593832],[107.74738,34.586896],[107.728981,34.589166],[107.731684,34.598254],[107.72644,34.602644],[107.723703,34.610559],[107.704455,34.603979],[107.702172,34.593188],[107.696824,34.586156],[107.69113,34.586954],[107.688299,34.583937],[107.682763,34.594295],[107.671291,34.59577],[107.659639,34.610951],[107.650671,34.61739],[107.637242,34.609595],[107.632693,34.603203],[107.630717,34.632208],[107.633719,34.635874],[107.640305,34.635596],[107.640946,34.645489],[107.645034,34.648375],[107.64554,34.653997],[107.635222,34.662636],[107.634838,34.670306],[107.625416,34.680422],[107.624083,34.690265],[107.616281,34.701046],[107.610396,34.701766],[107.6122,34.697247],[107.600998,34.703201],[107.584972,34.732497],[107.576649,34.727132],[107.570638,34.741855],[107.564834,34.741849],[107.563633,34.748944],[107.559473,34.747661],[107.551159,34.754784],[107.525354,34.754775],[107.514386,34.749062],[107.49499,34.747314],[107.490614,34.752307],[107.484346,34.749027],[107.491319,34.736858],[107.481421,34.738498],[107.47053,34.731812],[107.467053,34.734759],[107.467978,34.74069],[107.464404,34.737923],[107.455323,34.738431],[107.455182,34.741926],[107.450967,34.739653],[107.45446,34.746647],[107.44508,34.751964],[107.435493,34.744503],[107.429845,34.750135],[107.416701,34.750444],[107.407857,34.74514],[107.399681,34.747271],[107.39513,34.744509],[107.398721,34.740772],[107.39933,34.73305],[107.38703,34.720535],[107.377274,34.721447],[107.376406,34.730405],[107.364751,34.745715],[107.359849,34.740525],[107.353721,34.739904],[107.353081,34.735686],[107.342654,34.740611],[107.336469,34.728174],[107.333041,34.730194],[107.334084,34.724925],[107.327804,34.717841],[107.323135,34.724246],[107.325388,34.729016],[107.323012,34.732321],[107.329527,34.739002],[107.32036,34.741247]]]}},{"type":"Feature","properties":{"id":"cn:610330","name":"凤县","level":2},"geometry":{"type":"Polygon","coordinates":[[[106.406176,33.909415],[106.439261,33.936008],[106.450917,33.953651],[106.45952,33.959324],[106.471803,33.975286],[106.475318,33.995884],[106.467349,34.025504],[106.47517,34.035995],[106.501333,34.058041],[106.502661,34.079346],[106.497696,34.106426],[106.51155,34.111137],[106.556579,34.111368],[106.563625,34.127213],[106.56629,34.126792],[106.580867,34.151133],[106.568277,34.171679],[106.554544,34.229079],[106.547234,34.244257],[106.535177,34.25374],[106.528016,34.255629],[106.508771,34.240874],[106.497964,34.2382],[106.489995,34.243301],[106.492347,34.256571],[106.52233,34.293487],[106.573119,34.282564],[106.582808,34.259112],[106.589116,34.253796],[106.5985,34.252579],[106.617138,34.261826],[106.627094,34.261976],[106.646279,34.246694],[106.659795,34.244746],[106.677937,34.257654],[106.687615,34.280029],[106.696895,34.291638],[106.701169,34.284062],[106.706238,34.284291],[106.717679,34.277547],[106.725383,34.278629],[106.732167,34.273579],[106.745525,34.278754],[106.748811,34.290557],[106.759434,34.297664],[106.76257,34.304558],[106.776543,34.300508],[106.779983,34.304426],[106.78405,34.301093],[106.79298,34.30204],[106.800011,34.295111],[106.824781,34.298012],[106.83048,34.288178],[106.836394,34.289022],[106.848549,34.278917],[106.8554,34.28303],[106.861634,34.279151],[106.865027,34.297473],[106.883027,34.294334],[106.897911,34.297561],[106.903776,34.295743],[106.906941,34.289112],[106.917734,34.287573],[106.934302,34.274366],[106.933364,34.251299],[106.937661,34.24374],[106.953615,34.245052],[106.969761,34.241812],[106.981987,34.236262],[106.987727,34.231475],[106.987342,34.228306],[107.003613,34.225793],[107.012068,34.202149],[107.029862,34.199689],[107.027647,34.187582],[107.03208,34.178463],[107.038244,34.175893],[107.035586,34.168691],[107.041516,34.163335],[107.053438,34.164946],[107.059072,34.154075],[107.055078,34.141501],[107.074759,34.135069],[107.083875,34.127464],[107.088987,34.106269],[107.098329,34.091646],[107.092652,34.07536],[107.094619,34.051049],[107.086448,34.041973],[107.084937,34.03037],[107.096081,34.011422],[107.10275,34.007929],[107.108639,33.999448],[107.107393,33.995234],[107.113428,33.989327],[107.117264,33.970119],[107.124607,33.962314],[107.115267,33.958598],[107.090271,33.961682],[107.080996,33.95575],[107.072256,33.954641],[107.063883,33.945321],[107.068274,33.937791],[107.082094,33.943296],[107.091516,33.939882],[107.105304,33.950818],[107.120433,33.94881],[107.099693,33.935582],[107.086825,33.917832],[107.07855,33.913852],[107.069607,33.915888],[107.059554,33.911098],[107.061021,33.9058],[107.054246,33.899247],[107.054738,33.894757],[107.063062,33.88574],[107.058403,33.878325],[107.046415,33.878749],[107.035674,33.870227],[107.034708,33.867525],[107.038668,33.864017],[107.038069,33.852547],[107.029603,33.842489],[107.036157,33.826168],[107.040235,33.822985],[107.03721,33.817614],[107.040938,33.803506],[107.036295,33.797776],[107.030612,33.800446],[107.023803,33.788372],[106.997391,33.793225],[106.992565,33.791562],[106.985395,33.799539],[106.976361,33.800374],[106.958762,33.81174],[106.947607,33.814034],[106.946275,33.821708],[106.927387,33.827392],[106.925439,33.833656],[106.919726,33.834425],[106.909724,33.848493],[106.892059,33.845681],[106.885376,33.85026],[106.889909,33.855258],[106.885025,33.862971],[106.8758,33.862595],[106.868718,33.866674],[106.860019,33.8793],[106.85458,33.878574],[106.851235,33.874846],[106.850952,33.865142],[106.853823,33.863329],[106.850269,33.851061],[106.837649,33.838786],[106.835067,33.828926],[106.812509,33.835968],[106.812473,33.830721],[106.80359,33.815665],[106.800368,33.796052],[106.805315,33.785547],[106.802289,33.785656],[106.799625,33.776196],[106.804819,33.775691],[106.809108,33.759172],[106.803743,33.751055],[106.806272,33.747378],[106.803289,33.737728],[106.795409,33.726894],[106.796417,33.718461],[106.800827,33.717731],[106.797165,33.701597],[106.802499,33.695328],[106.799384,33.685268],[106.796115,33.684053],[106.797024,33.678972],[106.783097,33.677077],[106.765724,33.681361],[106.758687,33.687131],[106.747294,33.690589],[106.712931,33.693783],[106.683751,33.703534],[106.671156,33.704109],[106.673049,33.699625],[106.683611,33.694482],[106.690565,33.694971],[106.691565,33.688639],[106.70198,33.67751],[106.682484,33.666995],[106.667165,33.662814],[106.647736,33.664813],[106.638356,33.661206],[106.650477,33.645825],[106.648742,33.636602],[106.634913,33.635566],[106.632903,33.631608],[106.627572,33.630235],[106.626544,33.622376],[106.619128,33.616083],[106.621865,33.608207],[106.6192,33.596869],[106.598709,33.589437],[106.594695,33.580686],[106.585401,33.582205],[106.574945,33.588876],[106.577524,33.59249],[106.577733,33.611653],[106.571596,33.633508],[106.53572,33.692917],[106.520972,33.701045],[106.494331,33.702383],[106.478464,33.708916],[106.476068,33.716954],[106.482839,33.733869],[106.481865,33.772383],[106.47564,33.782281],[106.460849,33.788342],[106.456231,33.794562],[106.464477,33.821549],[106.489981,33.839937],[106.485467,33.856011],[106.4729,33.868214],[106.471084,33.877214],[106.463128,33.878272],[106.458862,33.885371],[106.452866,33.883591],[106.457112,33.879812],[106.447472,33.877137],[106.452611,33.872605],[106.439894,33.86847],[106.421456,33.868821],[106.414668,33.878949],[106.415322,33.895137],[106.406176,33.909415]]]}},{"type":"Feature","properties":{"id":"cn:610331","name":"太白县","level":2},"geometry":{"type":"Polygon","coordinates":[[[107.054246,33.899247],[107.061021,33.9058],[107.059554,33.911098],[107.063283,33.91412],[107.071846,33.91632],[107.07855,33.913852],[107.086825,33.917832],[107.099693,33.935582],[107.120433,33.94881],[107.105304,33.950818],[107.091516,33.939882],[107.082094,33.943296],[107.06771,33.937873],[107.063883,33.945321],[107.071418,33.954015],[107.090764,33.961781],[107.115267,33.958598],[107.124607,33.962314],[107.117264,33.970119],[107.113428,33.989327],[107.107393,33.995234],[107.108639,33.999448],[107.10275,34.007929],[107.096081,34.011422],[107.084937,34.03037],[107.086448,34.041973],[107.094619,34.051049],[107.092652,34.07536],[107.098329,34.091646],[107.088987,34.106269],[107.084018,34.121406],[107.090598,34.122372],[107.093667,34.129314],[107.100425,34.132416],[107.100936,34.141896],[107.097575,34.148671],[107.102277,34.1515],[107.104138,34.157624],[107.125536,34.164401],[107.154796,34.155181],[107.173536,34.157255],[107.187974,34.151814],[107.212801,34.150784],[107.215095,34.146185],[107.223255,34.149892],[107.242763,34.144613],[107.243275,34.14997],[107.255627,34.15967],[107.256397,34.165652],[107.263965,34.171534],[107.299477,34.165502],[107.320298,34.157117],[107.342063,34.164736],[107.345443,34.162155],[107.345808,34.156494],[107.353724,34.154302],[107.361866,34.155628],[107.375796,34.166291],[107.384729,34.16803],[107.390399,34.159507],[107.406242,34.156448],[107.406219,34.152831],[107.423382,34.143808],[107.424339,34.137441],[107.445481,34.127006],[107.455953,34.130947],[107.458337,34.139446],[107.468507,34.143094],[107.470957,34.147068],[107.487157,34.146041],[107.491218,34.140899],[107.498465,34.149189],[107.523106,34.159912],[107.531965,34.155503],[107.536347,34.148978],[107.543877,34.15533],[107.553875,34.155577],[107.555087,34.160923],[107.566747,34.158167],[107.574148,34.166005],[107.578794,34.165978],[107.581743,34.161866],[107.575308,34.151211],[107.584714,34.144684],[107.589227,34.134046],[107.598937,34.132814],[107.604765,34.139921],[107.620375,34.131517],[107.628646,34.138168],[107.635695,34.138335],[107.644532,34.146489],[107.640718,34.154025],[107.644201,34.157648],[107.667187,34.150834],[107.682712,34.140556],[107.685982,34.134898],[107.697794,34.136058],[107.69512,34.129996],[107.701514,34.123228],[107.701038,34.110664],[107.696191,34.106916],[107.694216,34.097372],[107.69666,34.086057],[107.689768,34.077606],[107.695506,34.067114],[107.695566,34.057717],[107.706377,34.047638],[107.715632,34.044606],[107.714856,34.03797],[107.72228,34.032462],[107.71967,34.020667],[107.73244,34.006835],[107.732742,33.997568],[107.737971,33.98971],[107.77802,33.980377],[107.762751,33.957455],[107.76595,33.954649],[107.741258,33.944274],[107.723419,33.932625],[107.70901,33.92894],[107.712873,33.91197],[107.70527,33.873023],[107.699663,33.858922],[107.703881,33.84929],[107.700088,33.843522],[107.700193,33.835341],[107.694394,33.83188],[107.69271,33.819571],[107.684837,33.811847],[107.674785,33.809949],[107.68127,33.798682],[107.680757,33.791987],[107.673622,33.78683],[107.669161,33.7767],[107.659204,33.769924],[107.661176,33.761746],[107.683249,33.746421],[107.685169,33.732415],[107.690932,33.725683],[107.68201,33.722733],[107.676579,33.708832],[107.65497,33.7034],[107.646905,33.708485],[107.642208,33.706865],[107.631735,33.719797],[107.622665,33.720809],[107.600629,33.716986],[107.594392,33.708723],[107.581057,33.700652],[107.557767,33.708588],[107.551094,33.706204],[107.546568,33.699289],[107.536909,33.698185],[107.533512,33.689797],[107.52108,33.683865],[107.4985,33.688733],[107.491483,33.685493],[107.48579,33.687573],[107.485853,33.680401],[107.480442,33.67394],[107.469315,33.671739],[107.453313,33.659918],[107.441975,33.660248],[107.435134,33.649642],[107.430689,33.652781],[107.424054,33.652201],[107.405632,33.645893],[107.392255,33.652083],[107.394476,33.660843],[107.379298,33.674809],[107.38001,33.679826],[107.366083,33.690723],[107.360693,33.690178],[107.354651,33.68444],[107.34567,33.686136],[107.327874,33.695404],[107.314831,33.697084],[107.312223,33.703873],[107.301515,33.706975],[107.303363,33.723789],[107.311389,33.728285],[107.29813,33.738209],[107.297551,33.763248],[107.305346,33.772379],[107.316804,33.774697],[107.320957,33.795569],[107.333028,33.803104],[107.337201,33.816051],[107.328676,33.815705],[107.326444,33.819753],[107.319946,33.821834],[107.314998,33.810436],[107.308538,33.808814],[107.295418,33.794025],[107.286784,33.799778],[107.278929,33.798936],[107.271992,33.802291],[107.268157,33.792623],[107.257449,33.7883],[107.251217,33.781199],[107.244145,33.779937],[107.239223,33.773999],[107.230897,33.772271],[107.226532,33.768862],[107.225194,33.758791],[107.214611,33.75633],[107.208485,33.750434],[107.180616,33.754349],[107.175753,33.7732],[107.168191,33.775064],[107.155379,33.791747],[107.148329,33.786467],[107.139829,33.795636],[107.122614,33.779509],[107.123934,33.790559],[107.128897,33.795017],[107.12657,33.804151],[107.132045,33.813395],[107.130243,33.8181],[107.118359,33.815162],[107.115171,33.810169],[107.104984,33.813767],[107.100368,33.823644],[107.078071,33.820099],[107.065016,33.830286],[107.054383,33.859291],[107.057514,33.862171],[107.054807,33.868521],[107.063076,33.886099],[107.055154,33.893819],[107.054246,33.899247]]]}},{"type":"Feature","properties":{"id":"cn:6104","name":"咸阳市","level":1},"geometry":{"type":"Polygon","coordinates":[[[107.647131,35.24217],[107.656043,35.254492],[107.662421,35.257605],[107.687568,35.25184],[107.695014,35.256892],[107.706535,35.2432],[107.71199,35.243799],[107.713707,35.248076],[107.706933,35.257693],[107.717994,35.27192],[107.732467,35.267998],[107.733341,35.294011],[107.724723,35.301528],[107.716194,35.300727],[107.710952,35.293655],[107.706344,35.293058],[107.704276,35.296104],[107.711798,35.302898],[107.736648,35.312393],[107.740864,35.312138],[107.745992,35.305879],[107.753049,35.306417],[107.758711,35.302235],[107.76902,35.302995],[107.775231,35.296826],[107.786576,35.296425],[107.792364,35.286369],[107.803265,35.28789],[107.814652,35.277939],[107.822874,35.278446],[107.825071,35.273815],[107.840274,35.276298],[107.842699,35.26866],[107.855577,35.26812],[107.861509,35.257151],[107.872461,35.261072],[107.897913,35.262491],[107.908358,35.254582],[107.920746,35.258892],[107.926441,35.2511],[107.931443,35.25465],[107.929704,35.26288],[107.932272,35.267511],[107.950994,35.267737],[107.955917,35.262188],[107.945136,35.245987],[107.9652,35.242226],[107.974185,35.246118],[107.980771,35.244294],[108.043755,35.254278],[108.071347,35.266827],[108.07349,35.271403],[108.089867,35.280443],[108.118122,35.281809],[108.129264,35.291281],[108.141013,35.285858],[108.144673,35.291878],[108.168506,35.305047],[108.177786,35.302197],[108.188921,35.307095],[108.204919,35.301485],[108.206629,35.295031],[108.212836,35.298706],[108.216693,35.297351],[108.220928,35.289317],[108.227719,35.28778],[108.22852,35.284921],[108.222203,35.277427],[108.235608,35.256551],[108.247479,35.260767],[108.252202,35.267958],[108.259224,35.269849],[108.269203,35.264786],[108.293297,35.268941],[108.296265,35.273918],[108.315905,35.282389],[108.34471,35.302603],[108.347372,35.296399],[108.353373,35.295437],[108.347938,35.286171],[108.356564,35.280207],[108.37482,35.287281],[108.375689,35.282745],[108.395208,35.283136],[108.398158,35.277804],[108.444178,35.274118],[108.463534,35.277338],[108.483212,35.275374],[108.501079,35.285371],[108.518917,35.288805],[108.542934,35.305713],[108.549588,35.303461],[108.560345,35.292658],[108.573868,35.29187],[108.582807,35.306495],[108.595746,35.309532],[108.610775,35.330692],[108.607765,35.336047],[108.606222,35.357104],[108.616456,35.376245],[108.616318,35.395025],[108.624721,35.406084],[108.626565,35.419206],[108.622659,35.429837],[108.623171,35.449084],[108.618303,35.452686],[108.616724,35.461621],[108.612972,35.464398],[108.612016,35.477804],[108.602346,35.496709],[108.602554,35.508401],[108.616791,35.526759],[108.621286,35.536327],[108.618326,35.541246],[108.621967,35.544293],[108.633439,35.53944],[108.64215,35.54328],[108.640529,35.537147],[108.643922,35.530838],[108.657368,35.539181],[108.664309,35.535034],[108.661582,35.528551],[108.663612,35.525976],[108.667157,35.526493],[108.668338,35.52192],[108.674995,35.523678],[108.676564,35.519126],[108.673001,35.507719],[108.680373,35.509469],[108.684293,35.504779],[108.689438,35.504366],[108.690105,35.511722],[108.697456,35.512037],[108.714907,35.505171],[108.724344,35.506038],[108.731375,35.490181],[108.735975,35.492728],[108.74408,35.486213],[108.752485,35.492632],[108.757209,35.492452],[108.762226,35.484259],[108.76898,35.484851],[108.76938,35.477961],[108.778009,35.474513],[108.771098,35.467684],[108.774004,35.462331],[108.769999,35.451554],[108.775406,35.450544],[108.779706,35.444652],[108.788377,35.443445],[108.790246,35.435663],[108.794048,35.433259],[108.783025,35.41365],[108.795244,35.410324],[108.793964,35.404282],[108.802436,35.395572],[108.801594,35.387223],[108.796517,35.38336],[108.797897,35.37978],[108.802617,35.377527],[108.807237,35.381285],[108.813033,35.377087],[108.814817,35.38132],[108.818589,35.379429],[108.83114,35.382207],[108.829934,35.367944],[108.839091,35.366883],[108.840426,35.351406],[108.842975,35.348958],[108.852161,35.350762],[108.856376,35.343968],[108.862405,35.346769],[108.86521,35.342566],[108.86315,35.334008],[108.86755,35.334092],[108.870063,35.328271],[108.854808,35.320565],[108.843414,35.322881],[108.834997,35.320053],[108.831111,35.314936],[108.820336,35.317474],[108.815396,35.3085],[108.809952,35.307938],[108.804274,35.301326],[108.790242,35.306512],[108.778608,35.299707],[108.766626,35.301486],[108.761023,35.294576],[108.749169,35.296766],[108.732776,35.277469],[108.736225,35.273035],[108.734088,35.266933],[108.730579,35.267344],[108.726693,35.260876],[108.71863,35.260026],[108.713888,35.255294],[108.715585,35.247454],[108.708891,35.245067],[108.709446,35.239312],[108.702617,35.237781],[108.703446,35.232459],[108.693559,35.232983],[108.692485,35.222487],[108.685531,35.219276],[108.676113,35.223327],[108.669725,35.214921],[108.665966,35.214572],[108.66809,35.205766],[108.673109,35.204412],[108.672299,35.196955],[108.657909,35.200346],[108.656547,35.194412],[108.649765,35.193672],[108.650985,35.189462],[108.647804,35.187095],[108.650752,35.184644],[108.647857,35.182236],[108.650167,35.179035],[108.642663,35.173667],[108.634491,35.177092],[108.632258,35.166804],[108.628137,35.164545],[108.630593,35.157133],[108.635106,35.154676],[108.650793,35.155016],[108.648651,35.148446],[108.657706,35.131773],[108.653991,35.126681],[108.643612,35.126222],[108.639072,35.117902],[108.624623,35.123361],[108.615851,35.118289],[108.608606,35.119644],[108.601705,35.107559],[108.586204,35.102441],[108.592581,35.094761],[108.597295,35.09498],[108.605828,35.102697],[108.619731,35.101275],[108.61259,35.089089],[108.61279,35.083162],[108.604071,35.073901],[108.605543,35.070242],[108.591713,35.059701],[108.579741,35.045145],[108.582441,35.034476],[108.596055,35.020796],[108.605485,35.0251],[108.612395,35.021215],[108.615519,35.003014],[108.625497,34.981151],[108.630097,34.975904],[108.638872,34.97502],[108.644821,34.963253],[108.644894,34.956543],[108.654602,34.945749],[108.65807,34.934667],[108.663341,34.933083],[108.660268,34.922936],[108.665453,34.913042],[108.67404,34.912211],[108.679574,34.906469],[108.678474,34.901323],[108.671934,34.897398],[108.686661,34.879304],[108.700684,34.879837],[108.704143,34.874436],[108.713117,34.875131],[108.722971,34.867438],[108.738864,34.871792],[108.756689,34.868956],[108.765543,34.871351],[108.764518,34.866823],[108.76826,34.867428],[108.768712,34.862527],[108.77529,34.859781],[108.775694,34.852949],[108.783324,34.851611],[108.78082,34.848112],[108.788758,34.846439],[108.793805,34.841431],[108.797505,34.842633],[108.795611,34.837502],[108.801036,34.840583],[108.80861,34.831717],[108.813382,34.833212],[108.813055,34.821617],[108.818304,34.819459],[108.813613,34.813361],[108.819959,34.806118],[108.82918,34.814373],[108.840679,34.814148],[108.849372,34.824497],[108.853063,34.816959],[108.853721,34.819657],[108.854143,34.817021],[108.864825,34.817699],[108.866267,34.820654],[108.878474,34.816314],[108.878999,34.812646],[108.886018,34.8088],[108.896438,34.809474],[108.898824,34.818683],[108.893528,34.824825],[108.89481,34.827983],[108.917407,34.832959],[108.920696,34.837466],[108.922271,34.835596],[108.923917,34.841799],[108.925278,34.838543],[108.92535,34.841797],[108.929202,34.838651],[108.930345,34.8413],[108.930765,34.836549],[108.93547,34.833097],[108.952981,34.828557],[108.953961,34.821669],[108.96555,34.821459],[108.971991,34.825196],[108.974065,34.821827],[108.975771,34.824103],[108.987179,34.814926],[108.988957,34.809434],[108.994714,34.809493],[109.001529,34.793355],[109.006544,34.791382],[109.009889,34.783169],[109.023455,34.776131],[109.026499,34.766207],[109.031633,34.768908],[109.038353,34.765885],[109.042127,34.75337],[109.035683,34.745724],[109.038046,34.7382],[109.035971,34.730246],[109.027832,34.729383],[109.026739,34.718027],[109.029185,34.715385],[109.026089,34.709023],[109.02829,34.706813],[109.032053,34.709709],[109.040751,34.690279],[109.04472,34.690064],[109.059767,34.703153],[109.059828,34.708441],[109.067596,34.717327],[109.079422,34.71524],[109.083463,34.702797],[109.093483,34.700645],[109.108951,34.70457],[109.114708,34.702098],[109.115323,34.705228],[109.128681,34.700768],[109.168047,34.706641],[109.168314,34.703215],[109.174917,34.702334],[109.1639,34.68542],[109.164829,34.670103],[109.150548,34.65524],[109.150879,34.645735],[109.140058,34.645174],[109.133491,34.639713],[109.130305,34.625198],[109.13323,34.587552],[109.126017,34.581405],[109.105695,34.578658],[109.087735,34.590003],[109.074356,34.589725],[109.068575,34.594278],[109.02637,34.592473],[109.003245,34.585824],[108.995294,34.578187],[108.980427,34.577721],[108.976391,34.572035],[108.951713,34.568764],[108.951009,34.563048],[108.958796,34.547281],[108.969291,34.542726],[108.970498,34.526296],[108.965932,34.506165],[108.971063,34.499865],[108.968962,34.49472],[108.971575,34.473262],[108.966393,34.463616],[108.969957,34.457771],[108.968109,34.453645],[108.970618,34.446081],[108.966263,34.445018],[108.960421,34.450706],[108.952157,34.448203],[108.956151,34.425564],[108.92521,34.40594],[108.905536,34.406785],[108.8883,34.392375],[108.855238,34.390191],[108.828286,34.368906],[108.806936,34.368338],[108.798547,34.360972],[108.795405,34.350833],[108.79781,34.345431],[108.791916,34.343371],[108.794762,34.339638],[108.78959,34.335596],[108.791031,34.314868],[108.790388,34.31071],[108.785732,34.310963],[108.785861,34.307345],[108.790617,34.30582],[108.791153,34.296447],[108.745562,34.297614],[108.74229,34.294876],[108.749035,34.285907],[108.74374,34.277534],[108.732455,34.285249],[108.727376,34.285466],[108.720588,34.277456],[108.694668,34.274444],[108.691935,34.2699],[108.694652,34.269856],[108.697437,34.255874],[108.687168,34.254647],[108.684499,34.24517],[108.686535,34.23689],[108.677466,34.23848],[108.663861,34.246408],[108.651873,34.26526],[108.645614,34.267421],[108.621925,34.257758],[108.621199,34.26091],[108.615,34.259886],[108.605609,34.25056],[108.588951,34.240944],[108.568433,34.237986],[108.562066,34.231876],[108.539373,34.235798],[108.49557,34.224862],[108.490472,34.21883],[108.46677,34.207617],[108.449692,34.210674],[108.42293,34.201245],[108.411545,34.207217],[108.377817,34.21008],[108.369676,34.208997],[108.355134,34.200565],[108.332523,34.196351],[108.288508,34.2114],[108.260239,34.20093],[108.233001,34.201089],[108.199446,34.222148],[108.182577,34.227014],[108.151724,34.226408],[108.1324,34.219154],[108.12427,34.220098],[108.109688,34.22823],[108.081864,34.232291],[108.056237,34.232088],[108.002902,34.228788],[108.000584,34.22452],[107.986455,34.22263],[107.987346,34.24596],[107.984347,34.253013],[107.985232,34.257712],[107.993511,34.262923],[107.991031,34.263011],[107.99071,34.267226],[107.968996,34.270408],[107.969439,34.276881],[107.973437,34.276619],[107.973529,34.283365],[107.970882,34.284258],[107.968483,34.280099],[107.962189,34.289465],[107.956738,34.286094],[107.954221,34.291139],[107.946341,34.289213],[107.947021,34.295376],[107.941413,34.306259],[107.945542,34.310098],[107.949178,34.323393],[107.964774,34.324512],[107.983197,34.314967],[107.992438,34.321962],[107.98921,34.33208],[107.993843,34.335227],[107.993836,34.331359],[108.0044,34.318181],[108.008403,34.318822],[108.006852,34.32187],[108.017958,34.322627],[108.022566,34.315656],[108.036677,34.321619],[108.039917,34.320136],[108.040285,34.322708],[108.042627,34.321071],[108.042656,34.325209],[108.046296,34.322902],[108.048846,34.331451],[108.047932,34.344088],[108.026617,34.354],[108.029987,34.356352],[108.030024,34.362504],[108.028916,34.369111],[108.024656,34.372207],[108.022881,34.386393],[108.034276,34.388176],[108.036832,34.391251],[108.024499,34.398389],[108.030465,34.40648],[108.030088,34.410747],[108.018479,34.429462],[108.010588,34.431252],[108.004159,34.440367],[108.004529,34.443451],[108.012135,34.445213],[108.008845,34.46004],[108.010157,34.475541],[108.016665,34.474873],[108.017559,34.48206],[108.023481,34.480901],[108.023505,34.483687],[108.015355,34.486485],[108.016303,34.490036],[108.013164,34.487158],[108.010011,34.488876],[108.008604,34.484189],[107.992891,34.488563],[107.989562,34.497907],[107.991708,34.502016],[108.000374,34.504895],[108.000323,34.508485],[107.995372,34.509071],[107.999929,34.517365],[107.999291,34.529279],[108.005155,34.535253],[107.997709,34.553422],[107.986698,34.569101],[107.978971,34.569278],[107.975245,34.57469],[107.98326,34.599812],[107.990993,34.604244],[107.992511,34.616844],[108.008457,34.616568],[108.009279,34.623757],[108.021986,34.620571],[108.026031,34.626682],[108.030828,34.626665],[108.028202,34.631026],[108.024889,34.630831],[108.02697,34.637305],[108.023297,34.64746],[108.025973,34.65139],[108.020432,34.65738],[108.022631,34.661203],[108.018975,34.664582],[108.024227,34.673491],[108.017029,34.683251],[108.012429,34.681505],[108.016997,34.685313],[108.01126,34.714584],[108.012991,34.723392],[108.003572,34.735065],[108.005007,34.743544],[107.998237,34.77545],[107.994148,34.777871],[107.989494,34.785672],[107.99073,34.788447],[107.983041,34.797823],[107.972008,34.794377],[107.962302,34.79608],[107.950056,34.805113],[107.945088,34.81932],[107.94546,34.856031],[107.939801,34.856058],[107.944031,34.861604],[107.935422,34.862629],[107.92517,34.848818],[107.895798,34.841733],[107.879318,34.842349],[107.874324,34.852464],[107.868255,34.8537],[107.868374,34.857511],[107.863841,34.854998],[107.868121,34.850591],[107.866724,34.844211],[107.851265,34.847551],[107.853283,34.863822],[107.849437,34.865053],[107.851055,34.867883],[107.844231,34.881221],[107.835633,34.87953],[107.840823,34.881066],[107.838983,34.88256],[107.8417,34.884645],[107.836544,34.892068],[107.844657,34.892048],[107.845551,34.897026],[107.838567,34.903314],[107.839714,34.909523],[107.836374,34.908295],[107.829614,34.915761],[107.829901,34.919664],[107.822428,34.930056],[107.821318,34.93735],[107.826137,34.940064],[107.825681,34.947619],[107.81359,34.963969],[107.813537,34.969858],[107.815283,34.974722],[107.824963,34.980414],[107.836826,34.979159],[107.835299,34.986042],[107.841304,34.982115],[107.848781,34.984426],[107.859439,34.996559],[107.858707,35.000217],[107.83896,35.003238],[107.835977,35.016652],[107.84366,35.024782],[107.806932,35.026986],[107.794354,35.035316],[107.779835,35.053424],[107.769862,35.057512],[107.767339,35.063723],[107.754606,35.071968],[107.752558,35.076989],[107.757477,35.084053],[107.750275,35.094618],[107.740351,35.096765],[107.736912,35.105265],[107.717705,35.115654],[107.717505,35.118849],[107.722782,35.120932],[107.72372,35.128005],[107.719705,35.144683],[107.709129,35.160302],[107.714622,35.166966],[107.710953,35.16882],[107.682487,35.217356],[107.678107,35.219613],[107.664566,35.215613],[107.654784,35.232687],[107.657782,35.239425],[107.647131,35.24217]]]}},{"type":"Feature","properties":{"id":"cn:610402","name":"秦都区","level":2},"geometry":{"type":"Polygon","coordinates":[[[108.560183,34.407085],[108.563063,34.416668],[108.570834,34.421127],[108.565565,34.42967],[108.56553,34.437108],[108.568611,34.439682],[108.576468,34.434595],[108.588182,34.43549],[108.596628,34.419312],[108.602186,34.425177],[108.606163,34.423974],[108.61587,34.428075],[108.609649,34.436593],[108.597619,34.440658],[108.599576,34.445447],[108.614099,34.448925],[108.615688,34.458264],[108.618095,34.458861],[108.614569,34.466936],[108.609711,34.46633],[108.603394,34.47453],[108.60694,34.474867],[108.61333,34.486797],[108.633819,34.490947],[108.634205,34.494329],[108.63739,34.488739],[108.640005,34.489204],[108.641069,34.480057],[108.648543,34.475448],[108.649447,34.471902],[108.641513,34.467584],[108.643031,34.462863],[108.660187,34.466142],[108.665191,34.464327],[108.665971,34.46057],[108.674792,34.464936],[108.67818,34.458626],[108.683297,34.457254],[108.684984,34.445566],[108.691914,34.441633],[108.698217,34.442286],[108.698548,34.435588],[108.706682,34.433929],[108.706572,34.42831],[108.692998,34.423435],[108.701032,34.409719],[108.69788,34.412093],[108.698403,34.409414],[108.694747,34.411472],[108.695284,34.408931],[108.672963,34.404685],[108.674856,34.393278],[108.672007,34.38246],[108.676514,34.382865],[108.68119,34.377111],[108.679019,34.374878],[108.682573,34.371552],[108.679214,34.370872],[108.682923,34.368286],[108.677448,34.36687],[108.677297,34.363058],[108.672596,34.361785],[108.673227,34.358507],[108.683629,34.354559],[108.695379,34.357613],[108.699696,34.352881],[108.706679,34.351959],[108.713453,34.329603],[108.72035,34.331578],[108.721127,34.32938],[108.730106,34.331667],[108.751256,34.345435],[108.80453,34.366306],[108.798547,34.360972],[108.795405,34.350833],[108.797459,34.344616],[108.791916,34.343371],[108.794762,34.339638],[108.78959,34.335596],[108.791031,34.314868],[108.790388,34.31071],[108.785732,34.310963],[108.785861,34.307345],[108.790617,34.30582],[108.792068,34.298179],[108.788575,34.29532],[108.745562,34.297614],[108.74229,34.294876],[108.749035,34.285907],[108.74374,34.277534],[108.732455,34.285249],[108.727376,34.285466],[108.720588,34.277456],[108.694668,34.274444],[108.691935,34.2699],[108.694652,34.269856],[108.697437,34.255874],[108.687168,34.254647],[108.684499,34.24517],[108.686535,34.23689],[108.677466,34.23848],[108.663861,34.246408],[108.649329,34.267632],[108.621925,34.257758],[108.618817,34.269873],[108.615309,34.274474],[108.610135,34.27493],[108.611364,34.282725],[108.603579,34.289676],[108.615864,34.303033],[108.611208,34.305527],[108.608263,34.312274],[108.599361,34.312499],[108.598391,34.319052],[108.617503,34.330151],[108.615106,34.340396],[108.6111,34.341809],[108.61967,34.342052],[108.617558,34.346865],[108.621268,34.350709],[108.615746,34.352595],[108.608294,34.36188],[108.59474,34.360705],[108.592169,34.369981],[108.584144,34.365792],[108.583482,34.368443],[108.579449,34.367975],[108.574579,34.374778],[108.57696,34.3819],[108.58316,34.38028],[108.581779,34.388461],[108.573567,34.394529],[108.57137,34.400661],[108.560183,34.407085]]]}},{"type":"Feature","properties":{"id":"cn:610403","name":"杨陵区","level":2},"geometry":{"type":"Polygon","coordinates":[[[107.941413,34.306259],[107.950181,34.323731],[107.964774,34.324512],[107.983326,34.315015],[107.992438,34.321962],[107.98921,34.33208],[107.993843,34.335227],[107.993836,34.331359],[108.0044,34.318181],[108.008403,34.318822],[108.006852,34.32187],[108.017958,34.322627],[108.021896,34.315652],[108.026635,34.316088],[108.032815,34.320454],[108.042627,34.321071],[108.042656,34.325209],[108.046296,34.322902],[108.049467,34.325004],[108.058669,34.319749],[108.056939,34.31493],[108.065234,34.302182],[108.078908,34.310341],[108.087436,34.308386],[108.088185,34.311178],[108.091223,34.308395],[108.094109,34.31205],[108.104346,34.306678],[108.105651,34.302372],[108.116917,34.298551],[108.121507,34.295046],[108.120572,34.289483],[108.126295,34.286018],[108.122221,34.278364],[108.125765,34.2772],[108.12721,34.269074],[108.130964,34.268715],[108.131498,34.265225],[108.124869,34.256756],[108.127516,34.255556],[108.126204,34.253121],[108.120281,34.249287],[108.115789,34.251827],[108.112054,34.246807],[108.10624,34.226904],[108.081864,34.232291],[108.056237,34.232088],[108.002902,34.228788],[108.000584,34.22452],[107.986455,34.22263],[107.987346,34.24596],[107.984347,34.253013],[107.985232,34.257712],[107.993511,34.262923],[107.991031,34.263011],[107.99071,34.267226],[107.968996,34.270408],[107.969439,34.276881],[107.973437,34.276619],[107.973529,34.283365],[107.970882,34.284258],[107.968483,34.280099],[107.962189,34.289465],[107.956738,34.286094],[107.954221,34.291139],[107.946341,34.289213],[107.947021,34.295376],[107.941413,34.306259]]]}},{"type":"Feature","properties":{"id":"cn:610404","name":"渭城区","level":2},"geometry":{"type":"Polygon","coordinates":[[[108.668395,34.478932],[108.682836,34.472043],[108.685479,34.484492],[108.695973,34.488087],[108.704431,34.485857],[108.703831,34.481872],[108.712532,34.47528],[108.715543,34.477534],[108.715971,34.475041],[108.722789,34.475401],[108.72291,34.479161],[108.725711,34.476186],[108.727066,34.479513],[108.735677,34.47522],[108.742855,34.474319],[108.744234,34.476592],[108.746822,34.473577],[108.748242,34.477237],[108.749219,34.471183],[108.758846,34.471796],[108.760113,34.4765],[108.762397,34.470062],[108.766539,34.479781],[108.79484,34.489407],[108.795789,34.485298],[108.791092,34.481167],[108.795555,34.481379],[108.796665,34.478579],[108.802335,34.482187],[108.803705,34.479579],[108.808582,34.481319],[108.810848,34.477298],[108.821693,34.476176],[108.822385,34.473189],[108.839743,34.478062],[108.839313,34.472326],[108.846379,34.470812],[108.846832,34.467699],[108.854931,34.471249],[108.866738,34.470005],[108.863408,34.465703],[108.864742,34.459399],[108.876266,34.457763],[108.882169,34.467986],[108.886206,34.468263],[108.889352,34.461937],[108.905716,34.462098],[108.909749,34.453682],[108.913963,34.454608],[108.913737,34.449411],[108.920802,34.449154],[108.921525,34.446035],[108.938807,34.448296],[108.938874,34.445946],[108.951203,34.445945],[108.95629,34.426242],[108.948202,34.418537],[108.92521,34.40594],[108.905536,34.406785],[108.89614,34.396867],[108.884776,34.391494],[108.857082,34.390945],[108.828286,34.368906],[108.809902,34.370065],[108.794918,34.361566],[108.751256,34.345435],[108.729231,34.331233],[108.713453,34.329603],[108.706679,34.351959],[108.699696,34.352881],[108.695379,34.357613],[108.683629,34.354559],[108.673227,34.358507],[108.672596,34.361785],[108.677297,34.363058],[108.677448,34.36687],[108.682923,34.368286],[108.679214,34.370872],[108.682573,34.371552],[108.679019,34.374878],[108.68119,34.377111],[108.676514,34.382865],[108.672007,34.38246],[108.674856,34.393278],[108.672963,34.404685],[108.695284,34.408931],[108.694747,34.411472],[108.698403,34.409414],[108.69788,34.412093],[108.701032,34.409719],[108.692998,34.423435],[108.706572,34.42831],[108.706682,34.433929],[108.698548,34.435588],[108.698217,34.442286],[108.691914,34.441633],[108.684984,34.445566],[108.683297,34.457254],[108.67818,34.458626],[108.674792,34.464936],[108.670103,34.462432],[108.668395,34.478932]]]}},{"type":"Feature","properties":{"id":"cn:610422","name":"三原县","level":2},"geometry":{"type":"Polygon","coordinates":[[[108.772427,34.789991],[108.78688,34.79059],[108.801511,34.79898],[108.814713,34.800264],[108.819633,34.797831],[108.819959,34.806118],[108.823918,34.811021],[108.829501,34.814479],[108.840391,34.813975],[108.849062,34.821128],[108.849179,34.824482],[108.853063,34.816959],[108.853721,34.819657],[108.854143,34.817021],[108.864825,34.817699],[108.866267,34.820654],[108.878474,34.816314],[108.878999,34.812646],[108.886018,34.8088],[108.896438,34.809474],[108.898824,34.818683],[108.893528,34.824825],[108.89481,34.827983],[108.917407,34.832959],[108.920696,34.837466],[108.922271,34.835596],[108.923917,34.841799],[108.925278,34.838543],[108.92535,34.841797],[108.929202,34.838651],[108.930345,34.8413],[108.930765,34.836549],[108.93547,34.833097],[108.952981,34.828557],[108.953961,34.821669],[108.96555,34.821459],[108.971991,34.825196],[108.974065,34.821827],[108.975771,34.824103],[108.987179,34.814926],[108.988957,34.809434],[108.994714,34.809493],[109.001529,34.793355],[109.006544,34.791382],[109.009889,34.783169],[109.023455,34.776131],[109.026499,34.766207],[109.031633,34.768908],[109.038353,34.765885],[109.042127,34.75337],[109.035683,34.745724],[109.038046,34.7382],[109.035971,34.730246],[109.027832,34.729383],[109.026739,34.718027],[109.029185,34.715385],[109.026089,34.709023],[109.02829,34.706813],[109.032053,34.709709],[109.040751,34.690279],[109.04472,34.690064],[109.059767,34.703153],[109.059828,34.708441],[109.067596,34.717327],[109.079422,34.71524],[109.083463,34.702797],[109.093483,34.700645],[109.108951,34.70457],[109.114708,34.702098],[109.115323,34.705228],[109.128681,34.700768],[109.168047,34.706641],[109.168314,34.703215],[109.174917,34.702334],[109.1639,34.68542],[109.164829,34.670103],[109.150548,34.65524],[109.150879,34.645735],[109.140058,34.645174],[109.133491,34.639713],[109.130305,34.625198],[109.13323,34.587552],[109.126017,34.581405],[109.105695,34.578658],[109.087735,34.590003],[109.074356,34.589725],[109.068575,34.594278],[109.02637,34.592473],[109.003245,34.585824],[108.995294,34.578187],[108.980427,34.577721],[108.976391,34.572035],[108.955705,34.57091],[108.95048,34.567268],[108.950767,34.564029],[108.944623,34.57179],[108.938194,34.571302],[108.936792,34.586158],[108.927141,34.583323],[108.92676,34.587456],[108.918602,34.586949],[108.913052,34.582799],[108.907165,34.587146],[108.905933,34.579542],[108.899253,34.578958],[108.898465,34.587948],[108.902232,34.589243],[108.902532,34.593239],[108.899886,34.596067],[108.896294,34.594196],[108.888251,34.603278],[108.87736,34.603833],[108.873196,34.607048],[108.881749,34.616603],[108.874578,34.618856],[108.871398,34.626888],[108.877391,34.624317],[108.880665,34.631616],[108.876073,34.632465],[108.881558,34.64529],[108.876729,34.655883],[108.880504,34.666364],[108.876402,34.668014],[108.885921,34.667481],[108.886624,34.665088],[108.891637,34.66798],[108.905262,34.663685],[108.913317,34.667867],[108.914558,34.680557],[108.907166,34.684342],[108.913376,34.693147],[108.909418,34.697992],[108.911546,34.704791],[108.892406,34.715302],[108.888905,34.711522],[108.891452,34.703009],[108.888446,34.700453],[108.883221,34.700677],[108.881383,34.704089],[108.872695,34.702164],[108.860634,34.708846],[108.860405,34.69859],[108.856812,34.698409],[108.849766,34.703021],[108.846103,34.716103],[108.843694,34.714869],[108.831097,34.722052],[108.822457,34.719885],[108.793688,34.728147],[108.778795,34.740416],[108.777549,34.747903],[108.781325,34.764659],[108.779406,34.770758],[108.782597,34.782411],[108.775031,34.782415],[108.772427,34.789991]]]}},{"type":"Feature","properties":{"id":"cn:610423","name":"泾阳县","level":2},"geometry":{"type":"Polygon","coordinates":[[[108.495288,34.725894],[108.49613,34.729478],[108.506647,34.732833],[108.508305,34.737307],[108.518035,34.739458],[108.524416,34.7377],[108.532469,34.728841],[108.54139,34.732182],[108.561107,34.732991],[108.581186,34.7294],[108.594925,34.731256],[108.607107,34.722754],[108.612759,34.727649],[108.62066,34.727871],[108.633186,34.719995],[108.647281,34.723003],[108.684162,34.715123],[108.704188,34.717574],[108.7243,34.72661],[108.731997,34.726417],[108.747653,34.718308],[108.761599,34.721042],[108.778798,34.734256],[108.786412,34.73608],[108.793688,34.728147],[108.822457,34.719885],[108.831097,34.722052],[108.843694,34.714869],[108.846103,34.716103],[108.849766,34.703021],[108.856812,34.698409],[108.860405,34.69859],[108.860634,34.708846],[108.872695,34.702164],[108.881383,34.704089],[108.883221,34.700677],[108.888446,34.700453],[108.891452,34.703009],[108.888905,34.711522],[108.892406,34.715302],[108.91087,34.705263],[108.909418,34.697992],[108.913376,34.693147],[108.907166,34.684342],[108.914558,34.680557],[108.913191,34.667696],[108.905262,34.663685],[108.891637,34.66798],[108.886624,34.665088],[108.885921,34.667481],[108.876246,34.667774],[108.880504,34.666364],[108.876729,34.655883],[108.881558,34.64529],[108.876073,34.632465],[108.880665,34.631616],[108.877598,34.624429],[108.871398,34.626888],[108.871594,34.622965],[108.881749,34.616603],[108.873196,34.607048],[108.87736,34.603833],[108.888251,34.603278],[108.896294,34.594196],[108.899886,34.596067],[108.902532,34.593239],[108.902232,34.589243],[108.898465,34.587948],[108.899253,34.578958],[108.905933,34.579542],[108.907165,34.587146],[108.913052,34.582799],[108.918602,34.586949],[108.92676,34.587456],[108.927141,34.583323],[108.936792,34.586158],[108.938194,34.571302],[108.944623,34.57179],[108.956435,34.555587],[108.958796,34.547281],[108.969291,34.542726],[108.970498,34.526296],[108.965932,34.506165],[108.971063,34.499865],[108.968962,34.49472],[108.971575,34.473262],[108.966393,34.463616],[108.969957,34.457771],[108.968109,34.453645],[108.970533,34.4457],[108.966263,34.445018],[108.964006,34.44972],[108.959666,34.450714],[108.951203,34.445945],[108.938874,34.445946],[108.938807,34.448296],[108.921525,34.446035],[108.920802,34.449154],[108.913737,34.449411],[108.913963,34.454608],[108.909749,34.453682],[108.905716,34.462098],[108.889352,34.461937],[108.886206,34.468263],[108.882169,34.467986],[108.876266,34.457763],[108.864742,34.459399],[108.863408,34.465703],[108.866738,34.470005],[108.854931,34.471249],[108.846832,34.467699],[108.846379,34.470812],[108.839313,34.472326],[108.839743,34.478062],[108.822385,34.473189],[108.821693,34.476176],[108.810848,34.477298],[108.808582,34.481319],[108.803705,34.479579],[108.802335,34.482187],[108.796665,34.478579],[108.795555,34.481379],[108.791092,34.481167],[108.795789,34.485298],[108.79484,34.489407],[108.766539,34.479781],[108.763583,34.470216],[108.760113,34.4765],[108.758846,34.471796],[108.749219,34.471183],[108.748242,34.477237],[108.746822,34.473577],[108.744234,34.476592],[108.742855,34.474319],[108.735677,34.47522],[108.727066,34.479513],[108.725711,34.476186],[108.72291,34.479161],[108.722789,34.475401],[108.710403,34.476291],[108.703831,34.481872],[108.704431,34.485857],[108.692077,34.488063],[108.692141,34.493558],[108.68692,34.499947],[108.675025,34.500394],[108.673411,34.504334],[108.673304,34.509624],[108.685119,34.514351],[108.686462,34.520758],[108.691008,34.524566],[108.688252,34.533214],[108.685339,34.532792],[108.685228,34.538861],[108.696223,34.548399],[108.682767,34.557339],[108.688475,34.569702],[108.683578,34.579425],[108.675543,34.582824],[108.656412,34.577977],[108.648133,34.579425],[108.646965,34.586854],[108.638206,34.587727],[108.62202,34.605767],[108.594773,34.616158],[108.599762,34.630199],[108.593757,34.636985],[108.576754,34.646552],[108.570599,34.658401],[108.571313,34.665493],[108.580032,34.66551],[108.571199,34.673119],[108.579127,34.675641],[108.579374,34.67995],[108.555768,34.678562],[108.552051,34.682804],[108.556485,34.686273],[108.558285,34.692438],[108.555738,34.693151],[108.532394,34.682974],[108.531407,34.689538],[108.53613,34.693666],[108.529857,34.69847],[108.521477,34.697624],[108.517758,34.702098],[108.514013,34.701328],[108.512789,34.69345],[108.507308,34.694649],[108.50364,34.700414],[108.504777,34.713943],[108.495288,34.725894]]]}},{"type":"Feature","properties":{"id":"cn:610424","name":"乾县","level":2},"geometry":{"type":"Polygon","coordinates":[[[108.010588,34.431252],[108.004529,34.443451],[108.012135,34.445213],[108.008845,34.46004],[108.010157,34.475541],[108.016665,34.474873],[108.017559,34.48206],[108.023531,34.481065],[108.023329,34.483871],[108.015229,34.486608],[108.016303,34.490036],[108.013164,34.487158],[108.015853,34.492339],[108.022002,34.494104],[108.020463,34.500945],[108.023497,34.508571],[108.029491,34.512317],[108.021344,34.524789],[108.043385,34.5264],[108.045903,34.533003],[108.041077,34.534973],[108.04688,34.54109],[108.051045,34.540712],[108.04973,34.54608],[108.053432,34.55328],[108.051386,34.55564],[108.055598,34.559384],[108.056308,34.567789],[108.065345,34.572408],[108.06414,34.567654],[108.067513,34.565361],[108.068485,34.558366],[108.065307,34.548647],[108.070572,34.550052],[108.078046,34.544454],[108.080845,34.552401],[108.095128,34.540715],[108.111015,34.533625],[108.11885,34.534974],[108.120738,34.531636],[108.126933,34.537115],[108.134275,34.534397],[108.125844,34.559959],[108.142585,34.560008],[108.152792,34.578051],[108.14443,34.580877],[108.133531,34.593202],[108.122928,34.598094],[108.119117,34.603561],[108.11992,34.609686],[108.114004,34.611835],[108.11184,34.61873],[108.105416,34.62382],[108.103975,34.631846],[108.098434,34.632293],[108.09543,34.62466],[108.073595,34.624566],[108.062823,34.618161],[108.060661,34.612085],[108.056514,34.615269],[108.049668,34.60961],[108.048927,34.614192],[108.038615,34.617784],[108.042283,34.622668],[108.030535,34.62338],[108.032259,34.626328],[108.024889,34.630831],[108.02697,34.637305],[108.023297,34.64746],[108.025973,34.65139],[108.020432,34.65738],[108.022631,34.661203],[108.018972,34.665026],[108.023386,34.668679],[108.02344,34.674134],[108.028745,34.677759],[108.030535,34.684995],[108.056723,34.685322],[108.063001,34.676879],[108.081906,34.668049],[108.085363,34.673179],[108.084654,34.679413],[108.0885,34.679547],[108.089311,34.683109],[108.090554,34.680495],[108.090611,34.684274],[108.09659,34.670981],[108.092338,34.66106],[108.099323,34.654709],[108.105513,34.669289],[108.11349,34.670706],[108.120977,34.665261],[108.12098,34.656297],[108.11669,34.652866],[108.12081,34.651196],[108.126792,34.656908],[108.132724,34.655655],[108.134457,34.661811],[108.138465,34.656477],[108.14143,34.662618],[108.149842,34.665627],[108.17587,34.66443],[108.189972,34.67151],[108.21148,34.667693],[108.216969,34.673732],[108.222491,34.671044],[108.225228,34.673066],[108.222566,34.675923],[108.222145,34.688785],[108.214727,34.694078],[108.216129,34.697904],[108.21077,34.706396],[108.215282,34.716756],[108.222654,34.71175],[108.230358,34.726789],[108.236884,34.724864],[108.241799,34.726648],[108.240986,34.72972],[108.24778,34.732504],[108.249767,34.730545],[108.254242,34.740877],[108.260293,34.743013],[108.271941,34.740705],[108.271472,34.747126],[108.266835,34.750172],[108.271419,34.75385],[108.280345,34.750986],[108.28376,34.737611],[108.290083,34.736675],[108.291475,34.732732],[108.294548,34.733856],[108.305064,34.726631],[108.310954,34.702606],[108.30879,34.689833],[108.319516,34.697527],[108.322122,34.693878],[108.318744,34.692933],[108.32543,34.69339],[108.32228,34.691581],[108.325628,34.691754],[108.333282,34.684897],[108.332447,34.682068],[108.336841,34.680766],[108.328405,34.678446],[108.335793,34.664196],[108.331782,34.665104],[108.333709,34.654983],[108.330655,34.652623],[108.329484,34.654552],[108.329034,34.648701],[108.336487,34.641816],[108.330116,34.639515],[108.33493,34.634222],[108.337264,34.6229],[108.33659,34.619089],[108.33173,34.617973],[108.336254,34.618214],[108.330251,34.616479],[108.334137,34.614922],[108.332585,34.61117],[108.328652,34.610009],[108.331057,34.607318],[108.327214,34.602689],[108.329773,34.592203],[108.324419,34.591909],[108.331318,34.580852],[108.340649,34.582676],[108.339917,34.573919],[108.352361,34.565525],[108.34713,34.562136],[108.351884,34.54393],[108.350563,34.535198],[108.357906,34.53591],[108.360358,34.530567],[108.371834,34.526679],[108.397304,34.529865],[108.397143,34.523179],[108.40131,34.523531],[108.398341,34.508606],[108.388473,34.500843],[108.391858,34.494735],[108.396653,34.495562],[108.399243,34.486744],[108.405527,34.482814],[108.401795,34.479725],[108.403661,34.475273],[108.396746,34.47424],[108.39621,34.46937],[108.38958,34.466173],[108.392782,34.452281],[108.368419,34.448381],[108.365497,34.441645],[108.376472,34.435118],[108.376632,34.43175],[108.388149,34.431244],[108.391057,34.427274],[108.390496,34.423248],[108.377824,34.419856],[108.375563,34.409816],[108.378338,34.404838],[108.372664,34.402725],[108.383074,34.377922],[108.361593,34.366459],[108.366065,34.354054],[108.368516,34.3539],[108.368389,34.345112],[108.371813,34.344813],[108.371808,34.340374],[108.369269,34.340058],[108.371835,34.33134],[108.364528,34.326072],[108.357653,34.325958],[108.346975,34.342878],[108.327507,34.342024],[108.324826,34.350218],[108.319162,34.349962],[108.315854,34.343765],[108.301206,34.346129],[108.297745,34.350903],[108.302638,34.360916],[108.320707,34.352781],[108.323064,34.355437],[108.316852,34.361547],[108.312419,34.359353],[108.314728,34.364483],[108.297891,34.369598],[108.295326,34.365336],[108.28781,34.363384],[108.285567,34.358728],[108.268685,34.360859],[108.26524,34.356559],[108.228284,34.372114],[108.212121,34.365722],[108.211094,34.351208],[108.206844,34.347589],[108.194097,34.348222],[108.192793,34.353931],[108.199689,34.363409],[108.192974,34.368114],[108.181812,34.365398],[108.179901,34.359443],[108.179191,34.361333],[108.179196,34.356544],[108.183292,34.35485],[108.183207,34.350827],[108.159724,34.353452],[108.155519,34.355073],[108.154737,34.359059],[108.160274,34.367048],[108.159085,34.373908],[108.150481,34.371947],[108.149288,34.374845],[108.144451,34.374872],[108.141052,34.371046],[108.133972,34.37322],[108.131113,34.379699],[108.120403,34.371597],[108.11106,34.375055],[108.109602,34.383502],[108.118069,34.385362],[108.120021,34.390368],[108.111224,34.394165],[108.110602,34.398681],[108.10004,34.40184],[108.096137,34.409618],[108.096869,34.422187],[108.104983,34.4266],[108.106345,34.434786],[108.109871,34.437382],[108.108786,34.442543],[108.099965,34.440149],[108.097709,34.43157],[108.093512,34.432453],[108.093076,34.438702],[108.090152,34.440426],[108.085439,34.437484],[108.083804,34.422843],[108.080891,34.425178],[108.083374,34.42648],[108.074424,34.42985],[108.070375,34.435776],[108.063959,34.432459],[108.052576,34.43836],[108.041238,34.435031],[108.045213,34.43143],[108.039244,34.424515],[108.036958,34.429613],[108.026409,34.430184],[108.024597,34.433049],[108.010588,34.431252]]]}},{"type":"Feature","properties":{"id":"cn:610425","name":"礼泉县","level":2},"geometry":{"type":"Polygon","coordinates":[[[108.293711,34.760414],[108.296135,34.766476],[108.299493,34.764944],[108.30512,34.777343],[108.316003,34.786715],[108.310639,34.789534],[108.311041,34.794391],[108.309104,34.791591],[108.306517,34.794614],[108.309788,34.803561],[108.314683,34.808136],[108.314384,34.80373],[108.316002,34.803715],[108.316061,34.810784],[108.320908,34.807466],[108.32509,34.813944],[108.329341,34.812416],[108.339099,34.828186],[108.347534,34.833739],[108.351249,34.834248],[108.35469,34.827521],[108.369132,34.82907],[108.369946,34.819145],[108.382669,34.819415],[108.383985,34.809649],[108.388685,34.813192],[108.388328,34.822834],[108.392688,34.822837],[108.395665,34.809039],[108.407498,34.806051],[108.410403,34.797412],[108.404651,34.79531],[108.405836,34.792516],[108.415573,34.794846],[108.430291,34.789907],[108.437634,34.792581],[108.443589,34.790459],[108.444758,34.800431],[108.449158,34.8005],[108.45444,34.787516],[108.443605,34.78297],[108.439514,34.776812],[108.441931,34.773937],[108.457777,34.783052],[108.460755,34.79473],[108.468063,34.794815],[108.469102,34.789502],[108.45662,34.776509],[108.456556,34.770135],[108.462298,34.768177],[108.469909,34.774128],[108.479527,34.772582],[108.485561,34.77891],[108.484839,34.761999],[108.493156,34.761864],[108.491806,34.755568],[108.49999,34.752292],[108.507655,34.739533],[108.506647,34.732833],[108.495328,34.727131],[108.504777,34.713943],[108.503175,34.705727],[108.505921,34.695685],[108.512789,34.69345],[108.514013,34.701328],[108.519318,34.701773],[108.521477,34.697624],[108.529857,34.69847],[108.53613,34.693666],[108.531407,34.689538],[108.532394,34.682974],[108.555738,34.693151],[108.558285,34.692438],[108.556485,34.686273],[108.552051,34.682804],[108.555768,34.678562],[108.579374,34.67995],[108.579127,34.675641],[108.571199,34.673119],[108.580032,34.66551],[108.571313,34.665493],[108.570599,34.658401],[108.576754,34.646552],[108.593757,34.636985],[108.599762,34.630199],[108.594448,34.61647],[108.62202,34.605767],[108.638206,34.587727],[108.646965,34.586854],[108.648133,34.579425],[108.656412,34.577977],[108.675543,34.582824],[108.685509,34.577066],[108.688475,34.569702],[108.682767,34.557339],[108.696223,34.548399],[108.685228,34.538861],[108.685339,34.532792],[108.688252,34.533214],[108.691067,34.524776],[108.686462,34.520758],[108.685197,34.51446],[108.673304,34.509624],[108.675025,34.500394],[108.68692,34.499947],[108.692141,34.493558],[108.693381,34.487117],[108.685479,34.484492],[108.682836,34.472043],[108.668395,34.478932],[108.669644,34.461617],[108.665971,34.46057],[108.665191,34.464327],[108.660187,34.466142],[108.643031,34.462863],[108.641513,34.467584],[108.649447,34.471902],[108.641069,34.480057],[108.640005,34.489204],[108.63739,34.488739],[108.634205,34.494329],[108.633819,34.490947],[108.616202,34.488577],[108.61038,34.483844],[108.60694,34.474867],[108.603394,34.47453],[108.609711,34.46633],[108.614569,34.466936],[108.617697,34.461649],[108.616743,34.452925],[108.613751,34.448719],[108.597098,34.443227],[108.60194,34.437875],[108.609649,34.436593],[108.61587,34.428075],[108.606163,34.423974],[108.602186,34.425177],[108.596628,34.419312],[108.588182,34.43549],[108.576468,34.434595],[108.569053,34.439754],[108.564199,34.435649],[108.549886,34.447722],[108.529366,34.445013],[108.528642,34.447268],[108.513585,34.442437],[108.51327,34.439397],[108.504006,34.437958],[108.502149,34.44019],[108.500864,34.431638],[108.493131,34.430561],[108.500421,34.420887],[108.50701,34.417624],[108.502335,34.409631],[108.502727,34.400758],[108.485593,34.395208],[108.484125,34.385113],[108.471357,34.385153],[108.469642,34.380296],[108.461892,34.377417],[108.461665,34.373858],[108.454187,34.371563],[108.443344,34.374998],[108.443831,34.388541],[108.434551,34.387326],[108.434853,34.377467],[108.432435,34.376762],[108.416741,34.379218],[108.415084,34.382274],[108.401815,34.382777],[108.401028,34.377746],[108.394442,34.375929],[108.394552,34.370893],[108.397686,34.370865],[108.397836,34.357264],[108.390234,34.354183],[108.390078,34.349354],[108.370161,34.346839],[108.361593,34.366459],[108.383074,34.377922],[108.372664,34.402725],[108.378338,34.404838],[108.375563,34.409816],[108.377824,34.419856],[108.390496,34.423248],[108.391057,34.427274],[108.388149,34.431244],[108.376632,34.43175],[108.376472,34.435118],[108.365497,34.441645],[108.368419,34.448381],[108.392782,34.452281],[108.38958,34.466173],[108.39621,34.46937],[108.396746,34.47424],[108.403661,34.475273],[108.401795,34.479725],[108.405527,34.482814],[108.399243,34.486744],[108.396653,34.495562],[108.391858,34.494735],[108.388473,34.500843],[108.398341,34.508606],[108.40131,34.523531],[108.397143,34.523179],[108.397304,34.529865],[108.371834,34.526679],[108.360358,34.530567],[108.357906,34.53591],[108.350563,34.535198],[108.351884,34.54393],[108.34713,34.562136],[108.352361,34.565525],[108.339917,34.573919],[108.340649,34.582676],[108.331318,34.580852],[108.3263,34.586639],[108.324441,34.592345],[108.329794,34.592391],[108.327214,34.602689],[108.331057,34.607318],[108.328652,34.610009],[108.334166,34.614734],[108.330251,34.616479],[108.336254,34.618214],[108.33173,34.617973],[108.33659,34.619089],[108.337311,34.624414],[108.334162,34.635876],[108.330116,34.639515],[108.336487,34.641816],[108.329034,34.648701],[108.329484,34.654552],[108.330655,34.652623],[108.333709,34.654983],[108.331782,34.665104],[108.335793,34.664196],[108.328405,34.678446],[108.336841,34.680766],[108.332447,34.682068],[108.333282,34.684897],[108.325628,34.691754],[108.32228,34.691581],[108.32543,34.69339],[108.318744,34.692933],[108.322122,34.693878],[108.319516,34.697527],[108.30879,34.689833],[108.310799,34.703797],[108.301724,34.73267],[108.304655,34.733468],[108.305972,34.742404],[108.297365,34.741155],[108.295192,34.744055],[108.293711,34.760414]]]}},{"type":"Feature","properties":{"id":"cn:610426","name":"永寿县","level":2},"geometry":{"type":"MultiPolygon","coordinates":[[[[107.944778,34.82774],[107.947072,34.840379],[107.944908,34.854958],[107.950369,34.866206],[107.96047,34.869358],[107.970094,34.877319],[107.980845,34.879178],[108.000913,34.891976],[108.007356,34.904823],[108.020471,34.898156],[108.021145,34.892705],[108.035985,34.916477],[108.037766,34.913424],[108.044645,34.912925],[108.059533,34.91773],[108.071892,34.909777],[108.082773,34.908404],[108.102082,34.923489],[108.119562,34.925935],[108.147892,34.940446],[108.170821,34.96259],[108.181398,34.957877],[108.183875,34.952661],[108.193724,34.954373],[108.198426,34.94355],[108.194035,34.939592],[108.205682,34.938063],[108.20527,34.928018],[108.216181,34.934735],[108.211017,34.945271],[108.218684,34.944532],[108.221777,34.936126],[108.217315,34.931683],[108.214309,34.920361],[108.236195,34.914674],[108.225313,34.909876],[108.225398,34.903955],[108.241676,34.912187],[108.245203,34.909776],[108.248105,34.899691],[108.250787,34.907847],[108.246731,34.912057],[108.25158,34.914144],[108.255224,34.910079],[108.25432,34.896928],[108.256715,34.8924],[108.261061,34.891967],[108.26627,34.897279],[108.271737,34.894608],[108.282953,34.895853],[108.279266,34.890127],[108.269369,34.890286],[108.261581,34.887285],[108.262329,34.884621],[108.271587,34.878943],[108.272295,34.884383],[108.277312,34.883801],[108.283668,34.868601],[108.292195,34.871735],[108.294159,34.866898],[108.305254,34.865675],[108.308935,34.867226],[108.309468,34.872481],[108.313369,34.872618],[108.314407,34.868721],[108.308794,34.856654],[108.322633,34.859903],[108.328288,34.843297],[108.332087,34.843712],[108.334964,34.849743],[108.337826,34.846068],[108.336214,34.837515],[108.348844,34.838082],[108.351249,34.834248],[108.339562,34.828702],[108.329341,34.812416],[108.32509,34.813944],[108.320908,34.807466],[108.316061,34.810784],[108.316002,34.803715],[108.314683,34.808136],[108.307931,34.800504],[108.306573,34.794479],[108.309104,34.791591],[108.311041,34.794391],[108.310639,34.789534],[108.316003,34.786715],[108.30512,34.777343],[108.299493,34.764944],[108.296135,34.766476],[108.293711,34.760414],[108.295192,34.744055],[108.297365,34.741155],[108.305972,34.742404],[108.304655,34.733468],[108.301724,34.73267],[108.304179,34.727756],[108.28376,34.737611],[108.280345,34.750986],[108.271419,34.75385],[108.266835,34.750172],[108.271472,34.747126],[108.271941,34.740705],[108.261322,34.743095],[108.254585,34.741056],[108.249767,34.730545],[108.24778,34.732504],[108.240986,34.72972],[108.241799,34.726648],[108.236884,34.724864],[108.230358,34.726789],[108.222654,34.71175],[108.215474,34.716793],[108.213193,34.714083],[108.21077,34.706396],[108.216129,34.697904],[108.214727,34.694078],[108.222145,34.688785],[108.224655,34.672321],[108.216969,34.673732],[108.21148,34.667693],[108.189972,34.67151],[108.178602,34.665071],[108.171409,34.666264],[108.165967,34.663334],[108.162614,34.665943],[108.149842,34.665627],[108.14143,34.662618],[108.138465,34.656477],[108.134457,34.661811],[108.132724,34.655655],[108.126792,34.656908],[108.12081,34.651196],[108.11669,34.652866],[108.12098,34.656297],[108.120977,34.665261],[108.11349,34.670706],[108.105513,34.669289],[108.099323,34.654709],[108.092338,34.66106],[108.09659,34.670981],[108.090611,34.684274],[108.090554,34.680495],[108.089311,34.683109],[108.0885,34.679547],[108.084654,34.679413],[108.085363,34.673179],[108.081906,34.668049],[108.063001,34.676879],[108.056723,34.685322],[108.030662,34.685113],[108.028745,34.677759],[108.02344,34.674134],[108.017029,34.683251],[108.012429,34.681505],[108.016997,34.685313],[108.01126,34.714584],[108.012991,34.723392],[108.003572,34.735065],[108.005007,34.743544],[107.998237,34.77545],[107.994148,34.777871],[107.989494,34.785672],[107.99073,34.788447],[107.983041,34.797823],[107.972008,34.794377],[107.962302,34.79608],[107.951389,34.803621],[107.944778,34.82774]]],[[[107.975245,34.57469],[107.98326,34.599812],[107.990993,34.604244],[107.992511,34.616844],[108.008457,34.616568],[108.009279,34.623757],[108.021986,34.620571],[108.026031,34.626682],[108.031181,34.626785],[108.030379,34.623517],[108.034877,34.621468],[108.035965,34.624211],[108.042283,34.622668],[108.038615,34.617784],[108.048927,34.614192],[108.050196,34.60968],[108.056514,34.615269],[108.060661,34.612085],[108.062823,34.618161],[108.073595,34.624566],[108.09543,34.62466],[108.098932,34.632482],[108.104727,34.631256],[108.105416,34.62382],[108.11184,34.61873],[108.114451,34.611378],[108.11992,34.609686],[108.119117,34.603561],[108.122928,34.598094],[108.133531,34.593202],[108.14443,34.580877],[108.152837,34.57857],[108.142585,34.560008],[108.125844,34.559959],[108.134275,34.534397],[108.126933,34.537115],[108.120738,34.531636],[108.11885,34.534974],[108.111015,34.533625],[108.095128,34.540715],[108.080845,34.552401],[108.078046,34.544454],[108.070572,34.550052],[108.065307,34.548647],[108.068485,34.558366],[108.067513,34.565361],[108.06414,34.567654],[108.065345,34.572408],[108.056308,34.567789],[108.055598,34.559384],[108.051386,34.55564],[108.053432,34.55328],[108.04973,34.54608],[108.051045,34.540712],[108.04688,34.54109],[108.041077,34.534973],[108.045903,34.533003],[108.043501,34.526583],[108.021344,34.524789],[108.029491,34.512317],[108.023497,34.508571],[108.020463,34.500945],[108.022002,34.494104],[108.015853,34.492339],[108.013164,34.487158],[108.010011,34.488876],[108.008604,34.484189],[107.994336,34.487504],[107.989541,34.497665],[107.991708,34.502016],[108.000374,34.504895],[108.000323,34.508485],[107.995372,34.509071],[107.999929,34.517365],[107.999291,34.529279],[108.005155,34.534621],[108.002655,34.542948],[107.986698,34.569101],[107.978971,34.569278],[107.975245,34.57469]]]]}},{"type":"Feature","properties":{"id":"cn:610428","name":"长武县","level":2},"geometry":{"type":"Polygon","coordinates":[[[107.647131,35.24217],[107.656043,35.254492],[107.662421,35.257605],[107.687568,35.25184],[107.695014,35.256892],[107.706535,35.2432],[107.71199,35.243799],[107.713707,35.248076],[107.706933,35.257693],[107.717994,35.27192],[107.732467,35.267998],[107.733341,35.294011],[107.724723,35.301528],[107.716194,35.300727],[107.710952,35.293655],[107.706344,35.293058],[107.704276,35.296104],[107.711798,35.302898],[107.736648,35.312393],[107.740864,35.312138],[107.745992,35.305879],[107.753049,35.306417],[107.758711,35.302235],[107.76902,35.302995],[107.775231,35.296826],[107.786576,35.296425],[107.792364,35.286369],[107.803265,35.28789],[107.814652,35.277939],[107.822874,35.278446],[107.825071,35.273815],[107.840274,35.276298],[107.842699,35.26866],[107.855577,35.26812],[107.861509,35.257151],[107.872461,35.261072],[107.897913,35.262491],[107.908358,35.254582],[107.920746,35.258892],[107.926441,35.2511],[107.931443,35.25465],[107.929704,35.26288],[107.932272,35.267511],[107.95185,35.267438],[107.956017,35.262863],[107.953635,35.255646],[107.939283,35.238883],[107.94675,35.231915],[107.962461,35.227762],[107.962809,35.222481],[107.970592,35.219571],[107.971656,35.213545],[107.964864,35.208062],[107.953949,35.206159],[107.933908,35.209633],[107.931946,35.207474],[107.931802,35.202563],[107.943523,35.194123],[107.944499,35.188931],[107.93898,35.177892],[107.927583,35.169109],[107.944487,35.158153],[107.93431,35.133579],[107.9367,35.130046],[107.929366,35.126043],[107.928972,35.117608],[107.939104,35.112465],[107.942177,35.1052],[107.95129,35.106009],[107.955945,35.097575],[107.951159,35.089404],[107.95567,35.086795],[107.964738,35.087991],[107.965885,35.080788],[107.959338,35.07895],[107.955834,35.082836],[107.951801,35.080547],[107.948907,35.082889],[107.948784,35.074218],[107.933715,35.065157],[107.927072,35.046857],[107.927089,35.035326],[107.920278,35.025712],[107.921214,35.030275],[107.917883,35.029917],[107.914926,35.023464],[107.915843,35.031145],[107.899958,35.021007],[107.902786,35.026603],[107.896077,35.029282],[107.89586,35.037786],[107.885664,35.037262],[107.887697,35.025862],[107.886087,35.029023],[107.883406,35.02543],[107.877832,35.025608],[107.880666,35.015554],[107.876312,35.016158],[107.873437,35.021905],[107.874423,35.01578],[107.869033,35.009421],[107.873698,35.005275],[107.867558,35.004175],[107.863729,34.997773],[107.869287,34.999524],[107.868416,34.996898],[107.863802,34.994233],[107.858707,35.000217],[107.841028,35.001964],[107.835977,35.016652],[107.84366,35.024782],[107.809426,35.025765],[107.795603,35.034233],[107.779835,35.053424],[107.769862,35.057512],[107.767339,35.063723],[107.754606,35.071968],[107.752558,35.076989],[107.757477,35.084053],[107.750275,35.094618],[107.740351,35.096765],[107.736912,35.105265],[107.717705,35.115654],[107.717505,35.118849],[107.722782,35.120932],[107.72372,35.128005],[107.719705,35.144683],[107.709129,35.160302],[107.714622,35.166966],[107.710953,35.16882],[107.682487,35.217356],[107.678107,35.219613],[107.664566,35.215613],[107.654784,35.232687],[107.657782,35.239425],[107.647131,35.24217]]]}},{"type":"Feature","properties":{"id":"cn:610429","name":"旬邑县","level":2},"geometry":{"type":"Polygon","coordinates":[[[108.12325,35.287617],[108.133977,35.291014],[108.141013,35.285858],[108.144673,35.291878],[108.168506,35.305047],[108.177786,35.302197],[108.188921,35.307095],[108.204919,35.301485],[108.206629,35.295031],[108.212836,35.298706],[108.216693,35.297351],[108.220928,35.289317],[108.227719,35.28778],[108.22852,35.284921],[108.222203,35.277427],[108.235608,35.256551],[108.247479,35.260767],[108.252202,35.267958],[108.259224,35.269849],[108.269203,35.264786],[108.293297,35.268941],[108.296265,35.273918],[108.315905,35.282389],[108.34471,35.302603],[108.347372,35.296399],[108.353373,35.295437],[108.347938,35.286171],[108.356564,35.280207],[108.37482,35.287281],[108.375689,35.282745],[108.395208,35.283136],[108.398158,35.277804],[108.444178,35.274118],[108.463534,35.277338],[108.483212,35.275374],[108.501079,35.285371],[108.518917,35.288805],[108.542934,35.305713],[108.549588,35.303461],[108.560345,35.292658],[108.575115,35.292334],[108.582188,35.305855],[108.595746,35.309532],[108.610775,35.330692],[108.607765,35.336047],[108.606222,35.357104],[108.616456,35.376245],[108.616318,35.395025],[108.624721,35.406084],[108.626565,35.419206],[108.622659,35.429837],[108.623171,35.449084],[108.618303,35.452686],[108.616724,35.461621],[108.612972,35.464398],[108.612016,35.477804],[108.605324,35.487882],[108.601426,35.50332],[108.605637,35.514235],[108.620461,35.534085],[108.618326,35.541246],[108.623575,35.544732],[108.629771,35.539667],[108.64215,35.54328],[108.640482,35.537488],[108.64314,35.530988],[108.657018,35.539174],[108.664192,35.535244],[108.661798,35.527633],[108.667157,35.526493],[108.668338,35.52192],[108.674886,35.523755],[108.676496,35.519469],[108.673001,35.507719],[108.680373,35.509469],[108.684293,35.504779],[108.689438,35.504366],[108.690105,35.511722],[108.697456,35.512037],[108.714907,35.505171],[108.724344,35.506038],[108.731375,35.490181],[108.735975,35.492728],[108.74408,35.486213],[108.752485,35.492632],[108.757209,35.492452],[108.762226,35.484259],[108.76898,35.484851],[108.76938,35.477961],[108.778009,35.474513],[108.771098,35.467684],[108.774004,35.462331],[108.769999,35.451554],[108.775406,35.450544],[108.779706,35.444652],[108.788377,35.443445],[108.790246,35.435663],[108.794048,35.433259],[108.783025,35.41365],[108.795244,35.410324],[108.793964,35.404282],[108.802436,35.395572],[108.801594,35.387223],[108.796517,35.38336],[108.797897,35.37978],[108.802617,35.377527],[108.807237,35.381285],[108.813033,35.377087],[108.814817,35.38132],[108.818589,35.379429],[108.83114,35.382207],[108.829934,35.367944],[108.839091,35.366883],[108.840426,35.351406],[108.842975,35.348958],[108.852161,35.350762],[108.856376,35.343968],[108.862405,35.346769],[108.86521,35.342566],[108.86315,35.334008],[108.86755,35.334092],[108.870063,35.328271],[108.854808,35.320565],[108.843414,35.322881],[108.834997,35.320053],[108.831111,35.314936],[108.820336,35.317474],[108.815396,35.3085],[108.809952,35.307938],[108.804274,35.301326],[108.790242,35.306512],[108.778608,35.299707],[108.766626,35.301486],[108.761023,35.294576],[108.749169,35.296766],[108.745419,35.294118],[108.732776,35.277469],[108.736225,35.273035],[108.734088,35.266933],[108.730579,35.267344],[108.726693,35.260876],[108.71863,35.260026],[108.713888,35.255294],[108.715585,35.247454],[108.708891,35.245067],[108.709446,35.239312],[108.702617,35.237781],[108.703446,35.232459],[108.693559,35.232983],[108.692485,35.222487],[108.685531,35.219276],[108.676113,35.223327],[108.669725,35.214921],[108.665966,35.214572],[108.66809,35.205766],[108.673109,35.204412],[108.672299,35.196955],[108.65807,35.200453],[108.656547,35.194412],[108.649765,35.193672],[108.650985,35.189462],[108.647804,35.187095],[108.650752,35.184644],[108.647857,35.182236],[108.650167,35.179035],[108.642663,35.173667],[108.633458,35.176349],[108.632258,35.166804],[108.628137,35.164545],[108.630593,35.157133],[108.639977,35.153137],[108.650793,35.155016],[108.648651,35.148446],[108.657706,35.131773],[108.653991,35.126681],[108.643612,35.126222],[108.639072,35.117902],[108.624623,35.123361],[108.615851,35.118289],[108.608606,35.119644],[108.601705,35.107559],[108.586204,35.102441],[108.592581,35.094761],[108.597295,35.09498],[108.605828,35.102697],[108.619731,35.101275],[108.61259,35.089089],[108.61279,35.083162],[108.604071,35.073901],[108.605543,35.070242],[108.59148,35.059463],[108.579257,35.043193],[108.554604,35.032319],[108.52178,35.023739],[108.506862,35.034674],[108.488,35.034065],[108.469159,35.019279],[108.466454,35.010508],[108.459266,35.002976],[108.449126,34.972989],[108.44164,34.978036],[108.438162,34.971938],[108.425278,34.975273],[108.395322,34.988318],[108.380975,34.973627],[108.360506,34.959965],[108.355104,34.949343],[108.348735,34.9534],[108.345073,34.949906],[108.343262,34.954351],[108.326366,34.967207],[108.314404,34.967261],[108.309746,34.970952],[108.281562,34.971539],[108.284404,34.974228],[108.277178,34.977514],[108.27675,34.983797],[108.251759,34.983358],[108.233724,34.996459],[108.238249,34.999801],[108.223152,35.014819],[108.212746,35.012009],[108.212729,35.020367],[108.207635,35.019371],[108.206681,35.02343],[108.198345,35.024813],[108.197469,35.031657],[108.186852,35.031776],[108.194703,35.046849],[108.173926,35.052831],[108.174669,35.057057],[108.182603,35.068299],[108.184595,35.088377],[108.187612,35.089791],[108.184497,35.09365],[108.188472,35.096729],[108.186009,35.098383],[108.191923,35.103486],[108.191663,35.109011],[108.195744,35.110913],[108.200863,35.150749],[108.211683,35.169711],[108.223255,35.180729],[108.222839,35.189934],[108.217666,35.196436],[108.208558,35.196802],[108.20277,35.209486],[108.200288,35.207794],[108.196934,35.210833],[108.198409,35.207833],[108.194944,35.204019],[108.189747,35.20332],[108.190261,35.206586],[108.182413,35.204202],[108.177293,35.211412],[108.163092,35.215631],[108.161451,35.22285],[108.157352,35.221099],[108.154325,35.229078],[108.148798,35.231266],[108.150909,35.235322],[108.144947,35.24331],[108.147569,35.248106],[108.145708,35.251055],[108.153692,35.257831],[108.150235,35.262801],[108.142647,35.259696],[108.137591,35.261353],[108.12325,35.287617]]]}},{"type":"Feature","properties":{"id":"cn:610430","name":"淳化县","level":2},"geometry":{"type":"Polygon","coordinates":[[[108.307879,34.85844],[108.314407,34.868721],[108.313668,34.883277],[108.323527,34.890836],[108.323094,34.901608],[108.331617,34.908389],[108.352125,34.950306],[108.355272,34.949353],[108.360506,34.959965],[108.380975,34.973627],[108.394214,34.987913],[108.401281,34.987277],[108.413211,34.978877],[108.425278,34.975273],[108.438162,34.971938],[108.44164,34.978036],[108.448527,34.972672],[108.459792,35.00417],[108.466454,35.010508],[108.469159,35.019279],[108.488,35.034065],[108.506862,35.034674],[108.52178,35.023739],[108.554604,35.032319],[108.579257,35.043193],[108.585321,35.030171],[108.594931,35.021396],[108.605485,35.0251],[108.612395,35.021215],[108.615519,35.003014],[108.625497,34.981151],[108.630097,34.975904],[108.638872,34.97502],[108.644821,34.963253],[108.644894,34.956543],[108.654602,34.945749],[108.65807,34.934667],[108.663341,34.933083],[108.660268,34.922936],[108.665453,34.913042],[108.67404,34.912211],[108.679574,34.906469],[108.678474,34.901323],[108.671934,34.897398],[108.686661,34.879304],[108.700684,34.879837],[108.704143,34.874436],[108.713117,34.875131],[108.722971,34.867438],[108.738864,34.871792],[108.756689,34.868956],[108.765543,34.871351],[108.764518,34.866823],[108.76826,34.867428],[108.768712,34.862527],[108.77529,34.859781],[108.775694,34.852949],[108.783324,34.851611],[108.78082,34.848112],[108.788758,34.846439],[108.793805,34.841431],[108.797505,34.842633],[108.795611,34.837502],[108.801036,34.840583],[108.80861,34.831717],[108.813382,34.833212],[108.813055,34.821617],[108.818304,34.819459],[108.813613,34.813361],[108.819959,34.806118],[108.820945,34.79886],[108.801511,34.79898],[108.78688,34.79059],[108.772567,34.790226],[108.775031,34.782415],[108.782597,34.782411],[108.779406,34.770758],[108.780639,34.752868],[108.777495,34.746395],[108.779054,34.73986],[108.786412,34.73608],[108.778798,34.734256],[108.761599,34.721042],[108.747653,34.718308],[108.731997,34.726417],[108.7243,34.72661],[108.704188,34.717574],[108.683734,34.715114],[108.647281,34.723003],[108.633186,34.719995],[108.62066,34.727871],[108.612759,34.727649],[108.607107,34.722754],[108.594925,34.731256],[108.581186,34.7294],[108.561107,34.732991],[108.54139,34.732182],[108.532469,34.728841],[108.523602,34.738211],[108.50742,34.736465],[108.49999,34.752292],[108.491806,34.755568],[108.493156,34.761864],[108.484839,34.761999],[108.485206,34.779188],[108.479527,34.772582],[108.469909,34.774128],[108.462912,34.768367],[108.456964,34.769472],[108.45662,34.776509],[108.469102,34.789502],[108.4674,34.795304],[108.460755,34.79473],[108.457777,34.783052],[108.446996,34.774729],[108.441304,34.774155],[108.439628,34.777412],[108.443605,34.78297],[108.45444,34.787516],[108.449158,34.8005],[108.444758,34.800431],[108.443589,34.790459],[108.437634,34.792581],[108.430291,34.789907],[108.415573,34.794846],[108.405836,34.792516],[108.404651,34.79531],[108.410403,34.797412],[108.407498,34.806051],[108.395665,34.809039],[108.391721,34.823499],[108.387917,34.822143],[108.388093,34.811754],[108.383291,34.809836],[108.383913,34.818216],[108.370624,34.818472],[108.368495,34.829464],[108.35469,34.827521],[108.349979,34.837659],[108.336214,34.837515],[108.336938,34.848662],[108.333317,34.849758],[108.332087,34.843712],[108.328288,34.843297],[108.324702,34.848193],[108.324335,34.858822],[108.319403,34.859902],[108.312663,34.855652],[108.307879,34.85844]]]}},{"type":"Feature","properties":{"id":"cn:610431","name":"武功县","level":2},"geometry":{"type":"Polygon","coordinates":[[[108.013042,34.431444],[108.024597,34.433049],[108.026409,34.430184],[108.036958,34.429613],[108.039879,34.424503],[108.045213,34.43143],[108.041175,34.434971],[108.052576,34.43836],[108.062979,34.432528],[108.070598,34.435712],[108.074424,34.42985],[108.083374,34.42648],[108.080891,34.425178],[108.083804,34.422843],[108.085439,34.437484],[108.090152,34.440426],[108.093076,34.438702],[108.093512,34.432453],[108.097709,34.43157],[108.099965,34.440149],[108.108786,34.442543],[108.109871,34.437382],[108.106345,34.434786],[108.104983,34.4266],[108.096869,34.422187],[108.096137,34.409618],[108.10004,34.40184],[108.110602,34.398681],[108.111224,34.394165],[108.120021,34.390368],[108.118069,34.385362],[108.109602,34.383502],[108.11106,34.375055],[108.120403,34.371597],[108.131113,34.379699],[108.133972,34.37322],[108.141052,34.371046],[108.144451,34.374872],[108.149288,34.374845],[108.150481,34.371947],[108.159085,34.373908],[108.160274,34.367048],[108.154737,34.359059],[108.155519,34.355073],[108.159724,34.353452],[108.183207,34.350827],[108.183292,34.35485],[108.179196,34.356544],[108.179191,34.361333],[108.179901,34.359443],[108.181812,34.365398],[108.192974,34.368114],[108.199689,34.363409],[108.192793,34.353931],[108.194097,34.348222],[108.206844,34.347589],[108.211094,34.351208],[108.212121,34.365722],[108.228644,34.372191],[108.251938,34.364307],[108.263719,34.356635],[108.268685,34.360859],[108.285567,34.358728],[108.297082,34.369553],[108.314728,34.364483],[108.312223,34.359579],[108.316852,34.361547],[108.322613,34.353387],[108.312624,34.355574],[108.304913,34.361456],[108.29843,34.355481],[108.297686,34.350142],[108.309071,34.343345],[108.315854,34.343765],[108.319162,34.349962],[108.324826,34.350218],[108.328358,34.342035],[108.324793,34.334385],[108.310347,34.328744],[108.311435,34.314164],[108.319064,34.306414],[108.309509,34.303256],[108.31484,34.303311],[108.303889,34.296546],[108.309891,34.280249],[108.301353,34.278376],[108.300845,34.266038],[108.308132,34.264023],[108.308174,34.25872],[108.306491,34.251736],[108.296959,34.245325],[108.308866,34.234386],[108.306836,34.206863],[108.28654,34.211356],[108.260239,34.20093],[108.23802,34.200536],[108.223958,34.20498],[108.207219,34.217765],[108.186215,34.226373],[108.151724,34.226408],[108.1324,34.219154],[108.12427,34.220098],[108.108618,34.228394],[108.108664,34.240025],[108.112054,34.246807],[108.115789,34.251827],[108.120281,34.249287],[108.126204,34.253121],[108.127516,34.255556],[108.124869,34.256756],[108.131498,34.265225],[108.130964,34.268715],[108.12721,34.269074],[108.125765,34.2772],[108.122221,34.278364],[108.126295,34.286018],[108.120572,34.289483],[108.121327,34.295206],[108.105651,34.302372],[108.104346,34.306678],[108.094109,34.31205],[108.091223,34.308395],[108.088185,34.311178],[108.087436,34.308386],[108.078908,34.310341],[108.065234,34.302182],[108.060867,34.306181],[108.056538,34.316832],[108.058669,34.319749],[108.048528,34.325079],[108.047932,34.344088],[108.026617,34.354],[108.029987,34.356352],[108.030024,34.362504],[108.028916,34.369111],[108.024656,34.372207],[108.022881,34.386393],[108.034276,34.388176],[108.036832,34.391251],[108.025833,34.395799],[108.023936,34.400725],[108.030465,34.40648],[108.030088,34.410747],[108.018479,34.429462],[108.013042,34.431444]]]}},{"type":"Feature","properties":{"id":"cn:610481","name":"兴平市","level":2},"geometry":{"type":"Polygon","coordinates":[[[108.296959,34.245325],[108.306491,34.251736],[108.308174,34.25872],[108.308132,34.264023],[108.300845,34.266038],[108.301353,34.278376],[108.309891,34.280249],[108.304391,34.298645],[108.319064,34.306414],[108.311435,34.314164],[108.310347,34.328744],[108.324793,34.334385],[108.328358,34.342035],[108.340545,34.343174],[108.346975,34.342878],[108.357653,34.325958],[108.365396,34.32648],[108.372056,34.33274],[108.369269,34.340058],[108.371808,34.340374],[108.371813,34.344813],[108.368535,34.346528],[108.390078,34.349354],[108.390234,34.354183],[108.397836,34.357264],[108.397686,34.370865],[108.394552,34.370893],[108.394442,34.375929],[108.401028,34.377746],[108.401815,34.382777],[108.415084,34.382274],[108.416741,34.379218],[108.432435,34.376762],[108.434853,34.377467],[108.434551,34.387326],[108.443831,34.388541],[108.443344,34.374998],[108.454187,34.371563],[108.461665,34.373858],[108.461892,34.377417],[108.469642,34.380296],[108.471357,34.385153],[108.484125,34.385113],[108.485593,34.395208],[108.502727,34.400758],[108.502335,34.409631],[108.50701,34.417624],[108.500421,34.420887],[108.493131,34.430561],[108.500864,34.431638],[108.502149,34.44019],[108.504006,34.437958],[108.51327,34.439397],[108.513585,34.442437],[108.528642,34.447268],[108.529366,34.445013],[108.549886,34.447722],[108.550483,34.445036],[108.554276,34.445165],[108.565796,34.435973],[108.566518,34.426912],[108.570824,34.421469],[108.563063,34.416668],[108.560482,34.405956],[108.57137,34.400661],[108.573567,34.394529],[108.581837,34.388261],[108.58316,34.38028],[108.57696,34.3819],[108.574998,34.373071],[108.584144,34.365792],[108.592169,34.369981],[108.59474,34.360705],[108.608294,34.36188],[108.615746,34.352595],[108.621268,34.350709],[108.617558,34.346865],[108.61967,34.342052],[108.6111,34.341809],[108.615106,34.340396],[108.617503,34.330151],[108.598391,34.319052],[108.599361,34.312499],[108.608263,34.312274],[108.611208,34.305527],[108.615864,34.303033],[108.603374,34.291253],[108.611364,34.282725],[108.610135,34.27493],[108.617376,34.271882],[108.621199,34.26091],[108.615,34.259886],[108.605609,34.25056],[108.588951,34.240944],[108.568433,34.237986],[108.562066,34.231876],[108.547874,34.235676],[108.525142,34.233699],[108.506855,34.226091],[108.49557,34.224862],[108.490472,34.21883],[108.46677,34.207617],[108.449692,34.210674],[108.42293,34.201245],[108.411545,34.207217],[108.377817,34.21008],[108.369676,34.208997],[108.355134,34.200565],[108.332523,34.196351],[108.322402,34.197889],[108.318432,34.202858],[108.306836,34.206863],[108.308866,34.234386],[108.296959,34.245325]]]}},{"type":"Feature","properties":{"id":"cn:610482","name":"彬州市","level":2},"geometry":{"type":"Polygon","coordinates":[[[107.81359,34.963969],[107.815283,34.974722],[107.824963,34.980414],[107.836826,34.979159],[107.835299,34.986042],[107.841304,34.982115],[107.848781,34.984426],[107.853921,34.987885],[107.859385,34.998735],[107.863441,34.994306],[107.868416,34.996898],[107.869287,34.999524],[107.863729,34.997773],[107.867558,35.004175],[107.873698,35.005275],[107.869033,35.009421],[107.874423,35.01578],[107.873437,35.021905],[107.876312,35.016158],[107.880666,35.015554],[107.877832,35.025608],[107.883406,35.02543],[107.886087,35.029023],[107.887697,35.025862],[107.885664,35.037262],[107.89586,35.037786],[107.896077,35.029282],[107.902786,35.026603],[107.899958,35.021007],[107.915843,35.031145],[107.914185,35.026348],[107.915259,35.023238],[107.917883,35.029917],[107.92139,35.02995],[107.920107,35.025657],[107.923511,35.027975],[107.933715,35.065157],[107.948784,35.074218],[107.948907,35.082889],[107.951801,35.080547],[107.955834,35.082836],[107.959338,35.07895],[107.965885,35.080788],[107.964738,35.087991],[107.95567,35.086795],[107.951159,35.089404],[107.955945,35.097575],[107.95129,35.106009],[107.942177,35.1052],[107.939104,35.112465],[107.928972,35.117608],[107.929366,35.126043],[107.9367,35.130046],[107.93431,35.133579],[107.944487,35.158153],[107.927583,35.169109],[107.93898,35.177892],[107.944499,35.188931],[107.943523,35.194123],[107.931802,35.202563],[107.931946,35.207474],[107.933908,35.209633],[107.953949,35.206159],[107.964864,35.208062],[107.971656,35.213545],[107.970592,35.219571],[107.962809,35.222481],[107.962461,35.227762],[107.945851,35.232433],[107.940543,35.236322],[107.939787,35.241105],[107.945136,35.245987],[107.9652,35.242226],[107.974185,35.246118],[107.980771,35.244294],[108.043755,35.254278],[108.071347,35.266827],[108.07349,35.271403],[108.089867,35.280443],[108.118122,35.281809],[108.12325,35.287617],[108.137591,35.261353],[108.142647,35.259696],[108.150235,35.262801],[108.153692,35.257831],[108.145708,35.251055],[108.147569,35.248106],[108.144947,35.24331],[108.150909,35.235322],[108.148798,35.231266],[108.154325,35.229078],[108.157352,35.221099],[108.161451,35.22285],[108.163092,35.215631],[108.177293,35.211412],[108.182413,35.204202],[108.190261,35.206586],[108.189747,35.20332],[108.194944,35.204019],[108.198409,35.207833],[108.196934,35.210833],[108.200288,35.207794],[108.20277,35.209486],[108.208558,35.196802],[108.217666,35.196436],[108.222839,35.189934],[108.223255,35.180729],[108.211683,35.169711],[108.200863,35.150749],[108.195744,35.110913],[108.191663,35.109011],[108.191923,35.103486],[108.186009,35.098383],[108.188472,35.096729],[108.184497,35.09365],[108.187612,35.089791],[108.184595,35.088377],[108.182603,35.068299],[108.174669,35.057057],[108.173926,35.052831],[108.194703,35.046849],[108.186852,35.031776],[108.197469,35.031657],[108.198345,35.024813],[108.206681,35.02343],[108.207635,35.019371],[108.212729,35.020367],[108.212746,35.012009],[108.223152,35.014819],[108.238249,34.999801],[108.233724,34.996459],[108.251759,34.983358],[108.27675,34.983797],[108.277178,34.977514],[108.284404,34.974228],[108.281562,34.971539],[108.309746,34.970952],[108.314404,34.967261],[108.326366,34.967207],[108.343262,34.954351],[108.345073,34.949906],[108.348735,34.9534],[108.352638,34.949726],[108.337228,34.924063],[108.331617,34.908389],[108.323094,34.901608],[108.323527,34.890836],[108.313668,34.883277],[108.314005,34.874209],[108.308692,34.871621],[108.306769,34.86594],[108.294159,34.866898],[108.292195,34.871735],[108.283668,34.868601],[108.277312,34.883801],[108.272295,34.884383],[108.271587,34.878943],[108.261548,34.885266],[108.269369,34.890286],[108.279266,34.890127],[108.282953,34.895853],[108.271737,34.894608],[108.26627,34.897279],[108.261061,34.891967],[108.256715,34.8924],[108.25432,34.896928],[108.255224,34.910079],[108.25158,34.914144],[108.246731,34.912057],[108.250787,34.907847],[108.248105,34.899691],[108.245203,34.909776],[108.241676,34.912187],[108.225398,34.903955],[108.225313,34.909876],[108.236195,34.914674],[108.214309,34.920361],[108.217315,34.931683],[108.221777,34.936126],[108.218684,34.944532],[108.211017,34.945271],[108.216181,34.934735],[108.20527,34.928018],[108.205682,34.938063],[108.194035,34.939592],[108.198426,34.94355],[108.193724,34.954373],[108.183875,34.952661],[108.181398,34.957877],[108.170821,34.96259],[108.147892,34.940446],[108.119562,34.925935],[108.102082,34.923489],[108.082773,34.908404],[108.071892,34.909777],[108.059533,34.91773],[108.044645,34.912925],[108.037766,34.913424],[108.035985,34.916477],[108.021145,34.892705],[108.020471,34.898156],[108.007356,34.904823],[108.000913,34.891976],[107.980845,34.879178],[107.970094,34.877319],[107.96047,34.869358],[107.950369,34.866206],[107.94546,34.856031],[107.939801,34.856058],[107.944464,34.861383],[107.935422,34.862629],[107.92517,34.848818],[107.887615,34.841978],[107.879318,34.842349],[107.874324,34.852464],[107.868255,34.8537],[107.868374,34.857511],[107.863841,34.854998],[107.868121,34.850591],[107.866724,34.844211],[107.851265,34.847551],[107.853283,34.863822],[107.849437,34.865053],[107.851055,34.867883],[107.844231,34.881221],[107.835633,34.87953],[107.840823,34.881066],[107.838983,34.88256],[107.8417,34.884645],[107.836544,34.892068],[107.844657,34.892048],[107.845551,34.897026],[107.838567,34.903314],[107.839714,34.909523],[107.836374,34.908295],[107.829614,34.915761],[107.829901,34.919664],[107.822428,34.930056],[107.821318,34.93735],[107.826137,34.940064],[107.825681,34.947619],[107.81359,34.963969]]]}},{"type":"Feature","properties":{"id":"cn:6105","name":"渭南市","level":1},"geometry":{"type":"Polygon","coordinates":[[[108.959383,34.863693],[108.963073,34.8683],[108.962494,34.878898],[108.968083,34.880136],[108.972851,34.889426],[108.98073,34.893928],[108.991079,34.890505],[109.002517,34.89243],[109.004111,34.888468],[109.026071,34.897321],[109.021888,34.903235],[109.025311,34.904731],[109.038244,34.902241],[109.045552,34.89754],[109.045608,34.89412],[109.054436,34.891678],[109.060597,34.901085],[109.055939,34.903815],[109.055973,34.909657],[109.060978,34.912038],[109.067648,34.909272],[109.08097,34.917364],[109.091256,34.918726],[109.081121,34.926923],[109.093198,34.933758],[109.086136,34.936993],[109.076924,34.95588],[109.080613,34.959838],[109.089749,34.953445],[109.092685,34.959662],[109.088525,34.965634],[109.095926,34.966011],[109.094345,34.972761],[109.117809,34.968241],[109.12131,34.969693],[109.120468,34.975267],[109.125719,34.979053],[109.126972,34.985507],[109.137276,34.985511],[109.138969,34.991969],[109.146929,34.986989],[109.16042,34.984894],[109.158,34.989892],[109.166303,34.990572],[109.172099,35.002908],[109.178501,35.003082],[109.182066,34.99973],[109.195622,35.006405],[109.20157,35.001832],[109.207339,35.004736],[109.210508,35.008869],[109.202776,35.018681],[109.208573,35.023274],[109.207764,35.03501],[109.21857,35.038411],[109.219638,35.042187],[109.216694,35.045397],[109.220061,35.04852],[109.232064,35.044213],[109.247347,35.053892],[109.251931,35.049642],[109.256522,35.051681],[109.262283,35.069273],[109.278529,35.086826],[109.269433,35.099965],[109.271929,35.10367],[109.285602,35.100161],[109.292866,35.086905],[109.295194,35.089324],[109.30694,35.089128],[109.305038,35.091879],[109.334387,35.092808],[109.34011,35.097676],[109.344052,35.096319],[109.354185,35.100773],[109.361212,35.095654],[109.36542,35.099185],[109.368385,35.095494],[109.380828,35.10378],[109.383393,35.096943],[109.386824,35.103033],[109.390124,35.096611],[109.397088,35.098756],[109.399159,35.091835],[109.403302,35.090689],[109.409887,35.070721],[109.42242,35.070634],[109.429779,35.082637],[109.436162,35.08384],[109.439768,35.089942],[109.434984,35.108672],[109.438777,35.127272],[109.435164,35.136535],[109.442118,35.147022],[109.435588,35.146897],[109.434084,35.150056],[109.432091,35.148059],[109.431742,35.164643],[109.428551,35.17039],[109.428375,35.168236],[109.424853,35.170817],[109.425009,35.168714],[109.418315,35.16876],[109.418592,35.16579],[109.417788,35.168708],[109.414379,35.164995],[109.412908,35.166731],[109.400429,35.153662],[109.399024,35.160737],[109.393271,35.16002],[109.392616,35.156479],[109.390186,35.158946],[109.38987,35.152094],[109.387989,35.156212],[109.385141,35.152945],[109.384166,35.155458],[109.382705,35.152491],[109.373842,35.151557],[109.368246,35.158514],[109.369615,35.161023],[109.359727,35.169621],[109.355497,35.16576],[109.355522,35.159604],[109.35475,35.164949],[109.347149,35.173103],[109.350437,35.175549],[109.349842,35.185617],[109.3461,35.185613],[109.34596,35.182935],[109.340108,35.189312],[109.330087,35.188311],[109.328921,35.196805],[109.318629,35.19802],[109.315049,35.210771],[109.310995,35.211016],[109.301876,35.219624],[109.297715,35.234252],[109.299942,35.246618],[109.289413,35.244059],[109.275819,35.251356],[109.278524,35.257392],[109.287439,35.256457],[109.299121,35.261162],[109.298692,35.264844],[109.312097,35.274293],[109.329776,35.275331],[109.337972,35.278433],[109.338985,35.281903],[109.364415,35.286285],[109.366814,35.294373],[109.377233,35.297385],[109.380992,35.304947],[109.389072,35.305516],[109.391838,35.313759],[109.404453,35.321562],[109.402989,35.334909],[109.414336,35.330058],[109.438955,35.343015],[109.445485,35.337756],[109.453463,35.34428],[109.464463,35.343629],[109.472165,35.339445],[109.47686,35.345591],[109.483854,35.346513],[109.486421,35.353164],[109.493436,35.352321],[109.492602,35.360221],[109.497919,35.370072],[109.495402,35.378549],[109.50591,35.3831],[109.503745,35.386114],[109.508707,35.393786],[109.505605,35.396761],[109.51003,35.401733],[109.506818,35.406809],[109.509542,35.409994],[109.507551,35.414209],[109.513268,35.417538],[109.515356,35.425387],[109.520813,35.424061],[109.522246,35.430567],[109.538838,35.443543],[109.557627,35.442433],[109.567069,35.450784],[109.568971,35.444092],[109.576236,35.444583],[109.578901,35.441007],[109.592321,35.447725],[109.596405,35.445363],[109.594868,35.442598],[109.600646,35.447827],[109.614682,35.446804],[109.622976,35.440906],[109.637732,35.443389],[109.641925,35.436115],[109.642358,35.426623],[109.646157,35.425881],[109.648209,35.420324],[109.649717,35.422644],[109.658025,35.421837],[109.659359,35.427033],[109.668466,35.425685],[109.672395,35.42413],[109.673046,35.419692],[109.678812,35.420655],[109.676703,35.414946],[109.68504,35.417987],[109.689065,35.411971],[109.691731,35.411837],[109.69162,35.415649],[109.704052,35.41044],[109.715478,35.412436],[109.715502,35.41768],[109.731968,35.431112],[109.744204,35.418822],[109.744444,35.428181],[109.739713,35.432585],[109.742222,35.43479],[109.747999,35.434535],[109.75246,35.420141],[109.756891,35.432776],[109.765417,35.439209],[109.783715,35.446863],[109.790615,35.438347],[109.795598,35.445971],[109.812213,35.448867],[109.814957,35.447311],[109.811117,35.441705],[109.81505,35.435501],[109.812076,35.431908],[109.817354,35.426644],[109.826017,35.431359],[109.836633,35.428812],[109.83882,35.43156],[109.844695,35.427643],[109.843879,35.422898],[109.848878,35.41776],[109.85396,35.426662],[109.853066,35.429807],[109.850214,35.427362],[109.848951,35.430968],[109.845061,35.429966],[109.846292,35.435784],[109.849415,35.435578],[109.848308,35.439042],[109.855796,35.441264],[109.858223,35.432025],[109.864567,35.429982],[109.866837,35.433564],[109.871524,35.430164],[109.873214,35.43376],[109.879093,35.429843],[109.878558,35.424611],[109.888567,35.42248],[109.884561,35.41469],[109.884724,35.405291],[109.894471,35.415201],[109.895633,35.405164],[109.904046,35.407334],[109.90116,35.407546],[109.904123,35.409878],[109.903623,35.414547],[109.90835,35.416683],[109.933515,35.412248],[109.938112,35.420801],[109.951955,35.414198],[109.966248,35.414231],[109.976408,35.409597],[109.974461,35.413661],[109.978466,35.428138],[109.990615,35.435197],[110.001005,35.426056],[110.008202,35.40689],[110.016113,35.413705],[110.027137,35.411637],[110.033305,35.41437],[110.036819,35.41121],[110.046511,35.41696],[110.04552,35.405133],[110.055304,35.414984],[110.064645,35.408744],[110.08667,35.40783],[110.093707,35.413769],[110.09811,35.424586],[110.113368,35.425507],[110.118437,35.43505],[110.127011,35.440124],[110.127318,35.445531],[110.133965,35.448057],[110.132252,35.450953],[110.138174,35.454671],[110.143312,35.453507],[110.143221,35.457209],[110.152579,35.457504],[110.178771,35.468173],[110.184801,35.476593],[110.198442,35.482833],[110.207667,35.503393],[110.228496,35.507428],[110.222354,35.517703],[110.22164,35.533627],[110.213374,35.548494],[110.224887,35.550249],[110.231274,35.545442],[110.259755,35.539049],[110.268576,35.540662],[110.270989,35.546425],[110.266504,35.547076],[110.263965,35.557156],[110.281006,35.564794],[110.272653,35.572887],[110.255873,35.57671],[110.246128,35.583151],[110.248397,35.595305],[110.252021,35.598659],[110.247735,35.602926],[110.24924,35.607228],[110.242919,35.607331],[110.242297,35.611892],[110.22964,35.616598],[110.224941,35.621559],[110.222636,35.626086],[110.225622,35.632919],[110.219798,35.636619],[110.224943,35.638913],[110.218047,35.640506],[110.219464,35.637549],[110.215026,35.636204],[110.207921,35.638948],[110.198325,35.644501],[110.195374,35.652702],[110.186569,35.657712],[110.165875,35.657841],[110.150003,35.665858],[110.138945,35.666818],[110.137262,35.67094],[110.122898,35.675963],[110.123835,35.680796],[110.136656,35.684354],[110.141757,35.693643],[110.15052,35.698496],[110.157643,35.709468],[110.174722,35.714466],[110.191123,35.714691],[110.205458,35.719624],[110.206195,35.716524],[110.217542,35.72094],[110.226676,35.714141],[110.257884,35.710727],[110.261484,35.713277],[110.280073,35.712209],[110.290181,35.720959],[110.292782,35.730728],[110.315469,35.739883],[110.323797,35.752276],[110.339573,35.748479],[110.352488,35.750172],[110.365565,35.756916],[110.371274,35.77396],[110.379976,35.784407],[110.397288,35.792991],[110.39854,35.803408],[110.406511,35.810027],[110.42205,35.810883],[110.442351,35.82236],[110.460074,35.824299],[110.460826,35.828506],[110.467032,35.82953],[110.469818,35.834589],[110.475289,35.828458],[110.481616,35.829133],[110.487796,35.837046],[110.485617,35.842022],[110.500547,35.844326],[110.506251,35.84904],[110.512175,35.848276],[110.519776,35.856985],[110.518404,35.859715],[110.524133,35.857172],[110.533637,35.86015],[110.535444,35.866753],[110.540979,35.867047],[110.540245,35.85683],[110.544026,35.85433],[110.545429,35.838349],[110.558897,35.826226],[110.558707,35.818642],[110.565974,35.801038],[110.558678,35.785254],[110.569959,35.767038],[110.574462,35.715546],[110.57234,35.701833],[110.577412,35.691689],[110.587037,35.682685],[110.587097,35.663697],[110.598718,35.659253],[110.604065,35.632571],[110.583818,35.602559],[110.575677,35.563565],[110.562222,35.539933],[110.550575,35.533385],[110.54022,35.520764],[110.526339,35.511848],[110.507686,35.483502],[110.480437,35.423172],[110.472111,35.414142],[110.444462,35.328062],[110.415528,35.302965],[110.406791,35.291614],[110.398399,35.286799],[110.388002,35.270651],[110.369291,35.252305],[110.37281,35.211271],[110.358829,35.198449],[110.359226,35.140747],[110.368182,35.134712],[110.340989,35.084923],[110.327711,35.045737],[110.315195,35.039169],[110.315487,35.005876],[110.296182,34.989395],[110.294228,34.979834],[110.281739,34.967877],[110.26937,34.948123],[110.256894,34.945202],[110.250667,34.933212],[110.249069,34.920055],[110.225684,34.881644],[110.233561,34.853005],[110.228429,34.838365],[110.235106,34.801346],[110.24161,34.789887],[110.237916,34.726886],[110.224324,34.693752],[110.231352,34.671548],[110.263809,34.630646],[110.283047,34.615563],[110.300874,34.60965],[110.345371,34.607699],[110.373696,34.601566],[110.361719,34.567864],[110.382111,34.562881],[110.39876,34.567011],[110.399359,34.559722],[110.367264,34.545405],[110.356599,34.527519],[110.361374,34.519663],[110.358101,34.513534],[110.359818,34.504031],[110.363195,34.494565],[110.372663,34.48764],[110.374273,34.479652],[110.387755,34.466306],[110.389585,34.455306],[110.396845,34.447016],[110.395847,34.438037],[110.404186,34.430014],[110.404004,34.422748],[110.424057,34.409472],[110.408995,34.406931],[110.391991,34.411193],[110.379773,34.407696],[110.372256,34.398824],[110.345508,34.400537],[110.325524,34.396126],[110.31481,34.400812],[110.304994,34.394628],[110.278383,34.392532],[110.253948,34.405057],[110.22702,34.40736],[110.213615,34.414551],[110.188383,34.415363],[110.172651,34.421955],[110.170071,34.427415],[110.15894,34.432323],[110.138781,34.433747],[110.12891,34.428053],[110.107678,34.431936],[110.099674,34.430149],[110.084163,34.419855],[110.078285,34.42087],[110.069032,34.414961],[110.055314,34.414574],[110.054078,34.399654],[110.041067,34.390634],[110.038249,34.384074],[110.027383,34.377101],[110.014457,34.379505],[110.012488,34.374904],[110.007827,34.374882],[110.001894,34.36857],[110.00795,34.356123],[110.013572,34.351495],[110.017959,34.338785],[110.026235,34.336806],[110.028113,34.327498],[110.034772,34.324383],[110.036158,34.319624],[110.035658,34.309505],[110.02987,34.307214],[110.029756,34.304035],[110.013738,34.303541],[110.006966,34.309365],[110.001934,34.306299],[110.005908,34.291568],[110.003379,34.282941],[110.013003,34.263283],[110.012946,34.251355],[110.009061,34.246502],[110.019011,34.240556],[110.013592,34.233664],[110.005557,34.235196],[109.998553,34.23162],[109.992164,34.222778],[109.984888,34.223323],[109.96745,34.211248],[109.955944,34.210713],[109.944144,34.219131],[109.943007,34.222978],[109.950496,34.233498],[109.950606,34.244585],[109.94148,34.243217],[109.933059,34.23472],[109.92024,34.234883],[109.915164,34.229924],[109.900657,34.240593],[109.881815,34.245454],[109.878146,34.2494],[109.880541,34.256461],[109.871133,34.271585],[109.849483,34.266862],[109.838471,34.281295],[109.830359,34.283542],[109.825647,34.290718],[109.810836,34.28337],[109.806008,34.272782],[109.786907,34.266868],[109.7942,34.237704],[109.791755,34.231118],[109.797228,34.225034],[109.786308,34.230182],[109.767412,34.255026],[109.750516,34.252404],[109.746653,34.244765],[109.738186,34.240076],[109.74932,34.213688],[109.735493,34.217853],[109.7259,34.237786],[109.716456,34.237226],[109.686056,34.244474],[109.663522,34.24016],[109.649798,34.248556],[109.640493,34.24684],[109.629164,34.23985],[109.57083,34.264105],[109.563765,34.262651],[109.554841,34.265418],[109.546343,34.259502],[109.529494,34.260941],[109.519772,34.256707],[109.511446,34.26472],[109.490414,34.272852],[109.480134,34.285473],[109.479821,34.290676],[109.472765,34.292184],[109.471334,34.29779],[109.468982,34.296175],[109.470059,34.299481],[109.466288,34.295336],[109.450623,34.299624],[109.453081,34.31195],[109.446034,34.321411],[109.445141,34.331447],[109.448276,34.333711],[109.449157,34.345238],[109.453662,34.352094],[109.450241,34.357607],[109.455984,34.367122],[109.454941,34.376661],[109.460007,34.384818],[109.45608,34.385983],[109.455303,34.391001],[109.458611,34.39191],[109.456573,34.395429],[109.441283,34.397734],[109.441821,34.407628],[109.437281,34.415329],[109.41899,34.423658],[109.419346,34.434982],[109.414754,34.438511],[109.418964,34.443856],[109.409667,34.452859],[109.407905,34.461859],[109.402558,34.465674],[109.389294,34.466978],[109.384328,34.474111],[109.387962,34.495409],[109.395101,34.501209],[109.405847,34.502387],[109.400951,34.508084],[109.389493,34.511502],[109.385986,34.530261],[109.389232,34.53608],[109.396976,34.5343],[109.412687,34.537815],[109.423736,34.550504],[109.44444,34.554775],[109.427644,34.613852],[109.428789,34.622307],[109.419291,34.66566],[109.41811,34.681819],[109.425646,34.687839],[109.418501,34.695435],[109.415802,34.707795],[109.425273,34.715959],[109.415515,34.724104],[109.410767,34.739078],[109.405446,34.74401],[109.395576,34.740105],[109.358649,34.739861],[109.354534,34.732858],[109.353328,34.717928],[109.343883,34.710614],[109.340732,34.702973],[109.320393,34.695727],[109.300957,34.694431],[109.294864,34.688984],[109.280784,34.689071],[109.276435,34.697853],[109.27186,34.699203],[109.259543,34.694531],[109.247884,34.700043],[109.237684,34.688333],[109.226139,34.693515],[109.218301,34.69187],[109.208852,34.694653],[109.203995,34.696536],[109.202058,34.701625],[109.199319,34.699068],[109.199833,34.702421],[109.198346,34.698326],[109.175672,34.699694],[109.170896,34.69644],[109.174917,34.702334],[109.168314,34.703215],[109.168047,34.706641],[109.128681,34.700768],[109.115323,34.705228],[109.114708,34.702098],[109.108951,34.70457],[109.093483,34.700645],[109.083463,34.702797],[109.079422,34.71524],[109.072253,34.717623],[109.067596,34.717327],[109.062984,34.712431],[109.059767,34.703153],[109.053927,34.697438],[109.04472,34.690064],[109.040751,34.690279],[109.032053,34.709709],[109.02829,34.706813],[109.026089,34.709023],[109.029185,34.715385],[109.026739,34.718027],[109.027832,34.729383],[109.035971,34.730246],[109.038046,34.7382],[109.035683,34.745724],[109.042127,34.75337],[109.038353,34.765885],[109.031633,34.768908],[109.026499,34.766207],[109.023455,34.776131],[109.009889,34.783169],[109.006544,34.791382],[109.001529,34.793355],[108.994714,34.809493],[108.988957,34.809434],[108.987179,34.814926],[108.975771,34.824103],[108.973617,34.822137],[108.968017,34.835055],[108.973093,34.833625],[108.972031,34.841314],[108.975102,34.843643],[108.959383,34.863693]]]}},{"type":"Feature","properties":{"id":"cn:610502","name":"临渭区","level":2},"geometry":{"type":"Polygon","coordinates":[[[109.383825,34.478638],[109.387962,34.495409],[109.395101,34.501209],[109.405847,34.502387],[109.400951,34.508084],[109.389493,34.511502],[109.385986,34.530261],[109.389232,34.53608],[109.396976,34.5343],[109.412687,34.537815],[109.423736,34.550504],[109.44444,34.554775],[109.427644,34.613852],[109.428789,34.622307],[109.419291,34.66566],[109.41811,34.681819],[109.425646,34.687839],[109.418501,34.695435],[109.415802,34.707795],[109.425273,34.715959],[109.415515,34.724104],[109.411522,34.738043],[109.406511,34.742666],[109.40285,34.761305],[109.405645,34.761581],[109.405364,34.764471],[109.421352,34.768886],[109.434961,34.767709],[109.435056,34.770421],[109.441813,34.773234],[109.449593,34.77375],[109.452078,34.778156],[109.465499,34.782511],[109.465946,34.780136],[109.468258,34.78237],[109.473218,34.780536],[109.477029,34.791557],[109.490396,34.791294],[109.496158,34.785349],[109.502661,34.785893],[109.503328,34.788338],[109.507735,34.783317],[109.509721,34.786582],[109.511024,34.783795],[109.518845,34.784611],[109.527167,34.77647],[109.527608,34.778914],[109.533309,34.777035],[109.534116,34.779621],[109.534744,34.773718],[109.54291,34.77467],[109.543306,34.777234],[109.546127,34.772158],[109.545011,34.76325],[109.554078,34.768302],[109.55845,34.757269],[109.56596,34.760496],[109.566493,34.757993],[109.578218,34.757525],[109.583234,34.750672],[109.590407,34.751461],[109.589937,34.754418],[109.592994,34.754765],[109.597159,34.750528],[109.607875,34.751663],[109.608265,34.755049],[109.611454,34.755556],[109.610713,34.759619],[109.606266,34.759219],[109.603592,34.768049],[109.62462,34.767028],[109.625349,34.776513],[109.6368,34.779192],[109.641068,34.786918],[109.650484,34.787931],[109.650009,34.790806],[109.652573,34.781608],[109.662338,34.782777],[109.662682,34.785935],[109.663822,34.776768],[109.670635,34.77676],[109.673677,34.772511],[109.677089,34.775459],[109.68369,34.773418],[109.686869,34.77921],[109.693446,34.779735],[109.698357,34.771678],[109.71816,34.773643],[109.717864,34.776601],[109.728147,34.777649],[109.727738,34.780657],[109.732966,34.778047],[109.732832,34.781277],[109.738191,34.781671],[109.742865,34.794571],[109.760811,34.789938],[109.759242,34.785557],[109.763317,34.78621],[109.764289,34.779706],[109.754028,34.778284],[109.752271,34.766292],[109.757502,34.763855],[109.758182,34.752072],[109.75516,34.748229],[109.748356,34.749963],[109.746464,34.746505],[109.744851,34.738458],[109.74642,34.741061],[109.747129,34.735285],[109.743775,34.734783],[109.739879,34.724521],[109.725416,34.683206],[109.727837,34.681551],[109.725135,34.673308],[109.722422,34.671538],[109.721017,34.674658],[109.720038,34.670595],[109.711315,34.669818],[109.712864,34.667481],[109.719718,34.668515],[109.714953,34.666917],[109.714218,34.661561],[109.721139,34.661677],[109.720375,34.655867],[109.723201,34.654071],[109.71726,34.648812],[109.719987,34.645031],[109.715434,34.644968],[109.719093,34.641513],[109.71385,34.64046],[109.718897,34.639669],[109.720652,34.635987],[109.712501,34.633476],[109.711763,34.630152],[109.719263,34.628641],[109.719132,34.623281],[109.711897,34.616615],[109.712611,34.610044],[109.717278,34.608729],[109.713654,34.602726],[109.717634,34.590137],[109.702494,34.577668],[109.690812,34.580268],[109.68232,34.577312],[109.676632,34.582939],[109.656971,34.5758],[109.643827,34.576701],[109.635859,34.571673],[109.644059,34.560825],[109.627615,34.538821],[109.632792,34.525849],[109.631261,34.514924],[109.637778,34.499646],[109.638209,34.485937],[109.622355,34.485707],[109.618223,34.474518],[109.612643,34.474407],[109.609912,34.462732],[109.611601,34.452034],[109.605921,34.444283],[109.606565,34.430952],[109.60335,34.427568],[109.599462,34.408571],[109.604837,34.398127],[109.605661,34.391064],[109.602966,34.388059],[109.605543,34.386454],[109.606249,34.376634],[109.621856,34.354448],[109.629812,34.353597],[109.629397,34.345849],[109.637283,34.334764],[109.63766,34.325911],[109.629059,34.325891],[109.629367,34.316881],[109.622505,34.309778],[109.627203,34.305126],[109.631766,34.307787],[109.63293,34.317836],[109.639272,34.321192],[109.636166,34.315487],[109.638921,34.313428],[109.637667,34.310172],[109.667917,34.296305],[109.672642,34.284041],[109.669504,34.271838],[109.684058,34.244602],[109.665041,34.239994],[109.64814,34.248485],[109.629164,34.23985],[109.57083,34.264105],[109.563765,34.262651],[109.554841,34.265418],[109.546343,34.259502],[109.529494,34.260941],[109.519772,34.256707],[109.511446,34.26472],[109.490414,34.272852],[109.480134,34.285473],[109.479821,34.290676],[109.472765,34.292184],[109.471334,34.29779],[109.468982,34.296175],[109.470059,34.299481],[109.466288,34.295336],[109.450666,34.299582],[109.453081,34.31195],[109.446034,34.321411],[109.445141,34.331447],[109.448276,34.333711],[109.449157,34.345238],[109.453662,34.352094],[109.450241,34.357607],[109.455984,34.367122],[109.454941,34.376661],[109.460007,34.384818],[109.45608,34.385983],[109.455303,34.391001],[109.458611,34.39191],[109.456573,34.395429],[109.440466,34.3986],[109.441821,34.407628],[109.437281,34.415329],[109.418383,34.424695],[109.419346,34.434982],[109.414754,34.438511],[109.418964,34.443856],[109.409667,34.452859],[109.407905,34.461859],[109.402558,34.465674],[109.388191,34.467618],[109.383825,34.478638]]]}},{"type":"Feature","properties":{"id":"cn:610503","name":"华州区","level":2},"geometry":{"type":"Polygon","coordinates":[[[109.599462,34.408571],[109.60335,34.427568],[109.606565,34.430952],[109.605921,34.444283],[109.611601,34.452034],[109.609912,34.462732],[109.612643,34.474407],[109.618223,34.474518],[109.622355,34.485707],[109.638209,34.485937],[109.637778,34.499646],[109.631261,34.514924],[109.632792,34.525849],[109.627615,34.538821],[109.643618,34.559079],[109.643869,34.563765],[109.635541,34.569482],[109.63657,34.572515],[109.643827,34.576701],[109.656971,34.5758],[109.677427,34.582969],[109.68232,34.577312],[109.690812,34.580268],[109.701065,34.577361],[109.716119,34.581751],[109.720537,34.570483],[109.733336,34.570558],[109.739804,34.577518],[109.734698,34.586482],[109.736944,34.59132],[109.743261,34.59189],[109.761052,34.583959],[109.763599,34.60845],[109.778869,34.608515],[109.793977,34.601986],[109.802214,34.612209],[109.809097,34.603401],[109.820973,34.603784],[109.824018,34.597265],[109.828502,34.596305],[109.843502,34.611055],[109.840354,34.616695],[109.850595,34.619156],[109.856288,34.616505],[109.86213,34.60282],[109.875361,34.58973],[109.891969,34.600432],[109.889517,34.605315],[109.87718,34.605689],[109.88923,34.618325],[109.892137,34.615821],[109.893666,34.578716],[109.897385,34.567192],[109.89385,34.55302],[109.89103,34.551526],[109.894344,34.548927],[109.893064,34.539774],[109.896256,34.530809],[109.893103,34.528686],[109.895607,34.514299],[109.892515,34.502196],[109.899706,34.471434],[109.911069,34.454854],[109.918889,34.454134],[109.936351,34.46264],[109.944293,34.461478],[109.95315,34.454441],[109.961565,34.453038],[109.96792,34.442808],[109.939204,34.438225],[109.945559,34.42622],[109.93226,34.415215],[109.93242,34.40825],[109.923049,34.406539],[109.918562,34.400452],[109.911123,34.397621],[109.911778,34.380221],[109.916196,34.37766],[109.925855,34.380193],[109.932444,34.377009],[109.938067,34.3796],[109.947055,34.378091],[109.962448,34.383445],[109.970453,34.375477],[109.977229,34.37508],[109.989117,34.368],[110.002032,34.369032],[110.00795,34.356123],[110.013572,34.351495],[110.017959,34.338785],[110.026235,34.336806],[110.028113,34.327498],[110.034772,34.324383],[110.036158,34.319624],[110.035658,34.309505],[110.02987,34.307214],[110.029756,34.304035],[110.013738,34.303541],[110.006966,34.309365],[110.001934,34.306299],[110.005908,34.291568],[110.003379,34.282941],[110.013003,34.263283],[110.012946,34.251355],[110.009061,34.246502],[110.019011,34.240556],[110.013592,34.233664],[110.006052,34.235377],[109.998553,34.23162],[109.992164,34.222778],[109.984888,34.223323],[109.968446,34.211528],[109.956687,34.210503],[109.94292,34.222766],[109.949324,34.228997],[109.950606,34.244585],[109.94148,34.243217],[109.933059,34.23472],[109.92024,34.234883],[109.915164,34.229924],[109.900657,34.240593],[109.881815,34.245454],[109.878146,34.2494],[109.880541,34.256461],[109.871133,34.271585],[109.849483,34.266862],[109.838471,34.281295],[109.830359,34.283542],[109.825647,34.290718],[109.810836,34.28337],[109.806008,34.272782],[109.786907,34.266868],[109.7942,34.237704],[109.791755,34.231118],[109.797228,34.225034],[109.786308,34.230182],[109.769097,34.254143],[109.751731,34.25267],[109.746653,34.244765],[109.737499,34.238662],[109.742099,34.233529],[109.742609,34.22498],[109.749542,34.218016],[109.74932,34.213688],[109.739234,34.215644],[109.734798,34.218652],[109.7259,34.237786],[109.68175,34.243617],[109.684058,34.244602],[109.682829,34.24896],[109.676222,34.25532],[109.669504,34.271838],[109.672642,34.284041],[109.668509,34.295335],[109.663833,34.300285],[109.637667,34.310172],[109.638921,34.313428],[109.636166,34.315487],[109.639473,34.321068],[109.63293,34.317836],[109.631766,34.307787],[109.627203,34.305126],[109.623898,34.307263],[109.622423,34.310141],[109.629367,34.316881],[109.629059,34.325891],[109.63766,34.325911],[109.637283,34.334764],[109.629397,34.345849],[109.629812,34.353597],[109.621856,34.354448],[109.606249,34.376634],[109.605543,34.386454],[109.602966,34.388059],[109.605661,34.391064],[109.604837,34.398127],[109.599462,34.408571]]]}},{"type":"Feature","properties":{"id":"cn:610522","name":"潼关县","level":2},"geometry":{"type":"Polygon","coordinates":[[[110.15894,34.432323],[110.163713,34.435792],[110.165401,34.442835],[110.17729,34.448133],[110.183587,34.459927],[110.192806,34.465187],[110.18117,34.479337],[110.184232,34.496094],[110.197077,34.510766],[110.194788,34.511006],[110.196056,34.513121],[110.189513,34.510307],[110.19442,34.517812],[110.204173,34.518221],[110.21027,34.525298],[110.206659,34.526686],[110.208577,34.529116],[110.201739,34.529892],[110.204233,34.562512],[110.200367,34.563649],[110.197538,34.55958],[110.197269,34.56518],[110.191982,34.567156],[110.185901,34.576483],[110.188488,34.576867],[110.19072,34.58459],[110.184308,34.587956],[110.184754,34.592519],[110.19486,34.606303],[110.190571,34.606993],[110.190965,34.612001],[110.18808,34.611751],[110.186502,34.605941],[110.176806,34.609115],[110.177575,34.640329],[110.168924,34.638052],[110.166326,34.64971],[110.192614,34.650163],[110.189783,34.641082],[110.242397,34.64132],[110.251708,34.646144],[110.273315,34.62193],[110.290233,34.612198],[110.357691,34.606266],[110.373696,34.601566],[110.361719,34.567864],[110.382111,34.562881],[110.39876,34.567011],[110.398994,34.558661],[110.367264,34.545405],[110.356599,34.527519],[110.361374,34.519663],[110.358126,34.511281],[110.362162,34.495993],[110.372663,34.48764],[110.374273,34.479652],[110.387945,34.46595],[110.389585,34.455306],[110.396845,34.447016],[110.395847,34.438037],[110.404186,34.430014],[110.404004,34.422748],[110.424057,34.409472],[110.408995,34.406931],[110.391991,34.411193],[110.379773,34.407696],[110.372256,34.398824],[110.345508,34.400537],[110.325524,34.396126],[110.31481,34.400812],[110.304994,34.394628],[110.278383,34.392532],[110.24428,34.407827],[110.229445,34.406898],[110.213847,34.414505],[110.188383,34.415363],[110.172651,34.421955],[110.170071,34.427415],[110.15894,34.432323]]]}},{"type":"Feature","properties":{"id":"cn:610523","name":"大荔县","level":2},"geometry":{"type":"Polygon","coordinates":[[[109.706502,34.57981],[109.718223,34.592462],[109.713654,34.602726],[109.717278,34.608729],[109.712611,34.610044],[109.711897,34.616615],[109.719132,34.623281],[109.719263,34.628641],[109.711763,34.630152],[109.712501,34.633476],[109.720652,34.635987],[109.718897,34.639669],[109.71385,34.64046],[109.719093,34.641513],[109.715434,34.644968],[109.719987,34.645031],[109.71726,34.648812],[109.723193,34.653886],[109.720375,34.655867],[109.721139,34.661677],[109.714218,34.661561],[109.714953,34.666917],[109.719718,34.668515],[109.712864,34.667481],[109.711315,34.669818],[109.720038,34.670595],[109.721017,34.674658],[109.722422,34.671538],[109.725135,34.673308],[109.727837,34.681551],[109.725416,34.683206],[109.739879,34.724521],[109.743775,34.734783],[109.747129,34.735285],[109.74642,34.741061],[109.744851,34.738458],[109.746464,34.746505],[109.748356,34.749963],[109.75516,34.748229],[109.758182,34.752072],[109.757502,34.763855],[109.752271,34.766292],[109.754028,34.778284],[109.764289,34.779706],[109.763317,34.78621],[109.759162,34.785845],[109.761644,34.796486],[109.765915,34.800424],[109.769096,34.798721],[109.768397,34.801703],[109.77292,34.79924],[109.772323,34.801786],[109.777667,34.802118],[109.777673,34.808371],[109.784303,34.807236],[109.787644,34.811887],[109.778783,34.810633],[109.780457,34.821417],[109.77499,34.825629],[109.779351,34.83037],[109.779381,34.83713],[109.765998,34.841366],[109.760448,34.839064],[109.758741,34.845025],[109.749332,34.849383],[109.724516,34.852509],[109.726201,34.861853],[109.719201,34.86603],[109.724682,34.873898],[109.723557,34.877273],[109.7422,34.88535],[109.750451,34.883789],[109.752846,34.894251],[109.76235,34.895818],[109.772272,34.906355],[109.795209,34.901962],[109.797095,34.907527],[109.790634,34.913938],[109.793732,34.917303],[109.808004,34.914579],[109.809332,34.923419],[109.823454,34.921865],[109.831021,34.917673],[109.826214,34.926792],[109.829248,34.932501],[109.845085,34.92784],[109.85053,34.93083],[109.85737,34.928234],[109.858841,34.919207],[109.868363,34.917322],[109.868235,34.919648],[109.87464,34.920788],[109.890457,34.920506],[109.897881,34.914994],[109.902136,34.921652],[109.911496,34.920316],[109.908915,34.927581],[109.911005,34.92605],[109.910252,34.928969],[109.917953,34.934862],[109.924543,34.935318],[109.925728,34.93849],[109.936092,34.933892],[109.939476,34.927898],[109.949391,34.931011],[109.956311,34.926132],[109.9634,34.926202],[109.963331,34.932467],[109.976008,34.935817],[109.976655,34.941078],[109.980936,34.944268],[109.99053,34.936443],[109.995598,34.943561],[109.998721,34.942006],[109.99737,34.945413],[110.000361,34.94463],[110.000267,34.948925],[110.001321,34.948887],[110.003189,34.94545],[110.005295,34.944198],[110.003415,34.946153],[110.009693,34.952846],[110.008445,34.96689],[110.012033,34.967018],[110.012259,34.970742],[110.020865,34.970695],[110.02543,34.97954],[110.030755,34.979631],[110.031016,34.985404],[110.039997,34.985643],[110.041074,34.989956],[110.053924,34.994157],[110.054376,35.006904],[110.060596,35.006767],[110.070509,34.991761],[110.074641,34.991748],[110.074808,34.994455],[110.089497,34.992894],[110.093449,34.994797],[110.091228,35.021252],[110.092376,35.01828],[110.115854,35.018602],[110.116406,35.021929],[110.12513,35.025701],[110.124994,35.030158],[110.158062,35.02687],[110.160392,35.032809],[110.163414,35.030683],[110.160437,35.023823],[110.162822,35.017572],[110.173628,35.012502],[110.179556,34.997076],[110.189686,34.995638],[110.192352,34.990507],[110.194227,34.992196],[110.208251,34.985841],[110.212295,34.989057],[110.270235,34.978274],[110.275086,34.969851],[110.281739,34.967877],[110.26937,34.948123],[110.256894,34.945202],[110.250667,34.933212],[110.249069,34.920055],[110.225684,34.881644],[110.233561,34.853005],[110.228429,34.838365],[110.235106,34.801346],[110.24161,34.789887],[110.237916,34.726886],[110.224324,34.693752],[110.231352,34.671548],[110.251708,34.646144],[110.242397,34.64132],[110.189783,34.641082],[110.192614,34.650163],[110.166326,34.64971],[110.16961,34.637611],[110.155226,34.642352],[110.140051,34.637514],[110.137751,34.653752],[110.123324,34.6674],[110.114159,34.667676],[110.10003,34.663152],[110.113263,34.651449],[110.081711,34.637201],[110.068063,34.643545],[110.059542,34.634692],[110.026367,34.634998],[110.002187,34.628819],[109.992938,34.63149],[109.995558,34.642509],[109.989594,34.64629],[109.975003,34.636278],[109.954963,34.634009],[109.94626,34.638023],[109.944204,34.644835],[109.924638,34.644136],[109.918774,34.636572],[109.922646,34.620819],[109.919881,34.615616],[109.903635,34.609632],[109.88785,34.618335],[109.877263,34.605289],[109.889517,34.605315],[109.891969,34.600432],[109.875361,34.58973],[109.86213,34.60282],[109.856288,34.616505],[109.850595,34.619156],[109.840354,34.616695],[109.843502,34.611055],[109.828502,34.596305],[109.824018,34.597265],[109.820973,34.603784],[109.809097,34.603401],[109.802214,34.612209],[109.793977,34.601986],[109.778869,34.608515],[109.765155,34.608809],[109.762216,34.60727],[109.764175,34.597],[109.760632,34.583499],[109.743261,34.59189],[109.737575,34.591597],[109.734618,34.587096],[109.739528,34.580136],[109.738388,34.574013],[109.725458,34.569759],[109.719699,34.571477],[109.718049,34.581098],[109.706502,34.57981]]]}},{"type":"Feature","properties":{"id":"cn:610524","name":"合阳县","level":2},"geometry":{"type":"Polygon","coordinates":[[[109.976147,35.076389],[109.980908,35.079166],[109.977334,35.086313],[109.983355,35.093246],[109.991859,35.096528],[109.997227,35.094547],[109.997272,35.097187],[110.004769,35.095301],[110.007127,35.099896],[110.014953,35.095218],[110.017249,35.096892],[110.019089,35.107885],[110.025449,35.109118],[110.021574,35.111272],[110.022948,35.117308],[110.035481,35.123302],[110.030722,35.128993],[110.03866,35.129835],[110.042133,35.140386],[110.045598,35.142474],[110.039503,35.13934],[110.034434,35.142299],[110.037057,35.145981],[110.030558,35.145964],[110.03306,35.15165],[110.024808,35.152556],[110.025348,35.15958],[110.029178,35.163775],[110.0225,35.164983],[110.024695,35.170263],[110.022146,35.17059],[110.029534,35.1742],[110.028579,35.176754],[110.023248,35.176549],[110.024103,35.17948],[110.017836,35.181322],[110.010888,35.179897],[110.006565,35.185165],[110.010577,35.195735],[110.020891,35.198063],[110.02469,35.203179],[110.030038,35.204335],[110.027094,35.206925],[110.030901,35.215469],[110.024764,35.2144],[110.023117,35.217887],[110.035029,35.226423],[110.033059,35.235104],[110.024885,35.232825],[110.005826,35.239021],[110.00328,35.24183],[110.005178,35.247857],[109.997534,35.251125],[109.993411,35.257964],[109.989399,35.257624],[109.99299,35.260317],[109.990407,35.262471],[109.992907,35.270613],[109.988949,35.271808],[109.990037,35.277155],[109.980413,35.28687],[109.982706,35.287221],[109.981052,35.291927],[109.987493,35.292821],[109.988951,35.296026],[109.988508,35.311124],[109.991782,35.31234],[109.988156,35.314423],[109.991771,35.314708],[109.999696,35.328961],[110.004246,35.330895],[110.002426,35.33519],[110.005549,35.337268],[110.001032,35.336403],[109.996896,35.344294],[109.99894,35.347056],[109.993407,35.346375],[109.997797,35.348236],[109.996243,35.349757],[109.999064,35.351172],[109.995818,35.353457],[109.998809,35.355163],[109.995188,35.355045],[110.001746,35.361576],[109.997229,35.365517],[110.000168,35.367244],[109.996767,35.370885],[110.007158,35.396953],[110.004804,35.399079],[110.008283,35.402179],[110.008438,35.408736],[110.016113,35.413705],[110.027137,35.411637],[110.033305,35.41437],[110.036819,35.41121],[110.046511,35.41696],[110.04552,35.405133],[110.055304,35.414984],[110.064645,35.408744],[110.072413,35.410073],[110.081857,35.406893],[110.093707,35.413769],[110.09811,35.424586],[110.112036,35.424992],[110.117586,35.429469],[110.136249,35.412137],[110.173643,35.4044],[110.177688,35.395682],[110.192226,35.382526],[110.192851,35.377057],[110.18829,35.371303],[110.194911,35.365096],[110.191805,35.363865],[110.197263,35.3625],[110.20467,35.352323],[110.215314,35.351504],[110.217289,35.347804],[110.238163,35.344856],[110.258338,35.336985],[110.277847,35.339503],[110.296679,35.32509],[110.302053,35.330759],[110.30626,35.330766],[110.307278,35.33494],[110.315673,35.334727],[110.316824,35.331852],[110.324906,35.331454],[110.321486,35.318861],[110.317416,35.317143],[110.324431,35.313109],[110.326619,35.314068],[110.325443,35.321612],[110.330861,35.319138],[110.330685,35.321881],[110.34082,35.321354],[110.341435,35.324048],[110.372625,35.318678],[110.378173,35.320727],[110.378749,35.331207],[110.383334,35.333268],[110.401268,35.327395],[110.402526,35.32141],[110.413777,35.319293],[110.420819,35.308034],[110.406791,35.291614],[110.398399,35.286799],[110.388002,35.270651],[110.369291,35.252305],[110.37281,35.211271],[110.358829,35.198449],[110.359226,35.140747],[110.368182,35.134712],[110.340989,35.084923],[110.327711,35.045737],[110.315195,35.039169],[110.315487,35.005876],[110.296182,34.989395],[110.294228,34.979834],[110.281739,34.967877],[110.275086,34.969851],[110.270235,34.978274],[110.212295,34.989057],[110.208251,34.985841],[110.194227,34.992196],[110.192352,34.990507],[110.189686,34.995638],[110.179556,34.997076],[110.173628,35.012502],[110.162822,35.017572],[110.160437,35.023823],[110.163414,35.030683],[110.160392,35.032809],[110.158062,35.02687],[110.124994,35.030158],[110.12513,35.025701],[110.116406,35.021929],[110.115854,35.018602],[110.092376,35.01828],[110.092426,35.021244],[110.071268,35.021448],[110.071198,35.02437],[110.067614,35.021529],[110.066679,35.031092],[110.060165,35.033595],[110.059245,35.039514],[110.057881,35.036122],[110.055774,35.041775],[110.044582,35.039753],[110.044085,35.042823],[110.038916,35.042955],[110.031964,35.061202],[110.018406,35.063433],[110.01644,35.060659],[110.011188,35.06299],[109.997164,35.0614],[109.988281,35.070794],[109.98255,35.071103],[109.976147,35.076389]]]}},{"type":"Feature","properties":{"id":"cn:610525","name":"澄城县","level":2},"geometry":{"type":"Polygon","coordinates":[[[109.683543,35.272246],[109.68096,35.280731],[109.688943,35.288262],[109.688236,35.293499],[109.693539,35.294382],[109.695656,35.302638],[109.693171,35.307098],[109.697311,35.310588],[109.694879,35.313061],[109.699485,35.315411],[109.704188,35.334719],[109.710566,35.344125],[109.718157,35.34439],[109.722334,35.349504],[109.728522,35.350824],[109.728864,35.364312],[109.735507,35.370108],[109.74452,35.409496],[109.737696,35.416346],[109.736833,35.424099],[109.731643,35.430996],[109.744053,35.418768],[109.744596,35.427678],[109.739853,35.433761],[109.747784,35.434678],[109.75246,35.420141],[109.756891,35.432776],[109.765417,35.439209],[109.783715,35.446863],[109.790615,35.438347],[109.795598,35.445971],[109.812213,35.448867],[109.814957,35.447311],[109.811117,35.441705],[109.81505,35.435501],[109.812076,35.431908],[109.817354,35.426644],[109.826017,35.431359],[109.836633,35.428812],[109.83882,35.43156],[109.844695,35.427643],[109.843879,35.422898],[109.848878,35.41776],[109.85396,35.426662],[109.853066,35.429807],[109.850214,35.427362],[109.848951,35.430968],[109.845432,35.429231],[109.846292,35.435784],[109.855796,35.441264],[109.858648,35.431673],[109.864895,35.430017],[109.867315,35.433552],[109.871249,35.430077],[109.873091,35.433802],[109.879093,35.429843],[109.878558,35.424611],[109.888505,35.422604],[109.883881,35.405673],[109.894471,35.415201],[109.895132,35.405497],[109.899536,35.405147],[109.904046,35.407334],[109.90116,35.407546],[109.904123,35.409878],[109.903623,35.414547],[109.90835,35.416683],[109.933515,35.412248],[109.938112,35.420801],[109.951955,35.414198],[109.966248,35.414231],[109.976408,35.409597],[109.974461,35.413661],[109.978466,35.428138],[109.9913,35.435077],[110.001005,35.426056],[110.008371,35.406402],[109.996767,35.370885],[110.000168,35.367244],[109.997229,35.365517],[110.001746,35.361576],[109.995188,35.355045],[109.998809,35.355163],[109.995818,35.353457],[109.999029,35.350672],[109.993388,35.346643],[109.99894,35.347056],[109.996896,35.344294],[110.001032,35.336403],[110.005549,35.337268],[109.996798,35.320864],[109.988156,35.314423],[109.991782,35.31234],[109.988508,35.311124],[109.988951,35.296026],[109.987493,35.292821],[109.981052,35.291927],[109.982706,35.287221],[109.980413,35.28687],[109.990037,35.277155],[109.988949,35.271808],[109.992907,35.270613],[109.990407,35.262471],[109.99299,35.260317],[109.989399,35.257624],[109.993411,35.257964],[109.997534,35.251125],[110.005178,35.247857],[110.00328,35.24183],[110.005826,35.239021],[110.024885,35.232825],[110.033059,35.235104],[110.035029,35.226423],[110.023117,35.217887],[110.024764,35.2144],[110.030901,35.215469],[110.027094,35.206925],[110.030038,35.204335],[110.02469,35.203179],[110.020891,35.198063],[110.010577,35.195735],[110.006565,35.185165],[110.010888,35.179897],[110.017836,35.181322],[110.024103,35.17948],[110.023248,35.176549],[110.028579,35.176754],[110.029534,35.1742],[110.022146,35.17059],[110.024695,35.170263],[110.0225,35.164983],[110.029178,35.163775],[110.025348,35.15958],[110.024808,35.152556],[110.03306,35.15165],[110.030558,35.145964],[110.037057,35.145981],[110.034434,35.142299],[110.039503,35.13934],[110.043824,35.142175],[110.045598,35.142474],[110.042133,35.140386],[110.03866,35.129835],[110.030722,35.128993],[110.035481,35.123302],[110.022948,35.117308],[110.021574,35.111272],[110.025449,35.109118],[110.019089,35.107885],[110.017249,35.096892],[110.014953,35.095218],[110.007127,35.099896],[110.004769,35.095301],[109.997272,35.097187],[109.997227,35.094547],[109.991859,35.096528],[109.983355,35.093246],[109.977334,35.086313],[109.980908,35.079166],[109.976147,35.076389],[109.98255,35.071103],[109.988281,35.070794],[109.997164,35.0614],[110.011188,35.06299],[110.01644,35.060659],[110.018406,35.063433],[110.031964,35.061202],[110.038916,35.042955],[110.044085,35.042823],[110.044582,35.039753],[110.055774,35.041775],[110.057881,35.036122],[110.059245,35.039514],[110.060165,35.033595],[110.066679,35.031092],[110.067614,35.021529],[110.069939,35.024425],[110.071268,35.021448],[110.091228,35.021252],[110.093449,34.994797],[110.074808,34.994455],[110.074641,34.991748],[110.070509,34.991761],[110.060596,35.006767],[110.054376,35.006904],[110.055645,34.997485],[110.050798,34.99142],[110.041074,34.989956],[110.039997,34.985643],[110.031016,34.985404],[110.030755,34.979631],[110.02543,34.97954],[110.020865,34.970695],[110.012259,34.970742],[110.012033,34.967018],[110.008445,34.96689],[110.009693,34.952846],[110.003415,34.946153],[110.005295,34.944198],[110.000267,34.948925],[110.000361,34.94463],[109.99737,34.945413],[109.998721,34.942006],[109.995598,34.943561],[109.99003,34.936286],[109.980936,34.944268],[109.976655,34.941078],[109.976008,34.935817],[109.963331,34.932467],[109.9634,34.926202],[109.956311,34.926132],[109.949391,34.931011],[109.939476,34.927898],[109.936273,34.933745],[109.926585,34.938452],[109.916078,34.93268],[109.915183,34.935656],[109.90792,34.935599],[109.906782,34.941814],[109.900332,34.941977],[109.898787,34.94819],[109.891958,34.950141],[109.889244,34.957858],[109.884968,34.960449],[109.889145,34.961208],[109.886409,34.966048],[109.891675,34.965455],[109.8886,34.968573],[109.896902,34.971432],[109.891681,34.97151],[109.892119,34.974606],[109.899598,34.974961],[109.891843,34.982166],[109.899466,34.982589],[109.896141,34.984017],[109.8984,34.985825],[109.896359,34.987616],[109.901289,34.989509],[109.898596,34.991758],[109.905463,34.996885],[109.895892,35.000234],[109.900207,35.008131],[109.904747,35.007497],[109.90495,35.01108],[109.909887,35.011101],[109.913426,35.01529],[109.914207,35.020764],[109.908235,35.025661],[109.90732,35.033004],[109.909415,35.041368],[109.911128,35.039003],[109.912396,35.041478],[109.910221,35.044662],[109.91258,35.044828],[109.901587,35.050695],[109.891205,35.04733],[109.89621,35.044871],[109.878526,35.049705],[109.869544,35.045554],[109.871483,35.039965],[109.867021,35.041303],[109.861668,35.038075],[109.866923,35.036748],[109.863766,35.033203],[109.847855,35.032212],[109.847735,35.027817],[109.835012,35.022641],[109.832796,35.023699],[109.834777,35.027401],[109.829614,35.032779],[109.836905,35.037787],[109.834662,35.045275],[109.838363,35.046059],[109.835132,35.050299],[109.839611,35.053757],[109.832824,35.059645],[109.833702,35.068579],[109.839359,35.069783],[109.838097,35.06785],[109.842979,35.068887],[109.847319,35.065825],[109.846961,35.06853],[109.853279,35.066619],[109.855083,35.07101],[109.859007,35.067935],[109.861489,35.071219],[109.859562,35.075756],[109.868141,35.078952],[109.855906,35.084301],[109.870358,35.086504],[109.863419,35.090895],[109.864155,35.094263],[109.886102,35.102117],[109.892589,35.107593],[109.892173,35.111359],[109.871145,35.121804],[109.85587,35.12231],[109.856013,35.118173],[109.850632,35.116737],[109.853218,35.112333],[109.854545,35.114127],[109.85776,35.113747],[109.847332,35.10571],[109.85304,35.101857],[109.853393,35.097925],[109.848238,35.096059],[109.843641,35.088165],[109.840927,35.098228],[109.835991,35.10173],[109.838477,35.110747],[109.823761,35.120725],[109.826286,35.125977],[109.819082,35.134374],[109.816994,35.142295],[109.820786,35.148531],[109.81445,35.152246],[109.814385,35.159269],[109.791064,35.159191],[109.772917,35.169381],[109.76875,35.175795],[109.747044,35.179579],[109.749577,35.184579],[109.756613,35.181547],[109.755049,35.188477],[109.742617,35.187803],[109.743621,35.198431],[109.731635,35.205854],[109.734502,35.217835],[109.726532,35.225576],[109.725914,35.23383],[109.708005,35.23851],[109.714744,35.251113],[109.691082,35.259136],[109.690733,35.269305],[109.695184,35.277281],[109.683543,35.272246]]]}},{"type":"Feature","properties":{"id":"cn:610526","name":"蒲城县","level":2},"geometry":{"type":"Polygon","coordinates":[[[109.337845,34.854731],[109.340839,34.855445],[109.339581,34.869939],[109.348069,34.873948],[109.346466,34.885853],[109.343625,34.885697],[109.344435,34.894223],[109.357266,34.895866],[109.356958,34.898704],[109.370586,34.906312],[109.370307,34.909184],[109.376588,34.906895],[109.377428,34.919094],[109.386158,34.92046],[109.385308,34.925758],[109.377328,34.929743],[109.376831,34.933866],[109.384593,34.937719],[109.387215,34.943975],[109.400281,34.942795],[109.400483,34.948572],[109.395511,34.948746],[109.392106,34.953531],[109.397533,34.958761],[109.429142,34.963125],[109.439239,34.976016],[109.437402,34.985263],[109.440947,34.985892],[109.43455,34.993824],[109.434006,35.005207],[109.439591,35.00949],[109.43834,35.014938],[109.433481,35.020463],[109.430341,35.039795],[109.419151,35.053282],[109.423124,35.055769],[109.421046,35.07042],[109.427081,35.079984],[109.436162,35.08384],[109.439686,35.08947],[109.434965,35.108935],[109.438786,35.128842],[109.435164,35.136535],[109.440348,35.145735],[109.45071,35.144372],[109.452913,35.150048],[109.45792,35.149966],[109.463317,35.155269],[109.471282,35.152325],[109.472206,35.158059],[109.476283,35.160441],[109.480022,35.160895],[109.48007,35.158337],[109.482827,35.160415],[109.485049,35.157386],[109.488684,35.164762],[109.496058,35.161232],[109.497018,35.156866],[109.505556,35.166642],[109.512094,35.163509],[109.520157,35.165172],[109.521528,35.162673],[109.521841,35.165681],[109.525175,35.163465],[109.526753,35.166852],[109.530696,35.163377],[109.540428,35.168211],[109.543014,35.165164],[109.547726,35.166581],[109.554843,35.158624],[109.571339,35.159118],[109.566785,35.150093],[109.571671,35.139447],[109.57693,35.138039],[109.590729,35.144504],[109.594633,35.13486],[109.598324,35.134901],[109.60068,35.127456],[109.606808,35.123917],[109.615574,35.130868],[109.614039,35.136152],[109.617701,35.137152],[109.616222,35.141059],[109.624692,35.150729],[109.624381,35.154619],[109.632636,35.152697],[109.63747,35.139509],[109.643787,35.140204],[109.65327,35.150587],[109.657274,35.145704],[109.660967,35.14835],[109.66501,35.144583],[109.672513,35.14676],[109.686339,35.13703],[109.685986,35.130535],[109.681885,35.131401],[109.678191,35.12819],[109.677733,35.107274],[109.68517,35.105316],[109.68844,35.09942],[109.693026,35.099996],[109.701054,35.092325],[109.706117,35.096125],[109.715395,35.094688],[109.716962,35.088478],[109.702435,35.086041],[109.705427,35.079902],[109.700677,35.079145],[109.704364,35.078411],[109.706601,35.071942],[109.710952,35.071307],[109.712597,35.063545],[109.718114,35.062012],[109.725322,35.062694],[109.726457,35.068229],[109.734046,35.069932],[109.733528,35.072584],[109.743324,35.077636],[109.742831,35.082996],[109.748515,35.087813],[109.749335,35.093765],[109.752841,35.094428],[109.752098,35.106538],[109.754122,35.104122],[109.762311,35.105705],[109.764056,35.126528],[109.759828,35.132847],[109.752056,35.133224],[109.750924,35.136942],[109.753857,35.137747],[109.753095,35.140568],[109.757075,35.138176],[109.759946,35.141437],[109.760616,35.138951],[109.761773,35.145523],[109.75758,35.14733],[109.757093,35.144136],[109.751658,35.143548],[109.75011,35.153739],[109.758208,35.159631],[109.756771,35.164195],[109.761636,35.163007],[109.756533,35.167424],[109.76511,35.176137],[109.791064,35.159191],[109.814385,35.159269],[109.81445,35.152246],[109.820786,35.148531],[109.816994,35.142295],[109.819082,35.134374],[109.826286,35.125977],[109.823761,35.120725],[109.838477,35.110747],[109.835991,35.10173],[109.840927,35.098228],[109.843641,35.088165],[109.848238,35.096059],[109.853393,35.097925],[109.85304,35.101857],[109.847332,35.10571],[109.85776,35.113747],[109.853218,35.112333],[109.850632,35.116737],[109.856013,35.118173],[109.85587,35.12231],[109.871145,35.121804],[109.892173,35.111359],[109.892589,35.107593],[109.886102,35.102117],[109.864155,35.094263],[109.863419,35.090895],[109.870358,35.086504],[109.855906,35.084301],[109.868141,35.078952],[109.859562,35.075756],[109.861489,35.071219],[109.859007,35.067935],[109.855083,35.07101],[109.853279,35.066619],[109.846961,35.06853],[109.847319,35.065825],[109.842979,35.068887],[109.838097,35.06785],[109.839359,35.069783],[109.833702,35.068579],[109.832824,35.059645],[109.839611,35.053757],[109.835132,35.050299],[109.838363,35.046059],[109.834662,35.045275],[109.836905,35.037787],[109.829614,35.032779],[109.834777,35.027401],[109.832796,35.023699],[109.835012,35.022641],[109.847735,35.027817],[109.847855,35.032212],[109.863766,35.033203],[109.866923,35.036748],[109.861668,35.038075],[109.867021,35.041303],[109.871483,35.039965],[109.869544,35.045554],[109.878526,35.049705],[109.89621,35.044871],[109.891205,35.04733],[109.901587,35.050695],[109.91258,35.044828],[109.910221,35.044662],[109.912396,35.041478],[109.911128,35.039003],[109.909415,35.041368],[109.90732,35.033004],[109.908235,35.025661],[109.914207,35.020764],[109.913426,35.01529],[109.909887,35.011101],[109.90495,35.01108],[109.904747,35.007497],[109.900207,35.008131],[109.895892,35.000234],[109.905463,34.996885],[109.898596,34.991758],[109.901289,34.989509],[109.896359,34.987616],[109.8984,34.985825],[109.896141,34.984017],[109.899466,34.982589],[109.891843,34.982166],[109.899598,34.974961],[109.892119,34.974606],[109.891681,34.97151],[109.896902,34.971432],[109.8886,34.968573],[109.891675,34.965455],[109.886409,34.966048],[109.889145,34.961208],[109.884968,34.960449],[109.889244,34.957858],[109.891958,34.950141],[109.898787,34.94819],[109.900332,34.941977],[109.906782,34.941814],[109.90792,34.935599],[109.915183,34.935656],[109.914549,34.929767],[109.910252,34.928969],[109.911005,34.92605],[109.908811,34.927324],[109.911496,34.920316],[109.902136,34.921652],[109.897881,34.914994],[109.890457,34.920506],[109.87464,34.920788],[109.868235,34.919648],[109.868363,34.917322],[109.85872,34.919261],[109.85737,34.928234],[109.85053,34.93083],[109.845085,34.92784],[109.829248,34.932501],[109.826214,34.926792],[109.831021,34.917673],[109.823454,34.921865],[109.809332,34.923419],[109.808004,34.914579],[109.793732,34.917303],[109.790634,34.913938],[109.797095,34.907527],[109.795209,34.901962],[109.772272,34.906355],[109.76235,34.895818],[109.752846,34.894251],[109.750451,34.883789],[109.7422,34.88535],[109.723557,34.877273],[109.724682,34.873898],[109.719201,34.86603],[109.726201,34.861853],[109.724878,34.852157],[109.749332,34.849383],[109.758741,34.845025],[109.760448,34.839064],[109.765998,34.841366],[109.779551,34.836904],[109.779351,34.83037],[109.77499,34.825629],[109.780457,34.821417],[109.778783,34.810633],[109.783241,34.813265],[109.787623,34.811697],[109.784303,34.807236],[109.777673,34.808371],[109.777667,34.802118],[109.772323,34.801786],[109.77292,34.79924],[109.771109,34.801859],[109.768187,34.801595],[109.768957,34.798667],[109.765602,34.80027],[109.760456,34.790332],[109.742865,34.794571],[109.738191,34.781671],[109.732832,34.781277],[109.732966,34.778047],[109.727738,34.780657],[109.728147,34.777649],[109.717864,34.776601],[109.71816,34.773643],[109.698357,34.771678],[109.693446,34.779735],[109.686869,34.77921],[109.68369,34.773418],[109.677089,34.775459],[109.673677,34.772511],[109.670635,34.77676],[109.663822,34.776768],[109.662682,34.785935],[109.662338,34.782777],[109.652573,34.781608],[109.650009,34.790806],[109.650484,34.787931],[109.641068,34.786918],[109.6368,34.779192],[109.625349,34.776513],[109.62462,34.767028],[109.603592,34.768049],[109.606266,34.759219],[109.610713,34.759619],[109.611454,34.755556],[109.608265,34.755049],[109.607875,34.751663],[109.597159,34.750528],[109.592994,34.754765],[109.589937,34.754418],[109.590407,34.751461],[109.583234,34.750672],[109.578218,34.757525],[109.566493,34.757993],[109.56596,34.760496],[109.55845,34.757269],[109.554078,34.768302],[109.545011,34.76325],[109.546127,34.772158],[109.543306,34.777234],[109.54291,34.77467],[109.534744,34.773718],[109.534116,34.779621],[109.533309,34.777035],[109.527608,34.778914],[109.527167,34.77647],[109.518845,34.784611],[109.511024,34.783795],[109.509721,34.786582],[109.507735,34.783317],[109.503328,34.788338],[109.502661,34.785893],[109.496158,34.785349],[109.490396,34.791294],[109.477029,34.791557],[109.473218,34.780536],[109.468258,34.78237],[109.465946,34.780136],[109.465499,34.782511],[109.452078,34.778156],[109.449593,34.77375],[109.441813,34.773234],[109.435056,34.770421],[109.434961,34.767709],[109.421352,34.768886],[109.40427,34.764069],[109.402541,34.775101],[109.395462,34.777991],[109.393532,34.784264],[109.395687,34.791139],[109.392312,34.824281],[109.386922,34.826743],[109.384266,34.832241],[109.376317,34.831539],[109.374898,34.828298],[109.373696,34.831304],[109.362049,34.829988],[109.359692,34.836276],[109.350839,34.839648],[109.348386,34.844892],[109.339479,34.846958],[109.337845,34.854731]]]}},{"type":"Feature","properties":{"id":"cn:610527","name":"白水县","level":2},"geometry":{"type":"Polygon","coordinates":[[[109.275819,35.251356],[109.278524,35.257392],[109.287439,35.256457],[109.299121,35.261162],[109.298692,35.264844],[109.312097,35.274293],[109.329776,35.275331],[109.337972,35.278433],[109.338985,35.281903],[109.364415,35.286285],[109.366814,35.294373],[109.377233,35.297385],[109.380992,35.304947],[109.389072,35.305516],[109.391838,35.313759],[109.404453,35.321562],[109.402989,35.334909],[109.414336,35.330058],[109.438955,35.343015],[109.445485,35.337756],[109.453463,35.34428],[109.464463,35.343629],[109.472165,35.339445],[109.47686,35.345591],[109.483854,35.346513],[109.486421,35.353164],[109.493436,35.352321],[109.492602,35.360221],[109.497919,35.370072],[109.495402,35.378549],[109.50591,35.3831],[109.503745,35.386114],[109.508707,35.393786],[109.505605,35.396761],[109.51003,35.401733],[109.506818,35.406809],[109.509542,35.409994],[109.507551,35.414209],[109.513268,35.417538],[109.515356,35.425387],[109.520813,35.424061],[109.522246,35.430567],[109.538838,35.443543],[109.557627,35.442433],[109.567069,35.450784],[109.568971,35.444092],[109.576236,35.444583],[109.578901,35.441007],[109.592321,35.447725],[109.596405,35.445363],[109.594868,35.442598],[109.600646,35.447827],[109.614682,35.446804],[109.622976,35.440906],[109.637732,35.443389],[109.641925,35.436115],[109.642358,35.426623],[109.646157,35.425881],[109.648209,35.420324],[109.649717,35.422644],[109.658025,35.421837],[109.659359,35.427033],[109.668466,35.425685],[109.672395,35.42413],[109.673046,35.419692],[109.678812,35.420655],[109.676703,35.414946],[109.68504,35.417987],[109.689065,35.411971],[109.691731,35.411837],[109.69162,35.415649],[109.704052,35.41044],[109.715478,35.412436],[109.715502,35.41768],[109.730551,35.429562],[109.736365,35.424877],[109.737696,35.416346],[109.74452,35.409496],[109.735507,35.370108],[109.728864,35.364312],[109.728522,35.350824],[109.722334,35.349504],[109.718157,35.34439],[109.710566,35.344125],[109.704188,35.334719],[109.699485,35.315411],[109.694879,35.313061],[109.697311,35.310588],[109.693171,35.307098],[109.695656,35.302638],[109.693539,35.294382],[109.688236,35.293499],[109.688943,35.288262],[109.68096,35.280731],[109.680871,35.274434],[109.683922,35.272281],[109.695184,35.277281],[109.690733,35.269305],[109.691082,35.259136],[109.714744,35.251113],[109.708005,35.23851],[109.725914,35.23383],[109.726532,35.225576],[109.734502,35.217835],[109.731635,35.205854],[109.743621,35.198431],[109.742617,35.187803],[109.755049,35.188477],[109.756414,35.18133],[109.749577,35.184579],[109.746517,35.180225],[109.76511,35.176137],[109.756533,35.167424],[109.761636,35.163007],[109.756771,35.164195],[109.758208,35.159631],[109.75011,35.153739],[109.751658,35.143548],[109.757093,35.144136],[109.75758,35.14733],[109.761773,35.145523],[109.760616,35.138951],[109.759946,35.141437],[109.757075,35.138176],[109.753095,35.140568],[109.753857,35.137747],[109.750924,35.136942],[109.752056,35.133224],[109.759828,35.132847],[109.764056,35.126528],[109.762311,35.105705],[109.754122,35.104122],[109.752098,35.106538],[109.752841,35.094428],[109.749335,35.093765],[109.748515,35.087813],[109.742831,35.082996],[109.743324,35.077636],[109.733528,35.072584],[109.734046,35.069932],[109.726457,35.068229],[109.725322,35.062694],[109.718114,35.062012],[109.712597,35.063545],[109.710952,35.071307],[109.706601,35.071942],[109.704364,35.078411],[109.700677,35.079145],[109.705427,35.079902],[109.702435,35.086041],[109.716962,35.088478],[109.715395,35.094688],[109.706117,35.096125],[109.701054,35.092325],[109.693026,35.099996],[109.68844,35.09942],[109.68517,35.105316],[109.677733,35.107274],[109.678191,35.12819],[109.681885,35.131401],[109.685986,35.130535],[109.686339,35.13703],[109.672513,35.14676],[109.66501,35.144583],[109.660967,35.14835],[109.657274,35.145704],[109.65327,35.150587],[109.643787,35.140204],[109.63747,35.139509],[109.632636,35.152697],[109.624381,35.154619],[109.624692,35.150729],[109.616222,35.141059],[109.617701,35.137152],[109.614039,35.136152],[109.615574,35.130868],[109.606808,35.123917],[109.60068,35.127456],[109.598324,35.134901],[109.594633,35.13486],[109.590729,35.144504],[109.57693,35.138039],[109.571671,35.139447],[109.566785,35.150093],[109.571339,35.159118],[109.554843,35.158624],[109.547726,35.166581],[109.543014,35.165164],[109.540428,35.168211],[109.530696,35.163377],[109.526753,35.166852],[109.525175,35.163465],[109.521841,35.165681],[109.521528,35.162673],[109.520157,35.165172],[109.512094,35.163509],[109.505556,35.166642],[109.497018,35.156866],[109.496058,35.161232],[109.488684,35.164762],[109.485049,35.157386],[109.482827,35.160415],[109.48007,35.158337],[109.480022,35.160895],[109.476283,35.160441],[109.472206,35.158059],[109.471282,35.152325],[109.463317,35.155269],[109.45792,35.149966],[109.452913,35.150048],[109.45071,35.144372],[109.445016,35.144091],[109.440124,35.148286],[109.432091,35.148059],[109.431742,35.164643],[109.428551,35.17039],[109.42663,35.167962],[109.424853,35.170817],[109.425009,35.168714],[109.418315,35.16876],[109.418592,35.16579],[109.417788,35.168708],[109.408414,35.163766],[109.400429,35.153662],[109.397143,35.161018],[109.393074,35.159883],[109.392616,35.156479],[109.390186,35.158946],[109.38987,35.152094],[109.387989,35.156212],[109.385141,35.152945],[109.384166,35.155458],[109.382569,35.152448],[109.378058,35.153882],[109.375831,35.150592],[109.363125,35.168715],[109.359146,35.169555],[109.355497,35.16576],[109.357475,35.162866],[109.35535,35.1597],[109.35475,35.164949],[109.347149,35.173103],[109.350437,35.175549],[109.349842,35.185617],[109.3461,35.185613],[109.34596,35.182935],[109.340108,35.189312],[109.330087,35.188311],[109.328921,35.196805],[109.318629,35.19802],[109.315049,35.210771],[109.310459,35.21142],[109.300653,35.222248],[109.301032,35.229538],[109.29767,35.234973],[109.299942,35.246618],[109.289413,35.244059],[109.275819,35.251356]]]}},{"type":"Feature","properties":{"id":"cn:610528","name":"富平县","level":2},"geometry":{"type":"Polygon","coordinates":[[[108.959383,34.863693],[108.963073,34.8683],[108.962494,34.878898],[108.968083,34.880136],[108.972851,34.889426],[108.98073,34.893928],[108.991079,34.890505],[109.002517,34.89243],[109.004111,34.888468],[109.026071,34.897321],[109.021888,34.903235],[109.025311,34.904731],[109.038244,34.902241],[109.045552,34.89754],[109.045608,34.89412],[109.054436,34.891678],[109.060597,34.901085],[109.055939,34.903815],[109.055973,34.909657],[109.060978,34.912038],[109.067648,34.909272],[109.08097,34.917364],[109.091256,34.918726],[109.081121,34.926923],[109.093198,34.933758],[109.086136,34.936993],[109.076924,34.95588],[109.080613,34.959838],[109.089749,34.953445],[109.092685,34.959662],[109.088525,34.965634],[109.095926,34.966011],[109.094345,34.972761],[109.117809,34.968241],[109.12131,34.969693],[109.120468,34.975267],[109.125719,34.979053],[109.126972,34.985507],[109.137276,34.985511],[109.138969,34.991969],[109.146929,34.986989],[109.16042,34.984894],[109.158,34.989892],[109.166303,34.990572],[109.172099,35.002908],[109.178501,35.003082],[109.182066,34.99973],[109.195622,35.006405],[109.20157,35.001832],[109.207339,35.004736],[109.210508,35.008869],[109.202776,35.018681],[109.208573,35.023274],[109.207764,35.03501],[109.21857,35.038411],[109.219638,35.042187],[109.216694,35.045397],[109.220061,35.04852],[109.232064,35.044213],[109.247347,35.053892],[109.251931,35.049642],[109.256522,35.051681],[109.262283,35.069273],[109.278529,35.086826],[109.269433,35.099965],[109.271929,35.10367],[109.285602,35.100161],[109.292866,35.086905],[109.295194,35.089324],[109.30694,35.089128],[109.305038,35.091879],[109.334387,35.092808],[109.34011,35.097676],[109.344052,35.096319],[109.354185,35.100773],[109.361212,35.095654],[109.36542,35.099185],[109.368385,35.095494],[109.380828,35.10378],[109.383393,35.096943],[109.386824,35.103033],[109.390124,35.096611],[109.397088,35.098756],[109.399159,35.091835],[109.403302,35.090689],[109.409268,35.078],[109.408901,35.071073],[109.421046,35.07042],[109.4233,35.067262],[109.42067,35.063528],[109.423124,35.055769],[109.419151,35.053282],[109.430341,35.039795],[109.433481,35.020463],[109.43834,35.014938],[109.439591,35.00949],[109.434006,35.005207],[109.43455,34.993824],[109.440947,34.985892],[109.437402,34.985263],[109.439239,34.976016],[109.429142,34.963125],[109.397533,34.958761],[109.392106,34.953531],[109.395511,34.948746],[109.400483,34.948572],[109.400281,34.942795],[109.387215,34.943975],[109.384593,34.937719],[109.376831,34.933866],[109.377328,34.929743],[109.385308,34.925758],[109.386158,34.92046],[109.377428,34.919094],[109.376588,34.906895],[109.370307,34.909184],[109.370586,34.906312],[109.356958,34.898704],[109.357266,34.895866],[109.344435,34.894223],[109.343625,34.885697],[109.346466,34.885853],[109.348069,34.873948],[109.339581,34.869939],[109.340839,34.855445],[109.337845,34.854731],[109.339479,34.846958],[109.348386,34.844892],[109.350839,34.839648],[109.359692,34.836276],[109.362049,34.829988],[109.373696,34.831304],[109.374898,34.828298],[109.376317,34.831539],[109.384266,34.832241],[109.386922,34.826743],[109.392312,34.824281],[109.395687,34.791139],[109.393532,34.784264],[109.395462,34.777991],[109.402541,34.775101],[109.406511,34.742666],[109.374465,34.738779],[109.358649,34.739861],[109.354534,34.732858],[109.353328,34.717928],[109.335498,34.699751],[109.300957,34.694431],[109.294864,34.688984],[109.28265,34.688774],[109.275324,34.698553],[109.258014,34.694598],[109.247884,34.700043],[109.236686,34.688337],[109.226139,34.693515],[109.218301,34.69187],[109.208852,34.694653],[109.203995,34.696536],[109.202058,34.701625],[109.199319,34.699068],[109.199833,34.702421],[109.198346,34.698326],[109.175672,34.699694],[109.170896,34.69644],[109.174917,34.702334],[109.168314,34.703215],[109.168047,34.706641],[109.128681,34.700768],[109.122974,34.700791],[109.118716,34.705423],[109.115323,34.705228],[109.114708,34.702098],[109.108951,34.70457],[109.101146,34.700706],[109.100301,34.703032],[109.096375,34.700596],[109.085183,34.701857],[109.079422,34.71524],[109.072253,34.717623],[109.067596,34.717327],[109.062984,34.712431],[109.059767,34.703153],[109.053927,34.697438],[109.04472,34.690064],[109.040751,34.690279],[109.032053,34.709709],[109.02829,34.706813],[109.026089,34.709023],[109.029185,34.715385],[109.026739,34.718027],[109.027832,34.729383],[109.035971,34.730246],[109.038046,34.7382],[109.035683,34.745724],[109.042127,34.75337],[109.038353,34.765885],[109.031633,34.768908],[109.026499,34.766207],[109.023455,34.776131],[109.009889,34.783169],[109.006544,34.791382],[109.001529,34.793355],[108.994714,34.809493],[108.988957,34.809434],[108.987179,34.814926],[108.975771,34.824103],[108.973617,34.822137],[108.968017,34.835055],[108.973093,34.833625],[108.972031,34.841314],[108.975102,34.843643],[108.959383,34.863693]]]}},{"type":"Feature","properties":{"id":"cn:610581","name":"韩城市","level":2},"geometry":{"type":"Polygon","coordinates":[[[110.116112,35.429831],[110.136429,35.453696],[110.143312,35.453507],[110.143221,35.457209],[110.152579,35.457504],[110.178598,35.468093],[110.184801,35.476593],[110.19634,35.480705],[110.207667,35.503393],[110.228496,35.507428],[110.222354,35.517703],[110.22164,35.533627],[110.213374,35.548494],[110.224887,35.550249],[110.231274,35.545442],[110.259755,35.539049],[110.268576,35.540662],[110.270989,35.546425],[110.266504,35.547076],[110.263965,35.557156],[110.281006,35.564794],[110.272653,35.572887],[110.255873,35.57671],[110.246128,35.583151],[110.248397,35.595305],[110.252021,35.598659],[110.247735,35.602926],[110.24924,35.607228],[110.242919,35.607331],[110.242297,35.611892],[110.22964,35.616598],[110.224941,35.621559],[110.222636,35.626086],[110.225622,35.632919],[110.219798,35.636619],[110.224943,35.638913],[110.218047,35.640506],[110.219464,35.637549],[110.215026,35.636204],[110.207921,35.638948],[110.198325,35.644501],[110.195374,35.652702],[110.186569,35.657712],[110.165875,35.657841],[110.150003,35.665858],[110.138945,35.666818],[110.137262,35.67094],[110.122898,35.675963],[110.123835,35.680796],[110.136656,35.684354],[110.141757,35.693643],[110.15052,35.698496],[110.157643,35.709468],[110.174722,35.714466],[110.191123,35.714691],[110.205458,35.719624],[110.206195,35.716524],[110.217542,35.72094],[110.226676,35.714141],[110.257884,35.710727],[110.261484,35.713277],[110.280073,35.712209],[110.290181,35.720959],[110.292782,35.730728],[110.315469,35.739883],[110.323797,35.752276],[110.339573,35.748479],[110.352488,35.750172],[110.365565,35.756916],[110.371274,35.77396],[110.379976,35.784407],[110.397288,35.792991],[110.39854,35.803408],[110.406511,35.810027],[110.42205,35.810883],[110.442351,35.82236],[110.460074,35.824299],[110.460826,35.828506],[110.467032,35.82953],[110.469818,35.834589],[110.475289,35.828458],[110.481616,35.829133],[110.487796,35.837046],[110.485617,35.842022],[110.500547,35.844326],[110.506251,35.84904],[110.512175,35.848276],[110.519776,35.856985],[110.518404,35.859715],[110.524133,35.857172],[110.533637,35.86015],[110.535444,35.866753],[110.540866,35.867207],[110.540245,35.85683],[110.544026,35.85433],[110.545429,35.838349],[110.558897,35.826226],[110.558707,35.818642],[110.565974,35.801038],[110.558678,35.785254],[110.569959,35.767038],[110.574462,35.715546],[110.57234,35.701833],[110.577412,35.691689],[110.587037,35.682685],[110.587097,35.663697],[110.598718,35.659253],[110.604065,35.632571],[110.583818,35.602559],[110.575677,35.563565],[110.562222,35.539933],[110.550575,35.533385],[110.54022,35.520764],[110.526339,35.511848],[110.507686,35.483502],[110.480437,35.423172],[110.472111,35.414142],[110.444462,35.328062],[110.420819,35.308034],[110.413777,35.319293],[110.402526,35.32141],[110.401268,35.327395],[110.383334,35.333268],[110.378749,35.331207],[110.378173,35.320727],[110.372625,35.318678],[110.341435,35.324048],[110.34082,35.321354],[110.330685,35.321881],[110.330861,35.319138],[110.325443,35.321612],[110.326619,35.314068],[110.3221,35.313779],[110.317477,35.317746],[110.321486,35.318861],[110.324906,35.331454],[110.316824,35.331852],[110.315673,35.334727],[110.307278,35.33494],[110.30626,35.330766],[110.302053,35.330759],[110.296679,35.32509],[110.277847,35.339503],[110.258338,35.336985],[110.238163,35.344856],[110.217289,35.347804],[110.215314,35.351504],[110.20467,35.352323],[110.197263,35.3625],[110.191805,35.363865],[110.194911,35.365096],[110.18829,35.371303],[110.192851,35.377057],[110.192226,35.382526],[110.177688,35.395682],[110.173643,35.4044],[110.136249,35.412137],[110.116112,35.429831]]]}},{"type":"Feature","properties":{"id":"cn:610582","name":"华阴市","level":2},"geometry":{"type":"Polygon","coordinates":[[[109.891018,34.551293],[109.897385,34.567192],[109.893666,34.578716],[109.892137,34.615821],[109.903635,34.609632],[109.91875,34.614381],[109.922646,34.620819],[109.918774,34.636572],[109.923163,34.643392],[109.944204,34.644835],[109.94626,34.638023],[109.954963,34.634009],[109.975003,34.636278],[109.989594,34.64629],[109.995558,34.642509],[109.992938,34.63149],[110.002187,34.628819],[110.026367,34.634998],[110.059542,34.634692],[110.068063,34.643545],[110.081711,34.637201],[110.113263,34.651449],[110.100288,34.66354],[110.120458,34.668022],[110.139672,34.651235],[110.138826,34.637851],[110.155226,34.642352],[110.16961,34.637611],[110.17701,34.641819],[110.176806,34.609115],[110.186502,34.605941],[110.18808,34.611751],[110.190965,34.612001],[110.190571,34.606993],[110.19486,34.606303],[110.184754,34.592519],[110.184308,34.587956],[110.19072,34.58459],[110.188488,34.576867],[110.185901,34.576483],[110.191982,34.567156],[110.197269,34.56518],[110.197538,34.55958],[110.200367,34.563649],[110.204233,34.562512],[110.201739,34.529892],[110.208577,34.529116],[110.206659,34.526686],[110.21027,34.525298],[110.204173,34.518221],[110.19442,34.517812],[110.189513,34.510307],[110.196056,34.513121],[110.194788,34.511006],[110.197077,34.510766],[110.184232,34.496094],[110.18117,34.479337],[110.192806,34.465187],[110.183587,34.459927],[110.17729,34.448133],[110.165401,34.442835],[110.163713,34.435792],[110.159362,34.432442],[110.135802,34.433356],[110.12619,34.427943],[110.107678,34.431936],[110.098933,34.429905],[110.084163,34.419855],[110.078285,34.42087],[110.069032,34.414961],[110.055314,34.414574],[110.054078,34.399654],[110.041067,34.390634],[110.035042,34.381385],[110.027383,34.377101],[110.014457,34.379505],[110.012488,34.374904],[110.00807,34.375019],[110.002032,34.369032],[109.996117,34.370271],[109.991151,34.367327],[109.977229,34.37508],[109.970453,34.375477],[109.962448,34.383445],[109.947055,34.378091],[109.938067,34.3796],[109.932444,34.377009],[109.925855,34.380193],[109.916196,34.37766],[109.911849,34.38007],[109.911123,34.397621],[109.918562,34.400452],[109.923049,34.406539],[109.93242,34.40825],[109.93226,34.415215],[109.945559,34.42622],[109.939204,34.438225],[109.96792,34.442808],[109.961565,34.453038],[109.95315,34.454441],[109.944293,34.461478],[109.936351,34.46264],[109.918226,34.453981],[109.909276,34.456534],[109.899706,34.471434],[109.894118,34.490396],[109.895455,34.496866],[109.892515,34.502196],[109.895607,34.514299],[109.893103,34.528686],[109.896256,34.530809],[109.893064,34.539774],[109.894344,34.548927],[109.891018,34.551293]]]}},{"type":"Feature","properties":{"id":"cn:6106","name":"延安市","level":1},"geometry":{"type":"Polygon","coordinates":[[[107.64928,37.057982],[107.651263,37.062677],[107.668366,37.06728],[107.673836,37.06458],[107.678809,37.05624],[107.672635,37.046429],[107.67594,37.050014],[107.679335,37.047249],[107.692447,37.04776],[107.698579,37.062243],[107.70634,37.066365],[107.70951,37.07333],[107.704394,37.076498],[107.711407,37.080154],[107.711524,37.08552],[107.692738,37.091649],[107.696123,37.095895],[107.690367,37.09987],[107.689455,37.107667],[107.697848,37.11394],[107.689871,37.123104],[107.68646,37.123131],[107.681539,37.116587],[107.67228,37.119234],[107.671246,37.125117],[107.677653,37.132259],[107.685381,37.13035],[107.692828,37.137612],[107.696169,37.136721],[107.695895,37.147249],[107.699602,37.142322],[107.714137,37.142434],[107.717974,37.136811],[107.729901,37.136465],[107.739148,37.153234],[107.726109,37.153864],[107.71857,37.164959],[107.724822,37.170193],[107.745377,37.176108],[107.737917,37.182672],[107.740604,37.196961],[107.732554,37.203238],[107.737593,37.206359],[107.74911,37.202294],[107.751117,37.215279],[107.760813,37.229067],[107.77508,37.232243],[107.777598,37.229836],[107.777925,37.239332],[107.789419,37.238938],[107.792382,37.245857],[107.79911,37.241862],[107.817166,37.241144],[107.820541,37.238059],[107.812798,37.22503],[107.812301,37.218511],[107.822263,37.221506],[107.829225,37.213727],[107.846263,37.2166],[107.854306,37.213052],[107.860229,37.194419],[107.854763,37.192458],[107.851315,37.182782],[107.853066,37.178958],[107.860609,37.176776],[107.859883,37.163875],[107.864872,37.162238],[107.866999,37.149339],[107.871878,37.149134],[107.874066,37.14393],[107.877779,37.144119],[107.880423,37.14027],[107.879216,37.134157],[107.869871,37.130702],[107.874192,37.124907],[107.881944,37.122942],[107.878976,37.115724],[107.882635,37.109971],[107.87877,37.104523],[107.883517,37.093766],[107.880123,37.08955],[107.892016,37.078337],[107.891757,37.087474],[107.905494,37.087177],[107.906359,37.097314],[107.925965,37.093948],[107.934169,37.083198],[107.938215,37.081599],[107.938817,37.084413],[107.944617,37.078218],[107.949334,37.082365],[107.953082,37.080411],[107.96263,37.096662],[107.976037,37.094139],[107.979735,37.112868],[107.995518,37.114577],[108.004242,37.110238],[108.006932,37.117818],[108.015915,37.124586],[108.017233,37.122514],[108.029597,37.126768],[108.036189,37.118725],[108.036282,37.121325],[108.04474,37.122877],[108.050407,37.128418],[108.055572,37.124772],[108.064158,37.124621],[108.066974,37.129058],[108.073247,37.121506],[108.098575,37.129157],[108.109508,37.144448],[108.11426,37.189266],[108.121234,37.187861],[108.123875,37.190776],[108.122527,37.197195],[108.114456,37.195419],[108.112048,37.197529],[108.125369,37.206561],[108.132874,37.184768],[108.143395,37.188553],[108.145473,37.181172],[108.157385,37.185249],[108.153613,37.196589],[108.157657,37.199936],[108.172447,37.195184],[108.163906,37.182205],[108.165291,37.164123],[108.184298,37.162787],[108.199172,37.172928],[108.211175,37.16781],[108.218574,37.186384],[108.228647,37.189152],[108.22791,37.198666],[108.222425,37.201141],[108.223548,37.203417],[108.231945,37.205215],[108.234872,37.200243],[108.239651,37.201876],[108.254761,37.21436],[108.255583,37.220178],[108.252232,37.221716],[108.258276,37.227558],[108.249254,37.227006],[108.246512,37.233703],[108.258598,37.238115],[108.264262,37.230758],[108.272977,37.232355],[108.270568,37.239202],[108.274128,37.241044],[108.277375,37.237311],[108.282193,37.255473],[108.279559,37.261819],[108.257635,37.266342],[108.25513,37.274498],[108.243408,37.276449],[108.241312,37.28521],[108.246307,37.297948],[108.233685,37.297919],[108.234603,37.300741],[108.225486,37.308709],[108.220851,37.309199],[108.211302,37.322292],[108.236289,37.339987],[108.259958,37.339383],[108.262246,37.342802],[108.285389,37.347157],[108.300552,37.355094],[108.315979,37.357019],[108.333594,37.370946],[108.339006,37.371431],[108.348365,37.392005],[108.354076,37.394848],[108.357654,37.400128],[108.355954,37.402832],[108.362348,37.405799],[108.365324,37.404682],[108.3542,37.391069],[108.355177,37.384875],[108.36974,37.388237],[108.377382,37.383531],[108.380382,37.386936],[108.403705,37.379518],[108.401452,37.388605],[108.405047,37.39056],[108.401959,37.401506],[108.40477,37.401541],[108.405378,37.407506],[108.411874,37.408035],[108.428066,37.385931],[108.428864,37.369587],[108.42381,37.354157],[108.430159,37.343601],[108.427332,37.334571],[108.432582,37.332443],[108.434627,37.314097],[108.438918,37.314808],[108.451248,37.30705],[108.449426,37.297031],[108.461674,37.288393],[108.472697,37.287314],[108.48118,37.277849],[108.48127,37.270566],[108.470144,37.272204],[108.47223,37.267457],[108.469256,37.260084],[108.46027,37.263972],[108.445139,37.256244],[108.454896,37.248579],[108.458525,37.240984],[108.465109,37.242203],[108.47186,37.236848],[108.474848,37.238662],[108.48255,37.23029],[108.49472,37.234989],[108.510716,37.23011],[108.51435,37.22561],[108.507817,37.221276],[108.50441,37.214027],[108.508757,37.207913],[108.507785,37.201871],[108.515434,37.191952],[108.516639,37.179909],[108.520871,37.180512],[108.521781,37.188288],[108.529677,37.188468],[108.538128,37.176392],[108.541382,37.177756],[108.547565,37.163886],[108.536644,37.149516],[108.539168,37.145694],[108.537135,37.141083],[108.528892,37.133056],[108.533962,37.124415],[108.531494,37.114284],[108.548612,37.087818],[108.54802,37.083736],[108.540752,37.081135],[108.543846,37.065201],[108.536583,37.064146],[108.531425,37.05866],[108.539453,37.049497],[108.539531,37.042388],[108.535309,37.042103],[108.530999,37.036371],[108.516833,37.04016],[108.512471,37.035872],[108.515938,37.025056],[108.513635,37.022351],[108.502304,37.023013],[108.503497,37.031716],[108.484141,37.023641],[108.483062,37.01766],[108.489665,37.004656],[108.500399,37.000378],[108.504032,37.005621],[108.508145,37.005901],[108.509788,37.00148],[108.521864,36.998449],[108.522557,36.995418],[108.535309,36.988767],[108.539194,36.994549],[108.551075,36.989804],[108.550856,36.993529],[108.564121,36.998406],[108.567598,36.989083],[108.585183,36.999997],[108.595206,36.993677],[108.597887,37.000012],[108.594038,37.005531],[108.598437,37.010167],[108.594601,37.010661],[108.601166,37.013216],[108.609595,37.034627],[108.61353,37.031278],[108.615358,37.033696],[108.628927,37.030202],[108.644126,37.038978],[108.653965,37.040543],[108.656845,37.033489],[108.670749,37.019341],[108.670476,37.011605],[108.667229,37.010735],[108.676162,37.002139],[108.685362,36.998889],[108.687621,37.003675],[108.693814,36.999181],[108.696658,37.004493],[108.700692,36.99377],[108.712737,36.992361],[108.727367,36.984176],[108.740853,36.983164],[108.753438,36.991279],[108.758134,36.990062],[108.756727,36.980097],[108.765026,36.974584],[108.774874,36.985522],[108.782698,36.98396],[108.784623,36.996572],[108.799879,37.00031],[108.800903,37.00511],[108.792661,37.007566],[108.798464,37.024459],[108.813557,37.026794],[108.803005,37.045028],[108.792995,37.041464],[108.786746,37.043791],[108.785927,37.051653],[108.777645,37.053949],[108.77838,37.056905],[108.772333,37.053961],[108.765621,37.070549],[108.759213,37.066483],[108.753048,37.069607],[108.751381,37.074829],[108.742855,37.070678],[108.737699,37.074763],[108.737808,37.08282],[108.744582,37.082459],[108.746172,37.097878],[108.752064,37.10081],[108.746875,37.113324],[108.757794,37.118548],[108.76652,37.110374],[108.77415,37.120713],[108.77831,37.121745],[108.792516,37.108889],[108.796401,37.112931],[108.797575,37.121202],[108.808345,37.129955],[108.811955,37.139338],[108.831721,37.137124],[108.83062,37.143465],[108.843747,37.152253],[108.852467,37.147643],[108.850582,37.151387],[108.85394,37.152882],[108.865708,37.150064],[108.867937,37.154908],[108.875605,37.150033],[108.878476,37.151938],[108.878363,37.175739],[108.855582,37.181618],[108.855629,37.190784],[108.863083,37.196405],[108.850444,37.198342],[108.846403,37.204006],[108.854589,37.208307],[108.851169,37.221142],[108.855154,37.228388],[108.853851,37.236626],[108.859928,37.235626],[108.865137,37.242062],[108.855056,37.252973],[108.859491,37.261426],[108.862642,37.253985],[108.866406,37.255694],[108.873448,37.251652],[108.877066,37.238855],[108.873918,37.233631],[108.883994,37.219065],[108.884333,37.230285],[108.889474,37.238375],[108.897194,37.23163],[108.905632,37.23861],[108.91323,37.240108],[108.924934,37.23308],[108.930211,37.232482],[108.934518,37.238161],[108.940782,37.232978],[108.944444,37.23625],[108.952454,37.2344],[108.947995,37.242367],[108.953481,37.244862],[108.944027,37.251058],[108.938936,37.249289],[108.939991,37.256565],[108.954116,37.256082],[108.95702,37.263978],[108.969792,37.26389],[108.970953,37.260266],[108.974454,37.260235],[108.979736,37.262946],[108.975638,37.264669],[108.976979,37.267718],[108.973527,37.271438],[108.979023,37.268852],[108.982086,37.270698],[108.978416,37.277545],[108.994357,37.282083],[108.99718,37.285769],[109.005496,37.280688],[109.010334,37.291794],[109.006969,37.298424],[109.009541,37.304931],[109.015772,37.300862],[109.028271,37.302095],[109.030461,37.298684],[109.04575,37.29779],[109.041944,37.287743],[109.052186,37.283083],[109.067426,37.302937],[109.077215,37.301891],[109.077385,37.307352],[109.074539,37.308718],[109.07808,37.309566],[109.079133,37.313842],[109.084735,37.313438],[109.084552,37.309483],[109.095586,37.307303],[109.091186,37.302549],[109.104622,37.304521],[109.114275,37.323545],[109.129092,37.321307],[109.135922,37.315311],[109.142771,37.314039],[109.146657,37.308629],[109.149183,37.308432],[109.148722,37.311919],[109.161159,37.308507],[109.166179,37.303535],[109.163301,37.299738],[109.168523,37.297185],[109.173982,37.301848],[109.168207,37.308998],[109.181044,37.308639],[109.173735,37.315604],[109.175854,37.319898],[109.17211,37.325927],[109.183672,37.324582],[109.193551,37.317979],[109.212388,37.328643],[109.225303,37.321049],[109.232811,37.322563],[109.237403,37.317611],[109.239975,37.325968],[109.237862,37.329924],[109.242184,37.331496],[109.239653,37.334276],[109.244661,37.335202],[109.246913,37.339241],[109.255231,37.341029],[109.260544,37.335621],[109.266622,37.335219],[109.270709,37.341265],[109.280389,37.342693],[109.297988,37.334673],[109.298913,37.355504],[109.309251,37.352612],[109.319508,37.355168],[109.322278,37.353702],[109.320852,37.350234],[109.325872,37.347313],[109.336239,37.345709],[109.325189,37.356981],[109.331475,37.357608],[109.330433,37.361314],[109.334627,37.362453],[109.33124,37.373131],[109.337056,37.371591],[109.346749,37.37615],[109.339757,37.381716],[109.346757,37.383505],[109.350113,37.388442],[109.348461,37.392206],[109.357818,37.393964],[109.354874,37.39774],[109.358509,37.398487],[109.357623,37.406126],[109.353802,37.410136],[109.361848,37.413132],[109.364855,37.422686],[109.370596,37.424329],[109.368133,37.431766],[109.379327,37.436548],[109.387391,37.433817],[109.394149,37.436968],[109.39245,37.447743],[109.418453,37.443672],[109.418548,37.455572],[109.424613,37.464343],[109.433342,37.456282],[109.455481,37.457591],[109.463865,37.484102],[109.460946,37.486651],[109.469808,37.495073],[109.482787,37.499891],[109.486934,37.499152],[109.487064,37.494908],[109.494035,37.4925],[109.497269,37.485262],[109.504433,37.479823],[109.528596,37.480532],[109.537399,37.469742],[109.56052,37.460223],[109.559905,37.453178],[109.565592,37.442185],[109.561875,37.438846],[109.56306,37.433202],[109.57973,37.434566],[109.603581,37.421528],[109.612907,37.41999],[109.615871,37.423993],[109.628539,37.418162],[109.637706,37.424263],[109.644744,37.420813],[109.650371,37.423101],[109.663206,37.41945],[109.669862,37.424335],[109.670259,37.430459],[109.67857,37.432657],[109.687396,37.429428],[109.706077,37.433412],[109.712776,37.42809],[109.733115,37.424139],[109.738121,37.420416],[109.733227,37.419037],[109.728417,37.411528],[109.728131,37.401087],[109.746237,37.392608],[109.759895,37.398195],[109.766432,37.393327],[109.761016,37.378638],[109.770113,37.377217],[109.771108,37.368352],[109.76789,37.363105],[109.772936,37.350054],[109.781232,37.341854],[109.791971,37.344337],[109.789858,37.353138],[109.797561,37.349002],[109.799054,37.332695],[109.807542,37.31905],[109.803354,37.314757],[109.806676,37.303739],[109.789361,37.303526],[109.785045,37.313256],[109.777454,37.309214],[109.774956,37.305518],[109.776759,37.298497],[109.767408,37.290763],[109.759392,37.276345],[109.762771,37.269471],[109.77402,37.275548],[109.774154,37.265083],[109.780707,37.267794],[109.791417,37.261712],[109.796903,37.265082],[109.808733,37.25576],[109.809295,37.263851],[109.813847,37.267345],[109.820462,37.266975],[109.834845,37.282974],[109.843528,37.274382],[109.852908,37.28076],[109.859294,37.279519],[109.86157,37.273792],[109.872779,37.270182],[109.884182,37.28241],[109.888672,37.278984],[109.889578,37.266643],[109.895807,37.265753],[109.900841,37.278203],[109.894637,37.285264],[109.892794,37.295192],[109.905489,37.305374],[109.909017,37.320832],[109.914709,37.312762],[109.917112,37.295745],[109.922482,37.29073],[109.933966,37.289666],[109.949721,37.28113],[109.949333,37.267452],[109.955958,37.276162],[109.968275,37.273994],[109.977771,37.281321],[109.981759,37.27282],[109.980209,37.269346],[109.989217,37.269477],[109.996013,37.265201],[109.998911,37.270448],[110.009152,37.27558],[110.002669,37.271213],[110.006991,37.268036],[110.014177,37.270135],[110.021594,37.264247],[110.025218,37.258703],[110.022195,37.250253],[110.029289,37.250493],[110.033705,37.248988],[110.031579,37.246608],[110.036937,37.246223],[110.035342,37.244258],[110.026643,37.247527],[110.029932,37.240062],[110.019109,37.235117],[110.017471,37.228784],[110.010485,37.224957],[110.010249,37.221642],[110.01526,37.219111],[110.008504,37.215397],[110.009074,37.20512],[110.00285,37.205079],[110.000496,37.199168],[109.986914,37.197273],[109.982027,37.200749],[109.983704,37.203618],[109.978537,37.202283],[109.973152,37.207827],[109.969775,37.216833],[109.959759,37.214276],[109.957608,37.216299],[109.954007,37.211988],[109.955376,37.209551],[109.951262,37.208366],[109.958304,37.19987],[109.958059,37.190945],[109.961055,37.188197],[109.969118,37.188593],[109.970141,37.184353],[109.979233,37.180823],[109.979634,37.176497],[109.985337,37.172592],[109.983719,37.169275],[109.986904,37.167433],[109.978269,37.16721],[109.979481,37.16186],[109.974806,37.164368],[109.974254,37.161358],[109.967544,37.162705],[109.961281,37.155178],[109.973854,37.144919],[109.969639,37.140766],[109.976071,37.133106],[109.986563,37.127398],[109.991132,37.136559],[109.998949,37.137074],[109.9972,37.141248],[109.999801,37.140429],[110.002263,37.144402],[110.008481,37.142562],[110.010693,37.148331],[110.01659,37.147341],[110.022826,37.139947],[110.022486,37.130934],[110.015921,37.125822],[110.014733,37.109836],[110.011942,37.102265],[110.007317,37.099647],[110.006654,37.093418],[110.007498,37.086594],[110.019129,37.071704],[110.019657,37.066291],[110.029075,37.062797],[110.025832,37.058391],[110.030684,37.047346],[110.022609,37.042495],[110.022097,37.033604],[110.026341,37.027656],[110.030647,37.027803],[110.03102,37.021965],[110.044486,37.025773],[110.045775,37.020706],[110.05069,37.021214],[110.054822,37.016197],[110.052251,37.012722],[110.055214,37.007966],[110.060537,37.007549],[110.06169,37.004514],[110.066696,37.00684],[110.076642,37.00031],[110.081996,36.988747],[110.076573,36.984731],[110.101102,36.9816],[110.103652,36.974351],[110.116714,36.965825],[110.125285,36.969976],[110.124184,36.97364],[110.12732,36.972972],[110.127187,36.975979],[110.130471,36.9725],[110.134394,36.973102],[110.137122,36.97788],[110.138392,36.975068],[110.134562,36.970737],[110.140332,36.970699],[110.140404,36.974688],[110.146359,36.975253],[110.14351,36.976661],[110.146824,36.981482],[110.152186,36.981714],[110.156467,36.987796],[110.158074,36.986031],[110.17104,36.990528],[110.173851,36.997172],[110.178379,36.997624],[110.17909,37.00403],[110.191263,37.003077],[110.193738,37.009086],[110.199056,37.012159],[110.197317,37.013646],[110.204043,37.011753],[110.202638,37.014145],[110.206355,37.015202],[110.208098,37.011561],[110.23141,37.010549],[110.233518,37.002642],[110.241356,37.000742],[110.242289,36.993575],[110.25132,36.996344],[110.254801,36.99246],[110.273719,36.993043],[110.272458,36.990646],[110.277614,36.989202],[110.279684,36.983655],[110.275935,36.978091],[110.272404,36.979477],[110.274593,36.975845],[110.265639,36.977559],[110.264685,36.973262],[110.271518,36.968153],[110.266855,36.967453],[110.265558,36.963594],[110.274925,36.961528],[110.288868,36.966853],[110.28715,36.958939],[110.291741,36.956517],[110.292673,36.96299],[110.299727,36.963911],[110.302113,36.969197],[110.304862,36.967013],[110.303453,36.971372],[110.307116,36.975331],[110.303798,36.977499],[110.309763,36.981999],[110.309017,36.984733],[110.321311,36.980755],[110.336445,36.9867],[110.331638,36.979197],[110.338731,36.974424],[110.336465,36.971374],[110.347453,36.97213],[110.354472,36.96782],[110.35122,36.954901],[110.360348,36.953252],[110.355281,36.948004],[110.356265,36.942829],[110.362021,36.944803],[110.360521,36.950522],[110.364116,36.953345],[110.360703,36.955559],[110.364549,36.955367],[110.370169,36.961787],[110.37296,36.961062],[110.372971,36.956017],[110.37587,36.958875],[110.388739,36.959074],[110.389112,36.96171],[110.390911,36.959208],[110.395363,36.967582],[110.404298,36.966033],[110.411685,36.972057],[110.416891,36.96667],[110.419019,36.95012],[110.409906,36.933717],[110.402995,36.891873],[110.392972,36.884583],[110.373531,36.88352],[110.368974,36.876838],[110.377176,36.870003],[110.40178,36.867876],[110.417119,36.859372],[110.415677,36.837577],[110.400785,36.827212],[110.403243,36.823185],[110.415961,36.820005],[110.417386,36.81149],[110.413836,36.797923],[110.400356,36.774123],[110.395322,36.772136],[110.381303,36.775406],[110.376832,36.772343],[110.379648,36.765636],[110.407468,36.762738],[110.424939,36.752057],[110.42555,36.743642],[110.410956,36.731531],[110.410024,36.723251],[110.420167,36.72201],[110.434243,36.736811],[110.443765,36.736396],[110.446768,36.729875],[110.429379,36.707313],[110.432432,36.685629],[110.430052,36.681179],[110.417838,36.680661],[110.409041,36.691839],[110.400139,36.696911],[110.387513,36.69215],[110.384926,36.684905],[110.393101,36.673002],[110.420995,36.657114],[110.441733,36.620876],[110.465872,36.595555],[110.491252,36.582134],[110.492423,36.575267],[110.483406,36.553568],[110.495747,36.536069],[110.497494,36.506505],[110.497882,36.488134],[110.494905,36.478819],[110.472236,36.460282],[110.467577,36.453116],[110.471724,36.440145],[110.485913,36.426802],[110.48622,36.417995],[110.48145,36.393819],[110.463661,36.369884],[110.463921,36.352142],[110.454038,36.335356],[110.454361,36.327756],[110.468427,36.308704],[110.461674,36.293714],[110.469893,36.281622],[110.471422,36.257649],[110.468349,36.248108],[110.447252,36.219246],[110.454207,36.199678],[110.441431,36.164262],[110.444436,36.134743],[110.452949,36.107605],[110.464848,36.094605],[110.462382,36.074636],[110.47377,36.060343],[110.486691,36.034741],[110.487881,36.023097],[110.494194,36.008193],[110.487674,35.992357],[110.493367,35.983457],[110.511316,35.972107],[110.50961,35.958276],[110.498867,35.95182],[110.497249,35.947594],[110.500775,35.936288],[110.511273,35.921874],[110.507547,35.908626],[110.510083,35.897396],[110.505425,35.881457],[110.521158,35.875558],[110.537097,35.879491],[110.543928,35.877938],[110.546205,35.873385],[110.544026,35.85433],[110.540245,35.85683],[110.540979,35.867047],[110.538087,35.867842],[110.533637,35.86015],[110.524133,35.857172],[110.518404,35.859715],[110.519776,35.856985],[110.512175,35.848276],[110.506251,35.84904],[110.500547,35.844326],[110.485617,35.842022],[110.487796,35.837046],[110.481616,35.829133],[110.475289,35.828458],[110.469818,35.834589],[110.467032,35.82953],[110.460826,35.828506],[110.460074,35.824299],[110.442351,35.82236],[110.42205,35.810883],[110.406511,35.810027],[110.39854,35.803408],[110.397288,35.792991],[110.379976,35.784407],[110.371274,35.77396],[110.365565,35.756916],[110.352488,35.750172],[110.339573,35.748479],[110.323797,35.752276],[110.315469,35.739883],[110.292782,35.730728],[110.290181,35.720959],[110.280073,35.712209],[110.261484,35.713277],[110.257884,35.710727],[110.226676,35.714141],[110.217542,35.72094],[110.206195,35.716524],[110.205458,35.719624],[110.191123,35.714691],[110.174722,35.714466],[110.157643,35.709468],[110.15052,35.698496],[110.141757,35.693643],[110.136656,35.684354],[110.123835,35.680796],[110.122898,35.675963],[110.137262,35.67094],[110.138945,35.666818],[110.150003,35.665858],[110.165875,35.657841],[110.186569,35.657712],[110.195374,35.652702],[110.198325,35.644501],[110.207921,35.638948],[110.215026,35.636204],[110.219464,35.637549],[110.218047,35.640506],[110.224943,35.638913],[110.219798,35.636619],[110.225622,35.632919],[110.222636,35.626086],[110.224941,35.621559],[110.22964,35.616598],[110.242297,35.611892],[110.242919,35.607331],[110.24924,35.607228],[110.247735,35.602926],[110.252021,35.598659],[110.248397,35.595305],[110.246128,35.583151],[110.255873,35.57671],[110.272653,35.572887],[110.281006,35.564794],[110.263965,35.557156],[110.266504,35.547076],[110.270989,35.546425],[110.268576,35.540662],[110.259755,35.539049],[110.231274,35.545442],[110.224887,35.550249],[110.213374,35.548494],[110.22164,35.533627],[110.222354,35.517703],[110.228496,35.507428],[110.207667,35.503393],[110.198442,35.482833],[110.184801,35.476593],[110.178771,35.468173],[110.152579,35.457504],[110.143221,35.457209],[110.143312,35.453507],[110.138174,35.454671],[110.132252,35.450953],[110.133965,35.448057],[110.127318,35.445531],[110.127011,35.440124],[110.118437,35.43505],[110.113368,35.425507],[110.09811,35.424586],[110.093707,35.413769],[110.08667,35.40783],[110.064645,35.408744],[110.055304,35.414984],[110.04552,35.405133],[110.046511,35.41696],[110.036819,35.41121],[110.033305,35.41437],[110.027137,35.411637],[110.016113,35.413705],[110.008202,35.40689],[110.001005,35.426056],[109.990615,35.435197],[109.978466,35.428138],[109.974461,35.413661],[109.976408,35.409597],[109.966248,35.414231],[109.951955,35.414198],[109.938112,35.420801],[109.933515,35.412248],[109.90835,35.416683],[109.903623,35.414547],[109.904123,35.409878],[109.90116,35.407546],[109.904046,35.407334],[109.895633,35.405164],[109.894471,35.415201],[109.884724,35.405291],[109.884561,35.41469],[109.888567,35.42248],[109.878558,35.424611],[109.879093,35.429843],[109.873214,35.43376],[109.871524,35.430164],[109.866837,35.433564],[109.864567,35.429982],[109.858223,35.432025],[109.855796,35.441264],[109.848308,35.439042],[109.849415,35.435578],[109.846292,35.435784],[109.845061,35.429966],[109.848951,35.430968],[109.850214,35.427362],[109.853066,35.429807],[109.85396,35.426662],[109.848878,35.41776],[109.843879,35.422898],[109.844695,35.427643],[109.83882,35.43156],[109.836633,35.428812],[109.826017,35.431359],[109.817354,35.426644],[109.812076,35.431908],[109.81505,35.435501],[109.811092,35.444823],[109.814959,35.44769],[109.811008,35.448887],[109.795598,35.445971],[109.790615,35.438347],[109.783715,35.446863],[109.765417,35.439209],[109.756891,35.432776],[109.75246,35.420141],[109.747784,35.434678],[109.739853,35.433761],[109.744596,35.427678],[109.744053,35.418768],[109.731643,35.430996],[109.715502,35.41768],[109.715478,35.412436],[109.704052,35.41044],[109.69162,35.415649],[109.691731,35.411837],[109.689065,35.411971],[109.68504,35.417987],[109.676703,35.414946],[109.678812,35.420655],[109.673046,35.419692],[109.672395,35.42413],[109.668466,35.425685],[109.659359,35.427033],[109.658025,35.421837],[109.649717,35.422644],[109.648209,35.420324],[109.646157,35.425881],[109.642358,35.426623],[109.641925,35.436115],[109.637732,35.443389],[109.622976,35.440906],[109.614682,35.446804],[109.600646,35.447827],[109.594868,35.442598],[109.596405,35.445363],[109.592321,35.447725],[109.578901,35.441007],[109.575202,35.444898],[109.5696,35.443582],[109.566404,35.450761],[109.558051,35.442542],[109.538838,35.443543],[109.522246,35.430567],[109.520813,35.424061],[109.515356,35.425387],[109.513268,35.417538],[109.507291,35.413325],[109.509542,35.409994],[109.506818,35.406809],[109.510051,35.402095],[109.50556,35.397739],[109.508734,35.393993],[109.503745,35.386114],[109.506085,35.383431],[109.495402,35.378549],[109.497919,35.370072],[109.492602,35.360221],[109.492791,35.352443],[109.476821,35.366036],[109.487556,35.372037],[109.479524,35.377841],[109.48686,35.38088],[109.485599,35.387078],[109.490956,35.393838],[109.472649,35.40233],[109.472054,35.405227],[109.479045,35.412011],[109.464216,35.417174],[109.461873,35.420784],[109.464873,35.425074],[109.46854,35.424611],[109.466717,35.429529],[109.473835,35.435954],[109.470323,35.438121],[109.470383,35.445551],[109.461782,35.444047],[109.471035,35.454744],[109.455839,35.453693],[109.451664,35.456408],[109.474972,35.471952],[109.470964,35.475779],[109.456406,35.474906],[109.452055,35.477467],[109.465295,35.485237],[109.4633,35.489052],[109.454725,35.486659],[109.450597,35.489421],[109.451755,35.493062],[109.465061,35.498667],[109.459836,35.507793],[109.457085,35.508343],[109.455994,35.500085],[109.452413,35.499393],[109.445433,35.505145],[109.445783,35.511544],[109.44204,35.512699],[109.43961,35.509729],[109.435524,35.512461],[109.433678,35.509118],[109.429754,35.510602],[109.431139,35.507308],[109.426178,35.508154],[109.421721,35.500951],[109.400175,35.511564],[109.398526,35.519143],[109.378403,35.521966],[109.379174,35.518056],[109.364338,35.515896],[109.34706,35.520392],[109.337385,35.515255],[109.331763,35.515663],[109.327275,35.508003],[109.317777,35.507256],[109.318184,35.511932],[109.315341,35.509284],[109.311492,35.511758],[109.312829,35.507799],[109.309867,35.507087],[109.30831,35.510297],[109.306281,35.505906],[109.295257,35.516562],[109.289502,35.512782],[109.283546,35.515906],[109.276904,35.509895],[109.276381,35.514741],[109.271742,35.518079],[109.237718,35.522898],[109.2221,35.546627],[109.22447,35.556316],[109.214664,35.552507],[109.210778,35.555748],[109.206024,35.56594],[109.209055,35.571467],[109.203084,35.575567],[109.205145,35.577561],[109.198007,35.581251],[109.182997,35.581091],[109.181408,35.583629],[109.162665,35.576341],[109.156183,35.579156],[109.149096,35.572112],[109.146653,35.574391],[109.143915,35.571401],[109.127869,35.572822],[109.120646,35.566214],[109.117613,35.56863],[109.110938,35.566525],[109.110413,35.554922],[109.105277,35.558208],[109.0911,35.55407],[109.090267,35.54643],[109.08656,35.543654],[109.06577,35.544871],[109.056418,35.55123],[109.046263,35.549951],[109.046291,35.542635],[109.025875,35.529849],[109.024869,35.52639],[109.030433,35.518566],[109.023723,35.518339],[109.023713,35.513854],[109.010088,35.509518],[109.008162,35.503271],[109.003744,35.502509],[109.007243,35.493082],[108.996386,35.488112],[108.99666,35.483228],[108.987469,35.473369],[108.989629,35.467996],[108.983033,35.462106],[108.984635,35.456434],[108.973526,35.44611],[108.969572,35.447494],[108.973098,35.442332],[108.985221,35.437974],[108.977369,35.428837],[108.971026,35.426568],[108.975409,35.420437],[108.968209,35.416215],[108.957682,35.415191],[108.95577,35.405724],[108.951909,35.405845],[108.951823,35.402815],[108.934431,35.392864],[108.920444,35.363429],[108.913481,35.358442],[108.908824,35.359704],[108.905974,35.353537],[108.898976,35.354177],[108.890511,35.349519],[108.877259,35.353792],[108.864578,35.344718],[108.862069,35.346826],[108.856789,35.343915],[108.852161,35.350762],[108.842818,35.349019],[108.839315,35.355609],[108.839091,35.366883],[108.830257,35.366986],[108.83114,35.382207],[108.818589,35.379429],[108.814817,35.38132],[108.813033,35.377087],[108.807237,35.381285],[108.802617,35.377527],[108.797897,35.37978],[108.796517,35.38336],[108.801594,35.387223],[108.802436,35.395572],[108.793964,35.404282],[108.795244,35.410324],[108.783025,35.41365],[108.794048,35.433259],[108.790246,35.435663],[108.788377,35.443445],[108.779706,35.444652],[108.775406,35.450544],[108.769999,35.451554],[108.774004,35.462331],[108.771098,35.467684],[108.778009,35.474513],[108.76938,35.477961],[108.76898,35.484851],[108.762226,35.484259],[108.757209,35.492452],[108.752485,35.492632],[108.74408,35.486213],[108.735975,35.492728],[108.731375,35.490181],[108.724344,35.506038],[108.714907,35.505171],[108.697456,35.512037],[108.690105,35.511722],[108.689438,35.504366],[108.684293,35.504779],[108.680373,35.509469],[108.673001,35.507719],[108.676496,35.519469],[108.674886,35.523755],[108.668338,35.52192],[108.667157,35.526493],[108.661798,35.527633],[108.664192,35.535244],[108.657018,35.539174],[108.643922,35.530838],[108.640529,35.537147],[108.64215,35.54328],[108.633775,35.539464],[108.624523,35.544721],[108.618326,35.541246],[108.613922,35.557446],[108.604931,35.563776],[108.591505,35.567594],[108.581562,35.578632],[108.563079,35.585927],[108.55786,35.599492],[108.543631,35.600618],[108.535107,35.605998],[108.532644,35.621214],[108.521356,35.646207],[108.518571,35.661455],[108.525388,35.683955],[108.51357,35.696074],[108.52026,35.710508],[108.512318,35.716284],[108.510968,35.721148],[108.520558,35.728888],[108.52522,35.743373],[108.529218,35.746527],[108.518575,35.759623],[108.515103,35.769699],[108.520131,35.775112],[108.523145,35.82446],[108.519777,35.839914],[108.494751,35.872418],[108.495177,35.883471],[108.513927,35.90568],[108.558415,35.921581],[108.564708,35.939962],[108.576149,35.948146],[108.595481,35.950875],[108.629152,35.945037],[108.647582,35.948542],[108.651853,35.953269],[108.654969,35.991156],[108.683866,36.021311],[108.677816,36.05525],[108.679084,36.069437],[108.686114,36.088957],[108.70266,36.109927],[108.692869,36.117493],[108.707514,36.138874],[108.698024,36.160934],[108.650325,36.2322],[108.641411,36.254374],[108.650391,36.27422],[108.637507,36.311396],[108.639432,36.33218],[108.636965,36.359349],[108.646579,36.384909],[108.633176,36.400547],[108.626766,36.399195],[108.628947,36.407508],[108.624477,36.420971],[108.614316,36.434104],[108.588954,36.431699],[108.578711,36.438266],[108.557956,36.438774],[108.549102,36.448253],[108.528295,36.454733],[108.505835,36.474488],[108.502974,36.462618],[108.509883,36.44562],[108.491958,36.422733],[108.48064,36.429424],[108.47139,36.427462],[108.466594,36.423],[108.455576,36.422995],[108.450469,36.430836],[108.426932,36.435879],[108.413926,36.448431],[108.396765,36.446326],[108.397518,36.453318],[108.402995,36.45945],[108.400656,36.47755],[108.39306,36.480367],[108.394249,36.484753],[108.388582,36.492624],[108.385396,36.506517],[108.378599,36.505671],[108.371689,36.514512],[108.360421,36.519503],[108.362045,36.533583],[108.359484,36.540397],[108.343417,36.556009],[108.301524,36.561109],[108.284276,36.55255],[108.276498,36.562142],[108.26181,36.567276],[108.258747,36.564065],[108.256176,36.54831],[108.244632,36.558861],[108.240639,36.570984],[108.211733,36.571291],[108.205674,36.577372],[108.199757,36.606458],[108.218024,36.630859],[108.206481,36.635055],[108.192904,36.629811],[108.177324,36.589946],[108.162061,36.56636],[108.147244,36.560984],[108.136394,36.562424],[108.132758,36.577971],[108.110517,36.586383],[108.087766,36.587134],[108.089549,36.605375],[108.081546,36.608332],[108.077292,36.615141],[108.072458,36.601952],[108.063993,36.606536],[108.055965,36.592167],[108.050677,36.596622],[108.041143,36.596076],[108.03755,36.606363],[108.027009,36.606325],[108.024397,36.618899],[108.015487,36.621622],[108.011203,36.616561],[108.003201,36.616062],[108.000477,36.625233],[108.007762,36.626923],[108.008803,36.629881],[108.004361,36.6357],[107.997861,36.6363],[107.99747,36.645081],[108.000721,36.647536],[108.010296,36.643968],[108.017392,36.647087],[108.015676,36.658361],[108.020633,36.660813],[108.018877,36.669058],[108.009873,36.673166],[108.007459,36.681291],[107.999845,36.683047],[107.995653,36.678145],[107.981375,36.67522],[107.982398,36.668354],[107.979558,36.666922],[107.983187,36.661341],[107.98053,36.651893],[107.972136,36.658626],[107.970155,36.666303],[107.961309,36.660475],[107.957521,36.664984],[107.952535,36.660666],[107.949626,36.664049],[107.941698,36.654273],[107.939125,36.659669],[107.934125,36.65572],[107.936204,36.694921],[107.928127,36.711051],[107.920161,36.711611],[107.918872,36.717245],[107.909397,36.721198],[107.909248,36.730702],[107.900788,36.740663],[107.901944,36.752418],[107.893653,36.747281],[107.888831,36.750299],[107.877125,36.747191],[107.872779,36.755923],[107.8621,36.755635],[107.859688,36.761446],[107.862394,36.762218],[107.861475,36.767127],[107.851341,36.770832],[107.845885,36.769276],[107.840769,36.772082],[107.836908,36.780242],[107.832274,36.780216],[107.825774,36.786016],[107.821802,36.785394],[107.815459,36.77672],[107.808027,36.779815],[107.800293,36.778361],[107.788731,36.787533],[107.784975,36.785078],[107.773727,36.788808],[107.77025,36.797958],[107.765714,36.79801],[107.762301,36.792937],[107.748214,36.806297],[107.741589,36.805493],[107.73855,36.811526],[107.725222,36.813052],[107.725072,36.806327],[107.719948,36.80632],[107.716278,36.802077],[107.710862,36.806367],[107.704683,36.80536],[107.687532,36.821765],[107.667228,36.832818],[107.686927,36.850052],[107.716956,36.857951],[107.725117,36.868499],[107.716447,36.874699],[107.722495,36.891601],[107.716267,36.904905],[107.720853,36.90696],[107.720759,36.919696],[107.706603,36.926487],[107.708443,36.93997],[107.702327,36.9475],[107.69456,36.950665],[107.695658,36.956519],[107.702279,36.963329],[107.687812,36.96895],[107.687042,36.97511],[107.694806,36.988651],[107.700491,36.975544],[107.705449,36.974875],[107.70527,36.982262],[107.715204,36.983644],[107.712803,36.98777],[107.718497,36.993842],[107.719567,36.985285],[107.723498,36.985729],[107.724557,36.981294],[107.727923,36.983975],[107.732374,36.981197],[107.732119,36.984324],[107.738902,36.987835],[107.744198,36.98609],[107.74337,36.9969],[107.748135,37.000254],[107.744436,37.004765],[107.738274,37.005089],[107.73255,37.008209],[107.732847,37.011114],[107.727037,37.011875],[107.725965,37.017412],[107.719649,37.015372],[107.719559,37.003918],[107.709884,37.001639],[107.706734,37.007367],[107.710235,37.015936],[107.697605,37.017685],[107.694164,37.009415],[107.696835,36.997055],[107.689701,36.996501],[107.680947,37.023571],[107.669794,37.02919],[107.670301,37.041617],[107.664013,37.042716],[107.664372,37.048514],[107.656971,37.050423],[107.64928,37.057982]]]}},{"type":"Feature","properties":{"id":"cn:610602","name":"宝塔区","level":2},"geometry":{"type":"Polygon","coordinates":[[[109.236517,36.522959],[109.23954,36.531784],[109.24763,36.534738],[109.251284,36.545475],[109.265821,36.54685],[109.280373,36.557597],[109.288886,36.558162],[109.288229,36.562109],[109.298563,36.560162],[109.306517,36.566335],[109.307536,36.571094],[109.313252,36.568731],[109.324093,36.576591],[109.326314,36.572766],[109.334276,36.573382],[109.339403,36.566962],[109.345236,36.567065],[109.349585,36.571739],[109.338572,36.585195],[109.332479,36.587726],[109.330597,36.584485],[109.330296,36.593546],[109.326527,36.59451],[109.329459,36.599404],[109.321375,36.603299],[109.321974,36.611703],[109.318739,36.614422],[109.324527,36.624757],[109.322231,36.627272],[109.295823,36.626709],[109.287038,36.632949],[109.286459,36.640602],[109.279314,36.640271],[109.279424,36.647051],[109.282811,36.648895],[109.2805,36.650436],[109.284685,36.654353],[109.290364,36.65024],[109.29367,36.659312],[109.285744,36.665412],[109.276734,36.688961],[109.279137,36.692406],[109.276816,36.697396],[109.285466,36.696238],[109.290175,36.704007],[109.29281,36.700138],[109.297699,36.70115],[109.308973,36.695128],[109.313746,36.703218],[109.317467,36.704104],[109.318552,36.709798],[109.323412,36.711999],[109.324885,36.706533],[109.327401,36.709284],[109.329992,36.699464],[109.334474,36.696992],[109.349415,36.70891],[109.355059,36.704905],[109.363099,36.706583],[109.367427,36.711305],[109.372595,36.703927],[109.372241,36.709995],[109.389908,36.71368],[109.390812,36.717286],[109.396031,36.719161],[109.400137,36.714789],[109.414323,36.717702],[109.422556,36.713506],[109.427074,36.717167],[109.426459,36.726116],[109.436132,36.727225],[109.435529,36.733765],[109.440902,36.734289],[109.440393,36.740816],[109.43042,36.745828],[109.432651,36.749756],[109.42469,36.756713],[109.434877,36.763118],[109.43508,36.771364],[109.427696,36.776659],[109.431687,36.783325],[109.425768,36.783101],[109.426821,36.786025],[109.422349,36.789004],[109.417415,36.782468],[109.420225,36.78863],[109.410043,36.786544],[109.404888,36.796284],[109.406251,36.811727],[109.403387,36.814774],[109.411845,36.815569],[109.406889,36.823851],[109.408363,36.826801],[109.403023,36.832392],[109.404862,36.834929],[109.402296,36.842046],[109.416106,36.851814],[109.412332,36.857512],[109.416067,36.859619],[109.413023,36.868684],[109.415218,36.869186],[109.409454,36.872139],[109.4093,36.877204],[109.416823,36.885642],[109.410814,36.894275],[109.414658,36.901589],[109.409691,36.907955],[109.402432,36.908901],[109.402982,36.911933],[109.411253,36.91577],[109.412078,36.925832],[109.399724,36.935666],[109.402744,36.944717],[109.39716,36.94271],[109.399275,36.947164],[109.392901,36.946209],[109.38478,36.954161],[109.392393,36.955965],[109.392201,36.961549],[109.38173,36.976842],[109.395312,36.982043],[109.398006,36.99213],[109.407349,36.996079],[109.40427,37.000592],[109.412048,37.007743],[109.419485,37.038648],[109.423075,37.030359],[109.435174,37.03292],[109.455549,37.022215],[109.4618,37.029922],[109.466882,37.025835],[109.473059,37.034051],[109.484293,37.038522],[109.492838,37.037637],[109.490316,37.031525],[109.499388,37.02317],[109.509835,37.029505],[109.51288,37.027636],[109.519024,37.03052],[109.523481,37.03683],[109.530632,37.029861],[109.536936,37.03785],[109.540536,37.028601],[109.544562,37.030988],[109.549598,37.027086],[109.553577,37.0139],[109.562067,37.006916],[109.572589,37.005318],[109.578538,36.995941],[109.589747,36.995959],[109.599061,37.004876],[109.60167,37.012186],[109.606328,37.01419],[109.605699,37.008231],[109.614148,37.004766],[109.616936,36.996562],[109.628151,36.994667],[109.62369,36.979927],[109.628003,36.971597],[109.635227,36.97221],[109.633792,36.967874],[109.643019,36.942645],[109.645147,36.94711],[109.649126,36.946675],[109.65514,36.93492],[109.650599,36.932405],[109.655503,36.931145],[109.653952,36.923734],[109.659813,36.922806],[109.649817,36.921112],[109.657264,36.912831],[109.650544,36.90852],[109.651493,36.904101],[109.64729,36.897468],[109.649517,36.896475],[109.647907,36.892697],[109.653642,36.892967],[109.655103,36.88245],[109.660908,36.882318],[109.662661,36.885069],[109.67441,36.875833],[109.6808,36.878603],[109.680491,36.883297],[109.690401,36.886342],[109.716389,36.883215],[109.73381,36.890832],[109.73819,36.887062],[109.739438,36.878752],[109.745652,36.875797],[109.752405,36.866864],[109.765885,36.860299],[109.769268,36.861457],[109.768939,36.85564],[109.773199,36.855035],[109.780317,36.843628],[109.788401,36.843504],[109.799205,36.836986],[109.802149,36.828373],[109.812357,36.831953],[109.811389,36.828147],[109.817347,36.824928],[109.820982,36.827853],[109.837431,36.820395],[109.841598,36.82559],[109.8427,36.817918],[109.846955,36.820305],[109.84813,36.825442],[109.852626,36.826415],[109.891511,36.801418],[109.898229,36.802227],[109.89805,36.79875],[109.905594,36.793008],[109.908209,36.792205],[109.910354,36.795918],[109.911731,36.787327],[109.914615,36.787091],[109.913591,36.778972],[109.917618,36.775291],[109.916091,36.768936],[109.907711,36.767631],[109.913171,36.760332],[109.907175,36.758366],[109.907792,36.752496],[109.902033,36.754759],[109.893826,36.740052],[109.890517,36.741451],[109.887373,36.738261],[109.885968,36.732133],[109.864853,36.729397],[109.854323,36.733802],[109.848701,36.724547],[109.845629,36.724821],[109.838497,36.711042],[109.830077,36.709692],[109.828146,36.701491],[109.821697,36.694402],[109.82139,36.687308],[109.813038,36.68556],[109.805594,36.690081],[109.80245,36.685013],[109.793353,36.681708],[109.793335,36.678416],[109.784049,36.669871],[109.784481,36.661959],[109.776675,36.651104],[109.76842,36.654562],[109.757483,36.647118],[109.754345,36.648579],[109.75365,36.644049],[109.750534,36.647649],[109.74976,36.643374],[109.731384,36.638991],[109.719993,36.626046],[109.719368,36.619741],[109.71666,36.620752],[109.710768,36.611362],[109.711795,36.604206],[109.719652,36.598531],[109.709225,36.596498],[109.705295,36.590645],[109.70026,36.592692],[109.699031,36.584668],[109.689776,36.577884],[109.685697,36.570261],[109.689211,36.567654],[109.686791,36.562644],[109.69396,36.560444],[109.695198,36.536712],[109.709279,36.536391],[109.711893,36.531997],[109.707213,36.526221],[109.698969,36.526103],[109.695321,36.518648],[109.689141,36.517929],[109.695573,36.515401],[109.71243,36.49034],[109.719932,36.490906],[109.724962,36.487195],[109.726643,36.480015],[109.73421,36.487292],[109.740955,36.486877],[109.775485,36.467277],[109.784777,36.476553],[109.786573,36.48548],[109.793833,36.480837],[109.800358,36.485238],[109.806926,36.477411],[109.812211,36.48154],[109.816413,36.479267],[109.825519,36.484104],[109.831963,36.481599],[109.842382,36.470651],[109.847143,36.472797],[109.850479,36.467686],[109.851032,36.456457],[109.869411,36.457215],[109.877112,36.448931],[109.882801,36.452089],[109.888324,36.448136],[109.893041,36.450675],[109.896298,36.447195],[109.899635,36.448341],[109.902217,36.439283],[109.906216,36.439057],[109.915251,36.430056],[109.920596,36.430129],[109.927542,36.436388],[109.925155,36.440138],[109.928723,36.443563],[109.926258,36.449431],[109.93107,36.454158],[109.935686,36.447661],[109.950622,36.445394],[109.956074,36.43779],[109.956677,36.433212],[109.953077,36.431445],[109.957597,36.42402],[109.962652,36.42802],[109.975869,36.421287],[109.978285,36.423905],[109.981072,36.416728],[109.985621,36.418097],[109.984898,36.422115],[109.996399,36.427556],[110.001771,36.422397],[110.001114,36.416003],[110.009774,36.416415],[110.012709,36.408114],[110.020294,36.415729],[110.024813,36.416298],[110.029517,36.411927],[110.032203,36.417403],[110.04683,36.414539],[110.052029,36.420197],[110.063079,36.411922],[110.071143,36.414736],[110.070479,36.417806],[110.07931,36.414424],[110.08607,36.406609],[110.079411,36.404096],[110.086896,36.394247],[110.087138,36.369678],[110.091707,36.365474],[110.091629,36.360698],[110.085876,36.358095],[110.084167,36.35052],[110.086803,36.329059],[110.091266,36.321105],[110.086718,36.318059],[110.084432,36.326706],[110.080787,36.327977],[110.079651,36.315617],[110.08743,36.298097],[110.073242,36.28795],[110.074007,36.273524],[110.068362,36.271344],[110.065959,36.278494],[110.063435,36.277149],[110.049095,36.264193],[110.048157,36.256486],[110.044696,36.254598],[110.036489,36.259875],[110.028168,36.256481],[110.018632,36.247773],[110.018984,36.240123],[110.013909,36.240786],[110.015586,36.236692],[110.012705,36.231313],[110.004018,36.233315],[110.000278,36.231055],[109.995322,36.23478],[109.988662,36.223377],[109.985229,36.223466],[109.982529,36.22947],[109.97108,36.228222],[109.958414,36.242902],[109.95054,36.237913],[109.939377,36.244971],[109.931992,36.243473],[109.922911,36.246856],[109.916702,36.235205],[109.911586,36.236003],[109.906615,36.227129],[109.899465,36.226015],[109.88778,36.21664],[109.867387,36.216854],[109.848555,36.206046],[109.842614,36.212638],[109.836094,36.205156],[109.824801,36.205558],[109.824141,36.197763],[109.813484,36.194641],[109.806901,36.196145],[109.803987,36.192349],[109.798784,36.193834],[109.795317,36.17867],[109.78772,36.181876],[109.7818,36.176447],[109.769315,36.176853],[109.755256,36.183479],[109.7511,36.190051],[109.743371,36.191946],[109.73747,36.189097],[109.725611,36.195118],[109.721338,36.194849],[109.712362,36.181883],[109.706046,36.184052],[109.700897,36.17782],[109.695478,36.186113],[109.687339,36.18807],[109.674198,36.198926],[109.671567,36.195929],[109.666661,36.198923],[109.654354,36.187037],[109.641816,36.187693],[109.639276,36.191006],[109.620372,36.185425],[109.611521,36.195519],[109.599153,36.200897],[109.591551,36.208353],[109.586875,36.206138],[109.57476,36.20964],[109.568495,36.226574],[109.55805,36.234823],[109.559618,36.240139],[109.5561,36.24686],[109.557375,36.254406],[109.561688,36.257476],[109.55793,36.272175],[109.560616,36.286447],[109.551875,36.29754],[109.552733,36.309339],[109.550534,36.315645],[109.54611,36.317336],[109.546757,36.325657],[109.539042,36.328024],[109.526026,36.346053],[109.527624,36.353555],[109.524528,36.366135],[109.527316,36.376425],[109.520974,36.384309],[109.51829,36.385862],[109.507926,36.377219],[109.504429,36.378265],[109.49905,36.387649],[109.485449,36.394349],[109.481092,36.403884],[109.471504,36.40353],[109.466909,36.410803],[109.464537,36.409209],[109.45851,36.413285],[109.455296,36.410614],[109.450183,36.414057],[109.444157,36.408629],[109.436752,36.418114],[109.430788,36.418681],[109.426049,36.424732],[109.415606,36.428312],[109.411485,36.426495],[109.408421,36.43438],[109.40155,36.433384],[109.399047,36.437524],[109.391612,36.434281],[109.382498,36.443069],[109.379053,36.437601],[109.379965,36.429404],[109.375331,36.423441],[109.372108,36.430565],[109.365321,36.432504],[109.361994,36.438738],[109.358908,36.437046],[109.344468,36.446029],[109.329783,36.446626],[109.320448,36.450441],[109.318107,36.458674],[109.309991,36.46064],[109.307195,36.456907],[109.292525,36.45636],[109.290802,36.463324],[109.285634,36.468167],[109.279241,36.465777],[109.271087,36.472266],[109.272178,36.478734],[109.262942,36.486305],[109.264409,36.496644],[109.255158,36.506284],[109.246516,36.51033],[109.236517,36.522959]]]}},{"type":"Feature","properties":{"id":"cn:610603","name":"安塞区","level":2},"geometry":{"type":"Polygon","coordinates":[[[108.846403,37.204006],[108.854589,37.208307],[108.851169,37.221142],[108.855154,37.228388],[108.853851,37.236626],[108.859928,37.235626],[108.865137,37.242062],[108.855056,37.252973],[108.859491,37.261426],[108.862642,37.253985],[108.866406,37.255694],[108.873448,37.251652],[108.877066,37.238855],[108.873918,37.233631],[108.883994,37.219065],[108.884333,37.230285],[108.889474,37.238375],[108.897194,37.23163],[108.905632,37.23861],[108.91323,37.240108],[108.924934,37.23308],[108.930211,37.232482],[108.934518,37.238161],[108.940782,37.232978],[108.944444,37.23625],[108.952454,37.2344],[108.947995,37.242367],[108.953481,37.244862],[108.944027,37.251058],[108.938936,37.249289],[108.939991,37.256565],[108.954116,37.256082],[108.95702,37.263978],[108.969792,37.26389],[108.970953,37.260266],[108.974454,37.260235],[108.979736,37.262946],[108.975638,37.264669],[108.976979,37.267718],[108.973527,37.271438],[108.979023,37.268852],[108.982086,37.270698],[108.978416,37.277545],[108.994357,37.282083],[108.99718,37.285769],[109.005496,37.280688],[109.010334,37.291794],[109.006969,37.298424],[109.009541,37.304931],[109.015772,37.300862],[109.028271,37.302095],[109.030461,37.298684],[109.04575,37.29779],[109.041944,37.287743],[109.052186,37.283083],[109.067426,37.302937],[109.077215,37.301891],[109.077385,37.307352],[109.074539,37.308718],[109.07808,37.309566],[109.079133,37.313842],[109.084735,37.313438],[109.084552,37.309483],[109.095586,37.307303],[109.091186,37.302549],[109.104622,37.304521],[109.114275,37.323545],[109.129092,37.321307],[109.135922,37.315311],[109.142771,37.314039],[109.146657,37.308629],[109.149183,37.308432],[109.148722,37.311919],[109.161159,37.308507],[109.166179,37.303535],[109.163301,37.299738],[109.168523,37.297185],[109.173982,37.301848],[109.168207,37.308998],[109.181017,37.308441],[109.173299,37.316726],[109.175854,37.319898],[109.17211,37.325927],[109.175264,37.326355],[109.193551,37.317979],[109.203968,37.322059],[109.217672,37.297818],[109.201589,37.293746],[109.205426,37.281208],[109.222205,37.28416],[109.223459,37.261972],[109.243268,37.260671],[109.249332,37.264703],[109.251854,37.256672],[109.246075,37.240739],[109.261103,37.230893],[109.272342,37.214711],[109.292366,37.205942],[109.305963,37.191901],[109.320538,37.184758],[109.318636,37.173064],[109.33188,37.159033],[109.327678,37.153192],[109.334614,37.147686],[109.335243,37.141595],[109.344957,37.136402],[109.344807,37.132489],[109.350195,37.132296],[109.352943,37.137495],[109.366547,37.120901],[109.366561,37.116626],[109.361195,37.117857],[109.360437,37.113341],[109.370971,37.110737],[109.366571,37.09046],[109.376863,37.083934],[109.380472,37.085415],[109.384126,37.07619],[109.376904,37.057009],[109.392211,37.047314],[109.392243,37.034578],[109.402786,37.031542],[109.406677,37.037166],[109.406652,37.032744],[109.408661,37.034973],[109.417527,37.027097],[109.412048,37.007743],[109.40427,37.000592],[109.407349,36.996079],[109.398006,36.99213],[109.395312,36.982043],[109.38173,36.976842],[109.392201,36.961549],[109.392393,36.955965],[109.38478,36.954161],[109.392901,36.946209],[109.399275,36.947164],[109.39716,36.94271],[109.402744,36.944717],[109.399724,36.935666],[109.412078,36.925832],[109.411253,36.91577],[109.402982,36.911933],[109.402432,36.908901],[109.409691,36.907955],[109.414658,36.901589],[109.410814,36.894275],[109.416823,36.885642],[109.4093,36.877204],[109.409454,36.872139],[109.415218,36.869186],[109.413023,36.868684],[109.416067,36.859619],[109.412332,36.857512],[109.416106,36.851814],[109.402296,36.842046],[109.404862,36.834929],[109.403023,36.832392],[109.408363,36.826801],[109.406889,36.823851],[109.411845,36.815569],[109.403387,36.814774],[109.406251,36.811727],[109.404888,36.796284],[109.410043,36.786544],[109.420225,36.78863],[109.417415,36.782468],[109.422349,36.789004],[109.426821,36.786025],[109.425768,36.783101],[109.431687,36.783325],[109.427696,36.776659],[109.43508,36.771364],[109.434877,36.763118],[109.42469,36.756713],[109.432651,36.749756],[109.43042,36.745828],[109.440393,36.740816],[109.440902,36.734289],[109.435529,36.733765],[109.436132,36.727225],[109.426459,36.726116],[109.427074,36.717167],[109.422556,36.713506],[109.414323,36.717702],[109.400137,36.714789],[109.396031,36.719161],[109.390812,36.717286],[109.389908,36.71368],[109.372241,36.709995],[109.372595,36.703927],[109.367427,36.711305],[109.363099,36.706583],[109.355059,36.704905],[109.349415,36.70891],[109.334474,36.696992],[109.329992,36.699464],[109.327401,36.709284],[109.324885,36.706533],[109.323412,36.711999],[109.318552,36.709798],[109.317467,36.704104],[109.313746,36.703218],[109.308973,36.695128],[109.297699,36.70115],[109.29281,36.700138],[109.290175,36.704007],[109.285466,36.696238],[109.276341,36.696685],[109.285744,36.665412],[109.29367,36.659312],[109.290364,36.65024],[109.284685,36.654353],[109.2805,36.650436],[109.282811,36.648895],[109.279424,36.647051],[109.279314,36.640271],[109.286459,36.640602],[109.287038,36.632949],[109.295823,36.626709],[109.318223,36.628736],[109.324505,36.625053],[109.31858,36.615959],[109.321974,36.611703],[109.321375,36.603299],[109.329459,36.599404],[109.326527,36.59451],[109.330296,36.593546],[109.330597,36.584485],[109.332479,36.587726],[109.338572,36.585195],[109.342301,36.577922],[109.349727,36.574014],[109.345717,36.567321],[109.339403,36.566962],[109.334276,36.573382],[109.326314,36.572766],[109.324093,36.576591],[109.313252,36.568731],[109.307357,36.571001],[109.306517,36.566335],[109.298563,36.560162],[109.288229,36.562109],[109.288886,36.558162],[109.280373,36.557597],[109.265821,36.54685],[109.251284,36.545475],[109.247456,36.534483],[109.23954,36.531784],[109.236639,36.521407],[109.231306,36.521049],[109.229909,36.525343],[109.223423,36.521956],[109.215838,36.528788],[109.209424,36.530013],[109.202614,36.520105],[109.176353,36.513844],[109.166767,36.517579],[109.164602,36.527273],[109.153766,36.52768],[109.146845,36.520618],[109.142495,36.524039],[109.137987,36.521124],[109.125443,36.525054],[109.115262,36.524499],[109.114384,36.532141],[109.108942,36.531601],[109.102972,36.53707],[109.104295,36.544437],[109.101178,36.55179],[109.092974,36.556506],[109.087224,36.555748],[109.080518,36.564449],[109.074509,36.563867],[109.067907,36.582813],[109.063772,36.581092],[109.05891,36.584509],[109.054685,36.582184],[109.049184,36.586138],[109.045172,36.583506],[109.040053,36.58683],[109.035581,36.580654],[109.028981,36.585473],[109.028906,36.593001],[109.024045,36.592055],[109.017206,36.600404],[109.006477,36.59967],[109.00112,36.606698],[108.995382,36.60459],[108.984803,36.612183],[108.97013,36.609024],[108.959462,36.614922],[108.951736,36.613469],[108.94183,36.623275],[108.936185,36.61855],[108.902296,36.627679],[108.897042,36.623229],[108.890043,36.622576],[108.88626,36.61697],[108.886143,36.632782],[108.878402,36.639674],[108.87894,36.646977],[108.882877,36.651479],[108.874196,36.655508],[108.873817,36.669993],[108.898819,36.674725],[108.900718,36.67695],[108.898176,36.680592],[108.904497,36.691084],[108.922392,36.692835],[108.914369,36.697589],[108.915354,36.705459],[108.911459,36.71807],[108.917784,36.721166],[108.941531,36.71802],[108.952159,36.721947],[108.947026,36.725462],[108.950033,36.735922],[108.948424,36.749129],[108.9411,36.747617],[108.939409,36.750566],[108.942985,36.760089],[108.94766,36.759676],[108.946661,36.76913],[108.956582,36.76845],[108.957654,36.773789],[108.96785,36.77401],[108.969444,36.780077],[108.975196,36.779526],[108.975278,36.784231],[108.979574,36.78803],[108.987645,36.788875],[108.989099,36.792375],[108.985919,36.80776],[108.989515,36.811864],[108.981457,36.815861],[108.984981,36.828879],[108.980468,36.829759],[108.977804,36.835043],[108.980186,36.842793],[108.985414,36.845094],[108.982777,36.857283],[108.985481,36.864691],[108.989048,36.870284],[108.994757,36.871141],[108.998278,36.878023],[109.009344,36.878944],[109.008104,36.883706],[109.003195,36.885698],[109.001321,36.893303],[109.006597,36.89692],[109.011779,36.897418],[109.015775,36.89028],[109.021088,36.89028],[109.033097,36.881658],[109.033457,36.878499],[109.037559,36.878783],[109.039301,36.8746],[109.043054,36.877464],[109.041523,36.882738],[109.044855,36.884125],[109.047686,36.902066],[109.042443,36.903567],[109.046284,36.908763],[109.045418,36.919071],[109.037954,36.924587],[109.042193,36.927895],[109.039929,36.931498],[109.04345,36.93819],[109.050892,36.934599],[109.053394,36.943135],[109.061754,36.947339],[109.057635,36.961999],[109.044443,36.954896],[109.038163,36.960062],[109.03557,36.956645],[109.030983,36.974782],[109.025084,36.974338],[109.022845,36.9804],[109.0192,36.981208],[108.999063,36.979624],[108.997895,36.990154],[108.984659,36.99214],[108.985807,36.997329],[108.981038,36.999821],[108.98053,37.006935],[108.989304,37.008754],[108.98375,37.012085],[108.980561,37.020965],[108.94747,37.013323],[108.943334,37.022946],[108.944915,37.02979],[108.930196,37.031002],[108.922682,37.045968],[108.918226,37.043988],[108.915557,37.048125],[108.917507,37.058692],[108.9266,37.056618],[108.929719,37.052778],[108.940627,37.051822],[108.940848,37.061254],[108.946236,37.066537],[108.942869,37.067362],[108.946313,37.083893],[108.944017,37.097426],[108.952522,37.098474],[108.945572,37.10859],[108.950006,37.115299],[108.943347,37.119842],[108.944984,37.127332],[108.928173,37.128742],[108.930481,37.136903],[108.944021,37.132831],[108.945648,37.141331],[108.95153,37.14506],[108.965073,37.137772],[108.971205,37.145156],[108.975378,37.143213],[108.976762,37.157157],[108.962298,37.159095],[108.962323,37.163378],[108.951548,37.162519],[108.937598,37.168083],[108.93236,37.174719],[108.937135,37.179826],[108.926946,37.187277],[108.927963,37.192462],[108.924458,37.192854],[108.924633,37.196697],[108.913794,37.19613],[108.904129,37.186689],[108.896471,37.186195],[108.892224,37.180356],[108.877834,37.175746],[108.855582,37.181618],[108.855629,37.190784],[108.863083,37.196405],[108.850444,37.198342],[108.846403,37.204006]]]}},{"type":"Feature","properties":{"id":"cn:610621","name":"延长县","level":2},"geometry":{"type":"MultiPolygon","coordinates":[[[[109.685697,36.570261],[109.689776,36.577884],[109.699031,36.584668],[109.70026,36.592692],[109.705295,36.590645],[109.709225,36.596498],[109.719652,36.598531],[109.711795,36.604206],[109.710768,36.611362],[109.731261,36.638892],[109.74976,36.643374],[109.750534,36.647649],[109.75365,36.644049],[109.754345,36.648579],[109.757483,36.647118],[109.76842,36.654562],[109.776675,36.651104],[109.784481,36.661959],[109.784049,36.669871],[109.793335,36.678416],[109.793353,36.681708],[109.80245,36.685013],[109.805594,36.690081],[109.813038,36.68556],[109.82139,36.687308],[109.821697,36.694402],[109.828146,36.701491],[109.830077,36.709692],[109.838497,36.711042],[109.845629,36.724821],[109.848701,36.724547],[109.854323,36.733802],[109.864853,36.729397],[109.885968,36.732133],[109.887373,36.738261],[109.890517,36.741451],[109.893826,36.740052],[109.902033,36.754759],[109.908084,36.752711],[109.907175,36.758366],[109.913207,36.762039],[109.907781,36.767877],[109.915308,36.7678],[109.916758,36.772862],[109.925208,36.773327],[109.938967,36.768189],[109.938971,36.758565],[109.942089,36.758805],[109.940377,36.753046],[109.947085,36.743972],[109.946672,36.737821],[109.964929,36.743106],[109.973659,36.739905],[109.974148,36.743546],[109.977548,36.740857],[109.9814,36.742902],[109.983164,36.740621],[109.982817,36.744647],[109.991127,36.742575],[109.996176,36.746192],[109.993958,36.749291],[110.00253,36.747875],[109.998662,36.755619],[110.002545,36.754607],[110.002605,36.759532],[110.017823,36.770116],[110.031239,36.759565],[110.04172,36.761704],[110.045621,36.753486],[110.055612,36.746714],[110.051563,36.745099],[110.05728,36.745557],[110.055263,36.742603],[110.070208,36.740939],[110.071683,36.747586],[110.077366,36.749121],[110.089214,36.74144],[110.092277,36.73498],[110.094697,36.739145],[110.101187,36.733264],[110.100007,36.736176],[110.103421,36.738234],[110.105469,36.731967],[110.100313,36.73238],[110.097897,36.727818],[110.103601,36.728667],[110.104022,36.720737],[110.126409,36.721223],[110.130419,36.712999],[110.136638,36.718465],[110.138446,36.713918],[110.140844,36.715309],[110.150788,36.707172],[110.156701,36.710708],[110.160114,36.707105],[110.161798,36.712451],[110.165592,36.713587],[110.176491,36.707628],[110.176956,36.711607],[110.188854,36.708598],[110.19423,36.713684],[110.191391,36.717547],[110.197289,36.716209],[110.201391,36.721767],[110.213664,36.722433],[110.21197,36.726514],[110.223439,36.724336],[110.2272,36.709613],[110.226037,36.696449],[110.230391,36.687414],[110.240277,36.683683],[110.248712,36.669697],[110.261233,36.663198],[110.270189,36.652525],[110.271159,36.643746],[110.274303,36.64116],[110.277322,36.645865],[110.2803,36.643742],[110.279693,36.634761],[110.285134,36.641286],[110.287192,36.638126],[110.290926,36.642121],[110.296454,36.63965],[110.29872,36.624957],[110.303085,36.622142],[110.308871,36.62267],[110.312981,36.632872],[110.319977,36.63497],[110.32554,36.630719],[110.350742,36.649163],[110.367866,36.65107],[110.380026,36.646362],[110.388837,36.650704],[110.399731,36.648163],[110.397236,36.642793],[110.404966,36.630464],[110.415057,36.643266],[110.426763,36.647599],[110.448073,36.613372],[110.465872,36.595555],[110.491252,36.582134],[110.492423,36.575267],[110.483406,36.553568],[110.495747,36.536069],[110.497882,36.488134],[110.490236,36.472949],[110.472236,36.460282],[110.467577,36.453116],[110.471724,36.440145],[110.485913,36.426802],[110.48622,36.417995],[110.48145,36.393819],[110.463661,36.369884],[110.463921,36.352142],[110.454038,36.335356],[110.454361,36.327756],[110.468246,36.306634],[110.461325,36.292531],[110.45196,36.294477],[110.448276,36.290517],[110.447609,36.293543],[110.440255,36.295968],[110.440148,36.292212],[110.42031,36.293758],[110.417434,36.289521],[110.411547,36.289191],[110.403057,36.291429],[110.398109,36.28362],[110.394572,36.285757],[110.387454,36.281996],[110.369277,36.282094],[110.361583,36.273327],[110.347653,36.284602],[110.344961,36.29029],[110.340828,36.288964],[110.334608,36.294402],[110.319645,36.298801],[110.31286,36.310289],[110.305914,36.310532],[110.295835,36.315863],[110.293438,36.321355],[110.260152,36.333877],[110.249736,36.342354],[110.235993,36.33788],[110.218053,36.343063],[110.21783,36.336625],[110.200272,36.340473],[110.194433,36.337601],[110.181224,36.348428],[110.164231,36.348746],[110.158547,36.359259],[110.147035,36.368408],[110.143256,36.376547],[110.143359,36.385867],[110.133659,36.402201],[110.122947,36.394678],[110.120866,36.398351],[110.107071,36.397948],[110.101831,36.388403],[110.105248,36.387956],[110.106452,36.383367],[110.108562,36.38521],[110.110449,36.383558],[110.103391,36.376603],[110.107413,36.375622],[110.106608,36.372441],[110.103023,36.365302],[110.096132,36.36495],[110.091629,36.360698],[110.091402,36.366553],[110.087138,36.369678],[110.086896,36.394247],[110.079411,36.404096],[110.08607,36.406609],[110.081909,36.41284],[110.072511,36.417671],[110.063079,36.411922],[110.052029,36.420197],[110.04683,36.414539],[110.032203,36.417403],[110.029517,36.411927],[110.024813,36.416298],[110.020294,36.415729],[110.012709,36.408114],[110.009774,36.416415],[110.001114,36.416003],[110.001771,36.422397],[109.996399,36.427556],[109.984898,36.422115],[109.985621,36.418097],[109.981072,36.416728],[109.978285,36.423905],[109.975869,36.421287],[109.962652,36.42802],[109.957597,36.42402],[109.953077,36.431445],[109.956677,36.433212],[109.956074,36.43779],[109.950622,36.445394],[109.935686,36.447661],[109.93107,36.454158],[109.926258,36.449431],[109.928723,36.443563],[109.925155,36.440138],[109.927542,36.436388],[109.920596,36.430129],[109.915251,36.430056],[109.906216,36.439057],[109.902217,36.439283],[109.899635,36.448341],[109.896298,36.447195],[109.893041,36.450675],[109.888324,36.448136],[109.882801,36.452089],[109.877112,36.448931],[109.869411,36.457215],[109.851032,36.456457],[109.850479,36.467686],[109.847143,36.472797],[109.842382,36.470651],[109.831963,36.481599],[109.825519,36.484104],[109.816413,36.479267],[109.812211,36.48154],[109.806926,36.477411],[109.800358,36.485238],[109.793833,36.480837],[109.786573,36.48548],[109.784777,36.476553],[109.775485,36.467277],[109.740955,36.486877],[109.73421,36.487292],[109.726643,36.480015],[109.724962,36.487195],[109.719932,36.490906],[109.71243,36.49034],[109.695573,36.515401],[109.689141,36.517929],[109.695764,36.518965],[109.69926,36.526325],[109.707953,36.526563],[109.711984,36.533027],[109.709279,36.536391],[109.695198,36.536712],[109.69396,36.560444],[109.686791,36.562644],[109.689211,36.567654],[109.685697,36.570261]]],[[[110.114609,36.38562],[110.121621,36.381474],[110.120113,36.376876],[110.116223,36.38087],[110.114609,36.38562]]],[[[110.112219,36.364097],[110.113695,36.371414],[110.118771,36.374322],[110.11647,36.363844],[110.112219,36.364097]]]]}},{"type":"Feature","properties":{"id":"cn:610622","name":"延川县","level":2},"geometry":{"type":"Polygon","coordinates":[[[109.605269,37.009708],[109.610636,37.018234],[109.631142,37.02011],[109.64155,37.029567],[109.649248,37.031525],[109.67164,37.02689],[109.692159,37.02789],[109.6979,37.032785],[109.707278,37.029823],[109.715309,37.031084],[109.717489,37.034587],[109.729105,37.034499],[109.736239,37.042886],[109.737596,37.052036],[109.755338,37.044936],[109.771651,37.03392],[109.77819,37.033025],[109.78383,37.037691],[109.791088,37.038585],[109.796733,37.032427],[109.822877,37.017518],[109.834777,37.022995],[109.832981,37.033645],[109.835505,37.052135],[109.828806,37.05627],[109.837982,37.05836],[109.839027,37.061757],[109.849193,37.054595],[109.873521,37.055313],[109.872477,37.048413],[109.882223,37.049791],[109.882651,37.038713],[109.888453,37.033414],[109.889581,37.027545],[109.897643,37.030373],[109.901329,37.028555],[109.907615,37.039153],[109.905883,37.04377],[109.915397,37.044419],[109.918462,37.055264],[109.92582,37.053926],[109.933037,37.05722],[109.955653,37.053427],[109.958217,37.059715],[109.963592,37.05916],[109.965405,37.063584],[109.970452,37.06092],[109.975835,37.06668],[109.97892,37.064317],[109.98465,37.067981],[109.991734,37.079161],[109.986879,37.094071],[109.990649,37.098454],[110.001312,37.094326],[110.006886,37.09675],[110.007411,37.086871],[110.010964,37.085199],[110.012493,37.077022],[110.019129,37.071704],[110.021079,37.064557],[110.029075,37.062797],[110.025832,37.058391],[110.030684,37.047346],[110.023962,37.044352],[110.021852,37.036112],[110.026167,37.027804],[110.030647,37.027803],[110.03081,37.022136],[110.044486,37.025773],[110.045775,37.020706],[110.05069,37.021214],[110.054822,37.016197],[110.052251,37.012722],[110.055214,37.007966],[110.060537,37.007549],[110.06169,37.004514],[110.066696,37.00684],[110.076642,37.00031],[110.081996,36.988747],[110.076573,36.984731],[110.101102,36.9816],[110.103652,36.974351],[110.116714,36.965825],[110.125285,36.969976],[110.124184,36.97364],[110.12732,36.972972],[110.127187,36.975979],[110.130471,36.9725],[110.134394,36.973102],[110.137122,36.97788],[110.138392,36.975068],[110.134562,36.970737],[110.140577,36.970796],[110.140404,36.974688],[110.146359,36.975253],[110.14351,36.976661],[110.146824,36.981482],[110.152186,36.981714],[110.156467,36.987796],[110.158074,36.986031],[110.17104,36.990528],[110.173851,36.997172],[110.178379,36.997624],[110.17909,37.00403],[110.191263,37.003077],[110.193738,37.009086],[110.199056,37.012159],[110.197317,37.013646],[110.204043,37.011753],[110.202638,37.014145],[110.206355,37.015202],[110.208098,37.011561],[110.23141,37.010549],[110.233518,37.002642],[110.241356,37.000742],[110.242289,36.993575],[110.25132,36.996344],[110.254801,36.99246],[110.273719,36.993043],[110.272458,36.990646],[110.277614,36.989202],[110.279684,36.983655],[110.275935,36.978091],[110.272404,36.979477],[110.274593,36.975845],[110.265639,36.977559],[110.264685,36.973262],[110.271518,36.968153],[110.266855,36.967453],[110.265558,36.963594],[110.274925,36.961528],[110.288868,36.966853],[110.28715,36.958939],[110.291741,36.956517],[110.292673,36.96299],[110.299727,36.963911],[110.302113,36.969197],[110.304862,36.967013],[110.303453,36.971372],[110.307116,36.975331],[110.303798,36.977499],[110.309763,36.981999],[110.308637,36.984572],[110.321311,36.980755],[110.336445,36.9867],[110.331638,36.979197],[110.338731,36.974424],[110.336465,36.971374],[110.347453,36.97213],[110.354472,36.96782],[110.35122,36.954901],[110.360348,36.953252],[110.355281,36.948004],[110.356265,36.942829],[110.362021,36.944803],[110.360521,36.950522],[110.364116,36.953345],[110.360703,36.955559],[110.364549,36.955367],[110.370169,36.961787],[110.37296,36.961062],[110.372719,36.955998],[110.37587,36.958875],[110.388739,36.959074],[110.389112,36.96171],[110.390628,36.959108],[110.395363,36.967582],[110.404298,36.966033],[110.413488,36.972044],[110.420007,36.956727],[110.409906,36.933717],[110.402995,36.891873],[110.392972,36.884583],[110.373531,36.88352],[110.368974,36.876838],[110.377176,36.870003],[110.408311,36.865295],[110.41879,36.855119],[110.413786,36.834574],[110.400785,36.827212],[110.403243,36.823185],[110.417615,36.817589],[110.410292,36.790684],[110.400356,36.774123],[110.395322,36.772136],[110.381303,36.775406],[110.376832,36.772343],[110.379648,36.765636],[110.407468,36.762738],[110.424939,36.752057],[110.42555,36.743642],[110.410956,36.731531],[110.410024,36.723251],[110.420167,36.72201],[110.434243,36.736811],[110.441282,36.737431],[110.446767,36.73236],[110.446146,36.726253],[110.429379,36.707313],[110.432432,36.685629],[110.430052,36.681179],[110.417838,36.680661],[110.409041,36.691839],[110.400139,36.696911],[110.390721,36.694531],[110.385649,36.68863],[110.388755,36.676521],[110.416648,36.661461],[110.426763,36.647599],[110.415057,36.643266],[110.404966,36.630464],[110.397236,36.642793],[110.399731,36.648163],[110.388837,36.650704],[110.380026,36.646362],[110.367866,36.65107],[110.350742,36.649163],[110.32554,36.630719],[110.319977,36.63497],[110.312981,36.632872],[110.308871,36.62267],[110.304029,36.621742],[110.29872,36.624957],[110.296454,36.63965],[110.290926,36.642121],[110.287192,36.638126],[110.285134,36.641286],[110.279693,36.634761],[110.2803,36.643742],[110.277322,36.645865],[110.274303,36.64116],[110.271159,36.643746],[110.270189,36.652525],[110.261233,36.663198],[110.248712,36.669697],[110.240277,36.683683],[110.230391,36.687414],[110.226037,36.696449],[110.2272,36.709613],[110.223439,36.724336],[110.21197,36.726514],[110.213664,36.722433],[110.201391,36.721767],[110.197289,36.716209],[110.191391,36.717547],[110.19423,36.713684],[110.188854,36.708598],[110.176956,36.711607],[110.176491,36.707628],[110.165592,36.713587],[110.161798,36.712451],[110.160114,36.707105],[110.156701,36.710708],[110.150788,36.707172],[110.140844,36.715309],[110.138446,36.713918],[110.136638,36.718465],[110.130419,36.712999],[110.126409,36.721223],[110.104022,36.720737],[110.103601,36.728667],[110.097897,36.727818],[110.100313,36.73238],[110.105469,36.731967],[110.103421,36.738234],[110.100007,36.736176],[110.101187,36.733264],[110.094697,36.739145],[110.094596,36.736748],[110.092277,36.73498],[110.089214,36.74144],[110.077366,36.749121],[110.071683,36.747586],[110.070208,36.740939],[110.055263,36.742603],[110.05728,36.745557],[110.051563,36.745099],[110.055612,36.746714],[110.045621,36.753486],[110.04172,36.761704],[110.031239,36.759565],[110.017823,36.770116],[110.002605,36.759532],[110.002545,36.754607],[109.998662,36.755619],[110.00253,36.747875],[109.993958,36.749291],[109.996176,36.746192],[109.991127,36.742575],[109.982817,36.744647],[109.983164,36.740621],[109.9814,36.742902],[109.977548,36.740857],[109.974148,36.743546],[109.973659,36.739905],[109.964929,36.743106],[109.946325,36.737965],[109.947085,36.743972],[109.940377,36.753046],[109.942089,36.758805],[109.938971,36.758565],[109.938967,36.768189],[109.925208,36.773327],[109.916758,36.772862],[109.910354,36.795918],[109.908209,36.792205],[109.905594,36.793008],[109.89805,36.79875],[109.898229,36.802227],[109.891511,36.801418],[109.852626,36.826415],[109.84813,36.825442],[109.846955,36.820305],[109.8427,36.817918],[109.841598,36.82559],[109.837431,36.820395],[109.820982,36.827853],[109.817347,36.824928],[109.811389,36.828147],[109.812357,36.831953],[109.802149,36.828373],[109.799205,36.836986],[109.788401,36.843504],[109.780317,36.843628],[109.773199,36.855035],[109.768939,36.85564],[109.769268,36.861457],[109.765885,36.860299],[109.752405,36.866864],[109.745652,36.875797],[109.739438,36.878752],[109.73819,36.887062],[109.73381,36.890832],[109.716389,36.883215],[109.690401,36.886342],[109.680491,36.883297],[109.6808,36.878603],[109.67441,36.875833],[109.662661,36.885069],[109.660908,36.882318],[109.655103,36.88245],[109.653642,36.892967],[109.647907,36.892697],[109.649517,36.896475],[109.64729,36.897468],[109.651493,36.904101],[109.650544,36.90852],[109.657264,36.912831],[109.649981,36.921462],[109.659842,36.922541],[109.653952,36.923734],[109.655503,36.931145],[109.650593,36.931858],[109.65464,36.93304],[109.654318,36.937715],[109.649126,36.946675],[109.645147,36.94711],[109.643019,36.942645],[109.633792,36.967874],[109.635227,36.97221],[109.626935,36.972586],[109.623592,36.983689],[109.628151,36.994667],[109.622342,36.997612],[109.617148,36.996386],[109.614363,37.004531],[109.605269,37.009708]]]}},{"type":"Feature","properties":{"id":"cn:610625","name":"志丹县","level":2},"geometry":{"type":"Polygon","coordinates":[[[108.199173,36.601753],[108.218249,36.632505],[108.223077,36.628466],[108.227606,36.629696],[108.231689,36.618781],[108.235109,36.620783],[108.234272,36.629285],[108.241137,36.631772],[108.232685,36.646651],[108.230245,36.647319],[108.22849,36.640482],[108.224134,36.64422],[108.225441,36.659539],[108.236354,36.648445],[108.240937,36.653362],[108.25545,36.65703],[108.256566,36.660978],[108.261482,36.651102],[108.266414,36.651017],[108.267924,36.654774],[108.26245,36.659203],[108.256786,36.683272],[108.262758,36.687044],[108.262383,36.69506],[108.269973,36.691988],[108.27254,36.686321],[108.275604,36.689314],[108.275207,36.700012],[108.278941,36.700379],[108.272876,36.719789],[108.277416,36.722291],[108.280624,36.718604],[108.286375,36.71878],[108.283694,36.728387],[108.287942,36.736566],[108.286449,36.742972],[108.289167,36.746107],[108.292666,36.74398],[108.299487,36.746168],[108.30029,36.749681],[108.305011,36.749536],[108.306384,36.752526],[108.302081,36.774822],[108.303776,36.781401],[108.313512,36.789525],[108.306493,36.797059],[108.302515,36.796793],[108.302437,36.800661],[108.296684,36.799284],[108.296342,36.810762],[108.286233,36.819242],[108.283668,36.833611],[108.291277,36.839027],[108.28581,36.842358],[108.285973,36.848498],[108.2804,36.857316],[108.282193,36.86912],[108.279271,36.874755],[108.285599,36.872107],[108.287168,36.880439],[108.29305,36.872471],[108.290428,36.887577],[108.294346,36.890983],[108.299723,36.886785],[108.311675,36.887345],[108.309194,36.879156],[108.320829,36.876434],[108.331199,36.879481],[108.328379,36.8847],[108.336239,36.890491],[108.335633,36.895505],[108.33914,36.897815],[108.346524,36.894932],[108.348886,36.901442],[108.355245,36.894116],[108.354491,36.884425],[108.366503,36.890433],[108.370603,36.886102],[108.372721,36.890707],[108.38008,36.89098],[108.380536,36.901909],[108.385617,36.904128],[108.386179,36.912752],[108.390211,36.901638],[108.387205,36.895463],[108.391361,36.891537],[108.392344,36.895021],[108.399571,36.896148],[108.400662,36.905261],[108.404834,36.90786],[108.403578,36.912874],[108.408092,36.912398],[108.411501,36.920655],[108.414626,36.917871],[108.425272,36.928123],[108.427073,36.925989],[108.431768,36.928573],[108.429609,36.94056],[108.436003,36.948966],[108.44698,36.946389],[108.450948,36.957941],[108.447023,36.966013],[108.457439,36.961859],[108.464417,36.963645],[108.473683,36.96127],[108.479631,36.944688],[108.483313,36.946221],[108.487971,36.936547],[108.49887,36.936758],[108.500683,36.943388],[108.513304,36.942167],[108.510083,36.958136],[108.514004,36.970232],[108.505435,36.974214],[108.504438,36.977884],[108.50148,36.97076],[108.491483,36.962354],[108.492372,36.960066],[108.485119,36.957596],[108.482206,36.959899],[108.485492,36.962653],[108.484051,36.968563],[108.491844,36.980191],[108.494956,36.979291],[108.499847,36.986202],[108.496101,36.990125],[108.496595,36.997183],[108.500209,36.999522],[108.49665,37.001113],[108.500399,37.000378],[108.504032,37.005621],[108.508145,37.005901],[108.509788,37.00148],[108.521864,36.998449],[108.522557,36.995418],[108.535309,36.988767],[108.539194,36.994549],[108.551075,36.989804],[108.550856,36.993529],[108.564121,36.998406],[108.567598,36.989083],[108.585183,36.999997],[108.595206,36.993677],[108.597887,37.000012],[108.594038,37.005531],[108.598437,37.010167],[108.594601,37.010661],[108.601166,37.013216],[108.6099,37.0348],[108.61353,37.031278],[108.615358,37.033696],[108.628927,37.030202],[108.644126,37.038978],[108.654747,37.040258],[108.656845,37.033489],[108.670904,37.019045],[108.668592,37.007927],[108.676162,37.002139],[108.685362,36.998889],[108.687621,37.003675],[108.693814,36.999181],[108.696658,37.004493],[108.700692,36.99377],[108.712737,36.992361],[108.727367,36.984176],[108.740853,36.983164],[108.753438,36.991279],[108.758134,36.990062],[108.756727,36.980097],[108.765478,36.974681],[108.774874,36.985522],[108.782698,36.98396],[108.784623,36.996572],[108.799879,37.00031],[108.800903,37.00511],[108.792661,37.007566],[108.798464,37.024459],[108.813557,37.026794],[108.803005,37.045028],[108.792995,37.041464],[108.786746,37.043791],[108.785927,37.051653],[108.777645,37.053949],[108.77838,37.056905],[108.772333,37.053961],[108.765621,37.070549],[108.759213,37.066483],[108.753048,37.069607],[108.751381,37.074829],[108.742855,37.070678],[108.737699,37.074763],[108.737808,37.08282],[108.744582,37.082459],[108.746172,37.097878],[108.752064,37.10081],[108.746932,37.113423],[108.757794,37.118548],[108.76652,37.110374],[108.77415,37.120713],[108.77831,37.121745],[108.792516,37.108889],[108.796401,37.112931],[108.797575,37.121202],[108.808345,37.129955],[108.811955,37.139338],[108.831721,37.137124],[108.83062,37.143465],[108.843747,37.152253],[108.852467,37.147643],[108.851131,37.15222],[108.865708,37.150064],[108.867937,37.154908],[108.876996,37.150289],[108.87941,37.153793],[108.878363,37.175739],[108.892224,37.180356],[108.896471,37.186195],[108.904129,37.186689],[108.915154,37.196596],[108.924633,37.196697],[108.924458,37.192854],[108.927899,37.192592],[108.926946,37.187277],[108.937135,37.179826],[108.93236,37.174719],[108.937598,37.168083],[108.951548,37.162519],[108.962323,37.163378],[108.962298,37.159095],[108.976762,37.157157],[108.975378,37.143213],[108.971205,37.145156],[108.965073,37.137772],[108.95153,37.14506],[108.945648,37.141331],[108.944021,37.132831],[108.930481,37.136903],[108.928173,37.128742],[108.944984,37.127332],[108.943347,37.119842],[108.950006,37.115299],[108.945572,37.10859],[108.952522,37.098474],[108.944017,37.097426],[108.946313,37.083893],[108.942869,37.067362],[108.946236,37.066537],[108.940848,37.061254],[108.940627,37.051822],[108.929719,37.052778],[108.9266,37.056618],[108.917507,37.058692],[108.915108,37.049261],[108.918226,37.043988],[108.922682,37.045968],[108.930196,37.031002],[108.944915,37.02979],[108.943334,37.022946],[108.94747,37.013323],[108.980561,37.020965],[108.98375,37.012085],[108.989304,37.008754],[108.98053,37.006935],[108.981038,36.999821],[108.985807,36.997329],[108.984659,36.99214],[108.997895,36.990154],[108.999063,36.979624],[109.0192,36.981208],[109.022845,36.9804],[109.025084,36.974338],[109.030983,36.974782],[109.035327,36.956763],[109.038163,36.960062],[109.044443,36.954896],[109.055479,36.962237],[109.059037,36.960934],[109.061754,36.947339],[109.053394,36.943135],[109.050892,36.934599],[109.04345,36.93819],[109.039929,36.931498],[109.042193,36.927895],[109.037954,36.924587],[109.045418,36.919071],[109.046284,36.908763],[109.042443,36.903567],[109.047686,36.902066],[109.044855,36.884125],[109.041523,36.882738],[109.043308,36.877812],[109.039301,36.8746],[109.037559,36.878783],[109.033457,36.878499],[109.033097,36.881658],[109.021088,36.89028],[109.015775,36.89028],[109.011779,36.897418],[109.001166,36.895603],[109.003195,36.885698],[109.008104,36.883706],[109.009344,36.878944],[108.998855,36.878297],[108.994757,36.871141],[108.989048,36.870284],[108.982777,36.857283],[108.985414,36.845094],[108.980186,36.842793],[108.977853,36.835488],[108.980468,36.829759],[108.984981,36.828879],[108.981457,36.815861],[108.989515,36.811864],[108.985919,36.80776],[108.988317,36.789472],[108.979574,36.78803],[108.974004,36.782265],[108.975196,36.779526],[108.969444,36.780077],[108.96785,36.77401],[108.956539,36.773062],[108.956582,36.76845],[108.947289,36.769833],[108.94766,36.759676],[108.942985,36.760089],[108.939409,36.750566],[108.9411,36.747617],[108.948424,36.749129],[108.950033,36.735922],[108.947026,36.725462],[108.952159,36.721947],[108.941531,36.71802],[108.917784,36.721166],[108.911459,36.71807],[108.915354,36.705459],[108.914369,36.697589],[108.922392,36.692835],[108.906294,36.692279],[108.898176,36.680592],[108.900783,36.676085],[108.873607,36.669519],[108.874196,36.655508],[108.882877,36.651479],[108.87894,36.646977],[108.878402,36.639674],[108.886143,36.632782],[108.88626,36.61697],[108.89123,36.623198],[108.893864,36.620028],[108.908493,36.616737],[108.907539,36.606718],[108.915073,36.596794],[108.916813,36.582474],[108.923012,36.583555],[108.921603,36.57729],[108.930262,36.571464],[108.928946,36.563744],[108.933328,36.547716],[108.928018,36.531509],[108.929582,36.51642],[108.908681,36.52348],[108.897869,36.535245],[108.887443,36.539535],[108.859742,36.529317],[108.85566,36.516655],[108.849414,36.512485],[108.852083,36.502909],[108.84392,36.492416],[108.840861,36.473912],[108.828436,36.469579],[108.815531,36.459057],[108.790611,36.415349],[108.778457,36.408903],[108.775379,36.404123],[108.769064,36.404137],[108.763139,36.396319],[108.759667,36.38474],[108.762793,36.378248],[108.762744,36.365865],[108.756892,36.367067],[108.753648,36.359928],[108.749008,36.359821],[108.742736,36.362604],[108.735306,36.371903],[108.731472,36.363758],[108.72222,36.363675],[108.710774,36.358271],[108.69947,36.377586],[108.695048,36.374752],[108.684447,36.37972],[108.680222,36.375976],[108.671425,36.386847],[108.666914,36.381635],[108.660776,36.387774],[108.649932,36.387831],[108.646042,36.384824],[108.633176,36.400547],[108.626766,36.399195],[108.628947,36.407508],[108.625531,36.418078],[108.614316,36.434104],[108.588954,36.431699],[108.578711,36.438266],[108.557956,36.438774],[108.549102,36.448253],[108.528295,36.454733],[108.505835,36.474488],[108.502974,36.462618],[108.509883,36.44562],[108.491958,36.422733],[108.48064,36.429424],[108.47139,36.427462],[108.466594,36.423],[108.455576,36.422995],[108.450469,36.430836],[108.426932,36.435879],[108.413926,36.448431],[108.396765,36.446326],[108.397518,36.453318],[108.402995,36.45945],[108.400656,36.47755],[108.39306,36.480367],[108.394249,36.484753],[108.388582,36.492624],[108.385396,36.506517],[108.378599,36.505671],[108.371689,36.514512],[108.360421,36.519503],[108.362045,36.533583],[108.359484,36.540397],[108.343417,36.556009],[108.301524,36.561109],[108.284276,36.55255],[108.276498,36.562142],[108.26181,36.567276],[108.258747,36.564065],[108.257609,36.549308],[108.254328,36.548808],[108.242991,36.561288],[108.240639,36.570984],[108.211733,36.571291],[108.205674,36.577372],[108.199173,36.601753]]]}},{"type":"Feature","properties":{"id":"cn:610626","name":"吴起县","level":2},"geometry":{"type":"Polygon","coordinates":[[[107.64928,37.057982],[107.651263,37.062677],[107.668366,37.06728],[107.673836,37.06458],[107.678809,37.05624],[107.672635,37.046429],[107.67594,37.050014],[107.679335,37.047249],[107.692447,37.04776],[107.698579,37.062243],[107.70634,37.066365],[107.70951,37.07333],[107.704394,37.076498],[107.711407,37.080154],[107.711524,37.08552],[107.692738,37.091649],[107.696123,37.095895],[107.690367,37.09987],[107.689455,37.107667],[107.697848,37.11394],[107.689871,37.123104],[107.68646,37.123131],[107.681539,37.116587],[107.67228,37.119234],[107.671246,37.125117],[107.677653,37.132259],[107.685381,37.13035],[107.692828,37.137612],[107.696169,37.136721],[107.695895,37.147249],[107.699602,37.142322],[107.714137,37.142434],[107.717974,37.136811],[107.729901,37.136465],[107.739148,37.153234],[107.726109,37.153864],[107.71857,37.164959],[107.724822,37.170193],[107.745377,37.176108],[107.737917,37.182672],[107.740604,37.196961],[107.732554,37.203238],[107.737593,37.206359],[107.74911,37.202294],[107.751117,37.215279],[107.760813,37.229067],[107.77508,37.232243],[107.777598,37.229836],[107.777925,37.239332],[107.789419,37.238938],[107.792382,37.245857],[107.79911,37.241862],[107.817166,37.241144],[107.820541,37.238059],[107.812798,37.22503],[107.812301,37.218511],[107.822263,37.221506],[107.829225,37.213727],[107.846263,37.2166],[107.854306,37.213052],[107.860229,37.194419],[107.854763,37.192458],[107.851315,37.182782],[107.853066,37.178958],[107.860609,37.176776],[107.859883,37.163875],[107.864872,37.162238],[107.866999,37.149339],[107.871878,37.149134],[107.874066,37.14393],[107.877779,37.144119],[107.880423,37.14027],[107.879216,37.134157],[107.869871,37.130702],[107.874192,37.124907],[107.881944,37.122942],[107.878976,37.115724],[107.882635,37.109971],[107.87877,37.104523],[107.883517,37.093766],[107.880123,37.08955],[107.892016,37.078337],[107.891757,37.087474],[107.905494,37.087177],[107.906359,37.097314],[107.925965,37.093948],[107.934169,37.083198],[107.938215,37.081599],[107.938817,37.084413],[107.944617,37.078218],[107.949334,37.082365],[107.953082,37.080411],[107.96263,37.096662],[107.976037,37.094139],[107.979735,37.112868],[107.995518,37.114577],[108.004242,37.110238],[108.006932,37.117818],[108.015915,37.124586],[108.017233,37.122514],[108.029597,37.126768],[108.036189,37.118725],[108.036282,37.121325],[108.04474,37.122877],[108.050407,37.128418],[108.055572,37.124772],[108.064158,37.124621],[108.066974,37.129058],[108.073247,37.121506],[108.098575,37.129157],[108.109508,37.144448],[108.11426,37.189266],[108.121234,37.187861],[108.123875,37.190776],[108.122527,37.197195],[108.114456,37.195419],[108.112048,37.197529],[108.125369,37.206561],[108.132874,37.184768],[108.143395,37.188553],[108.145473,37.181172],[108.157385,37.185249],[108.153613,37.196589],[108.157657,37.199936],[108.172447,37.195184],[108.163906,37.182205],[108.165291,37.164123],[108.184298,37.162787],[108.199172,37.172928],[108.211175,37.16781],[108.218574,37.186384],[108.228647,37.189152],[108.22791,37.198666],[108.222425,37.201141],[108.223548,37.203417],[108.231945,37.205215],[108.234872,37.200243],[108.239651,37.201876],[108.254761,37.21436],[108.255583,37.220178],[108.252232,37.221716],[108.258276,37.227558],[108.249254,37.227006],[108.246512,37.233703],[108.258598,37.238115],[108.264262,37.230758],[108.272977,37.232355],[108.270568,37.239202],[108.274128,37.241044],[108.277375,37.237311],[108.282193,37.255473],[108.279559,37.261819],[108.257635,37.266342],[108.25513,37.274498],[108.243408,37.276449],[108.241312,37.28521],[108.246307,37.297948],[108.233685,37.297919],[108.234603,37.300741],[108.225486,37.308709],[108.220851,37.309199],[108.211302,37.322292],[108.236289,37.339987],[108.259958,37.339383],[108.262246,37.342802],[108.285389,37.347157],[108.300552,37.355094],[108.315979,37.357019],[108.333594,37.370946],[108.339006,37.371431],[108.348365,37.392005],[108.354076,37.394848],[108.357654,37.400128],[108.355954,37.402832],[108.362348,37.405799],[108.365324,37.404682],[108.3542,37.391069],[108.355177,37.384875],[108.36974,37.388237],[108.377382,37.383531],[108.380382,37.386936],[108.403353,37.379426],[108.401452,37.388605],[108.405047,37.39056],[108.401959,37.401506],[108.40477,37.401541],[108.406405,37.407888],[108.414835,37.405531],[108.417016,37.398042],[108.428066,37.385931],[108.428864,37.369587],[108.42381,37.354157],[108.430159,37.343601],[108.427332,37.334571],[108.432582,37.332443],[108.434627,37.314097],[108.438918,37.314808],[108.451248,37.30705],[108.449426,37.297031],[108.461674,37.288393],[108.472697,37.287314],[108.48118,37.277849],[108.48127,37.270566],[108.470144,37.272204],[108.47223,37.267457],[108.469256,37.260084],[108.46027,37.263972],[108.445139,37.256244],[108.454896,37.248579],[108.458525,37.240984],[108.465109,37.242203],[108.47186,37.236848],[108.474848,37.238662],[108.48255,37.23029],[108.49472,37.234989],[108.510716,37.23011],[108.51435,37.22561],[108.507817,37.221276],[108.50441,37.214027],[108.508757,37.207913],[108.507785,37.201871],[108.515434,37.191952],[108.516639,37.179909],[108.520871,37.180512],[108.521781,37.188288],[108.529677,37.188468],[108.538128,37.176392],[108.541382,37.177756],[108.547657,37.163408],[108.541543,37.159132],[108.541684,37.153921],[108.536515,37.149013],[108.539168,37.145694],[108.537135,37.141083],[108.528892,37.133056],[108.533962,37.124415],[108.531494,37.114284],[108.548612,37.087818],[108.54802,37.083736],[108.540752,37.081135],[108.543846,37.065201],[108.536583,37.064146],[108.531425,37.05866],[108.539453,37.049497],[108.539531,37.042388],[108.535309,37.042103],[108.530999,37.036371],[108.516833,37.04016],[108.512471,37.035872],[108.515938,37.025056],[108.513635,37.022351],[108.502304,37.023013],[108.502803,37.031726],[108.483448,37.022602],[108.489114,37.005349],[108.500209,36.999522],[108.496595,36.997183],[108.496101,36.990125],[108.499989,36.986883],[108.484051,36.968563],[108.485492,36.962653],[108.482206,36.959899],[108.485119,36.957596],[108.492372,36.960066],[108.491483,36.962354],[108.50148,36.97076],[108.504438,36.977884],[108.505435,36.974214],[108.514004,36.970232],[108.510083,36.958136],[108.513439,36.942303],[108.500683,36.943388],[108.49887,36.936758],[108.487971,36.936547],[108.483313,36.946221],[108.479631,36.944688],[108.473683,36.96127],[108.464417,36.963645],[108.457439,36.961859],[108.447023,36.966013],[108.450948,36.957941],[108.44698,36.946389],[108.436003,36.948966],[108.429609,36.94056],[108.431768,36.928573],[108.427073,36.925989],[108.425272,36.928123],[108.414626,36.917871],[108.411501,36.920655],[108.408092,36.912398],[108.403578,36.912874],[108.404834,36.90786],[108.400662,36.905261],[108.399571,36.896148],[108.392344,36.895021],[108.391361,36.891537],[108.387205,36.895463],[108.390211,36.901638],[108.386179,36.912752],[108.385617,36.904128],[108.380536,36.901909],[108.38008,36.89098],[108.372721,36.890707],[108.370603,36.886102],[108.366503,36.890433],[108.354491,36.884425],[108.355245,36.894116],[108.348886,36.901442],[108.346524,36.894932],[108.33914,36.897815],[108.335866,36.895761],[108.336239,36.890491],[108.328379,36.8847],[108.331199,36.879481],[108.323245,36.876928],[108.309194,36.879156],[108.311675,36.887345],[108.299723,36.886785],[108.294572,36.891015],[108.290555,36.887906],[108.29305,36.872471],[108.287168,36.880439],[108.285599,36.872107],[108.279271,36.874755],[108.282193,36.86912],[108.2804,36.857316],[108.285973,36.848498],[108.28581,36.842358],[108.291277,36.839027],[108.283668,36.833611],[108.286233,36.819242],[108.296342,36.810762],[108.296684,36.799284],[108.302437,36.800661],[108.302515,36.796793],[108.306493,36.797059],[108.313509,36.789412],[108.303776,36.781401],[108.302081,36.774822],[108.304799,36.770787],[108.305011,36.749536],[108.30029,36.749681],[108.299487,36.746168],[108.292932,36.744003],[108.289167,36.746107],[108.286449,36.742972],[108.287942,36.736566],[108.283694,36.728387],[108.286375,36.71878],[108.280624,36.718604],[108.277416,36.722291],[108.272876,36.719789],[108.278941,36.700379],[108.275207,36.700012],[108.275604,36.689314],[108.27254,36.686321],[108.269973,36.691988],[108.262383,36.69506],[108.262758,36.687044],[108.256786,36.683272],[108.261692,36.661249],[108.267676,36.653756],[108.266118,36.650604],[108.261482,36.651102],[108.256566,36.660978],[108.25545,36.65703],[108.240937,36.653362],[108.236354,36.648445],[108.225441,36.659539],[108.224134,36.64422],[108.22849,36.640482],[108.230245,36.647319],[108.232685,36.646651],[108.241189,36.632826],[108.234272,36.629285],[108.234938,36.620341],[108.229088,36.620731],[108.227606,36.629696],[108.223077,36.628466],[108.219627,36.632569],[108.206481,36.635055],[108.192904,36.629811],[108.170405,36.577151],[108.160856,36.565172],[108.147244,36.560984],[108.136394,36.562424],[108.132758,36.577971],[108.110517,36.586383],[108.087766,36.587134],[108.089549,36.605375],[108.081546,36.608332],[108.077292,36.615141],[108.072458,36.601952],[108.063993,36.606536],[108.055965,36.592167],[108.050677,36.596622],[108.041143,36.596076],[108.03755,36.606363],[108.027009,36.606325],[108.024397,36.618899],[108.015487,36.621622],[108.011203,36.616561],[108.003201,36.616062],[108.000477,36.625233],[108.007762,36.626923],[108.008803,36.629881],[108.004361,36.6357],[107.997861,36.6363],[107.99747,36.645081],[108.000721,36.647536],[108.010296,36.643968],[108.017392,36.647087],[108.015676,36.658361],[108.020633,36.660813],[108.018877,36.669058],[108.009873,36.673166],[108.007459,36.681291],[107.999845,36.683047],[107.995653,36.678145],[107.981375,36.67522],[107.982398,36.668354],[107.979558,36.666922],[107.983187,36.661341],[107.98053,36.651893],[107.972136,36.658626],[107.970155,36.666303],[107.961309,36.660475],[107.957521,36.664984],[107.952535,36.660666],[107.949626,36.664049],[107.941698,36.654273],[107.939125,36.659669],[107.934125,36.65572],[107.936204,36.694921],[107.928127,36.711051],[107.920161,36.711611],[107.918872,36.717245],[107.909397,36.721198],[107.909248,36.730702],[107.900788,36.740663],[107.901944,36.752418],[107.893653,36.747281],[107.888831,36.750299],[107.877125,36.747191],[107.872779,36.755923],[107.8621,36.755635],[107.859688,36.761446],[107.862394,36.762218],[107.861475,36.767127],[107.851341,36.770832],[107.845885,36.769276],[107.840769,36.772082],[107.836908,36.780242],[107.832274,36.780216],[107.825774,36.786016],[107.821802,36.785394],[107.815459,36.77672],[107.808027,36.779815],[107.800293,36.778361],[107.788731,36.787533],[107.784975,36.785078],[107.773727,36.788808],[107.77025,36.797958],[107.765714,36.79801],[107.762301,36.792937],[107.748214,36.806297],[107.741589,36.805493],[107.73855,36.811526],[107.725222,36.813052],[107.725072,36.806327],[107.719948,36.80632],[107.716278,36.802077],[107.710862,36.806367],[107.704683,36.80536],[107.687532,36.821765],[107.667228,36.832818],[107.686927,36.850052],[107.716956,36.857951],[107.725117,36.868499],[107.716447,36.874699],[107.722495,36.891601],[107.716267,36.904905],[107.720853,36.90696],[107.720759,36.919696],[107.706603,36.926487],[107.708443,36.93997],[107.702327,36.9475],[107.69456,36.950665],[107.695658,36.956519],[107.702279,36.963329],[107.687598,36.969122],[107.687411,36.97645],[107.694806,36.988651],[107.700491,36.975544],[107.705449,36.974875],[107.70527,36.982262],[107.715204,36.983644],[107.712803,36.98777],[107.718902,36.993896],[107.719567,36.985285],[107.723498,36.985729],[107.724557,36.981294],[107.727923,36.983975],[107.732374,36.981197],[107.732119,36.984324],[107.738902,36.987835],[107.744198,36.98609],[107.74337,36.9969],[107.748135,37.000254],[107.744436,37.004765],[107.738274,37.005089],[107.73255,37.008209],[107.732847,37.011114],[107.727037,37.011875],[107.725965,37.017412],[107.719649,37.015372],[107.719559,37.003918],[107.709884,37.001639],[107.706734,37.007367],[107.710235,37.015936],[107.697605,37.017685],[107.694164,37.009415],[107.696835,36.997055],[107.689701,36.996501],[107.680947,37.023571],[107.669794,37.02919],[107.670301,37.041617],[107.664013,37.042716],[107.664372,37.048514],[107.656971,37.050423],[107.64928,37.057982]]]}},{"type":"Feature","properties":{"id":"cn:610627","name":"甘泉县","level":2},"geometry":{"type":"Polygon","coordinates":[[[108.759667,36.38474],[108.766692,36.402042],[108.775379,36.404123],[108.778457,36.408903],[108.790611,36.415349],[108.815531,36.459057],[108.828436,36.469579],[108.840861,36.473912],[108.84392,36.492416],[108.852083,36.502909],[108.849414,36.512485],[108.854948,36.515538],[108.861553,36.530783],[108.884762,36.53642],[108.887443,36.539535],[108.897869,36.535245],[108.908681,36.52348],[108.929582,36.51642],[108.928018,36.531509],[108.933328,36.547716],[108.928946,36.563744],[108.930262,36.571464],[108.921603,36.57729],[108.923012,36.583555],[108.916813,36.582474],[108.915073,36.596794],[108.907539,36.606718],[108.908493,36.616737],[108.893864,36.620028],[108.89123,36.623198],[108.906832,36.627256],[108.936185,36.61855],[108.94183,36.623275],[108.952102,36.613288],[108.953958,36.615765],[108.959462,36.614922],[108.974983,36.60862],[108.985008,36.612144],[108.995382,36.60459],[109.001372,36.606606],[109.003875,36.601087],[109.010219,36.598275],[109.017206,36.600404],[109.024045,36.592055],[109.028906,36.593001],[109.028981,36.585473],[109.035581,36.580654],[109.040053,36.58683],[109.045172,36.583506],[109.049184,36.586138],[109.054685,36.582184],[109.05891,36.584509],[109.063772,36.581092],[109.067907,36.582813],[109.074509,36.563867],[109.080518,36.564449],[109.087224,36.555748],[109.092974,36.556506],[109.101178,36.55179],[109.104295,36.544437],[109.102972,36.53707],[109.108942,36.531601],[109.114384,36.532141],[109.115262,36.524499],[109.125443,36.525054],[109.137987,36.521124],[109.142495,36.524039],[109.146845,36.520618],[109.153766,36.52768],[109.164602,36.527273],[109.166767,36.517579],[109.182115,36.513413],[109.185433,36.516836],[109.191806,36.515601],[109.202614,36.520105],[109.209424,36.530013],[109.215838,36.528788],[109.223423,36.521956],[109.230008,36.525327],[109.230827,36.5214],[109.238991,36.520235],[109.246516,36.51033],[109.255158,36.506284],[109.264331,36.496741],[109.262942,36.486305],[109.272178,36.478734],[109.271087,36.472266],[109.279241,36.465777],[109.285634,36.468167],[109.290802,36.463324],[109.292525,36.45636],[109.307195,36.456907],[109.309991,36.46064],[109.318107,36.458674],[109.320448,36.450441],[109.329783,36.446626],[109.344468,36.446029],[109.358908,36.437046],[109.361994,36.438738],[109.365321,36.432504],[109.372108,36.430565],[109.375331,36.423441],[109.379965,36.429404],[109.379053,36.437601],[109.382498,36.443069],[109.391612,36.434281],[109.399047,36.437524],[109.40155,36.433384],[109.408421,36.43438],[109.411485,36.426495],[109.415606,36.428312],[109.426049,36.424732],[109.430788,36.418681],[109.436752,36.418114],[109.444157,36.408629],[109.450183,36.414057],[109.455296,36.410614],[109.45851,36.413285],[109.464537,36.409209],[109.466909,36.410803],[109.471504,36.40353],[109.481092,36.403884],[109.485449,36.394349],[109.49905,36.387649],[109.504429,36.378265],[109.507926,36.377219],[109.518747,36.385938],[109.527316,36.376425],[109.524528,36.366135],[109.527624,36.353555],[109.526026,36.346053],[109.539042,36.328024],[109.546757,36.325657],[109.54611,36.317336],[109.550534,36.315645],[109.552733,36.309339],[109.551875,36.29754],[109.560616,36.286447],[109.55793,36.272175],[109.561688,36.257476],[109.557375,36.254406],[109.556095,36.246662],[109.559343,36.232883],[109.552218,36.228183],[109.54562,36.232963],[109.542286,36.227506],[109.537662,36.228943],[109.536063,36.223303],[109.530233,36.223758],[109.524784,36.208211],[109.514624,36.208989],[109.511663,36.201831],[109.505071,36.201502],[109.498714,36.191469],[109.485668,36.18126],[109.475358,36.184628],[109.463782,36.173619],[109.443802,36.167335],[109.447424,36.154301],[109.434593,36.143828],[109.419434,36.144814],[109.405687,36.13871],[109.400366,36.141235],[109.398209,36.133445],[109.381215,36.12007],[109.352913,36.116641],[109.310352,36.122661],[109.282905,36.119574],[109.272785,36.128483],[109.269519,36.135504],[109.259897,36.134487],[109.259032,36.138593],[109.250456,36.141308],[109.249673,36.1453],[109.240657,36.14515],[109.237209,36.142026],[109.232507,36.147091],[109.228595,36.146882],[109.223164,36.142689],[109.212445,36.151054],[109.208481,36.14637],[109.182107,36.135733],[109.178877,36.12805],[109.165488,36.127661],[109.161806,36.120301],[109.14344,36.135732],[109.111387,36.142435],[109.09792,36.152148],[109.096227,36.160085],[109.078571,36.159028],[109.071331,36.154246],[109.069751,36.157109],[109.059435,36.158473],[109.050173,36.171129],[109.050942,36.179611],[109.041294,36.182566],[109.041542,36.190517],[109.036771,36.191631],[109.035448,36.197477],[109.025322,36.196764],[109.018416,36.207705],[109.006848,36.208176],[108.998983,36.215995],[109.000958,36.223669],[109.006689,36.227697],[109.004187,36.235799],[108.995667,36.240283],[108.992134,36.255564],[108.98447,36.25519],[108.978748,36.26246],[108.978741,36.265792],[108.991144,36.278704],[108.97324,36.284782],[108.972176,36.290707],[108.951213,36.307855],[108.940846,36.311781],[108.930888,36.308307],[108.921132,36.312397],[108.916398,36.310672],[108.901712,36.318365],[108.895441,36.317651],[108.888177,36.329855],[108.881978,36.329257],[108.87729,36.333192],[108.868701,36.328494],[108.865488,36.330029],[108.863206,36.325793],[108.85306,36.32961],[108.853124,36.335462],[108.846073,36.332066],[108.832372,36.344777],[108.820287,36.338017],[108.813147,36.342132],[108.811752,36.346507],[108.807441,36.34676],[108.800017,36.341152],[108.786789,36.356082],[108.778817,36.354696],[108.768499,36.36852],[108.762744,36.365865],[108.762793,36.378248],[108.759667,36.38474]]]}},{"type":"Feature","properties":{"id":"cn:610628","name":"富县","level":2},"geometry":{"type":"Polygon","coordinates":[[[108.493536,35.876268],[108.496245,35.885181],[108.513927,35.90568],[108.558415,35.921581],[108.564708,35.939962],[108.576149,35.948146],[108.595481,35.950875],[108.629152,35.945037],[108.647582,35.948542],[108.652729,35.958104],[108.654969,35.991156],[108.683866,36.021311],[108.677816,36.05525],[108.679084,36.069437],[108.686114,36.088957],[108.70266,36.109927],[108.692869,36.117493],[108.707514,36.138874],[108.698024,36.160934],[108.650325,36.2322],[108.641411,36.254374],[108.650391,36.27422],[108.637507,36.311396],[108.639432,36.33218],[108.636965,36.359349],[108.649932,36.387831],[108.660776,36.387774],[108.666626,36.381642],[108.672216,36.386644],[108.680222,36.375976],[108.684447,36.37972],[108.695048,36.374752],[108.69947,36.377586],[108.71036,36.358345],[108.72222,36.363675],[108.731472,36.363758],[108.735306,36.371903],[108.742736,36.362604],[108.749008,36.359821],[108.753648,36.359928],[108.756892,36.367067],[108.762744,36.365865],[108.767951,36.368739],[108.778817,36.354696],[108.786789,36.356082],[108.800017,36.341152],[108.807441,36.34676],[108.811752,36.346507],[108.813147,36.342132],[108.820287,36.338017],[108.832372,36.344777],[108.846073,36.332066],[108.853124,36.335462],[108.85306,36.32961],[108.863206,36.325793],[108.865488,36.330029],[108.868701,36.328494],[108.87729,36.333192],[108.881978,36.329257],[108.888177,36.329855],[108.895441,36.317651],[108.901712,36.318365],[108.916398,36.310672],[108.921132,36.312397],[108.930888,36.308307],[108.940846,36.311781],[108.951213,36.307855],[108.972176,36.290707],[108.97324,36.284782],[108.991144,36.278704],[108.978741,36.265792],[108.978748,36.26246],[108.98447,36.25519],[108.992134,36.255564],[108.995667,36.240283],[109.004187,36.235799],[109.006689,36.227697],[109.000958,36.223669],[108.998983,36.215995],[109.006848,36.208176],[109.018416,36.207705],[109.025322,36.196764],[109.035448,36.197477],[109.036771,36.191631],[109.041542,36.190517],[109.041294,36.182566],[109.050942,36.179611],[109.050173,36.171129],[109.059435,36.158473],[109.069751,36.157109],[109.071331,36.154246],[109.078571,36.159028],[109.096227,36.160085],[109.09792,36.152148],[109.111387,36.142435],[109.14344,36.135732],[109.161806,36.120301],[109.165488,36.127661],[109.178877,36.12805],[109.182107,36.135733],[109.208481,36.14637],[109.212445,36.151054],[109.223164,36.142689],[109.228595,36.146882],[109.232507,36.147091],[109.237209,36.142026],[109.240657,36.14515],[109.249673,36.1453],[109.250456,36.141308],[109.259032,36.138593],[109.259897,36.134487],[109.269519,36.135504],[109.272785,36.128483],[109.282905,36.119574],[109.310352,36.122661],[109.352913,36.116641],[109.381215,36.12007],[109.398209,36.133445],[109.400366,36.141235],[109.405687,36.13871],[109.419434,36.144814],[109.432991,36.142956],[109.435338,36.14694],[109.437937,36.146058],[109.447598,36.154976],[109.443256,36.166934],[109.463782,36.173619],[109.475358,36.184628],[109.485668,36.18126],[109.498714,36.191469],[109.505071,36.201502],[109.511663,36.201831],[109.514624,36.208989],[109.524784,36.208211],[109.530118,36.223657],[109.536063,36.223303],[109.537662,36.228943],[109.542286,36.227506],[109.54562,36.232963],[109.552218,36.228183],[109.557802,36.23257],[109.562381,36.231917],[109.568495,36.226574],[109.57476,36.20964],[109.586875,36.206138],[109.591551,36.208353],[109.599153,36.200897],[109.611521,36.195519],[109.620372,36.185425],[109.639276,36.191006],[109.641816,36.187693],[109.654354,36.187037],[109.666661,36.198923],[109.671114,36.195955],[109.675927,36.19836],[109.686521,36.188594],[109.692454,36.188401],[109.69879,36.183274],[109.715551,36.158629],[109.708993,36.139595],[109.70441,36.138692],[109.697811,36.129252],[109.699831,36.106925],[109.69485,36.099571],[109.696513,36.09112],[109.693953,36.078787],[109.70085,36.068631],[109.694454,36.069275],[109.688302,36.062028],[109.687754,36.054939],[109.684121,36.055543],[109.67951,36.048729],[109.667164,36.051907],[109.660914,36.059678],[109.654864,36.061657],[109.648436,36.056741],[109.639207,36.056888],[109.636643,36.053229],[109.625472,36.053248],[109.621766,36.045704],[109.610076,36.047728],[109.613668,36.05445],[109.600129,36.050304],[109.592806,36.054867],[109.589952,36.047083],[109.584573,36.0513],[109.565405,36.040807],[109.549292,36.048386],[109.538497,36.060302],[109.536101,36.060825],[109.531936,36.053908],[109.525781,36.053699],[109.526842,36.04245],[109.513733,36.036991],[109.534008,36.025277],[109.532518,36.020707],[109.523088,36.016247],[109.512617,35.993127],[109.502396,35.982899],[109.496391,35.963636],[109.489228,35.957028],[109.492613,35.939299],[109.486307,35.932566],[109.482921,35.935964],[109.483357,35.930323],[109.479606,35.92997],[109.471893,35.91904],[109.466582,35.920513],[109.46904,35.91722],[109.466752,35.913244],[109.464439,35.91448],[109.464965,35.91132],[109.46008,35.910578],[109.456545,35.914087],[109.457849,35.909005],[109.453447,35.911172],[109.453831,35.906042],[109.444722,35.90938],[109.44479,35.904465],[109.452133,35.897567],[109.456822,35.898136],[109.451471,35.889935],[109.447682,35.888696],[109.441936,35.8945],[109.442954,35.88804],[109.439216,35.887035],[109.436835,35.894434],[109.435705,35.886589],[109.433887,35.894263],[109.431514,35.8918],[109.433442,35.886779],[109.429867,35.885756],[109.429847,35.888665],[109.428205,35.882308],[109.422516,35.881308],[109.422266,35.876503],[109.435933,35.875012],[109.436532,35.857054],[109.429284,35.862731],[109.425947,35.857822],[109.423939,35.86258],[109.422115,35.859298],[109.418511,35.863665],[109.409841,35.860393],[109.409656,35.857345],[109.406102,35.858392],[109.405892,35.854466],[109.402793,35.854009],[109.39897,35.867696],[109.390235,35.869955],[109.37987,35.854927],[109.379135,35.8578],[109.373505,35.856992],[109.372708,35.862178],[109.371941,35.859897],[109.369343,35.862577],[109.371183,35.854147],[109.375166,35.85432],[109.370693,35.851404],[109.373875,35.845679],[109.370906,35.847033],[109.371975,35.84324],[109.367774,35.843182],[109.374867,35.838119],[109.372119,35.836798],[109.381754,35.831712],[109.376539,35.828308],[109.366538,35.828252],[109.369344,35.837032],[109.367158,35.838441],[109.355982,35.832541],[109.353287,35.835112],[109.343768,35.834632],[109.344738,35.832124],[109.338578,35.827969],[109.341576,35.825801],[109.335987,35.825933],[109.334839,35.821802],[109.33408,35.824918],[109.327878,35.819429],[109.332539,35.81561],[109.331768,35.808479],[109.327542,35.811174],[109.332011,35.807298],[109.332701,35.801062],[109.331821,35.790376],[109.32605,35.787515],[109.326175,35.783393],[109.304272,35.77584],[109.303585,35.781005],[109.298139,35.778693],[109.296412,35.780876],[109.293444,35.774236],[109.283342,35.781101],[109.280137,35.764814],[109.27703,35.763975],[109.271483,35.768964],[109.269368,35.766997],[109.280059,35.747574],[109.273612,35.734392],[109.245897,35.735232],[109.233115,35.744278],[109.22328,35.744607],[109.21778,35.740179],[109.206524,35.74573],[109.19292,35.74554],[109.183881,35.750695],[109.17571,35.750531],[109.175269,35.75833],[109.172205,35.761098],[109.17704,35.766126],[109.174303,35.77233],[109.164725,35.767096],[109.161464,35.755914],[109.144727,35.755347],[109.145332,35.75996],[109.157703,35.772911],[109.137426,35.775592],[109.128451,35.77065],[109.127959,35.757125],[109.121089,35.754592],[109.123711,35.741649],[109.115714,35.744607],[109.108519,35.733937],[109.100336,35.74264],[109.063862,35.762914],[109.039862,35.757504],[109.039714,35.773414],[109.033581,35.775597],[109.029392,35.785011],[109.00664,35.780797],[109.004739,35.787672],[108.998131,35.791797],[108.991726,35.791341],[108.986638,35.800403],[108.981225,35.799034],[108.954855,35.812249],[108.948723,35.80956],[108.941677,35.821138],[108.932859,35.823311],[108.930922,35.820417],[108.91661,35.819608],[108.915089,35.816778],[108.9121,35.821013],[108.898225,35.818037],[108.894005,35.820394],[108.888038,35.811508],[108.882375,35.809424],[108.877665,35.81148],[108.87532,35.80609],[108.856665,35.805485],[108.854772,35.802187],[108.846913,35.801054],[108.846233,35.797918],[108.830138,35.796835],[108.827164,35.794105],[108.827594,35.782404],[108.818728,35.779074],[108.815086,35.772679],[108.803319,35.767343],[108.798684,35.77066],[108.791855,35.765229],[108.785359,35.768539],[108.780673,35.767047],[108.779147,35.769775],[108.771911,35.76837],[108.759823,35.755789],[108.750239,35.759659],[108.746888,35.757089],[108.734989,35.76331],[108.728829,35.759668],[108.714475,35.768641],[108.706207,35.758006],[108.701689,35.759091],[108.693333,35.752579],[108.686329,35.753494],[108.683798,35.758955],[108.676001,35.762024],[108.66856,35.759769],[108.668789,35.75153],[108.665047,35.748374],[108.653914,35.754473],[108.647484,35.748775],[108.642612,35.750792],[108.635687,35.744069],[108.637298,35.738775],[108.629231,35.734031],[108.623439,35.740734],[108.616477,35.738511],[108.605645,35.751278],[108.600316,35.751537],[108.595939,35.756725],[108.58818,35.748023],[108.582275,35.746215],[108.562801,35.75889],[108.541394,35.747788],[108.529218,35.746527],[108.518575,35.759623],[108.515103,35.769699],[108.520131,35.775112],[108.521479,35.786841],[108.523145,35.82446],[108.519777,35.839914],[108.493536,35.876268]]]}},{"type":"Feature","properties":{"id":"cn:610629","name":"洛川县","level":2},"geometry":{"type":"Polygon","coordinates":[[[109.304716,35.774104],[109.326175,35.783393],[109.32605,35.787515],[109.331821,35.790376],[109.33214,35.807013],[109.327542,35.811174],[109.331768,35.808479],[109.332539,35.81561],[109.327878,35.819429],[109.33408,35.824918],[109.334839,35.821802],[109.335987,35.825933],[109.341576,35.825801],[109.338578,35.827969],[109.344738,35.832124],[109.343768,35.834632],[109.353287,35.835112],[109.355982,35.832541],[109.367158,35.838441],[109.369344,35.837032],[109.366538,35.828252],[109.376539,35.828308],[109.381754,35.831712],[109.372119,35.836798],[109.374867,35.838119],[109.367774,35.843182],[109.371975,35.84324],[109.370906,35.847033],[109.373875,35.845679],[109.370693,35.851404],[109.375166,35.85432],[109.371183,35.854147],[109.369343,35.862577],[109.371941,35.859897],[109.372708,35.862178],[109.373505,35.856992],[109.379135,35.8578],[109.37987,35.854927],[109.390235,35.869955],[109.39897,35.867696],[109.402793,35.854009],[109.405892,35.854466],[109.406102,35.858392],[109.409656,35.857345],[109.409841,35.860393],[109.418511,35.863665],[109.422115,35.859298],[109.423939,35.86258],[109.425947,35.857822],[109.429284,35.862731],[109.436532,35.857054],[109.435933,35.875012],[109.422266,35.876503],[109.422516,35.881308],[109.428205,35.882308],[109.429847,35.888665],[109.429867,35.885756],[109.433442,35.886779],[109.431514,35.8918],[109.433887,35.894263],[109.435705,35.886589],[109.436835,35.894434],[109.439216,35.887035],[109.442954,35.88804],[109.441936,35.8945],[109.447682,35.888696],[109.451471,35.889935],[109.456822,35.898136],[109.452133,35.897567],[109.44479,35.904465],[109.444722,35.90938],[109.453831,35.906042],[109.453447,35.911172],[109.457849,35.909005],[109.456545,35.914087],[109.46008,35.910578],[109.464965,35.91132],[109.464439,35.91448],[109.466752,35.913244],[109.46904,35.91722],[109.466582,35.920513],[109.471893,35.91904],[109.479606,35.92997],[109.483357,35.930323],[109.482921,35.935964],[109.486307,35.932566],[109.492613,35.939299],[109.489228,35.957028],[109.496391,35.963636],[109.502396,35.982899],[109.512617,35.993127],[109.523088,36.016247],[109.532518,36.020707],[109.534008,36.025277],[109.513805,36.037643],[109.526842,36.04245],[109.525354,36.05321],[109.532424,36.054246],[109.536101,36.060825],[109.549292,36.048386],[109.565405,36.040807],[109.584573,36.0513],[109.589952,36.047083],[109.592806,36.054867],[109.600129,36.050304],[109.613668,36.05445],[109.610076,36.047728],[109.621766,36.045704],[109.625472,36.053248],[109.636643,36.053229],[109.639207,36.056888],[109.648436,36.056741],[109.654864,36.061657],[109.660914,36.059678],[109.667164,36.051907],[109.67951,36.048729],[109.684121,36.055543],[109.687754,36.054939],[109.688302,36.062028],[109.696401,36.06956],[109.701671,36.06477],[109.702864,36.057869],[109.710548,36.051718],[109.723662,36.045727],[109.725683,36.040319],[109.735928,36.038689],[109.73779,36.031958],[109.743618,36.030887],[109.745412,36.02638],[109.750595,36.027612],[109.759342,36.014585],[109.761107,36.004071],[109.756335,35.985911],[109.745909,35.983156],[109.747635,35.979882],[109.744436,35.975755],[109.7507,35.966999],[109.747637,35.946513],[109.75115,35.93897],[109.75977,35.937174],[109.76385,35.925133],[109.757938,35.921783],[109.75382,35.914105],[109.741189,35.914972],[109.730547,35.910983],[109.727387,35.913106],[109.713393,35.902806],[109.708431,35.904935],[109.69849,35.89173],[109.690801,35.89099],[109.685815,35.886612],[109.679503,35.876913],[109.679951,35.869649],[109.676578,35.867555],[109.679724,35.859589],[109.674104,35.856474],[109.666426,35.845227],[109.664691,35.825507],[109.647676,35.794843],[109.651738,35.792029],[109.657456,35.775218],[109.664029,35.776306],[109.666871,35.773093],[109.670144,35.775569],[109.6785,35.771037],[109.675506,35.761189],[109.703526,35.763428],[109.719923,35.772079],[109.722267,35.763756],[109.728321,35.763695],[109.702983,35.75759],[109.688682,35.761385],[109.684222,35.757907],[109.710086,35.729242],[109.728574,35.719573],[109.72593,35.712312],[109.728445,35.703849],[109.723762,35.698842],[109.720094,35.711435],[109.715268,35.714803],[109.698157,35.704504],[109.695296,35.689126],[109.684769,35.686135],[109.679123,35.680275],[109.692882,35.674677],[109.695149,35.666614],[109.680658,35.663898],[109.687137,35.653127],[109.671133,35.652368],[109.676946,35.643733],[109.675688,35.638408],[109.670416,35.627264],[109.661899,35.623786],[109.673435,35.620222],[109.674457,35.614811],[109.683197,35.607894],[109.679245,35.598654],[109.680009,35.589989],[109.686806,35.57959],[109.687319,35.551639],[109.698032,35.548062],[109.69693,35.540324],[109.703563,35.530346],[109.69609,35.52929],[109.687491,35.51771],[109.689861,35.508177],[109.684813,35.500881],[109.689233,35.495039],[109.684611,35.491957],[109.678289,35.473967],[109.665468,35.458759],[109.657827,35.461093],[109.656642,35.457608],[109.658851,35.450368],[109.668865,35.45076],[109.677071,35.439006],[109.708007,35.427612],[109.715502,35.41768],[109.715478,35.412436],[109.704052,35.41044],[109.69162,35.415649],[109.689701,35.411785],[109.68504,35.417987],[109.676703,35.414946],[109.678529,35.420873],[109.673271,35.419614],[109.672395,35.42413],[109.659359,35.427033],[109.658025,35.421837],[109.649717,35.422644],[109.648209,35.420324],[109.646157,35.425881],[109.642358,35.426623],[109.641925,35.436115],[109.637732,35.443389],[109.622976,35.440906],[109.614682,35.446804],[109.600646,35.447827],[109.594868,35.442598],[109.596405,35.445363],[109.592321,35.447725],[109.578901,35.441007],[109.575202,35.444898],[109.5696,35.443582],[109.566404,35.450761],[109.558051,35.442542],[109.538838,35.443543],[109.522246,35.430567],[109.520813,35.424061],[109.515356,35.425387],[109.513268,35.417538],[109.507291,35.413325],[109.509542,35.409994],[109.506818,35.406809],[109.510051,35.402095],[109.50556,35.397739],[109.508734,35.393993],[109.503745,35.386114],[109.506085,35.383431],[109.495402,35.378549],[109.497919,35.370072],[109.492602,35.360221],[109.493746,35.352696],[109.479246,35.362713],[109.477254,35.367312],[109.487652,35.372566],[109.479524,35.377841],[109.48686,35.38088],[109.485599,35.387078],[109.491037,35.393627],[109.472649,35.40233],[109.472054,35.405227],[109.479045,35.412011],[109.464216,35.417174],[109.461873,35.420784],[109.464873,35.425074],[109.46854,35.424611],[109.466717,35.429529],[109.473835,35.435954],[109.470323,35.438121],[109.470383,35.445551],[109.461782,35.444047],[109.471035,35.454744],[109.455839,35.453693],[109.451664,35.456408],[109.473282,35.468609],[109.474738,35.473616],[109.452055,35.477467],[109.465295,35.485237],[109.463699,35.488933],[109.454725,35.486659],[109.450439,35.490127],[109.464697,35.498001],[109.461263,35.506482],[109.457085,35.508343],[109.455994,35.500085],[109.452413,35.499393],[109.445433,35.505145],[109.445783,35.511544],[109.432888,35.515795],[109.434252,35.51795],[109.448289,35.517219],[109.438991,35.526259],[109.451846,35.528701],[109.454203,35.533057],[109.451346,35.534852],[109.440435,35.530857],[109.436031,35.53298],[109.437409,35.536814],[109.447879,35.537622],[109.438444,35.543421],[109.434662,35.556062],[109.420593,35.551947],[109.422372,35.559336],[109.418587,35.561082],[109.411276,35.559194],[109.40781,35.551855],[109.401601,35.552912],[109.403654,35.5631],[109.401687,35.573924],[109.390222,35.572979],[109.384178,35.584834],[109.375383,35.58189],[109.372364,35.589497],[109.366992,35.593103],[109.36668,35.597667],[109.372327,35.602748],[109.381056,35.602573],[109.382887,35.606371],[109.373349,35.608882],[109.364939,35.617163],[109.361189,35.616714],[109.361466,35.611613],[109.357936,35.608119],[109.350845,35.607961],[109.346416,35.611518],[109.355149,35.619233],[109.355546,35.624616],[109.360857,35.623605],[109.365822,35.630586],[109.370061,35.629011],[109.367281,35.634729],[109.362257,35.635898],[109.360929,35.641253],[109.347509,35.642028],[109.341172,35.649015],[109.351051,35.654125],[109.350268,35.667497],[109.338938,35.686868],[109.341525,35.700765],[109.345676,35.701966],[109.342921,35.708719],[109.348184,35.719976],[109.344892,35.723264],[109.346508,35.729631],[109.338993,35.735708],[109.338428,35.742014],[109.331767,35.74322],[109.329431,35.753368],[109.322865,35.755186],[109.321399,35.759242],[109.315811,35.761373],[109.315842,35.767549],[109.309205,35.77131],[109.306606,35.769908],[109.304716,35.774104]]]}},{"type":"Feature","properties":{"id":"cn:610630","name":"宜川县","level":2},"geometry":{"type":"Polygon","coordinates":[[[109.693997,36.078454],[109.69485,36.099571],[109.699831,36.106925],[109.698324,36.13153],[109.704861,36.13904],[109.708993,36.139595],[109.71571,36.156242],[109.702144,36.17802],[109.705559,36.183821],[109.712362,36.181883],[109.721338,36.194849],[109.725611,36.195118],[109.73747,36.189097],[109.743371,36.191946],[109.7511,36.190051],[109.755256,36.183479],[109.769315,36.176853],[109.7818,36.176447],[109.78772,36.181876],[109.795317,36.17867],[109.798784,36.193834],[109.803987,36.192349],[109.806901,36.196145],[109.813484,36.194641],[109.824141,36.197763],[109.824801,36.205558],[109.836094,36.205156],[109.842614,36.212638],[109.848555,36.206046],[109.867387,36.216854],[109.88778,36.21664],[109.899465,36.226015],[109.906615,36.227129],[109.911586,36.236003],[109.916702,36.235205],[109.922911,36.246856],[109.931992,36.243473],[109.939377,36.244971],[109.95054,36.237913],[109.958414,36.242902],[109.97108,36.228222],[109.982696,36.229419],[109.985881,36.223115],[109.989203,36.223654],[109.995322,36.23478],[110.000278,36.231055],[110.004018,36.233315],[110.012066,36.230824],[110.015586,36.236692],[110.013909,36.240786],[110.018984,36.240123],[110.018632,36.247773],[110.028168,36.256481],[110.036489,36.259875],[110.044696,36.254598],[110.048157,36.256486],[110.049095,36.264193],[110.063435,36.277149],[110.065959,36.278494],[110.068362,36.271344],[110.074271,36.273817],[110.073242,36.28795],[110.08743,36.298097],[110.083987,36.302451],[110.083672,36.310387],[110.080206,36.312541],[110.080622,36.327816],[110.084432,36.326706],[110.086718,36.318059],[110.091266,36.321105],[110.086803,36.329059],[110.085876,36.358095],[110.103855,36.366295],[110.107489,36.375442],[110.103391,36.376603],[110.110449,36.383558],[110.106452,36.383367],[110.105248,36.387956],[110.101871,36.388164],[110.107071,36.397948],[110.120866,36.398351],[110.122947,36.394678],[110.133659,36.402201],[110.143359,36.385867],[110.143256,36.376547],[110.147035,36.368408],[110.158547,36.359259],[110.164231,36.348746],[110.181224,36.348428],[110.194433,36.337601],[110.200272,36.340473],[110.21783,36.336625],[110.218053,36.343063],[110.235993,36.33788],[110.249736,36.342354],[110.260152,36.333877],[110.293438,36.321355],[110.295835,36.315863],[110.305914,36.310532],[110.31286,36.310289],[110.319645,36.298801],[110.334608,36.294402],[110.340828,36.288964],[110.344961,36.29029],[110.347653,36.284602],[110.361583,36.273327],[110.369277,36.282094],[110.387454,36.281996],[110.394572,36.285757],[110.398109,36.28362],[110.403057,36.291429],[110.411547,36.289191],[110.417434,36.289521],[110.42031,36.293758],[110.440148,36.292212],[110.440255,36.295968],[110.447609,36.293543],[110.448276,36.290517],[110.45196,36.294477],[110.461674,36.293714],[110.469893,36.281622],[110.471422,36.257649],[110.468349,36.248108],[110.447252,36.219246],[110.454207,36.199678],[110.441431,36.164262],[110.444834,36.132209],[110.452949,36.107605],[110.464848,36.094605],[110.462382,36.074636],[110.47377,36.060343],[110.486691,36.034741],[110.487881,36.023097],[110.494194,36.008193],[110.487674,35.992357],[110.493367,35.983457],[110.511316,35.972107],[110.50961,35.958276],[110.498867,35.95182],[110.497249,35.947594],[110.500775,35.936288],[110.511273,35.921874],[110.507547,35.908626],[110.510083,35.897396],[110.505425,35.881457],[110.521158,35.875558],[110.537097,35.879491],[110.543928,35.877938],[110.546205,35.873385],[110.544026,35.85433],[110.540245,35.85683],[110.540979,35.867047],[110.538087,35.867842],[110.533637,35.86015],[110.524133,35.857172],[110.518404,35.859715],[110.519776,35.856985],[110.512175,35.848276],[110.506251,35.84904],[110.500547,35.844326],[110.485617,35.842022],[110.487796,35.837046],[110.481616,35.829133],[110.475289,35.828458],[110.469818,35.834589],[110.467032,35.82953],[110.460826,35.828506],[110.460074,35.824299],[110.442351,35.82236],[110.42205,35.810883],[110.406511,35.810027],[110.39854,35.803408],[110.397288,35.792991],[110.379976,35.784407],[110.371274,35.77396],[110.365565,35.756916],[110.352488,35.750172],[110.339573,35.748479],[110.323797,35.752276],[110.315469,35.739883],[110.292782,35.730728],[110.290181,35.720959],[110.280073,35.712209],[110.261484,35.713277],[110.257884,35.710727],[110.226676,35.714141],[110.217542,35.72094],[110.206195,35.716524],[110.205807,35.719621],[110.202114,35.718978],[110.21289,35.724089],[110.210768,35.733938],[110.196303,35.742796],[110.187943,35.743861],[110.176616,35.763865],[110.15519,35.783756],[110.154423,35.790995],[110.144457,35.790689],[110.131049,35.800516],[110.129926,35.81246],[110.134497,35.815313],[110.136027,35.821101],[110.130291,35.829891],[110.132382,35.844666],[110.152819,35.858107],[110.156656,35.862985],[110.155588,35.87303],[110.157946,35.876146],[110.132979,35.891374],[110.113975,35.888663],[110.104087,35.890394],[110.102608,35.894278],[110.110029,35.899416],[110.103177,35.902658],[110.105442,35.908906],[110.092013,35.910754],[110.084123,35.918417],[110.088421,35.930519],[110.068283,35.928186],[110.063671,35.939071],[110.067037,35.952177],[110.065108,35.962305],[110.0688,35.969375],[110.062775,35.987615],[110.034136,35.995353],[110.022051,36.01224],[110.012691,36.013317],[110.01267,36.020602],[110.003387,36.021283],[110.004064,36.02745],[109.997645,36.029487],[109.993797,36.02683],[109.986974,36.031079],[109.983345,36.028988],[109.970722,36.033905],[109.96791,36.025952],[109.959572,36.017796],[109.954059,36.018525],[109.946506,36.025573],[109.937497,36.020798],[109.933415,36.023217],[109.930786,36.019673],[109.911796,36.027827],[109.907948,36.016847],[109.902366,36.01589],[109.900736,36.010613],[109.889397,36.013819],[109.88589,36.008986],[109.873381,36.013956],[109.868941,36.005717],[109.861405,36.008549],[109.859879,36.005385],[109.848794,36.011066],[109.842968,36.006263],[109.842856,36.001954],[109.832111,36.003778],[109.82718,35.99734],[109.822017,36.003669],[109.81931,36.001924],[109.815221,36.00637],[109.812272,36.004724],[109.807761,36.011217],[109.803677,36.009818],[109.790649,36.016112],[109.790418,36.011026],[109.783054,36.005002],[109.781267,35.998719],[109.759723,36.007362],[109.759342,36.014585],[109.750595,36.027612],[109.745412,36.02638],[109.743618,36.030887],[109.73779,36.031958],[109.735928,36.038689],[109.725683,36.040319],[109.723662,36.045727],[109.714527,36.048639],[109.714652,36.051863],[109.710842,36.051528],[109.702864,36.057869],[109.699599,36.066023],[109.701041,36.069873],[109.693997,36.078454]],[[110.113066,36.370017],[110.112443,36.363293],[110.115481,36.363251],[110.118771,36.374322],[110.113066,36.370017]],[[110.115943,36.386565],[110.118247,36.377841],[110.120113,36.376876],[110.121621,36.381474],[110.115943,36.386565]]]}},{"type":"Feature","properties":{"id":"cn:610631","name":"黄龙县","level":2},"geometry":{"type":"Polygon","coordinates":[[[109.647676,35.794843],[109.664691,35.825507],[109.666426,35.845227],[109.674104,35.856474],[109.679724,35.859589],[109.676578,35.867555],[109.679951,35.869649],[109.679503,35.876913],[109.685815,35.886612],[109.690801,35.89099],[109.69849,35.89173],[109.708431,35.904935],[109.713393,35.902806],[109.727387,35.913106],[109.730547,35.910983],[109.741189,35.914972],[109.75382,35.914105],[109.757938,35.921783],[109.76385,35.925133],[109.75977,35.937174],[109.75115,35.93897],[109.747954,35.94529],[109.748038,35.962472],[109.7507,35.966999],[109.744436,35.975755],[109.747635,35.979882],[109.746033,35.98334],[109.756335,35.985911],[109.760941,36.00167],[109.759723,36.007362],[109.78163,35.998738],[109.790992,36.016138],[109.803677,36.009818],[109.807761,36.011217],[109.812272,36.004724],[109.815221,36.00637],[109.81931,36.001924],[109.822017,36.003669],[109.82718,35.99734],[109.832111,36.003778],[109.842856,36.001954],[109.842968,36.006263],[109.848794,36.011066],[109.859879,36.005385],[109.861405,36.008549],[109.868941,36.005717],[109.873381,36.013956],[109.88589,36.008986],[109.889397,36.013819],[109.900736,36.010613],[109.902366,36.01589],[109.907948,36.016847],[109.911796,36.027827],[109.930786,36.019673],[109.933415,36.023217],[109.937497,36.020798],[109.946506,36.025573],[109.954059,36.018525],[109.959572,36.017796],[109.96791,36.025952],[109.970722,36.033905],[109.983345,36.028988],[109.986974,36.031079],[109.993797,36.02683],[109.997645,36.029487],[110.003634,36.027664],[110.003387,36.021283],[110.01267,36.020602],[110.012691,36.013317],[110.022051,36.01224],[110.034136,35.995353],[110.062775,35.987615],[110.0688,35.969375],[110.064413,35.957768],[110.067037,35.952177],[110.063779,35.941252],[110.065942,35.932801],[110.071162,35.926719],[110.088421,35.930519],[110.084123,35.918417],[110.092013,35.910754],[110.105442,35.908906],[110.103177,35.902658],[110.110029,35.899416],[110.102608,35.894278],[110.104087,35.890394],[110.113975,35.888663],[110.132979,35.891374],[110.157946,35.876146],[110.155588,35.87303],[110.156656,35.862985],[110.152819,35.858107],[110.132382,35.844666],[110.130291,35.829891],[110.136027,35.821101],[110.134497,35.815313],[110.129926,35.81246],[110.131049,35.800516],[110.144457,35.790689],[110.154423,35.790995],[110.15519,35.783756],[110.176616,35.763865],[110.187943,35.743861],[110.196303,35.742796],[110.211327,35.732837],[110.21289,35.724089],[110.200753,35.717695],[110.157643,35.709468],[110.15052,35.698496],[110.141757,35.693643],[110.136656,35.684354],[110.127874,35.683291],[110.122898,35.675963],[110.137262,35.67094],[110.138945,35.666818],[110.150003,35.665858],[110.163842,35.658285],[110.186569,35.657712],[110.195374,35.652702],[110.198325,35.644501],[110.214725,35.636283],[110.219464,35.637549],[110.218047,35.640506],[110.224943,35.638913],[110.219798,35.636619],[110.225622,35.632919],[110.222636,35.626086],[110.224941,35.621559],[110.22964,35.616598],[110.242297,35.611892],[110.242919,35.607331],[110.24924,35.607228],[110.247735,35.602926],[110.252021,35.598659],[110.248397,35.595305],[110.246128,35.583151],[110.255873,35.57671],[110.272653,35.572887],[110.281006,35.564794],[110.263965,35.557156],[110.266504,35.547076],[110.270989,35.546425],[110.268576,35.540662],[110.259755,35.539049],[110.231274,35.545442],[110.224887,35.550249],[110.213374,35.548494],[110.22164,35.533627],[110.222354,35.517703],[110.228496,35.507428],[110.207667,35.503393],[110.198442,35.482833],[110.184801,35.476593],[110.178771,35.468173],[110.152579,35.457504],[110.143221,35.457209],[110.143312,35.453507],[110.138174,35.454671],[110.132252,35.450953],[110.133965,35.448057],[110.127318,35.445531],[110.127011,35.440124],[110.118437,35.43505],[110.113368,35.425507],[110.09811,35.424586],[110.093707,35.413769],[110.08667,35.40783],[110.064645,35.408744],[110.055304,35.414984],[110.04552,35.405133],[110.046511,35.41696],[110.036819,35.41121],[110.033305,35.41437],[110.027137,35.411637],[110.016113,35.413705],[110.008202,35.40689],[110.001005,35.426056],[109.990615,35.435197],[109.978466,35.428138],[109.974461,35.413661],[109.976408,35.409597],[109.966248,35.414231],[109.951955,35.414198],[109.938112,35.420801],[109.933515,35.412248],[109.90835,35.416683],[109.903623,35.414547],[109.904123,35.409878],[109.90116,35.407546],[109.904046,35.407334],[109.895633,35.405164],[109.894471,35.415201],[109.884724,35.405291],[109.884561,35.41469],[109.888567,35.42248],[109.878558,35.424611],[109.879093,35.429843],[109.873214,35.43376],[109.871524,35.430164],[109.866837,35.433564],[109.864567,35.429982],[109.858223,35.432025],[109.855796,35.441264],[109.848308,35.439042],[109.849415,35.435578],[109.846292,35.435784],[109.845061,35.429966],[109.848951,35.430968],[109.850214,35.427362],[109.853066,35.429807],[109.85396,35.426662],[109.848878,35.41776],[109.843879,35.422898],[109.844695,35.427643],[109.83882,35.43156],[109.836633,35.428812],[109.826017,35.431359],[109.817354,35.426644],[109.812076,35.431908],[109.81505,35.435501],[109.811117,35.441705],[109.814957,35.447311],[109.812213,35.448867],[109.795598,35.445971],[109.790615,35.438347],[109.783715,35.446863],[109.765417,35.439209],[109.756891,35.432776],[109.75246,35.420141],[109.747999,35.434535],[109.742222,35.43479],[109.739713,35.432585],[109.744444,35.428181],[109.744204,35.418822],[109.731968,35.431112],[109.715502,35.41768],[109.708007,35.427612],[109.676105,35.439591],[109.668865,35.45076],[109.658851,35.450368],[109.656642,35.457608],[109.657827,35.461093],[109.665468,35.458759],[109.678289,35.473967],[109.684611,35.491957],[109.689233,35.495039],[109.684813,35.500881],[109.689861,35.508177],[109.687491,35.51771],[109.69609,35.52929],[109.703563,35.530346],[109.69693,35.540324],[109.698032,35.548062],[109.687319,35.551639],[109.686806,35.57959],[109.680009,35.589989],[109.679245,35.598654],[109.683197,35.607894],[109.674457,35.614811],[109.673435,35.620222],[109.661899,35.623786],[109.670416,35.627264],[109.675688,35.638408],[109.676946,35.643733],[109.671133,35.652368],[109.687137,35.653127],[109.680658,35.663898],[109.695149,35.666614],[109.692882,35.674677],[109.679123,35.680275],[109.684769,35.686135],[109.695296,35.689126],[109.698157,35.704504],[109.715268,35.714803],[109.720094,35.711435],[109.723762,35.698842],[109.728445,35.703849],[109.72593,35.712312],[109.728574,35.719573],[109.710086,35.729242],[109.684222,35.757907],[109.688682,35.761385],[109.702983,35.75759],[109.728321,35.763695],[109.722267,35.763756],[109.719923,35.772079],[109.703526,35.763428],[109.675506,35.761189],[109.6785,35.771037],[109.670144,35.775569],[109.666871,35.773093],[109.664029,35.776306],[109.657456,35.775218],[109.651738,35.792029],[109.647676,35.794843]]]}},{"type":"Feature","properties":{"id":"cn:610632","name":"黄陵县","level":2},"geometry":{"type":"Polygon","coordinates":[[[108.510968,35.721148],[108.520558,35.728888],[108.52522,35.743373],[108.530522,35.748162],[108.541394,35.747788],[108.561874,35.758803],[108.582275,35.746215],[108.58818,35.748023],[108.596411,35.756558],[108.600316,35.751537],[108.605645,35.751278],[108.616477,35.738511],[108.623439,35.740734],[108.628881,35.734023],[108.637298,35.738775],[108.635687,35.744069],[108.642612,35.750792],[108.647484,35.748775],[108.653914,35.754473],[108.665047,35.748374],[108.668789,35.75153],[108.66856,35.759769],[108.676001,35.762024],[108.683798,35.758955],[108.686329,35.753494],[108.693333,35.752579],[108.701689,35.759091],[108.706207,35.758006],[108.714475,35.768641],[108.728829,35.759668],[108.734989,35.76331],[108.746888,35.757089],[108.750239,35.759659],[108.759823,35.755789],[108.771911,35.76837],[108.779147,35.769775],[108.780673,35.767047],[108.785359,35.768539],[108.791855,35.765229],[108.798684,35.77066],[108.803319,35.767343],[108.815086,35.772679],[108.818728,35.779074],[108.827594,35.782404],[108.827164,35.794105],[108.830138,35.796835],[108.846233,35.797918],[108.846913,35.801054],[108.854772,35.802187],[108.856665,35.805485],[108.87532,35.80609],[108.877665,35.81148],[108.882375,35.809424],[108.888038,35.811508],[108.893704,35.820284],[108.898225,35.818037],[108.907448,35.821645],[108.915089,35.816778],[108.91661,35.819608],[108.930922,35.820417],[108.932859,35.823311],[108.941431,35.821293],[108.948723,35.80956],[108.954855,35.812249],[108.981225,35.799034],[108.986638,35.800403],[108.991726,35.791341],[108.998131,35.791797],[109.004739,35.787672],[109.00664,35.780797],[109.029089,35.78519],[109.033581,35.775597],[109.039714,35.773414],[109.039862,35.757504],[109.063862,35.762914],[109.100336,35.74264],[109.108519,35.733937],[109.115714,35.744607],[109.123711,35.741649],[109.121089,35.754592],[109.127959,35.757125],[109.128451,35.77065],[109.137426,35.775592],[109.157703,35.772911],[109.145332,35.75996],[109.144727,35.755347],[109.161464,35.755914],[109.164725,35.767096],[109.174303,35.77233],[109.17704,35.766126],[109.172205,35.761098],[109.175269,35.75833],[109.17571,35.750531],[109.183881,35.750695],[109.19292,35.74554],[109.206524,35.74573],[109.21778,35.740179],[109.22328,35.744607],[109.233115,35.744278],[109.245897,35.735232],[109.273612,35.734392],[109.280059,35.747574],[109.269742,35.763125],[109.269838,35.768023],[109.280137,35.764814],[109.283699,35.781332],[109.293444,35.774236],[109.296412,35.780876],[109.298139,35.778693],[109.303585,35.781005],[109.303626,35.775829],[109.310926,35.776413],[109.304759,35.774335],[109.305323,35.770692],[109.315842,35.767549],[109.315811,35.761373],[109.329431,35.753368],[109.331767,35.74322],[109.338428,35.742014],[109.338993,35.735708],[109.346508,35.729631],[109.344892,35.723264],[109.348184,35.719976],[109.342921,35.708719],[109.345676,35.701966],[109.341525,35.700765],[109.338938,35.686868],[109.350268,35.667497],[109.351051,35.654125],[109.341172,35.649015],[109.347509,35.642028],[109.360929,35.641253],[109.362257,35.635898],[109.367281,35.634729],[109.370061,35.629011],[109.365822,35.630586],[109.360857,35.623605],[109.355546,35.624616],[109.355149,35.619233],[109.346416,35.611518],[109.350845,35.607961],[109.357936,35.608119],[109.361466,35.611613],[109.361189,35.616714],[109.364939,35.617163],[109.373349,35.608882],[109.382887,35.606371],[109.381056,35.602573],[109.372327,35.602748],[109.36668,35.597667],[109.366992,35.593103],[109.372364,35.589497],[109.375383,35.58189],[109.384178,35.584834],[109.390222,35.572979],[109.401687,35.573924],[109.403654,35.5631],[109.401601,35.552912],[109.40781,35.551855],[109.411276,35.559194],[109.418587,35.561082],[109.422372,35.559336],[109.420593,35.551947],[109.434662,35.556062],[109.438444,35.543421],[109.447879,35.537622],[109.437409,35.536814],[109.436031,35.53298],[109.443386,35.5311],[109.451346,35.534852],[109.454446,35.531069],[109.439728,35.527632],[109.439424,35.523636],[109.448526,35.51751],[109.433556,35.517766],[109.434013,35.514471],[109.441884,35.512342],[109.43961,35.509729],[109.436275,35.512495],[109.433678,35.509118],[109.429754,35.510602],[109.431309,35.507518],[109.426178,35.508154],[109.423786,35.501061],[109.400175,35.511564],[109.398526,35.519143],[109.378403,35.521966],[109.379174,35.518056],[109.364338,35.515896],[109.34706,35.520392],[109.337385,35.515255],[109.331763,35.515663],[109.327275,35.508003],[109.317777,35.507256],[109.318184,35.511932],[109.315341,35.509284],[109.311492,35.511758],[109.312829,35.507799],[109.309867,35.507087],[109.30831,35.510297],[109.306281,35.505906],[109.295257,35.516562],[109.289502,35.512782],[109.283546,35.515906],[109.276904,35.509895],[109.276381,35.514741],[109.271742,35.518079],[109.237718,35.522898],[109.2221,35.546627],[109.22447,35.556316],[109.214664,35.552507],[109.210778,35.555748],[109.206024,35.56594],[109.209055,35.571467],[109.203084,35.575567],[109.205145,35.577561],[109.198007,35.581251],[109.182997,35.581091],[109.181408,35.583629],[109.162665,35.576341],[109.156183,35.579156],[109.149096,35.572112],[109.146653,35.574391],[109.143915,35.571401],[109.127869,35.572822],[109.120646,35.566214],[109.117613,35.56863],[109.110938,35.566525],[109.110413,35.554922],[109.105277,35.558208],[109.0911,35.55407],[109.090267,35.54643],[109.08656,35.543654],[109.06577,35.544871],[109.056418,35.55123],[109.04649,35.550047],[109.046291,35.542635],[109.025875,35.529849],[109.024869,35.52639],[109.030433,35.518566],[109.023723,35.518339],[109.023713,35.513854],[109.010088,35.509518],[109.008162,35.503271],[109.003744,35.502509],[109.007243,35.493082],[108.996386,35.488112],[108.99666,35.483228],[108.987469,35.473369],[108.989629,35.467996],[108.983033,35.462106],[108.984635,35.456434],[108.973526,35.44611],[108.969572,35.447494],[108.973098,35.442332],[108.985221,35.437974],[108.977369,35.428837],[108.971026,35.426568],[108.974291,35.419214],[108.957682,35.415191],[108.95577,35.405724],[108.951909,35.405845],[108.951823,35.402815],[108.934431,35.392864],[108.920444,35.363429],[108.913481,35.358442],[108.908824,35.359704],[108.906205,35.353665],[108.899456,35.354301],[108.889737,35.349484],[108.877259,35.353792],[108.864578,35.344718],[108.862069,35.346826],[108.856376,35.343968],[108.852161,35.350762],[108.842975,35.348958],[108.840426,35.351406],[108.839091,35.366883],[108.829934,35.367944],[108.83114,35.382207],[108.818589,35.379429],[108.814817,35.38132],[108.813033,35.377087],[108.807237,35.381285],[108.802617,35.377527],[108.797897,35.37978],[108.796517,35.38336],[108.801594,35.387223],[108.802436,35.395572],[108.793964,35.404282],[108.795244,35.410324],[108.783025,35.41365],[108.794048,35.433259],[108.790246,35.435663],[108.788377,35.443445],[108.779706,35.444652],[108.775406,35.450544],[108.769999,35.451554],[108.774004,35.462331],[108.771098,35.467684],[108.778009,35.474513],[108.76938,35.477961],[108.76898,35.484851],[108.762226,35.484259],[108.757209,35.492452],[108.752485,35.492632],[108.74408,35.486213],[108.735975,35.492728],[108.731375,35.490181],[108.724344,35.506038],[108.714907,35.505171],[108.697456,35.512037],[108.690105,35.511722],[108.689438,35.504366],[108.684293,35.504779],[108.680373,35.509469],[108.673001,35.507719],[108.676496,35.519469],[108.674886,35.523755],[108.668338,35.52192],[108.667157,35.526493],[108.661798,35.527633],[108.664192,35.535244],[108.657018,35.539174],[108.643922,35.530838],[108.640529,35.537147],[108.64215,35.54328],[108.633775,35.539464],[108.624523,35.544721],[108.618326,35.541246],[108.613922,35.557446],[108.604931,35.563776],[108.591505,35.567594],[108.581562,35.578632],[108.563079,35.585927],[108.55786,35.599492],[108.543631,35.600618],[108.535107,35.605998],[108.518571,35.661455],[108.525388,35.683955],[108.51695,35.690241],[108.513212,35.698138],[108.520116,35.711654],[108.512318,35.716284],[108.510968,35.721148]]]}},{"type":"Feature","properties":{"id":"cn:610681","name":"子长市","level":2},"geometry":{"type":"Polygon","coordinates":[[[109.201266,37.292347],[109.217672,37.297818],[109.203968,37.322059],[109.211905,37.328472],[109.225303,37.321049],[109.232811,37.322563],[109.237403,37.317611],[109.239975,37.325968],[109.237862,37.329924],[109.242184,37.331496],[109.239653,37.334276],[109.244661,37.335202],[109.246913,37.339241],[109.255231,37.341029],[109.260544,37.335621],[109.266622,37.335219],[109.270709,37.341265],[109.280389,37.342693],[109.297525,37.334457],[109.298913,37.355504],[109.309251,37.352612],[109.319508,37.355168],[109.322278,37.353702],[109.320852,37.350234],[109.325872,37.347313],[109.336442,37.345828],[109.325189,37.356981],[109.331475,37.357608],[109.330433,37.361314],[109.334627,37.362453],[109.33124,37.373131],[109.337056,37.371591],[109.346749,37.37615],[109.339757,37.381716],[109.346757,37.383505],[109.350113,37.388442],[109.348461,37.392206],[109.357818,37.393964],[109.354874,37.39774],[109.358509,37.398487],[109.357623,37.406126],[109.353802,37.410136],[109.361848,37.413132],[109.364855,37.422686],[109.370596,37.424329],[109.368133,37.431766],[109.379327,37.436548],[109.387391,37.433817],[109.394149,37.436968],[109.39245,37.447743],[109.418453,37.443672],[109.418548,37.455572],[109.424613,37.464343],[109.433342,37.456282],[109.455481,37.457591],[109.463865,37.484102],[109.460946,37.486651],[109.469808,37.495073],[109.485044,37.499917],[109.488085,37.497861],[109.487064,37.494908],[109.494035,37.4925],[109.497269,37.485262],[109.504433,37.479823],[109.528596,37.480532],[109.537399,37.469742],[109.56052,37.460223],[109.559905,37.453178],[109.565592,37.442185],[109.562105,37.439545],[109.562075,37.433508],[109.57973,37.434566],[109.603581,37.421528],[109.612907,37.41999],[109.615871,37.423993],[109.628539,37.418162],[109.637706,37.424263],[109.644744,37.420813],[109.650371,37.423101],[109.663206,37.41945],[109.669862,37.424335],[109.67153,37.431071],[109.678965,37.432668],[109.687396,37.429428],[109.703478,37.433619],[109.737837,37.420945],[109.728417,37.411528],[109.728131,37.401087],[109.746237,37.392608],[109.759895,37.398195],[109.766432,37.393327],[109.761016,37.378638],[109.770113,37.377217],[109.771108,37.368352],[109.76789,37.363105],[109.772936,37.350054],[109.781232,37.341854],[109.791971,37.344337],[109.789858,37.353138],[109.797561,37.349002],[109.799054,37.332695],[109.807542,37.31905],[109.803354,37.314757],[109.806676,37.303739],[109.789361,37.303526],[109.785045,37.313256],[109.777454,37.309214],[109.774956,37.305518],[109.776759,37.298497],[109.767408,37.290763],[109.759392,37.276345],[109.762771,37.269471],[109.77402,37.275548],[109.774154,37.265083],[109.780707,37.267794],[109.791417,37.261712],[109.796903,37.265082],[109.808733,37.25576],[109.809295,37.263851],[109.813847,37.267345],[109.820462,37.266975],[109.834845,37.282974],[109.843528,37.274382],[109.852908,37.28076],[109.859294,37.279519],[109.86157,37.273792],[109.872779,37.270182],[109.884182,37.28241],[109.888672,37.278984],[109.889578,37.266643],[109.895807,37.265753],[109.900841,37.278203],[109.894637,37.285264],[109.892794,37.295192],[109.905489,37.305374],[109.909017,37.320832],[109.914709,37.312762],[109.917112,37.295745],[109.922482,37.29073],[109.933966,37.289666],[109.949721,37.28113],[109.949333,37.267452],[109.955958,37.276162],[109.968275,37.273994],[109.977771,37.281321],[109.981759,37.27282],[109.980209,37.269346],[109.989217,37.269477],[109.996013,37.265201],[109.998911,37.270448],[110.009152,37.27558],[110.002824,37.270946],[110.006991,37.268036],[110.014177,37.270135],[110.019214,37.266414],[110.025218,37.258703],[110.022195,37.250253],[110.033483,37.249287],[110.031316,37.246875],[110.037326,37.245341],[110.026643,37.247527],[110.029932,37.240062],[110.019109,37.235117],[110.017471,37.228784],[110.010485,37.224957],[110.010249,37.221642],[110.01526,37.219111],[110.008504,37.215397],[110.009074,37.20512],[110.00285,37.205079],[110.000496,37.199168],[109.986914,37.197273],[109.982027,37.200749],[109.983704,37.203618],[109.978537,37.202283],[109.973152,37.207827],[109.969775,37.216833],[109.959759,37.214276],[109.957608,37.216299],[109.954007,37.211988],[109.955376,37.209551],[109.951262,37.208366],[109.958304,37.19987],[109.958059,37.190945],[109.961055,37.188197],[109.969118,37.188593],[109.970141,37.184353],[109.979233,37.180823],[109.979634,37.176497],[109.985337,37.172592],[109.983719,37.169275],[109.986904,37.167433],[109.978269,37.16721],[109.979481,37.16186],[109.974806,37.164368],[109.974254,37.161358],[109.967544,37.162705],[109.961281,37.155178],[109.973854,37.144919],[109.969639,37.140766],[109.976071,37.133106],[109.986563,37.127398],[109.991132,37.136559],[109.998949,37.137074],[109.9972,37.141248],[109.999801,37.140429],[110.002263,37.144402],[110.008481,37.142562],[110.010693,37.148331],[110.01659,37.147341],[110.02297,37.139506],[110.022486,37.130934],[110.015921,37.125822],[110.012171,37.102654],[110.002728,37.094342],[109.990174,37.098386],[109.986879,37.094071],[109.991426,37.07793],[109.980002,37.064592],[109.975835,37.06668],[109.970452,37.06092],[109.965405,37.063584],[109.963592,37.05916],[109.958217,37.059715],[109.955653,37.053427],[109.933037,37.05722],[109.92582,37.053926],[109.918462,37.055264],[109.915397,37.044419],[109.905883,37.04377],[109.907655,37.039291],[109.903271,37.029486],[109.893829,37.029574],[109.893075,37.026936],[109.889581,37.027545],[109.888453,37.033414],[109.88272,37.038555],[109.881726,37.050305],[109.873324,37.047927],[109.873521,37.055313],[109.849193,37.054595],[109.839027,37.061757],[109.837982,37.05836],[109.828806,37.05627],[109.835505,37.052135],[109.832981,37.033645],[109.834777,37.022995],[109.822877,37.017518],[109.796733,37.032427],[109.791088,37.038585],[109.78383,37.037691],[109.77819,37.033025],[109.771651,37.03392],[109.755338,37.044936],[109.737596,37.052036],[109.736239,37.042886],[109.729105,37.034499],[109.717489,37.034587],[109.715309,37.031084],[109.707278,37.029823],[109.6979,37.032785],[109.691674,37.027833],[109.67164,37.02689],[109.66678,37.029568],[109.663749,37.026667],[109.654529,37.031626],[109.641792,37.029645],[109.631142,37.02011],[109.610636,37.018234],[109.601782,37.012309],[109.591254,36.997052],[109.582259,36.994838],[109.574677,36.999095],[109.572589,37.005318],[109.562067,37.006916],[109.553577,37.0139],[109.549598,37.027086],[109.544562,37.030988],[109.540536,37.028601],[109.536936,37.03785],[109.530632,37.029861],[109.523481,37.03683],[109.519024,37.03052],[109.51288,37.027636],[109.509835,37.029505],[109.499388,37.02317],[109.490316,37.031525],[109.493187,37.03711],[109.489401,37.03911],[109.473059,37.034051],[109.466696,37.025764],[109.4618,37.029922],[109.455549,37.022215],[109.435174,37.03292],[109.423075,37.030359],[109.419485,37.038648],[109.417527,37.027097],[109.408661,37.034973],[109.406652,37.032744],[109.406677,37.037166],[109.402786,37.031542],[109.392243,37.034578],[109.392211,37.047314],[109.388536,37.047382],[109.387891,37.052066],[109.376441,37.058068],[109.384167,37.07237],[109.382979,37.081283],[109.380258,37.085556],[109.376863,37.083934],[109.366571,37.09046],[109.370971,37.110737],[109.360437,37.113341],[109.361195,37.117857],[109.366561,37.116626],[109.366547,37.120901],[109.352943,37.137495],[109.350195,37.132296],[109.344807,37.132489],[109.344957,37.136402],[109.335243,37.141595],[109.334614,37.147686],[109.327678,37.153192],[109.33188,37.159033],[109.318636,37.173064],[109.320538,37.184758],[109.305963,37.191901],[109.292366,37.205942],[109.272342,37.214711],[109.261103,37.230893],[109.246075,37.240739],[109.251854,37.256672],[109.249332,37.264703],[109.243268,37.260671],[109.223459,37.261972],[109.222205,37.28416],[109.206405,37.280613],[109.201266,37.292347]]]}},{"type":"Feature","properties":{"id":"cn:6107","name":"汉中市","level":1},"geometry":{"type":"Polygon","coordinates":[[[106.067692,32.759593],[106.068195,32.769615],[106.057084,32.770119],[106.059705,32.783344],[106.075886,32.787625],[106.081016,32.795245],[106.089715,32.796117],[106.090617,32.813053],[106.087466,32.817534],[106.089495,32.825723],[106.08238,32.828017],[106.065824,32.826007],[106.066749,32.831014],[106.045497,32.849376],[106.042584,32.854256],[106.044817,32.859153],[106.038102,32.867086],[106.03808,32.861243],[106.032494,32.859359],[106.032075,32.854176],[106.018447,32.860857],[106.017709,32.846254],[106.009639,32.840785],[106.00762,32.831819],[105.991326,32.830172],[105.98014,32.843702],[105.964636,32.851423],[105.956373,32.847916],[105.946477,32.837306],[105.926234,32.827925],[105.889507,32.840748],[105.854055,32.829705],[105.847041,32.820372],[105.827405,32.828311],[105.821927,32.827606],[105.817665,32.814244],[105.822302,32.805281],[105.813169,32.792593],[105.818742,32.772384],[105.807596,32.7745],[105.797457,32.761878],[105.777518,32.751505],[105.764966,32.769699],[105.754158,32.76614],[105.74395,32.769295],[105.732135,32.756068],[105.715416,32.761911],[105.707222,32.757883],[105.696345,32.74479],[105.685407,32.744822],[105.674322,32.728844],[105.665598,32.729783],[105.654921,32.722936],[105.648879,32.723071],[105.63908,32.711758],[105.627464,32.710818],[105.621822,32.70444],[105.59282,32.701653],[105.583289,32.731463],[105.562864,32.726598],[105.552725,32.734386],[105.551719,32.749089],[105.554271,32.755266],[105.564549,32.761073],[105.563671,32.767383],[105.552196,32.773562],[105.551389,32.796624],[105.542118,32.796625],[105.534063,32.791991],[105.529228,32.794945],[105.524601,32.807634],[105.528968,32.821633],[105.521382,32.836336],[105.520878,32.849883],[105.514263,32.853743],[105.511208,32.862068],[105.503586,32.863663],[105.494255,32.872087],[105.488214,32.887598],[105.489759,32.907538],[105.495337,32.913954],[105.510337,32.921189],[105.521119,32.922381],[105.532693,32.909855],[105.559307,32.910425],[105.58705,32.87903],[105.602292,32.878114],[105.634672,32.881554],[105.657267,32.898739],[105.695662,32.905595],[105.731591,32.907403],[105.784993,32.930494],[105.82317,32.952897],[105.858004,32.941147],[105.913751,32.99603],[105.919245,33.008159],[105.919816,33.022352],[105.926554,33.028867],[105.924362,33.043672],[105.912728,33.051223],[105.90962,33.058146],[105.91259,33.070237],[105.925503,33.072959],[105.929585,33.079128],[105.915505,33.092752],[105.914995,33.107545],[105.92402,33.114478],[105.933086,33.115697],[105.934269,33.122184],[105.920955,33.123497],[105.917224,33.131009],[105.917518,33.136738],[105.927918,33.144273],[105.926008,33.14634],[105.917293,33.149342],[105.898413,33.139759],[105.892701,33.144815],[105.894915,33.151688],[105.920882,33.169648],[105.913172,33.180365],[105.924076,33.188386],[105.921405,33.196037],[105.92647,33.201355],[105.931651,33.20019],[105.932881,33.194918],[105.942459,33.188415],[105.93543,33.187193],[105.927406,33.178492],[105.93012,33.176078],[105.942327,33.177252],[105.937513,33.169189],[105.941621,33.165062],[105.943079,33.1556],[105.955773,33.14695],[105.96454,33.156093],[105.961477,33.206525],[105.936121,33.220112],[105.917605,33.238266],[105.902858,33.242201],[105.8512,33.236802],[105.831834,33.25311],[105.792225,33.26188],[105.787859,33.267161],[105.785975,33.281828],[105.763562,33.284376],[105.749096,33.294024],[105.743905,33.300673],[105.742004,33.312364],[105.750772,33.320381],[105.751335,33.33069],[105.730294,33.348361],[105.706805,33.380003],[105.705989,33.385046],[105.719678,33.392371],[105.728992,33.39282],[105.748688,33.385928],[105.775786,33.386351],[105.802877,33.380355],[105.823406,33.381931],[105.834161,33.412622],[105.83312,33.433252],[105.827164,33.458244],[105.83871,33.477705],[105.840134,33.495348],[105.874196,33.51958],[105.880385,33.537573],[105.889821,33.541796],[105.895967,33.555744],[105.903111,33.55825],[105.915724,33.556612],[105.936357,33.572377],[105.955793,33.597535],[105.958293,33.60827],[105.952403,33.614526],[105.955911,33.615851],[105.981263,33.613325],[105.994997,33.605829],[106.014203,33.611807],[106.015203,33.600326],[106.023096,33.596854],[106.039668,33.610654],[106.048159,33.610679],[106.059749,33.605639],[106.082448,33.618609],[106.095235,33.614514],[106.096544,33.611031],[106.106362,33.610541],[106.113091,33.604125],[106.125383,33.60595],[106.127123,33.598663],[106.122223,33.594544],[106.116959,33.591913],[106.106625,33.593442],[106.107131,33.588688],[106.100366,33.575047],[106.103206,33.572098],[106.129024,33.573359],[106.126785,33.581185],[106.146903,33.585783],[106.149721,33.582808],[106.137297,33.576892],[106.140674,33.572983],[106.139976,33.565235],[106.145376,33.56331],[106.147209,33.558535],[106.156985,33.558],[106.16442,33.553048],[106.183099,33.54812],[106.195453,33.549898],[106.21034,33.560373],[106.233412,33.565758],[106.260756,33.590143],[106.283907,33.602623],[106.304506,33.605033],[106.330999,33.588607],[106.347188,33.588744],[106.367318,33.600315],[106.380607,33.613525],[106.402621,33.618888],[106.427066,33.620563],[106.436102,33.61867],[106.443454,33.612663],[106.449765,33.583511],[106.451795,33.539492],[106.455824,33.531215],[106.473271,33.521011],[106.490111,33.532122],[106.502416,33.527222],[106.510639,33.514922],[106.517715,33.51984],[106.537147,33.514893],[106.54427,33.525178],[106.552333,33.529604],[106.559078,33.544908],[106.553818,33.564886],[106.555823,33.572669],[106.576635,33.57777],[106.577033,33.581358],[106.571286,33.585504],[106.574945,33.588876],[106.585401,33.582205],[106.594695,33.580686],[106.598709,33.589437],[106.611131,33.595708],[106.615556,33.59412],[106.62169,33.606016],[106.619128,33.616083],[106.626544,33.622376],[106.627572,33.630235],[106.632903,33.631608],[106.634913,33.635566],[106.648742,33.636602],[106.650477,33.645825],[106.638356,33.661206],[106.647736,33.664813],[106.667165,33.662814],[106.682484,33.666995],[106.70198,33.67751],[106.691565,33.688639],[106.690565,33.694971],[106.683611,33.694482],[106.673049,33.699625],[106.670763,33.703897],[106.683751,33.703534],[106.712931,33.693783],[106.747294,33.690589],[106.758687,33.687131],[106.765724,33.681361],[106.783097,33.677077],[106.797024,33.678972],[106.796115,33.684053],[106.799384,33.685268],[106.802499,33.695328],[106.797165,33.701597],[106.800827,33.717731],[106.796417,33.718461],[106.795409,33.726894],[106.803289,33.737728],[106.806272,33.747378],[106.803743,33.751055],[106.809108,33.759172],[106.804819,33.775691],[106.799625,33.776196],[106.802289,33.785656],[106.805315,33.785547],[106.800368,33.796052],[106.803946,33.816892],[106.812256,33.830228],[106.812509,33.835968],[106.835067,33.828926],[106.837649,33.838786],[106.850269,33.851061],[106.853823,33.863329],[106.850952,33.865142],[106.851235,33.874846],[106.855055,33.878913],[106.860019,33.8793],[106.868718,33.866674],[106.8758,33.862595],[106.885025,33.862971],[106.889909,33.855258],[106.885376,33.85026],[106.892059,33.845681],[106.909724,33.848493],[106.919726,33.834425],[106.925439,33.833656],[106.927387,33.827392],[106.946275,33.821708],[106.947607,33.814034],[106.958762,33.81174],[106.976361,33.800374],[106.985395,33.799539],[106.992565,33.791562],[106.997391,33.793225],[107.023803,33.788372],[107.030612,33.800446],[107.036295,33.797776],[107.040938,33.803506],[107.03721,33.817614],[107.040235,33.822985],[107.036157,33.826168],[107.029603,33.842489],[107.038069,33.852547],[107.038668,33.864017],[107.034608,33.868287],[107.046415,33.878749],[107.058403,33.878325],[107.054807,33.868521],[107.057514,33.862171],[107.054383,33.859291],[107.055046,33.854043],[107.060076,33.848376],[107.057922,33.843999],[107.063149,33.838858],[107.065016,33.830286],[107.078071,33.820099],[107.100368,33.823644],[107.104984,33.813767],[107.115171,33.810169],[107.118359,33.815162],[107.130243,33.8181],[107.132045,33.813395],[107.12657,33.804151],[107.128897,33.795017],[107.123934,33.790559],[107.122614,33.779509],[107.139829,33.795636],[107.148329,33.786467],[107.155379,33.791747],[107.168191,33.775064],[107.175753,33.7732],[107.181255,33.754204],[107.208485,33.750434],[107.214611,33.75633],[107.225194,33.758791],[107.226532,33.768862],[107.230897,33.772271],[107.239223,33.773999],[107.244145,33.779937],[107.251217,33.781199],[107.257449,33.7883],[107.268157,33.792623],[107.271992,33.802291],[107.278929,33.798936],[107.286784,33.799778],[107.295418,33.794025],[107.308538,33.808814],[107.314998,33.810436],[107.319946,33.821834],[107.326444,33.819753],[107.328676,33.815705],[107.337201,33.816051],[107.333028,33.803104],[107.320957,33.795569],[107.316804,33.774697],[107.305346,33.772379],[107.297551,33.763248],[107.29813,33.738209],[107.311389,33.728285],[107.303363,33.723789],[107.301515,33.706975],[107.312223,33.703873],[107.314831,33.697084],[107.327874,33.695404],[107.34567,33.686136],[107.354651,33.68444],[107.360693,33.690178],[107.366083,33.690723],[107.380552,33.679156],[107.379298,33.674809],[107.394476,33.660843],[107.392255,33.652083],[107.401534,33.646463],[107.415108,33.647487],[107.42871,33.652741],[107.435134,33.649642],[107.441975,33.660248],[107.453313,33.659918],[107.469315,33.671739],[107.480442,33.67394],[107.485853,33.680401],[107.48579,33.687573],[107.491483,33.685493],[107.4985,33.688733],[107.52108,33.683865],[107.533512,33.689797],[107.536909,33.698185],[107.546568,33.699289],[107.55172,33.706488],[107.561829,33.70829],[107.581057,33.700652],[107.594392,33.708723],[107.600629,33.716986],[107.621089,33.720706],[107.634087,33.718293],[107.642447,33.706716],[107.646905,33.708485],[107.659064,33.703498],[107.676579,33.708832],[107.68201,33.722733],[107.713058,33.72756],[107.732677,33.719531],[107.750533,33.71746],[107.761166,33.721815],[107.797668,33.710387],[107.807963,33.71395],[107.828405,33.697774],[107.84081,33.699085],[107.848726,33.695613],[107.85772,33.700317],[107.866183,33.71715],[107.875514,33.720537],[107.88502,33.734054],[107.887133,33.745597],[107.896395,33.751601],[107.900888,33.74423],[107.916035,33.734282],[107.927094,33.733043],[107.931886,33.740102],[107.948322,33.747516],[107.961556,33.736365],[107.970237,33.737676],[107.997849,33.729242],[108.003605,33.730592],[108.050132,33.711499],[108.053926,33.701693],[108.043774,33.688866],[108.04367,33.683389],[108.049615,33.673096],[108.057052,33.646469],[108.054173,33.642888],[108.054893,33.631126],[108.048511,33.629486],[108.052431,33.618946],[108.050637,33.615872],[108.056504,33.610467],[108.057388,33.601057],[108.065461,33.593399],[108.056599,33.584803],[108.054323,33.578336],[108.054762,33.562937],[108.061226,33.554851],[108.058997,33.544286],[108.063656,33.538184],[108.054616,33.523792],[108.059149,33.518591],[108.057143,33.509159],[108.079527,33.497639],[108.08313,33.50113],[108.092806,33.499537],[108.100331,33.49277],[108.100558,33.485978],[108.109087,33.478347],[108.117347,33.485995],[108.12126,33.480388],[108.149759,33.468255],[108.150285,33.459535],[108.161844,33.443525],[108.155931,33.439581],[108.154788,33.433248],[108.139791,33.42192],[108.142604,33.415153],[108.136287,33.404768],[108.126628,33.409854],[108.124687,33.415769],[108.113426,33.41853],[108.106446,33.412516],[108.084626,33.40388],[108.088949,33.39869],[108.098835,33.394746],[108.098819,33.382831],[108.092365,33.374994],[108.080001,33.372819],[108.070604,33.357582],[108.051802,33.351576],[108.055691,33.344157],[108.043367,33.337755],[108.038138,33.325957],[108.042235,33.309159],[108.04793,33.309204],[108.048999,33.299214],[108.044195,33.293732],[108.045004,33.287942],[108.033726,33.281298],[108.031419,33.273501],[108.033602,33.269553],[108.029314,33.263182],[108.023184,33.265971],[108.015995,33.260768],[108.027469,33.254375],[108.024892,33.250313],[108.026766,33.246072],[108.042903,33.240438],[108.045313,33.23165],[108.041743,33.227759],[108.071754,33.214801],[108.072986,33.211741],[108.065755,33.205374],[108.069859,33.199421],[108.074248,33.20817],[108.091854,33.216561],[108.09522,33.211365],[108.102713,33.212482],[108.105126,33.209626],[108.103382,33.204075],[108.108904,33.203574],[108.1003,33.200397],[108.10813,33.198437],[108.105443,33.191439],[108.100326,33.190677],[108.084429,33.17777],[108.0919,33.175676],[108.097243,33.168306],[108.098514,33.161925],[108.095395,33.154627],[108.098822,33.14751],[108.094493,33.14662],[108.0936,33.139858],[108.101437,33.114587],[108.089336,33.101787],[108.085753,33.085043],[108.090194,33.066256],[108.103956,33.053082],[108.108711,33.042487],[108.115706,33.04072],[108.114627,33.028614],[108.127479,33.023028],[108.138918,33.003966],[108.13559,32.99884],[108.119652,32.989212],[108.116196,32.977949],[108.117211,32.968937],[108.123465,32.959143],[108.11706,32.938079],[108.108675,32.935977],[108.102993,32.919793],[108.0924,32.92498],[108.086509,32.915481],[108.078013,32.915516],[108.070777,32.889523],[108.064097,32.881353],[108.068283,32.87618],[108.090767,32.874555],[108.095838,32.845981],[108.105877,32.823009],[108.110947,32.818615],[108.119265,32.817249],[108.125456,32.810974],[108.123394,32.804523],[108.117362,32.802465],[108.121559,32.795149],[108.116319,32.795962],[108.122546,32.788285],[108.131672,32.791557],[108.132501,32.788681],[108.120773,32.775083],[108.131298,32.775744],[108.138264,32.783323],[108.1459,32.784028],[108.149181,32.776421],[108.145093,32.772141],[108.148231,32.768557],[108.16252,32.770231],[108.164661,32.765711],[108.176864,32.763605],[108.1851,32.768306],[108.200959,32.761772],[108.203953,32.750558],[108.21801,32.741537],[108.21857,32.733873],[108.225981,32.733171],[108.236035,32.718766],[108.234368,32.706199],[108.222183,32.696475],[108.243188,32.693159],[108.252374,32.685416],[108.247588,32.679882],[108.255735,32.651513],[108.248336,32.644466],[108.265018,32.62657],[108.266257,32.62147],[108.259802,32.610145],[108.243354,32.60535],[108.219444,32.616321],[108.193071,32.618133],[108.186289,32.62143],[108.172811,32.613113],[108.182096,32.603813],[108.187115,32.606902],[108.207995,32.600744],[108.2305,32.577751],[108.244955,32.573458],[108.249043,32.565947],[108.246047,32.560575],[108.247458,32.54736],[108.250693,32.541517],[108.256584,32.538819],[108.257794,32.530797],[108.278365,32.524106],[108.270217,32.511855],[108.280287,32.502526],[108.278467,32.495441],[108.259399,32.493162],[108.25755,32.484623],[108.252466,32.482024],[108.249874,32.475355],[108.234241,32.473633],[108.227838,32.465188],[108.220175,32.465116],[108.213881,32.461229],[108.195548,32.439779],[108.178269,32.439459],[108.185375,32.433537],[108.181264,32.428556],[108.135761,32.441179],[108.120887,32.440259],[108.111256,32.435063],[108.111764,32.422712],[108.122531,32.407169],[108.118144,32.405429],[108.118577,32.398298],[108.130937,32.389486],[108.131017,32.377899],[108.123676,32.376598],[108.112593,32.387681],[108.098166,32.380637],[108.102268,32.371208],[108.113329,32.363929],[108.111426,32.361086],[108.130404,32.339559],[108.118699,32.332636],[108.119134,32.329042],[108.144823,32.30188],[108.166127,32.286],[108.167029,32.28145],[108.177132,32.271477],[108.172237,32.268554],[108.171465,32.264081],[108.174553,32.252264],[108.154994,32.247416],[108.15168,32.243358],[108.153739,32.240463],[108.148462,32.238677],[108.140693,32.223983],[108.135936,32.220755],[108.119634,32.219851],[108.113497,32.22522],[108.100589,32.227162],[108.08519,32.235743],[108.074582,32.232272],[108.066266,32.235304],[108.056032,32.222568],[108.046892,32.22453],[108.041032,32.217817],[108.025659,32.222453],[108.013793,32.213375],[108.02065,32.205092],[108.012794,32.194389],[108.01552,32.190079],[108.013463,32.18632],[108.018558,32.184226],[108.019721,32.179465],[108.003254,32.167221],[107.993254,32.150852],[107.974895,32.148336],[107.95855,32.162517],[107.949826,32.166262],[107.948429,32.17131],[107.920355,32.199422],[107.909201,32.200924],[107.900824,32.210426],[107.89579,32.210358],[107.886128,32.216814],[107.875504,32.204758],[107.860382,32.203426],[107.850972,32.2146],[107.840573,32.217693],[107.841137,32.224003],[107.827657,32.228153],[107.806849,32.251486],[107.800104,32.268317],[107.784097,32.282134],[107.769488,32.310427],[107.757447,32.321946],[107.750486,32.340207],[107.723038,32.332018],[107.712126,32.331113],[107.702292,32.335362],[107.701293,32.342003],[107.695413,32.347396],[107.690196,32.359345],[107.690691,32.377026],[107.679317,32.388996],[107.674902,32.400634],[107.661119,32.402512],[107.644204,32.416094],[107.631892,32.408413],[107.61026,32.408287],[107.593791,32.414032],[107.579092,32.406596],[107.569152,32.40627],[107.566988,32.397987],[107.548802,32.395754],[107.520677,32.384745],[107.507769,32.388615],[107.500868,32.394681],[107.485051,32.427482],[107.474538,32.427983],[107.469645,32.421343],[107.46184,32.419812],[107.457235,32.42248],[107.45716,32.419147],[107.452218,32.419886],[107.450136,32.424154],[107.452244,32.426588],[107.444738,32.42855],[107.445893,32.434292],[107.457217,32.443472],[107.455914,32.455572],[107.453368,32.460529],[107.445359,32.463809],[107.445066,32.467251],[107.438529,32.467668],[107.439854,32.463745],[107.434172,32.467604],[107.434104,32.478761],[107.428121,32.480522],[107.428853,32.493091],[107.424219,32.504134],[107.432064,32.517637],[107.431691,32.529611],[107.424217,32.534964],[107.395358,32.542035],[107.373101,32.540987],[107.35212,32.508513],[107.309255,32.492386],[107.29745,32.484528],[107.294647,32.465547],[107.281479,32.456788],[107.279187,32.436423],[107.265585,32.418734],[107.265941,32.409332],[107.259379,32.405528],[107.216409,32.423976],[107.205489,32.4342],[107.195358,32.457711],[107.185028,32.470221],[107.165948,32.479401],[107.161192,32.480108],[107.15783,32.476758],[107.122423,32.484531],[107.099975,32.518725],[107.078828,32.534339],[107.075477,32.544463],[107.090954,32.561462],[107.103055,32.602796],[107.092915,32.62905],[107.094382,32.651491],[107.088079,32.663941],[107.083018,32.66996],[107.063782,32.672024],[107.056855,32.679669],[107.055093,32.688172],[107.062184,32.710873],[107.058156,32.71309],[107.027844,32.713154],[107.02241,32.720407],[107.008139,32.723697],[106.991394,32.720793],[106.981993,32.71339],[106.960569,32.719365],[106.944927,32.718829],[106.936203,32.710671],[106.910959,32.705769],[106.900152,32.716815],[106.898269,32.724467],[106.892157,32.726079],[106.882218,32.722118],[106.868459,32.727958],[106.844293,32.72477],[106.837106,32.71584],[106.827304,32.713692],[106.820725,32.707582],[106.807964,32.713993],[106.789032,32.714833],[106.781633,32.698984],[106.777566,32.703146],[106.77648,32.711643],[106.775473,32.728798],[106.779162,32.738164],[106.743241,32.738263],[106.729075,32.741553],[106.722565,32.733363],[106.711219,32.730375],[106.69148,32.715638],[106.680403,32.711543],[106.659457,32.693047],[106.640186,32.690831],[106.624794,32.683607],[106.581764,32.6903],[106.56963,32.680115],[106.513891,32.670632],[106.497962,32.662867],[106.494031,32.651548],[106.462867,32.653451],[106.447858,32.662516],[106.446044,32.641484],[106.417173,32.618775],[106.404222,32.621476],[106.399117,32.619228],[106.384846,32.628744],[106.383031,32.637373],[106.378405,32.639521],[106.379073,32.648586],[106.34638,32.674262],[106.320332,32.675239],[106.29804,32.682086],[106.2885,32.675441],[106.270548,32.672869],[106.261755,32.677903],[106.258769,32.68705],[106.251251,32.695846],[106.215296,32.695644],[106.207007,32.700579],[106.201902,32.69709],[106.170279,32.699724],[106.167727,32.711204],[106.149602,32.707846],[106.141277,32.72245],[106.10764,32.72386],[106.104957,32.733997],[106.089784,32.740243],[106.084446,32.748298],[106.079177,32.749036],[106.067692,32.759593]],[[106.072101,32.763557],[106.07253,32.759769],[106.086175,32.764973],[106.084101,32.774931],[106.072101,32.763557]]]}},{"type":"Feature","properties":{"id":"cn:610702","name":"汉台区","level":2},"geometry":{"type":"Polygon","coordinates":[[[106.855017,33.270638],[106.861226,33.277629],[106.858099,33.279986],[106.864193,33.282033],[106.876744,33.29633],[106.874858,33.301193],[106.891939,33.294324],[106.892966,33.289833],[106.908705,33.281169],[106.927449,33.29057],[106.933221,33.300318],[106.954493,33.296345],[106.962776,33.29877],[106.992356,33.295378],[106.991637,33.305617],[106.986632,33.310725],[106.989865,33.311585],[106.989272,33.319904],[106.994149,33.331672],[107.006416,33.342165],[107.006946,33.349793],[107.021237,33.360837],[107.059765,33.366202],[107.059725,33.362285],[107.053033,33.356907],[107.051264,33.345097],[107.037907,33.335728],[107.041513,33.313514],[107.032037,33.303636],[107.033937,33.298244],[107.040331,33.295286],[107.041413,33.286197],[107.046286,33.284506],[107.075722,33.303739],[107.085978,33.287797],[107.08403,33.282648],[107.097779,33.280923],[107.114668,33.283885],[107.106774,33.27687],[107.114225,33.278826],[107.115226,33.272017],[107.098322,33.267854],[107.112977,33.263781],[107.104411,33.260213],[107.106599,33.255276],[107.10123,33.255902],[107.100227,33.251885],[107.117337,33.250943],[107.12085,33.236765],[107.128424,33.231098],[107.133886,33.220092],[107.141044,33.216114],[107.136145,33.212453],[107.140809,33.202766],[107.127427,33.202885],[107.122896,33.189436],[107.131091,33.181357],[107.144005,33.180392],[107.13934,33.17672],[107.138468,33.170405],[107.154907,33.161807],[107.157564,33.141937],[107.153568,33.136323],[107.164848,33.133582],[107.172771,33.125437],[107.171181,33.116454],[107.163903,33.110822],[107.174607,33.101169],[107.161497,33.080971],[107.152626,33.077346],[107.138403,33.06379],[107.129102,33.062359],[107.111126,33.066469],[107.105706,33.064192],[107.099087,33.045598],[107.075888,33.027584],[107.051551,33.039208],[107.047412,33.048566],[107.038716,33.055088],[107.027697,33.055434],[107.01429,33.046272],[106.995588,33.052278],[106.986603,33.063905],[106.982481,33.077773],[106.975776,33.084227],[106.931332,33.109346],[106.929178,33.120764],[106.919095,33.12184],[106.927813,33.135119],[106.927203,33.151013],[106.933371,33.15423],[106.93394,33.161086],[106.931047,33.163563],[106.955471,33.193614],[106.961097,33.211639],[106.958977,33.229514],[106.95111,33.235668],[106.937082,33.237703],[106.933707,33.245643],[106.92675,33.251015],[106.906732,33.253554],[106.896524,33.246806],[106.891431,33.246896],[106.886691,33.256766],[106.877512,33.260173],[106.880381,33.264393],[106.864391,33.262597],[106.855017,33.270638]]]}},{"type":"Feature","properties":{"id":"cn:610703","name":"南郑区","level":2},"geometry":{"type":"Polygon","coordinates":[[[106.503082,32.88073],[106.523491,32.894919],[106.531594,32.894104],[106.547372,32.9013],[106.564389,32.902764],[106.575962,32.912567],[106.599764,32.91976],[106.623021,32.913671],[106.635512,32.914644],[106.654115,32.893846],[106.677975,32.893669],[106.687203,32.898083],[106.686846,32.906523],[106.689836,32.90802],[106.706193,32.910551],[106.710727,32.905748],[106.714907,32.905863],[106.724939,32.923418],[106.713701,32.926042],[106.722535,32.936743],[106.733874,32.933729],[106.730041,32.937951],[106.733807,32.939514],[106.731004,32.942384],[106.735622,32.951218],[106.730227,32.956263],[106.721741,32.952587],[106.710951,32.959886],[106.710578,32.966486],[106.725743,32.981527],[106.721917,32.98666],[106.716616,32.986461],[106.716042,32.994958],[106.710955,33.000833],[106.722724,33.003346],[106.727278,33.007892],[106.725736,33.012319],[106.734798,33.022939],[106.74617,33.028665],[106.744881,33.034868],[106.754698,33.037419],[106.74892,33.045501],[106.727748,33.0471],[106.735538,33.051662],[106.750317,33.052545],[106.755022,33.067998],[106.761163,33.068964],[106.765136,33.078408],[106.776427,33.088188],[106.784753,33.078545],[106.796727,33.083046],[106.796208,33.090537],[106.812518,33.093637],[106.816903,33.097888],[106.81893,33.09149],[106.82768,33.091254],[106.825747,33.095506],[106.832989,33.101016],[106.838892,33.100794],[106.834617,33.097735],[106.848972,33.098293],[106.854398,33.100812],[106.856796,33.10852],[106.869746,33.113708],[106.88675,33.110991],[106.89639,33.112898],[106.897325,33.118435],[106.90694,33.12225],[106.910927,33.12585],[106.907756,33.127238],[106.910088,33.128777],[106.929243,33.109715],[106.941508,33.105869],[106.951951,33.095753],[106.975776,33.084227],[106.982481,33.077773],[106.986603,33.063905],[106.995588,33.052278],[107.01429,33.046272],[107.027697,33.055434],[107.038716,33.055088],[107.047412,33.048566],[107.051551,33.039208],[107.074668,33.027429],[107.085163,33.032386],[107.099087,33.045598],[107.105706,33.064192],[107.111126,33.066469],[107.129102,33.062359],[107.139392,33.064364],[107.152626,33.077346],[107.161497,33.080971],[107.174607,33.101169],[107.172627,33.108014],[107.188667,33.114017],[107.192108,33.109235],[107.190334,33.102089],[107.194011,33.095],[107.182453,33.085142],[107.178224,33.055372],[107.174172,33.053752],[107.181033,33.046861],[107.181154,33.042505],[107.187043,33.039436],[107.187452,33.0324],[107.176703,33.024817],[107.177047,33.022062],[107.163901,33.016666],[107.162705,33.011125],[107.149084,33.000909],[107.152427,32.999721],[107.151894,32.994837],[107.139682,32.98675],[107.140199,32.980922],[107.144696,32.979599],[107.144385,32.969522],[107.148166,32.96215],[107.170362,32.95591],[107.172892,32.950982],[107.15975,32.943502],[107.151266,32.945946],[107.145029,32.932212],[107.139976,32.933278],[107.137798,32.92731],[107.130523,32.926468],[107.139135,32.921273],[107.139174,32.910013],[107.123844,32.899249],[107.123724,32.889268],[107.136563,32.88763],[107.15164,32.899562],[107.160627,32.900885],[107.163994,32.907699],[107.163333,32.915849],[107.168369,32.916861],[107.168255,32.921602],[107.175722,32.921294],[107.18152,32.915134],[107.183084,32.907043],[107.151403,32.883014],[107.15764,32.871683],[107.17109,32.863658],[107.158951,32.853141],[107.170061,32.844833],[107.163768,32.839556],[107.16841,32.828642],[107.188369,32.813276],[107.199787,32.811447],[107.203499,32.792355],[107.212597,32.785596],[107.237504,32.787882],[107.259331,32.784991],[107.261583,32.78137],[107.252609,32.771933],[107.260029,32.75635],[107.266369,32.75841],[107.268381,32.765253],[107.281521,32.76205],[107.293344,32.767017],[107.301507,32.758838],[107.310435,32.755687],[107.311418,32.747677],[107.301875,32.742516],[107.299314,32.736825],[107.304689,32.729206],[107.29387,32.724961],[107.278937,32.724374],[107.267803,32.717944],[107.270683,32.710254],[107.269406,32.701352],[107.25749,32.687806],[107.261587,32.683467],[107.280635,32.679965],[107.283846,32.65688],[107.292192,32.654787],[107.298935,32.645712],[107.318432,32.642824],[107.326829,32.638416],[107.333652,32.640864],[107.338782,32.637477],[107.347526,32.63763],[107.350719,32.625435],[107.355,32.622553],[107.349465,32.611189],[107.353822,32.600778],[107.345399,32.595156],[107.34407,32.589781],[107.348211,32.576029],[107.34581,32.568854],[107.358522,32.566302],[107.358081,32.558552],[107.362004,32.550188],[107.373074,32.551047],[107.372242,32.538705],[107.35212,32.508513],[107.309255,32.492386],[107.29745,32.484528],[107.294647,32.465547],[107.281479,32.456788],[107.279187,32.436423],[107.265585,32.418734],[107.265941,32.409332],[107.259379,32.405528],[107.226044,32.418348],[107.210533,32.428407],[107.195358,32.457711],[107.18047,32.473031],[107.165948,32.479401],[107.161192,32.480108],[107.15783,32.476758],[107.12001,32.486168],[107.099975,32.518725],[107.078828,32.534339],[107.075477,32.544463],[107.090954,32.561462],[107.103055,32.602796],[107.092915,32.62905],[107.094382,32.651491],[107.088079,32.663941],[107.083018,32.66996],[107.063782,32.672024],[107.056855,32.679669],[107.055093,32.688172],[107.060813,32.712115],[107.027844,32.713154],[107.02241,32.720407],[107.008139,32.723697],[106.991394,32.720793],[106.981993,32.71339],[106.960569,32.719365],[106.944927,32.718829],[106.936203,32.710671],[106.910959,32.705769],[106.900152,32.716815],[106.898269,32.724467],[106.892157,32.726079],[106.882218,32.722118],[106.868459,32.727958],[106.844293,32.72477],[106.837106,32.71584],[106.827304,32.713692],[106.820725,32.707582],[106.807964,32.713993],[106.789032,32.714833],[106.781633,32.698984],[106.777566,32.703146],[106.77648,32.711643],[106.775473,32.728798],[106.779162,32.738164],[106.743241,32.738263],[106.729075,32.741553],[106.722565,32.733363],[106.711219,32.730375],[106.69148,32.715638],[106.680403,32.711543],[106.659457,32.693047],[106.640186,32.690831],[106.624794,32.683607],[106.584736,32.690993],[106.56963,32.680115],[106.529351,32.673895],[106.529477,32.681413],[106.518851,32.706872],[106.525929,32.714443],[106.525338,32.720787],[106.532785,32.725932],[106.534885,32.732776],[106.549911,32.74136],[106.552594,32.751267],[106.551161,32.753978],[106.543855,32.753546],[106.539086,32.761979],[106.527814,32.769082],[106.527404,32.783124],[106.516641,32.794128],[106.50727,32.81739],[106.504288,32.833035],[106.513396,32.836529],[106.517545,32.842189],[106.512331,32.845831],[106.516578,32.853869],[106.515401,32.860115],[106.505003,32.865115],[106.503082,32.88073]]]}},{"type":"Feature","properties":{"id":"cn:610722","name":"城固县","level":2},"geometry":{"type":"Polygon","coordinates":[[[107.031871,33.303214],[107.041513,33.313514],[107.038295,33.336323],[107.051264,33.345097],[107.053033,33.356907],[107.059725,33.362285],[107.059765,33.366202],[107.08451,33.377685],[107.08779,33.386866],[107.084432,33.390162],[107.084973,33.407333],[107.074149,33.411847],[107.070198,33.419123],[107.077059,33.423808],[107.075909,33.430657],[107.080461,33.434859],[107.074785,33.445435],[107.085741,33.456574],[107.077386,33.459472],[107.073517,33.472501],[107.063362,33.477898],[107.052228,33.510859],[107.046337,33.513649],[107.042834,33.520093],[107.051672,33.531755],[107.075874,33.530943],[107.079954,33.543064],[107.09103,33.545622],[107.094907,33.558928],[107.101012,33.559076],[107.10643,33.563265],[107.116474,33.586923],[107.121081,33.588481],[107.127948,33.619502],[107.139133,33.623129],[107.142181,33.640905],[107.151693,33.643924],[107.166127,33.666952],[107.184503,33.668457],[107.184048,33.659502],[107.18811,33.656015],[107.188395,33.650156],[107.202152,33.642053],[107.20548,33.633126],[107.210833,33.628898],[107.211338,33.621886],[107.223038,33.619063],[107.239277,33.622562],[107.246175,33.620205],[107.279228,33.623335],[107.285368,33.617157],[107.306535,33.609809],[107.314081,33.609677],[107.31095,33.616737],[107.319194,33.609428],[107.333227,33.612016],[107.3376,33.608433],[107.336627,33.596124],[107.3454,33.589079],[107.355482,33.574034],[107.368272,33.568972],[107.381947,33.569562],[107.388446,33.564077],[107.396929,33.567929],[107.405993,33.56373],[107.408661,33.555656],[107.41877,33.550646],[107.422819,33.53537],[107.409634,33.532191],[107.39454,33.520493],[107.382354,33.525006],[107.373373,33.518621],[107.36465,33.51779],[107.359417,33.523511],[107.344959,33.520723],[107.338968,33.51567],[107.348519,33.499078],[107.347799,33.49156],[107.351487,33.485973],[107.349758,33.47633],[107.344883,33.470693],[107.327356,33.461768],[107.329533,33.452274],[107.32414,33.447732],[107.325749,33.443683],[107.318957,33.435262],[107.318233,33.426015],[107.33522,33.406848],[107.336726,33.396322],[107.340643,33.392107],[107.334948,33.382183],[107.338181,33.362854],[107.334423,33.358579],[107.34473,33.350166],[107.343965,33.347615],[107.350387,33.343412],[107.357375,33.332225],[107.348003,33.318278],[107.355863,33.308573],[107.350306,33.304312],[107.349397,33.298111],[107.336957,33.289837],[107.341848,33.280207],[107.342032,33.272222],[107.338784,33.267495],[107.340399,33.258254],[107.337063,33.256945],[107.336151,33.244309],[107.339725,33.241847],[107.338512,33.235002],[107.350048,33.228703],[107.346844,33.227139],[107.344804,33.219349],[107.359936,33.220224],[107.359238,33.198351],[107.365216,33.193901],[107.362655,33.179859],[107.368249,33.172762],[107.365985,33.160794],[107.390291,33.150735],[107.398851,33.149793],[107.408389,33.154131],[107.398104,33.141776],[107.406903,33.132362],[107.401993,33.126509],[107.4077,33.120392],[107.403199,33.116524],[107.407036,33.1159],[107.415359,33.121459],[107.417225,33.11657],[107.430562,33.110642],[107.418184,33.095554],[107.424124,33.086238],[107.433091,33.083845],[107.428594,33.069813],[107.436097,33.060492],[107.434486,33.059066],[107.438757,33.054611],[107.452945,33.051951],[107.467926,33.062897],[107.477323,33.0617],[107.489951,33.04937],[107.48649,33.047792],[107.486486,33.043879],[107.49464,33.038893],[107.487929,33.028744],[107.47825,33.021459],[107.469348,33.024112],[107.465719,33.020916],[107.463698,32.998749],[107.469674,32.991046],[107.466332,32.98652],[107.454587,32.981758],[107.452432,32.976045],[107.461404,32.971884],[107.459359,32.957936],[107.453504,32.954582],[107.442252,32.956758],[107.432767,32.951498],[107.42345,32.933383],[107.406486,32.931706],[107.401456,32.942551],[107.396286,32.942871],[107.39814,32.954472],[107.39104,32.96269],[107.387776,32.975416],[107.380088,32.977163],[107.369364,32.96731],[107.359391,32.965317],[107.355242,32.960715],[107.354778,32.953206],[107.345217,32.951105],[107.34479,32.944152],[107.338938,32.944839],[107.327056,32.936962],[107.324809,32.930241],[107.315913,32.927359],[107.3183,32.919769],[107.311814,32.910472],[107.337448,32.900168],[107.343651,32.878981],[107.354807,32.863995],[107.355963,32.855542],[107.352417,32.847705],[107.363854,32.842006],[107.365922,32.833418],[107.384452,32.82901],[107.388935,32.821953],[107.385398,32.813762],[107.388288,32.807531],[107.383761,32.801952],[107.378674,32.784582],[107.388331,32.771311],[107.395317,32.770015],[107.381975,32.753402],[107.338435,32.750721],[107.318436,32.759113],[107.306062,32.756513],[107.293344,32.767017],[107.281521,32.76205],[107.268381,32.765253],[107.266369,32.75841],[107.260029,32.75635],[107.252609,32.771933],[107.261583,32.78137],[107.259331,32.784991],[107.237504,32.787882],[107.212597,32.785596],[107.203499,32.792355],[107.199787,32.811447],[107.188369,32.813276],[107.167526,32.830104],[107.163768,32.839556],[107.170061,32.844833],[107.158951,32.853141],[107.17109,32.863658],[107.15764,32.871683],[107.151437,32.88337],[107.183084,32.907043],[107.18152,32.915134],[107.17678,32.920509],[107.168255,32.921602],[107.168369,32.916861],[107.163333,32.915849],[107.163994,32.907699],[107.160627,32.900885],[107.15164,32.899562],[107.136563,32.88763],[107.123846,32.889051],[107.123844,32.899249],[107.139174,32.910013],[107.139135,32.921273],[107.130523,32.926468],[107.137798,32.92731],[107.139976,32.933278],[107.145029,32.932212],[107.151266,32.945946],[107.15975,32.943502],[107.172892,32.950982],[107.170362,32.95591],[107.148166,32.96215],[107.144385,32.969522],[107.144696,32.979599],[107.140199,32.980922],[107.139682,32.98675],[107.151894,32.994837],[107.152427,32.999721],[107.149084,33.000909],[107.162705,33.011125],[107.163901,33.016666],[107.177047,33.022062],[107.176703,33.024817],[107.187452,33.0324],[107.187043,33.039436],[107.181154,33.042505],[107.181033,33.046861],[107.174172,33.053752],[107.178224,33.055372],[107.182453,33.085142],[107.194011,33.095],[107.190334,33.102089],[107.192321,33.108414],[107.187104,33.114154],[107.176662,33.111241],[107.171546,33.106032],[107.164831,33.108482],[107.164435,33.111997],[107.17229,33.118728],[107.172771,33.125437],[107.164848,33.133582],[107.153568,33.136323],[107.157564,33.141937],[107.154907,33.161807],[107.138468,33.170405],[107.13934,33.17672],[107.144005,33.180392],[107.131091,33.181357],[107.122896,33.189436],[107.127427,33.202885],[107.140809,33.202766],[107.136145,33.212453],[107.141165,33.215714],[107.133886,33.220092],[107.128424,33.231098],[107.12085,33.236765],[107.117337,33.250943],[107.100227,33.251885],[107.10123,33.255902],[107.106599,33.255276],[107.104411,33.260213],[107.112977,33.263781],[107.098322,33.267854],[107.115226,33.272017],[107.114225,33.278826],[107.106774,33.27687],[107.114668,33.283885],[107.097779,33.280923],[107.08403,33.282648],[107.085978,33.287797],[107.075722,33.303739],[107.053499,33.28744],[107.044594,33.284688],[107.040615,33.287867],[107.040472,33.295108],[107.034099,33.29805],[107.031871,33.303214]]]}},{"type":"Feature","properties":{"id":"cn:610723","name":"洋县","level":2},"geometry":{"type":"Polygon","coordinates":[[[107.184048,33.659502],[107.184646,33.668239],[107.203983,33.665347],[107.227663,33.670446],[107.244781,33.682945],[107.259881,33.682111],[107.265747,33.686094],[107.269344,33.694873],[107.267791,33.698603],[107.272501,33.704355],[107.295103,33.708995],[107.312223,33.703873],[107.314831,33.697084],[107.327874,33.695404],[107.34567,33.686136],[107.354651,33.68444],[107.360693,33.690178],[107.366083,33.690723],[107.38001,33.679826],[107.379298,33.674809],[107.394476,33.660843],[107.392255,33.652083],[107.405632,33.645893],[107.424054,33.652201],[107.430689,33.652781],[107.435134,33.649642],[107.441975,33.660248],[107.453313,33.659918],[107.469315,33.671739],[107.480442,33.67394],[107.485853,33.680401],[107.48579,33.687573],[107.491483,33.685493],[107.4985,33.688733],[107.52108,33.683865],[107.533512,33.689797],[107.536909,33.698185],[107.546568,33.699289],[107.551094,33.706204],[107.557767,33.708588],[107.581057,33.700652],[107.594392,33.708723],[107.600629,33.716986],[107.622665,33.720809],[107.634087,33.718293],[107.642447,33.706716],[107.646905,33.708485],[107.65497,33.7034],[107.665517,33.704444],[107.669944,33.69857],[107.6666,33.687526],[107.667734,33.677366],[107.670997,33.675381],[107.668619,33.667587],[107.675314,33.660775],[107.675955,33.654221],[107.687124,33.653772],[107.693806,33.648488],[107.712199,33.648744],[107.720963,33.645661],[107.731381,33.623654],[107.727743,33.613121],[107.730404,33.588761],[107.721167,33.576512],[107.724656,33.573822],[107.725303,33.566552],[107.71913,33.551874],[107.724402,33.547506],[107.716651,33.534841],[107.725594,33.512995],[107.72194,33.508095],[107.723459,33.489773],[107.727603,33.481361],[107.749539,33.462439],[107.766812,33.455478],[107.790761,33.451846],[107.797418,33.455416],[107.824744,33.454492],[107.824646,33.450174],[107.830969,33.44449],[107.828382,33.438634],[107.839298,33.432528],[107.853415,33.438147],[107.859085,33.433179],[107.871381,33.440445],[107.883653,33.431933],[107.91034,33.429879],[107.913533,33.419262],[107.919203,33.415948],[107.922025,33.408501],[107.917881,33.390553],[107.934859,33.382944],[107.944958,33.370017],[107.940679,33.360576],[107.944205,33.350379],[107.94268,33.341807],[107.949329,33.336404],[107.966456,33.330869],[107.96619,33.320198],[107.971874,33.314159],[107.973077,33.293785],[107.965595,33.28276],[107.971207,33.275415],[107.968631,33.268872],[107.974219,33.264169],[107.973151,33.257769],[107.980641,33.263239],[107.994165,33.261619],[107.999454,33.264562],[108.001223,33.269947],[108.009181,33.271523],[108.015318,33.261074],[108.027879,33.253795],[108.024892,33.250313],[108.026766,33.246072],[108.042528,33.240838],[108.045313,33.23165],[108.0358,33.220802],[108.043484,33.211302],[108.03791,33.210537],[108.037874,33.198186],[108.028343,33.196386],[108.024345,33.187608],[108.025906,33.184314],[108.020543,33.180268],[108.016093,33.188032],[108.021397,33.194269],[108.013553,33.193084],[108.005723,33.198029],[108.002931,33.195096],[108.004411,33.176053],[108.002176,33.179932],[107.997175,33.177224],[107.989573,33.182748],[107.978375,33.173271],[107.96773,33.181118],[107.965515,33.178623],[107.96838,33.165369],[107.962087,33.160138],[107.956298,33.160431],[107.938568,33.175911],[107.92333,33.173736],[107.913572,33.165733],[107.904601,33.164332],[107.888898,33.164916],[107.886389,33.170686],[107.879491,33.163274],[107.873365,33.175435],[107.864539,33.171145],[107.851884,33.174],[107.836678,33.16903],[107.827091,33.174633],[107.827847,33.16641],[107.823504,33.163013],[107.822469,33.157212],[107.806168,33.147115],[107.798166,33.13704],[107.80063,33.127744],[107.77814,33.128635],[107.756134,33.120908],[107.758406,33.115669],[107.75362,33.109037],[107.745863,33.103349],[107.739044,33.104316],[107.738179,33.099556],[107.73088,33.093948],[107.719559,33.090654],[107.70175,33.071228],[107.689356,33.074143],[107.68136,33.067245],[107.666359,33.073454],[107.664959,33.079079],[107.659853,33.082648],[107.65205,33.077685],[107.645435,33.086981],[107.638261,33.086134],[107.622945,33.072865],[107.608732,33.078348],[107.602093,33.070904],[107.596427,33.069723],[107.593266,33.05672],[107.572873,33.043426],[107.56677,33.04383],[107.561043,33.048952],[107.547461,33.046779],[107.540367,33.049566],[107.538501,33.045233],[107.525224,33.043933],[107.517934,33.038042],[107.510124,33.038428],[107.513306,33.042677],[107.511639,33.044609],[107.502929,33.04391],[107.49464,33.038893],[107.490186,33.0411],[107.485826,33.045383],[107.489951,33.04937],[107.48409,33.057804],[107.476653,33.061853],[107.467926,33.062897],[107.466064,33.059106],[107.459512,33.058074],[107.456596,33.052446],[107.438757,33.054611],[107.428594,33.069813],[107.433091,33.083845],[107.424124,33.086238],[107.418184,33.095554],[107.430562,33.110642],[107.417225,33.11657],[107.415359,33.121459],[107.407036,33.1159],[107.403199,33.116524],[107.4077,33.120392],[107.401993,33.126509],[107.406903,33.132362],[107.398104,33.141776],[107.408389,33.154131],[107.398851,33.149793],[107.390291,33.150735],[107.365985,33.160794],[107.368249,33.172762],[107.362655,33.179859],[107.365216,33.193901],[107.359238,33.198351],[107.359936,33.220224],[107.344804,33.219349],[107.34996,33.228953],[107.338293,33.23531],[107.339854,33.241072],[107.336219,33.244038],[107.335896,33.251536],[107.337331,33.257571],[107.340399,33.258254],[107.338784,33.267495],[107.342004,33.271825],[107.341848,33.280207],[107.336957,33.289837],[107.349397,33.298111],[107.350306,33.304312],[107.355863,33.308573],[107.348003,33.318278],[107.357375,33.332225],[107.350387,33.343412],[107.343965,33.347615],[107.34473,33.350166],[107.334423,33.358579],[107.338181,33.362854],[107.334948,33.382183],[107.340643,33.392107],[107.336726,33.396322],[107.33522,33.406848],[107.318233,33.426015],[107.318957,33.435262],[107.325749,33.443683],[107.32414,33.447732],[107.329533,33.452274],[107.327356,33.461768],[107.344883,33.470693],[107.349758,33.47633],[107.351426,33.486541],[107.344122,33.509714],[107.339005,33.514945],[107.340708,33.518561],[107.359417,33.523511],[107.36465,33.51779],[107.37129,33.518062],[107.382354,33.525006],[107.39454,33.520493],[107.409634,33.532191],[107.422819,33.53537],[107.41877,33.550646],[107.408661,33.555656],[107.405993,33.56373],[107.396929,33.567929],[107.388446,33.564077],[107.381947,33.569562],[107.368272,33.568972],[107.355482,33.574034],[107.3454,33.589079],[107.336627,33.596124],[107.3376,33.608433],[107.333227,33.612016],[107.319194,33.609428],[107.31095,33.616737],[107.314081,33.609677],[107.306535,33.609809],[107.285368,33.617157],[107.279228,33.623335],[107.246175,33.620205],[107.239277,33.622562],[107.223038,33.619063],[107.211338,33.621886],[107.210833,33.628898],[107.20548,33.633126],[107.202802,33.641225],[107.188395,33.650156],[107.18811,33.656015],[107.184048,33.659502]]]}},{"type":"Feature","properties":{"id":"cn:610724","name":"西乡县","level":2},"geometry":{"type":"Polygon","coordinates":[[[107.25749,32.687806],[107.269406,32.701352],[107.270683,32.710254],[107.267803,32.717944],[107.278937,32.724374],[107.29387,32.724961],[107.304689,32.729206],[107.299314,32.736825],[107.301875,32.742516],[107.311418,32.747677],[107.310435,32.755687],[107.313385,32.759066],[107.338435,32.750721],[107.381495,32.753196],[107.395317,32.770015],[107.388331,32.771311],[107.378674,32.784582],[107.383761,32.801952],[107.388288,32.807531],[107.385398,32.813762],[107.388935,32.821953],[107.385254,32.828532],[107.365922,32.833418],[107.363854,32.842006],[107.352417,32.847705],[107.355963,32.855542],[107.354807,32.863995],[107.343651,32.878981],[107.337448,32.900168],[107.311814,32.910472],[107.3183,32.919769],[107.315913,32.927359],[107.324809,32.930241],[107.327056,32.936962],[107.338938,32.944839],[107.34479,32.944152],[107.345217,32.951105],[107.354778,32.953206],[107.355242,32.960715],[107.362487,32.967252],[107.369364,32.96731],[107.378345,32.976791],[107.38751,32.975626],[107.39104,32.96269],[107.39814,32.954472],[107.396383,32.942733],[107.401456,32.942551],[107.407256,32.931106],[107.420219,32.931609],[107.426351,32.935641],[107.432767,32.951498],[107.442252,32.956758],[107.454467,32.954712],[107.460079,32.95901],[107.461404,32.971884],[107.452432,32.976045],[107.454587,32.981758],[107.466332,32.98652],[107.469674,32.991046],[107.463698,32.998749],[107.465335,33.019855],[107.46814,33.023664],[107.47825,33.021459],[107.487929,33.028744],[107.49464,33.038893],[107.505282,33.044603],[107.512886,33.044033],[107.511558,33.037903],[107.517934,33.038042],[107.531067,33.045815],[107.536814,33.044397],[107.540367,33.049566],[107.547461,33.046779],[107.561043,33.048952],[107.56677,33.04383],[107.572873,33.043426],[107.593266,33.05672],[107.596427,33.069723],[107.602093,33.070904],[107.608732,33.078348],[107.622945,33.072865],[107.636954,33.085898],[107.645435,33.086981],[107.65205,33.077685],[107.659853,33.082648],[107.664959,33.079079],[107.666359,33.073454],[107.68136,33.067245],[107.689356,33.074143],[107.704151,33.072211],[107.707371,33.079823],[107.719559,33.090654],[107.73088,33.093948],[107.738179,33.099556],[107.739044,33.104316],[107.745863,33.103349],[107.75362,33.109037],[107.758406,33.115669],[107.756134,33.120908],[107.77814,33.128635],[107.80063,33.127744],[107.798166,33.13704],[107.806168,33.147115],[107.822469,33.157212],[107.823504,33.163013],[107.827847,33.16641],[107.827091,33.174633],[107.836678,33.16903],[107.851884,33.174],[107.864539,33.171145],[107.873365,33.175435],[107.879491,33.163274],[107.886389,33.170686],[107.888898,33.164916],[107.904601,33.164332],[107.913572,33.165733],[107.92333,33.173736],[107.938568,33.175911],[107.956298,33.160431],[107.962796,33.160283],[107.96838,33.165369],[107.965515,33.178623],[107.96773,33.181118],[107.978375,33.173271],[107.989573,33.182748],[107.997175,33.177224],[108.002176,33.179932],[108.004411,33.176053],[108.002931,33.195096],[108.005723,33.198029],[108.013553,33.193084],[108.021397,33.194269],[108.016125,33.188555],[108.016357,33.184122],[108.020105,33.180307],[108.023515,33.181845],[108.028343,33.196386],[108.038089,33.198603],[108.03791,33.210537],[108.043464,33.21118],[108.0358,33.220802],[108.041743,33.227759],[108.071754,33.214801],[108.072986,33.211741],[108.065755,33.205374],[108.069859,33.199421],[108.074248,33.20817],[108.091854,33.216561],[108.09522,33.211365],[108.102713,33.212482],[108.105126,33.209626],[108.103382,33.204075],[108.108904,33.203574],[108.1003,33.200397],[108.10813,33.198437],[108.105443,33.191439],[108.100326,33.190677],[108.084429,33.17777],[108.0919,33.175676],[108.097243,33.168306],[108.098514,33.161925],[108.095395,33.154627],[108.098822,33.14751],[108.094493,33.14662],[108.0936,33.139858],[108.101437,33.114587],[108.089336,33.101787],[108.085753,33.085043],[108.090194,33.066256],[108.103956,33.053082],[108.108711,33.042487],[108.115706,33.04072],[108.114627,33.028614],[108.127479,33.023028],[108.138917,33.00356],[108.119652,32.989212],[108.116196,32.977949],[108.117211,32.968937],[108.123465,32.959143],[108.11706,32.938079],[108.108675,32.935977],[108.102993,32.919793],[108.0924,32.92498],[108.086509,32.915481],[108.078013,32.915516],[108.070777,32.889523],[108.064097,32.881353],[108.068283,32.87618],[108.090767,32.874555],[108.095838,32.845981],[108.105877,32.823009],[108.110947,32.818615],[108.119265,32.817249],[108.125456,32.810974],[108.123394,32.804523],[108.117362,32.802465],[108.121559,32.795149],[108.116319,32.795962],[108.122546,32.788285],[108.131672,32.791557],[108.132501,32.788681],[108.120773,32.775083],[108.131298,32.775744],[108.138264,32.783323],[108.1459,32.784028],[108.149181,32.776421],[108.145093,32.772141],[108.148231,32.768557],[108.16252,32.770231],[108.164661,32.765711],[108.176864,32.763605],[108.1851,32.768306],[108.200959,32.761772],[108.203953,32.750558],[108.21801,32.741537],[108.21857,32.733873],[108.225981,32.733171],[108.236035,32.718766],[108.234368,32.706199],[108.223016,32.696887],[108.211937,32.699177],[108.203403,32.692993],[108.191766,32.69661],[108.18836,32.691092],[108.178353,32.688129],[108.187962,32.671668],[108.181776,32.660958],[108.175217,32.667024],[108.150618,32.667715],[108.1472,32.673934],[108.140386,32.667794],[108.13866,32.656836],[108.133088,32.657773],[108.116396,32.648697],[108.112272,32.653023],[108.105972,32.650014],[108.106093,32.645116],[108.102458,32.642105],[108.097756,32.648826],[108.089967,32.645825],[108.086043,32.667274],[108.072575,32.682122],[108.05769,32.689334],[108.060527,32.698629],[108.05723,32.707876],[108.05117,32.711976],[108.043803,32.723945],[108.030163,32.726748],[108.029874,32.737703],[108.025006,32.741043],[108.016991,32.758153],[108.01653,32.783919],[108.010719,32.798552],[108.014439,32.814559],[108.011794,32.826343],[108.004422,32.83328],[108.002306,32.841563],[107.992257,32.841332],[107.983285,32.84513],[107.970455,32.834748],[107.96,32.833498],[107.95427,32.818211],[107.943236,32.814741],[107.952274,32.810794],[107.949523,32.808641],[107.932033,32.807078],[107.928094,32.814248],[107.923995,32.813196],[107.925418,32.799782],[107.923065,32.793375],[107.927311,32.790425],[107.928928,32.783772],[107.913962,32.778384],[107.905694,32.765526],[107.891499,32.7549],[107.885453,32.760899],[107.858487,32.765707],[107.856642,32.768859],[107.859256,32.773149],[107.851441,32.774885],[107.830484,32.764319],[107.821644,32.769721],[107.803198,32.772029],[107.789471,32.768954],[107.768134,32.758195],[107.758228,32.758973],[107.749074,32.769436],[107.748002,32.779025],[107.752936,32.796394],[107.742873,32.815474],[107.722512,32.826258],[107.718035,32.82348],[107.716167,32.812888],[107.709395,32.81049],[107.690199,32.811923],[107.691601,32.798068],[107.685308,32.792478],[107.673824,32.789411],[107.666519,32.774504],[107.670513,32.750108],[107.641968,32.734022],[107.639591,32.729377],[107.629415,32.72873],[107.624447,32.722036],[107.624454,32.704599],[107.621281,32.698033],[107.605546,32.686133],[107.582095,32.683975],[107.582326,32.678579],[107.554313,32.669305],[107.549356,32.657392],[107.551746,32.650817],[107.547762,32.636295],[107.536336,32.639078],[107.527706,32.63465],[107.51748,32.618735],[107.516609,32.608769],[107.505387,32.61003],[107.500393,32.615863],[107.485673,32.608891],[107.49339,32.584233],[107.484911,32.577677],[107.491437,32.569148],[107.493214,32.5605],[107.487178,32.561095],[107.48028,32.557201],[107.470918,32.561167],[107.461909,32.549029],[107.452732,32.549491],[107.449411,32.545734],[107.430395,32.543356],[107.427151,32.533082],[107.401305,32.54126],[107.373101,32.540987],[107.373074,32.551047],[107.362004,32.550188],[107.358081,32.558552],[107.358522,32.566302],[107.34581,32.568854],[107.348211,32.576029],[107.34407,32.589781],[107.345399,32.595156],[107.353822,32.600778],[107.349465,32.611189],[107.355,32.622553],[107.350719,32.625435],[107.347526,32.63763],[107.338782,32.637477],[107.333652,32.640864],[107.326829,32.638416],[107.318432,32.642824],[107.298935,32.645712],[107.292192,32.654787],[107.283846,32.65688],[107.280635,32.679965],[107.261587,32.683467],[107.25749,32.687806]]]}},{"type":"Feature","properties":{"id":"cn:610725","name":"勉县","level":2},"geometry":{"type":"Polygon","coordinates":[[[106.343634,33.075801],[106.35166,33.081913],[106.350124,33.07375],[106.357614,33.072481],[106.356178,33.069511],[106.363309,33.069215],[106.361992,33.073977],[106.361422,33.071882],[106.355837,33.074184],[106.354921,33.077503],[106.359802,33.081205],[106.366633,33.078362],[106.365971,33.085721],[106.356514,33.09073],[106.358303,33.093634],[106.368091,33.091548],[106.372816,33.099195],[106.365968,33.108522],[106.356056,33.108867],[106.355192,33.114084],[106.362749,33.120982],[106.363757,33.127724],[106.377419,33.149372],[106.389023,33.155067],[106.393472,33.150134],[106.399322,33.155749],[106.41173,33.156974],[106.412171,33.16064],[106.418577,33.163202],[106.42709,33.163166],[106.437501,33.15807],[106.442614,33.160037],[106.445388,33.162813],[106.443142,33.171173],[106.457316,33.188525],[106.457533,33.192526],[106.451189,33.193587],[106.447954,33.207889],[106.453311,33.204663],[106.468238,33.203665],[106.461707,33.210042],[106.466805,33.22019],[106.474561,33.215288],[106.478174,33.219443],[106.488633,33.22064],[106.459604,33.243771],[106.464106,33.262772],[106.454164,33.273401],[106.457299,33.282679],[106.472193,33.29363],[106.474504,33.304311],[106.471688,33.307777],[106.488864,33.309989],[106.486055,33.321094],[106.494346,33.331511],[106.494742,33.338886],[106.499909,33.341567],[106.504028,33.339354],[106.508612,33.344722],[106.509345,33.355598],[106.514805,33.359158],[106.517001,33.366413],[106.505859,33.373223],[106.508961,33.385604],[106.501695,33.425433],[106.490765,33.434822],[106.489856,33.442607],[106.481538,33.445949],[106.484722,33.460615],[106.492538,33.470105],[106.48761,33.482712],[106.479589,33.48923],[106.480023,33.498737],[106.473375,33.507172],[106.472131,33.516053],[106.464128,33.523438],[106.473271,33.521011],[106.490111,33.532122],[106.502416,33.527222],[106.510639,33.514922],[106.517715,33.51984],[106.537147,33.514893],[106.54427,33.525178],[106.552333,33.529604],[106.559078,33.544908],[106.553818,33.564886],[106.555823,33.572669],[106.576635,33.57777],[106.577033,33.581358],[106.571286,33.585504],[106.574945,33.588876],[106.585401,33.582205],[106.594695,33.580686],[106.598709,33.589437],[106.611131,33.595708],[106.615556,33.59412],[106.62169,33.606016],[106.619128,33.616083],[106.626544,33.622376],[106.627572,33.630235],[106.632903,33.631608],[106.634913,33.635566],[106.648742,33.636602],[106.655651,33.631917],[106.665314,33.617757],[106.674442,33.613581],[106.675095,33.605913],[106.680802,33.596795],[106.670194,33.575084],[106.672464,33.568163],[106.664732,33.549881],[106.661728,33.523325],[106.65826,33.516208],[106.649973,33.51021],[106.65065,33.500162],[106.658445,33.487119],[106.66786,33.48196],[106.729584,33.510428],[106.74021,33.511758],[106.748225,33.522816],[106.760193,33.525609],[106.781382,33.536751],[106.785843,33.529739],[106.783072,33.515631],[106.789183,33.510176],[106.794379,33.509789],[106.789362,33.502777],[106.79683,33.48653],[106.806534,33.479957],[106.804773,33.474847],[106.807657,33.47049],[106.814252,33.464913],[106.823241,33.463897],[106.840106,33.449127],[106.809011,33.434643],[106.81685,33.424178],[106.831014,33.424784],[106.832811,33.408134],[106.837391,33.407853],[106.836009,33.400711],[106.850236,33.388538],[106.858769,33.386842],[106.861607,33.37968],[106.866149,33.378365],[106.867471,33.372472],[106.874234,33.367215],[106.862412,33.359454],[106.857176,33.344935],[106.859485,33.333182],[106.866421,33.326847],[106.864998,33.32098],[106.871881,33.307716],[106.870302,33.303614],[106.876818,33.296536],[106.864193,33.282033],[106.858099,33.279986],[106.861226,33.277629],[106.85508,33.270366],[106.864391,33.262597],[106.880381,33.264393],[106.877512,33.260173],[106.886691,33.256766],[106.891431,33.246896],[106.896524,33.246806],[106.906732,33.253554],[106.92675,33.251015],[106.933707,33.245643],[106.937082,33.237703],[106.95111,33.235668],[106.958977,33.229514],[106.961097,33.211639],[106.955471,33.193614],[106.931047,33.163563],[106.93394,33.161086],[106.933371,33.15423],[106.927203,33.151013],[106.927813,33.135119],[106.919081,33.122426],[106.929178,33.120764],[106.931332,33.109346],[106.910088,33.128777],[106.907756,33.127238],[106.910927,33.12585],[106.90694,33.12225],[106.897325,33.118435],[106.89639,33.112898],[106.88675,33.110991],[106.869746,33.113708],[106.856796,33.10852],[106.854398,33.100812],[106.848972,33.098293],[106.834617,33.097735],[106.838892,33.100794],[106.832989,33.101016],[106.825747,33.095506],[106.82768,33.091254],[106.81893,33.09149],[106.816903,33.097888],[106.812518,33.093637],[106.796208,33.090537],[106.796727,33.083046],[106.784753,33.078545],[106.776427,33.088188],[106.765136,33.078408],[106.761163,33.068964],[106.755022,33.067998],[106.750317,33.052545],[106.735538,33.051662],[106.727748,33.0471],[106.74892,33.045501],[106.754698,33.037419],[106.744881,33.034868],[106.74617,33.028665],[106.734798,33.022939],[106.725736,33.012319],[106.727278,33.007892],[106.722724,33.003346],[106.710955,33.000833],[106.716042,32.994958],[106.716616,32.986461],[106.721917,32.98666],[106.725743,32.981527],[106.710578,32.966486],[106.710951,32.959886],[106.721741,32.952587],[106.729618,32.956295],[106.734426,32.953735],[106.735593,32.947329],[106.731004,32.942384],[106.733807,32.939514],[106.730017,32.937458],[106.733874,32.933729],[106.722535,32.936743],[106.713701,32.926042],[106.724939,32.923418],[106.714907,32.905863],[106.710727,32.905748],[106.706193,32.910551],[106.68948,32.907943],[106.686846,32.906523],[106.687001,32.897882],[106.667811,32.892761],[106.649028,32.896777],[106.64138,32.911038],[106.635512,32.914644],[106.623021,32.913671],[106.600623,32.919816],[106.575962,32.912567],[106.564389,32.902764],[106.547372,32.9013],[106.531594,32.894104],[106.522013,32.895571],[106.505504,32.911468],[106.508038,32.91879],[106.505015,32.925084],[106.505991,32.941996],[106.509246,32.945432],[106.513297,32.939452],[106.515827,32.943289],[106.519277,32.939872],[106.519843,32.946312],[106.525714,32.950169],[106.525296,32.956854],[106.547441,32.961445],[106.54374,32.968543],[106.548661,32.972392],[106.551969,32.971067],[106.550225,32.980304],[106.580414,32.99423],[106.57478,33.004443],[106.559623,33.005762],[106.55924,33.003015],[106.551436,33.00137],[106.548987,33.00424],[106.547694,33.001415],[106.54494,33.003935],[106.533799,33.002604],[106.52849,33.015052],[106.532249,33.02259],[106.516604,33.015089],[106.503689,33.013995],[106.497424,33.020704],[106.479057,33.021134],[106.471311,33.016501],[106.469299,33.023919],[106.465462,33.022621],[106.461028,33.034102],[106.447198,33.044148],[106.44555,33.056203],[106.439376,33.058778],[106.434155,33.066719],[106.428782,33.06782],[106.428886,33.065005],[106.423513,33.064718],[106.42187,33.058428],[106.415088,33.057673],[106.413772,33.053512],[106.400802,33.051981],[106.393689,33.054413],[106.382398,33.048575],[106.376354,33.056654],[106.364705,33.050123],[106.370925,33.056124],[106.362359,33.060669],[106.360517,33.054822],[106.357131,33.068827],[106.353655,33.06987],[106.353101,33.065702],[106.349837,33.066454],[106.343634,33.075801]]]}},{"type":"Feature","properties":{"id":"cn:610726","name":"宁强县","level":2},"geometry":{"type":"Polygon","coordinates":[[[106.067692,32.759593],[106.068195,32.769615],[106.057084,32.770119],[106.059705,32.783344],[106.075886,32.787625],[106.081016,32.795245],[106.089715,32.796117],[106.090617,32.813053],[106.087466,32.817534],[106.089495,32.825723],[106.08238,32.828017],[106.065824,32.826007],[106.066749,32.831014],[106.045497,32.849376],[106.042584,32.854256],[106.044817,32.859153],[106.038102,32.867086],[106.03808,32.861243],[106.032494,32.859359],[106.032075,32.854176],[106.018447,32.860857],[106.017709,32.846254],[106.009639,32.840785],[106.00762,32.831819],[105.991326,32.830172],[105.98014,32.843702],[105.964636,32.851423],[105.956373,32.847916],[105.946477,32.837306],[105.926234,32.827925],[105.889507,32.840748],[105.854055,32.829705],[105.847041,32.820372],[105.827405,32.828311],[105.821927,32.827606],[105.817665,32.814244],[105.822302,32.805281],[105.813169,32.792593],[105.818742,32.772384],[105.807596,32.7745],[105.797457,32.761878],[105.777518,32.751505],[105.764966,32.769699],[105.754158,32.76614],[105.74395,32.769295],[105.732135,32.756068],[105.715416,32.761911],[105.707222,32.757883],[105.696345,32.74479],[105.685407,32.744822],[105.674322,32.728844],[105.665598,32.729783],[105.654921,32.722936],[105.648879,32.723071],[105.63908,32.711758],[105.627464,32.710818],[105.621822,32.70444],[105.59282,32.701653],[105.583289,32.731463],[105.562864,32.726598],[105.552725,32.734386],[105.551719,32.749089],[105.554271,32.755266],[105.564549,32.761073],[105.563671,32.767383],[105.552196,32.773562],[105.551389,32.796624],[105.542118,32.796625],[105.534063,32.791991],[105.529228,32.794945],[105.524601,32.807634],[105.528968,32.821633],[105.521382,32.836336],[105.520878,32.849883],[105.514263,32.853743],[105.511208,32.862068],[105.503586,32.863663],[105.491798,32.875295],[105.488214,32.887598],[105.489759,32.907538],[105.495337,32.913954],[105.510337,32.921189],[105.521119,32.922381],[105.532693,32.909855],[105.54676,32.911838],[105.561999,32.909082],[105.576156,32.888878],[105.58705,32.87903],[105.602292,32.878114],[105.634672,32.881554],[105.657267,32.898739],[105.695662,32.905595],[105.731591,32.907403],[105.784993,32.930494],[105.82317,32.952897],[105.858004,32.941147],[105.913751,32.99603],[105.919245,33.008159],[105.919816,33.022352],[105.926554,33.028867],[105.924362,33.043672],[105.912728,33.051223],[105.90962,33.058146],[105.91259,33.070237],[105.925503,33.072959],[105.929585,33.079128],[105.915505,33.092752],[105.914995,33.107545],[105.92402,33.114478],[105.933086,33.115697],[105.934269,33.122184],[105.920955,33.123497],[105.917224,33.131009],[105.917518,33.136738],[105.927918,33.144273],[105.922198,33.148873],[105.917293,33.149342],[105.900869,33.139756],[105.893795,33.142522],[105.894915,33.151688],[105.90258,33.159006],[105.921878,33.169627],[105.923914,33.16689],[105.916066,33.158952],[105.923699,33.153312],[105.92956,33.156896],[105.942463,33.156506],[105.955773,33.14695],[105.963438,33.153118],[105.967838,33.149305],[105.982998,33.157191],[105.986764,33.150244],[105.983144,33.141456],[105.985611,33.13137],[105.993612,33.12287],[105.998919,33.110953],[106.024752,33.113714],[106.032105,33.109228],[106.040665,33.112822],[106.047298,33.110139],[106.050581,33.11351],[106.03965,33.119377],[106.039399,33.122458],[106.058812,33.123858],[106.071476,33.135291],[106.079822,33.135305],[106.084103,33.140845],[106.099198,33.139531],[106.111833,33.149334],[106.114631,33.162237],[106.140934,33.176167],[106.148785,33.186799],[106.164153,33.193313],[106.194573,33.194735],[106.204765,33.201965],[106.216485,33.202126],[106.218129,33.205745],[106.231149,33.212075],[106.271421,33.209748],[106.283717,33.200964],[106.294187,33.198479],[106.299742,33.192701],[106.305694,33.19287],[106.31166,33.183925],[106.328891,33.181951],[106.33597,33.166495],[106.34526,33.166548],[106.351679,33.159449],[106.35471,33.161734],[106.361596,33.160294],[106.359875,33.155164],[106.364082,33.147102],[106.372151,33.141179],[106.355144,33.110148],[106.359907,33.107316],[106.365968,33.108522],[106.372816,33.099195],[106.368091,33.091548],[106.358303,33.093634],[106.356514,33.09073],[106.365971,33.085721],[106.366633,33.078362],[106.359802,33.081205],[106.354921,33.077503],[106.355837,33.074184],[106.361422,33.071882],[106.361992,33.073977],[106.363213,33.069031],[106.350124,33.07375],[106.35166,33.081913],[106.343634,33.075801],[106.349837,33.066454],[106.353101,33.065702],[106.353655,33.06987],[106.357131,33.068827],[106.360517,33.054822],[106.362359,33.060669],[106.370925,33.056124],[106.364705,33.050123],[106.376354,33.056654],[106.382398,33.048575],[106.393689,33.054413],[106.400802,33.051981],[106.413772,33.053512],[106.415088,33.057673],[106.42187,33.058428],[106.423513,33.064718],[106.43054,33.067697],[106.44555,33.056203],[106.447198,33.044148],[106.461028,33.034102],[106.465462,33.022621],[106.469299,33.023919],[106.471311,33.016501],[106.479057,33.021134],[106.497424,33.020704],[106.503689,33.013995],[106.516604,33.015089],[106.532249,33.02259],[106.52849,33.015052],[106.533799,33.002604],[106.54494,33.003935],[106.547694,33.001415],[106.548987,33.00424],[106.55169,33.001384],[106.560014,33.003437],[106.559623,33.005762],[106.571364,33.006129],[106.580371,32.996004],[106.550225,32.980304],[106.551969,32.971067],[106.548661,32.972392],[106.54374,32.968543],[106.547441,32.961445],[106.525296,32.956854],[106.525714,32.950169],[106.519843,32.946312],[106.519588,32.940096],[106.515827,32.943289],[106.513297,32.939452],[106.509246,32.945432],[106.505991,32.941996],[106.505015,32.925084],[106.508038,32.91879],[106.505504,32.911468],[106.511716,32.902799],[106.523491,32.894919],[106.503146,32.881363],[106.505003,32.865115],[106.515401,32.860115],[106.516578,32.853869],[106.512331,32.845831],[106.517545,32.842189],[106.513396,32.836529],[106.504288,32.833035],[106.505835,32.822857],[106.516508,32.794359],[106.527404,32.783124],[106.527814,32.769082],[106.539086,32.761979],[106.543855,32.753546],[106.551161,32.753978],[106.552594,32.751267],[106.549911,32.74136],[106.534885,32.732776],[106.532785,32.725932],[106.525338,32.720787],[106.525929,32.714443],[106.518851,32.706872],[106.529477,32.681413],[106.529351,32.673895],[106.498596,32.663371],[106.494638,32.651683],[106.462867,32.653451],[106.447858,32.662516],[106.446044,32.641484],[106.417173,32.618775],[106.404222,32.621476],[106.398179,32.619463],[106.384846,32.628744],[106.383031,32.637373],[106.378405,32.639521],[106.379073,32.648586],[106.34638,32.674262],[106.320332,32.675239],[106.29804,32.682086],[106.2885,32.675441],[106.270548,32.672869],[106.261755,32.677903],[106.258769,32.68705],[106.251251,32.695846],[106.215296,32.695644],[106.207007,32.700579],[106.201902,32.69709],[106.170279,32.699724],[106.167727,32.711204],[106.149602,32.707846],[106.141277,32.72245],[106.10764,32.72386],[106.104957,32.733997],[106.089784,32.740243],[106.084446,32.748298],[106.079177,32.749036],[106.067692,32.759593]],[[106.072101,32.763557],[106.07253,32.759769],[106.086175,32.764973],[106.084101,32.774931],[106.072101,32.763557]]]}},{"type":"Feature","properties":{"id":"cn:610727","name":"略阳县","level":2},"geometry":{"type":"MultiPolygon","coordinates":[[[[105.705164,33.382529],[105.709539,33.388252],[105.728992,33.39282],[105.748688,33.385928],[105.775786,33.386351],[105.802877,33.380355],[105.823406,33.381931],[105.834161,33.412622],[105.83312,33.433252],[105.827164,33.458244],[105.83871,33.477705],[105.838198,33.491916],[105.847,33.501295],[105.874196,33.51958],[105.880385,33.537573],[105.889821,33.541796],[105.895967,33.555744],[105.903111,33.55825],[105.915724,33.556612],[105.936357,33.572377],[105.955793,33.597535],[105.958293,33.60827],[105.95254,33.615036],[105.981263,33.613325],[105.994997,33.605829],[106.014203,33.611807],[106.015203,33.600326],[106.0244,33.596851],[106.039668,33.610654],[106.048159,33.610679],[106.059749,33.605639],[106.082448,33.618609],[106.095235,33.614514],[106.096544,33.611031],[106.106362,33.610541],[106.113091,33.604125],[106.125383,33.60595],[106.127123,33.598663],[106.122223,33.594544],[106.116959,33.591913],[106.106625,33.593442],[106.107131,33.588688],[106.100366,33.575047],[106.104297,33.571293],[106.129024,33.573359],[106.126785,33.581185],[106.146903,33.585783],[106.149721,33.582808],[106.137297,33.576892],[106.140674,33.572983],[106.139976,33.565235],[106.145376,33.56331],[106.147209,33.558535],[106.156985,33.558],[106.16442,33.553048],[106.183099,33.54812],[106.195453,33.549898],[106.21034,33.560373],[106.233412,33.565758],[106.260756,33.590143],[106.283907,33.602623],[106.304506,33.605033],[106.330999,33.588607],[106.347188,33.588744],[106.367318,33.600315],[106.380607,33.613525],[106.402621,33.618888],[106.427066,33.620563],[106.436102,33.61867],[106.443454,33.612663],[106.449765,33.583511],[106.452846,33.534442],[106.472131,33.516053],[106.473375,33.507172],[106.480023,33.498737],[106.479589,33.48923],[106.48761,33.482712],[106.492538,33.470105],[106.484722,33.460615],[106.481538,33.445949],[106.489856,33.442607],[106.490765,33.434822],[106.501695,33.425433],[106.508961,33.385604],[106.505859,33.373223],[106.517001,33.366413],[106.514805,33.359158],[106.509345,33.355598],[106.508612,33.344722],[106.504028,33.339354],[106.499909,33.341567],[106.494742,33.338886],[106.494346,33.331511],[106.486055,33.321094],[106.488864,33.309989],[106.471688,33.307777],[106.474504,33.304311],[106.472193,33.29363],[106.457038,33.282269],[106.454161,33.273209],[106.464106,33.262772],[106.459604,33.243771],[106.488737,33.221336],[106.478174,33.219443],[106.474561,33.215288],[106.466805,33.22019],[106.461707,33.210042],[106.468238,33.203665],[106.453311,33.204663],[106.447954,33.207889],[106.451189,33.193587],[106.457533,33.192526],[106.457316,33.188525],[106.443142,33.171173],[106.445388,33.162813],[106.442614,33.160037],[106.437501,33.15807],[106.42709,33.163166],[106.418577,33.163202],[106.412171,33.16064],[106.41173,33.156974],[106.399322,33.155749],[106.393472,33.150134],[106.390437,33.15494],[106.383647,33.15322],[106.372131,33.143132],[106.368447,33.143139],[106.359875,33.155164],[106.361596,33.160294],[106.35471,33.161734],[106.351679,33.159449],[106.34526,33.166548],[106.33597,33.166495],[106.328891,33.181951],[106.31166,33.183925],[106.305694,33.19287],[106.299742,33.192701],[106.294187,33.198479],[106.283717,33.200964],[106.271421,33.209748],[106.230749,33.212042],[106.218129,33.205745],[106.216485,33.202126],[106.204765,33.201965],[106.194573,33.194735],[106.164153,33.193313],[106.148785,33.186799],[106.140934,33.176167],[106.114631,33.162237],[106.111833,33.149334],[106.099198,33.139531],[106.084103,33.140845],[106.079822,33.135305],[106.071476,33.135291],[106.058812,33.123858],[106.040277,33.122925],[106.038941,33.120089],[106.04763,33.116969],[106.051359,33.111761],[106.045455,33.110081],[106.040665,33.112822],[106.032105,33.109228],[106.026637,33.11365],[105.998919,33.110953],[105.993612,33.12287],[105.985611,33.13137],[105.983144,33.141456],[105.986823,33.149431],[105.983849,33.156721],[105.967838,33.149305],[105.963438,33.153118],[105.96415,33.194142],[105.961477,33.206525],[105.936121,33.220112],[105.917605,33.238266],[105.902858,33.242201],[105.8512,33.236802],[105.831834,33.25311],[105.792225,33.26188],[105.787859,33.267161],[105.785975,33.281828],[105.763562,33.284376],[105.754821,33.289199],[105.743905,33.300673],[105.741996,33.30755],[105.742004,33.312364],[105.750772,33.320381],[105.751335,33.33069],[105.730294,33.348361],[105.705164,33.382529]]],[[[105.913172,33.180365],[105.924076,33.188386],[105.92137,33.191276],[105.922984,33.199469],[105.931651,33.20019],[105.932881,33.194918],[105.941783,33.190174],[105.94218,33.186663],[105.93543,33.187193],[105.927406,33.178492],[105.93012,33.176078],[105.942327,33.177252],[105.937513,33.169189],[105.941815,33.164566],[105.942463,33.156506],[105.92956,33.156896],[105.923699,33.153312],[105.917111,33.157775],[105.923914,33.16689],[105.913172,33.180365]]]]}},{"type":"Feature","properties":{"id":"cn:610728","name":"镇巴县","level":2},"geometry":{"type":"Polygon","coordinates":[[[107.424219,32.504134],[107.432197,32.518324],[107.431507,32.531802],[107.427151,32.533082],[107.430395,32.543356],[107.449411,32.545734],[107.452732,32.549491],[107.461909,32.549029],[107.470918,32.561167],[107.48028,32.557201],[107.487178,32.561095],[107.493214,32.5605],[107.491437,32.569148],[107.484911,32.577677],[107.49339,32.584233],[107.485673,32.608891],[107.500393,32.615863],[107.505387,32.61003],[107.516609,32.608769],[107.51748,32.618735],[107.527706,32.63465],[107.536336,32.639078],[107.547762,32.636295],[107.551746,32.650817],[107.549356,32.657392],[107.554313,32.669305],[107.582326,32.678579],[107.582095,32.683975],[107.605546,32.686133],[107.623511,32.701233],[107.62356,32.718216],[107.629415,32.72873],[107.639591,32.729377],[107.641968,32.734022],[107.670479,32.750056],[107.666519,32.774504],[107.673824,32.789411],[107.685308,32.792478],[107.691601,32.798068],[107.690199,32.811923],[107.709395,32.81049],[107.716167,32.812888],[107.718035,32.82348],[107.722512,32.826258],[107.742873,32.815474],[107.752936,32.796394],[107.748002,32.779025],[107.749074,32.769436],[107.758228,32.758973],[107.768134,32.758195],[107.789471,32.768954],[107.803198,32.772029],[107.821644,32.769721],[107.830484,32.764319],[107.851441,32.774885],[107.859256,32.773149],[107.856642,32.768859],[107.858487,32.765707],[107.885453,32.760899],[107.891499,32.7549],[107.905694,32.765526],[107.913962,32.778384],[107.928928,32.783772],[107.927311,32.790425],[107.923065,32.793375],[107.925418,32.799782],[107.923995,32.813196],[107.928094,32.814248],[107.932033,32.807078],[107.949523,32.808641],[107.952274,32.810794],[107.943404,32.814991],[107.95427,32.818211],[107.96,32.833498],[107.970455,32.834748],[107.980884,32.84514],[108.002306,32.841563],[108.004422,32.83328],[108.011794,32.826343],[108.014439,32.814559],[108.010719,32.798552],[108.01653,32.783919],[108.016991,32.758153],[108.025006,32.741043],[108.029874,32.737703],[108.030163,32.726748],[108.043803,32.723945],[108.05117,32.711976],[108.05723,32.707876],[108.060527,32.698629],[108.05769,32.689334],[108.072575,32.682122],[108.086043,32.667274],[108.089967,32.645825],[108.097756,32.648826],[108.102458,32.642105],[108.106093,32.645116],[108.105972,32.650014],[108.112272,32.653023],[108.116396,32.648697],[108.133088,32.657773],[108.13866,32.656836],[108.140386,32.667794],[108.1472,32.673934],[108.150618,32.667715],[108.175217,32.667024],[108.181374,32.660734],[108.187962,32.671668],[108.178247,32.687841],[108.18836,32.691092],[108.19093,32.696443],[108.203403,32.692993],[108.214464,32.698878],[108.238786,32.694505],[108.250055,32.688497],[108.25246,32.685148],[108.247688,32.680311],[108.248873,32.669938],[108.255735,32.651513],[108.248336,32.644466],[108.264878,32.626771],[108.266233,32.621737],[108.259802,32.610145],[108.243354,32.60535],[108.219444,32.616321],[108.193071,32.618133],[108.186289,32.62143],[108.172811,32.613113],[108.182096,32.603813],[108.187115,32.606902],[108.207995,32.600744],[108.2305,32.577751],[108.244955,32.573458],[108.249043,32.565947],[108.246047,32.560575],[108.247458,32.54736],[108.250693,32.541517],[108.256584,32.538819],[108.257794,32.530797],[108.278365,32.524106],[108.270217,32.511855],[108.280287,32.502526],[108.278467,32.495441],[108.259399,32.493162],[108.25755,32.484623],[108.252466,32.482024],[108.249874,32.475355],[108.234241,32.473633],[108.227838,32.465188],[108.220175,32.465116],[108.213881,32.461229],[108.195548,32.439779],[108.178269,32.439459],[108.185375,32.433537],[108.181264,32.428556],[108.135761,32.441179],[108.120887,32.440259],[108.111256,32.435063],[108.111764,32.422712],[108.122531,32.407169],[108.118144,32.405429],[108.118577,32.398298],[108.130937,32.389486],[108.131017,32.377899],[108.123676,32.376598],[108.112593,32.387681],[108.098166,32.380637],[108.102268,32.371208],[108.113329,32.363929],[108.111426,32.361086],[108.130404,32.339559],[108.118699,32.332636],[108.119134,32.329042],[108.144823,32.30188],[108.166127,32.286],[108.167029,32.28145],[108.177132,32.271477],[108.172237,32.268554],[108.171465,32.264081],[108.174553,32.252264],[108.154994,32.247416],[108.15168,32.243358],[108.153739,32.240463],[108.148462,32.238677],[108.140693,32.223983],[108.135936,32.220755],[108.119634,32.219851],[108.113497,32.22522],[108.100589,32.227162],[108.08519,32.235743],[108.074582,32.232272],[108.066266,32.235304],[108.056032,32.222568],[108.046892,32.22453],[108.041032,32.217817],[108.025659,32.222453],[108.013793,32.213375],[108.02065,32.205092],[108.012794,32.194389],[108.01552,32.190079],[108.013463,32.18632],[108.018558,32.184226],[108.019721,32.179465],[108.003254,32.167221],[107.993254,32.150852],[107.974895,32.148336],[107.95855,32.162517],[107.949826,32.166262],[107.948429,32.17131],[107.920355,32.199422],[107.909201,32.200924],[107.900824,32.210426],[107.89579,32.210358],[107.886128,32.216814],[107.875504,32.204758],[107.860382,32.203426],[107.850972,32.2146],[107.840573,32.217693],[107.841137,32.224003],[107.827657,32.228153],[107.806849,32.251486],[107.800104,32.268317],[107.784097,32.282134],[107.769488,32.310427],[107.757447,32.321946],[107.750486,32.340207],[107.723038,32.332018],[107.712126,32.331113],[107.702292,32.335362],[107.701293,32.342003],[107.695413,32.347396],[107.690196,32.359345],[107.690691,32.377026],[107.679317,32.388996],[107.674902,32.400634],[107.661119,32.402512],[107.644204,32.416094],[107.631892,32.408413],[107.61026,32.408287],[107.593791,32.414032],[107.579092,32.406596],[107.569152,32.40627],[107.566988,32.397987],[107.548802,32.395754],[107.520677,32.384745],[107.507769,32.388615],[107.500868,32.394681],[107.485051,32.427482],[107.474538,32.427983],[107.469645,32.421343],[107.46184,32.419812],[107.457235,32.42248],[107.45716,32.419147],[107.452218,32.419886],[107.450136,32.424154],[107.452244,32.426588],[107.444738,32.42855],[107.445893,32.434292],[107.457217,32.443472],[107.455756,32.456111],[107.452981,32.460831],[107.445359,32.463809],[107.445066,32.467251],[107.438529,32.467668],[107.439854,32.463745],[107.433939,32.46794],[107.43421,32.478502],[107.428121,32.480522],[107.428853,32.493091],[107.424219,32.504134]]]}},{"type":"Feature","properties":{"id":"cn:610729","name":"留坝县","level":2},"geometry":{"type":"Polygon","coordinates":[[[106.638156,33.660702],[106.647736,33.664813],[106.667165,33.662814],[106.682484,33.666995],[106.70198,33.67751],[106.691565,33.688639],[106.690565,33.694971],[106.683998,33.694349],[106.673491,33.699353],[106.670665,33.703701],[106.673742,33.704886],[106.712931,33.693783],[106.747294,33.690589],[106.758687,33.687131],[106.765724,33.681361],[106.783097,33.677077],[106.796514,33.678413],[106.798438,33.680862],[106.796115,33.684053],[106.799384,33.685268],[106.802499,33.695328],[106.797165,33.701597],[106.800827,33.717731],[106.796417,33.718461],[106.795409,33.726894],[106.803289,33.737728],[106.806272,33.747378],[106.803743,33.751055],[106.809108,33.759172],[106.804819,33.775691],[106.799625,33.776196],[106.802289,33.785656],[106.805315,33.785547],[106.800368,33.796052],[106.803946,33.816892],[106.812256,33.830228],[106.812509,33.835968],[106.835067,33.828926],[106.837649,33.838786],[106.849995,33.850391],[106.853823,33.863329],[106.850952,33.865142],[106.851235,33.874846],[106.855951,33.879224],[106.860019,33.8793],[106.868718,33.866674],[106.8758,33.862595],[106.885025,33.862971],[106.889909,33.855258],[106.886127,33.849535],[106.892828,33.845291],[106.909724,33.848493],[106.919726,33.834425],[106.925439,33.833656],[106.927387,33.827392],[106.946275,33.821708],[106.947607,33.814034],[106.958762,33.81174],[106.976361,33.800374],[106.985395,33.799539],[106.992565,33.791562],[106.997391,33.793225],[107.023803,33.788372],[107.030612,33.800446],[107.036295,33.797776],[107.040938,33.803506],[107.03721,33.817614],[107.040235,33.822985],[107.036157,33.826168],[107.029603,33.842489],[107.038069,33.852547],[107.038668,33.864017],[107.034608,33.868287],[107.046415,33.878749],[107.058403,33.878325],[107.054807,33.868521],[107.057514,33.862171],[107.054383,33.859291],[107.055046,33.854043],[107.060076,33.848376],[107.057922,33.843999],[107.063149,33.838858],[107.065016,33.830286],[107.078071,33.820099],[107.100368,33.823644],[107.104984,33.813767],[107.115171,33.810169],[107.118359,33.815162],[107.130243,33.8181],[107.132045,33.813395],[107.12657,33.804151],[107.128897,33.795017],[107.123934,33.790559],[107.122997,33.779044],[107.139829,33.795636],[107.148329,33.786467],[107.155379,33.791747],[107.168191,33.775064],[107.175753,33.7732],[107.180616,33.754349],[107.195805,33.751728],[107.208485,33.750434],[107.214611,33.75633],[107.225194,33.758791],[107.226607,33.768986],[107.268157,33.792623],[107.271992,33.802291],[107.278929,33.798936],[107.286784,33.799778],[107.295418,33.794025],[107.308538,33.808814],[107.314998,33.810436],[107.319946,33.821834],[107.326444,33.819753],[107.328676,33.815705],[107.337299,33.815801],[107.333028,33.803104],[107.320957,33.795569],[107.316804,33.774697],[107.305346,33.772379],[107.297551,33.763248],[107.29813,33.738209],[107.311389,33.728285],[107.303363,33.723789],[107.302133,33.706059],[107.295225,33.709003],[107.274744,33.705474],[107.268234,33.699586],[107.269344,33.694873],[107.264654,33.684797],[107.25692,33.681415],[107.244781,33.682945],[107.227663,33.670446],[107.20199,33.665179],[107.180644,33.66901],[107.166127,33.666952],[107.151693,33.643924],[107.142181,33.640905],[107.139133,33.623129],[107.127948,33.619502],[107.121081,33.588481],[107.116474,33.586923],[107.10643,33.563265],[107.101012,33.559076],[107.094907,33.558928],[107.09103,33.545622],[107.079954,33.543064],[107.075874,33.530943],[107.051672,33.531755],[107.044894,33.523838],[107.042736,33.519733],[107.052228,33.510859],[107.063362,33.477898],[107.073517,33.472501],[107.077386,33.459472],[107.085741,33.456574],[107.074785,33.445435],[107.080461,33.434859],[107.075909,33.430657],[107.077059,33.423808],[107.070198,33.419123],[107.074149,33.411847],[107.084973,33.407333],[107.084432,33.390162],[107.087666,33.386296],[107.08451,33.377685],[107.071981,33.373448],[107.064169,33.366542],[107.04677,33.366407],[107.037671,33.362063],[107.016049,33.358776],[107.006604,33.349353],[107.006416,33.342165],[106.994149,33.331672],[106.989331,33.32018],[106.989865,33.311585],[106.98661,33.310495],[106.991637,33.305617],[106.99183,33.295148],[106.962776,33.29877],[106.954493,33.296345],[106.933221,33.300318],[106.927449,33.29057],[106.908705,33.281169],[106.892966,33.289833],[106.891939,33.294324],[106.87065,33.30313],[106.871881,33.307716],[106.864998,33.32098],[106.866421,33.326847],[106.859485,33.333182],[106.857176,33.344935],[106.862412,33.359454],[106.874234,33.367215],[106.867471,33.372472],[106.866149,33.378365],[106.861607,33.37968],[106.858769,33.386842],[106.850236,33.388538],[106.836009,33.400711],[106.837391,33.407853],[106.832811,33.408134],[106.831014,33.424784],[106.81685,33.424178],[106.809011,33.434643],[106.840106,33.449127],[106.823241,33.463897],[106.814252,33.464913],[106.807312,33.470913],[106.804773,33.474847],[106.806821,33.479493],[106.79683,33.48653],[106.790132,33.499369],[106.789632,33.504147],[106.794379,33.509789],[106.789183,33.510176],[106.783072,33.515631],[106.785843,33.529739],[106.780283,33.537691],[106.760193,33.525609],[106.748225,33.522816],[106.74021,33.511758],[106.729584,33.510428],[106.66786,33.48196],[106.658445,33.487119],[106.65065,33.500162],[106.649973,33.51021],[106.65826,33.516208],[106.661728,33.523325],[106.664732,33.549881],[106.672464,33.568163],[106.670194,33.575084],[106.680725,33.597694],[106.675095,33.605913],[106.674442,33.613581],[106.665314,33.617757],[106.655651,33.631917],[106.649322,33.635181],[106.650477,33.645825],[106.638156,33.660702]]]}},{"type":"Feature","properties":{"id":"cn:610730","name":"佛坪县","level":2},"geometry":{"type":"Polygon","coordinates":[[[107.665517,33.704444],[107.677228,33.709507],[107.68201,33.722733],[107.713058,33.72756],[107.732677,33.719531],[107.750533,33.71746],[107.761166,33.721815],[107.797668,33.710387],[107.807963,33.71395],[107.828405,33.697774],[107.84081,33.699085],[107.848726,33.695613],[107.85772,33.700317],[107.866183,33.71715],[107.875514,33.720537],[107.88502,33.734054],[107.887133,33.745597],[107.896395,33.751601],[107.900888,33.74423],[107.916035,33.734282],[107.927094,33.733043],[107.931886,33.740102],[107.948322,33.747516],[107.961556,33.736365],[107.970237,33.737676],[107.997849,33.729242],[108.003605,33.730592],[108.050132,33.711499],[108.053926,33.701693],[108.043774,33.688866],[108.04367,33.683389],[108.049615,33.673096],[108.057052,33.646469],[108.054173,33.642888],[108.054893,33.631126],[108.048511,33.629486],[108.052431,33.618946],[108.050637,33.615872],[108.056504,33.610467],[108.057388,33.601057],[108.065461,33.593399],[108.056599,33.584803],[108.054323,33.578336],[108.054762,33.562937],[108.061226,33.554851],[108.058997,33.544286],[108.063656,33.538184],[108.054616,33.523792],[108.059149,33.518591],[108.057143,33.509159],[108.079527,33.497639],[108.08313,33.50113],[108.092806,33.499537],[108.100331,33.49277],[108.100558,33.485978],[108.109087,33.478347],[108.117347,33.485995],[108.12126,33.480388],[108.149759,33.468255],[108.150285,33.459535],[108.154773,33.456727],[108.161825,33.443083],[108.155931,33.439581],[108.154788,33.433248],[108.139791,33.42192],[108.142604,33.415153],[108.136287,33.404768],[108.126628,33.409854],[108.124687,33.415769],[108.113426,33.41853],[108.106446,33.412516],[108.084626,33.40388],[108.088949,33.39869],[108.098835,33.394746],[108.098975,33.3832],[108.092365,33.374994],[108.080001,33.372819],[108.070604,33.357582],[108.062105,33.356591],[108.056557,33.351738],[108.053338,33.353014],[108.05165,33.350555],[108.055691,33.344157],[108.041011,33.334045],[108.03854,33.321587],[108.042235,33.309159],[108.04793,33.309204],[108.048999,33.299214],[108.044195,33.293732],[108.044713,33.287543],[108.033726,33.281298],[108.031419,33.273501],[108.033602,33.269553],[108.028935,33.262854],[108.023184,33.265971],[108.015995,33.260768],[108.014741,33.265826],[108.007321,33.271927],[108.001223,33.269947],[107.999454,33.264562],[107.994479,33.261739],[107.980641,33.263239],[107.973151,33.257769],[107.974219,33.264169],[107.968631,33.268872],[107.971207,33.275415],[107.965595,33.28276],[107.973077,33.293785],[107.971874,33.314159],[107.96619,33.320198],[107.966456,33.330869],[107.949329,33.336404],[107.94268,33.341807],[107.944205,33.350379],[107.940679,33.360576],[107.944958,33.370017],[107.934859,33.382944],[107.917881,33.390553],[107.922025,33.408501],[107.919203,33.415948],[107.913533,33.419262],[107.91034,33.429879],[107.883653,33.431933],[107.871381,33.440445],[107.859085,33.433179],[107.853415,33.438147],[107.839298,33.432528],[107.828382,33.438634],[107.830969,33.44449],[107.824646,33.450174],[107.824744,33.454492],[107.797418,33.455416],[107.790761,33.451846],[107.766812,33.455478],[107.749539,33.462439],[107.727603,33.481361],[107.723459,33.489773],[107.72194,33.508095],[107.725594,33.512995],[107.716651,33.534841],[107.724402,33.547506],[107.71913,33.551874],[107.725303,33.566552],[107.724656,33.573822],[107.721167,33.576512],[107.730404,33.588761],[107.727743,33.613121],[107.731381,33.623654],[107.720963,33.645661],[107.712199,33.648744],[107.693806,33.648488],[107.687124,33.653772],[107.675955,33.654221],[107.675314,33.660775],[107.668619,33.667587],[107.670997,33.675381],[107.667734,33.677366],[107.6666,33.687526],[107.669944,33.69857],[107.665517,33.704444]]]}},{"type":"Feature","properties":{"id":"cn:6108","name":"榆林市","level":1},"geometry":{"type":"Polygon","coordinates":[[[107.252543,37.330999],[107.258967,37.349393],[107.256111,37.370321],[107.269279,37.399666],[107.278611,37.440261],[107.279305,37.481359],[107.286275,37.48793],[107.305321,37.49474],[107.34052,37.518169],[107.355832,37.54372],[107.366943,37.579333],[107.362918,37.587285],[107.337003,37.581187],[107.325344,37.583383],[107.306271,37.609312],[107.319969,37.605669],[107.34361,37.607567],[107.356082,37.612576],[107.359335,37.616468],[107.357847,37.622198],[107.391459,37.651685],[107.414602,37.64947],[107.416755,37.664341],[107.384282,37.670441],[107.37946,37.684735],[107.381596,37.690368],[107.401779,37.692222],[107.420362,37.683372],[107.460206,37.69055],[107.479929,37.705841],[107.483731,37.713945],[107.487228,37.732143],[107.485701,37.744734],[107.49406,37.765086],[107.518366,37.772421],[107.56643,37.77627],[107.579226,37.782924],[107.586199,37.782882],[107.586489,37.786805],[107.577621,37.786366],[107.57198,37.790639],[107.580259,37.798096],[107.583705,37.796913],[107.582757,37.790708],[107.59437,37.790757],[107.604408,37.777791],[107.615813,37.775568],[107.641204,37.804803],[107.65432,37.843662],[107.653083,37.858502],[107.645283,37.864196],[107.670952,37.875346],[107.67965,37.887876],[107.69044,37.885085],[107.684754,37.878466],[107.686369,37.874999],[107.704893,37.868926],[107.725361,37.850307],[107.736039,37.844799],[107.810866,37.828592],[107.817158,37.831682],[107.832714,37.830155],[107.844311,37.822173],[107.880023,37.807972],[107.885882,37.813028],[107.891698,37.812841],[107.912306,37.807108],[107.932271,37.794617],[107.97702,37.786743],[107.974623,37.76518],[107.988885,37.745784],[107.987827,37.735449],[108.003781,37.731895],[108.010804,37.719816],[108.012141,37.705046],[108.020578,37.695297],[108.017913,37.682163],[108.007739,37.666503],[108.017297,37.651621],[108.0203,37.649161],[108.05504,37.651361],[108.071837,37.64225],[108.110395,37.634842],[108.128737,37.621261],[108.142244,37.620996],[108.165682,37.633305],[108.183868,37.63406],[108.200595,37.655158],[108.24155,37.665176],[108.281931,37.659944],[108.287808,37.656329],[108.299456,37.63777],[108.308823,37.633947],[108.327929,37.632362],[108.350907,37.642184],[108.417251,37.648087],[108.435559,37.653881],[108.480411,37.677332],[108.527824,37.690104],[108.554795,37.681276],[108.614517,37.651606],[108.640505,37.654965],[108.69456,37.669106],[108.71541,37.683038],[108.736625,37.684908],[108.763344,37.680116],[108.772685,37.682947],[108.781027,37.688681],[108.787718,37.707452],[108.778327,37.73671],[108.777702,37.757539],[108.794889,37.783454],[108.796375,37.79178],[108.788188,37.815321],[108.787476,37.827374],[108.787051,37.872335],[108.793194,37.933141],[108.821849,37.988613],[108.817214,38.006639],[108.792588,38.047386],[108.825651,38.049348],[108.850547,38.037889],[108.866215,38.026891],[108.878073,38.013453],[108.888924,37.977801],[108.912178,37.959398],[108.918836,37.936117],[108.933419,37.92047],[108.969113,37.931378],[108.974704,37.944177],[108.974478,37.958799],[108.977586,37.96333],[108.98769,37.96748],[109.000745,37.965054],[109.012229,37.969359],[109.010207,37.982258],[109.02361,37.996851],[109.032665,38.020843],[109.06407,38.02232],[109.065789,38.027454],[109.04532,38.054307],[109.054279,38.06613],[109.063385,38.090453],[109.058125,38.099499],[109.014505,38.119125],[108.959392,38.154347],[108.937648,38.176504],[108.93987,38.192837],[108.933525,38.207086],[108.950096,38.218141],[108.971815,38.246956],[108.956832,38.264648],[108.957137,38.267958],[108.971312,38.296505],[108.984559,38.310398],[109.002562,38.358607],[109.041381,38.381028],[109.057991,38.398197],[109.053031,38.419747],[109.046607,38.431422],[109.074923,38.448996],[109.086956,38.452843],[109.098076,38.465443],[109.114205,38.472339],[109.146252,38.50905],[109.173171,38.520209],[109.190575,38.544432],[109.192972,38.554419],[109.271244,38.622439],[109.282808,38.619905],[109.307863,38.600096],[109.324104,38.596598],[109.339464,38.611928],[109.356835,38.621719],[109.361539,38.626784],[109.360845,38.630386],[109.321686,38.663112],[109.32035,38.669354],[109.330506,38.698277],[109.349057,38.705837],[109.372485,38.71194],[109.389951,38.712192],[109.395828,38.715525],[109.403371,38.742461],[109.436829,38.77038],[109.438535,38.782209],[109.475236,38.810038],[109.483604,38.812668],[109.505601,38.833116],[109.513656,38.83193],[109.544299,38.805195],[109.588369,38.834045],[109.606425,38.851908],[109.610965,38.852486],[109.62034,38.846661],[109.619012,38.853974],[109.64008,38.878185],[109.665444,38.925858],[109.67823,38.934912],[109.673552,38.947782],[109.679811,38.967621],[109.659811,38.981106],[109.666512,38.996414],[109.685695,38.991991],[109.699212,39.016271],[109.719707,39.017629],[109.75672,39.056718],[109.770696,39.061154],[109.787684,39.073289],[109.809732,39.095442],[109.830053,39.104648],[109.836346,39.114873],[109.845982,39.122108],[109.855916,39.123526],[109.876633,39.116123],[109.885478,39.103337],[109.913716,39.103601],[109.91665,39.1064],[109.903673,39.125437],[109.888448,39.140559],[109.887883,39.146283],[109.896034,39.147685],[109.91666,39.16078],[109.9181,39.165016],[109.938834,39.17439],[109.954928,39.185966],[109.9557,39.190433],[109.922515,39.209529],[109.894645,39.232243],[109.876165,39.232759],[109.867345,39.240598],[109.864516,39.251102],[109.872571,39.248181],[109.878561,39.262217],[109.891113,39.265949],[109.897276,39.271189],[109.931304,39.244276],[109.957137,39.211157],[110.004812,39.207605],[110.013151,39.212593],[110.035308,39.215444],[110.070008,39.229688],[110.080644,39.227765],[110.084463,39.235809],[110.101905,39.247506],[110.118503,39.249632],[110.136908,39.260255],[110.153996,39.262098],[110.162751,39.268577],[110.180629,39.273923],[110.187235,39.279693],[110.212212,39.278794],[110.203818,39.288507],[110.196995,39.315333],[110.17947,39.352061],[110.163141,39.37203],[110.157924,39.383745],[110.150789,39.389144],[110.131938,39.389714],[110.127817,39.397618],[110.120493,39.415689],[110.119261,39.430766],[110.125502,39.435255],[110.126839,39.446526],[110.139217,39.452516],[110.139607,39.456058],[110.200398,39.436444],[110.205798,39.441606],[110.211388,39.442269],[110.22558,39.434795],[110.237725,39.422664],[110.269799,39.423802],[110.271014,39.4193],[110.251943,39.406097],[110.276602,39.392198],[110.298668,39.367819],[110.335042,39.340456],[110.36662,39.326938],[110.379252,39.309401],[110.40737,39.32583],[110.41553,39.336706],[110.423498,39.338941],[110.410581,39.3475],[110.414106,39.360947],[110.424054,39.378181],[110.444106,39.380391],[110.457908,39.376307],[110.465634,39.372405],[110.476702,39.359562],[110.488126,39.358525],[110.506659,39.368339],[110.505617,39.380856],[110.515965,39.382253],[110.531511,39.372748],[110.553482,39.351307],[110.556711,39.334611],[110.567831,39.324485],[110.560965,39.318309],[110.565166,39.309125],[110.576911,39.296247],[110.584411,39.29445],[110.59586,39.278569],[110.607504,39.275993],[110.622538,39.265654],[110.649165,39.269488],[110.66383,39.275088],[110.682519,39.266642],[110.696946,39.272984],[110.717007,39.295609],[110.719533,39.30281],[110.726921,39.30755],[110.726416,39.320223],[110.723231,39.322702],[110.732914,39.328722],[110.732118,39.347275],[110.745461,39.364924],[110.757814,39.373647],[110.764273,39.38376],[110.778005,39.388136],[110.789863,39.400752],[110.792259,39.409377],[110.802007,39.410896],[110.806938,39.423417],[110.822693,39.431269],[110.821165,39.436985],[110.83936,39.45936],[110.839316,39.464963],[110.856973,39.481729],[110.861382,39.491499],[110.875149,39.495918],[110.884897,39.508071],[110.900948,39.51202],[110.91225,39.510388],[110.94462,39.520856],[110.953101,39.518548],[110.983961,39.536035],[110.990383,39.546751],[111.001347,39.551551],[111.010896,39.550983],[111.018995,39.556824],[111.019082,39.562615],[111.028075,39.559963],[111.028309,39.562463],[111.020201,39.56623],[111.022441,39.568686],[111.034515,39.566503],[111.034637,39.555479],[111.037259,39.553444],[111.056269,39.557358],[111.065279,39.554702],[111.08588,39.556565],[111.110636,39.565193],[111.11298,39.57636],[111.130172,39.585785],[111.133567,39.584375],[111.136973,39.575601],[111.148874,39.568414],[111.149976,39.562346],[111.144395,39.554729],[111.148171,39.551313],[111.143223,39.541661],[111.138292,39.541122],[111.140341,39.537138],[111.142399,39.53814],[111.141947,39.530575],[111.138284,39.530605],[111.135437,39.525067],[111.138075,39.521917],[111.131036,39.521886],[111.112589,39.509985],[111.11318,39.500141],[111.105315,39.500528],[111.099048,39.496222],[111.093415,39.482051],[111.102511,39.476991],[111.102286,39.47298],[111.088848,39.472528],[111.081461,39.467207],[111.080281,39.455463],[111.064438,39.452958],[111.051863,39.446511],[111.052131,39.43905],[111.047368,39.428788],[111.054916,39.424538],[111.058953,39.414317],[111.054613,39.409708],[111.054674,39.403861],[111.057885,39.399795],[111.065151,39.400255],[111.067251,39.405589],[111.078597,39.411856],[111.091192,39.40338],[111.080012,39.378979],[111.085246,39.368645],[111.098155,39.356691],[111.114691,39.358818],[111.117762,39.366074],[111.145863,39.368334],[111.152225,39.361264],[111.147513,39.340644],[111.151637,39.335577],[111.158706,39.334871],[111.164191,39.34361],[111.177118,39.349837],[111.181918,39.349835],[111.188517,39.343944],[111.187692,39.339466],[111.172809,39.327732],[111.181444,39.313275],[111.207311,39.300288],[111.241448,39.299734],[111.234529,39.291334],[111.220674,39.283416],[111.211152,39.268428],[111.206957,39.253582],[111.212519,39.244721],[111.210823,39.236426],[111.197522,39.223708],[111.198861,39.218705],[111.189513,39.208833],[111.181125,39.189087],[111.168195,39.173711],[111.15714,39.153051],[111.156754,39.149078],[111.165341,39.14174],[111.167604,39.134198],[111.155962,39.107475],[111.138995,39.097201],[111.139231,39.078867],[111.131784,39.063314],[111.082418,39.026125],[111.031877,39.019244],[111.021791,39.01528],[110.992228,38.997752],[110.97597,38.977465],[110.974553,38.969334],[110.990539,38.957619],[111.005118,38.927228],[111.005059,38.907923],[111.009688,38.883727],[111.006104,38.877584],[110.988782,38.865552],[111.002979,38.84711],[111.003899,38.840902],[110.99035,38.824464],[110.973067,38.787138],[110.950334,38.776206],[110.950517,38.76884],[110.958394,38.760071],[110.959034,38.755165],[110.931775,38.718307],[110.915203,38.709411],[110.907081,38.700334],[110.904628,38.689028],[110.909641,38.670894],[110.890602,38.6574],[110.874975,38.626521],[110.875509,38.614788],[110.888201,38.599961],[110.890814,38.587855],[110.914814,38.580069],[110.912574,38.571748],[110.902974,38.560441],[110.9058,38.540975],[110.901854,38.520709],[110.891145,38.514625],[110.874579,38.516077],[110.864361,38.508496],[110.868954,38.492991],[110.866868,38.474843],[110.872094,38.459163],[110.865161,38.45127],[110.839455,38.43943],[110.807936,38.451964],[110.790943,38.452956],[110.77522,38.444933],[110.76271,38.411004],[110.749293,38.393139],[110.746482,38.372973],[110.740882,38.365587],[110.70075,38.356197],[110.678789,38.335774],[110.662922,38.31324],[110.655456,38.308307],[110.633256,38.304373],[110.595789,38.307839],[110.578605,38.303356],[110.568439,38.288856],[110.568106,38.266524],[110.562439,38.245358],[110.563522,38.227441],[110.559884,38.214356],[110.547023,38.209109],[110.518311,38.210031],[110.503769,38.191557],[110.502917,38.1533],[110.515557,38.123927],[110.494674,38.092222],[110.503123,38.061372],[110.495449,38.033585],[110.499041,38.017043],[110.502459,38.012297],[110.514989,38.006602],[110.522773,37.992743],[110.512521,37.975846],[110.513091,37.959899],[110.523059,37.949743],[110.542081,37.939818],[110.568904,37.933455],[110.588557,37.921457],[110.595771,37.911964],[110.594863,37.908065],[110.601778,37.895785],[110.624577,37.868591],[110.630056,37.855416],[110.645025,37.839527],[110.653757,37.820922],[110.65518,37.807538],[110.659819,37.801075],[110.674735,37.789502],[110.71935,37.774123],[110.749863,37.754413],[110.752855,37.743652],[110.744883,37.73549],[110.7109,37.728085],[110.701408,37.723339],[110.697693,37.711436],[110.706754,37.700075],[110.727034,37.691059],[110.769562,37.680242],[110.790336,37.662434],[110.791869,37.657745],[110.787503,37.650151],[110.779149,37.645405],[110.762632,37.644836],[110.757126,37.633635],[110.76548,37.617877],[110.766441,37.592033],[110.789875,37.561587],[110.779433,37.546589],[110.76453,37.536053],[110.765479,37.519536],[110.753708,37.502829],[110.753519,37.473972],[110.74241,37.451852],[110.64796,37.439417],[110.638847,37.434481],[110.636948,37.429544],[110.633911,37.413407],[110.624797,37.391955],[110.625176,37.372589],[110.635998,37.35968],[110.676201,37.352917],[110.694063,37.345717],[110.693236,37.331677],[110.671784,37.3144],[110.673681,37.306996],[110.684028,37.294751],[110.684408,37.286587],[110.674915,37.280512],[110.65637,37.28157],[110.652513,37.278803],[110.64468,37.253961],[110.633528,37.2452],[110.625947,37.230907],[110.609132,37.216058],[110.571352,37.172772],[110.531195,37.140308],[110.528546,37.131062],[110.530059,37.114773],[110.524363,37.106419],[110.493038,37.089333],[110.454786,37.044246],[110.424411,37.041399],[110.411529,37.03412],[110.411708,37.026931],[110.418336,37.023363],[110.44127,37.02006],[110.444611,37.015959],[110.44218,37.008821],[110.426689,37.005935],[110.407097,37.018693],[110.397376,37.021579],[110.377481,37.021275],[110.372165,37.017782],[110.371406,37.009732],[110.376266,37.001986],[110.399806,36.990899],[110.406945,36.983457],[110.413488,36.972044],[110.404664,36.966146],[110.395363,36.967582],[110.390911,36.959208],[110.389112,36.96171],[110.388739,36.959074],[110.37587,36.958875],[110.372971,36.956017],[110.37296,36.961062],[110.370169,36.961787],[110.364549,36.955367],[110.360703,36.955559],[110.364116,36.953345],[110.360521,36.950522],[110.362021,36.944803],[110.356265,36.942829],[110.355281,36.948004],[110.360348,36.953252],[110.35122,36.954901],[110.354472,36.96782],[110.347453,36.97213],[110.336465,36.971374],[110.338731,36.974424],[110.331638,36.979197],[110.336445,36.9867],[110.321311,36.980755],[110.309017,36.984733],[110.309763,36.981999],[110.303798,36.977499],[110.307116,36.975331],[110.303453,36.971372],[110.304862,36.967013],[110.302113,36.969197],[110.299727,36.963911],[110.292673,36.96299],[110.291741,36.956517],[110.28715,36.958939],[110.288868,36.966853],[110.274925,36.961528],[110.265558,36.963594],[110.266855,36.967453],[110.271518,36.968153],[110.264685,36.973262],[110.265639,36.977559],[110.274593,36.975845],[110.272404,36.979477],[110.275935,36.978091],[110.279684,36.983655],[110.277614,36.989202],[110.272458,36.990646],[110.273719,36.993043],[110.254801,36.99246],[110.25132,36.996344],[110.242289,36.993575],[110.241356,37.000742],[110.233518,37.002642],[110.23141,37.010549],[110.208098,37.011561],[110.206355,37.015202],[110.202638,37.014145],[110.204043,37.011753],[110.199727,37.014301],[110.197317,37.013646],[110.199056,37.012159],[110.193738,37.009086],[110.191263,37.003077],[110.17909,37.00403],[110.178379,36.997624],[110.173851,36.997172],[110.17104,36.990528],[110.158074,36.986031],[110.156467,36.987796],[110.152186,36.981714],[110.146824,36.981482],[110.14351,36.976661],[110.146359,36.975253],[110.140404,36.974688],[110.140332,36.970699],[110.134562,36.970737],[110.138392,36.975068],[110.137122,36.97788],[110.134394,36.973102],[110.130471,36.9725],[110.127187,36.975979],[110.12732,36.972972],[110.124184,36.97364],[110.125285,36.969976],[110.116714,36.965825],[110.103652,36.974351],[110.101102,36.9816],[110.076939,36.984512],[110.081996,36.988747],[110.076642,37.00031],[110.066696,37.00684],[110.06169,37.004514],[110.060537,37.007549],[110.055214,37.007966],[110.052251,37.012722],[110.054822,37.016197],[110.05069,37.021214],[110.045775,37.020706],[110.044486,37.025773],[110.03102,37.021965],[110.030647,37.027803],[110.026341,37.027656],[110.022097,37.033604],[110.022609,37.042495],[110.030684,37.047346],[110.025832,37.058391],[110.029075,37.062797],[110.019657,37.066291],[110.019129,37.071704],[110.007498,37.086594],[110.006654,37.093418],[110.007317,37.099647],[110.011942,37.102265],[110.014733,37.109836],[110.015921,37.125822],[110.022486,37.130934],[110.022826,37.139947],[110.01659,37.147341],[110.010693,37.148331],[110.008481,37.142562],[110.002263,37.144402],[109.999801,37.140429],[109.9972,37.141248],[109.998949,37.137074],[109.991132,37.136559],[109.985614,37.127431],[109.970565,37.139203],[109.969795,37.142083],[109.973854,37.144919],[109.961283,37.155007],[109.967544,37.162705],[109.974254,37.161358],[109.974806,37.164368],[109.979481,37.16186],[109.978269,37.16721],[109.986904,37.167433],[109.979233,37.180823],[109.970141,37.184353],[109.968707,37.188833],[109.961055,37.188197],[109.958059,37.190945],[109.958304,37.19987],[109.951262,37.208366],[109.955376,37.209551],[109.957082,37.215705],[109.969775,37.216833],[109.977835,37.202572],[109.983704,37.203618],[109.982027,37.200749],[109.987758,37.196874],[110.000496,37.199168],[110.00285,37.205079],[110.009074,37.20512],[110.008504,37.215397],[110.01526,37.219111],[110.010249,37.221642],[110.010485,37.224957],[110.017471,37.228784],[110.019109,37.235117],[110.029932,37.240062],[110.026643,37.247527],[110.037326,37.245341],[110.031316,37.246875],[110.033483,37.249287],[110.022195,37.250253],[110.025218,37.258703],[110.019214,37.266414],[110.014177,37.270135],[110.006991,37.268036],[110.002824,37.270946],[110.003188,37.271961],[110.006086,37.273086],[110.008791,37.274799],[110.009152,37.27558],[109.998911,37.270448],[109.996013,37.265201],[109.989217,37.269477],[109.980209,37.269346],[109.981759,37.27282],[109.977771,37.281321],[109.968275,37.273994],[109.955958,37.276162],[109.949333,37.267452],[109.949721,37.28113],[109.933966,37.289666],[109.922482,37.29073],[109.917112,37.295745],[109.914709,37.312762],[109.909017,37.320832],[109.905489,37.305374],[109.892794,37.295192],[109.894637,37.285264],[109.900841,37.278203],[109.895807,37.265753],[109.889578,37.266643],[109.888672,37.278984],[109.884182,37.28241],[109.872779,37.270182],[109.86157,37.273792],[109.859294,37.279519],[109.852908,37.28076],[109.843528,37.274382],[109.834845,37.282974],[109.820462,37.266975],[109.813847,37.267345],[109.809295,37.263851],[109.808733,37.25576],[109.796903,37.265082],[109.791417,37.261712],[109.780707,37.267794],[109.774154,37.265083],[109.77402,37.275548],[109.762771,37.269471],[109.759392,37.276345],[109.767408,37.290763],[109.776759,37.298497],[109.774956,37.305518],[109.777454,37.309214],[109.785045,37.313256],[109.789361,37.303526],[109.806676,37.303739],[109.803354,37.314757],[109.807542,37.31905],[109.799054,37.332695],[109.797561,37.349002],[109.789858,37.353138],[109.791971,37.344337],[109.781232,37.341854],[109.772936,37.350054],[109.76789,37.363105],[109.771108,37.368352],[109.770113,37.377217],[109.761016,37.378638],[109.766432,37.393327],[109.759895,37.398195],[109.746237,37.392608],[109.728131,37.401087],[109.728417,37.411528],[109.737837,37.420945],[109.703478,37.433619],[109.687396,37.429428],[109.678965,37.432668],[109.67153,37.431071],[109.669862,37.424335],[109.663206,37.41945],[109.650371,37.423101],[109.644744,37.420813],[109.637706,37.424263],[109.628539,37.418162],[109.615871,37.423993],[109.612907,37.41999],[109.603581,37.421528],[109.57973,37.434566],[109.56306,37.433202],[109.561875,37.438846],[109.565592,37.442185],[109.559905,37.453178],[109.56052,37.460223],[109.537399,37.469742],[109.528596,37.480532],[109.504433,37.479823],[109.497269,37.485262],[109.494035,37.4925],[109.483085,37.499925],[109.469808,37.495073],[109.460946,37.486651],[109.463865,37.484102],[109.455481,37.457591],[109.433342,37.456282],[109.424613,37.464343],[109.418548,37.455572],[109.418453,37.443672],[109.39245,37.447743],[109.394149,37.436968],[109.387391,37.433817],[109.379327,37.436548],[109.368133,37.431766],[109.370596,37.424329],[109.364855,37.422686],[109.361848,37.413132],[109.353802,37.410136],[109.357623,37.406126],[109.358509,37.398487],[109.354874,37.39774],[109.357818,37.393964],[109.348461,37.392206],[109.350113,37.388442],[109.346757,37.383505],[109.339757,37.381716],[109.346749,37.37615],[109.337056,37.371591],[109.33124,37.373131],[109.334627,37.362453],[109.330433,37.361314],[109.331475,37.357608],[109.325189,37.356981],[109.336239,37.345709],[109.325872,37.347313],[109.320852,37.350234],[109.322278,37.353702],[109.319508,37.355168],[109.309251,37.352612],[109.298913,37.355504],[109.297988,37.334673],[109.280389,37.342693],[109.270709,37.341265],[109.266622,37.335219],[109.260544,37.335621],[109.255231,37.341029],[109.246913,37.339241],[109.244661,37.335202],[109.239653,37.334276],[109.242184,37.331496],[109.237862,37.329924],[109.239975,37.325968],[109.237403,37.317611],[109.232811,37.322563],[109.225303,37.321049],[109.212388,37.328643],[109.193551,37.317979],[109.183672,37.324582],[109.17211,37.325927],[109.175854,37.319898],[109.173735,37.315604],[109.181044,37.308639],[109.168207,37.308998],[109.173982,37.301848],[109.168523,37.297185],[109.163301,37.299738],[109.166179,37.303535],[109.161159,37.308507],[109.148722,37.311919],[109.149183,37.308432],[109.146657,37.308629],[109.142771,37.314039],[109.135922,37.315311],[109.129092,37.321307],[109.114275,37.323545],[109.104622,37.304521],[109.091186,37.302549],[109.095586,37.307303],[109.084552,37.309483],[109.084735,37.313438],[109.079133,37.313842],[109.07808,37.309566],[109.074539,37.308718],[109.077385,37.307352],[109.077215,37.301891],[109.067426,37.302937],[109.052186,37.283083],[109.041944,37.287743],[109.04575,37.29779],[109.030461,37.298684],[109.028271,37.302095],[109.015772,37.300862],[109.009541,37.304931],[109.006969,37.298424],[109.010334,37.291794],[109.005496,37.280688],[108.99718,37.285769],[108.994357,37.282083],[108.978416,37.277545],[108.982086,37.270698],[108.979023,37.268852],[108.973527,37.271438],[108.976979,37.267718],[108.975638,37.264669],[108.979736,37.262946],[108.974454,37.260235],[108.970953,37.260266],[108.969792,37.26389],[108.95702,37.263978],[108.954116,37.256082],[108.939991,37.256565],[108.938936,37.249289],[108.944027,37.251058],[108.953481,37.244862],[108.947995,37.242367],[108.952454,37.2344],[108.944444,37.23625],[108.940782,37.232978],[108.934518,37.238161],[108.930211,37.232482],[108.924934,37.23308],[108.91323,37.240108],[108.905632,37.23861],[108.897194,37.23163],[108.889474,37.238375],[108.884333,37.230285],[108.883994,37.219065],[108.873918,37.233631],[108.877066,37.238855],[108.873448,37.251652],[108.866406,37.255694],[108.862642,37.253985],[108.860364,37.261093],[108.858012,37.260486],[108.855056,37.252973],[108.865137,37.242062],[108.859928,37.235626],[108.853851,37.236626],[108.855154,37.228388],[108.851169,37.221142],[108.854589,37.208307],[108.846403,37.204006],[108.850444,37.198342],[108.863083,37.196405],[108.855629,37.190784],[108.855582,37.181618],[108.878363,37.175739],[108.878476,37.151938],[108.875605,37.150033],[108.867937,37.154908],[108.865708,37.150064],[108.85394,37.152882],[108.850582,37.151387],[108.852467,37.147643],[108.843747,37.152253],[108.83062,37.143465],[108.831721,37.137124],[108.811955,37.139338],[108.808345,37.129955],[108.797575,37.121202],[108.796401,37.112931],[108.792516,37.108889],[108.77831,37.121745],[108.77415,37.120713],[108.76652,37.110374],[108.757794,37.118548],[108.746875,37.113324],[108.752064,37.10081],[108.746172,37.097878],[108.744582,37.082459],[108.737808,37.08282],[108.737699,37.074763],[108.742855,37.070678],[108.751381,37.074829],[108.753048,37.069607],[108.759213,37.066483],[108.765621,37.070549],[108.772333,37.053961],[108.77838,37.056905],[108.777645,37.053949],[108.785927,37.051653],[108.786746,37.043791],[108.792995,37.041464],[108.803005,37.045028],[108.813557,37.026794],[108.798464,37.024459],[108.792661,37.007566],[108.800903,37.00511],[108.799879,37.00031],[108.784623,36.996572],[108.782698,36.98396],[108.774874,36.985522],[108.765026,36.974584],[108.756727,36.980097],[108.758134,36.990062],[108.753438,36.991279],[108.740853,36.983164],[108.727367,36.984176],[108.712737,36.992361],[108.700692,36.99377],[108.696658,37.004493],[108.693814,36.999181],[108.687621,37.003675],[108.685362,36.998889],[108.676162,37.002139],[108.667229,37.010735],[108.670476,37.011605],[108.670749,37.019341],[108.656845,37.033489],[108.653965,37.040543],[108.644126,37.038978],[108.628927,37.030202],[108.615358,37.033696],[108.61353,37.031278],[108.609595,37.034627],[108.601166,37.013216],[108.594601,37.010661],[108.598437,37.010167],[108.594038,37.005531],[108.597887,37.000012],[108.595206,36.993677],[108.585183,36.999997],[108.567598,36.989083],[108.564121,36.998406],[108.550856,36.993529],[108.551075,36.989804],[108.539194,36.994549],[108.535309,36.988767],[108.522557,36.995418],[108.521864,36.998449],[108.509788,37.00148],[108.508145,37.005901],[108.504032,37.005621],[108.500399,37.000378],[108.489665,37.004656],[108.483062,37.01766],[108.484141,37.023641],[108.503497,37.031716],[108.502304,37.023013],[108.513635,37.022351],[108.515938,37.025056],[108.512471,37.035872],[108.516833,37.04016],[108.530999,37.036371],[108.535309,37.042103],[108.539531,37.042388],[108.539453,37.049497],[108.531425,37.05866],[108.536583,37.064146],[108.543846,37.065201],[108.540752,37.081135],[108.54802,37.083736],[108.548612,37.087818],[108.531494,37.114284],[108.533962,37.124415],[108.528892,37.133056],[108.537135,37.141083],[108.539168,37.145694],[108.536644,37.149516],[108.547565,37.163886],[108.541382,37.177756],[108.538128,37.176392],[108.529677,37.188468],[108.521781,37.188288],[108.520871,37.180512],[108.516639,37.179909],[108.515434,37.191952],[108.507785,37.201871],[108.508757,37.207913],[108.50441,37.214027],[108.507817,37.221276],[108.51435,37.22561],[108.510716,37.23011],[108.49472,37.234989],[108.48255,37.23029],[108.474848,37.238662],[108.47186,37.236848],[108.465109,37.242203],[108.458525,37.240984],[108.454896,37.248579],[108.445139,37.256244],[108.46027,37.263972],[108.469256,37.260084],[108.47223,37.267457],[108.470144,37.272204],[108.48127,37.270566],[108.48118,37.277849],[108.472697,37.287314],[108.461674,37.288393],[108.449426,37.297031],[108.451248,37.30705],[108.438918,37.314808],[108.434627,37.314097],[108.432582,37.332443],[108.427332,37.334571],[108.430159,37.343601],[108.42381,37.354157],[108.428864,37.369587],[108.428066,37.385931],[108.411874,37.408035],[108.405378,37.407506],[108.40477,37.401541],[108.401959,37.401506],[108.405047,37.39056],[108.401452,37.388605],[108.403705,37.379518],[108.380382,37.386936],[108.377382,37.383531],[108.36974,37.388237],[108.355177,37.384875],[108.3542,37.391069],[108.365324,37.404682],[108.362348,37.405799],[108.355954,37.402832],[108.357654,37.400128],[108.354076,37.394848],[108.348365,37.392005],[108.339006,37.371431],[108.333594,37.370946],[108.315979,37.357019],[108.300552,37.355094],[108.285389,37.347157],[108.262246,37.342802],[108.259958,37.339383],[108.236289,37.339987],[108.211302,37.322292],[108.220851,37.309199],[108.225486,37.308709],[108.234603,37.300741],[108.233685,37.297919],[108.246307,37.297948],[108.241312,37.28521],[108.243408,37.276449],[108.25513,37.274498],[108.257635,37.266342],[108.279559,37.261819],[108.282193,37.255473],[108.277375,37.237311],[108.274128,37.241044],[108.270568,37.239202],[108.272977,37.232355],[108.264262,37.230758],[108.258598,37.238115],[108.246512,37.233703],[108.249254,37.227006],[108.258276,37.227558],[108.252232,37.221716],[108.255583,37.220178],[108.254761,37.21436],[108.239651,37.201876],[108.234872,37.200243],[108.231945,37.205215],[108.223548,37.203417],[108.222425,37.201141],[108.22791,37.198666],[108.228647,37.189152],[108.218574,37.186384],[108.211494,37.168013],[108.199172,37.172928],[108.184298,37.162787],[108.165291,37.164123],[108.163906,37.182205],[108.172447,37.195184],[108.157657,37.199936],[108.153613,37.196589],[108.157385,37.185249],[108.145473,37.181172],[108.143395,37.188553],[108.132874,37.184768],[108.125369,37.206561],[108.112048,37.197529],[108.114456,37.195419],[108.122527,37.197195],[108.123875,37.190776],[108.121234,37.187861],[108.11426,37.189266],[108.109508,37.144448],[108.098575,37.129157],[108.073247,37.121506],[108.066974,37.129058],[108.064158,37.124621],[108.055572,37.124772],[108.050407,37.128418],[108.04474,37.122877],[108.036282,37.121325],[108.036189,37.118725],[108.028642,37.126859],[108.017233,37.122514],[108.015304,37.124221],[108.006932,37.117818],[108.004242,37.110238],[107.995518,37.114577],[107.979735,37.112868],[107.976037,37.094139],[107.96263,37.096662],[107.953361,37.080626],[107.949334,37.082365],[107.945146,37.078204],[107.942944,37.082259],[107.939963,37.080428],[107.938817,37.084413],[107.938215,37.081599],[107.934169,37.083198],[107.925965,37.093948],[107.906359,37.097314],[107.905494,37.087177],[107.891757,37.087474],[107.892692,37.078284],[107.884747,37.08294],[107.880123,37.08955],[107.883517,37.093766],[107.87877,37.104523],[107.882635,37.109971],[107.878976,37.115724],[107.881944,37.122942],[107.874192,37.124907],[107.869871,37.130702],[107.879216,37.134157],[107.880423,37.14027],[107.877779,37.144119],[107.874066,37.14393],[107.871878,37.149134],[107.866999,37.149339],[107.864872,37.162238],[107.859883,37.163875],[107.860609,37.176776],[107.853066,37.178958],[107.851315,37.182782],[107.854763,37.192458],[107.860229,37.194419],[107.854306,37.213052],[107.846263,37.2166],[107.829225,37.213727],[107.822263,37.221506],[107.812301,37.218511],[107.812798,37.22503],[107.820541,37.238059],[107.817166,37.241144],[107.79911,37.241862],[107.792382,37.245857],[107.789419,37.238938],[107.777925,37.239332],[107.777598,37.229836],[107.77508,37.232243],[107.760813,37.229067],[107.751117,37.215279],[107.74911,37.202294],[107.737593,37.206359],[107.732554,37.203238],[107.740604,37.196961],[107.737917,37.182672],[107.745377,37.176108],[107.724822,37.170193],[107.71857,37.164959],[107.726109,37.153864],[107.739148,37.153234],[107.729901,37.136465],[107.717974,37.136811],[107.714137,37.142434],[107.699602,37.142322],[107.695895,37.147249],[107.696169,37.136721],[107.692828,37.137612],[107.685381,37.13035],[107.677653,37.132259],[107.671246,37.125117],[107.67228,37.119234],[107.681539,37.116587],[107.68646,37.123131],[107.689871,37.123104],[107.697848,37.11394],[107.689455,37.107667],[107.690367,37.09987],[107.696123,37.095895],[107.692738,37.091649],[107.711524,37.08552],[107.711407,37.080154],[107.704394,37.076498],[107.70951,37.07333],[107.70634,37.066365],[107.698579,37.062243],[107.692447,37.04776],[107.679335,37.047249],[107.67594,37.050014],[107.672635,37.046429],[107.678809,37.05624],[107.673836,37.06458],[107.668366,37.06728],[107.651263,37.062677],[107.64928,37.057982],[107.656971,37.050423],[107.664372,37.048514],[107.664013,37.042716],[107.670301,37.041617],[107.669794,37.02919],[107.680947,37.023571],[107.689701,36.996501],[107.696835,36.997055],[107.694164,37.009415],[107.697605,37.017685],[107.710235,37.015936],[107.706734,37.007367],[107.709884,37.001639],[107.719559,37.003918],[107.719649,37.015372],[107.725965,37.017412],[107.727037,37.011875],[107.732847,37.011114],[107.73255,37.008209],[107.744436,37.004765],[107.748037,37.000619],[107.74337,36.9969],[107.744198,36.98609],[107.738902,36.987835],[107.732119,36.984324],[107.732374,36.981197],[107.727923,36.983975],[107.724557,36.981294],[107.723498,36.985729],[107.7183,36.986887],[107.718497,36.993842],[107.712803,36.98777],[107.715204,36.983644],[107.70527,36.982262],[107.705449,36.974875],[107.700491,36.975544],[107.694806,36.988651],[107.687042,36.97511],[107.687812,36.96895],[107.702279,36.963329],[107.695658,36.956519],[107.69456,36.950665],[107.702327,36.9475],[107.708443,36.93997],[107.706603,36.926487],[107.720759,36.919696],[107.720853,36.90696],[107.716267,36.904905],[107.722495,36.891601],[107.716447,36.874699],[107.725117,36.868499],[107.715767,36.857251],[107.686927,36.850052],[107.667228,36.832818],[107.627624,36.817789],[107.626011,36.813962],[107.624428,36.818386],[107.59878,36.825838],[107.59579,36.830893],[107.585978,36.836231],[107.563426,36.836396],[107.550597,36.826487],[107.535197,36.828519],[107.526856,36.847877],[107.519721,36.853437],[107.523574,36.853615],[107.528566,36.860103],[107.528782,36.867091],[107.493236,36.893124],[107.483487,36.904648],[107.472836,36.90812],[107.431509,36.897924],[107.41939,36.902972],[107.360303,36.905026],[107.331146,36.92556],[107.303541,36.912548],[107.299904,36.925738],[107.289938,36.929019],[107.299394,36.941559],[107.296669,36.949676],[107.299348,36.95171],[107.291456,36.963694],[107.293468,36.969131],[107.28638,36.977989],[107.282468,36.991642],[107.285976,37.00372],[107.282739,37.005873],[107.279428,37.024461],[107.275858,37.026746],[107.278658,37.032673],[107.269479,37.040692],[107.274971,37.041642],[107.281316,37.055106],[107.270286,37.070794],[107.274521,37.077174],[107.26968,37.093451],[107.26375,37.09909],[107.280661,37.095144],[107.272144,37.103035],[107.271355,37.108156],[107.275078,37.11099],[107.264966,37.111078],[107.272935,37.114293],[107.268395,37.125006],[107.274181,37.127598],[107.302029,37.100028],[107.306177,37.11028],[107.309827,37.110472],[107.326,37.129691],[107.325542,37.136512],[107.329669,37.138564],[107.327193,37.141605],[107.330115,37.141785],[107.328545,37.146082],[107.331349,37.148501],[107.32814,37.14959],[107.332724,37.153495],[107.330032,37.156869],[107.333765,37.158993],[107.330897,37.15983],[107.329017,37.173125],[107.322488,37.180581],[107.319561,37.190026],[107.314257,37.193019],[107.31596,37.195082],[107.312431,37.199732],[107.295807,37.207132],[107.265382,37.228647],[107.267587,37.235491],[107.286415,37.240769],[107.303099,37.237419],[107.303668,37.250323],[107.288259,37.276963],[107.26816,37.290677],[107.252543,37.330999]]]}},{"type":"Feature","properties":{"id":"cn:610802","name":"榆阳区","level":2},"geometry":{"type":"Polygon","coordinates":[[[108.933525,38.207086],[108.950096,38.218141],[108.971815,38.246956],[108.956832,38.264648],[108.957137,38.267958],[108.971312,38.296505],[108.984559,38.310398],[109.002562,38.358607],[109.041381,38.381028],[109.057991,38.398197],[109.053031,38.419747],[109.046607,38.431422],[109.074923,38.448996],[109.086956,38.452843],[109.098076,38.465443],[109.114205,38.472339],[109.146252,38.50905],[109.173171,38.520209],[109.190575,38.544432],[109.192972,38.554419],[109.271244,38.622439],[109.282808,38.619905],[109.307863,38.600096],[109.324104,38.596598],[109.339464,38.611928],[109.356835,38.621719],[109.361539,38.626784],[109.360845,38.630386],[109.321686,38.663112],[109.32035,38.669354],[109.330506,38.698277],[109.349057,38.705837],[109.372485,38.71194],[109.389951,38.712192],[109.395828,38.715525],[109.403371,38.742461],[109.436829,38.77038],[109.438535,38.782209],[109.475236,38.810038],[109.483604,38.812668],[109.505601,38.833116],[109.513656,38.83193],[109.544299,38.805195],[109.588369,38.834045],[109.606425,38.851908],[109.610965,38.852486],[109.62034,38.846661],[109.619012,38.853974],[109.64008,38.878185],[109.665444,38.925858],[109.679684,38.914425],[109.696525,38.893625],[109.71028,38.886547],[109.774963,38.837287],[109.856272,38.792179],[109.868626,38.767906],[109.870434,38.758368],[109.849897,38.756655],[109.832473,38.758495],[109.819495,38.767142],[109.796825,38.769956],[109.783855,38.763687],[109.76308,38.761178],[109.755841,38.752155],[109.746915,38.749353],[109.750932,38.738148],[109.739025,38.726834],[109.744951,38.717102],[109.753428,38.712406],[109.771581,38.692272],[109.776788,38.694454],[109.80999,38.686132],[109.832384,38.664556],[109.832605,38.660584],[109.854195,38.656955],[109.883384,38.636758],[109.885283,38.634164],[109.881257,38.631163],[109.889612,38.622905],[109.89273,38.614868],[109.920791,38.599059],[109.93536,38.595567],[109.942083,38.603846],[109.954342,38.595477],[109.962261,38.601011],[109.952496,38.606211],[109.955714,38.60972],[109.95458,38.614885],[109.959368,38.6175],[109.9921,38.602775],[110.036376,38.603436],[110.058554,38.593332],[110.102114,38.591467],[110.111669,38.586128],[110.122373,38.588319],[110.120319,38.573692],[110.115994,38.567238],[110.108823,38.565545],[110.101334,38.550964],[110.10554,38.547435],[110.113281,38.548401],[110.129933,38.539304],[110.155763,38.539045],[110.178067,38.531781],[110.182653,38.51384],[110.195219,38.503135],[110.245411,38.499866],[110.253637,38.493492],[110.261044,38.498138],[110.273695,38.494607],[110.27933,38.498109],[110.277375,38.501594],[110.288775,38.496956],[110.292647,38.502259],[110.298511,38.49942],[110.299939,38.502119],[110.324721,38.507983],[110.333326,38.505341],[110.337248,38.495108],[110.33449,38.489829],[110.329698,38.489177],[110.332347,38.486465],[110.32861,38.47033],[110.331435,38.462164],[110.337499,38.454776],[110.36969,38.432471],[110.380221,38.434369],[110.381375,38.426402],[110.374604,38.422218],[110.375338,38.407629],[110.386309,38.39557],[110.401563,38.392609],[110.405066,38.387038],[110.404642,38.383739],[110.394685,38.387248],[110.385748,38.384399],[110.387475,38.380493],[110.383045,38.379824],[110.379104,38.370305],[110.373704,38.371943],[110.374469,38.367872],[110.368105,38.366118],[110.368518,38.362856],[110.355516,38.371186],[110.360631,38.362672],[110.356629,38.356779],[110.320723,38.341381],[110.308399,38.346867],[110.304824,38.351696],[110.303522,38.348861],[110.295778,38.347876],[110.284854,38.35307],[110.279386,38.348154],[110.28501,38.347627],[110.283953,38.345153],[110.276734,38.34598],[110.274049,38.342297],[110.267951,38.347447],[110.26842,38.352284],[110.271763,38.352516],[110.258847,38.362116],[110.258489,38.373742],[110.250222,38.371776],[110.242477,38.367286],[110.243267,38.362825],[110.248377,38.361317],[110.244085,38.354761],[110.248677,38.345391],[110.242737,38.34479],[110.245492,38.342168],[110.235822,38.336042],[110.222174,38.339957],[110.214534,38.332987],[110.231883,38.332575],[110.224816,38.328317],[110.228771,38.323634],[110.214675,38.322201],[110.205689,38.329427],[110.193586,38.331402],[110.193909,38.341958],[110.175138,38.341474],[110.170086,38.344304],[110.165387,38.338967],[110.148916,38.335429],[110.155484,38.33447],[110.161173,38.328746],[110.14822,38.307834],[110.131952,38.315154],[110.125093,38.31378],[110.125057,38.316739],[110.12813,38.316699],[110.125215,38.320401],[110.117878,38.323563],[110.112676,38.321998],[110.112704,38.324999],[110.109341,38.323222],[110.108518,38.326986],[110.100614,38.331033],[110.094404,38.329914],[110.09404,38.335074],[110.092047,38.332819],[110.087542,38.335205],[110.084237,38.323012],[110.078161,38.320012],[110.087126,38.314213],[110.083235,38.314471],[110.082323,38.304032],[110.077258,38.305141],[110.078398,38.30286],[110.074185,38.301996],[110.079396,38.297824],[110.075288,38.288259],[110.070488,38.287276],[110.076227,38.28002],[110.062051,38.283064],[110.055641,38.292498],[110.045292,38.292182],[110.041832,38.284016],[110.043807,38.281348],[110.04095,38.28206],[110.045183,38.27838],[110.043995,38.274703],[110.031484,38.275065],[110.03116,38.271903],[110.041906,38.26628],[110.039264,38.265093],[110.044419,38.249457],[110.038322,38.24761],[110.035499,38.241577],[110.04208,38.238853],[110.038254,38.232827],[110.049112,38.217769],[110.044412,38.216514],[110.04136,38.208906],[110.031653,38.207391],[110.033726,38.198989],[110.040516,38.202819],[110.046749,38.19358],[110.053314,38.196406],[110.061427,38.190879],[110.051994,38.189471],[110.048138,38.183064],[110.048119,38.16451],[110.052172,38.156719],[110.061828,38.151686],[110.067382,38.157261],[110.076528,38.15436],[110.072462,38.153681],[110.073788,38.15106],[110.083118,38.150233],[110.081567,38.145162],[110.092899,38.140614],[110.082673,38.140047],[110.080124,38.131791],[110.086399,38.135799],[110.100832,38.122595],[110.107738,38.126117],[110.120229,38.108883],[110.115433,38.108415],[110.112957,38.102873],[110.109326,38.103649],[110.122743,38.088235],[110.115588,38.086665],[110.116572,38.081844],[110.107511,38.074698],[110.109687,38.07008],[110.119571,38.067808],[110.11139,38.056667],[110.116412,38.045809],[110.109857,38.043275],[110.103852,38.044817],[110.096488,38.05453],[110.084587,38.051582],[110.080269,38.055731],[110.07688,38.051776],[110.081717,38.051137],[110.085056,38.040174],[110.087962,38.038882],[110.095693,38.041761],[110.101572,38.040576],[110.102193,38.03693],[110.109391,38.042538],[110.12046,38.034694],[110.128291,38.033103],[110.133584,38.034717],[110.131569,38.038317],[110.134337,38.039141],[110.140467,38.030589],[110.139745,38.027043],[110.127058,38.027249],[110.127718,38.020359],[110.120339,38.014185],[110.116736,38.01578],[110.116412,38.011255],[110.130699,38.002498],[110.128414,38.008328],[110.142755,38.014617],[110.145732,38.00723],[110.154799,38.007044],[110.151124,38.003392],[110.151028,37.996425],[110.144061,37.989573],[110.110556,38.001914],[110.108408,38.000117],[110.113769,37.993186],[110.10282,37.990606],[110.094634,37.992838],[110.10218,37.99845],[110.095058,38.002247],[110.112572,38.005151],[110.109573,38.012377],[110.094683,38.015127],[110.095921,38.020468],[110.080105,38.023905],[110.079804,38.018819],[110.086799,38.014913],[110.08391,38.009048],[110.087526,38.005745],[110.085946,37.995002],[110.09364,37.995262],[110.093959,37.992387],[110.10388,37.986667],[110.11439,37.974159],[110.106803,37.96924],[110.101655,37.972679],[110.100697,37.966221],[110.089596,37.956761],[110.086324,37.961095],[110.077603,37.963119],[110.078804,37.957673],[110.086811,37.950849],[110.084438,37.946034],[110.087306,37.937036],[110.08379,37.921554],[110.077219,37.924268],[110.075477,37.916094],[110.084489,37.913604],[110.101696,37.918674],[110.107387,37.911956],[110.106286,37.902713],[110.11328,37.901576],[110.108797,37.896496],[110.108927,37.887331],[110.122271,37.888752],[110.133173,37.873875],[110.13794,37.880105],[110.139179,37.889019],[110.150076,37.8863],[110.145339,37.864877],[110.149644,37.856345],[110.146753,37.84867],[110.144373,37.846649],[110.144121,37.851063],[110.138555,37.855558],[110.135711,37.852658],[110.135919,37.84758],[110.140879,37.842912],[110.149208,37.847291],[110.149913,37.842647],[110.155936,37.840652],[110.15275,37.836034],[110.14707,37.835313],[110.147153,37.830177],[110.151317,37.82782],[110.147011,37.826266],[110.152517,37.817406],[110.147695,37.817959],[110.149157,37.815124],[110.146838,37.814076],[110.136607,37.81363],[110.135092,37.818162],[110.131097,37.815694],[110.106419,37.839923],[110.078309,37.856764],[110.067604,37.847135],[110.063277,37.855041],[110.055973,37.852458],[110.051296,37.858786],[110.043464,37.862025],[110.045337,37.857867],[110.041857,37.860608],[110.038893,37.869872],[110.030489,37.874746],[110.027555,37.880132],[110.041365,37.881979],[110.043601,37.887038],[110.046718,37.88486],[110.051837,37.887584],[110.048296,37.889592],[110.043274,37.902444],[110.030333,37.913404],[110.015155,37.933935],[110.014015,37.939585],[109.966455,37.960627],[109.955336,37.959209],[109.946454,37.952069],[109.929691,37.961014],[109.92085,37.96198],[109.899625,37.956857],[109.8769,37.957799],[109.858006,37.971964],[109.8294,37.977523],[109.816115,37.987295],[109.804594,37.990275],[109.792742,38.008368],[109.773576,38.01768],[109.793455,38.03537],[109.792403,38.044481],[109.817366,38.041287],[109.819966,38.043659],[109.812788,38.05217],[109.81289,38.059033],[109.805878,38.068057],[109.802996,38.080744],[109.796332,38.087978],[109.769627,38.102162],[109.768686,38.106261],[109.777016,38.113711],[109.772606,38.116917],[109.77478,38.120331],[109.7696,38.121542],[109.773287,38.127411],[109.769526,38.127903],[109.766032,38.122984],[109.746019,38.120183],[109.735066,38.135185],[109.724662,38.157791],[109.72432,38.166991],[109.707143,38.172687],[109.718897,38.192881],[109.737861,38.204439],[109.736259,38.209846],[109.744409,38.224329],[109.738283,38.226703],[109.731644,38.225058],[109.72461,38.251506],[109.711351,38.247555],[109.709818,38.249569],[109.689466,38.239538],[109.664246,38.244961],[109.672422,38.23088],[109.66804,38.228305],[109.659158,38.243249],[109.638288,38.240754],[109.645471,38.231937],[109.660906,38.223143],[109.657794,38.21754],[109.660627,38.212519],[109.651962,38.207734],[109.659584,38.19792],[109.641654,38.175976],[109.613261,38.176168],[109.605464,38.173267],[109.597287,38.164808],[109.595576,38.157727],[109.58562,38.150657],[109.57832,38.157484],[109.580191,38.167398],[109.567825,38.179152],[109.539671,38.185756],[109.514819,38.201462],[109.509671,38.198336],[109.5041,38.202048],[109.493455,38.20219],[109.488075,38.188024],[109.479124,38.183007],[109.473375,38.189822],[109.448506,38.189356],[109.42484,38.199204],[109.410407,38.175741],[109.387547,38.167032],[109.388644,38.135042],[109.384941,38.121965],[109.379526,38.117011],[109.392061,38.088915],[109.384955,38.078323],[109.400967,38.06527],[109.385654,38.046264],[109.386085,38.038951],[109.374499,38.036823],[109.363732,38.039117],[109.356931,38.053648],[109.337038,38.061131],[109.291844,38.058572],[109.286321,38.072438],[109.281793,38.072988],[109.278294,38.069464],[109.266736,38.072512],[109.264466,38.076965],[109.263363,38.071586],[109.252309,38.065469],[109.212819,38.077611],[109.210389,38.067375],[109.213094,38.051148],[109.208009,38.041561],[109.183469,38.036089],[109.176111,38.044484],[109.153673,38.058988],[109.144162,38.076897],[109.128254,38.092546],[109.097715,38.097725],[109.0549,38.111971],[109.041727,38.106881],[109.014505,38.119125],[108.959392,38.154347],[108.937648,38.176504],[108.93987,38.192837],[108.933525,38.207086]],[[109.826197,38.653966],[109.818697,38.658056],[109.821067,38.663643],[109.81794,38.665447],[109.793866,38.654588],[109.798039,38.643088],[109.809833,38.62794],[109.824599,38.633382],[109.828282,38.638379],[109.832171,38.653613],[109.828907,38.658069],[109.826197,38.653966]]]}},{"type":"Feature","properties":{"id":"cn:610803","name":"横山区","level":2},"geometry":{"type":"Polygon","coordinates":[[[108.956075,37.929229],[108.969113,37.931378],[108.974704,37.944177],[108.974478,37.958799],[108.977586,37.96333],[108.98769,37.96748],[109.000745,37.965054],[109.012229,37.969359],[109.010207,37.982258],[109.02361,37.996851],[109.032665,38.020843],[109.06407,38.02232],[109.065789,38.027454],[109.04532,38.054307],[109.054279,38.06613],[109.063385,38.090453],[109.058125,38.099499],[109.041727,38.106881],[109.050311,38.111768],[109.062848,38.110334],[109.097715,38.097725],[109.128254,38.092546],[109.144162,38.076897],[109.153673,38.058988],[109.184251,38.035821],[109.208009,38.041561],[109.213094,38.051148],[109.210389,38.067375],[109.212819,38.077611],[109.252309,38.065469],[109.263363,38.071586],[109.264466,38.076965],[109.266736,38.072512],[109.278294,38.069464],[109.281793,38.072988],[109.286321,38.072438],[109.291844,38.058572],[109.337038,38.061131],[109.356931,38.053648],[109.360574,38.042357],[109.366806,38.036806],[109.381187,38.03755],[109.386085,38.038951],[109.385654,38.046264],[109.400967,38.06527],[109.384955,38.078323],[109.392061,38.088915],[109.379526,38.117011],[109.384941,38.121965],[109.388644,38.135042],[109.387547,38.167032],[109.410407,38.175741],[109.42484,38.199204],[109.448506,38.189356],[109.473375,38.189822],[109.479124,38.183007],[109.488075,38.188024],[109.493455,38.20219],[109.5041,38.202048],[109.509671,38.198336],[109.514819,38.201462],[109.539671,38.185756],[109.567825,38.179152],[109.580191,38.167398],[109.57832,38.157484],[109.58562,38.150657],[109.595576,38.157727],[109.597287,38.164808],[109.605464,38.173267],[109.613261,38.176168],[109.641654,38.175976],[109.659584,38.19792],[109.651962,38.207734],[109.660627,38.212519],[109.657794,38.21754],[109.660906,38.223143],[109.645471,38.231937],[109.638288,38.240754],[109.659158,38.243249],[109.66804,38.228305],[109.672422,38.23088],[109.664246,38.244961],[109.689466,38.239538],[109.709818,38.249569],[109.711351,38.247555],[109.72461,38.251506],[109.731644,38.225058],[109.738283,38.226703],[109.744409,38.224329],[109.736259,38.209846],[109.737861,38.204439],[109.718897,38.192881],[109.707143,38.172687],[109.72432,38.166991],[109.724662,38.157791],[109.735066,38.135185],[109.746019,38.120183],[109.766032,38.122984],[109.769526,38.127903],[109.773287,38.127411],[109.7696,38.121542],[109.77478,38.120331],[109.772606,38.116917],[109.777016,38.113711],[109.768686,38.106261],[109.769627,38.102162],[109.796332,38.087978],[109.802996,38.080744],[109.805878,38.068057],[109.81289,38.059033],[109.812788,38.05217],[109.819966,38.043659],[109.817366,38.041287],[109.792403,38.044481],[109.793455,38.03537],[109.773576,38.01768],[109.792742,38.008368],[109.804594,37.990275],[109.816115,37.987295],[109.8294,37.977523],[109.858006,37.971964],[109.8769,37.957799],[109.899625,37.956857],[109.92085,37.96198],[109.929691,37.961014],[109.946454,37.952069],[109.955336,37.959209],[109.966455,37.960627],[109.988602,37.952818],[110.001819,37.943196],[110.014387,37.939349],[110.015298,37.933739],[110.040417,37.903696],[110.022977,37.898682],[110.016786,37.901855],[110.008251,37.895876],[109.994529,37.899353],[109.998957,37.890702],[109.998,37.886919],[109.993571,37.887362],[109.992514,37.880101],[109.979993,37.882625],[109.979822,37.887977],[109.974706,37.890072],[109.971937,37.885893],[109.967542,37.886237],[109.965655,37.880891],[109.956129,37.879692],[109.95636,37.874171],[109.94873,37.870102],[109.948267,37.864006],[109.945215,37.8625],[109.950716,37.857957],[109.943912,37.841875],[109.931972,37.85237],[109.937889,37.859922],[109.939626,37.86842],[109.944871,37.871256],[109.926147,37.874517],[109.923535,37.872285],[109.925652,37.870889],[109.918663,37.869674],[109.909407,37.876096],[109.907145,37.875085],[109.912232,37.870206],[109.901788,37.872391],[109.902741,37.865642],[109.889978,37.872546],[109.88352,37.865967],[109.875234,37.86568],[109.870885,37.857342],[109.875987,37.856828],[109.880538,37.846161],[109.871529,37.83629],[109.870736,37.828977],[109.865221,37.827118],[109.85844,37.829918],[109.840955,37.822944],[109.835482,37.830182],[109.827345,37.819806],[109.817174,37.824807],[109.825767,37.818409],[109.823716,37.80839],[109.827425,37.805765],[109.83547,37.806991],[109.842984,37.800039],[109.842548,37.785734],[109.836778,37.782792],[109.834178,37.785836],[109.825794,37.78128],[109.819301,37.784128],[109.808658,37.781295],[109.801196,37.785201],[109.796539,37.784128],[109.795731,37.789946],[109.788202,37.792958],[109.78237,37.790407],[109.7728,37.802854],[109.769764,37.792925],[109.764581,37.795158],[109.755246,37.787623],[109.754044,37.780105],[109.75057,37.778062],[109.74104,37.782268],[109.729704,37.782673],[109.719997,37.797972],[109.714102,37.781287],[109.716352,37.759624],[109.7188,37.757891],[109.727716,37.762091],[109.737214,37.756884],[109.742396,37.744659],[109.736821,37.739934],[109.743067,37.732865],[109.738769,37.732374],[109.73915,37.728992],[109.734498,37.725636],[109.733938,37.716565],[109.727888,37.717568],[109.7066,37.707072],[109.70885,37.700571],[109.704268,37.698171],[109.703122,37.689735],[109.696831,37.692665],[109.688747,37.678546],[109.691099,37.669979],[109.681384,37.668748],[109.680452,37.665969],[109.672583,37.673303],[109.668436,37.686373],[109.65961,37.693125],[109.651776,37.693018],[109.64122,37.685487],[109.638466,37.681146],[109.644812,37.673373],[109.643261,37.669415],[109.637573,37.669786],[109.636086,37.665505],[109.625318,37.665541],[109.624391,37.661216],[109.639279,37.649246],[109.638354,37.640274],[109.647891,37.632439],[109.644438,37.624909],[109.651906,37.62072],[109.641213,37.614704],[109.640958,37.610371],[109.62984,37.611669],[109.619286,37.603821],[109.614836,37.609481],[109.603634,37.607537],[109.595166,37.61255],[109.595956,37.606553],[109.593037,37.6063],[109.589426,37.616004],[109.584581,37.612276],[109.581007,37.597516],[109.583584,37.594824],[109.587956,37.599522],[109.591404,37.597822],[109.591292,37.579885],[109.597458,37.584549],[109.602188,37.580633],[109.601904,37.572796],[109.596693,37.56238],[109.579624,37.564908],[109.574167,37.574378],[109.570666,37.569635],[109.574916,37.569026],[109.574365,37.56498],[109.579183,37.560958],[109.577197,37.558577],[109.584228,37.552915],[109.580559,37.54814],[109.585524,37.546669],[109.588871,37.549086],[109.598567,37.542343],[109.596681,37.534613],[109.581172,37.536639],[109.584904,37.534089],[109.575832,37.52791],[109.567632,37.515958],[109.561986,37.516395],[109.559872,37.510698],[109.542219,37.509515],[109.513842,37.49808],[109.491063,37.499218],[109.489029,37.494013],[109.486934,37.499152],[109.483085,37.499925],[109.469808,37.495073],[109.460757,37.486195],[109.463865,37.484102],[109.455481,37.457591],[109.433342,37.456282],[109.424613,37.464343],[109.418548,37.455572],[109.418453,37.443672],[109.392226,37.447675],[109.394149,37.436968],[109.387391,37.433817],[109.379327,37.436548],[109.367968,37.431562],[109.370596,37.424329],[109.364855,37.422686],[109.361848,37.413132],[109.353802,37.410136],[109.357623,37.406126],[109.358509,37.398487],[109.354874,37.39774],[109.357818,37.393964],[109.348461,37.392206],[109.350113,37.388442],[109.346757,37.383505],[109.339757,37.381716],[109.340778,37.378521],[109.347454,37.376917],[109.337056,37.371591],[109.33124,37.373131],[109.334627,37.362453],[109.317448,37.374479],[109.310057,37.388248],[109.301252,37.39455],[109.292255,37.3903],[109.28569,37.392694],[109.285828,37.396212],[109.279562,37.400742],[109.272193,37.413678],[109.273424,37.417149],[109.277022,37.415817],[109.28379,37.420666],[109.281925,37.431287],[109.288037,37.436975],[109.285505,37.451999],[109.290069,37.455545],[109.293438,37.453681],[109.294479,37.46188],[109.282281,37.468525],[109.27521,37.478774],[109.276394,37.483564],[109.266041,37.489327],[109.266891,37.494762],[109.261429,37.500284],[109.26065,37.505897],[109.265692,37.508514],[109.255583,37.520898],[109.257804,37.526563],[109.2648,37.525742],[109.261342,37.534591],[109.263722,37.544009],[109.258779,37.54326],[109.252937,37.551353],[109.255233,37.558936],[109.247212,37.572248],[109.244284,37.586507],[109.23738,37.586036],[109.235115,37.581341],[109.229575,37.587136],[109.213745,37.593069],[109.216278,37.598261],[109.210502,37.597268],[109.172449,37.611957],[109.12926,37.637117],[109.12647,37.646731],[109.12247,37.648629],[109.110295,37.63572],[109.104908,37.63787],[109.107637,37.64218],[109.112787,37.643124],[109.117573,37.652829],[109.122689,37.654501],[109.101246,37.667994],[109.085299,37.659825],[109.067026,37.657612],[109.048962,37.65924],[109.042055,37.667312],[109.045965,37.683143],[109.05411,37.68568],[109.052421,37.698071],[109.06683,37.710389],[109.06624,37.714591],[109.070102,37.714343],[109.063161,37.723539],[109.069615,37.725637],[109.067058,37.737254],[109.09715,37.754046],[109.098931,37.758614],[109.104335,37.792756],[109.09158,37.804359],[109.110619,37.812602],[109.096314,37.830991],[109.10129,37.831019],[109.104806,37.838873],[109.11606,37.843283],[109.14343,37.83918],[109.135994,37.843793],[109.138968,37.845814],[109.13731,37.849761],[109.141835,37.848231],[109.134562,37.857504],[109.143899,37.867289],[109.13933,37.87344],[109.136067,37.871098],[109.127442,37.877095],[109.112049,37.879258],[109.110917,37.874808],[109.11782,37.865177],[109.108524,37.876475],[109.103057,37.87802],[109.095409,37.87716],[109.082316,37.869469],[109.083271,37.872284],[109.07172,37.877866],[109.06639,37.88434],[109.066992,37.911299],[109.047202,37.910865],[109.042863,37.898602],[109.020511,37.894815],[109.000445,37.90007],[108.985278,37.899291],[108.981233,37.894875],[108.976676,37.895771],[108.968539,37.881766],[108.962081,37.881763],[108.947468,37.894486],[108.956608,37.909394],[108.945046,37.914072],[108.942495,37.918028],[108.942074,37.921855],[108.956075,37.929229]],[[109.850521,37.909031],[109.870998,37.914894],[109.874265,37.919638],[109.865066,37.921808],[109.856316,37.913658],[109.846162,37.912507],[109.850521,37.909031]]]}},{"type":"Feature","properties":{"id":"cn:610822","name":"府谷县","level":2},"geometry":{"type":"Polygon","coordinates":[[[110.376171,39.289684],[110.380897,39.301586],[110.379252,39.309401],[110.40737,39.32583],[110.41553,39.336706],[110.423498,39.338941],[110.410581,39.3475],[110.414106,39.360947],[110.424054,39.378181],[110.444106,39.380391],[110.457908,39.376307],[110.465634,39.372405],[110.476702,39.359562],[110.488126,39.358525],[110.506659,39.368339],[110.505617,39.380856],[110.515965,39.382253],[110.531511,39.372748],[110.553482,39.351307],[110.556711,39.334611],[110.567831,39.324485],[110.560965,39.318309],[110.565166,39.309125],[110.576911,39.296247],[110.584411,39.29445],[110.59586,39.278569],[110.607504,39.275993],[110.622538,39.265654],[110.649165,39.269488],[110.66383,39.275088],[110.682519,39.266642],[110.696946,39.272984],[110.717007,39.295609],[110.719533,39.30281],[110.726921,39.30755],[110.726416,39.320223],[110.723231,39.322702],[110.732914,39.328722],[110.732118,39.347275],[110.737094,39.354932],[110.757814,39.373647],[110.764273,39.38376],[110.78008,39.390132],[110.789863,39.400752],[110.792259,39.409377],[110.802007,39.410896],[110.805966,39.422558],[110.822693,39.431269],[110.821165,39.436985],[110.83936,39.45936],[110.839316,39.464963],[110.847832,39.470827],[110.862346,39.492406],[110.875149,39.495918],[110.888526,39.509658],[110.902511,39.512128],[110.91225,39.510388],[110.932181,39.518157],[110.945505,39.520913],[110.953101,39.518548],[110.960376,39.522007],[110.96745,39.52879],[110.983961,39.536035],[110.990383,39.546751],[111.001347,39.551551],[111.010896,39.550983],[111.018995,39.556824],[111.020696,39.563231],[111.028075,39.559963],[111.028309,39.562463],[111.020201,39.56623],[111.022441,39.568686],[111.034515,39.566503],[111.034637,39.555479],[111.037259,39.553444],[111.056269,39.557358],[111.065279,39.554702],[111.08588,39.556565],[111.110636,39.565193],[111.11298,39.57636],[111.130172,39.585785],[111.133567,39.584375],[111.136973,39.575601],[111.148874,39.568414],[111.149976,39.562346],[111.144395,39.554729],[111.148171,39.551313],[111.143223,39.541661],[111.138292,39.541122],[111.140341,39.537138],[111.142399,39.53814],[111.142138,39.530962],[111.138284,39.530605],[111.135437,39.525067],[111.138075,39.521917],[111.131036,39.521886],[111.112589,39.509985],[111.113761,39.500558],[111.105315,39.500528],[111.099048,39.496222],[111.093415,39.482051],[111.102511,39.476991],[111.102286,39.47298],[111.088848,39.472528],[111.081461,39.467207],[111.080281,39.455463],[111.064438,39.452958],[111.051863,39.446511],[111.052131,39.43905],[111.047368,39.428788],[111.054916,39.424538],[111.058953,39.414317],[111.054613,39.409708],[111.054674,39.403861],[111.057885,39.399795],[111.065151,39.400255],[111.067251,39.405589],[111.078597,39.411856],[111.091192,39.40338],[111.080012,39.378979],[111.085246,39.368645],[111.098155,39.356691],[111.114691,39.358818],[111.117762,39.366074],[111.145863,39.368334],[111.152225,39.361264],[111.147513,39.340644],[111.151637,39.335577],[111.158706,39.334871],[111.164191,39.34361],[111.177118,39.349837],[111.181918,39.349835],[111.188517,39.343944],[111.187692,39.339466],[111.172809,39.327732],[111.181444,39.313275],[111.207311,39.300288],[111.241573,39.300607],[111.234529,39.291334],[111.220674,39.283416],[111.211152,39.268428],[111.206957,39.253582],[111.212519,39.244721],[111.210823,39.236426],[111.197522,39.223708],[111.198861,39.218705],[111.189513,39.208833],[111.181125,39.189087],[111.168195,39.173711],[111.15714,39.153051],[111.156754,39.149078],[111.165341,39.14174],[111.167604,39.134198],[111.155962,39.107475],[111.138995,39.097201],[111.139231,39.078867],[111.131784,39.063314],[111.082418,39.026125],[111.031877,39.019244],[111.021791,39.01528],[110.992228,38.997752],[110.97597,38.977465],[110.974553,38.969334],[110.990539,38.957619],[111.005118,38.927228],[111.005059,38.907923],[111.009688,38.883727],[111.006104,38.877584],[110.988782,38.865552],[111.002979,38.84711],[111.003899,38.840902],[110.99035,38.824464],[110.973067,38.787138],[110.950334,38.776206],[110.950517,38.76884],[110.959033,38.757724],[110.952798,38.744988],[110.931775,38.718307],[110.915203,38.709411],[110.916818,38.719109],[110.905495,38.728293],[110.88896,38.730792],[110.877037,38.736819],[110.873897,38.734879],[110.873641,38.729413],[110.869139,38.728578],[110.865736,38.73404],[110.8682,38.739194],[110.862953,38.742813],[110.867584,38.743099],[110.865774,38.747975],[110.839452,38.745648],[110.836387,38.75382],[110.825044,38.758263],[110.827248,38.762058],[110.834188,38.762907],[110.83148,38.766206],[110.835535,38.769261],[110.836168,38.775562],[110.856837,38.779729],[110.84475,38.78863],[110.850986,38.798742],[110.848313,38.804884],[110.837647,38.805574],[110.828388,38.820883],[110.829134,38.832919],[110.843495,38.834534],[110.85089,38.839224],[110.847198,38.843903],[110.848484,38.848],[110.838445,38.858689],[110.836722,38.871637],[110.838839,38.876825],[110.82867,38.87452],[110.809868,38.880004],[110.800999,38.888541],[110.787858,38.892898],[110.774406,38.904169],[110.766298,38.900874],[110.754611,38.904021],[110.751377,38.898095],[110.740958,38.894892],[110.727938,38.901542],[110.717721,38.912812],[110.718789,38.917122],[110.714589,38.916738],[110.712505,38.920844],[110.710336,38.918603],[110.700219,38.922301],[110.697927,38.919455],[110.693599,38.930387],[110.683204,38.927386],[110.674361,38.931239],[110.674141,38.937912],[110.680452,38.945536],[110.669001,38.95424],[110.681665,38.954299],[110.67121,38.958895],[110.665435,38.967879],[110.656014,38.970785],[110.659514,38.974395],[110.64277,38.98367],[110.647477,38.98455],[110.651785,38.99189],[110.64231,39.001711],[110.643025,39.004968],[110.664959,39.01484],[110.662647,39.025035],[110.650772,39.032064],[110.639227,39.029166],[110.635265,39.04073],[110.62833,39.049139],[110.616472,39.050926],[110.623527,39.055951],[110.621266,39.058918],[110.612572,39.061869],[110.607771,39.060123],[110.598174,39.071887],[110.581919,39.067325],[110.57302,39.071735],[110.56673,39.069754],[110.563795,39.07642],[110.56593,39.082124],[110.569702,39.082957],[110.560669,39.090149],[110.566949,39.094093],[110.571349,39.103134],[110.569288,39.109874],[110.562346,39.114131],[110.55657,39.113341],[110.552162,39.107245],[110.54684,39.107748],[110.544586,39.104124],[110.531942,39.107762],[110.533881,39.11062],[110.530555,39.113082],[110.534273,39.117592],[110.53196,39.122045],[110.537863,39.124566],[110.534948,39.130315],[110.544882,39.140491],[110.540432,39.145],[110.52637,39.148172],[110.53089,39.154116],[110.52029,39.162507],[110.506512,39.161269],[110.497892,39.167412],[110.487244,39.161078],[110.480479,39.167726],[110.47999,39.178816],[110.470763,39.189873],[110.45981,39.188935],[110.450271,39.198059],[110.436097,39.197006],[110.422016,39.207468],[110.405251,39.204398],[110.402457,39.21985],[110.392108,39.229954],[110.392694,39.24257],[110.398855,39.245282],[110.40262,39.251845],[110.387302,39.265725],[110.384794,39.277043],[110.376171,39.289684]]]}},{"type":"Feature","properties":{"id":"cn:610824","name":"靖边县","level":2},"geometry":{"type":"Polygon","coordinates":[[[108.291732,37.592129],[108.292338,37.603145],[108.297111,37.604467],[108.301247,37.617023],[108.297669,37.620253],[108.304311,37.630995],[108.303057,37.63391],[108.327929,37.632362],[108.350907,37.642184],[108.417251,37.648087],[108.435559,37.653881],[108.480411,37.677332],[108.527824,37.690104],[108.554795,37.681276],[108.614517,37.651606],[108.640505,37.654965],[108.69456,37.669106],[108.71541,37.683038],[108.736625,37.684908],[108.763344,37.680116],[108.781027,37.688681],[108.787718,37.707452],[108.778327,37.73671],[108.777702,37.757539],[108.794889,37.783454],[108.796375,37.79178],[108.788188,37.815321],[108.787476,37.827374],[108.787051,37.872335],[108.793194,37.933141],[108.821849,37.988613],[108.817214,38.006639],[108.792588,38.047386],[108.825651,38.049348],[108.853082,38.036179],[108.878073,38.013453],[108.888924,37.977801],[108.912178,37.959398],[108.916015,37.942055],[108.923766,37.929143],[108.930858,37.921226],[108.942074,37.921855],[108.944146,37.914628],[108.956608,37.909394],[108.947468,37.894486],[108.959688,37.882634],[108.968179,37.881507],[108.976676,37.895771],[108.981233,37.894875],[108.985278,37.899291],[109.000445,37.90007],[109.020511,37.894815],[109.042863,37.898602],[109.047202,37.910865],[109.066992,37.911299],[109.06639,37.88434],[109.07172,37.877866],[109.083271,37.872284],[109.082316,37.869469],[109.095409,37.87716],[109.103057,37.87802],[109.108524,37.876475],[109.11782,37.865177],[109.110917,37.874808],[109.112049,37.879258],[109.127442,37.877095],[109.136067,37.871098],[109.14015,37.872584],[109.14431,37.866629],[109.136749,37.862373],[109.134562,37.857504],[109.141835,37.848231],[109.13731,37.849761],[109.138968,37.845814],[109.135994,37.843793],[109.14343,37.83918],[109.11606,37.843283],[109.104806,37.838873],[109.10129,37.831019],[109.096314,37.830991],[109.110619,37.812602],[109.09158,37.804359],[109.104335,37.792756],[109.098931,37.758614],[109.09715,37.754046],[109.067058,37.737254],[109.069615,37.725637],[109.063161,37.723539],[109.070102,37.714343],[109.06624,37.714591],[109.06683,37.710389],[109.052421,37.698071],[109.05411,37.68568],[109.045965,37.683143],[109.042055,37.667312],[109.048962,37.65924],[109.067026,37.657612],[109.085299,37.659825],[109.101246,37.667994],[109.122689,37.654501],[109.117573,37.652829],[109.112787,37.643124],[109.107637,37.64218],[109.104908,37.63787],[109.110295,37.63572],[109.12247,37.648629],[109.12647,37.646731],[109.12926,37.637117],[109.172449,37.611957],[109.210502,37.597268],[109.216278,37.598261],[109.213745,37.593069],[109.229575,37.587136],[109.235115,37.581341],[109.23738,37.586036],[109.244284,37.586507],[109.247212,37.572248],[109.255233,37.558936],[109.252937,37.551353],[109.258779,37.54326],[109.263722,37.544009],[109.261342,37.534591],[109.2648,37.525742],[109.257804,37.526563],[109.255583,37.520898],[109.265692,37.508514],[109.26065,37.505897],[109.261429,37.500284],[109.266891,37.494762],[109.266041,37.489327],[109.276394,37.483564],[109.27521,37.478774],[109.282281,37.468525],[109.294479,37.46188],[109.293438,37.453681],[109.290069,37.455545],[109.285505,37.451999],[109.288037,37.436975],[109.281925,37.431287],[109.28379,37.420666],[109.277022,37.415817],[109.273424,37.417149],[109.272193,37.413678],[109.279562,37.400742],[109.285828,37.396212],[109.28569,37.392694],[109.292255,37.3903],[109.301252,37.39455],[109.310057,37.388248],[109.317448,37.374479],[109.334627,37.362453],[109.330433,37.361314],[109.331475,37.357608],[109.325189,37.356981],[109.336442,37.345828],[109.325872,37.347313],[109.320852,37.350234],[109.322278,37.353702],[109.319508,37.355168],[109.309251,37.352612],[109.298913,37.355504],[109.297988,37.334673],[109.280389,37.342693],[109.270709,37.341265],[109.266622,37.335219],[109.260544,37.335621],[109.255231,37.341029],[109.246913,37.339241],[109.244661,37.335202],[109.239653,37.334276],[109.242184,37.331496],[109.237862,37.329924],[109.239975,37.325968],[109.237403,37.317611],[109.232811,37.322563],[109.225303,37.321049],[109.212388,37.328643],[109.193551,37.317979],[109.183672,37.324582],[109.17211,37.325927],[109.175854,37.319898],[109.173735,37.315604],[109.181044,37.308639],[109.168207,37.308998],[109.173982,37.301848],[109.168523,37.297185],[109.163301,37.299738],[109.166179,37.303535],[109.161159,37.308507],[109.148722,37.311919],[109.149183,37.308432],[109.146657,37.308629],[109.142771,37.314039],[109.135922,37.315311],[109.129092,37.321307],[109.114275,37.323545],[109.104622,37.304521],[109.091186,37.302549],[109.095586,37.307303],[109.084552,37.309483],[109.084735,37.313438],[109.079133,37.313842],[109.07808,37.309566],[109.074539,37.308718],[109.077385,37.307352],[109.077215,37.301891],[109.067426,37.302937],[109.052186,37.283083],[109.041944,37.287743],[109.04575,37.29779],[109.030461,37.298684],[109.028271,37.302095],[109.015772,37.300862],[109.009541,37.304931],[109.006969,37.298424],[109.010334,37.291794],[109.005496,37.280688],[108.99718,37.285769],[108.994357,37.282083],[108.978416,37.277545],[108.982086,37.270698],[108.979023,37.268852],[108.973527,37.271438],[108.976979,37.267718],[108.975638,37.264669],[108.979736,37.262946],[108.974454,37.260235],[108.970953,37.260266],[108.969792,37.26389],[108.95702,37.263978],[108.954116,37.256082],[108.939991,37.256565],[108.938936,37.249289],[108.944027,37.251058],[108.953481,37.244862],[108.947995,37.242367],[108.952454,37.2344],[108.944444,37.23625],[108.940782,37.232978],[108.934518,37.238161],[108.930211,37.232482],[108.924934,37.23308],[108.91323,37.240108],[108.905632,37.23861],[108.897194,37.23163],[108.889474,37.238375],[108.884333,37.230285],[108.883994,37.219065],[108.873918,37.233631],[108.877066,37.238855],[108.873448,37.251652],[108.866406,37.255694],[108.862642,37.253985],[108.859491,37.261426],[108.855056,37.252973],[108.865137,37.242062],[108.859928,37.235626],[108.853851,37.236626],[108.855154,37.228388],[108.851169,37.221142],[108.854589,37.208307],[108.846403,37.204006],[108.850444,37.198342],[108.863083,37.196405],[108.855629,37.190784],[108.855582,37.181618],[108.878363,37.175739],[108.878476,37.151938],[108.875605,37.150033],[108.867937,37.154908],[108.865708,37.150064],[108.85394,37.152882],[108.850582,37.151387],[108.852467,37.147643],[108.843747,37.152253],[108.83062,37.143465],[108.831721,37.137124],[108.811955,37.139338],[108.808345,37.129955],[108.797575,37.121202],[108.796401,37.112931],[108.792516,37.108889],[108.77831,37.121745],[108.77415,37.120713],[108.76652,37.110374],[108.757794,37.118548],[108.746932,37.113423],[108.752064,37.10081],[108.746172,37.097878],[108.744582,37.082459],[108.739852,37.083724],[108.73717,37.081256],[108.736216,37.076787],[108.742855,37.070678],[108.750417,37.075109],[108.758464,37.066686],[108.765621,37.070549],[108.772333,37.053961],[108.77838,37.056905],[108.777645,37.053949],[108.785927,37.051653],[108.786746,37.043791],[108.797492,37.041118],[108.802195,37.045489],[108.80859,37.038307],[108.813535,37.026469],[108.798464,37.024459],[108.792684,37.007333],[108.801879,37.003475],[108.799728,37.000091],[108.784623,36.996572],[108.782698,36.98396],[108.774874,36.985522],[108.765026,36.974584],[108.756727,36.980097],[108.758134,36.990062],[108.753438,36.991279],[108.740853,36.983164],[108.727367,36.984176],[108.712737,36.992361],[108.700692,36.99377],[108.696658,37.004493],[108.693814,36.999181],[108.687621,37.003675],[108.685362,36.998889],[108.676162,37.002139],[108.667229,37.010735],[108.670476,37.011605],[108.670749,37.019341],[108.656845,37.033489],[108.653965,37.040543],[108.644126,37.038978],[108.628927,37.030202],[108.615358,37.033696],[108.61353,37.031278],[108.609595,37.034627],[108.601166,37.013216],[108.594601,37.010661],[108.598437,37.010167],[108.594038,37.005531],[108.597887,37.000012],[108.595206,36.993677],[108.585183,36.999997],[108.567598,36.989083],[108.564121,36.998406],[108.550856,36.993529],[108.551075,36.989804],[108.539194,36.994549],[108.535309,36.988767],[108.522557,36.995418],[108.521864,36.998449],[108.509788,37.00148],[108.508145,37.005901],[108.504032,37.005621],[108.500399,37.000378],[108.490344,37.004113],[108.482987,37.018248],[108.484141,37.023641],[108.502548,37.03172],[108.502304,37.023013],[108.513635,37.022351],[108.515938,37.025056],[108.512471,37.035872],[108.516833,37.04016],[108.530999,37.036371],[108.535309,37.042103],[108.539531,37.042388],[108.539453,37.049497],[108.531425,37.05866],[108.536583,37.064146],[108.543846,37.065201],[108.540752,37.081135],[108.54802,37.083736],[108.548612,37.087818],[108.531494,37.114284],[108.533962,37.124415],[108.528892,37.133056],[108.537135,37.141083],[108.539168,37.145694],[108.536644,37.149516],[108.547565,37.163886],[108.541382,37.177756],[108.538128,37.176392],[108.529677,37.188468],[108.521781,37.188288],[108.520871,37.180512],[108.516639,37.179909],[108.515434,37.191952],[108.507785,37.201871],[108.508757,37.207913],[108.50441,37.214027],[108.507817,37.221276],[108.51435,37.22561],[108.510716,37.23011],[108.49472,37.234989],[108.48255,37.23029],[108.474848,37.238662],[108.47186,37.236848],[108.465109,37.242203],[108.458525,37.240984],[108.454896,37.248579],[108.445139,37.256244],[108.46027,37.263972],[108.469256,37.260084],[108.47223,37.267457],[108.470144,37.272204],[108.48127,37.270566],[108.48118,37.277849],[108.472697,37.287314],[108.461674,37.288393],[108.449426,37.297031],[108.451248,37.30705],[108.438918,37.314808],[108.434627,37.314097],[108.432582,37.332443],[108.427332,37.334571],[108.430159,37.343601],[108.42381,37.354157],[108.428864,37.369587],[108.428066,37.385931],[108.417016,37.398042],[108.414835,37.405531],[108.406405,37.407888],[108.40477,37.401541],[108.401959,37.401506],[108.405047,37.39056],[108.401452,37.388605],[108.403705,37.379518],[108.380382,37.386936],[108.377382,37.383531],[108.36974,37.388237],[108.355177,37.384875],[108.3542,37.391069],[108.365324,37.404682],[108.361097,37.407138],[108.360628,37.423738],[108.355839,37.432326],[108.370865,37.438472],[108.36986,37.444555],[108.373814,37.446382],[108.338879,37.465267],[108.34445,37.471255],[108.343732,37.487036],[108.339008,37.489165],[108.342054,37.524461],[108.337193,37.539187],[108.331889,37.543598],[108.335071,37.550585],[108.31716,37.566151],[108.318438,37.571077],[108.312491,37.5718],[108.303967,37.578302],[108.291732,37.592129]]]}},{"type":"Feature","properties":{"id":"cn:610825","name":"定边县","level":2},"geometry":{"type":"Polygon","coordinates":[[[107.252543,37.330999],[107.258967,37.349393],[107.256111,37.370321],[107.269279,37.399666],[107.278611,37.440261],[107.279305,37.481359],[107.286275,37.48793],[107.305321,37.49474],[107.34052,37.518169],[107.355832,37.54372],[107.366943,37.579333],[107.362918,37.587285],[107.337003,37.581187],[107.325344,37.583383],[107.306271,37.609312],[107.319969,37.605669],[107.34361,37.607567],[107.356082,37.612576],[107.359335,37.616468],[107.357847,37.622198],[107.391459,37.651685],[107.414602,37.64947],[107.416755,37.664341],[107.384282,37.670441],[107.37946,37.684735],[107.381596,37.690368],[107.401779,37.692222],[107.420362,37.683372],[107.460206,37.69055],[107.479929,37.705841],[107.483731,37.713945],[107.487228,37.732143],[107.485701,37.744734],[107.49406,37.765086],[107.518366,37.772421],[107.56643,37.77627],[107.579226,37.782924],[107.586199,37.782882],[107.586489,37.786805],[107.577621,37.786366],[107.57198,37.790639],[107.580259,37.798096],[107.583705,37.796913],[107.582757,37.790708],[107.59437,37.790757],[107.604408,37.777791],[107.615813,37.775568],[107.641204,37.804803],[107.65432,37.843662],[107.653083,37.858502],[107.645283,37.864196],[107.670952,37.875346],[107.67965,37.887876],[107.69044,37.885085],[107.684754,37.878466],[107.686369,37.874999],[107.704893,37.868926],[107.725361,37.850307],[107.736039,37.844799],[107.810866,37.828592],[107.817158,37.831682],[107.832714,37.830155],[107.844311,37.822173],[107.880023,37.807972],[107.885882,37.813028],[107.891698,37.812841],[107.912306,37.807108],[107.932271,37.794617],[107.97702,37.786743],[107.974623,37.76518],[107.988885,37.745784],[107.987827,37.735449],[108.003781,37.731895],[108.010804,37.719816],[108.012141,37.705046],[108.020578,37.695297],[108.017913,37.682163],[108.007739,37.666503],[108.0203,37.649161],[108.05504,37.651361],[108.071837,37.64225],[108.110395,37.634842],[108.128737,37.621261],[108.142244,37.620996],[108.165682,37.633305],[108.183868,37.63406],[108.200595,37.655158],[108.214363,37.660557],[108.24155,37.665176],[108.269153,37.663395],[108.287808,37.656329],[108.296158,37.640119],[108.308823,37.633947],[108.303057,37.63391],[108.303766,37.629622],[108.298503,37.625319],[108.297689,37.618233],[108.301247,37.617023],[108.297111,37.604467],[108.292338,37.603145],[108.292285,37.590404],[108.312019,37.5721],[108.318438,37.571077],[108.31716,37.566151],[108.335071,37.550585],[108.332222,37.541811],[108.337193,37.539187],[108.338125,37.532305],[108.340409,37.532193],[108.34212,37.511352],[108.339008,37.489165],[108.343732,37.487036],[108.34445,37.471255],[108.338879,37.465267],[108.373814,37.446382],[108.36986,37.444555],[108.370865,37.438472],[108.355839,37.432326],[108.360628,37.423738],[108.358956,37.416169],[108.362348,37.405799],[108.355954,37.402832],[108.357654,37.400128],[108.354076,37.394848],[108.348365,37.392005],[108.337605,37.370227],[108.333594,37.370946],[108.315979,37.357019],[108.300552,37.355094],[108.285389,37.347157],[108.262246,37.342802],[108.259958,37.339383],[108.236289,37.339987],[108.211302,37.322292],[108.220851,37.309199],[108.225486,37.308709],[108.234603,37.300741],[108.233685,37.297919],[108.246307,37.297948],[108.241312,37.28521],[108.243408,37.276449],[108.25513,37.274498],[108.257635,37.266342],[108.279559,37.261819],[108.282193,37.255473],[108.277375,37.237311],[108.271854,37.240785],[108.272977,37.232355],[108.26577,37.230806],[108.258598,37.238115],[108.246512,37.233703],[108.249254,37.227006],[108.258276,37.227558],[108.252232,37.221716],[108.255583,37.220178],[108.254761,37.21436],[108.239651,37.201876],[108.234872,37.200243],[108.231945,37.205215],[108.223548,37.203417],[108.222425,37.201141],[108.22791,37.198666],[108.228647,37.189152],[108.218574,37.186384],[108.211175,37.16781],[108.199172,37.172928],[108.184298,37.162787],[108.165291,37.164123],[108.163558,37.180596],[108.172512,37.195011],[108.170388,37.196916],[108.159411,37.200037],[108.154923,37.198335],[108.157385,37.185249],[108.145473,37.181172],[108.143395,37.188553],[108.132874,37.184768],[108.126024,37.206194],[108.116708,37.201952],[108.111624,37.195711],[108.122527,37.197195],[108.123959,37.191303],[108.121667,37.187943],[108.11426,37.189266],[108.109508,37.144448],[108.098575,37.129157],[108.091091,37.125146],[108.073247,37.121506],[108.066974,37.129058],[108.064158,37.124621],[108.055572,37.124772],[108.050407,37.128418],[108.04474,37.122877],[108.036282,37.121325],[108.036189,37.118725],[108.029597,37.126768],[108.017233,37.122514],[108.015915,37.124586],[108.006932,37.117818],[108.004242,37.110238],[107.995518,37.114577],[107.979735,37.112868],[107.976037,37.094139],[107.96263,37.096662],[107.953082,37.080411],[107.949334,37.082365],[107.944617,37.078218],[107.938817,37.084413],[107.938215,37.081599],[107.934169,37.083198],[107.925965,37.093948],[107.906359,37.097314],[107.905494,37.087177],[107.891757,37.087474],[107.892016,37.078337],[107.880123,37.08955],[107.883517,37.093766],[107.87877,37.104523],[107.882635,37.109971],[107.878976,37.115724],[107.881944,37.122942],[107.874192,37.124907],[107.869871,37.130702],[107.879216,37.134157],[107.880423,37.14027],[107.877779,37.144119],[107.874066,37.14393],[107.871878,37.149134],[107.866999,37.149339],[107.864872,37.162238],[107.859883,37.163875],[107.860609,37.176776],[107.853066,37.178958],[107.851315,37.182782],[107.854763,37.192458],[107.860229,37.194419],[107.853778,37.21393],[107.846263,37.2166],[107.829225,37.213727],[107.822263,37.221506],[107.812301,37.218511],[107.812798,37.22503],[107.820541,37.238059],[107.816277,37.241345],[107.79911,37.241862],[107.793003,37.245858],[107.789419,37.238938],[107.777925,37.239332],[107.777598,37.229836],[107.77508,37.232243],[107.760813,37.229067],[107.751117,37.215279],[107.74911,37.202294],[107.737593,37.206359],[107.732554,37.203238],[107.740604,37.196961],[107.737917,37.182672],[107.745377,37.176108],[107.724822,37.170193],[107.71857,37.164959],[107.726109,37.153864],[107.739148,37.153234],[107.729901,37.136465],[107.717974,37.136811],[107.714137,37.142434],[107.699602,37.142322],[107.695895,37.147249],[107.696169,37.136721],[107.692828,37.137612],[107.685381,37.13035],[107.677653,37.132259],[107.670344,37.122595],[107.67228,37.119234],[107.681663,37.116587],[107.688758,37.12361],[107.697746,37.114285],[107.689455,37.107667],[107.688908,37.10351],[107.693016,37.096488],[107.696004,37.096322],[107.693017,37.091311],[107.711524,37.08552],[107.711407,37.080154],[107.704394,37.076498],[107.70951,37.07333],[107.705972,37.065746],[107.698579,37.062243],[107.692447,37.04776],[107.679335,37.047249],[107.67594,37.050014],[107.672635,37.046429],[107.678809,37.05624],[107.673836,37.06458],[107.668366,37.06728],[107.651263,37.062677],[107.64928,37.057982],[107.656971,37.050423],[107.664372,37.048514],[107.664013,37.042716],[107.670301,37.041617],[107.669794,37.02919],[107.680947,37.023571],[107.689701,36.996501],[107.696835,36.997055],[107.694164,37.009415],[107.697605,37.017685],[107.710235,37.015936],[107.706734,37.007367],[107.709884,37.001639],[107.719559,37.003918],[107.719649,37.015372],[107.725965,37.017412],[107.727037,37.011875],[107.732847,37.011114],[107.73255,37.008209],[107.744436,37.004765],[107.748037,37.000619],[107.74337,36.9969],[107.744198,36.98609],[107.738902,36.987835],[107.732119,36.984324],[107.732374,36.981197],[107.727923,36.983975],[107.724557,36.981294],[107.723498,36.985729],[107.7183,36.986887],[107.718497,36.993842],[107.712803,36.98777],[107.715204,36.983644],[107.70527,36.982262],[107.705449,36.974875],[107.700491,36.975544],[107.694806,36.988651],[107.687042,36.97511],[107.687812,36.96895],[107.702279,36.963329],[107.695658,36.956519],[107.69456,36.950665],[107.702327,36.9475],[107.708443,36.93997],[107.706603,36.926487],[107.720759,36.919696],[107.720853,36.90696],[107.716267,36.904905],[107.722495,36.891601],[107.716447,36.874699],[107.725117,36.868499],[107.715767,36.857251],[107.686927,36.850052],[107.667228,36.832818],[107.627624,36.817789],[107.626011,36.813962],[107.624428,36.818386],[107.59878,36.825838],[107.59579,36.830893],[107.585978,36.836231],[107.563426,36.836396],[107.550597,36.826487],[107.535197,36.828519],[107.526856,36.847877],[107.519721,36.853437],[107.523574,36.853615],[107.528566,36.860103],[107.528782,36.867091],[107.493236,36.893124],[107.483487,36.904648],[107.472836,36.90812],[107.431509,36.897924],[107.41939,36.902972],[107.360303,36.905026],[107.331146,36.92556],[107.303541,36.912548],[107.299904,36.925738],[107.289938,36.929019],[107.299394,36.941559],[107.296669,36.949676],[107.299348,36.95171],[107.291456,36.963694],[107.293468,36.969131],[107.28638,36.977989],[107.282468,36.991642],[107.285976,37.00372],[107.282739,37.005873],[107.279428,37.024461],[107.275858,37.026746],[107.278658,37.032673],[107.269479,37.040692],[107.274971,37.041642],[107.281316,37.055106],[107.270286,37.070794],[107.274521,37.077174],[107.26968,37.093451],[107.26375,37.09909],[107.280661,37.095144],[107.272144,37.103035],[107.271355,37.108156],[107.275078,37.11099],[107.264966,37.111078],[107.272935,37.114293],[107.268395,37.125006],[107.274181,37.127598],[107.302029,37.100028],[107.306177,37.11028],[107.309827,37.110472],[107.326,37.129691],[107.325542,37.136512],[107.329669,37.138564],[107.327193,37.141605],[107.330115,37.141785],[107.328545,37.146082],[107.331349,37.148501],[107.32814,37.14959],[107.332724,37.153495],[107.330032,37.156869],[107.333765,37.158993],[107.330897,37.15983],[107.329017,37.173125],[107.322488,37.180581],[107.319561,37.190026],[107.314257,37.193019],[107.31596,37.195082],[107.312431,37.199732],[107.295807,37.207132],[107.265382,37.228647],[107.267587,37.235491],[107.286415,37.240769],[107.303099,37.237419],[107.303668,37.250323],[107.288259,37.276963],[107.26816,37.290677],[107.252543,37.330999]]]}},{"type":"Feature","properties":{"id":"cn:610826","name":"绥德县","level":2},"geometry":{"type":"Polygon","coordinates":[[[110.069029,37.477602],[110.072907,37.484428],[110.071317,37.489688],[110.085697,37.484503],[110.086895,37.491264],[110.100826,37.487004],[110.096004,37.494153],[110.098485,37.494856],[110.102308,37.488348],[110.106583,37.495862],[110.114237,37.495634],[110.112849,37.500966],[110.117669,37.506254],[110.115684,37.516395],[110.122224,37.530441],[110.112992,37.546834],[110.106152,37.548283],[110.099386,37.559008],[110.101444,37.568228],[110.097321,37.579668],[110.102075,37.582424],[110.104545,37.590027],[110.102679,37.608718],[110.099021,37.612303],[110.098819,37.622698],[110.093898,37.625442],[110.08923,37.639015],[110.092461,37.641818],[110.088169,37.641934],[110.096723,37.646526],[110.093681,37.653208],[110.098137,37.657036],[110.092968,37.665073],[110.095775,37.672832],[110.101771,37.679263],[110.111421,37.682008],[110.105178,37.695096],[110.120626,37.696466],[110.123718,37.699317],[110.143658,37.693873],[110.150801,37.697827],[110.154222,37.705446],[110.158375,37.702853],[110.162635,37.704286],[110.177007,37.694703],[110.198804,37.666992],[110.220761,37.65635],[110.226657,37.65933],[110.225706,37.665161],[110.233902,37.669352],[110.236839,37.677999],[110.244265,37.677187],[110.250504,37.68083],[110.246343,37.691738],[110.254678,37.695412],[110.257858,37.701072],[110.274661,37.706981],[110.284799,37.697595],[110.289253,37.699534],[110.301445,37.694483],[110.305593,37.699846],[110.317664,37.703774],[110.32627,37.712931],[110.336156,37.713975],[110.344324,37.71111],[110.347027,37.698644],[110.367231,37.686242],[110.394542,37.699314],[110.402432,37.706598],[110.403339,37.724062],[110.406822,37.730752],[110.412686,37.729379],[110.418958,37.735994],[110.43728,37.743405],[110.448775,37.741572],[110.453028,37.746283],[110.462627,37.748534],[110.463676,37.752174],[110.472834,37.74867],[110.485107,37.753652],[110.490902,37.740325],[110.498883,37.7377],[110.496326,37.735123],[110.499924,37.731808],[110.495824,37.723097],[110.500531,37.730472],[110.501065,37.724117],[110.504294,37.72529],[110.503979,37.730231],[110.511381,37.729422],[110.518984,37.734997],[110.521451,37.731569],[110.530929,37.730846],[110.540665,37.717521],[110.53672,37.711264],[110.541827,37.705003],[110.542187,37.692061],[110.554974,37.680809],[110.56648,37.683026],[110.561996,37.677304],[110.562073,37.669854],[110.569584,37.663959],[110.570528,37.657664],[110.565613,37.646472],[110.568372,37.639862],[110.580086,37.647119],[110.594362,37.64617],[110.599455,37.641358],[110.596866,37.638619],[110.600312,37.631986],[110.604083,37.629946],[110.606475,37.636318],[110.615495,37.639553],[110.615343,37.622168],[110.5951,37.620677],[110.591784,37.613679],[110.597244,37.609953],[110.597902,37.600725],[110.607194,37.594486],[110.608535,37.589022],[110.591543,37.588782],[110.590601,37.580557],[110.602204,37.575329],[110.604949,37.565768],[110.613966,37.555844],[110.610738,37.553713],[110.613488,37.546559],[110.622568,37.542208],[110.626653,37.535256],[110.624036,37.52603],[110.618125,37.530504],[110.620631,37.515558],[110.643434,37.493638],[110.639726,37.486254],[110.625736,37.489728],[110.609454,37.486182],[110.611164,37.474258],[110.618205,37.470555],[110.618164,37.455891],[110.645251,37.454641],[110.656417,37.442974],[110.638847,37.434481],[110.624797,37.391955],[110.625176,37.372589],[110.635998,37.35968],[110.676201,37.352917],[110.694063,37.345717],[110.693236,37.331677],[110.671784,37.3144],[110.673681,37.306996],[110.684028,37.294751],[110.684408,37.286587],[110.674915,37.280512],[110.65637,37.28157],[110.647068,37.27411],[110.638779,37.275526],[110.638683,37.280237],[110.6457,37.287495],[110.634739,37.305558],[110.6363,37.313556],[110.630109,37.310362],[110.624092,37.31383],[110.609151,37.31166],[110.602462,37.30353],[110.597424,37.307246],[110.599951,37.309393],[110.594587,37.310275],[110.591788,37.318554],[110.600126,37.330838],[110.592935,37.328313],[110.593141,37.332324],[110.584194,37.340683],[110.574019,37.336468],[110.565372,37.340036],[110.561706,37.338133],[110.563122,37.335801],[110.558409,37.338073],[110.551243,37.332907],[110.558604,37.318584],[110.562559,37.321163],[110.572755,37.319331],[110.574783,37.327577],[110.578437,37.326753],[110.580784,37.321378],[110.579198,37.316666],[110.576271,37.317791],[110.573991,37.305065],[110.566595,37.304329],[110.566527,37.299505],[110.552205,37.300499],[110.548326,37.295825],[110.539531,37.294599],[110.530739,37.279321],[110.524856,37.285459],[110.518765,37.276236],[110.509621,37.277538],[110.511006,37.280122],[110.506471,37.285976],[110.508734,37.286584],[110.508798,37.298096],[110.501786,37.302413],[110.496964,37.301877],[110.489798,37.292822],[110.482512,37.302363],[110.467027,37.293866],[110.447107,37.302206],[110.441506,37.309784],[110.430494,37.307572],[110.423151,37.302226],[110.410076,37.304098],[110.406197,37.294532],[110.402294,37.295417],[110.384727,37.311184],[110.378367,37.312654],[110.373224,37.309177],[110.374332,37.314448],[110.367362,37.317565],[110.367915,37.320532],[110.361067,37.317531],[110.363395,37.324417],[110.348493,37.325072],[110.348631,37.335361],[110.341404,37.337889],[110.336818,37.334503],[110.334482,37.34223],[110.330147,37.342724],[110.32383,37.350765],[110.322919,37.344681],[110.314751,37.344396],[110.319108,37.333243],[110.304609,37.332164],[110.302177,37.324036],[110.291681,37.326208],[110.286577,37.316869],[110.273511,37.31958],[110.267674,37.314831],[110.271615,37.311653],[110.267978,37.310347],[110.269888,37.312516],[110.263364,37.316072],[110.2611,37.328401],[110.268976,37.331918],[110.266214,37.34013],[110.271537,37.342393],[110.276043,37.351666],[110.287087,37.356835],[110.278453,37.357774],[110.274763,37.362297],[110.279285,37.364977],[110.271249,37.371175],[110.286501,37.374726],[110.297336,37.383384],[110.29749,37.39676],[110.293541,37.395981],[110.291737,37.403778],[110.281034,37.410093],[110.264335,37.409106],[110.257641,37.415127],[110.251409,37.411769],[110.244275,37.412985],[110.243633,37.410092],[110.233649,37.406367],[110.232693,37.39867],[110.222763,37.401146],[110.210806,37.398327],[110.183742,37.384983],[110.181295,37.391358],[110.173627,37.393977],[110.172931,37.399553],[110.161932,37.410171],[110.154329,37.410402],[110.143716,37.400017],[110.143468,37.389059],[110.141435,37.387182],[110.137448,37.389749],[110.136432,37.38553],[110.131252,37.383208],[110.122643,37.391516],[110.117407,37.405324],[110.121781,37.413748],[110.117262,37.414235],[110.105532,37.44145],[110.1073,37.447684],[110.117396,37.450635],[110.116406,37.460257],[110.107192,37.468953],[110.089958,37.465223],[110.069029,37.477602]]]}},{"type":"Feature","properties":{"id":"cn:610827","name":"米脂县","level":2},"geometry":{"type":"MultiPolygon","coordinates":[[[[109.817066,37.824516],[109.827345,37.819806],[109.835482,37.830182],[109.840955,37.822944],[109.85844,37.829918],[109.865221,37.827118],[109.870736,37.828977],[109.871529,37.83629],[109.880538,37.846161],[109.875987,37.856828],[109.870885,37.857342],[109.874586,37.865078],[109.88352,37.865967],[109.889978,37.872546],[109.902741,37.865642],[109.901788,37.872391],[109.912232,37.870206],[109.907296,37.875821],[109.913982,37.87513],[109.918663,37.869674],[109.925652,37.870889],[109.923535,37.872285],[109.926147,37.874517],[109.944871,37.871256],[109.939626,37.86842],[109.937889,37.859922],[109.931972,37.85237],[109.943912,37.841875],[109.950716,37.857957],[109.945215,37.8625],[109.948267,37.864006],[109.94873,37.870102],[109.95636,37.874171],[109.956129,37.879692],[109.965655,37.880891],[109.967542,37.886237],[109.971937,37.885893],[109.974706,37.890072],[109.979822,37.887977],[109.979993,37.882625],[109.992514,37.880101],[109.993571,37.887362],[109.998,37.886919],[109.998957,37.890702],[109.994529,37.899353],[110.008251,37.895876],[110.016786,37.901855],[110.022977,37.898682],[110.040417,37.903696],[110.051837,37.887584],[110.046718,37.88486],[110.043601,37.887038],[110.041365,37.881979],[110.027447,37.87964],[110.038893,37.869872],[110.044243,37.858413],[110.043891,37.862108],[110.051296,37.858786],[110.055973,37.852458],[110.063277,37.855041],[110.067604,37.847135],[110.077856,37.856947],[110.106419,37.839923],[110.131097,37.815694],[110.135092,37.818162],[110.136607,37.81363],[110.146838,37.814076],[110.149157,37.815124],[110.147695,37.817959],[110.152517,37.817406],[110.147011,37.826266],[110.151317,37.82782],[110.147153,37.830177],[110.14707,37.835313],[110.15275,37.836034],[110.155936,37.840652],[110.149913,37.842647],[110.149533,37.847213],[110.141669,37.842786],[110.135861,37.8479],[110.138192,37.855562],[110.144121,37.851063],[110.14475,37.846509],[110.149401,37.854893],[110.145339,37.864877],[110.150076,37.8863],[110.139179,37.889019],[110.13794,37.880105],[110.133173,37.873875],[110.122271,37.888752],[110.108927,37.887331],[110.108797,37.896496],[110.11328,37.901576],[110.106286,37.902713],[110.107387,37.911956],[110.101696,37.918674],[110.084489,37.913604],[110.075477,37.916094],[110.077219,37.924268],[110.08379,37.921554],[110.087306,37.937036],[110.084438,37.946034],[110.086811,37.950849],[110.078804,37.957673],[110.077603,37.963119],[110.086324,37.961095],[110.089596,37.956761],[110.100697,37.966221],[110.101655,37.972679],[110.106803,37.96924],[110.11439,37.974159],[110.10388,37.986667],[110.093959,37.992387],[110.09364,37.995262],[110.085946,37.995002],[110.087526,38.005745],[110.08391,38.009048],[110.086799,38.014913],[110.079804,38.018819],[110.080322,38.024176],[110.095921,38.020468],[110.094683,38.015127],[110.10338,38.015492],[110.111044,38.009534],[110.112572,38.005151],[110.095184,38.002521],[110.10218,37.99845],[110.095332,37.992441],[110.103371,37.990552],[110.113499,37.993003],[110.108408,38.000117],[110.110556,38.001914],[110.144061,37.989573],[110.154541,38.005214],[110.153808,38.007489],[110.145732,38.00723],[110.142755,38.014617],[110.128414,38.008328],[110.131416,38.002581],[110.116412,38.011255],[110.116736,38.01578],[110.120339,38.014185],[110.127718,38.020359],[110.127058,38.027249],[110.139745,38.027043],[110.140467,38.030589],[110.134337,38.039141],[110.131569,38.038317],[110.133584,38.034717],[110.128291,38.033103],[110.12046,38.034694],[110.109391,38.042538],[110.102193,38.03693],[110.101572,38.040576],[110.095693,38.041761],[110.087962,38.038882],[110.085056,38.040174],[110.081717,38.051137],[110.07688,38.051776],[110.080269,38.055731],[110.084587,38.051582],[110.096488,38.05453],[110.103852,38.044817],[110.115928,38.045364],[110.11139,38.056667],[110.119571,38.067808],[110.109687,38.07008],[110.107511,38.074698],[110.116572,38.081844],[110.115588,38.086665],[110.121698,38.086962],[110.122737,38.089871],[110.131844,38.085996],[110.132208,38.078516],[110.128383,38.078675],[110.126753,38.071741],[110.129859,38.066945],[110.137326,38.064411],[110.136178,38.054572],[110.138241,38.050374],[110.141254,38.051098],[110.136693,38.049284],[110.148719,38.046531],[110.143567,38.039428],[110.150138,38.033627],[110.149268,38.027746],[110.170778,38.028192],[110.172913,38.022396],[110.182654,38.019843],[110.180452,38.008367],[110.185433,38.010602],[110.19484,38.008545],[110.201601,38.001683],[110.198748,37.997787],[110.200765,37.994273],[110.207793,37.993385],[110.205778,37.982121],[110.197657,37.976838],[110.199928,37.972817],[110.195374,37.971294],[110.195881,37.962839],[110.208219,37.964765],[110.208175,37.968725],[110.214911,37.973895],[110.218373,37.971865],[110.214929,37.960081],[110.232162,37.959254],[110.238488,37.967675],[110.257626,37.966678],[110.261586,37.961124],[110.265459,37.960693],[110.263105,37.958204],[110.265682,37.952338],[110.275504,37.953792],[110.279663,37.947423],[110.291876,37.944695],[110.292005,37.941588],[110.285649,37.936905],[110.292798,37.934814],[110.297581,37.928561],[110.295305,37.933037],[110.301145,37.929487],[110.300326,37.934958],[110.317233,37.935005],[110.318793,37.947014],[110.324012,37.947864],[110.33193,37.934361],[110.33229,37.908105],[110.333701,37.906379],[110.336098,37.910311],[110.343482,37.904032],[110.335104,37.897581],[110.338811,37.890853],[110.346826,37.892906],[110.351616,37.890386],[110.362475,37.873353],[110.368908,37.873079],[110.36676,37.868703],[110.370485,37.868054],[110.370793,37.873481],[110.374066,37.872231],[110.378181,37.864045],[110.375297,37.866934],[110.371171,37.863962],[110.385755,37.854223],[110.38441,37.848958],[110.388083,37.847764],[110.38822,37.85148],[110.392001,37.849647],[110.391321,37.854033],[110.397686,37.854538],[110.394603,37.856914],[110.399082,37.860131],[110.404298,37.85406],[110.419351,37.849547],[110.41782,37.844983],[110.424928,37.845546],[110.427027,37.848841],[110.426902,37.83908],[110.428902,37.840477],[110.425547,37.837083],[110.431416,37.837798],[110.428372,37.833882],[110.431063,37.828042],[110.440242,37.823249],[110.438478,37.829229],[110.441885,37.824074],[110.449436,37.825524],[110.454853,37.821759],[110.462857,37.809279],[110.463666,37.801047],[110.467691,37.800798],[110.464506,37.794929],[110.460226,37.796997],[110.452455,37.793607],[110.458067,37.780027],[110.461062,37.777597],[110.462358,37.782027],[110.466917,37.782553],[110.471144,37.791298],[110.480342,37.775981],[110.484952,37.773923],[110.483445,37.771178],[110.49133,37.771454],[110.489622,37.765595],[110.492241,37.764147],[110.489144,37.754675],[110.485838,37.756643],[110.483963,37.752621],[110.478277,37.752769],[110.472834,37.74867],[110.463676,37.752174],[110.462627,37.748534],[110.453028,37.746283],[110.448775,37.741572],[110.43728,37.743405],[110.418958,37.735994],[110.412686,37.729379],[110.406822,37.730752],[110.403339,37.724062],[110.402432,37.706598],[110.394542,37.699314],[110.367231,37.686242],[110.347027,37.698644],[110.344324,37.71111],[110.336156,37.713975],[110.32627,37.712931],[110.317664,37.703774],[110.305593,37.699846],[110.301445,37.694483],[110.289253,37.699534],[110.284799,37.697595],[110.274661,37.706981],[110.257858,37.701072],[110.254678,37.695412],[110.246343,37.691738],[110.250504,37.68083],[110.244265,37.677187],[110.236839,37.677999],[110.233902,37.669352],[110.225706,37.665161],[110.226657,37.65933],[110.220486,37.656339],[110.198804,37.666992],[110.177007,37.694703],[110.162635,37.704286],[110.158375,37.702853],[110.154222,37.705446],[110.150801,37.697827],[110.142318,37.693799],[110.123718,37.699317],[110.120626,37.696466],[110.102721,37.694839],[110.10249,37.698413],[110.098181,37.695789],[110.095393,37.704496],[110.086672,37.707748],[110.078957,37.70799],[110.06846,37.701476],[110.061662,37.703551],[110.055501,37.699013],[110.055995,37.695835],[110.044685,37.708198],[110.028937,37.701585],[110.023169,37.706439],[109.999244,37.708568],[109.990141,37.703462],[109.98338,37.704331],[109.977925,37.717123],[109.979681,37.722026],[109.973725,37.719717],[109.971697,37.721684],[109.97379,37.728517],[109.956459,37.729669],[109.958287,37.733787],[109.953706,37.738078],[109.944626,37.734301],[109.938893,37.736567],[109.938738,37.739893],[109.947151,37.741309],[109.944922,37.749553],[109.9489,37.755223],[109.945727,37.76409],[109.951712,37.764571],[109.948588,37.768655],[109.937465,37.768114],[109.928968,37.751477],[109.923648,37.7644],[109.911869,37.762905],[109.908119,37.755948],[109.902751,37.764127],[109.902605,37.772258],[109.892282,37.769463],[109.885897,37.788641],[109.879794,37.787998],[109.868166,37.777149],[109.863536,37.779266],[109.854618,37.775966],[109.850754,37.779914],[109.84542,37.775199],[109.83764,37.782319],[109.8426,37.785882],[109.842984,37.800039],[109.83547,37.806991],[109.827425,37.805765],[109.823716,37.80839],[109.825767,37.818409],[109.817066,37.824516]]],[[[109.846162,37.912507],[109.856316,37.913658],[109.865066,37.921808],[109.874265,37.919638],[109.870998,37.914894],[109.859466,37.909722],[109.850521,37.909031],[109.846162,37.912507]]]]}},{"type":"Feature","properties":{"id":"cn:610828","name":"佳县","level":2},"geometry":{"type":"Polygon","coordinates":[[[110.0309,38.272441],[110.031925,38.275439],[110.044248,38.27505],[110.045183,38.27838],[110.04095,38.28206],[110.043807,38.281348],[110.041832,38.284016],[110.045292,38.292182],[110.055641,38.292498],[110.062051,38.283064],[110.076227,38.28002],[110.070488,38.287276],[110.075288,38.288259],[110.079396,38.297824],[110.074185,38.301996],[110.078398,38.30286],[110.077258,38.305141],[110.082323,38.304032],[110.083235,38.314471],[110.087126,38.314213],[110.078161,38.320012],[110.084237,38.323012],[110.087542,38.335205],[110.092047,38.332819],[110.09404,38.335074],[110.094404,38.329914],[110.100614,38.331033],[110.108518,38.326986],[110.109341,38.323222],[110.112704,38.324999],[110.112676,38.321998],[110.117878,38.323563],[110.125215,38.320401],[110.12813,38.316699],[110.125057,38.316739],[110.125093,38.31378],[110.131952,38.315154],[110.14822,38.307834],[110.161173,38.328746],[110.155484,38.33447],[110.148916,38.335429],[110.165387,38.338967],[110.170086,38.344304],[110.175138,38.341474],[110.193909,38.341958],[110.193586,38.331402],[110.205689,38.329427],[110.214675,38.322201],[110.228771,38.323634],[110.224816,38.328317],[110.231883,38.332575],[110.214534,38.332987],[110.222174,38.339957],[110.235822,38.336042],[110.245492,38.342168],[110.242737,38.34479],[110.248677,38.345391],[110.244085,38.354761],[110.248377,38.361317],[110.243267,38.362825],[110.242477,38.367286],[110.250222,38.371776],[110.258489,38.373742],[110.258847,38.362116],[110.271763,38.352516],[110.26842,38.352284],[110.267951,38.347447],[110.274049,38.342297],[110.276734,38.34598],[110.283953,38.345153],[110.28501,38.347627],[110.279386,38.348154],[110.284854,38.35307],[110.295778,38.347876],[110.303522,38.348861],[110.304824,38.351696],[110.308399,38.346867],[110.320723,38.341381],[110.356629,38.356779],[110.360631,38.362672],[110.355516,38.371186],[110.368518,38.362856],[110.368105,38.366118],[110.374469,38.367872],[110.373704,38.371943],[110.379104,38.370305],[110.383045,38.379824],[110.387475,38.380493],[110.385748,38.384399],[110.394685,38.387248],[110.404642,38.383739],[110.39632,38.375569],[110.398238,38.37087],[110.413262,38.372817],[110.408819,38.364071],[110.410426,38.361481],[110.425452,38.366478],[110.430722,38.362858],[110.430498,38.356685],[110.420053,38.353012],[110.424066,38.339574],[110.43557,38.346542],[110.443747,38.341426],[110.432201,38.327509],[110.44861,38.322515],[110.455696,38.309942],[110.45586,38.307577],[110.446019,38.302944],[110.44716,38.299387],[110.452055,38.295515],[110.466337,38.298502],[110.474,38.289658],[110.456765,38.281091],[110.459364,38.277405],[110.451856,38.272218],[110.451451,38.268539],[110.458644,38.264701],[110.472144,38.26629],[110.472067,38.260829],[110.461067,38.260534],[110.460715,38.258411],[110.468265,38.253474],[110.467804,38.247811],[110.474495,38.248262],[110.474686,38.240323],[110.48523,38.234884],[110.496445,38.235512],[110.499718,38.230929],[110.49471,38.228546],[110.494401,38.224638],[110.510705,38.229181],[110.518745,38.220273],[110.515951,38.216131],[110.50875,38.215214],[110.517018,38.209118],[110.503769,38.191557],[110.50182,38.174379],[110.502917,38.1533],[110.515557,38.123927],[110.494674,38.092222],[110.503123,38.061372],[110.495719,38.038401],[110.497427,38.022643],[110.502459,38.012297],[110.514989,38.006602],[110.522773,37.992743],[110.512521,37.975846],[110.513091,37.959899],[110.523059,37.949743],[110.542081,37.939818],[110.568904,37.933455],[110.588557,37.921457],[110.595771,37.911964],[110.594863,37.908065],[110.601778,37.895785],[110.624577,37.868591],[110.630056,37.855416],[110.645025,37.839527],[110.658219,37.802791],[110.674735,37.789502],[110.71935,37.774123],[110.743612,37.75967],[110.75304,37.7497],[110.752855,37.743652],[110.744883,37.73549],[110.7109,37.728085],[110.701408,37.723339],[110.6978,37.718023],[110.696928,37.705991],[110.690679,37.70013],[110.677779,37.704775],[110.677556,37.708621],[110.670914,37.703012],[110.664252,37.711943],[110.664618,37.718231],[110.661058,37.719143],[110.650593,37.716465],[110.640927,37.718826],[110.642507,37.706961],[110.638524,37.698485],[110.626426,37.704876],[110.62527,37.71286],[110.628139,37.717688],[110.612549,37.710002],[110.603056,37.711347],[110.600074,37.707384],[110.594648,37.709695],[110.593789,37.704114],[110.586251,37.701127],[110.573034,37.708259],[110.571235,37.712123],[110.563866,37.712928],[110.561672,37.722186],[110.558205,37.71809],[110.548309,37.729113],[110.540665,37.717521],[110.531397,37.730488],[110.521451,37.731569],[110.519315,37.73501],[110.511381,37.729422],[110.503979,37.730231],[110.504294,37.72529],[110.501065,37.724117],[110.500531,37.730472],[110.495824,37.723097],[110.499924,37.731808],[110.496326,37.735123],[110.498883,37.7377],[110.490902,37.740325],[110.485036,37.750988],[110.485474,37.75645],[110.489144,37.754675],[110.491557,37.760816],[110.489675,37.76809],[110.492138,37.769904],[110.488233,37.77304],[110.483445,37.771178],[110.484952,37.773923],[110.480342,37.775981],[110.471144,37.791298],[110.466917,37.782553],[110.462358,37.782027],[110.461062,37.777597],[110.458067,37.780027],[110.452455,37.793607],[110.460226,37.796997],[110.464216,37.794817],[110.468005,37.799475],[110.463666,37.801047],[110.462857,37.809279],[110.456214,37.820275],[110.449436,37.825524],[110.441885,37.824074],[110.438478,37.829229],[110.440394,37.82333],[110.434329,37.825589],[110.428367,37.833679],[110.431416,37.837798],[110.425547,37.837083],[110.428902,37.840477],[110.426902,37.83908],[110.427027,37.848841],[110.424928,37.845546],[110.41782,37.844983],[110.419351,37.849547],[110.404298,37.85406],[110.400239,37.860026],[110.394603,37.856914],[110.397686,37.854538],[110.391321,37.854033],[110.392001,37.849647],[110.38822,37.85148],[110.388083,37.847764],[110.38441,37.848958],[110.385755,37.854223],[110.371171,37.863962],[110.375297,37.866934],[110.378181,37.864045],[110.374066,37.872231],[110.370793,37.873481],[110.370485,37.868054],[110.36676,37.868703],[110.368908,37.873079],[110.362475,37.873353],[110.351616,37.890386],[110.346826,37.892906],[110.338811,37.890853],[110.335104,37.897581],[110.343482,37.904032],[110.336098,37.910311],[110.333701,37.906379],[110.33229,37.908105],[110.33193,37.934361],[110.324012,37.947864],[110.318793,37.947014],[110.317233,37.935005],[110.300326,37.934958],[110.301145,37.929487],[110.295305,37.933037],[110.297581,37.928561],[110.292798,37.934814],[110.285649,37.936905],[110.292005,37.941588],[110.291876,37.944695],[110.279663,37.947423],[110.275504,37.953792],[110.265682,37.952338],[110.263105,37.958204],[110.265459,37.960693],[110.261586,37.961124],[110.257626,37.966678],[110.238488,37.967675],[110.232162,37.959254],[110.214929,37.960081],[110.218373,37.971865],[110.214911,37.973895],[110.208175,37.968725],[110.208219,37.964765],[110.195881,37.962839],[110.195374,37.971294],[110.199928,37.972817],[110.197657,37.976838],[110.205778,37.982121],[110.207793,37.993385],[110.200765,37.994273],[110.198748,37.997787],[110.201601,38.001683],[110.19484,38.008545],[110.185433,38.010602],[110.180452,38.008367],[110.182654,38.019843],[110.172913,38.022396],[110.170778,38.028192],[110.149268,38.027746],[110.150138,38.033627],[110.143567,38.039428],[110.148719,38.046531],[110.136693,38.049284],[110.141254,38.051098],[110.138241,38.050374],[110.136178,38.054572],[110.137326,38.064411],[110.129859,38.066945],[110.126753,38.071741],[110.128383,38.078675],[110.132208,38.078516],[110.131844,38.085996],[110.122737,38.089871],[110.109788,38.101757],[110.115433,38.108415],[110.120198,38.108574],[110.113686,38.115279],[110.115402,38.117967],[110.107059,38.126355],[110.100832,38.122595],[110.086773,38.135704],[110.080124,38.131791],[110.082673,38.140047],[110.091745,38.139904],[110.092673,38.142314],[110.081567,38.145162],[110.08347,38.149828],[110.073788,38.15106],[110.072462,38.153681],[110.076748,38.153974],[110.073315,38.155591],[110.066712,38.157231],[110.061828,38.151686],[110.052172,38.156719],[110.048119,38.16451],[110.048138,38.183064],[110.051994,38.189471],[110.057189,38.188736],[110.061427,38.190879],[110.053314,38.196406],[110.046749,38.19358],[110.040516,38.202819],[110.033726,38.198989],[110.031653,38.207391],[110.04136,38.208906],[110.044412,38.216514],[110.049112,38.217769],[110.038254,38.232827],[110.04208,38.238853],[110.035499,38.241577],[110.038322,38.24761],[110.044419,38.249457],[110.039264,38.265093],[110.041906,38.26628],[110.0309,38.272441]]]}},{"type":"Feature","properties":{"id":"cn:610829","name":"吴堡县","level":2},"geometry":{"type":"Polygon","coordinates":[[[110.53672,37.711264],[110.548309,37.729113],[110.558205,37.71809],[110.561672,37.722186],[110.563866,37.712928],[110.571235,37.712123],[110.573034,37.708259],[110.582517,37.704034],[110.582181,37.701571],[110.593789,37.704114],[110.594648,37.709695],[110.600074,37.707384],[110.603056,37.711347],[110.612549,37.710002],[110.616185,37.713889],[110.622249,37.712842],[110.627135,37.717809],[110.626426,37.704876],[110.638524,37.698485],[110.642507,37.706961],[110.640927,37.718826],[110.650593,37.716465],[110.661058,37.719143],[110.664618,37.718231],[110.664252,37.711943],[110.671182,37.702881],[110.677556,37.708621],[110.677779,37.704775],[110.691018,37.700198],[110.697826,37.711154],[110.706754,37.700075],[110.727034,37.691059],[110.769562,37.680242],[110.790336,37.662434],[110.791869,37.657745],[110.783136,37.646924],[110.76491,37.645595],[110.757886,37.63895],[110.757886,37.630407],[110.76548,37.617877],[110.766441,37.592033],[110.789875,37.561587],[110.779433,37.546589],[110.76453,37.536053],[110.765479,37.519536],[110.753708,37.502829],[110.753519,37.473972],[110.74241,37.451852],[110.655275,37.440368],[110.655026,37.4468],[110.645348,37.454601],[110.618164,37.455891],[110.619558,37.466457],[110.618123,37.470651],[110.611164,37.474258],[110.609293,37.486058],[110.625736,37.489728],[110.639726,37.486254],[110.643434,37.493638],[110.620631,37.515558],[110.618125,37.530504],[110.624036,37.52603],[110.626653,37.535256],[110.622568,37.542208],[110.613488,37.546559],[110.610738,37.553713],[110.613966,37.555844],[110.604949,37.565768],[110.602204,37.575329],[110.590601,37.580557],[110.591543,37.588782],[110.608535,37.589022],[110.607194,37.594486],[110.597902,37.600725],[110.597244,37.609953],[110.591784,37.613679],[110.5951,37.620677],[110.615343,37.622168],[110.615495,37.639553],[110.606475,37.636318],[110.604083,37.629946],[110.600312,37.631986],[110.596866,37.638619],[110.599455,37.641358],[110.594362,37.64617],[110.580086,37.647119],[110.568372,37.639862],[110.565613,37.646472],[110.570528,37.657664],[110.569584,37.663959],[110.562073,37.669854],[110.561996,37.677304],[110.56648,37.683026],[110.555443,37.680674],[110.549798,37.683544],[110.541336,37.693281],[110.541827,37.705003],[110.53672,37.711264]]]}},{"type":"Feature","properties":{"id":"cn:610830","name":"清涧县","level":2},"geometry":{"type":"Polygon","coordinates":[[[109.951262,37.208366],[109.955376,37.209551],[109.954007,37.211988],[109.957608,37.216299],[109.959759,37.214276],[109.964255,37.217212],[109.969775,37.216833],[109.977835,37.202572],[109.983704,37.203618],[109.982027,37.200749],[109.987758,37.196874],[110.000496,37.199168],[110.00285,37.205079],[110.009074,37.20512],[110.008504,37.215397],[110.01526,37.219111],[110.010249,37.221642],[110.010485,37.224957],[110.017471,37.228784],[110.019109,37.235117],[110.029932,37.240062],[110.026643,37.247527],[110.037326,37.245341],[110.031316,37.246875],[110.033483,37.249287],[110.022195,37.250253],[110.025218,37.258703],[110.019214,37.266414],[110.014177,37.270135],[110.006991,37.268036],[110.002824,37.270946],[110.009163,37.275224],[110.004909,37.276371],[110.007297,37.279115],[110.004769,37.281574],[110.010812,37.282841],[110.011442,37.279051],[110.019328,37.277828],[110.018633,37.272317],[110.029518,37.267786],[110.033813,37.273479],[110.038615,37.27001],[110.040665,37.273236],[110.051468,37.273522],[110.053089,37.279216],[110.058415,37.280321],[110.05754,37.286045],[110.054701,37.284399],[110.056454,37.28759],[110.054015,37.286367],[110.057393,37.293346],[110.066114,37.297908],[110.064561,37.308575],[110.071048,37.304186],[110.072823,37.307862],[110.08146,37.309909],[110.075575,37.318422],[110.07994,37.322334],[110.077811,37.331946],[110.080588,37.336522],[110.085157,37.336945],[110.082122,37.346924],[110.077604,37.347185],[110.084925,37.349615],[110.08179,37.351404],[110.080662,37.35916],[110.099441,37.360473],[110.09425,37.370057],[110.098309,37.36879],[110.100563,37.375426],[110.097789,37.380723],[110.10137,37.386105],[110.121029,37.388264],[110.122643,37.391516],[110.131252,37.383208],[110.136432,37.38553],[110.137448,37.389749],[110.141735,37.387195],[110.144896,37.39107],[110.143716,37.400017],[110.154329,37.410402],[110.161932,37.410171],[110.172931,37.399553],[110.173627,37.393977],[110.181295,37.391358],[110.183742,37.384983],[110.210806,37.398327],[110.222763,37.401146],[110.232693,37.39867],[110.233649,37.406367],[110.243633,37.410092],[110.244275,37.412985],[110.251409,37.411769],[110.257641,37.415127],[110.264335,37.409106],[110.281034,37.410093],[110.291737,37.403778],[110.293541,37.395981],[110.29749,37.39676],[110.297336,37.383384],[110.286501,37.374726],[110.271249,37.371175],[110.279285,37.364977],[110.274763,37.362297],[110.278453,37.357774],[110.287087,37.356835],[110.276043,37.351666],[110.271537,37.342393],[110.266214,37.34013],[110.268976,37.331918],[110.2611,37.328401],[110.263364,37.316072],[110.266881,37.312016],[110.269888,37.312516],[110.267978,37.310347],[110.271615,37.311653],[110.267674,37.314831],[110.273511,37.31958],[110.286577,37.316869],[110.291681,37.326208],[110.302177,37.324036],[110.304609,37.332164],[110.319108,37.333243],[110.314751,37.344396],[110.322919,37.344681],[110.32383,37.350765],[110.330147,37.342724],[110.334482,37.34223],[110.336818,37.334503],[110.341404,37.337889],[110.348631,37.335361],[110.348493,37.325072],[110.363395,37.324417],[110.361067,37.317531],[110.367915,37.320532],[110.367362,37.317565],[110.374332,37.314448],[110.373224,37.309177],[110.378367,37.312654],[110.384727,37.311184],[110.402294,37.295417],[110.406197,37.294532],[110.410076,37.304098],[110.423151,37.302226],[110.430494,37.307572],[110.441506,37.309784],[110.447107,37.302206],[110.467027,37.293866],[110.482512,37.302363],[110.489798,37.292822],[110.496964,37.301877],[110.501786,37.302413],[110.508798,37.298096],[110.508734,37.286584],[110.506471,37.285976],[110.511006,37.280122],[110.509621,37.277538],[110.518765,37.276236],[110.524856,37.285459],[110.530739,37.279321],[110.539531,37.294599],[110.548326,37.295825],[110.552205,37.300499],[110.566527,37.299505],[110.566595,37.304329],[110.573991,37.305065],[110.576271,37.317791],[110.579198,37.316666],[110.580784,37.321378],[110.578437,37.326753],[110.574783,37.327577],[110.572755,37.319331],[110.562559,37.321163],[110.558604,37.318584],[110.551243,37.332907],[110.558409,37.338073],[110.563122,37.335801],[110.561706,37.338133],[110.565372,37.340036],[110.574019,37.336468],[110.584409,37.340665],[110.593141,37.332324],[110.592935,37.328313],[110.600126,37.330838],[110.591788,37.318554],[110.594587,37.310275],[110.599951,37.309393],[110.597424,37.307246],[110.602462,37.30353],[110.609151,37.31166],[110.624092,37.31383],[110.630109,37.310362],[110.6363,37.313556],[110.634739,37.305558],[110.6457,37.287495],[110.638683,37.280237],[110.638358,37.275802],[110.644069,37.273534],[110.650045,37.275576],[110.64468,37.253961],[110.633528,37.2452],[110.625947,37.230907],[110.609132,37.216058],[110.571352,37.172772],[110.531195,37.140308],[110.528546,37.131062],[110.530059,37.114773],[110.524363,37.106419],[110.493038,37.089333],[110.454786,37.044246],[110.424411,37.041399],[110.411529,37.03412],[110.411708,37.026931],[110.418336,37.023363],[110.44127,37.02006],[110.444611,37.015959],[110.44218,37.008821],[110.426689,37.005935],[110.407097,37.018693],[110.397376,37.021579],[110.377481,37.021275],[110.372165,37.017782],[110.371406,37.009732],[110.376266,37.001986],[110.399806,36.990899],[110.413488,36.972044],[110.404298,36.966033],[110.395363,36.967582],[110.390628,36.959108],[110.389112,36.96171],[110.388739,36.959074],[110.37587,36.958875],[110.372719,36.955998],[110.37296,36.961062],[110.370169,36.961787],[110.364549,36.955367],[110.360703,36.955559],[110.364116,36.953345],[110.360521,36.950522],[110.362841,36.948555],[110.36086,36.942926],[110.356035,36.943001],[110.355184,36.947197],[110.360348,36.953252],[110.35122,36.954901],[110.354472,36.96782],[110.347453,36.97213],[110.336465,36.971374],[110.338731,36.974424],[110.331638,36.979197],[110.336445,36.9867],[110.321311,36.980755],[110.308637,36.984572],[110.309763,36.981999],[110.303798,36.977499],[110.307116,36.975331],[110.303453,36.971372],[110.304862,36.967013],[110.302113,36.969197],[110.299727,36.963911],[110.292673,36.96299],[110.291741,36.956517],[110.28715,36.958939],[110.288868,36.966853],[110.274925,36.961528],[110.265558,36.963594],[110.266855,36.967453],[110.271518,36.968153],[110.264685,36.973262],[110.265639,36.977559],[110.274593,36.975845],[110.272404,36.979477],[110.275935,36.978091],[110.279684,36.983655],[110.277614,36.989202],[110.272458,36.990646],[110.273719,36.993043],[110.254801,36.99246],[110.25132,36.996344],[110.242289,36.993575],[110.241356,37.000742],[110.233518,37.002642],[110.23141,37.010549],[110.208098,37.011561],[110.206355,37.015202],[110.202638,37.014145],[110.204043,37.011753],[110.199727,37.014301],[110.197317,37.013646],[110.199056,37.012159],[110.193738,37.009086],[110.191263,37.003077],[110.17909,37.00403],[110.178379,36.997624],[110.173851,36.997172],[110.17104,36.990528],[110.158074,36.986031],[110.156467,36.987796],[110.152186,36.981714],[110.146824,36.981482],[110.14351,36.976661],[110.146359,36.975253],[110.140404,36.974688],[110.140332,36.970699],[110.134562,36.970737],[110.138392,36.975068],[110.137122,36.97788],[110.134394,36.973102],[110.130471,36.9725],[110.127187,36.975979],[110.12732,36.972972],[110.124184,36.97364],[110.125285,36.969976],[110.116714,36.965825],[110.103652,36.974351],[110.101102,36.9816],[110.076573,36.984731],[110.081996,36.988747],[110.076642,37.00031],[110.066696,37.00684],[110.06169,37.004514],[110.060537,37.007549],[110.055214,37.007966],[110.052251,37.012722],[110.054822,37.016197],[110.05069,37.021214],[110.045775,37.020706],[110.044486,37.025773],[110.03102,37.021965],[110.030647,37.027803],[110.026341,37.027656],[110.022097,37.033604],[110.022609,37.042495],[110.030684,37.047346],[110.025832,37.058391],[110.029075,37.062797],[110.019657,37.066291],[110.019129,37.071704],[110.007498,37.086594],[110.006654,37.093418],[110.007317,37.099647],[110.011942,37.102265],[110.014733,37.109836],[110.015921,37.125822],[110.022486,37.130934],[110.022826,37.139947],[110.01659,37.147341],[110.010693,37.148331],[110.008481,37.142562],[110.002263,37.144402],[109.999801,37.140429],[109.9972,37.141248],[109.998949,37.137074],[109.991132,37.136559],[109.986563,37.127398],[109.976071,37.133106],[109.969639,37.140766],[109.973854,37.144919],[109.961281,37.155178],[109.967544,37.162705],[109.974254,37.161358],[109.974806,37.164368],[109.979481,37.16186],[109.978269,37.16721],[109.986904,37.167433],[109.983719,37.169275],[109.985337,37.172592],[109.979634,37.176497],[109.979233,37.180823],[109.970141,37.184353],[109.969118,37.188593],[109.961055,37.188197],[109.958059,37.190945],[109.958304,37.19987],[109.951262,37.208366]]]}},{"type":"Feature","properties":{"id":"cn:610831","name":"子洲县","level":2},"geometry":{"type":"Polygon","coordinates":[[[109.488744,37.497661],[109.513842,37.49808],[109.542219,37.509515],[109.56127,37.511165],[109.561986,37.516395],[109.567632,37.515958],[109.575832,37.52791],[109.584904,37.534089],[109.581172,37.536639],[109.596681,37.534613],[109.598567,37.542343],[109.588871,37.549086],[109.585524,37.546669],[109.580559,37.54814],[109.584228,37.552915],[109.577197,37.558577],[109.579183,37.560958],[109.574365,37.56498],[109.574916,37.569026],[109.570666,37.569635],[109.574167,37.574378],[109.579624,37.564908],[109.596693,37.56238],[109.601904,37.572796],[109.602188,37.580633],[109.597458,37.584549],[109.591292,37.579885],[109.591404,37.597822],[109.587956,37.599522],[109.583584,37.594824],[109.581007,37.597516],[109.584581,37.612276],[109.589426,37.616004],[109.593037,37.6063],[109.595956,37.606553],[109.595166,37.61255],[109.603634,37.607537],[109.614836,37.609481],[109.619286,37.603821],[109.62984,37.611669],[109.640958,37.610371],[109.641213,37.614704],[109.651906,37.62072],[109.644438,37.624909],[109.647891,37.632439],[109.638354,37.640274],[109.639279,37.649246],[109.624391,37.661216],[109.625318,37.665541],[109.636086,37.665505],[109.637573,37.669786],[109.643261,37.669415],[109.644812,37.673373],[109.638466,37.681146],[109.64122,37.685487],[109.651776,37.693018],[109.65961,37.693125],[109.668436,37.686373],[109.672583,37.673303],[109.680452,37.665969],[109.681384,37.668748],[109.691099,37.669979],[109.688747,37.678546],[109.696831,37.692665],[109.703122,37.689735],[109.704268,37.698171],[109.70885,37.700571],[109.7066,37.707072],[109.727888,37.717568],[109.733938,37.716565],[109.734498,37.725636],[109.73915,37.728992],[109.738769,37.732374],[109.743067,37.732865],[109.736821,37.739934],[109.742396,37.744659],[109.737214,37.756884],[109.727716,37.762091],[109.7188,37.757891],[109.716352,37.759624],[109.714102,37.781287],[109.719997,37.797972],[109.729704,37.782673],[109.74104,37.782268],[109.75057,37.778062],[109.754044,37.780105],[109.755246,37.787623],[109.764581,37.795158],[109.769764,37.792925],[109.7728,37.802854],[109.78237,37.790407],[109.788202,37.792958],[109.795731,37.789946],[109.796539,37.784128],[109.801196,37.785201],[109.808658,37.781295],[109.819301,37.784128],[109.825794,37.78128],[109.834178,37.785836],[109.84542,37.775199],[109.850754,37.779914],[109.854618,37.775966],[109.863536,37.779266],[109.868166,37.777149],[109.879794,37.787998],[109.885897,37.788641],[109.892282,37.769463],[109.902605,37.772258],[109.902751,37.764127],[109.908119,37.755948],[109.910463,37.761921],[109.921082,37.765437],[109.927715,37.75919],[109.929552,37.751638],[109.937465,37.768114],[109.949238,37.768165],[109.951712,37.764571],[109.945727,37.76409],[109.9489,37.755223],[109.944922,37.749553],[109.947151,37.741309],[109.938738,37.739893],[109.938893,37.736567],[109.944626,37.734301],[109.953706,37.738078],[109.958287,37.733787],[109.956459,37.729669],[109.97379,37.728517],[109.971697,37.721684],[109.973725,37.719717],[109.979681,37.722026],[109.977925,37.717123],[109.982553,37.704678],[109.990141,37.703462],[109.999244,37.708568],[110.017827,37.707388],[110.028937,37.701585],[110.044685,37.708198],[110.055995,37.695835],[110.055501,37.699013],[110.061662,37.703551],[110.06846,37.701476],[110.078957,37.70799],[110.086672,37.707748],[110.095393,37.704496],[110.098181,37.695789],[110.103197,37.69806],[110.101646,37.696044],[110.106597,37.694157],[110.111558,37.682971],[110.101771,37.679263],[110.095775,37.672832],[110.092968,37.665073],[110.098137,37.657036],[110.093681,37.653208],[110.096723,37.646526],[110.088169,37.641934],[110.092461,37.641818],[110.08923,37.639015],[110.093898,37.625442],[110.098819,37.622698],[110.099021,37.612303],[110.102679,37.608718],[110.104545,37.590027],[110.102075,37.582424],[110.097321,37.579668],[110.101444,37.568228],[110.099386,37.559008],[110.106152,37.548283],[110.112992,37.546834],[110.122224,37.530441],[110.115684,37.516395],[110.117669,37.506254],[110.112849,37.500966],[110.114237,37.495634],[110.106583,37.495862],[110.102639,37.488441],[110.098485,37.494856],[110.09585,37.494005],[110.100826,37.487004],[110.08712,37.491331],[110.086659,37.484961],[110.084107,37.484441],[110.080383,37.488481],[110.071317,37.489688],[110.072907,37.484428],[110.069029,37.477602],[110.089958,37.465223],[110.107192,37.468953],[110.116406,37.460257],[110.117396,37.450635],[110.1073,37.447684],[110.105532,37.44145],[110.117262,37.414235],[110.121781,37.413748],[110.117407,37.405324],[110.122643,37.391516],[110.121029,37.388264],[110.109639,37.388753],[110.098641,37.38273],[110.097616,37.378559],[110.100546,37.375076],[110.098309,37.36879],[110.094214,37.369344],[110.099441,37.360473],[110.080662,37.35916],[110.08179,37.351404],[110.084925,37.349615],[110.077604,37.347185],[110.082122,37.346924],[110.085157,37.336945],[110.080588,37.336522],[110.077811,37.331946],[110.07994,37.322334],[110.075575,37.318422],[110.08146,37.309909],[110.072823,37.307862],[110.071048,37.304186],[110.064561,37.308575],[110.065743,37.296973],[110.057601,37.293626],[110.054027,37.286855],[110.056454,37.28759],[110.054991,37.284144],[110.05754,37.286045],[110.058415,37.280321],[110.053089,37.279216],[110.048232,37.271797],[110.040665,37.273236],[110.038307,37.270042],[110.033959,37.273497],[110.029518,37.267786],[110.024227,37.271643],[110.022706,37.269513],[110.018124,37.272825],[110.019328,37.277828],[110.011442,37.279051],[110.011359,37.282518],[110.007512,37.283795],[110.004617,37.277633],[110.009152,37.27558],[109.998911,37.270448],[109.996013,37.265201],[109.989217,37.269477],[109.980209,37.269346],[109.981759,37.27282],[109.977771,37.281321],[109.968275,37.273994],[109.955958,37.276162],[109.949333,37.267452],[109.949721,37.28113],[109.933966,37.289666],[109.922482,37.29073],[109.917112,37.295745],[109.914709,37.312762],[109.909017,37.320832],[109.905489,37.305374],[109.892794,37.295192],[109.894637,37.285264],[109.900841,37.278203],[109.895807,37.265753],[109.889578,37.266643],[109.888672,37.278984],[109.884182,37.28241],[109.872779,37.270182],[109.86157,37.273792],[109.859294,37.279519],[109.852908,37.28076],[109.843528,37.274382],[109.834845,37.282974],[109.820462,37.266975],[109.813847,37.267345],[109.809295,37.263851],[109.808733,37.25576],[109.796903,37.265082],[109.791417,37.261712],[109.780707,37.267794],[109.774154,37.265083],[109.77402,37.275548],[109.762771,37.269471],[109.759392,37.276345],[109.767408,37.290763],[109.776759,37.298497],[109.774956,37.305518],[109.777454,37.309214],[109.785045,37.313256],[109.789361,37.303526],[109.806676,37.303739],[109.803354,37.314757],[109.807542,37.31905],[109.799054,37.332695],[109.797561,37.349002],[109.789858,37.353138],[109.791971,37.344337],[109.781232,37.341854],[109.772936,37.350054],[109.76789,37.363105],[109.771108,37.368352],[109.770113,37.377217],[109.761016,37.378638],[109.766432,37.393327],[109.759895,37.398195],[109.746237,37.392608],[109.728131,37.401087],[109.728417,37.411528],[109.737837,37.420945],[109.703478,37.433619],[109.687396,37.429428],[109.678965,37.432668],[109.67153,37.431071],[109.669862,37.424335],[109.663206,37.41945],[109.650371,37.423101],[109.644744,37.420813],[109.637706,37.424263],[109.628539,37.418162],[109.615871,37.423993],[109.612907,37.41999],[109.603581,37.421528],[109.57973,37.434566],[109.56306,37.433202],[109.561875,37.438846],[109.565592,37.442185],[109.559905,37.453178],[109.56052,37.460223],[109.537399,37.469742],[109.528596,37.480532],[109.504433,37.479823],[109.488744,37.497661]]]}},{"type":"Feature","properties":{"id":"cn:610881","name":"神木市","level":2},"geometry":{"type":"MultiPolygon","coordinates":[[[[109.659811,38.981106],[109.666512,38.996414],[109.685695,38.991991],[109.699212,39.016271],[109.719707,39.017629],[109.75672,39.056718],[109.770696,39.061154],[109.787684,39.073289],[109.809732,39.095442],[109.830053,39.104648],[109.836346,39.114873],[109.845982,39.122108],[109.855916,39.123526],[109.876633,39.116123],[109.885478,39.103337],[109.913716,39.103601],[109.91665,39.1064],[109.903673,39.125437],[109.888448,39.140559],[109.887883,39.146283],[109.896034,39.147685],[109.91666,39.16078],[109.9181,39.165016],[109.938834,39.17439],[109.954928,39.185966],[109.9557,39.190433],[109.921698,39.210089],[109.902414,39.227993],[109.891772,39.233367],[109.878751,39.231692],[109.869941,39.23776],[109.863484,39.248978],[109.865835,39.251744],[109.873448,39.248875],[109.874559,39.256827],[109.879732,39.26286],[109.891113,39.265949],[109.895418,39.27078],[109.902406,39.268957],[109.931304,39.244276],[109.957137,39.211157],[110.004812,39.207605],[110.013151,39.212593],[110.035308,39.215444],[110.070008,39.229688],[110.080644,39.227765],[110.084463,39.235809],[110.101905,39.247506],[110.118503,39.249632],[110.136908,39.260255],[110.153996,39.262098],[110.162751,39.268577],[110.180629,39.273923],[110.187235,39.279693],[110.212212,39.278794],[110.203818,39.288507],[110.196995,39.315333],[110.17947,39.352061],[110.163141,39.37203],[110.157924,39.383745],[110.150789,39.389144],[110.131938,39.389714],[110.127817,39.397618],[110.120493,39.415689],[110.119261,39.430766],[110.125502,39.435255],[110.126839,39.446526],[110.139217,39.452516],[110.139607,39.456058],[110.200398,39.436444],[110.205798,39.441606],[110.211388,39.442269],[110.22558,39.434795],[110.237725,39.422664],[110.269799,39.423802],[110.271014,39.4193],[110.251943,39.406097],[110.276602,39.392198],[110.298668,39.367819],[110.335042,39.340456],[110.365629,39.327562],[110.368605,39.321399],[110.375099,39.317976],[110.381281,39.304048],[110.377037,39.285245],[110.384794,39.277043],[110.387897,39.264885],[110.40262,39.251845],[110.398855,39.245282],[110.392694,39.24257],[110.392108,39.229954],[110.402457,39.21985],[110.405251,39.204398],[110.422016,39.207468],[110.436097,39.197006],[110.450271,39.198059],[110.45981,39.188935],[110.470763,39.189873],[110.47999,39.178816],[110.480479,39.167726],[110.487244,39.161078],[110.497892,39.167412],[110.506512,39.161269],[110.52029,39.162507],[110.53089,39.154116],[110.52637,39.148172],[110.540432,39.145],[110.544882,39.140491],[110.534948,39.130315],[110.537863,39.124566],[110.53196,39.122045],[110.534273,39.117592],[110.530555,39.113082],[110.533881,39.11062],[110.531942,39.107762],[110.544586,39.104124],[110.54684,39.107748],[110.552162,39.107245],[110.55657,39.113341],[110.562346,39.114131],[110.569288,39.109874],[110.571349,39.103134],[110.566949,39.094093],[110.560669,39.090149],[110.569702,39.082957],[110.56593,39.082124],[110.563795,39.07642],[110.56673,39.069754],[110.57302,39.071735],[110.581919,39.067325],[110.598174,39.071887],[110.607771,39.060123],[110.612572,39.061869],[110.621266,39.058918],[110.623527,39.055951],[110.616472,39.050926],[110.62833,39.049139],[110.635265,39.04073],[110.639227,39.029166],[110.650772,39.032064],[110.662647,39.025035],[110.664959,39.01484],[110.643025,39.004968],[110.64231,39.001711],[110.651785,38.99189],[110.647477,38.98455],[110.64277,38.98367],[110.659514,38.974395],[110.656014,38.970785],[110.665435,38.967879],[110.67121,38.958895],[110.681665,38.954299],[110.669001,38.95424],[110.680452,38.945536],[110.674141,38.937912],[110.674361,38.931239],[110.683204,38.927386],[110.693599,38.930387],[110.697927,38.919455],[110.700219,38.922301],[110.710336,38.918603],[110.712505,38.920844],[110.714589,38.916738],[110.718789,38.917122],[110.717721,38.912812],[110.727938,38.901542],[110.740958,38.894892],[110.751377,38.898095],[110.754611,38.904021],[110.766298,38.900874],[110.774406,38.904169],[110.787858,38.892898],[110.800999,38.888541],[110.809868,38.880004],[110.82867,38.87452],[110.838839,38.876825],[110.836722,38.871637],[110.838445,38.858689],[110.848484,38.848],[110.847198,38.843903],[110.85089,38.839224],[110.843495,38.834534],[110.829134,38.832919],[110.828388,38.820883],[110.837647,38.805574],[110.848313,38.804884],[110.850986,38.798742],[110.84475,38.78863],[110.856837,38.779729],[110.836168,38.775562],[110.835535,38.769261],[110.83148,38.766206],[110.834188,38.762907],[110.827248,38.762058],[110.825044,38.758263],[110.836387,38.75382],[110.839452,38.745648],[110.865774,38.747975],[110.867584,38.743099],[110.862953,38.742813],[110.8682,38.739194],[110.865736,38.73404],[110.869139,38.728578],[110.873641,38.729413],[110.87402,38.735123],[110.878494,38.736645],[110.88896,38.730792],[110.904066,38.729014],[110.916818,38.719109],[110.917481,38.713235],[110.904948,38.695213],[110.909641,38.670894],[110.890602,38.6574],[110.874228,38.621828],[110.875509,38.614788],[110.888201,38.599961],[110.890814,38.587855],[110.914814,38.580069],[110.912574,38.571748],[110.902974,38.560441],[110.9058,38.540975],[110.903454,38.524548],[110.89717,38.516212],[110.874579,38.516077],[110.864361,38.508496],[110.868954,38.492991],[110.866868,38.474843],[110.872094,38.459163],[110.868467,38.453296],[110.839455,38.43943],[110.807936,38.451964],[110.790943,38.452956],[110.77522,38.444933],[110.76271,38.411004],[110.749293,38.393139],[110.746482,38.372973],[110.740882,38.365587],[110.70075,38.356197],[110.678789,38.335774],[110.662922,38.31324],[110.655456,38.308307],[110.633256,38.304373],[110.595789,38.307839],[110.578605,38.303356],[110.568439,38.288856],[110.561726,38.217164],[110.552689,38.210109],[110.527039,38.211574],[110.517018,38.209118],[110.508726,38.214668],[110.518734,38.219244],[110.51261,38.22844],[110.494643,38.224491],[110.49471,38.228546],[110.499718,38.230929],[110.496445,38.235512],[110.484012,38.235292],[110.474158,38.240796],[110.476594,38.243957],[110.474495,38.248262],[110.467804,38.247811],[110.468265,38.253474],[110.460581,38.260075],[110.472067,38.260829],[110.472144,38.26629],[110.458644,38.264701],[110.451451,38.268539],[110.451856,38.272218],[110.459364,38.277405],[110.456765,38.281091],[110.474,38.289658],[110.466337,38.298502],[110.452055,38.295515],[110.44716,38.299387],[110.446019,38.302944],[110.45586,38.307577],[110.455696,38.309942],[110.44861,38.322515],[110.432201,38.327509],[110.443747,38.341426],[110.43557,38.346542],[110.424929,38.338775],[110.420358,38.348324],[110.42053,38.353617],[110.430835,38.35709],[110.429964,38.36413],[110.425452,38.366478],[110.410426,38.361481],[110.408819,38.364071],[110.413262,38.372817],[110.402717,38.370002],[110.396465,38.373037],[110.404642,38.383739],[110.403793,38.390314],[110.386309,38.39557],[110.374599,38.410246],[110.374604,38.422218],[110.381375,38.426402],[110.380799,38.433587],[110.36969,38.432471],[110.337499,38.454776],[110.331435,38.462164],[110.32861,38.47033],[110.332347,38.486465],[110.329698,38.489177],[110.33449,38.489829],[110.337043,38.493843],[110.334443,38.504653],[110.324313,38.507925],[110.299939,38.502119],[110.298511,38.49942],[110.2909,38.501928],[110.288775,38.496956],[110.277375,38.501594],[110.27933,38.498109],[110.273695,38.494607],[110.261044,38.498138],[110.253637,38.493492],[110.245411,38.499866],[110.195219,38.503135],[110.182653,38.51384],[110.178067,38.531781],[110.155763,38.539045],[110.129933,38.539304],[110.113281,38.548401],[110.10554,38.547435],[110.101334,38.550964],[110.108823,38.565545],[110.115994,38.567238],[110.120319,38.573692],[110.122373,38.588319],[110.111669,38.586128],[110.102114,38.591467],[110.058554,38.593332],[110.036376,38.603436],[109.9921,38.602775],[109.959368,38.6175],[109.95458,38.614885],[109.955714,38.60972],[109.952496,38.606211],[109.962261,38.601011],[109.954342,38.595477],[109.942083,38.603846],[109.93536,38.595567],[109.920791,38.599059],[109.89273,38.614868],[109.889612,38.622905],[109.881257,38.631163],[109.885283,38.634164],[109.883384,38.636758],[109.854195,38.656955],[109.832605,38.660584],[109.832384,38.664556],[109.80999,38.686132],[109.776788,38.694454],[109.771581,38.692272],[109.753428,38.712406],[109.744951,38.717102],[109.739025,38.726834],[109.750932,38.738148],[109.746915,38.749353],[109.755841,38.752155],[109.76308,38.761178],[109.783855,38.763687],[109.796825,38.769956],[109.819495,38.767142],[109.832473,38.758495],[109.849897,38.756655],[109.870434,38.758368],[109.868626,38.767906],[109.856272,38.792179],[109.778054,38.835218],[109.71028,38.886547],[109.695934,38.894158],[109.679684,38.914425],[109.665444,38.925858],[109.67823,38.934912],[109.673552,38.947782],[109.679811,38.967621],[109.659811,38.981106]]],[[[109.793717,38.65355],[109.818263,38.66545],[109.821067,38.663643],[109.820259,38.656138],[109.825863,38.653881],[109.828907,38.658069],[109.83233,38.652451],[109.826012,38.634545],[109.811368,38.627676],[109.800099,38.639812],[109.793717,38.65355]]]]}},{"type":"Feature","properties":{"id":"cn:6109","name":"安康市","level":1},"geometry":{"type":"Polygon","coordinates":[[[108.015995,33.260768],[108.023184,33.265971],[108.029314,33.263182],[108.033602,33.269553],[108.031419,33.273501],[108.033726,33.281298],[108.045004,33.287942],[108.044195,33.293732],[108.048999,33.299214],[108.04793,33.309204],[108.042235,33.309159],[108.038138,33.325957],[108.043367,33.337755],[108.055691,33.344157],[108.051802,33.351576],[108.070604,33.357582],[108.080001,33.372819],[108.092365,33.374994],[108.098819,33.382831],[108.098835,33.394746],[108.088949,33.39869],[108.084626,33.40388],[108.106446,33.412516],[108.113426,33.41853],[108.124687,33.415769],[108.126628,33.409854],[108.136287,33.404768],[108.142604,33.415153],[108.139791,33.42192],[108.154788,33.433248],[108.155931,33.439581],[108.161825,33.443083],[108.154773,33.456727],[108.150285,33.459535],[108.149759,33.468255],[108.12126,33.480388],[108.117347,33.485995],[108.109087,33.478347],[108.100558,33.485978],[108.100331,33.49277],[108.092806,33.499537],[108.08313,33.50113],[108.079527,33.497639],[108.057143,33.509159],[108.059149,33.518591],[108.054616,33.523792],[108.063656,33.538184],[108.058997,33.544286],[108.061226,33.554851],[108.054762,33.562937],[108.054323,33.578336],[108.056599,33.584803],[108.065461,33.593399],[108.057388,33.601057],[108.056504,33.610467],[108.050637,33.615872],[108.052431,33.618946],[108.048509,33.629725],[108.054893,33.631126],[108.054173,33.642888],[108.057052,33.646469],[108.043523,33.688118],[108.053926,33.701693],[108.050132,33.711499],[108.055687,33.711999],[108.068942,33.724865],[108.093231,33.724981],[108.108969,33.714008],[108.113248,33.713691],[108.127388,33.723277],[108.144454,33.713787],[108.153144,33.716495],[108.175479,33.713394],[108.183621,33.716957],[108.188586,33.727296],[108.20593,33.723046],[108.213317,33.730878],[108.228551,33.728211],[108.235001,33.730103],[108.254699,33.756315],[108.264726,33.758862],[108.280593,33.768862],[108.306149,33.765295],[108.318892,33.772977],[108.326009,33.78278],[108.339578,33.7872],[108.34121,33.795319],[108.367035,33.794158],[108.372669,33.782068],[108.387313,33.779095],[108.398199,33.765438],[108.405855,33.764437],[108.409536,33.771967],[108.438954,33.783372],[108.445429,33.791658],[108.461732,33.802049],[108.483919,33.805335],[108.509119,33.795934],[108.540057,33.790121],[108.541515,33.782996],[108.548842,33.778923],[108.556021,33.766837],[108.579867,33.766298],[108.585778,33.771957],[108.581038,33.781838],[108.598156,33.793179],[108.604015,33.810353],[108.612322,33.814697],[108.610778,33.825975],[108.639406,33.83613],[108.64662,33.843384],[108.651957,33.839022],[108.688043,33.837293],[108.693226,33.829952],[108.699198,33.828912],[108.714293,33.832144],[108.73484,33.842857],[108.741003,33.839635],[108.75123,33.840635],[108.753947,33.8337],[108.749624,33.81711],[108.773826,33.799632],[108.780537,33.809985],[108.789851,33.808692],[108.800988,33.815187],[108.801083,33.818742],[108.808053,33.814306],[108.82551,33.822328],[108.835441,33.817602],[108.835358,33.809836],[108.827868,33.803573],[108.831718,33.797326],[108.830049,33.790385],[108.824273,33.787546],[108.829064,33.779852],[108.864307,33.776872],[108.875364,33.781837],[108.881908,33.778527],[108.893517,33.778338],[108.905961,33.782163],[108.912738,33.77182],[108.921918,33.76485],[108.933829,33.763049],[108.934655,33.754285],[108.946209,33.742694],[108.940222,33.735549],[108.94189,33.726962],[108.937265,33.716723],[108.939278,33.713467],[108.928739,33.701977],[108.925444,33.682485],[108.914798,33.679706],[108.907876,33.685624],[108.897817,33.687758],[108.892146,33.697804],[108.879065,33.700331],[108.869588,33.688292],[108.855498,33.683951],[108.849555,33.667219],[108.822845,33.648869],[108.801714,33.652515],[108.794512,33.657041],[108.78697,33.653506],[108.785147,33.647424],[108.789881,33.63732],[108.797045,33.633444],[108.810467,33.635491],[108.823469,33.617589],[108.81939,33.613494],[108.81079,33.61458],[108.799249,33.605262],[108.792773,33.584875],[108.779686,33.579],[108.775834,33.560325],[108.765839,33.555083],[108.760598,33.545816],[108.741138,33.545721],[108.746942,33.539643],[108.751064,33.539792],[108.737788,33.533986],[108.734741,33.528725],[108.726818,33.53519],[108.722541,33.532376],[108.710359,33.535037],[108.698099,33.529381],[108.686966,33.539219],[108.680368,33.540237],[108.678458,33.546745],[108.668367,33.547414],[108.658326,33.543906],[108.652389,33.549133],[108.638282,33.548887],[108.636853,33.543408],[108.629431,33.537955],[108.627058,33.518379],[108.63429,33.507412],[108.633782,33.502378],[108.621173,33.495008],[108.613709,33.48063],[108.605288,33.472144],[108.592727,33.469095],[108.58143,33.459135],[108.581013,33.453972],[108.592855,33.447926],[108.595556,33.44126],[108.593111,33.41745],[108.600838,33.408737],[108.587258,33.397981],[108.585457,33.390685],[108.575863,33.382025],[108.576472,33.351803],[108.571088,33.348989],[108.575562,33.335541],[108.574714,33.313655],[108.570957,33.306171],[108.573451,33.299622],[108.578874,33.297717],[108.594021,33.299562],[108.590381,33.302862],[108.612942,33.304046],[108.633309,33.312116],[108.641099,33.321025],[108.67039,33.314488],[108.673299,33.311879],[108.671063,33.305339],[108.696827,33.289341],[108.696413,33.285077],[108.689109,33.282988],[108.686367,33.277591],[108.695452,33.276713],[108.706762,33.268585],[108.720061,33.271463],[108.722583,33.27784],[108.731581,33.284494],[108.739896,33.282646],[108.748125,33.274437],[108.766127,33.267449],[108.778265,33.257618],[108.799807,33.252156],[108.804909,33.238688],[108.818228,33.230929],[108.818226,33.221204],[108.839404,33.212272],[108.842182,33.199912],[108.854206,33.197452],[108.860783,33.191731],[108.85975,33.188837],[108.866965,33.187112],[108.867816,33.182375],[108.877187,33.174184],[108.875453,33.16532],[108.884738,33.164853],[108.887454,33.157645],[108.893996,33.156276],[108.89717,33.150991],[108.90967,33.155037],[108.916041,33.152709],[108.921859,33.138282],[108.927293,33.137158],[108.927341,33.126841],[108.936022,33.132524],[108.944675,33.127689],[108.950065,33.128891],[108.954009,33.131237],[108.954835,33.136256],[108.967726,33.138549],[108.970521,33.152472],[108.965626,33.162498],[108.973756,33.174839],[108.978454,33.174074],[108.985797,33.180186],[108.994784,33.172119],[109.000101,33.171583],[109.013084,33.175798],[109.01789,33.182774],[109.032204,33.183996],[109.036268,33.186644],[109.040083,33.204606],[109.043242,33.206587],[109.048535,33.203751],[109.057957,33.211081],[109.066323,33.205332],[109.065415,33.191781],[109.073613,33.19476],[109.078151,33.191812],[109.077047,33.189541],[109.091224,33.181548],[109.095243,33.186826],[109.105437,33.172944],[109.108018,33.163793],[109.126363,33.159091],[109.140727,33.15835],[109.141234,33.161945],[109.149299,33.164569],[109.155273,33.160849],[109.167683,33.161892],[109.177686,33.17549],[109.181294,33.173422],[109.18363,33.177329],[109.192379,33.17463],[109.208253,33.184816],[109.208435,33.189594],[109.204823,33.191853],[109.212857,33.189391],[109.216171,33.192437],[109.23449,33.186719],[109.23857,33.179915],[109.251905,33.172133],[109.252763,33.163074],[109.260566,33.165852],[109.272753,33.163169],[109.276307,33.171839],[109.28862,33.170098],[109.291365,33.166488],[109.301528,33.170838],[109.309152,33.164383],[109.320727,33.162322],[109.32511,33.158182],[109.323032,33.152026],[109.3262,33.146833],[109.325061,33.141541],[109.333603,33.129994],[109.344563,33.131054],[109.359069,33.137552],[109.369375,33.149108],[109.389102,33.151871],[109.411048,33.147222],[109.422264,33.150349],[109.42796,33.147456],[109.436771,33.151348],[109.463369,33.142029],[109.517231,33.140576],[109.540313,33.130221],[109.555442,33.127667],[109.571328,33.112295],[109.587353,33.121673],[109.597074,33.110256],[109.609071,33.110583],[109.628359,33.120047],[109.661249,33.116814],[109.683037,33.118545],[109.689427,33.115509],[109.699148,33.103851],[109.756475,33.081763],[109.762949,33.076433],[109.789425,33.068872],[109.790831,33.060207],[109.785562,33.040133],[109.780303,32.989452],[109.770144,32.962289],[109.768043,32.937946],[109.759242,32.911325],[109.767875,32.905599],[109.784816,32.884586],[109.793861,32.879519],[109.799984,32.879675],[109.817639,32.891144],[109.842816,32.895442],[109.853689,32.914264],[109.861554,32.915197],[109.878906,32.903951],[109.890469,32.906127],[109.908404,32.904385],[109.926403,32.88754],[109.986021,32.887943],[109.999263,32.875324],[110.02528,32.874112],[110.031373,32.86317],[110.046045,32.853845],[110.071254,32.847721],[110.099696,32.834417],[110.110885,32.824408],[110.117911,32.810856],[110.135621,32.810715],[110.136914,32.804757],[110.12569,32.790063],[110.122227,32.779674],[110.124605,32.773543],[110.134327,32.766896],[110.15161,32.770733],[110.15589,32.764644],[110.159371,32.732653],[110.14925,32.692101],[110.151914,32.68529],[110.173738,32.665401],[110.182696,32.648427],[110.201307,32.635106],[110.199841,32.629803],[110.179815,32.619496],[110.159936,32.595905],[110.148564,32.595185],[110.128147,32.614182],[110.118764,32.618774],[110.097244,32.621022],[110.084831,32.619125],[110.080065,32.615122],[110.079536,32.60663],[110.084553,32.59438],[110.078963,32.582791],[110.046342,32.560712],[110.023069,32.550534],[110.012549,32.54913],[109.990708,32.552952],[109.966194,32.579845],[109.956055,32.582574],[109.939891,32.579197],[109.919944,32.591072],[109.905698,32.595066],[109.87641,32.594328],[109.844553,32.58206],[109.812078,32.579623],[109.753106,32.592015],[109.721662,32.610472],[109.710776,32.611327],[109.692512,32.606029],[109.626966,32.602421],[109.614474,32.59543],[109.611133,32.583428],[109.615187,32.569789],[109.628519,32.554348],[109.631931,32.543445],[109.624969,32.53386],[109.613294,32.527122],[109.582713,32.518489],[109.573442,32.512734],[109.570881,32.508767],[109.571185,32.494113],[109.56076,32.483513],[109.547904,32.479485],[109.543329,32.471341],[109.542548,32.457111],[109.536723,32.446635],[109.521975,32.435685],[109.524692,32.408036],[109.521394,32.402213],[109.506532,32.401332],[109.49773,32.391002],[109.496515,32.374017],[109.505986,32.353665],[109.507818,32.334702],[109.490421,32.302588],[109.497331,32.29179],[109.523789,32.27261],[109.543842,32.236752],[109.545569,32.227176],[109.55727,32.224987],[109.569067,32.227608],[109.587939,32.221723],[109.599006,32.208053],[109.599518,32.201653],[109.585621,32.176526],[109.582331,32.163839],[109.584137,32.152203],[109.593529,32.132534],[109.604631,32.124366],[109.617531,32.105024],[109.610292,32.082604],[109.586185,32.05009],[109.582799,32.027633],[109.586184,32.015019],[109.59661,32.000003],[109.608276,31.992104],[109.620881,31.975355],[109.626488,31.964574],[109.626714,31.953346],[109.623155,31.940062],[109.615854,31.930915],[109.589708,31.925695],[109.580204,31.902797],[109.582868,31.894771],[109.602756,31.883966],[109.633424,31.81333],[109.629083,31.806921],[109.614839,31.809012],[109.599769,31.806064],[109.58707,31.791192],[109.585142,31.779966],[109.589579,31.765969],[109.587964,31.754851],[109.60121,31.746049],[109.588805,31.739852],[109.580976,31.728981],[109.57463,31.731134],[109.563163,31.728404],[109.548614,31.732892],[109.498623,31.718633],[109.486019,31.723052],[109.472113,31.722232],[109.467668,31.716674],[109.454639,31.717179],[109.44904,31.724733],[109.420767,31.720706],[109.415133,31.722572],[109.408363,31.710628],[109.384404,31.707049],[109.290976,31.713959],[109.276731,31.718992],[109.274448,31.727355],[109.278293,31.743838],[109.265914,31.751426],[109.268084,31.753336],[109.266461,31.758725],[109.248797,31.762455],[109.24831,31.767885],[109.256262,31.770181],[109.258206,31.775374],[109.27641,31.779701],[109.270098,31.791285],[109.270837,31.801737],[109.250472,31.805164],[109.235047,31.813412],[109.22752,31.811546],[109.208745,31.819596],[109.189187,31.820556],[109.186531,31.828464],[109.194474,31.846412],[109.186791,31.85068],[109.186044,31.857739],[109.162095,31.877392],[109.132859,31.89132],[109.118267,31.89495],[109.080545,31.931385],[109.053905,31.944044],[109.034219,31.962929],[109.030815,31.960131],[109.026128,31.961477],[109.007986,31.972244],[108.994844,31.974689],[108.982127,31.982183],[108.973637,31.980395],[108.962378,31.985126],[108.949593,31.981534],[108.932674,31.991253],[108.898924,31.987114],[108.883196,31.993772],[108.879368,32.000135],[108.864732,32.005103],[108.846555,32.029933],[108.833396,32.041117],[108.806061,32.049411],[108.784161,32.050512],[108.771704,32.057311],[108.763423,32.067722],[108.747494,32.075718],[108.746142,32.098289],[108.73379,32.107378],[108.667437,32.106841],[108.662515,32.114224],[108.650154,32.119239],[108.649112,32.125324],[108.64261,32.13101],[108.628643,32.136855],[108.624503,32.142625],[108.602316,32.157369],[108.588653,32.16164],[108.581448,32.173694],[108.538333,32.180884],[108.506137,32.20247],[108.501614,32.210477],[108.510008,32.221945],[108.502639,32.247897],[108.49829,32.250063],[108.488967,32.248101],[108.479879,32.2529],[108.47875,32.26327],[108.467161,32.272772],[108.460191,32.265927],[108.446112,32.261378],[108.429037,32.264936],[108.417153,32.262709],[108.410304,32.254539],[108.387405,32.2657],[108.377674,32.258639],[108.366052,32.255722],[108.344637,32.25656],[108.32725,32.235501],[108.307493,32.234371],[108.296712,32.239382],[108.283336,32.251591],[108.260663,32.259232],[108.246838,32.275211],[108.237429,32.277124],[108.226222,32.269783],[108.225215,32.26464],[108.216483,32.260482],[108.208601,32.260895],[108.208192,32.24951],[108.18946,32.23691],[108.189435,32.228609],[108.180892,32.223307],[108.175163,32.223866],[108.169147,32.233529],[108.152257,32.241589],[108.154994,32.247416],[108.174256,32.25191],[108.175482,32.256377],[108.171465,32.264081],[108.172237,32.268554],[108.177267,32.271013],[108.166127,32.286],[108.144823,32.30188],[108.11836,32.330133],[108.130404,32.339559],[108.111426,32.361086],[108.113329,32.363929],[108.102268,32.371208],[108.09773,32.382131],[108.105734,32.382345],[108.113531,32.387515],[108.124276,32.376574],[108.130854,32.37756],[108.131869,32.386179],[108.118577,32.398298],[108.118144,32.405429],[108.122531,32.407169],[108.111764,32.422712],[108.111105,32.434757],[108.120887,32.440259],[108.135761,32.441179],[108.181264,32.428556],[108.185375,32.433537],[108.178269,32.439459],[108.195548,32.439779],[108.213881,32.461229],[108.220175,32.465116],[108.227838,32.465188],[108.234241,32.473633],[108.249874,32.475355],[108.252466,32.482024],[108.25755,32.484623],[108.259399,32.493162],[108.278695,32.495563],[108.280232,32.50294],[108.270193,32.512199],[108.278365,32.524106],[108.257394,32.531266],[108.256584,32.538819],[108.250693,32.541517],[108.247458,32.54736],[108.246047,32.560575],[108.249043,32.565947],[108.244955,32.573458],[108.2305,32.577751],[108.207995,32.600744],[108.187115,32.606902],[108.182096,32.603813],[108.172811,32.613113],[108.186538,32.621411],[108.193071,32.618133],[108.219444,32.616321],[108.245231,32.605147],[108.259802,32.610145],[108.266233,32.621737],[108.264878,32.626771],[108.248336,32.644466],[108.255735,32.651513],[108.247588,32.679882],[108.252374,32.685416],[108.243188,32.693159],[108.222183,32.696475],[108.235182,32.709636],[108.233149,32.710887],[108.236035,32.718766],[108.228918,32.729851],[108.225981,32.733171],[108.21857,32.733873],[108.21801,32.741537],[108.203953,32.750558],[108.20005,32.762188],[108.1851,32.768306],[108.176864,32.763605],[108.164661,32.765711],[108.16252,32.770231],[108.148231,32.768557],[108.145093,32.772141],[108.149181,32.776421],[108.1459,32.784028],[108.138264,32.783323],[108.131298,32.775744],[108.120773,32.775083],[108.132501,32.788681],[108.131672,32.791557],[108.122546,32.788285],[108.116319,32.795962],[108.121559,32.795149],[108.117362,32.802465],[108.123394,32.804523],[108.125456,32.810974],[108.119265,32.817249],[108.110947,32.818615],[108.105877,32.823009],[108.095838,32.845981],[108.090767,32.874555],[108.068283,32.87618],[108.064398,32.880277],[108.070777,32.889523],[108.078013,32.915516],[108.086509,32.915481],[108.0924,32.92498],[108.102993,32.919793],[108.108675,32.935977],[108.11706,32.938079],[108.123465,32.959143],[108.117211,32.968937],[108.116196,32.977949],[108.119652,32.989212],[108.13559,32.99884],[108.138918,33.003966],[108.127479,33.023028],[108.114627,33.028614],[108.115706,33.04072],[108.108711,33.042487],[108.103956,33.053082],[108.090194,33.066256],[108.085753,33.085043],[108.089336,33.101787],[108.101437,33.114587],[108.0936,33.139858],[108.094493,33.14662],[108.098822,33.14751],[108.095395,33.154627],[108.098514,33.161925],[108.097243,33.168306],[108.0919,33.175676],[108.084429,33.17777],[108.100326,33.190677],[108.105443,33.191439],[108.10813,33.198437],[108.1003,33.200397],[108.108904,33.203574],[108.103382,33.204075],[108.105126,33.209626],[108.102713,33.212482],[108.09522,33.211365],[108.091854,33.216561],[108.074248,33.20817],[108.069859,33.199421],[108.065755,33.205374],[108.072986,33.211741],[108.071754,33.214801],[108.041743,33.227759],[108.045313,33.23165],[108.042903,33.240438],[108.026766,33.246072],[108.024892,33.250313],[108.027469,33.254375],[108.015995,33.260768]]]}},{"type":"Feature","properties":{"id":"cn:610902","name":"汉滨区","level":2},"geometry":{"type":"Polygon","coordinates":[[[108.501501,32.719122],[108.508493,32.726337],[108.503605,32.735367],[108.511074,32.737856],[108.522983,32.757321],[108.543987,32.773732],[108.55626,32.766877],[108.559042,32.759742],[108.567926,32.753548],[108.586455,32.755489],[108.599495,32.752222],[108.614124,32.760952],[108.631164,32.761979],[108.651515,32.772512],[108.660496,32.771192],[108.670079,32.775438],[108.676412,32.770562],[108.678846,32.774485],[108.687244,32.776114],[108.684623,32.792528],[108.687895,32.805885],[108.686481,32.816642],[108.698,32.835583],[108.693359,32.843088],[108.698266,32.856154],[108.698752,32.869679],[108.703095,32.87334],[108.702922,32.891887],[108.695804,32.902004],[108.684794,32.902843],[108.662041,32.915289],[108.650551,32.913218],[108.648367,32.917595],[108.634641,32.919674],[108.627347,32.930805],[108.618384,32.933012],[108.615817,32.929983],[108.608092,32.946493],[108.624557,32.969756],[108.619784,32.9845],[108.635889,32.991349],[108.640599,32.997771],[108.653484,33.004569],[108.651986,33.010265],[108.658846,33.009593],[108.66034,33.016111],[108.655275,33.025318],[108.662819,33.031776],[108.662666,33.035186],[108.655322,33.045298],[108.663276,33.0613],[108.662573,33.070428],[108.672019,33.077357],[108.686495,33.078874],[108.685905,33.107296],[108.701523,33.110296],[108.704593,33.120316],[108.730365,33.140139],[108.724289,33.147885],[108.681133,33.149151],[108.665094,33.154539],[108.640144,33.157064],[108.622804,33.163999],[108.610169,33.182438],[108.589875,33.191772],[108.586974,33.197547],[108.581309,33.198316],[108.580789,33.202064],[108.588347,33.207833],[108.601485,33.210282],[108.607191,33.225823],[108.603782,33.236071],[108.606393,33.240424],[108.622221,33.244291],[108.626589,33.249872],[108.64015,33.247426],[108.646763,33.260972],[108.655032,33.264285],[108.655025,33.272205],[108.66333,33.274194],[108.664937,33.279706],[108.695452,33.276713],[108.707299,33.268397],[108.720061,33.271463],[108.722583,33.27784],[108.733289,33.28466],[108.739896,33.282646],[108.748632,33.274129],[108.766127,33.267449],[108.778265,33.257618],[108.799807,33.252156],[108.804909,33.238688],[108.818228,33.230929],[108.818226,33.221204],[108.839404,33.212272],[108.842182,33.199912],[108.854206,33.197452],[108.860783,33.191731],[108.85975,33.188837],[108.866965,33.187112],[108.867816,33.182375],[108.877187,33.174184],[108.875453,33.16532],[108.884738,33.164853],[108.887454,33.157645],[108.893996,33.156276],[108.89717,33.150991],[108.90967,33.155037],[108.916041,33.152709],[108.921859,33.138282],[108.927293,33.137158],[108.925626,33.127415],[108.936022,33.132524],[108.944675,33.127689],[108.950065,33.128891],[108.954009,33.131237],[108.954835,33.136256],[108.967726,33.138549],[108.970175,33.151957],[108.976868,33.147348],[108.985014,33.137221],[108.982603,33.129223],[108.992365,33.09903],[108.984259,33.091499],[108.991473,33.08461],[108.98929,33.078471],[108.99358,33.072404],[108.991706,33.064728],[109.003015,33.056229],[109.001403,33.050935],[109.005318,33.046608],[108.998843,33.039226],[109.027515,33.023776],[109.009482,33.021132],[108.99844,33.014294],[109.007295,33.012979],[109.020024,33.00167],[109.026183,33.001082],[109.027999,32.993492],[109.041777,32.982037],[109.04037,32.965777],[109.051054,32.962888],[109.063815,32.952207],[109.091089,32.939171],[109.08718,32.928791],[109.093924,32.925514],[109.094924,32.920075],[109.102078,32.918543],[109.096563,32.900925],[109.102868,32.896927],[109.108457,32.88302],[109.118337,32.881336],[109.124878,32.875351],[109.135071,32.880246],[109.138748,32.875967],[109.152533,32.876241],[109.159628,32.867883],[109.177318,32.857618],[109.181875,32.859923],[109.189238,32.855806],[109.191791,32.849046],[109.200925,32.851088],[109.198797,32.844234],[109.206365,32.849255],[109.211104,32.839373],[109.219088,32.833144],[109.203288,32.819025],[109.189151,32.816514],[109.188103,32.813501],[109.198163,32.809606],[109.199134,32.801058],[109.192654,32.798263],[109.180852,32.802151],[109.178943,32.799332],[109.183147,32.79539],[109.18464,32.785835],[109.189632,32.782098],[109.187001,32.777162],[109.182959,32.778193],[109.183641,32.774742],[109.200161,32.767651],[109.22345,32.764263],[109.232794,32.759444],[109.231637,32.752415],[109.235495,32.752919],[109.230028,32.741665],[109.221114,32.741274],[109.219674,32.735048],[109.223612,32.724329],[109.216987,32.724264],[109.214441,32.711433],[109.226052,32.700898],[109.230948,32.700361],[109.230059,32.697915],[109.238264,32.696113],[109.237333,32.688161],[109.243855,32.684161],[109.244732,32.673679],[109.264579,32.681909],[109.267248,32.672768],[109.280652,32.665787],[109.282649,32.668922],[109.290569,32.660763],[109.301736,32.659816],[109.30535,32.654515],[109.298901,32.651863],[109.302118,32.649762],[109.300718,32.642429],[109.306361,32.6449],[109.314544,32.64356],[109.330155,32.634069],[109.344136,32.637392],[109.355996,32.631154],[109.361557,32.623039],[109.368254,32.621298],[109.365639,32.611861],[109.38301,32.611755],[109.380577,32.600968],[109.384415,32.58574],[109.379882,32.577584],[109.363449,32.580292],[109.344712,32.574077],[109.331467,32.595224],[109.318578,32.603829],[109.311081,32.603251],[109.308359,32.605997],[109.289861,32.602189],[109.27739,32.59327],[109.272591,32.594574],[109.271784,32.599442],[109.254164,32.598848],[109.253311,32.604058],[109.241148,32.5943],[109.23684,32.600313],[109.219754,32.591278],[109.212431,32.594948],[109.207013,32.593307],[109.194714,32.625625],[109.184485,32.628669],[109.179341,32.62772],[109.175839,32.601854],[109.165014,32.601513],[109.161665,32.597264],[109.153882,32.601108],[109.150066,32.598522],[109.148573,32.587768],[109.140331,32.590728],[109.133271,32.599092],[109.112506,32.600159],[109.103676,32.589608],[109.104715,32.575821],[109.111549,32.569339],[109.109192,32.564774],[109.102496,32.56201],[109.101376,32.554879],[109.094088,32.544135],[109.0996,32.529338],[109.094252,32.530192],[109.087445,32.522871],[109.078277,32.519012],[109.075029,32.510685],[109.069763,32.515658],[109.071006,32.5232],[109.06744,32.529238],[109.063042,32.53173],[109.059333,32.526201],[109.05042,32.527828],[109.053463,32.523619],[109.043796,32.51313],[109.037751,32.520419],[109.023029,32.505234],[109.018455,32.507214],[109.011301,32.501315],[109.021309,32.48646],[109.015161,32.480888],[109.00927,32.461471],[108.995206,32.460605],[108.986011,32.463942],[108.982359,32.46116],[108.989311,32.451663],[108.999068,32.447115],[108.995078,32.419117],[108.998892,32.411755],[108.99003,32.388919],[108.992602,32.376489],[108.987376,32.372433],[108.970938,32.369131],[108.95703,32.379968],[108.955461,32.393467],[108.922416,32.410293],[108.921445,32.422396],[108.908499,32.432234],[108.906237,32.442179],[108.896085,32.448198],[108.902635,32.450599],[108.892868,32.466657],[108.894093,32.47598],[108.879753,32.482528],[108.886485,32.491151],[108.888786,32.503182],[108.895729,32.506445],[108.885431,32.510082],[108.885561,32.513349],[108.880319,32.515616],[108.886446,32.51889],[108.885217,32.522436],[108.876488,32.519417],[108.864854,32.523621],[108.858775,32.518395],[108.858595,32.513969],[108.83646,32.516694],[108.829562,32.50526],[108.823717,32.50362],[108.796818,32.506356],[108.793272,32.514424],[108.785257,32.515202],[108.778845,32.507542],[108.773987,32.505225],[108.7648,32.507708],[108.751863,32.498324],[108.754672,32.482252],[108.748355,32.467741],[108.735598,32.470905],[108.726751,32.479419],[108.72294,32.49737],[108.707643,32.502846],[108.696985,32.513404],[108.694054,32.507509],[108.696261,32.499517],[108.691517,32.502897],[108.688968,32.529764],[108.684048,32.537815],[108.677422,32.539375],[108.684965,32.553958],[108.67644,32.552946],[108.666877,32.54447],[108.669473,32.55555],[108.660098,32.560626],[108.65272,32.557645],[108.645989,32.548057],[108.630051,32.549758],[108.634423,32.567917],[108.648287,32.583444],[108.641828,32.591179],[108.645211,32.591359],[108.652445,32.582158],[108.658329,32.589136],[108.652081,32.591716],[108.654064,32.598137],[108.64765,32.605723],[108.653611,32.609638],[108.666626,32.608176],[108.673863,32.621629],[108.660019,32.622704],[108.658161,32.613446],[108.653685,32.610785],[108.652934,32.615444],[108.643076,32.616763],[108.63298,32.622988],[108.631067,32.627961],[108.612784,32.634181],[108.611669,32.649865],[108.622916,32.641973],[108.635289,32.651734],[108.635214,32.662971],[108.630716,32.671214],[108.623647,32.673636],[108.621824,32.669175],[108.617217,32.668311],[108.612496,32.674785],[108.602221,32.674974],[108.596124,32.680038],[108.588876,32.676692],[108.580624,32.678656],[108.574704,32.67346],[108.571006,32.677865],[108.577948,32.678852],[108.577702,32.683172],[108.569432,32.68613],[108.562057,32.679376],[108.556894,32.681388],[108.555483,32.678496],[108.550747,32.678637],[108.536023,32.689845],[108.51407,32.698447],[108.512575,32.706213],[108.507061,32.708637],[108.501501,32.719122]]]}},{"type":"Feature","properties":{"id":"cn:610921","name":"汉阴县","level":2},"geometry":{"type":"Polygon","coordinates":[[[108.1851,32.768306],[108.196295,32.777063],[108.196923,32.785005],[108.202697,32.787588],[108.205023,32.792607],[108.207063,32.79932],[108.203058,32.8103],[108.207723,32.8207],[108.216318,32.817677],[108.223079,32.807365],[108.235147,32.799211],[108.248728,32.794391],[108.265528,32.808698],[108.269474,32.805422],[108.271312,32.810794],[108.277169,32.808469],[108.275912,32.813717],[108.282242,32.830345],[108.312127,32.820953],[108.315517,32.823703],[108.318315,32.836775],[108.333379,32.861439],[108.344508,32.871775],[108.354347,32.875575],[108.348424,32.892626],[108.357779,32.913416],[108.370528,32.928282],[108.368616,32.937773],[108.385693,32.96211],[108.380277,32.963402],[108.379676,32.972664],[108.386023,32.977483],[108.3955,32.97958],[108.398865,32.976391],[108.403748,32.980234],[108.408857,32.97984],[108.416253,32.986753],[108.417501,32.99035],[108.410265,32.996929],[108.414865,33.003943],[108.419574,33.025809],[108.413507,33.034347],[108.419599,33.04572],[108.429531,33.057998],[108.438055,33.061181],[108.448877,33.07613],[108.453873,33.093581],[108.476258,33.106802],[108.478621,33.121007],[108.490853,33.119252],[108.499458,33.126363],[108.510809,33.125379],[108.512306,33.13179],[108.519822,33.132867],[108.524511,33.137895],[108.532102,33.137339],[108.543442,33.147728],[108.573254,33.154548],[108.584699,33.154782],[108.598501,33.14791],[108.629965,33.152248],[108.634246,33.149474],[108.645391,33.157084],[108.681133,33.149151],[108.724289,33.147885],[108.729893,33.141379],[108.704593,33.120316],[108.701523,33.110296],[108.685905,33.107296],[108.686495,33.078874],[108.672019,33.077357],[108.662573,33.070428],[108.663276,33.0613],[108.655322,33.045298],[108.662666,33.035186],[108.662819,33.031776],[108.655275,33.025318],[108.66034,33.016111],[108.658846,33.009593],[108.651986,33.010265],[108.653484,33.004569],[108.640599,32.997771],[108.635889,32.991349],[108.619784,32.9845],[108.624557,32.969756],[108.608092,32.946493],[108.615817,32.929983],[108.618384,32.933012],[108.627347,32.930805],[108.634641,32.919674],[108.648367,32.917595],[108.650551,32.913218],[108.662041,32.915289],[108.684794,32.902843],[108.695804,32.902004],[108.702922,32.891887],[108.703095,32.87334],[108.698752,32.869679],[108.698266,32.856154],[108.693359,32.843088],[108.698,32.835583],[108.686481,32.816642],[108.687895,32.805885],[108.684623,32.792528],[108.687244,32.776114],[108.678846,32.774485],[108.676412,32.770562],[108.670079,32.775438],[108.660496,32.771192],[108.651515,32.772512],[108.631164,32.761979],[108.614124,32.760952],[108.600983,32.752447],[108.586455,32.755489],[108.568607,32.753331],[108.559042,32.759742],[108.55626,32.766877],[108.544764,32.772831],[108.542794,32.779157],[108.533143,32.782294],[108.527574,32.791086],[108.507295,32.794987],[108.507246,32.799391],[108.502664,32.801059],[108.500166,32.791934],[108.491454,32.788537],[108.487963,32.77931],[108.466296,32.757968],[108.435802,32.751932],[108.42725,32.743461],[108.420397,32.742144],[108.419542,32.748061],[108.413531,32.752855],[108.409068,32.744844],[108.409685,32.737312],[108.405472,32.733585],[108.40936,32.727493],[108.395761,32.726069],[108.399132,32.723771],[108.399673,32.7157],[108.392568,32.707844],[108.395291,32.692915],[108.389856,32.696744],[108.383623,32.695495],[108.387458,32.69402],[108.380496,32.690461],[108.375719,32.682851],[108.369867,32.688243],[108.365244,32.6861],[108.359738,32.671694],[108.362558,32.66063],[108.357048,32.656349],[108.349493,32.658681],[108.337179,32.655356],[108.330657,32.657069],[108.325125,32.665281],[108.314677,32.642705],[108.293236,32.643095],[108.285186,32.640035],[108.274705,32.643533],[108.264088,32.654081],[108.253528,32.648651],[108.255728,32.651863],[108.247588,32.679882],[108.252374,32.685416],[108.243188,32.693159],[108.222183,32.696475],[108.234368,32.706199],[108.236035,32.718766],[108.225981,32.733171],[108.21857,32.733873],[108.21801,32.741537],[108.203953,32.750558],[108.200959,32.761772],[108.1851,32.768306]]]}},{"type":"Feature","properties":{"id":"cn:610922","name":"石泉县","level":2},"geometry":{"type":"Polygon","coordinates":[[[108.015995,33.260768],[108.023184,33.265971],[108.029314,33.263182],[108.033602,33.269553],[108.031419,33.273501],[108.033726,33.281298],[108.045004,33.287942],[108.044195,33.293732],[108.048999,33.299214],[108.047458,33.306808],[108.058112,33.305542],[108.052993,33.314518],[108.052083,33.319857],[108.054939,33.32363],[108.063002,33.325668],[108.067228,33.316114],[108.065646,33.313622],[108.071305,33.314238],[108.068252,33.31058],[108.069278,33.30483],[108.074962,33.30469],[108.086865,33.315161],[108.100319,33.315592],[108.112047,33.319893],[108.155604,33.311352],[108.162916,33.315364],[108.16847,33.327875],[108.186504,33.330138],[108.196134,33.339832],[108.199811,33.337163],[108.198102,33.334932],[108.202005,33.328469],[108.211474,33.321293],[108.210113,33.315627],[108.205792,33.316966],[108.207089,33.312709],[108.210469,33.310245],[108.214863,33.315031],[108.220129,33.290764],[108.217131,33.288528],[108.213535,33.293088],[108.206903,33.288905],[108.196565,33.270609],[108.200582,33.264296],[108.214734,33.263624],[108.215238,33.259145],[108.227786,33.251604],[108.244276,33.250085],[108.262908,33.252699],[108.279135,33.243052],[108.283049,33.24443],[108.283706,33.239187],[108.292291,33.237936],[108.296929,33.233189],[108.309038,33.235085],[108.325932,33.231845],[108.338568,33.222765],[108.368898,33.242719],[108.373635,33.242721],[108.38127,33.236917],[108.391317,33.236486],[108.402164,33.230165],[108.393281,33.227888],[108.39208,33.222375],[108.396622,33.214807],[108.411596,33.212212],[108.423543,33.202287],[108.438201,33.198331],[108.433273,33.185776],[108.43379,33.17512],[108.442894,33.167119],[108.440135,33.161534],[108.448506,33.152415],[108.440812,33.154146],[108.432202,33.147015],[108.421558,33.14908],[108.427533,33.14239],[108.440815,33.142232],[108.455861,33.12998],[108.47031,33.126465],[108.474369,33.121274],[108.478621,33.121007],[108.47805,33.110275],[108.472223,33.103323],[108.46132,33.099841],[108.453873,33.093581],[108.448877,33.07613],[108.438055,33.061181],[108.429531,33.057998],[108.419599,33.04572],[108.413507,33.034347],[108.419574,33.025809],[108.414865,33.003943],[108.410265,32.996929],[108.417501,32.99035],[108.416253,32.986753],[108.408857,32.97984],[108.403748,32.980234],[108.398865,32.976391],[108.3955,32.97958],[108.386023,32.977483],[108.379676,32.972664],[108.380277,32.963402],[108.385693,32.96211],[108.368616,32.937773],[108.370528,32.928282],[108.357779,32.913416],[108.348424,32.892626],[108.354347,32.875575],[108.344508,32.871775],[108.333379,32.861439],[108.318315,32.836775],[108.31306,32.821195],[108.282242,32.830345],[108.275912,32.813717],[108.277169,32.808469],[108.271312,32.810794],[108.269474,32.805422],[108.265528,32.808698],[108.248728,32.794391],[108.235147,32.799211],[108.223079,32.807365],[108.216318,32.817677],[108.207723,32.8207],[108.203058,32.8103],[108.207063,32.79932],[108.202697,32.787588],[108.196923,32.785005],[108.196295,32.777063],[108.177528,32.763724],[108.164661,32.765711],[108.16252,32.770231],[108.147245,32.76901],[108.145093,32.772141],[108.149252,32.777553],[108.1459,32.784028],[108.138264,32.783323],[108.131298,32.775744],[108.120773,32.775083],[108.132501,32.788681],[108.131672,32.791557],[108.122546,32.788285],[108.116319,32.795962],[108.121559,32.795149],[108.117362,32.802465],[108.123394,32.804523],[108.125456,32.810974],[108.119265,32.817249],[108.110947,32.818615],[108.105877,32.823009],[108.095838,32.845981],[108.090767,32.874555],[108.068283,32.87618],[108.064097,32.881353],[108.070777,32.889523],[108.078013,32.915516],[108.086509,32.915481],[108.0924,32.92498],[108.102993,32.919793],[108.108675,32.935977],[108.11706,32.938079],[108.123465,32.959143],[108.117211,32.968937],[108.116196,32.977949],[108.119652,32.989212],[108.138917,33.00356],[108.127479,33.023028],[108.114627,33.028614],[108.115706,33.04072],[108.108711,33.042487],[108.103956,33.053082],[108.090194,33.066256],[108.085753,33.085043],[108.089336,33.101787],[108.101437,33.114587],[108.0936,33.139858],[108.094493,33.14662],[108.098822,33.14751],[108.095395,33.154627],[108.098514,33.161925],[108.097243,33.168306],[108.0919,33.175676],[108.084429,33.17777],[108.100326,33.190677],[108.105443,33.191439],[108.10813,33.198437],[108.1003,33.200397],[108.108961,33.203367],[108.103382,33.204075],[108.105126,33.209626],[108.102713,33.212482],[108.09522,33.211365],[108.091854,33.216561],[108.074248,33.20817],[108.069859,33.199421],[108.065755,33.205374],[108.072986,33.211741],[108.071754,33.214801],[108.041743,33.227759],[108.045313,33.23165],[108.042903,33.240438],[108.026766,33.246072],[108.024892,33.250313],[108.027469,33.254375],[108.015995,33.260768]]]}},{"type":"Feature","properties":{"id":"cn:610923","name":"宁陕县","level":2},"geometry":{"type":"Polygon","coordinates":[[[108.038138,33.325957],[108.043367,33.337755],[108.055691,33.344157],[108.05165,33.350555],[108.053338,33.353014],[108.056557,33.351738],[108.062105,33.356591],[108.070604,33.357582],[108.080001,33.372819],[108.092365,33.374994],[108.0984,33.382044],[108.098835,33.394746],[108.088949,33.39869],[108.084626,33.40388],[108.106446,33.412516],[108.113426,33.41853],[108.124687,33.415769],[108.126628,33.409854],[108.136287,33.404768],[108.142604,33.415153],[108.139791,33.42192],[108.154788,33.433248],[108.155931,33.439581],[108.161825,33.443083],[108.154773,33.456727],[108.150285,33.459535],[108.149759,33.468255],[108.12126,33.480388],[108.117347,33.485995],[108.109087,33.478347],[108.100558,33.485978],[108.100331,33.49277],[108.092806,33.499537],[108.08313,33.50113],[108.079527,33.497639],[108.057143,33.509159],[108.059149,33.518591],[108.054616,33.523792],[108.063656,33.538184],[108.058997,33.544286],[108.061226,33.554851],[108.054762,33.562937],[108.054323,33.578336],[108.056599,33.584803],[108.065461,33.593399],[108.057388,33.601057],[108.056504,33.610467],[108.050637,33.615872],[108.052431,33.618946],[108.048509,33.629725],[108.054893,33.631126],[108.054173,33.642888],[108.057052,33.646469],[108.043523,33.688118],[108.053926,33.701693],[108.050132,33.711499],[108.055687,33.711999],[108.068942,33.724865],[108.093231,33.724981],[108.108969,33.714008],[108.113248,33.713691],[108.127388,33.723277],[108.144454,33.713787],[108.153144,33.716495],[108.175479,33.713394],[108.183621,33.716957],[108.188586,33.727296],[108.20593,33.723046],[108.213317,33.730878],[108.228551,33.728211],[108.235001,33.730103],[108.254699,33.756315],[108.264726,33.758862],[108.280593,33.768862],[108.306149,33.765295],[108.318892,33.772977],[108.326009,33.78278],[108.339578,33.7872],[108.34121,33.795319],[108.367035,33.794158],[108.372669,33.782068],[108.387313,33.779095],[108.398199,33.765438],[108.405855,33.764437],[108.409536,33.771967],[108.438954,33.783372],[108.445429,33.791658],[108.461732,33.802049],[108.483919,33.805335],[108.509119,33.795934],[108.540057,33.790121],[108.541515,33.782996],[108.548842,33.778923],[108.556021,33.766837],[108.579867,33.766298],[108.585778,33.771957],[108.581038,33.781838],[108.598156,33.793179],[108.604015,33.810353],[108.612322,33.814697],[108.610778,33.825975],[108.639406,33.83613],[108.64662,33.843384],[108.651957,33.839022],[108.688043,33.837293],[108.693226,33.829952],[108.699198,33.828912],[108.714293,33.832144],[108.73484,33.842857],[108.741003,33.839635],[108.75123,33.840635],[108.753947,33.8337],[108.749624,33.81711],[108.773826,33.799632],[108.780537,33.809985],[108.789851,33.808692],[108.800988,33.815187],[108.801083,33.818742],[108.808053,33.814306],[108.82551,33.822328],[108.835441,33.817602],[108.835358,33.809836],[108.827868,33.803573],[108.831718,33.797326],[108.830049,33.790385],[108.824273,33.787546],[108.829064,33.779852],[108.864307,33.776872],[108.875364,33.781837],[108.881908,33.778527],[108.893517,33.778338],[108.905961,33.782163],[108.912738,33.77182],[108.921918,33.76485],[108.933829,33.763049],[108.934655,33.754285],[108.946142,33.743219],[108.940222,33.735549],[108.94189,33.726962],[108.937265,33.716723],[108.939278,33.713467],[108.928739,33.701977],[108.927159,33.686546],[108.922067,33.679754],[108.914798,33.679706],[108.907876,33.685624],[108.897817,33.687758],[108.892433,33.69755],[108.886687,33.700425],[108.879065,33.700331],[108.869588,33.688292],[108.855498,33.683951],[108.849555,33.667219],[108.822845,33.648869],[108.801714,33.652515],[108.794512,33.657041],[108.786609,33.653179],[108.785147,33.647424],[108.789881,33.63732],[108.797045,33.633444],[108.810467,33.635491],[108.823671,33.618149],[108.81939,33.613494],[108.81079,33.61458],[108.799249,33.605262],[108.792773,33.584875],[108.779686,33.579],[108.777799,33.563915],[108.765839,33.555083],[108.762919,33.547123],[108.755827,33.544579],[108.75182,33.547166],[108.741283,33.54583],[108.746942,33.539643],[108.751064,33.539792],[108.737788,33.533986],[108.734464,33.528692],[108.726818,33.53519],[108.722541,33.532376],[108.710359,33.535037],[108.698099,33.529381],[108.686966,33.539219],[108.680368,33.540237],[108.678458,33.546745],[108.668367,33.547414],[108.658326,33.543906],[108.652389,33.549133],[108.638969,33.549294],[108.636853,33.543408],[108.629431,33.537955],[108.628166,33.52905],[108.62705,33.517611],[108.63429,33.507412],[108.633782,33.502378],[108.621173,33.495008],[108.613709,33.48063],[108.605288,33.472144],[108.592727,33.469095],[108.58143,33.459135],[108.581013,33.453972],[108.592855,33.447926],[108.595556,33.44126],[108.593111,33.41745],[108.600838,33.408737],[108.587258,33.397981],[108.585457,33.390685],[108.575863,33.382025],[108.576472,33.351803],[108.571088,33.348989],[108.575562,33.335541],[108.571931,33.301054],[108.578874,33.297717],[108.594021,33.299562],[108.590381,33.302862],[108.612942,33.304046],[108.633309,33.312116],[108.641099,33.321025],[108.66757,33.316647],[108.673269,33.311979],[108.671063,33.305339],[108.697211,33.287521],[108.68452,33.277058],[108.664937,33.279706],[108.66333,33.274194],[108.655025,33.272205],[108.655032,33.264285],[108.646763,33.260972],[108.64015,33.247426],[108.626589,33.249872],[108.622221,33.244291],[108.607393,33.241163],[108.603782,33.236071],[108.607191,33.225823],[108.601485,33.210282],[108.588347,33.207833],[108.580977,33.202918],[108.581309,33.198316],[108.586974,33.197547],[108.589875,33.191772],[108.610169,33.182438],[108.621832,33.164514],[108.644159,33.156755],[108.634577,33.14961],[108.629965,33.152248],[108.598501,33.14791],[108.584699,33.154782],[108.558284,33.152162],[108.543442,33.147728],[108.532102,33.137339],[108.524511,33.137895],[108.519822,33.132867],[108.512306,33.13179],[108.510809,33.125379],[108.499458,33.126363],[108.490853,33.119252],[108.47518,33.120993],[108.47031,33.126465],[108.455861,33.12998],[108.440815,33.142232],[108.428324,33.142121],[108.422155,33.147838],[108.433793,33.147349],[108.441093,33.154215],[108.448506,33.152415],[108.440135,33.161534],[108.442894,33.167119],[108.43379,33.17512],[108.433273,33.185776],[108.438485,33.19783],[108.423543,33.202287],[108.411596,33.212212],[108.396622,33.214807],[108.392052,33.22388],[108.393281,33.227888],[108.402182,33.230033],[108.39857,33.233186],[108.369253,33.242822],[108.338568,33.222765],[108.325932,33.231845],[108.309038,33.235085],[108.296929,33.233189],[108.292291,33.237936],[108.283706,33.239187],[108.283049,33.24443],[108.279135,33.243052],[108.262908,33.252699],[108.244276,33.250085],[108.227786,33.251604],[108.215238,33.259145],[108.214734,33.263624],[108.200582,33.264296],[108.196565,33.270609],[108.206903,33.288905],[108.213535,33.293088],[108.217131,33.288528],[108.220129,33.290764],[108.214863,33.315031],[108.210469,33.310245],[108.207089,33.312709],[108.205792,33.316966],[108.210113,33.315627],[108.211474,33.321293],[108.202005,33.328469],[108.196534,33.33968],[108.186504,33.330138],[108.16847,33.327875],[108.162916,33.315364],[108.155604,33.311352],[108.112047,33.319893],[108.100319,33.315592],[108.086865,33.315161],[108.074962,33.30469],[108.069278,33.30483],[108.068252,33.31058],[108.071305,33.314238],[108.065646,33.313622],[108.067228,33.316114],[108.062856,33.325736],[108.052083,33.319857],[108.05834,33.306524],[108.054919,33.304906],[108.047458,33.306808],[108.047484,33.309675],[108.042235,33.309159],[108.038138,33.325957]]]}},{"type":"Feature","properties":{"id":"cn:610924","name":"紫阳县","level":2},"geometry":{"type":"MultiPolygon","coordinates":[[[[108.09773,32.382131],[108.105734,32.382345],[108.112593,32.387681],[108.123676,32.376598],[108.131017,32.377899],[108.130937,32.389486],[108.118577,32.398298],[108.118144,32.405429],[108.122531,32.407169],[108.111764,32.422712],[108.113159,32.43667],[108.121944,32.440496],[108.135761,32.441179],[108.181264,32.428556],[108.185375,32.433537],[108.178269,32.439459],[108.195548,32.439779],[108.213881,32.461229],[108.220175,32.465116],[108.227838,32.465188],[108.234241,32.473633],[108.249874,32.475355],[108.252466,32.482024],[108.25755,32.484623],[108.259399,32.493162],[108.278695,32.495563],[108.280232,32.50294],[108.270193,32.512199],[108.278365,32.524106],[108.257394,32.531266],[108.256584,32.538819],[108.250693,32.541517],[108.247458,32.54736],[108.246047,32.560575],[108.249043,32.565947],[108.244955,32.573458],[108.2305,32.577751],[108.207995,32.600744],[108.187115,32.606902],[108.182096,32.603813],[108.173236,32.613865],[108.186538,32.621411],[108.193071,32.618133],[108.219444,32.616321],[108.245231,32.605147],[108.259802,32.610145],[108.266164,32.621182],[108.264878,32.626771],[108.248336,32.644466],[108.263894,32.654031],[108.274705,32.643533],[108.285186,32.640035],[108.293236,32.643095],[108.314677,32.642705],[108.325125,32.665281],[108.330657,32.657069],[108.337179,32.655356],[108.349493,32.658681],[108.355914,32.65558],[108.362558,32.66063],[108.359738,32.671694],[108.365244,32.6861],[108.369867,32.688243],[108.375719,32.682851],[108.380496,32.690461],[108.387458,32.69402],[108.383623,32.695495],[108.389856,32.696744],[108.395291,32.692915],[108.392568,32.707844],[108.399673,32.7157],[108.399132,32.723771],[108.395761,32.726069],[108.40936,32.727493],[108.405472,32.733585],[108.409685,32.737312],[108.409068,32.744844],[108.413531,32.752855],[108.419542,32.748061],[108.420397,32.742144],[108.42725,32.743461],[108.435802,32.751932],[108.466296,32.757968],[108.487963,32.77931],[108.491454,32.788537],[108.500166,32.791934],[108.502664,32.801059],[108.507246,32.799391],[108.507295,32.794987],[108.527574,32.791086],[108.533143,32.782294],[108.542609,32.779284],[108.544059,32.775779],[108.534872,32.764714],[108.522983,32.757321],[108.511074,32.737856],[108.503508,32.73521],[108.508493,32.726337],[108.501522,32.718387],[108.507061,32.708637],[108.512575,32.706213],[108.51407,32.698447],[108.536023,32.689845],[108.550747,32.678637],[108.555483,32.678496],[108.556894,32.681388],[108.562057,32.679376],[108.569432,32.68613],[108.577702,32.683172],[108.577948,32.678852],[108.571006,32.677865],[108.574704,32.67346],[108.580624,32.678656],[108.588876,32.676692],[108.596124,32.680038],[108.602221,32.674974],[108.612496,32.674785],[108.617217,32.668311],[108.621824,32.669175],[108.623647,32.673636],[108.630233,32.671702],[108.635214,32.662971],[108.635289,32.651734],[108.622916,32.641973],[108.611669,32.649865],[108.612784,32.634181],[108.631067,32.627961],[108.63298,32.622988],[108.643076,32.616763],[108.652934,32.615444],[108.653685,32.610785],[108.658161,32.613446],[108.660019,32.622704],[108.673863,32.621629],[108.667273,32.608575],[108.653259,32.609591],[108.64735,32.605202],[108.654064,32.598137],[108.652081,32.591716],[108.658329,32.589136],[108.652445,32.582158],[108.645211,32.591359],[108.641652,32.590834],[108.64832,32.583579],[108.634423,32.567917],[108.629747,32.555243],[108.629265,32.544601],[108.634666,32.539268],[108.628098,32.531495],[108.624278,32.505969],[108.631655,32.502883],[108.636519,32.49628],[108.636378,32.489264],[108.644488,32.483498],[108.639878,32.476835],[108.632144,32.475079],[108.630587,32.468458],[108.637632,32.469383],[108.638295,32.464447],[108.644037,32.463244],[108.64269,32.457704],[108.637109,32.459334],[108.641793,32.456608],[108.637561,32.454648],[108.64033,32.449132],[108.644585,32.448937],[108.64209,32.443862],[108.646674,32.440701],[108.650253,32.444368],[108.655479,32.443229],[108.650358,32.434809],[108.656013,32.433885],[108.66223,32.42067],[108.656785,32.412623],[108.659702,32.407333],[108.658489,32.402027],[108.649012,32.396657],[108.649342,32.393476],[108.644801,32.391498],[108.644753,32.384541],[108.64039,32.380787],[108.64489,32.379791],[108.643578,32.374797],[108.6529,32.369498],[108.655706,32.363305],[108.658719,32.363628],[108.659257,32.356096],[108.666061,32.360023],[108.662834,32.356848],[108.66523,32.352886],[108.660455,32.351753],[108.660797,32.347162],[108.66485,32.344439],[108.65923,32.339834],[108.651055,32.320257],[108.6659,32.308434],[108.667283,32.302629],[108.678593,32.293908],[108.696803,32.268593],[108.705416,32.267473],[108.703308,32.262874],[108.711692,32.25751],[108.701278,32.247525],[108.693925,32.247476],[108.689348,32.241767],[108.685,32.227002],[108.677198,32.220442],[108.678765,32.212423],[108.66691,32.206862],[108.657988,32.207904],[108.654592,32.195587],[108.646742,32.192843],[108.640566,32.184477],[108.640362,32.173387],[108.651588,32.167717],[108.65726,32.158319],[108.655934,32.149862],[108.642047,32.131997],[108.631179,32.135213],[108.602316,32.157369],[108.588653,32.16164],[108.579704,32.174634],[108.538333,32.180884],[108.506137,32.20247],[108.501614,32.210477],[108.510008,32.221945],[108.502639,32.247897],[108.49829,32.250063],[108.488967,32.248101],[108.479879,32.2529],[108.47875,32.26327],[108.466285,32.272955],[108.461067,32.266429],[108.446112,32.261378],[108.429037,32.264936],[108.417153,32.262709],[108.410304,32.254539],[108.387405,32.2657],[108.377674,32.258639],[108.366052,32.255722],[108.344637,32.25656],[108.32725,32.235501],[108.307493,32.234371],[108.296712,32.239382],[108.283336,32.251591],[108.260663,32.259232],[108.246838,32.275211],[108.237429,32.277124],[108.226222,32.269783],[108.225215,32.26464],[108.216483,32.260482],[108.208601,32.260895],[108.207724,32.248882],[108.18946,32.23691],[108.188618,32.227765],[108.177246,32.223335],[108.169147,32.233529],[108.158149,32.23734],[108.15168,32.243358],[108.155634,32.247683],[108.174256,32.25191],[108.175482,32.256377],[108.171465,32.264081],[108.172237,32.268554],[108.177132,32.271477],[108.167029,32.28145],[108.166127,32.286],[108.144823,32.30188],[108.119134,32.329042],[108.118699,32.332636],[108.130404,32.339559],[108.111426,32.361086],[108.113329,32.363929],[108.102268,32.371208],[108.09773,32.382131]]],[[[108.646763,32.548502],[108.655497,32.55974],[108.660598,32.560564],[108.669473,32.55555],[108.665653,32.545407],[108.657412,32.543966],[108.646763,32.548502]]],[[[108.666877,32.54447],[108.67644,32.552946],[108.685066,32.553831],[108.678646,32.539735],[108.666877,32.54447]]]]}},{"type":"Feature","properties":{"id":"cn:610925","name":"岚皋县","level":2},"geometry":{"type":"Polygon","coordinates":[[[108.624278,32.505969],[108.628098,32.531495],[108.634666,32.539268],[108.630365,32.541588],[108.630828,32.548808],[108.646763,32.548502],[108.658079,32.543864],[108.665389,32.5455],[108.685067,32.536551],[108.689887,32.52552],[108.689919,32.507023],[108.695137,32.498834],[108.694054,32.507509],[108.696985,32.513404],[108.707643,32.502846],[108.72306,32.497253],[108.726751,32.479419],[108.735221,32.471135],[108.747851,32.46768],[108.754672,32.482252],[108.751863,32.498324],[108.76414,32.50748],[108.774162,32.505228],[108.787899,32.515405],[108.793272,32.514424],[108.796818,32.506356],[108.823717,32.50362],[108.829562,32.50526],[108.83646,32.516694],[108.858595,32.513969],[108.858775,32.518395],[108.864854,32.523621],[108.876488,32.519417],[108.884805,32.522654],[108.886446,32.51889],[108.880319,32.515616],[108.885561,32.513349],[108.885431,32.510082],[108.895729,32.506445],[108.888786,32.503182],[108.886485,32.491151],[108.879753,32.482528],[108.894093,32.47598],[108.892868,32.466657],[108.902635,32.450599],[108.896085,32.448198],[108.906237,32.442179],[108.908499,32.432234],[108.921445,32.422396],[108.922416,32.410293],[108.955461,32.393467],[108.95703,32.379968],[108.970938,32.369131],[108.987376,32.372433],[109.000866,32.366186],[109.015549,32.373784],[109.041297,32.373397],[109.047246,32.362151],[109.05954,32.352847],[109.066758,32.342746],[109.072735,32.341875],[109.081684,32.333379],[109.083374,32.326095],[109.075796,32.310976],[109.088436,32.285543],[109.080997,32.278427],[109.080194,32.265575],[109.097761,32.251116],[109.087005,32.24149],[109.088935,32.232853],[109.10451,32.226964],[109.126734,32.228696],[109.139519,32.221799],[109.165444,32.231345],[109.173734,32.226575],[109.171111,32.214872],[109.174815,32.207989],[109.151832,32.19666],[109.127378,32.169564],[109.106737,32.170292],[109.105463,32.162473],[109.108191,32.158299],[109.10479,32.147966],[109.102502,32.14757],[109.100605,32.154056],[109.082481,32.143731],[109.082387,32.131417],[109.086283,32.1257],[109.084504,32.115681],[109.074488,32.099946],[109.076469,32.088465],[109.06995,32.074587],[109.071205,32.066148],[109.063085,32.044696],[109.079762,32.033044],[109.093027,32.017404],[109.086724,32.013076],[109.078521,31.991688],[109.082661,31.987029],[109.084717,31.971457],[109.079615,31.968564],[109.079175,31.962193],[109.073214,31.955733],[109.063216,31.95361],[109.079446,31.939307],[109.077958,31.933261],[109.053905,31.944044],[109.034505,31.962783],[109.030815,31.960131],[109.026128,31.961477],[109.007986,31.972244],[108.994844,31.974689],[108.982127,31.982183],[108.973637,31.980395],[108.962378,31.985126],[108.949593,31.981534],[108.932674,31.991253],[108.898924,31.987114],[108.893248,31.989191],[108.881763,31.994682],[108.879368,32.000135],[108.864732,32.005103],[108.846555,32.029933],[108.833396,32.041117],[108.806061,32.049411],[108.784161,32.050512],[108.771704,32.057311],[108.763423,32.067722],[108.747494,32.075718],[108.746142,32.098289],[108.735187,32.106675],[108.721914,32.109023],[108.709745,32.105858],[108.670318,32.105712],[108.662515,32.114224],[108.649694,32.119766],[108.648852,32.125726],[108.641213,32.131946],[108.655934,32.149862],[108.65726,32.158319],[108.651588,32.167717],[108.640362,32.173387],[108.640566,32.184477],[108.646742,32.192843],[108.654592,32.195587],[108.657988,32.207904],[108.66691,32.206862],[108.678765,32.212423],[108.677198,32.220442],[108.685,32.227002],[108.689348,32.241767],[108.693925,32.247476],[108.701278,32.247525],[108.711811,32.258239],[108.703308,32.262874],[108.705416,32.267473],[108.696803,32.268593],[108.678593,32.293908],[108.667283,32.302629],[108.6659,32.308434],[108.651055,32.320257],[108.65923,32.339834],[108.66485,32.344439],[108.660797,32.347162],[108.660455,32.351753],[108.66523,32.352886],[108.662834,32.356848],[108.666061,32.360023],[108.659257,32.356096],[108.658719,32.363628],[108.655706,32.363305],[108.6529,32.369498],[108.643578,32.374797],[108.64489,32.379791],[108.64039,32.380787],[108.644753,32.384541],[108.644801,32.391498],[108.649342,32.393476],[108.649012,32.396657],[108.658489,32.402027],[108.659702,32.407333],[108.656785,32.412623],[108.66223,32.42067],[108.656013,32.433885],[108.650358,32.434809],[108.655479,32.443229],[108.650253,32.444368],[108.646674,32.440701],[108.64209,32.443862],[108.644585,32.448937],[108.64033,32.449132],[108.637561,32.454648],[108.641793,32.456608],[108.637109,32.459334],[108.64269,32.457704],[108.644037,32.463244],[108.638295,32.464447],[108.637632,32.469383],[108.630587,32.468458],[108.632144,32.475079],[108.639878,32.476835],[108.644488,32.483498],[108.636378,32.489264],[108.636519,32.49628],[108.631655,32.502883],[108.624278,32.505969]]]}},{"type":"Feature","properties":{"id":"cn:610926","name":"平利县","level":2},"geometry":{"type":"Polygon","coordinates":[[[108.982309,32.460984],[108.986011,32.463942],[108.995206,32.460605],[109.00927,32.461471],[109.015161,32.480888],[109.021309,32.48646],[109.011301,32.501315],[109.018455,32.507214],[109.023029,32.505234],[109.037751,32.520419],[109.043796,32.51313],[109.053463,32.523619],[109.05042,32.527828],[109.059333,32.526201],[109.063042,32.53173],[109.06744,32.529238],[109.071006,32.5232],[109.069763,32.515658],[109.075029,32.510685],[109.078277,32.519012],[109.087445,32.522871],[109.094252,32.530192],[109.0996,32.529338],[109.094088,32.544135],[109.101376,32.554879],[109.102496,32.56201],[109.109192,32.564774],[109.111549,32.569339],[109.104715,32.575821],[109.103676,32.589608],[109.10827,32.596975],[109.115987,32.601356],[109.126401,32.600896],[109.148573,32.587768],[109.150066,32.598522],[109.153882,32.601108],[109.161665,32.597264],[109.165014,32.601513],[109.175839,32.601854],[109.179341,32.62772],[109.184485,32.628669],[109.194714,32.625625],[109.206743,32.593366],[109.212431,32.594948],[109.217217,32.591175],[109.23684,32.600313],[109.24052,32.594356],[109.243107,32.594918],[109.253022,32.60405],[109.254164,32.598848],[109.271784,32.599442],[109.272591,32.594574],[109.27739,32.59327],[109.298951,32.605162],[109.318578,32.603829],[109.331467,32.595224],[109.344712,32.574077],[109.363449,32.580292],[109.374553,32.579745],[109.380165,32.577388],[109.385621,32.569548],[109.395013,32.568135],[109.399654,32.561452],[109.405865,32.563867],[109.410773,32.553992],[109.424874,32.550017],[109.434601,32.538891],[109.449082,32.534879],[109.457297,32.526421],[109.458318,32.505577],[109.470794,32.500198],[109.487269,32.504532],[109.497494,32.496931],[109.518974,32.49125],[109.527942,32.491979],[109.529984,32.488505],[109.547032,32.482408],[109.542548,32.457111],[109.536723,32.446635],[109.521975,32.435685],[109.524692,32.408036],[109.521394,32.402213],[109.506532,32.401332],[109.49773,32.391002],[109.496515,32.374017],[109.505986,32.353665],[109.507818,32.334702],[109.490421,32.302588],[109.497331,32.29179],[109.523789,32.27261],[109.543842,32.236752],[109.545569,32.227176],[109.55727,32.224987],[109.547424,32.216955],[109.540615,32.219391],[109.528774,32.209295],[109.520714,32.207305],[109.516597,32.197984],[109.509303,32.194485],[109.503869,32.187204],[109.489865,32.18462],[109.485571,32.186542],[109.480431,32.181935],[109.463381,32.181565],[109.454466,32.177464],[109.443638,32.181142],[109.420732,32.162597],[109.412276,32.163373],[109.393635,32.174853],[109.383344,32.166139],[109.383259,32.152009],[109.378465,32.150622],[109.37314,32.143286],[109.320076,32.131905],[109.321415,32.120097],[109.317992,32.114545],[109.327313,32.103008],[109.323454,32.096528],[109.326403,32.088834],[109.3249,32.078581],[109.333951,32.067924],[109.330706,32.064009],[109.332688,32.055436],[109.340492,32.041002],[109.358183,32.023723],[109.35862,32.018528],[109.349518,32.011273],[109.350978,32.008108],[109.340641,32.004618],[109.342366,31.989254],[109.33749,31.979882],[109.332762,31.978907],[109.343589,31.968105],[109.342003,31.963598],[109.345319,31.956294],[109.341072,31.954629],[109.346434,31.952533],[109.352022,31.934738],[109.34993,31.933347],[109.344655,31.940038],[109.331608,31.946084],[109.311937,31.948764],[109.289324,31.944251],[109.285073,31.946519],[109.28053,31.932036],[109.28215,31.924676],[109.271503,31.913244],[109.273762,31.907405],[109.270343,31.902941],[109.263193,31.901104],[109.259969,31.896626],[109.260413,31.890899],[109.238797,31.899416],[109.229068,31.895841],[109.222335,31.897405],[109.207112,31.884556],[109.214868,31.883146],[109.222522,31.875995],[109.221455,31.870972],[109.227598,31.864521],[109.224504,31.860303],[109.20921,31.860853],[109.205145,31.856801],[109.20673,31.849585],[109.19476,31.845674],[109.189395,31.848275],[109.185593,31.85268],[109.186044,31.857739],[109.162095,31.877392],[109.132859,31.89132],[109.118267,31.89495],[109.086271,31.924326],[109.077958,31.933261],[109.079446,31.939307],[109.063216,31.95361],[109.073214,31.955733],[109.079175,31.962193],[109.079615,31.968564],[109.084717,31.971457],[109.082661,31.987029],[109.078521,31.991688],[109.086724,32.013076],[109.093027,32.017404],[109.079762,32.033044],[109.063085,32.044696],[109.071205,32.066148],[109.06995,32.074587],[109.076469,32.088465],[109.074488,32.099946],[109.084504,32.115681],[109.086283,32.1257],[109.082387,32.131417],[109.082626,32.144143],[109.100605,32.154056],[109.102502,32.14757],[109.10479,32.147966],[109.108191,32.158299],[109.105463,32.162473],[109.106737,32.170292],[109.127378,32.169564],[109.151832,32.19666],[109.174815,32.207989],[109.171111,32.214872],[109.173734,32.226575],[109.165444,32.231345],[109.139519,32.221799],[109.126734,32.228696],[109.10451,32.226964],[109.088514,32.233334],[109.087005,32.24149],[109.097761,32.251116],[109.080194,32.265575],[109.080997,32.278427],[109.088436,32.285543],[109.075796,32.310976],[109.083268,32.330983],[109.047608,32.361771],[109.041297,32.373397],[109.015549,32.373784],[109.000866,32.366186],[108.987376,32.372433],[108.992725,32.376724],[108.99003,32.388919],[108.998892,32.411755],[108.995078,32.419117],[108.999068,32.447115],[108.989311,32.451663],[108.982309,32.460984]]]}},{"type":"Feature","properties":{"id":"cn:610927","name":"镇坪县","level":2},"geometry":{"type":"Polygon","coordinates":[[[109.186531,31.828464],[109.19476,31.845674],[109.20688,31.849732],[109.205145,31.856801],[109.20921,31.860853],[109.224504,31.860303],[109.227546,31.864329],[109.221455,31.870972],[109.222522,31.875995],[109.214868,31.883146],[109.207112,31.884556],[109.222335,31.897405],[109.229068,31.895841],[109.238797,31.899416],[109.260413,31.890899],[109.259969,31.896626],[109.263193,31.901104],[109.270343,31.902941],[109.273762,31.907405],[109.271503,31.913244],[109.28215,31.924676],[109.28053,31.932036],[109.284931,31.946428],[109.289324,31.944251],[109.311937,31.948764],[109.331608,31.946084],[109.344655,31.940038],[109.34993,31.933347],[109.352022,31.934738],[109.346434,31.952533],[109.341072,31.954629],[109.345319,31.956294],[109.342003,31.963598],[109.343589,31.968105],[109.332762,31.978907],[109.33749,31.979882],[109.342366,31.989254],[109.340641,32.004618],[109.350978,32.008108],[109.349518,32.011273],[109.35862,32.018528],[109.358183,32.023723],[109.340492,32.041002],[109.332688,32.055436],[109.330706,32.064009],[109.333951,32.067924],[109.3249,32.078581],[109.326403,32.088834],[109.323454,32.096528],[109.327313,32.103008],[109.317992,32.114545],[109.321415,32.120097],[109.320076,32.131905],[109.37314,32.143286],[109.378465,32.150622],[109.383259,32.152009],[109.383344,32.166139],[109.393635,32.174853],[109.412907,32.163094],[109.421777,32.162773],[109.443638,32.181142],[109.454466,32.177464],[109.463381,32.181565],[109.480431,32.181935],[109.485571,32.186542],[109.489865,32.18462],[109.503869,32.187204],[109.509303,32.194485],[109.516597,32.197984],[109.520714,32.207305],[109.528774,32.209295],[109.540615,32.219391],[109.547127,32.216843],[109.55727,32.224987],[109.569067,32.227608],[109.587939,32.221723],[109.599006,32.208053],[109.599518,32.201653],[109.585621,32.176526],[109.582331,32.163839],[109.584137,32.152203],[109.593529,32.132534],[109.604631,32.124366],[109.617531,32.105024],[109.610292,32.082604],[109.586185,32.05009],[109.582799,32.027633],[109.586184,32.015019],[109.59661,32.000003],[109.608276,31.992104],[109.620881,31.975355],[109.626488,31.964574],[109.626714,31.953346],[109.623155,31.940062],[109.615854,31.930915],[109.589708,31.925695],[109.580732,31.897985],[109.602756,31.883966],[109.633424,31.81333],[109.629083,31.806921],[109.614839,31.809012],[109.599769,31.806064],[109.58707,31.791192],[109.585142,31.779966],[109.589579,31.765969],[109.587964,31.754851],[109.600742,31.745409],[109.588805,31.739852],[109.580976,31.728981],[109.57463,31.731134],[109.563163,31.728404],[109.548614,31.732892],[109.498623,31.718633],[109.486019,31.723052],[109.471167,31.72201],[109.468319,31.716769],[109.456722,31.716772],[109.44904,31.724733],[109.420767,31.720706],[109.415133,31.722572],[109.408363,31.710628],[109.384404,31.707049],[109.29298,31.713405],[109.276731,31.718992],[109.274448,31.727355],[109.278293,31.743838],[109.265914,31.751426],[109.268084,31.753336],[109.266461,31.758725],[109.248797,31.762455],[109.24831,31.767885],[109.256262,31.770181],[109.258206,31.775374],[109.27641,31.779701],[109.270098,31.791285],[109.270837,31.801737],[109.250472,31.805164],[109.235047,31.813412],[109.22752,31.811546],[109.208745,31.819596],[109.190507,31.819723],[109.186531,31.828464]]]}},{"type":"Feature","properties":{"id":"cn:610929","name":"白河县","level":2},"geometry":{"type":"Polygon","coordinates":[[[109.631468,32.755854],[109.643465,32.754865],[109.658288,32.764666],[109.659686,32.772049],[109.649191,32.774394],[109.65243,32.780544],[109.643829,32.78446],[109.645352,32.794201],[109.654757,32.793616],[109.653371,32.799649],[109.647009,32.802923],[109.652912,32.816059],[109.663085,32.819455],[109.66673,32.816264],[109.672545,32.81703],[109.676341,32.821222],[109.666076,32.821987],[109.670231,32.832987],[109.664464,32.836509],[109.658564,32.834907],[109.660984,32.839726],[109.659046,32.841512],[109.649736,32.837751],[109.64711,32.842152],[109.649968,32.849243],[109.676062,32.846137],[109.682217,32.842119],[109.704486,32.855072],[109.7177,32.853909],[109.726059,32.859634],[109.732624,32.860149],[109.770525,32.853507],[109.781246,32.845905],[109.790615,32.853926],[109.806683,32.852147],[109.811704,32.866578],[109.803188,32.871848],[109.797997,32.879534],[109.82252,32.892885],[109.842816,32.895442],[109.853689,32.914264],[109.861554,32.915197],[109.878906,32.903951],[109.890469,32.906127],[109.908404,32.904385],[109.926403,32.88754],[109.98369,32.888285],[109.999263,32.875324],[110.02528,32.874112],[110.031373,32.86317],[110.046045,32.853845],[110.071254,32.847721],[110.099696,32.834417],[110.110885,32.824408],[110.117911,32.810856],[110.135621,32.810715],[110.136914,32.804757],[110.12569,32.790063],[110.122227,32.779674],[110.124605,32.773543],[110.134327,32.766896],[110.15161,32.770733],[110.15589,32.764644],[110.159371,32.732653],[110.14925,32.692101],[110.151914,32.68529],[110.173738,32.665401],[110.182696,32.648427],[110.201307,32.635106],[110.195604,32.6265],[110.179815,32.619496],[110.159936,32.595905],[110.148564,32.595185],[110.128147,32.614182],[110.118764,32.618774],[110.097244,32.621022],[110.084831,32.619125],[110.080065,32.615122],[110.079536,32.60663],[110.084553,32.59438],[110.078963,32.582791],[110.046342,32.560712],[110.023069,32.550534],[110.012549,32.54913],[109.990708,32.552952],[109.966194,32.579845],[109.956055,32.582574],[109.939891,32.579197],[109.919944,32.591072],[109.905698,32.595066],[109.87641,32.594328],[109.844553,32.58206],[109.812078,32.579623],[109.797339,32.582221],[109.753106,32.592015],[109.738862,32.598264],[109.720147,32.612767],[109.703564,32.639457],[109.665152,32.65076],[109.657686,32.663622],[109.64863,32.665692],[109.647604,32.669839],[109.651913,32.675972],[109.641917,32.69749],[109.643269,32.705795],[109.639097,32.714198],[109.640551,32.736137],[109.632247,32.747899],[109.631468,32.755854]]]}},{"type":"Feature","properties":{"id":"cn:610981","name":"旬阳市","level":2},"geometry":{"type":"Polygon","coordinates":[[[108.965626,33.162498],[108.973756,33.174839],[108.978454,33.174074],[108.985797,33.180186],[108.994784,33.172119],[108.999878,33.171562],[109.013084,33.175798],[109.01789,33.182774],[109.032204,33.183996],[109.036268,33.186644],[109.035782,33.193954],[109.04059,33.205137],[109.048031,33.20358],[109.059717,33.211049],[109.066323,33.205332],[109.065415,33.191781],[109.073613,33.19476],[109.078151,33.191812],[109.077047,33.189541],[109.091224,33.181548],[109.095243,33.186826],[109.105437,33.172944],[109.108018,33.163793],[109.119941,33.160309],[109.140727,33.15835],[109.141234,33.161945],[109.149299,33.164569],[109.154592,33.161003],[109.164313,33.160693],[109.169284,33.162741],[109.177686,33.17549],[109.181294,33.173422],[109.18363,33.177329],[109.192379,33.17463],[109.208253,33.184816],[109.208435,33.189594],[109.204823,33.191853],[109.212857,33.189391],[109.216171,33.192437],[109.23449,33.186719],[109.23857,33.179915],[109.251905,33.172133],[109.252763,33.163074],[109.260566,33.165852],[109.272753,33.163169],[109.276307,33.171839],[109.28862,33.170098],[109.291365,33.166488],[109.301528,33.170838],[109.309152,33.164383],[109.320727,33.162322],[109.32511,33.158182],[109.323032,33.152026],[109.3262,33.146833],[109.325061,33.141541],[109.333603,33.129994],[109.344563,33.131054],[109.359069,33.137552],[109.369375,33.149108],[109.389102,33.151871],[109.411048,33.147222],[109.422264,33.150349],[109.42796,33.147456],[109.436771,33.151348],[109.463369,33.142029],[109.508976,33.142174],[109.540313,33.130221],[109.555442,33.127667],[109.571328,33.112295],[109.587353,33.121673],[109.597074,33.110256],[109.609071,33.110583],[109.628359,33.120047],[109.661249,33.116814],[109.683037,33.118545],[109.689427,33.115509],[109.699148,33.103851],[109.756475,33.081763],[109.762949,33.076433],[109.786317,33.071772],[109.790831,33.060207],[109.785562,33.040133],[109.780303,32.989452],[109.770144,32.962289],[109.768043,32.937946],[109.759242,32.911325],[109.767875,32.905599],[109.784816,32.884586],[109.797997,32.879534],[109.803188,32.871848],[109.811562,32.866979],[109.807681,32.853028],[109.801667,32.850965],[109.790615,32.853926],[109.781246,32.845905],[109.770525,32.853507],[109.732624,32.860149],[109.726059,32.859634],[109.7177,32.853909],[109.704486,32.855072],[109.682217,32.842119],[109.676062,32.846137],[109.649968,32.849243],[109.64711,32.842152],[109.649736,32.837751],[109.659046,32.841512],[109.660984,32.839726],[109.658564,32.834907],[109.664464,32.836509],[109.670231,32.832987],[109.666076,32.821987],[109.676341,32.821222],[109.672545,32.81703],[109.66673,32.816264],[109.663085,32.819455],[109.652912,32.816059],[109.647009,32.802923],[109.653371,32.799649],[109.654757,32.793616],[109.645352,32.794201],[109.643829,32.78446],[109.65243,32.780544],[109.649191,32.774394],[109.659686,32.772049],[109.658288,32.764666],[109.643465,32.754865],[109.631468,32.755854],[109.632247,32.747899],[109.640551,32.736137],[109.639097,32.714198],[109.643269,32.705795],[109.641917,32.69749],[109.651913,32.675972],[109.647604,32.669839],[109.64863,32.665692],[109.657686,32.663622],[109.665152,32.65076],[109.703564,32.639457],[109.70473,32.634049],[109.724057,32.608573],[109.710776,32.611327],[109.692512,32.606029],[109.620004,32.599936],[109.614474,32.59543],[109.611133,32.583428],[109.615187,32.569789],[109.628519,32.554348],[109.631931,32.543445],[109.624969,32.53386],[109.613294,32.527122],[109.582713,32.518489],[109.573442,32.512734],[109.570881,32.508767],[109.571185,32.494113],[109.56076,32.483513],[109.547904,32.479485],[109.546424,32.482835],[109.529984,32.488505],[109.527942,32.491979],[109.506117,32.494123],[109.487269,32.504532],[109.470794,32.500198],[109.458318,32.505577],[109.457361,32.526183],[109.451802,32.532518],[109.434601,32.538891],[109.424874,32.550017],[109.410773,32.553992],[109.405865,32.563867],[109.399854,32.561358],[109.395013,32.568135],[109.385621,32.569548],[109.381213,32.574219],[109.379882,32.577584],[109.384521,32.586705],[109.380577,32.600968],[109.38301,32.611755],[109.365639,32.611861],[109.368254,32.621298],[109.361557,32.623039],[109.355996,32.631154],[109.344136,32.637392],[109.330155,32.634069],[109.314544,32.64356],[109.306361,32.6449],[109.300718,32.642429],[109.302118,32.649762],[109.298901,32.651863],[109.30535,32.654515],[109.301736,32.659816],[109.290569,32.660763],[109.282649,32.668922],[109.280652,32.665787],[109.267248,32.672768],[109.264579,32.681909],[109.244732,32.673679],[109.243855,32.684161],[109.237333,32.688161],[109.238264,32.696113],[109.230059,32.697915],[109.230948,32.700361],[109.226052,32.700898],[109.214441,32.711433],[109.216987,32.724264],[109.223612,32.724329],[109.219674,32.735048],[109.221114,32.741274],[109.230028,32.741665],[109.235495,32.752919],[109.231637,32.752415],[109.232794,32.759444],[109.22345,32.764263],[109.200161,32.767651],[109.183641,32.774742],[109.182959,32.778193],[109.187001,32.777162],[109.189632,32.782098],[109.18464,32.785835],[109.183147,32.79539],[109.178943,32.799332],[109.180852,32.802151],[109.192654,32.798263],[109.199134,32.801058],[109.198163,32.809606],[109.188103,32.813501],[109.189151,32.816514],[109.203288,32.819025],[109.216242,32.827971],[109.21902,32.833268],[109.211104,32.839373],[109.206365,32.849255],[109.198797,32.844234],[109.200925,32.851088],[109.191791,32.849046],[109.189238,32.855806],[109.181875,32.859923],[109.177318,32.857618],[109.159628,32.867883],[109.152533,32.876241],[109.138748,32.875967],[109.135071,32.880246],[109.124878,32.875351],[109.118337,32.881336],[109.108457,32.88302],[109.102868,32.896927],[109.096563,32.900925],[109.102078,32.918543],[109.094924,32.920075],[109.093924,32.925514],[109.08718,32.928791],[109.091089,32.939171],[109.063815,32.952207],[109.051054,32.962888],[109.04037,32.965777],[109.041777,32.982037],[109.027999,32.993492],[109.026183,33.001082],[109.020024,33.00167],[109.007295,33.012979],[108.99844,33.014294],[109.009482,33.021132],[109.027515,33.023776],[108.998843,33.039226],[109.005318,33.046608],[109.001403,33.050935],[109.003015,33.056229],[108.991706,33.064728],[108.99358,33.072404],[108.98929,33.078471],[108.991473,33.08461],[108.984259,33.091499],[108.992365,33.09903],[108.982603,33.129223],[108.985014,33.137221],[108.970175,33.151957],[108.965626,33.162498]]]}},{"type":"Feature","properties":{"id":"cn:6110","name":"商洛市","level":1},"geometry":{"type":"Polygon","coordinates":[[[111.015184,33.452452],[110.99113,33.437639],[111.005758,33.40901],[111.005393,33.400529],[111.01173,33.386659],[111.030008,33.372363],[111.031152,33.368298],[111.017736,33.350789],[111.023777,33.338059],[111.02034,33.332047],[111.00704,33.329674],[111.001772,33.325444],[110.998275,33.318506],[111.002328,33.305422],[110.992904,33.303171],[110.990882,33.287809],[110.984816,33.281282],[110.985114,33.276645],[110.977508,33.272695],[110.991455,33.25653],[110.988692,33.252662],[110.981375,33.257232],[110.969678,33.258703],[110.955614,33.254613],[110.950868,33.243224],[110.937704,33.236839],[110.940614,33.230578],[110.93615,33.223888],[110.916321,33.205983],[110.908072,33.208152],[110.897718,33.206363],[110.876503,33.214024],[110.860044,33.216034],[110.851735,33.207788],[110.825215,33.204462],[110.815655,33.193482],[110.812,33.179151],[110.819493,33.161842],[110.814739,33.154667],[110.808743,33.154587],[110.803913,33.163595],[110.789723,33.151783],[110.760511,33.154277],[110.740156,33.148875],[110.722473,33.135725],[110.716682,33.127601],[110.712542,33.118822],[110.714625,33.10145],[110.705718,33.097619],[110.69722,33.09907],[110.66611,33.129873],[110.652309,33.156188],[110.645946,33.159502],[110.618723,33.14593],[110.596049,33.156492],[110.589105,33.170561],[110.591449,33.185039],[110.588871,33.209045],[110.579905,33.227428],[110.576685,33.24546],[110.572647,33.252483],[110.558872,33.256798],[110.535877,33.257491],[110.528577,33.254596],[110.52355,33.248544],[110.522639,33.232257],[110.503815,33.223307],[110.487496,33.203836],[110.480223,33.201077],[110.481826,33.199038],[110.47645,33.200763],[110.476453,33.192317],[110.472633,33.192502],[110.463102,33.182757],[110.46722,33.180975],[110.465749,33.17316],[110.445351,33.181244],[110.416927,33.171903],[110.392954,33.17878],[110.392062,33.176168],[110.390806,33.178572],[110.384246,33.177062],[110.384848,33.179246],[110.368625,33.177851],[110.366017,33.181644],[110.370302,33.181168],[110.372203,33.185532],[110.368017,33.184306],[110.366284,33.188247],[110.364756,33.184034],[110.356319,33.183366],[110.348597,33.174582],[110.331574,33.171742],[110.33563,33.169029],[110.329503,33.16546],[110.332512,33.16194],[110.30147,33.170674],[110.280372,33.172921],[110.24519,33.162068],[110.227205,33.160981],[110.213142,33.165019],[110.199253,33.180744],[110.189083,33.186806],[110.183536,33.187696],[110.180452,33.184828],[110.177491,33.190265],[110.179848,33.191501],[110.173702,33.199492],[110.159757,33.211009],[110.13744,33.208203],[110.125313,33.203342],[110.097622,33.20591],[110.072275,33.203709],[110.047127,33.195555],[110.025877,33.193676],[110.012779,33.201378],[110.007005,33.210408],[110.001164,33.213475],[109.994019,33.214443],[109.978125,33.207417],[109.963126,33.206821],[109.929237,33.222255],[109.924142,33.227403],[109.847067,33.249758],[109.79369,33.236244],[109.757823,33.237608],[109.727371,33.233143],[109.712797,33.235277],[109.696373,33.243089],[109.687952,33.256158],[109.67093,33.25776],[109.654255,33.25044],[109.647684,33.250722],[109.644837,33.253626],[109.64284,33.270067],[109.63133,33.277547],[109.615201,33.277337],[109.602502,33.266221],[109.601963,33.238023],[109.595808,33.234415],[109.582787,33.231768],[109.552293,33.24238],[109.532484,33.245497],[109.509203,33.239567],[109.502111,33.232267],[109.500731,33.21871],[109.493187,33.2091],[109.476806,33.201989],[109.459585,33.174689],[109.433673,33.153779],[109.436771,33.151348],[109.42796,33.147456],[109.422264,33.150349],[109.411048,33.147222],[109.389102,33.151871],[109.369375,33.149108],[109.359069,33.137552],[109.344563,33.131054],[109.333603,33.129994],[109.325061,33.141541],[109.3262,33.146833],[109.323032,33.152026],[109.32511,33.158182],[109.320727,33.162322],[109.309152,33.164383],[109.301528,33.170838],[109.291365,33.166488],[109.28862,33.170098],[109.276307,33.171839],[109.272753,33.163169],[109.260566,33.165852],[109.252763,33.163074],[109.251905,33.172133],[109.23857,33.179915],[109.23449,33.186719],[109.216171,33.192437],[109.212857,33.189391],[109.204823,33.191853],[109.208435,33.189594],[109.208253,33.184816],[109.192379,33.17463],[109.18363,33.177329],[109.181294,33.173422],[109.177686,33.17549],[109.167683,33.161892],[109.155273,33.160849],[109.149299,33.164569],[109.141234,33.161945],[109.140727,33.15835],[109.126363,33.159091],[109.108018,33.163793],[109.105437,33.172944],[109.095243,33.186826],[109.091224,33.181548],[109.077047,33.189541],[109.078151,33.191812],[109.073613,33.19476],[109.065415,33.191781],[109.066323,33.205332],[109.057957,33.211081],[109.048535,33.203751],[109.043242,33.206587],[109.040083,33.204606],[109.036268,33.186644],[109.032204,33.183996],[109.01789,33.182774],[109.013084,33.175798],[109.000101,33.171583],[108.994784,33.172119],[108.985797,33.180186],[108.978454,33.174074],[108.973756,33.174839],[108.965626,33.162498],[108.970521,33.152472],[108.967726,33.138549],[108.954835,33.136256],[108.954009,33.131237],[108.950065,33.128891],[108.944675,33.127689],[108.936022,33.132524],[108.927341,33.126841],[108.927293,33.137158],[108.921859,33.138282],[108.916041,33.152709],[108.90967,33.155037],[108.89717,33.150991],[108.893996,33.156276],[108.887454,33.157645],[108.884738,33.164853],[108.875453,33.16532],[108.877187,33.174184],[108.867816,33.182375],[108.866965,33.187112],[108.85975,33.188837],[108.860783,33.191731],[108.854206,33.197452],[108.842182,33.199912],[108.839404,33.212272],[108.818226,33.221204],[108.818228,33.230929],[108.804909,33.238688],[108.799807,33.252156],[108.778265,33.257618],[108.766127,33.267449],[108.748125,33.274437],[108.739896,33.282646],[108.731581,33.284494],[108.722583,33.27784],[108.720061,33.271463],[108.707299,33.268397],[108.695452,33.276713],[108.686367,33.277591],[108.689109,33.282988],[108.696413,33.285077],[108.696827,33.289341],[108.671063,33.305339],[108.673299,33.311879],[108.67039,33.314488],[108.65932,33.318701],[108.638897,33.32105],[108.632487,33.311689],[108.612942,33.304046],[108.590245,33.302807],[108.593212,33.299363],[108.578667,33.297735],[108.572212,33.30071],[108.570967,33.305813],[108.575135,33.316472],[108.573295,33.327039],[108.575562,33.335541],[108.571088,33.348989],[108.576472,33.351803],[108.575863,33.382025],[108.585457,33.390685],[108.587258,33.397981],[108.600838,33.408737],[108.593111,33.41745],[108.595556,33.44126],[108.592855,33.447926],[108.581013,33.453972],[108.58143,33.459135],[108.592727,33.469095],[108.605288,33.472144],[108.613709,33.48063],[108.621173,33.495008],[108.633782,33.502378],[108.63429,33.507412],[108.627058,33.518379],[108.629431,33.537955],[108.636853,33.543408],[108.638282,33.548887],[108.652389,33.549133],[108.658326,33.543906],[108.668367,33.547414],[108.678458,33.546745],[108.680368,33.540237],[108.686966,33.539219],[108.698099,33.529381],[108.710359,33.535037],[108.722541,33.532376],[108.726818,33.53519],[108.734741,33.528725],[108.737788,33.533986],[108.751064,33.539792],[108.746942,33.539643],[108.741138,33.545721],[108.760598,33.545816],[108.765839,33.555083],[108.775834,33.560325],[108.779686,33.579],[108.792773,33.584875],[108.799249,33.605262],[108.81079,33.61458],[108.81939,33.613494],[108.823469,33.617589],[108.810467,33.635491],[108.797045,33.633444],[108.789881,33.63732],[108.785147,33.647424],[108.78697,33.653506],[108.794512,33.657041],[108.801714,33.652515],[108.822845,33.648869],[108.849555,33.667219],[108.855498,33.683951],[108.869588,33.688292],[108.879065,33.700331],[108.892146,33.697804],[108.897817,33.687758],[108.907876,33.685624],[108.914798,33.679706],[108.925444,33.682485],[108.928739,33.701977],[108.939278,33.713467],[108.937265,33.716723],[108.94189,33.726962],[108.940222,33.735549],[108.946142,33.743219],[108.934655,33.754285],[108.933829,33.763049],[108.921918,33.76485],[108.912738,33.77182],[108.905961,33.782163],[108.893517,33.778338],[108.881908,33.778527],[108.875364,33.781837],[108.864307,33.776872],[108.829064,33.779852],[108.824273,33.787546],[108.829862,33.790026],[108.831715,33.796187],[108.827868,33.803573],[108.835358,33.809836],[108.835441,33.817602],[108.838453,33.816791],[108.841699,33.823192],[108.849685,33.828208],[108.859816,33.823244],[108.868331,33.825161],[108.879764,33.834228],[108.900944,33.843421],[108.908662,33.850389],[108.910119,33.864577],[108.913721,33.870241],[108.939651,33.868357],[108.959407,33.878125],[108.972853,33.875893],[108.984668,33.878534],[108.991439,33.884916],[109.003114,33.884808],[109.03038,33.905925],[109.038462,33.921979],[109.043965,33.924699],[109.057636,33.919408],[109.061995,33.915514],[109.06104,33.910777],[109.06545,33.908033],[109.079616,33.911733],[109.089638,33.908026],[109.102563,33.90899],[109.112112,33.901091],[109.115455,33.877858],[109.126435,33.878546],[109.133658,33.874216],[109.140819,33.877391],[109.151193,33.877617],[109.157052,33.872424],[109.167781,33.875974],[109.181166,33.875659],[109.193805,33.868936],[109.208284,33.867988],[109.214465,33.869099],[109.226513,33.879726],[109.24009,33.878327],[109.24871,33.881991],[109.282329,33.873055],[109.294743,33.85802],[109.311809,33.856121],[109.325897,33.864839],[109.333918,33.863641],[109.350723,33.869016],[109.373206,33.854181],[109.388319,33.854466],[109.393788,33.846807],[109.435706,33.845262],[109.443875,33.840102],[109.450055,33.846525],[109.456566,33.845671],[109.465029,33.853213],[109.503431,33.849541],[109.508796,33.857855],[109.530853,33.862475],[109.535141,33.877128],[109.545757,33.880487],[109.558361,33.89381],[109.571165,33.899402],[109.589013,33.899365],[109.593995,33.914818],[109.592389,33.930304],[109.598794,33.938659],[109.596225,33.945538],[109.587744,33.946686],[109.577796,33.955328],[109.55804,33.962394],[109.528282,33.982611],[109.53474,33.991668],[109.531216,33.997495],[109.535383,34.000627],[109.540825,34.015844],[109.540712,34.027348],[109.556198,34.035448],[109.548403,34.044391],[109.548559,34.050222],[109.559548,34.057449],[109.561831,34.066058],[109.57112,34.067417],[109.579271,34.073769],[109.629348,34.077258],[109.631883,34.087464],[109.647673,34.092759],[109.653827,34.107105],[109.667508,34.101511],[109.688106,34.109684],[109.693506,34.115667],[109.700607,34.105571],[109.710919,34.10739],[109.723384,34.09813],[109.73276,34.098175],[109.735355,34.100246],[109.737395,34.12429],[109.754079,34.131699],[109.77689,34.162361],[109.790207,34.161333],[109.783913,34.154093],[109.785128,34.146146],[109.799269,34.154965],[109.808192,34.149221],[109.81644,34.153833],[109.817108,34.157266],[109.80656,34.167927],[109.79413,34.162376],[109.772888,34.184839],[109.762046,34.187307],[109.752481,34.185256],[109.740249,34.188976],[109.755953,34.210915],[109.74932,34.213688],[109.749542,34.218016],[109.742609,34.22498],[109.742099,34.233529],[109.737499,34.238662],[109.746653,34.244765],[109.750516,34.252404],[109.769097,34.254143],[109.786308,34.230182],[109.797228,34.225034],[109.791755,34.231118],[109.7942,34.237704],[109.786907,34.266868],[109.806008,34.272782],[109.810836,34.28337],[109.825647,34.290718],[109.830359,34.283542],[109.838471,34.281295],[109.849483,34.266862],[109.871133,34.271585],[109.880541,34.256461],[109.878146,34.2494],[109.881815,34.245454],[109.900657,34.240593],[109.915164,34.229924],[109.92024,34.234883],[109.933059,34.23472],[109.94148,34.243217],[109.950606,34.244585],[109.949324,34.228997],[109.94292,34.222766],[109.955944,34.210713],[109.968446,34.211528],[109.984888,34.223323],[109.992164,34.222778],[109.998553,34.23162],[110.006052,34.235377],[110.013592,34.233664],[110.019089,34.240817],[110.009061,34.246502],[110.012946,34.251355],[110.013003,34.263283],[110.003379,34.282941],[110.005908,34.291568],[110.001934,34.306299],[110.006966,34.309365],[110.013738,34.303541],[110.029756,34.304035],[110.02987,34.307214],[110.035658,34.309505],[110.036353,34.317263],[110.035251,34.323878],[110.028113,34.327498],[110.026235,34.336806],[110.017959,34.338785],[110.013572,34.351495],[110.00795,34.356123],[110.002032,34.369032],[110.00807,34.375019],[110.012488,34.374904],[110.014457,34.379505],[110.027383,34.377101],[110.038249,34.384074],[110.041067,34.390634],[110.054078,34.399654],[110.054506,34.414156],[110.069032,34.414961],[110.078285,34.42087],[110.084163,34.419855],[110.098933,34.429905],[110.107678,34.431936],[110.12619,34.427943],[110.135802,34.433356],[110.157685,34.432719],[110.170071,34.427415],[110.172651,34.421955],[110.188383,34.415363],[110.213847,34.414505],[110.229445,34.406898],[110.24428,34.407827],[110.278383,34.392532],[110.304994,34.394628],[110.31481,34.400812],[110.325524,34.396126],[110.345508,34.400537],[110.372256,34.398824],[110.379773,34.407696],[110.391991,34.411193],[110.411049,34.406871],[110.425498,34.410613],[110.451288,34.403163],[110.461991,34.410981],[110.470532,34.410382],[110.46864,34.392967],[110.481922,34.35922],[110.497374,34.346553],[110.495846,34.324139],[110.49279,34.321438],[110.481922,34.321204],[110.469231,34.324787],[110.461775,34.308661],[110.448901,34.295796],[110.42306,34.289188],[110.421003,34.27732],[110.428519,34.272473],[110.436983,34.257024],[110.432574,34.246832],[110.440152,34.242602],[110.484388,34.233702],[110.50477,34.218045],[110.516871,34.221334],[110.544484,34.215666],[110.55201,34.194959],[110.583963,34.191876],[110.582609,34.180302],[110.616628,34.179039],[110.620213,34.174163],[110.631316,34.169579],[110.636775,34.162472],[110.633954,34.152486],[110.619093,34.13959],[110.623382,34.133599],[110.613043,34.125667],[110.608877,34.115359],[110.586664,34.103314],[110.590049,34.066403],[110.583102,34.063051],[110.584933,34.056605],[110.580753,34.054094],[110.584914,34.052552],[110.58406,34.046557],[110.57689,34.044465],[110.584641,34.040251],[110.581378,34.026256],[110.583496,34.024728],[110.606968,34.025917],[110.610579,34.027973],[110.610415,34.035869],[110.619027,34.035488],[110.626634,34.026425],[110.622597,34.021201],[110.629583,34.017736],[110.633051,34.007715],[110.64439,33.993915],[110.64465,33.973192],[110.666742,33.96745],[110.667646,33.957096],[110.671647,33.95084],[110.664303,33.940853],[110.645329,33.938357],[110.634634,33.934068],[110.628228,33.927489],[110.620884,33.926269],[110.618393,33.92063],[110.622742,33.915094],[110.622473,33.91007],[110.605442,33.909469],[110.586405,33.901845],[110.58276,33.887498],[110.591753,33.880741],[110.59486,33.87312],[110.607438,33.870167],[110.608064,33.852412],[110.623046,33.847249],[110.630806,33.849393],[110.639617,33.846633],[110.66197,33.854254],[110.679652,33.840376],[110.706171,33.835925],[110.71848,33.818316],[110.720598,33.809269],[110.735928,33.800339],[110.748263,33.801017],[110.760125,33.796546],[110.768589,33.799131],[110.776757,33.797605],[110.778753,33.783947],[110.785273,33.778322],[110.793701,33.777087],[110.80213,33.758846],[110.811826,33.752737],[110.812314,33.735784],[110.826767,33.715516],[110.817574,33.691091],[110.8278,33.679459],[110.832617,33.668547],[110.852383,33.659516],[110.873502,33.636384],[110.890829,33.635709],[110.901115,33.629686],[110.93542,33.621785],[110.94746,33.610094],[110.961088,33.610886],[110.998068,33.580265],[111.0043,33.562112],[110.998041,33.549688],[110.997929,33.534707],[111.013788,33.5224],[111.020949,33.501332],[111.021608,33.471109],[111.015184,33.452452]],[[111.014339,33.470605],[111.017239,33.476658],[111.014796,33.4798],[111.012659,33.478645],[111.014339,33.470605]],[[109.161532,33.798929],[109.168893,33.812643],[109.152877,33.814133],[109.142192,33.80071],[109.148937,33.792561],[109.161532,33.798929]],[[109.176317,33.807004],[109.180726,33.813773],[109.172418,33.812673],[109.176317,33.807004]]]}},{"type":"Feature","properties":{"id":"cn:611002","name":"商州区","level":2},"geometry":{"type":"Polygon","coordinates":[[[109.501892,33.848977],[109.508796,33.857855],[109.530853,33.862475],[109.535141,33.877128],[109.545757,33.880487],[109.558361,33.89381],[109.571165,33.899402],[109.588057,33.898506],[109.593665,33.913151],[109.592389,33.930304],[109.598794,33.938659],[109.596225,33.945538],[109.587744,33.946686],[109.577796,33.955328],[109.55804,33.962394],[109.528282,33.982611],[109.53474,33.991668],[109.531216,33.997495],[109.535383,34.000627],[109.540825,34.015844],[109.540712,34.027348],[109.556198,34.035448],[109.548403,34.044391],[109.548559,34.050222],[109.559548,34.057449],[109.561831,34.066058],[109.57112,34.067417],[109.579271,34.073769],[109.629348,34.077258],[109.631883,34.087464],[109.647673,34.092759],[109.653827,34.107105],[109.667508,34.101511],[109.688106,34.109684],[109.693506,34.115667],[109.700607,34.105571],[109.710919,34.10739],[109.723384,34.09813],[109.73276,34.098175],[109.735355,34.100246],[109.737395,34.12429],[109.754079,34.131699],[109.77689,34.162361],[109.790207,34.161333],[109.783913,34.154093],[109.785128,34.146146],[109.799269,34.154965],[109.807576,34.149277],[109.815753,34.153143],[109.817108,34.157266],[109.805404,34.16787],[109.805502,34.171328],[109.813537,34.182323],[109.821463,34.186228],[109.828079,34.183684],[109.840424,34.186903],[109.845102,34.181904],[109.855385,34.181711],[109.872163,34.171261],[109.889052,34.168242],[109.894248,34.162382],[109.905528,34.165182],[109.908104,34.155969],[109.934479,34.151307],[109.940538,34.14593],[109.946721,34.124204],[109.956514,34.113362],[109.957329,34.107398],[109.963493,34.104062],[109.964674,34.096592],[109.973524,34.100044],[109.977685,34.091589],[109.983144,34.092621],[109.98646,34.087565],[109.991583,34.088993],[109.990749,34.085132],[109.993624,34.08531],[109.996132,34.076712],[110.003742,34.07576],[110.00855,34.057849],[110.018509,34.039357],[110.014275,34.032306],[110.017115,34.019009],[110.011855,34.013423],[110.012769,34.007103],[110.034244,33.993713],[110.039766,33.978613],[110.039498,33.97082],[110.051292,33.964096],[110.053646,33.958043],[110.072775,33.948565],[110.077277,33.949453],[110.09452,33.959192],[110.095443,33.972957],[110.110796,33.976502],[110.113075,33.981518],[110.129482,33.978258],[110.150569,33.990209],[110.160438,33.9903],[110.165163,33.985375],[110.174378,33.985436],[110.175921,33.975743],[110.182837,33.972552],[110.193583,33.970073],[110.207265,33.97209],[110.210248,33.967115],[110.215724,33.973996],[110.230381,33.979539],[110.238612,33.971525],[110.237046,33.967071],[110.241917,33.952976],[110.240475,33.945338],[110.235533,33.944133],[110.229039,33.931694],[110.236023,33.929561],[110.236582,33.923877],[110.241746,33.920725],[110.241413,33.915186],[110.248909,33.908479],[110.247056,33.899468],[110.238868,33.898078],[110.232625,33.874465],[110.221936,33.869703],[110.214917,33.859402],[110.214655,33.857004],[110.224563,33.853524],[110.22396,33.849013],[110.21799,33.844598],[110.218605,33.827374],[110.205788,33.822387],[110.198042,33.824749],[110.19302,33.819291],[110.179239,33.818513],[110.174326,33.813211],[110.18142,33.789435],[110.188359,33.783517],[110.188286,33.764399],[110.183422,33.757723],[110.181716,33.741118],[110.17257,33.728102],[110.177607,33.723545],[110.176751,33.718938],[110.165564,33.710446],[110.159205,33.697752],[110.161383,33.694089],[110.158015,33.68968],[110.160391,33.684645],[110.157383,33.678958],[110.147917,33.677442],[110.129825,33.660634],[110.123213,33.659235],[110.094893,33.670479],[110.093354,33.683874],[110.070966,33.692047],[110.066238,33.690218],[110.056965,33.697036],[110.048972,33.69343],[110.039294,33.695441],[110.023019,33.705933],[110.011162,33.704974],[110.010406,33.700676],[110.002413,33.700323],[109.994399,33.694707],[109.988685,33.699637],[109.98567,33.698127],[109.983913,33.701379],[109.978035,33.700333],[109.976367,33.703041],[109.970532,33.69899],[109.954023,33.700824],[109.943011,33.698743],[109.935464,33.684583],[109.924678,33.681877],[109.918009,33.666482],[109.912797,33.663067],[109.916505,33.656347],[109.915976,33.645479],[109.901817,33.637431],[109.895395,33.643593],[109.879168,33.641547],[109.857772,33.658104],[109.852738,33.657821],[109.850841,33.652201],[109.857029,33.639339],[109.836382,33.644224],[109.833547,33.638426],[109.824268,33.638384],[109.826032,33.650637],[109.819643,33.659506],[109.817619,33.671104],[109.797879,33.662629],[109.785528,33.669467],[109.764437,33.703813],[109.740359,33.698033],[109.734875,33.698553],[109.728853,33.704764],[109.71686,33.701988],[109.704647,33.69162],[109.699616,33.693047],[109.692319,33.68862],[109.663311,33.689655],[109.648821,33.674102],[109.610348,33.680974],[109.592983,33.67161],[109.580035,33.697313],[109.587791,33.707562],[109.587486,33.713291],[109.594974,33.717679],[109.596195,33.72183],[109.58717,33.732272],[109.585793,33.754742],[109.570319,33.759456],[109.575395,33.772429],[109.592865,33.786586],[109.587717,33.789568],[109.585203,33.800158],[109.572621,33.802621],[109.560847,33.794554],[109.557705,33.799538],[109.547386,33.799299],[109.534944,33.807524],[109.520486,33.810569],[109.51605,33.831325],[109.501892,33.848977]]]}},{"type":"Feature","properties":{"id":"cn:611021","name":"洛南县","level":2},"geometry":{"type":"Polygon","coordinates":[[[109.737499,34.238662],[109.746653,34.244765],[109.750516,34.252404],[109.767412,34.255026],[109.786308,34.230182],[109.797228,34.225034],[109.791755,34.231118],[109.7942,34.237704],[109.786907,34.266868],[109.806008,34.272782],[109.810836,34.28337],[109.825647,34.290718],[109.830359,34.283542],[109.838471,34.281295],[109.849483,34.266862],[109.871133,34.271585],[109.880541,34.256461],[109.878146,34.2494],[109.881815,34.245454],[109.900657,34.240593],[109.915164,34.229924],[109.92024,34.234883],[109.933059,34.23472],[109.94148,34.243217],[109.950606,34.244585],[109.949324,34.228997],[109.94292,34.222766],[109.955944,34.210713],[109.968446,34.211528],[109.984888,34.223323],[109.992164,34.222778],[109.998553,34.23162],[110.005557,34.235196],[110.013592,34.233664],[110.019089,34.240817],[110.009061,34.246502],[110.012946,34.251355],[110.013003,34.263283],[110.003379,34.282941],[110.005908,34.291568],[110.001934,34.306299],[110.006966,34.309365],[110.013738,34.303541],[110.029756,34.304035],[110.02987,34.307214],[110.035658,34.309505],[110.036158,34.319624],[110.034772,34.324383],[110.028113,34.327498],[110.026235,34.336806],[110.017959,34.338785],[110.013572,34.351495],[110.00795,34.356123],[110.002032,34.369032],[110.00807,34.375019],[110.012488,34.374904],[110.014457,34.379505],[110.027383,34.377101],[110.038249,34.384074],[110.041067,34.390634],[110.054078,34.399654],[110.054506,34.414156],[110.069032,34.414961],[110.078285,34.42087],[110.084163,34.419855],[110.099674,34.430149],[110.107678,34.431936],[110.12891,34.428053],[110.135802,34.433356],[110.157685,34.432719],[110.170071,34.427415],[110.172651,34.421955],[110.188383,34.415363],[110.213847,34.414505],[110.229445,34.406898],[110.24428,34.407827],[110.278383,34.392532],[110.304994,34.394628],[110.31481,34.400812],[110.325524,34.396126],[110.345508,34.400537],[110.372256,34.398824],[110.379773,34.407696],[110.391991,34.411193],[110.411049,34.406871],[110.425498,34.410613],[110.451288,34.403163],[110.461991,34.410981],[110.467902,34.411353],[110.4714,34.408907],[110.46864,34.392967],[110.482521,34.357835],[110.493849,34.351839],[110.497374,34.346553],[110.495846,34.324139],[110.49279,34.321438],[110.481922,34.321204],[110.469231,34.324787],[110.461775,34.308661],[110.448901,34.295796],[110.42306,34.289188],[110.421003,34.27732],[110.428519,34.272473],[110.436983,34.257024],[110.432574,34.246832],[110.440152,34.242602],[110.484388,34.233702],[110.50477,34.218045],[110.516871,34.221334],[110.544484,34.215666],[110.55201,34.194959],[110.583963,34.191876],[110.582609,34.180302],[110.616628,34.179039],[110.620213,34.174163],[110.631316,34.169579],[110.636775,34.162472],[110.636307,34.157654],[110.628903,34.146376],[110.619093,34.13959],[110.622618,34.131836],[110.613043,34.125667],[110.608877,34.115359],[110.586664,34.103314],[110.590049,34.066403],[110.583102,34.063051],[110.584933,34.056605],[110.580753,34.054094],[110.584914,34.052552],[110.58406,34.046557],[110.577003,34.043821],[110.584641,34.040251],[110.581378,34.026256],[110.583496,34.024728],[110.606968,34.025917],[110.610579,34.027973],[110.610415,34.035869],[110.619027,34.035488],[110.626634,34.026425],[110.622597,34.021201],[110.629583,34.017736],[110.633051,34.007715],[110.64439,33.993915],[110.64465,33.973192],[110.666742,33.96745],[110.667646,33.957096],[110.671647,33.95084],[110.664303,33.940853],[110.645329,33.938357],[110.634634,33.934068],[110.628228,33.927489],[110.620884,33.926269],[110.618393,33.92063],[110.622742,33.915094],[110.622473,33.91007],[110.605442,33.909469],[110.586405,33.901845],[110.582229,33.888614],[110.593219,33.878787],[110.594469,33.872024],[110.580121,33.863487],[110.562687,33.859322],[110.546753,33.8602],[110.546589,33.873662],[110.540476,33.888728],[110.537081,33.886598],[110.532715,33.891377],[110.534698,33.898797],[110.532399,33.916531],[110.537585,33.920048],[110.533572,33.930854],[110.523108,33.931076],[110.511696,33.936761],[110.496282,33.934679],[110.475363,33.941819],[110.459217,33.939991],[110.451076,33.946291],[110.434869,33.949084],[110.423004,33.94799],[110.420504,33.941837],[110.413343,33.941458],[110.376539,33.948086],[110.370753,33.946688],[110.367243,33.949603],[110.35897,33.944713],[110.347305,33.944595],[110.331786,33.951277],[110.324845,33.950452],[110.314982,33.942563],[110.315776,33.936413],[110.308586,33.937209],[110.303002,33.934045],[110.302004,33.917314],[110.296669,33.910212],[110.289976,33.908564],[110.289003,33.897906],[110.283228,33.899915],[110.27223,33.894946],[110.25524,33.90058],[110.247219,33.899848],[110.24885,33.908781],[110.241413,33.915186],[110.241746,33.920725],[110.236582,33.923877],[110.236023,33.929561],[110.22918,33.931348],[110.235533,33.944133],[110.240475,33.945338],[110.241917,33.952976],[110.237046,33.967071],[110.238612,33.971525],[110.230381,33.979539],[110.215724,33.973996],[110.210248,33.967115],[110.207265,33.97209],[110.193583,33.970073],[110.182837,33.972552],[110.175921,33.975743],[110.174378,33.985436],[110.165163,33.985375],[110.160438,33.9903],[110.150569,33.990209],[110.129482,33.978258],[110.113075,33.981518],[110.110796,33.976502],[110.095443,33.972957],[110.09452,33.959192],[110.087813,33.953574],[110.082326,33.954298],[110.072775,33.948565],[110.053646,33.958043],[110.047481,33.967484],[110.041382,33.968033],[110.034244,33.993713],[110.012769,34.007103],[110.011855,34.013423],[110.017115,34.019009],[110.014275,34.032306],[110.018509,34.039357],[110.00855,34.057849],[110.003742,34.07576],[109.996132,34.076712],[109.993624,34.08531],[109.990749,34.085132],[109.991583,34.088993],[109.98646,34.087565],[109.983144,34.092621],[109.977685,34.091589],[109.973524,34.100044],[109.964674,34.096592],[109.963493,34.104062],[109.957329,34.107398],[109.956514,34.113362],[109.946721,34.124204],[109.942305,34.143323],[109.934479,34.151307],[109.912679,34.153812],[109.908104,34.155969],[109.905528,34.165182],[109.894248,34.162382],[109.889052,34.168242],[109.872163,34.171261],[109.855385,34.181711],[109.845102,34.181904],[109.840424,34.186903],[109.828079,34.183684],[109.818483,34.185593],[109.808006,34.176557],[109.805404,34.16787],[109.79413,34.162376],[109.772888,34.184839],[109.762046,34.187307],[109.752481,34.185256],[109.740249,34.188976],[109.755953,34.210915],[109.74932,34.213688],[109.749542,34.218016],[109.742609,34.22498],[109.742099,34.233529],[109.737499,34.238662]]]}},{"type":"Feature","properties":{"id":"cn:611022","name":"丹凤县","level":2},"geometry":{"type":"Polygon","coordinates":[[[110.129825,33.660634],[110.142723,33.674364],[110.157383,33.678958],[110.160391,33.684645],[110.158015,33.68968],[110.161383,33.694089],[110.159205,33.697752],[110.165564,33.710446],[110.177692,33.721893],[110.17257,33.728102],[110.181865,33.741491],[110.189329,33.777177],[110.188136,33.784029],[110.18142,33.789435],[110.174326,33.813211],[110.179239,33.818513],[110.19302,33.819291],[110.198042,33.824749],[110.205788,33.822387],[110.217954,33.826733],[110.21799,33.844598],[110.22396,33.849013],[110.224563,33.853524],[110.214306,33.857743],[110.221422,33.869235],[110.232625,33.874465],[110.238868,33.898078],[110.254534,33.900652],[110.27223,33.894946],[110.283228,33.899915],[110.289003,33.897906],[110.289976,33.908564],[110.296669,33.910212],[110.302004,33.917314],[110.303002,33.934045],[110.308586,33.937209],[110.315776,33.936413],[110.314982,33.942563],[110.324845,33.950452],[110.331786,33.951277],[110.347305,33.944595],[110.35897,33.944713],[110.367243,33.949603],[110.370753,33.946688],[110.376539,33.948086],[110.413343,33.941458],[110.420504,33.941837],[110.423004,33.94799],[110.434869,33.949084],[110.451076,33.946291],[110.459217,33.939991],[110.475363,33.941819],[110.495855,33.934723],[110.51071,33.936902],[110.523108,33.931076],[110.532815,33.931424],[110.537585,33.920048],[110.532399,33.916531],[110.534698,33.898797],[110.532715,33.891377],[110.537081,33.886598],[110.540476,33.888728],[110.546589,33.873662],[110.547102,33.859972],[110.576738,33.862161],[110.594871,33.873116],[110.607438,33.870167],[110.607638,33.852778],[110.623046,33.847249],[110.6296,33.849423],[110.641761,33.846809],[110.66197,33.854254],[110.679652,33.840376],[110.706171,33.835925],[110.71848,33.818316],[110.720598,33.809269],[110.735928,33.800339],[110.748263,33.801017],[110.760125,33.796546],[110.768589,33.799131],[110.776757,33.797605],[110.778753,33.783947],[110.785273,33.778322],[110.793701,33.777087],[110.80213,33.758846],[110.811826,33.752737],[110.811438,33.740125],[110.806484,33.739153],[110.791179,33.74475],[110.771601,33.740303],[110.736363,33.741921],[110.729828,33.736957],[110.723699,33.740777],[110.716478,33.737834],[110.710794,33.73929],[110.707081,33.737357],[110.709226,33.73369],[110.705945,33.721114],[110.700832,33.714797],[110.694915,33.715119],[110.686381,33.707259],[110.690054,33.699267],[110.678522,33.684836],[110.673612,33.670895],[110.683248,33.658787],[110.6779,33.65508],[110.670717,33.657087],[110.65952,33.653229],[110.663852,33.649086],[110.66264,33.639491],[110.677913,33.630441],[110.686491,33.613917],[110.676946,33.60956],[110.673723,33.602429],[110.66212,33.596066],[110.661929,33.590394],[110.652978,33.588523],[110.672984,33.580228],[110.669845,33.569005],[110.690697,33.561323],[110.653687,33.545943],[110.651191,33.541538],[110.679558,33.540401],[110.69622,33.536237],[110.697752,33.529207],[110.692647,33.526927],[110.693161,33.524375],[110.680927,33.525077],[110.679796,33.512469],[110.672713,33.511859],[110.665257,33.521664],[110.65107,33.523717],[110.646957,33.527175],[110.641325,33.524177],[110.646795,33.519255],[110.645699,33.5076],[110.633654,33.508904],[110.637845,33.488908],[110.627764,33.487032],[110.616572,33.48948],[110.596143,33.481248],[110.585731,33.485554],[110.584108,33.496152],[110.567065,33.506721],[110.555581,33.504358],[110.540557,33.489125],[110.531479,33.485623],[110.526398,33.497363],[110.516655,33.505231],[110.51452,33.495505],[110.498042,33.488625],[110.490565,33.48023],[110.477908,33.472879],[110.472629,33.464109],[110.47541,33.452833],[110.475221,33.425359],[110.469218,33.420698],[110.465943,33.412987],[110.471981,33.404217],[110.487521,33.397367],[110.474557,33.388108],[110.479467,33.370674],[110.475612,33.359657],[110.459071,33.360313],[110.453901,33.364937],[110.433731,33.369506],[110.424937,33.364287],[110.420049,33.363367],[110.414825,33.366877],[110.406964,33.363958],[110.404213,33.378535],[110.393387,33.383965],[110.378626,33.38017],[110.373681,33.37536],[110.374862,33.370347],[110.355669,33.372335],[110.350977,33.367638],[110.347587,33.373073],[110.350203,33.381293],[110.348332,33.397806],[110.340999,33.394723],[110.334717,33.39721],[110.325865,33.392135],[110.314864,33.369531],[110.31051,33.368936],[110.303943,33.382266],[110.305223,33.390949],[110.301217,33.39335],[110.307469,33.40854],[110.304993,33.419948],[110.310681,33.430308],[110.305139,33.441831],[110.308055,33.455695],[110.294211,33.477462],[110.292102,33.491917],[110.283503,33.477332],[110.274084,33.474046],[110.273323,33.461942],[110.278439,33.454789],[110.275275,33.450279],[110.272016,33.450557],[110.265904,33.467817],[110.257312,33.469946],[110.256314,33.475111],[110.250798,33.473793],[110.238718,33.486543],[110.238279,33.515353],[110.233403,33.519464],[110.222374,33.511847],[110.212571,33.51358],[110.205306,33.523181],[110.203563,33.542355],[110.187984,33.54917],[110.175254,33.548865],[110.172502,33.551746],[110.174326,33.565735],[110.169185,33.564018],[110.163036,33.567224],[110.162352,33.588922],[110.153424,33.587528],[110.158769,33.611667],[110.159357,33.630816],[110.165483,33.636226],[110.162806,33.644268],[110.142082,33.645869],[110.129825,33.660634]]]}},{"type":"Feature","properties":{"id":"cn:611023","name":"商南县","level":2},"geometry":{"type":"Polygon","coordinates":[[[110.402375,33.264658],[110.421828,33.267202],[110.432832,33.275546],[110.448587,33.276831],[110.45122,33.279196],[110.451458,33.291602],[110.459529,33.296044],[110.44712,33.306795],[110.455235,33.309659],[110.451882,33.319322],[110.459991,33.32649],[110.460637,33.33269],[110.452245,33.335018],[110.455684,33.342844],[110.453729,33.350669],[110.457155,33.356191],[110.464746,33.344912],[110.471869,33.348252],[110.479467,33.370674],[110.474557,33.388108],[110.487451,33.396608],[110.471611,33.404496],[110.465943,33.412987],[110.469218,33.420698],[110.475221,33.425359],[110.47541,33.452833],[110.472629,33.464109],[110.477908,33.472879],[110.490565,33.48023],[110.498042,33.488625],[110.51452,33.495505],[110.516655,33.505231],[110.526398,33.497363],[110.531479,33.485623],[110.540557,33.489125],[110.547911,33.499212],[110.55396,33.500105],[110.560307,33.506888],[110.57575,33.503351],[110.578029,33.498514],[110.584452,33.495638],[110.585418,33.485861],[110.595865,33.48127],[110.616572,33.48948],[110.634292,33.487258],[110.638249,33.48957],[110.633772,33.509141],[110.646055,33.508492],[110.64437,33.514131],[110.646795,33.519255],[110.641636,33.524482],[110.648907,33.527452],[110.65107,33.523717],[110.665257,33.521664],[110.672036,33.512384],[110.677117,33.511801],[110.679796,33.512469],[110.680927,33.525077],[110.693161,33.524375],[110.692647,33.526927],[110.697752,33.529207],[110.69622,33.536237],[110.690666,33.538508],[110.683134,33.537536],[110.669345,33.541596],[110.651477,33.539669],[110.653227,33.54569],[110.66026,33.546809],[110.666952,33.552569],[110.676684,33.553577],[110.678699,33.557413],[110.687994,33.558163],[110.690844,33.562193],[110.669845,33.569005],[110.672984,33.580228],[110.652978,33.588523],[110.661929,33.590394],[110.66212,33.596066],[110.673723,33.602429],[110.676946,33.60956],[110.686491,33.613917],[110.677913,33.630441],[110.66264,33.639491],[110.663852,33.649086],[110.65952,33.653229],[110.670717,33.657087],[110.6779,33.65508],[110.683248,33.658787],[110.673612,33.670895],[110.678522,33.684836],[110.690054,33.699267],[110.686381,33.707259],[110.694915,33.715119],[110.700832,33.714797],[110.707529,33.723461],[110.707456,33.737819],[110.723699,33.740777],[110.729828,33.736957],[110.737319,33.742024],[110.771601,33.740303],[110.791179,33.74475],[110.806484,33.739153],[110.811438,33.740125],[110.816255,33.728322],[110.826767,33.715516],[110.817809,33.694484],[110.818633,33.687625],[110.826827,33.68087],[110.836463,33.664904],[110.852383,33.659516],[110.873502,33.636384],[110.890829,33.635709],[110.901115,33.629686],[110.93542,33.621785],[110.94746,33.610094],[110.961088,33.610886],[110.998068,33.580265],[111.0043,33.562112],[110.998041,33.549688],[110.997217,33.537175],[111.014959,33.519462],[111.020949,33.501332],[111.021608,33.471109],[111.015184,33.452452],[110.99113,33.437639],[111.005758,33.40901],[111.005393,33.400529],[111.01173,33.386659],[111.030008,33.372363],[111.031152,33.368298],[111.017736,33.350789],[111.023777,33.338059],[111.02034,33.332047],[111.00704,33.329674],[111.001772,33.325444],[110.998275,33.318506],[111.002328,33.305422],[110.992904,33.303171],[110.990882,33.287809],[110.984816,33.281282],[110.985114,33.276645],[110.977508,33.272695],[110.991111,33.255896],[110.988692,33.252662],[110.981375,33.257232],[110.969678,33.258703],[110.955614,33.254613],[110.950868,33.243224],[110.937704,33.236839],[110.940614,33.230578],[110.93615,33.223888],[110.916321,33.205983],[110.908072,33.208152],[110.897718,33.206363],[110.876503,33.214024],[110.860044,33.216034],[110.851735,33.207788],[110.825215,33.204462],[110.815655,33.193482],[110.812,33.179151],[110.819493,33.161842],[110.814739,33.154667],[110.808743,33.154587],[110.803913,33.163595],[110.789723,33.151783],[110.760511,33.154277],[110.740156,33.148875],[110.722473,33.135725],[110.716682,33.127601],[110.712542,33.118822],[110.714625,33.10145],[110.705718,33.097619],[110.69722,33.09907],[110.66611,33.129873],[110.652309,33.156188],[110.645946,33.159502],[110.618723,33.14593],[110.596049,33.156492],[110.589105,33.170561],[110.591449,33.185039],[110.588871,33.209045],[110.572647,33.252483],[110.558872,33.256798],[110.535877,33.257491],[110.528577,33.254596],[110.52355,33.248544],[110.522639,33.232257],[110.503815,33.223307],[110.490305,33.208509],[110.481832,33.216083],[110.484214,33.224017],[110.478086,33.22928],[110.46814,33.230213],[110.457606,33.24256],[110.458979,33.260643],[110.452208,33.255641],[110.441115,33.260824],[110.432814,33.259762],[110.411649,33.250363],[110.403734,33.253157],[110.402375,33.264658]],[[111.014339,33.470605],[111.017239,33.476658],[111.014796,33.4798],[111.012659,33.478645],[111.014339,33.470605]]]}},{"type":"Feature","properties":{"id":"cn:611024","name":"山阳县","level":2},"geometry":{"type":"Polygon","coordinates":[[[109.540116,33.356157],[109.541975,33.366364],[109.556237,33.360412],[109.564224,33.372574],[109.562433,33.376872],[109.571689,33.383539],[109.570299,33.393845],[109.561005,33.395863],[109.55088,33.38468],[109.542245,33.392265],[109.55012,33.405842],[109.554683,33.406088],[109.553594,33.413777],[109.557432,33.427282],[109.56593,33.426178],[109.567525,33.432582],[109.583384,33.4427],[109.579651,33.450996],[109.578832,33.468075],[109.586695,33.468304],[109.596224,33.473572],[109.603457,33.469622],[109.605578,33.476206],[109.604392,33.487143],[109.59788,33.487035],[109.591087,33.493582],[109.583135,33.495759],[109.572361,33.509729],[109.56555,33.513592],[109.565881,33.523665],[109.559429,33.528246],[109.559118,33.534118],[109.552448,33.542847],[109.560125,33.551384],[109.566379,33.566574],[109.576872,33.56369],[109.583061,33.571439],[109.582503,33.578465],[109.570885,33.59329],[109.574399,33.59718],[109.568794,33.609409],[109.566545,33.624447],[109.559239,33.630099],[109.560071,33.635848],[109.563691,33.637328],[109.564821,33.647684],[109.575153,33.651629],[109.579666,33.658442],[109.591124,33.664849],[109.596256,33.675244],[109.610348,33.680974],[109.648821,33.674102],[109.663311,33.689655],[109.692319,33.68862],[109.699616,33.693047],[109.704647,33.69162],[109.71686,33.701988],[109.728853,33.704764],[109.734875,33.698553],[109.740359,33.698033],[109.764437,33.703813],[109.785528,33.669467],[109.797879,33.662629],[109.817619,33.671104],[109.819643,33.659506],[109.826032,33.650637],[109.824268,33.638384],[109.833547,33.638426],[109.836382,33.644224],[109.857029,33.639339],[109.850841,33.652201],[109.852738,33.657821],[109.857772,33.658104],[109.879168,33.641547],[109.895395,33.643593],[109.901817,33.637431],[109.915976,33.645479],[109.916505,33.656347],[109.912797,33.663067],[109.918009,33.666482],[109.924678,33.681877],[109.935464,33.684583],[109.943011,33.698743],[109.96123,33.701129],[109.970532,33.69899],[109.976367,33.703041],[109.978035,33.700333],[109.983913,33.701379],[109.98567,33.698127],[109.988685,33.699637],[109.994399,33.694707],[110.002413,33.700323],[110.010406,33.700676],[110.011162,33.704974],[110.023019,33.705933],[110.039294,33.695441],[110.048972,33.69343],[110.056965,33.697036],[110.066238,33.690218],[110.070966,33.692047],[110.093354,33.683874],[110.094893,33.670479],[110.123213,33.659235],[110.129825,33.660634],[110.142082,33.645869],[110.150015,33.643783],[110.161133,33.646403],[110.165483,33.636226],[110.159357,33.630816],[110.158769,33.611667],[110.153424,33.587528],[110.162352,33.588922],[110.163036,33.567224],[110.169185,33.564018],[110.174326,33.565735],[110.172502,33.551746],[110.175254,33.548865],[110.187984,33.54917],[110.203563,33.542355],[110.205306,33.523181],[110.212571,33.51358],[110.222374,33.511847],[110.233403,33.519464],[110.238279,33.515353],[110.238718,33.486543],[110.250798,33.473793],[110.256314,33.475111],[110.257312,33.469946],[110.265904,33.467817],[110.272016,33.450557],[110.275275,33.450279],[110.278439,33.454789],[110.273323,33.461942],[110.274084,33.474046],[110.283503,33.477332],[110.292102,33.491917],[110.294211,33.477462],[110.308055,33.455695],[110.305139,33.441831],[110.310681,33.430308],[110.304993,33.419948],[110.307469,33.40854],[110.301217,33.39335],[110.305223,33.390949],[110.303943,33.382266],[110.31051,33.368936],[110.314864,33.369531],[110.325865,33.392135],[110.334717,33.39721],[110.340999,33.394723],[110.348332,33.397806],[110.350203,33.381293],[110.347587,33.373073],[110.350977,33.367638],[110.355669,33.372335],[110.374862,33.370347],[110.373681,33.37536],[110.378626,33.38017],[110.393387,33.383965],[110.404213,33.378535],[110.406964,33.363958],[110.414825,33.366877],[110.420049,33.363367],[110.424937,33.364287],[110.433731,33.369506],[110.453901,33.364937],[110.459071,33.360313],[110.475612,33.359657],[110.471869,33.348252],[110.467168,33.34436],[110.459695,33.355009],[110.455074,33.35544],[110.455684,33.342844],[110.452245,33.335018],[110.460637,33.33269],[110.459991,33.32649],[110.451882,33.319322],[110.455235,33.309659],[110.44712,33.306795],[110.459907,33.297464],[110.451458,33.291602],[110.450901,33.278467],[110.439524,33.274255],[110.431762,33.275241],[110.415356,33.265392],[110.403299,33.266072],[110.401742,33.262341],[110.404787,33.251661],[110.411979,33.250348],[110.432814,33.259762],[110.441115,33.260824],[110.452208,33.255641],[110.458979,33.260643],[110.457606,33.24256],[110.460294,33.238101],[110.46814,33.230213],[110.478086,33.22928],[110.484214,33.224017],[110.481929,33.215843],[110.490712,33.208606],[110.483187,33.200103],[110.480223,33.201077],[110.481826,33.199038],[110.47645,33.200763],[110.476453,33.192317],[110.465213,33.186798],[110.463109,33.182552],[110.46722,33.180975],[110.465749,33.17316],[110.445351,33.181244],[110.416927,33.171903],[110.392954,33.17878],[110.392062,33.176168],[110.390806,33.178572],[110.384246,33.177062],[110.384848,33.179246],[110.368625,33.177851],[110.366017,33.181644],[110.370302,33.181168],[110.372203,33.185532],[110.368017,33.184306],[110.366284,33.188247],[110.364756,33.184034],[110.356319,33.183366],[110.348597,33.174582],[110.331574,33.171742],[110.33563,33.169029],[110.329503,33.16546],[110.332512,33.16194],[110.30147,33.170674],[110.280372,33.172921],[110.24519,33.162068],[110.227205,33.160981],[110.213142,33.165019],[110.199253,33.180744],[110.189083,33.186806],[110.183536,33.187696],[110.180452,33.184828],[110.177491,33.190265],[110.179848,33.191501],[110.173702,33.199492],[110.159757,33.211009],[110.13744,33.208203],[110.125313,33.203342],[110.097622,33.20591],[110.072275,33.203709],[110.035192,33.192982],[110.025877,33.193676],[110.012779,33.201378],[110.007005,33.210408],[110.001164,33.213475],[109.994019,33.214443],[109.978125,33.207417],[109.963126,33.206821],[109.929237,33.222255],[109.924142,33.227403],[109.847067,33.249758],[109.79369,33.236244],[109.757823,33.237608],[109.727371,33.233143],[109.712797,33.235277],[109.696373,33.243089],[109.687952,33.256158],[109.67093,33.25776],[109.654255,33.25044],[109.647684,33.250722],[109.644837,33.253626],[109.64284,33.270067],[109.63133,33.277547],[109.603073,33.279454],[109.604983,33.282068],[109.594439,33.288759],[109.576452,33.286062],[109.582037,33.302052],[109.571928,33.30859],[109.570697,33.317605],[109.56483,33.318182],[109.568889,33.327061],[109.575425,33.328874],[109.57329,33.339808],[109.554083,33.338312],[109.547542,33.341091],[109.547907,33.353712],[109.540116,33.356157]]]}},{"type":"Feature","properties":{"id":"cn:611025","name":"镇安县","level":2},"geometry":{"type":"Polygon","coordinates":[[[108.570957,33.306171],[108.575135,33.316472],[108.573295,33.327039],[108.575562,33.335541],[108.571088,33.348989],[108.576472,33.351803],[108.575863,33.382025],[108.585457,33.390685],[108.587258,33.397981],[108.600838,33.408737],[108.593111,33.41745],[108.595556,33.44126],[108.592855,33.447926],[108.581013,33.453972],[108.58143,33.459135],[108.592727,33.469095],[108.605288,33.472144],[108.613709,33.48063],[108.621173,33.495008],[108.633782,33.502378],[108.63429,33.507412],[108.62705,33.517611],[108.631686,33.541178],[108.641664,33.55021],[108.652389,33.549133],[108.658326,33.543906],[108.668367,33.547414],[108.678089,33.546819],[108.680368,33.540237],[108.686966,33.539219],[108.697479,33.529536],[108.710359,33.535037],[108.722541,33.532376],[108.726818,33.53519],[108.735153,33.528935],[108.737788,33.533986],[108.751064,33.539792],[108.746942,33.539643],[108.741138,33.545721],[108.760598,33.545816],[108.765839,33.555083],[108.775834,33.560325],[108.779686,33.579],[108.792773,33.584875],[108.799249,33.605262],[108.81079,33.61458],[108.81939,33.613494],[108.823469,33.617589],[108.810467,33.635491],[108.797045,33.633444],[108.789881,33.63732],[108.785147,33.647424],[108.786609,33.653179],[108.794512,33.657041],[108.801714,33.652515],[108.822845,33.648869],[108.833911,33.657713],[108.837895,33.656817],[108.850062,33.667692],[108.855498,33.683951],[108.869588,33.688292],[108.874724,33.697254],[108.885353,33.700849],[108.897875,33.690808],[108.89575,33.680252],[108.897831,33.676899],[108.893852,33.669296],[108.903347,33.658908],[108.909971,33.656192],[108.90715,33.645596],[108.943744,33.636594],[108.950409,33.639374],[108.955842,33.634564],[108.971505,33.638313],[108.979516,33.633689],[108.989419,33.634908],[108.998229,33.62993],[108.997314,33.623276],[109.009315,33.609751],[109.022455,33.607404],[109.038216,33.612139],[109.064902,33.593422],[109.082075,33.598875],[109.085916,33.590117],[109.079267,33.571667],[109.10579,33.552902],[109.140919,33.55633],[109.146548,33.552923],[109.155753,33.55294],[109.160144,33.560643],[109.176042,33.548396],[109.193592,33.542557],[109.202762,33.553231],[109.229764,33.564241],[109.231926,33.556939],[109.237436,33.555737],[109.242653,33.54736],[109.248088,33.545455],[109.255413,33.53389],[109.26963,33.532704],[109.276858,33.526365],[109.286509,33.526727],[109.291014,33.518152],[109.302856,33.510795],[109.301583,33.504076],[109.312572,33.494658],[109.307537,33.484553],[109.308583,33.479446],[109.313364,33.476396],[109.314395,33.466714],[109.330454,33.454037],[109.344955,33.452306],[109.357587,33.456276],[109.362136,33.453521],[109.365422,33.46227],[109.373535,33.465287],[109.386414,33.464774],[109.413278,33.443054],[109.420652,33.441365],[109.425905,33.445421],[109.446938,33.437359],[109.447656,33.431902],[109.454633,33.429321],[109.469378,33.433106],[109.474121,33.426147],[109.487425,33.424985],[109.4919,33.426338],[109.495546,33.435418],[109.501059,33.437955],[109.504582,33.435064],[109.513544,33.437658],[109.51934,33.431749],[109.52996,33.429209],[109.535788,33.44128],[109.553864,33.441873],[109.556521,33.445724],[109.557349,33.4357],[109.562262,33.434126],[109.553594,33.413777],[109.554683,33.406088],[109.548361,33.403835],[109.54247,33.391199],[109.552743,33.384825],[109.56141,33.395904],[109.570452,33.393798],[109.571938,33.384544],[109.562433,33.376872],[109.564224,33.372574],[109.559711,33.369288],[109.560266,33.363734],[109.55371,33.359937],[109.540935,33.366104],[109.540015,33.356288],[109.547907,33.353712],[109.547073,33.341435],[109.551601,33.339044],[109.57329,33.339808],[109.575425,33.328874],[109.568889,33.327061],[109.56483,33.318182],[109.570697,33.317605],[109.571928,33.30859],[109.582037,33.302052],[109.576452,33.286062],[109.594439,33.288759],[109.604983,33.282068],[109.602499,33.279637],[109.615201,33.277337],[109.602502,33.266221],[109.601963,33.238023],[109.595808,33.234415],[109.582787,33.231768],[109.552293,33.24238],[109.532484,33.245497],[109.509203,33.239567],[109.502111,33.232267],[109.500731,33.21871],[109.493187,33.2091],[109.476806,33.201989],[109.459585,33.174689],[109.433673,33.153779],[109.436771,33.151348],[109.42796,33.147456],[109.422264,33.150349],[109.411048,33.147222],[109.389102,33.151871],[109.369375,33.149108],[109.359069,33.137552],[109.344563,33.131054],[109.333603,33.129994],[109.325061,33.141541],[109.3262,33.146833],[109.323032,33.152026],[109.32511,33.158182],[109.320727,33.162322],[109.309152,33.164383],[109.301528,33.170838],[109.291365,33.166488],[109.28862,33.170098],[109.276307,33.171839],[109.272753,33.163169],[109.260566,33.165852],[109.252763,33.163074],[109.251905,33.172133],[109.23857,33.179915],[109.23449,33.186719],[109.216171,33.192437],[109.212857,33.189391],[109.204823,33.191853],[109.208435,33.189594],[109.208253,33.184816],[109.192379,33.17463],[109.18363,33.177329],[109.181294,33.173422],[109.177686,33.17549],[109.167683,33.161892],[109.155273,33.160849],[109.149299,33.164569],[109.141234,33.161945],[109.140727,33.15835],[109.126363,33.159091],[109.108018,33.163793],[109.105437,33.172944],[109.095243,33.186826],[109.091224,33.181548],[109.077047,33.189541],[109.078151,33.191812],[109.073613,33.19476],[109.065415,33.191781],[109.066323,33.205332],[109.057957,33.211081],[109.048535,33.203751],[109.043242,33.206587],[109.040083,33.204606],[109.036268,33.186644],[109.032204,33.183996],[109.01789,33.182774],[109.013084,33.175798],[109.000101,33.171583],[108.994784,33.172119],[108.985797,33.180186],[108.978454,33.174074],[108.973756,33.174839],[108.965626,33.162498],[108.970521,33.152472],[108.967726,33.138549],[108.954835,33.136256],[108.954009,33.131237],[108.950065,33.128891],[108.944675,33.127689],[108.936022,33.132524],[108.927341,33.126841],[108.927293,33.137158],[108.921859,33.138282],[108.916041,33.152709],[108.90967,33.155037],[108.89717,33.150991],[108.893996,33.156276],[108.887454,33.157645],[108.884738,33.164853],[108.875453,33.16532],[108.877187,33.174184],[108.867816,33.182375],[108.866965,33.187112],[108.85975,33.188837],[108.860783,33.191731],[108.854206,33.197452],[108.842182,33.199912],[108.839404,33.212272],[108.818226,33.221204],[108.818228,33.230929],[108.804909,33.238688],[108.798368,33.253249],[108.778265,33.257618],[108.766127,33.267449],[108.748632,33.274129],[108.739896,33.282646],[108.733289,33.28466],[108.722583,33.27784],[108.716448,33.269494],[108.707299,33.268397],[108.695452,33.276713],[108.686367,33.277591],[108.689109,33.282988],[108.696413,33.285077],[108.696827,33.289341],[108.671063,33.305339],[108.673269,33.311979],[108.665132,33.317555],[108.638897,33.32105],[108.632487,33.311689],[108.612942,33.304046],[108.590245,33.302807],[108.593212,33.299363],[108.578667,33.297735],[108.572212,33.30071],[108.570957,33.306171]]]}},{"type":"Feature","properties":{"id":"cn:611026","name":"柞水县","level":2},"geometry":{"type":"Polygon","coordinates":[[[108.828776,33.789053],[108.831779,33.79691],[108.827868,33.803573],[108.835358,33.809836],[108.835441,33.817602],[108.838453,33.816791],[108.840606,33.822281],[108.848791,33.828041],[108.859816,33.823244],[108.868331,33.825161],[108.879764,33.834228],[108.900944,33.843421],[108.909425,33.852041],[108.912689,33.869671],[108.939651,33.868357],[108.959407,33.878125],[108.972853,33.875893],[108.984668,33.878534],[108.991439,33.884916],[109.003114,33.884808],[109.03038,33.905925],[109.038462,33.921979],[109.043965,33.924699],[109.057636,33.919408],[109.061995,33.915514],[109.06104,33.910777],[109.06545,33.908033],[109.079616,33.911733],[109.089638,33.908026],[109.102563,33.90899],[109.112112,33.901091],[109.115455,33.877858],[109.126435,33.878546],[109.133658,33.874216],[109.140819,33.877391],[109.151193,33.877617],[109.157052,33.872424],[109.167781,33.875974],[109.181166,33.875659],[109.193805,33.868936],[109.208284,33.867988],[109.214465,33.869099],[109.226513,33.879726],[109.24009,33.878327],[109.246852,33.882171],[109.282329,33.873055],[109.294743,33.85802],[109.311809,33.856121],[109.325897,33.864839],[109.333918,33.863641],[109.350723,33.869016],[109.373206,33.854181],[109.388319,33.854466],[109.393788,33.846807],[109.435706,33.845262],[109.442086,33.840234],[109.450055,33.846525],[109.457885,33.846293],[109.459438,33.850459],[109.466757,33.853547],[109.502414,33.849541],[109.51264,33.832464],[109.51605,33.831325],[109.520486,33.810569],[109.534944,33.807524],[109.547386,33.799299],[109.557705,33.799538],[109.560847,33.794554],[109.572621,33.802621],[109.585203,33.800158],[109.587717,33.789568],[109.592865,33.786586],[109.575395,33.772429],[109.570319,33.759456],[109.585793,33.754742],[109.58717,33.732272],[109.596195,33.72183],[109.594974,33.717679],[109.587486,33.713291],[109.587791,33.707562],[109.580035,33.697313],[109.592983,33.67161],[109.591124,33.664849],[109.579666,33.658442],[109.575153,33.651629],[109.564636,33.647482],[109.564982,33.640638],[109.559077,33.630542],[109.566545,33.624447],[109.568794,33.609409],[109.574399,33.59718],[109.570885,33.59329],[109.582503,33.578465],[109.583061,33.571439],[109.576872,33.56369],[109.566379,33.566574],[109.560125,33.551384],[109.552448,33.542847],[109.559118,33.534118],[109.559429,33.528246],[109.565881,33.523665],[109.56555,33.513592],[109.572361,33.509729],[109.583135,33.495759],[109.591087,33.493582],[109.59788,33.487035],[109.604392,33.487143],[109.603457,33.469622],[109.596224,33.473572],[109.586695,33.468304],[109.578832,33.468075],[109.579651,33.450996],[109.583384,33.4427],[109.567525,33.432582],[109.56593,33.426178],[109.558182,33.427623],[109.562262,33.434126],[109.557349,33.4357],[109.556521,33.445724],[109.553864,33.441873],[109.535788,33.44128],[109.52996,33.429209],[109.51934,33.431749],[109.513544,33.437658],[109.504582,33.435064],[109.501059,33.437955],[109.495546,33.435418],[109.4919,33.426338],[109.487425,33.424985],[109.474121,33.426147],[109.469378,33.433106],[109.454633,33.429321],[109.447656,33.431902],[109.446938,33.437359],[109.425905,33.445421],[109.420652,33.441365],[109.413278,33.443054],[109.386414,33.464774],[109.373535,33.465287],[109.365422,33.46227],[109.362136,33.453521],[109.357587,33.456276],[109.344955,33.452306],[109.330454,33.454037],[109.314395,33.466714],[109.313364,33.476396],[109.308583,33.479446],[109.307537,33.484553],[109.312572,33.494658],[109.301583,33.504076],[109.302856,33.510795],[109.291014,33.518152],[109.286509,33.526727],[109.276858,33.526365],[109.26963,33.532704],[109.255413,33.53389],[109.248088,33.545455],[109.242653,33.54736],[109.237436,33.555737],[109.231926,33.556939],[109.229764,33.564241],[109.202762,33.553231],[109.193592,33.542557],[109.176042,33.548396],[109.160144,33.560643],[109.155753,33.55294],[109.146548,33.552923],[109.140919,33.55633],[109.10579,33.552902],[109.079267,33.571667],[109.085916,33.590117],[109.082075,33.598875],[109.064902,33.593422],[109.038216,33.612139],[109.022455,33.607404],[109.009315,33.609751],[108.997314,33.623276],[108.998229,33.62993],[108.989419,33.634908],[108.979516,33.633689],[108.971505,33.638313],[108.955842,33.634564],[108.950409,33.639374],[108.943744,33.636594],[108.90715,33.645596],[108.909971,33.656192],[108.903347,33.658908],[108.893852,33.669296],[108.897831,33.676899],[108.896326,33.684607],[108.897817,33.687758],[108.9044,33.686962],[108.914798,33.679706],[108.925444,33.682485],[108.928739,33.701977],[108.939278,33.713467],[108.937265,33.716723],[108.94189,33.726962],[108.940222,33.735549],[108.946142,33.743219],[108.934655,33.754285],[108.933829,33.763049],[108.921918,33.76485],[108.912738,33.77182],[108.905961,33.782163],[108.893517,33.778338],[108.881908,33.778527],[108.875364,33.781837],[108.86556,33.777168],[108.85614,33.776802],[108.848642,33.780156],[108.829064,33.779852],[108.824273,33.787546],[108.828776,33.789053]],[[109.155473,33.794476],[109.168893,33.812643],[109.152877,33.814133],[109.142192,33.80071],[109.148937,33.792561],[109.155473,33.794476]],[[109.180726,33.813773],[109.172418,33.812673],[109.172483,33.810569],[109.176317,33.807004],[109.180726,33.813773]]]}}]}